rtTime,R Thigh Angle,rsTime,R Shank Angle,ltTime,L Thigh Angle,lsTime,L Shank Angle,hTime,Hip Angle
0.0,14.028475761413574,0.0,100.9008331298828,0.0,14.7062349319458,0.0,71.9865951538086,0.0,78.46112823486328
0.0099999999999997,14.03761863708496,0.0099999999999997,100.90591430664062,0.0099999999999997,14.71120548248291,0.0099999999999997,71.98857879638672,0.0099999999999997,78.45288848876953
0.0199999999999995,14.050480842590332,0.0200000000000013,100.90731048583984,0.0199999999999995,14.714014053344728,0.0199999999999995,71.99075317382812,0.0199999999999995,78.43525695800781
0.0299999999999993,14.060837745666504,0.0300000000000011,100.91172790527344,0.0299999999999993,14.713394165039062,0.0299999999999993,71.99302673339844,0.0299999999999993,78.42217254638672
0.0399999999999991,14.075559616088867,0.0400000000000009,100.9145736694336,0.0399999999999991,14.711055755615234,0.0399999999999991,71.99462127685547,0.0399999999999991,78.40982818603516
0.0500000000000007,14.086994171142578,0.0500000000000007,100.9162368774414,0.0499999999999989,14.70720100402832,0.0499999999999989,71.99768829345703,0.0499999999999989,78.39505004882812
0.0600000000000005,14.09182357788086,0.0600000000000005,100.92228698730467,0.0599999999999987,14.704305648803713,0.0599999999999987,72.00039672851562,0.0600000000000005,78.3844223022461
0.0700000000000002,14.08982753753662,0.0700000000000002,100.92647552490234,0.0700000000000002,14.703042030334473,0.0700000000000002,72.00096130371094,0.0700000000000002,78.37486267089844
0.08,14.085326194763184,0.08,100.9268569946289,0.08,14.701709747314451,0.08,72.00454711914062,0.08,78.37064361572266
0.0899999999999998,14.081151008605955,0.0899999999999998,100.92689514160156,0.0899999999999998,14.70223903656006,0.0899999999999998,72.00768280029297,0.0899999999999998,78.37236022949219
0.0999999999999996,14.074825286865234,0.1000000000000014,100.92681884765624,0.0999999999999996,14.70142936706543,0.0999999999999996,72.01004028320312,0.0999999999999996,78.3721694946289
0.1099999999999994,14.063843727111816,0.1100000000000012,100.92562866210938,0.1099999999999994,14.701258659362791,0.1099999999999994,72.01172637939453,0.1099999999999994,78.36895751953125
0.1199999999999992,14.048870086669922,0.120000000000001,100.9239273071289,0.1199999999999992,14.70154094696045,0.1199999999999992,72.01368713378906,0.1199999999999992,78.36849212646484
0.1300000000000007,14.038883209228516,0.1300000000000007,100.92285919189452,0.129999999999999,14.702187538146973,0.129999999999999,72.015380859375,0.129999999999999,78.36967468261719
0.1400000000000005,14.030074119567873,0.1400000000000005,100.92227935791016,0.1399999999999988,14.702022552490234,0.1399999999999988,72.01657104492188,0.1400000000000005,78.3680191040039
0.1500000000000003,14.019375801086426,0.1500000000000003,100.92172241210938,0.1500000000000003,14.703329086303713,0.1499999999999985,72.01697540283203,0.1500000000000003,78.37004089355469
0.1600000000000001,14.009634017944336,0.1600000000000001,100.91973114013672,0.1600000000000001,14.705090522766112,0.1600000000000001,72.01787567138672,0.1600000000000001,78.36988830566406
0.1699999999999999,14.001684188842772,0.1699999999999999,100.9193878173828,0.1699999999999999,14.704442024230955,0.1699999999999999,72.01785278320312,0.1699999999999999,78.36984252929688
0.1799999999999997,13.994378089904783,0.1800000000000015,100.9220733642578,0.1799999999999997,14.70504665374756,0.1799999999999997,72.0185546875,0.1799999999999997,78.36905670166016
0.1899999999999995,13.986862182617188,0.1900000000000012,100.92469787597656,0.1899999999999995,14.70646858215332,0.1899999999999995,72.01908874511719,0.1899999999999995,78.36576843261719
0.1999999999999993,13.980722427368164,0.200000000000001,100.92845153808594,0.1999999999999993,14.707653999328612,0.1999999999999993,72.01854705810547,0.1999999999999993,78.36287689208984
0.209999999999999,13.976639747619627,0.2100000000000008,100.93177795410156,0.209999999999999,14.711862564086914,0.209999999999999,72.02056884765625,0.209999999999999,78.3587417602539
0.2200000000000006,13.972119331359863,0.2200000000000006,100.93458557128906,0.2199999999999988,14.718756675720217,0.2199999999999988,72.022705078125,0.2199999999999988,78.3546142578125
0.2300000000000004,13.965728759765623,0.2300000000000004,100.93660736083984,0.2300000000000004,14.727038383483888,0.2299999999999986,72.02303314208984,0.2300000000000004,78.35144805908203
0.2400000000000002,13.961548805236816,0.2400000000000002,100.93820190429688,0.2400000000000002,14.735212326049805,0.2400000000000002,72.02392578125,0.2400000000000002,78.34960174560547
0.25,13.95848274230957,0.25,100.94058990478516,0.25,14.740819931030272,0.25,72.02472686767578,0.25,78.34932708740234
0.2599999999999998,13.957547187805176,0.2599999999999998,100.9432601928711,0.2599999999999998,14.747281074523926,0.2599999999999998,72.0253677368164,0.2599999999999998,78.34901428222656
0.2699999999999996,13.955814361572266,0.2700000000000013,100.9513702392578,0.2699999999999996,14.75031566619873,0.2699999999999996,72.02281188964844,0.2699999999999996,78.3472671508789
0.2799999999999993,13.956026077270508,0.2800000000000011,100.9549789428711,0.2799999999999993,14.756498336791992,0.2799999999999993,72.02213287353516,0.2799999999999993,78.34695434570312
0.2899999999999991,13.959060668945312,0.2900000000000009,100.95732879638672,0.2899999999999991,14.762605667114258,0.2899999999999991,72.02301788330078,0.2899999999999991,78.35105895996094
0.3000000000000007,13.96286678314209,0.3000000000000007,100.96099853515624,0.2999999999999989,14.769582748413086,0.2999999999999989,72.02510833740234,0.2999999999999989,78.35423278808594
0.3100000000000005,13.965505599975586,0.3100000000000005,100.9625015258789,0.3099999999999987,14.77605438232422,0.3099999999999987,72.0260009765625,0.3100000000000005,78.35796356201172
0.3200000000000003,13.968085289001465,0.3200000000000003,100.96405029296876,0.3200000000000003,14.78062629699707,0.3200000000000003,72.02717590332031,0.3200000000000003,78.36226654052734
0.33,13.9692964553833,0.33,100.96895599365234,0.33,14.784268379211426,0.33,72.02721405029297,0.33,78.36772918701172
0.3399999999999998,13.969219207763672,0.3399999999999998,100.97445678710938,0.3399999999999998,14.78635311126709,0.3399999999999998,72.02640533447266,0.3399999999999998,78.37210083007812
0.3499999999999996,13.96784496307373,0.3500000000000014,100.97815704345705,0.3499999999999996,14.787169456481934,0.3499999999999996,72.02619171142578,0.3499999999999996,78.37039947509766
0.3599999999999994,13.966597557067873,0.3600000000000012,100.98155212402344,0.3599999999999994,14.787785530090332,0.3599999999999994,72.02684783935547,0.3599999999999994,78.37029266357422
0.3699999999999992,13.963850021362305,0.370000000000001,100.98595428466795,0.3699999999999992,14.787592887878418,0.3699999999999992,72.0268783569336,0.3699999999999992,78.37483978271484
0.3800000000000008,13.959511756896973,0.3800000000000008,100.98966979980467,0.379999999999999,14.786837577819824,0.379999999999999,72.0268783569336,0.379999999999999,78.38079071044922
0.3900000000000005,13.959742546081545,0.3900000000000005,100.99325561523438,0.3899999999999988,14.786498069763184,0.3899999999999988,72.02760314941406,0.3900000000000005,78.3840560913086
0.4000000000000003,13.960256576538086,0.4000000000000003,100.99452209472656,0.4000000000000003,14.785560607910156,0.3999999999999986,72.02765655517578,0.4000000000000003,78.38666534423828
0.4100000000000001,13.962251663208008,0.4100000000000001,100.99565887451172,0.4100000000000001,14.78549098968506,0.4100000000000001,72.02824401855469,0.4100000000000001,78.38900756835938
0.4199999999999999,13.966140747070312,0.4199999999999999,100.9970703125,0.4199999999999999,14.783486366271973,0.4199999999999999,72.02991485595703,0.4199999999999999,78.39390563964844
0.4299999999999997,13.96768856048584,0.4300000000000015,100.99899291992188,0.4299999999999997,14.78154754638672,0.4299999999999997,72.02864837646484,0.4299999999999997,78.39532470703125
0.4399999999999995,13.968399047851562,0.4400000000000013,100.9997329711914,0.4399999999999995,14.776582717895508,0.4399999999999995,72.02824401855469,0.4399999999999995,78.39616394042969
0.4499999999999993,13.972248077392578,0.450000000000001,100.99966430664062,0.4499999999999993,14.772007942199709,0.4499999999999993,72.02863311767578,0.4499999999999993,78.39608001708984
0.4599999999999991,13.976789474487305,0.4600000000000008,101.00084686279295,0.4599999999999991,14.7653226852417,0.4599999999999991,72.02970123291016,0.4599999999999991,78.39291381835938
0.4700000000000006,13.979276657104492,0.4700000000000006,101.00074005126952,0.4699999999999988,14.758769035339355,0.4699999999999988,72.02967834472656,0.4699999999999988,78.3864974975586
0.4800000000000004,13.98333740234375,0.4800000000000004,101.00051879882812,0.4800000000000004,14.7526273727417,0.4799999999999986,72.03025817871094,0.4800000000000004,78.37950134277344
0.4900000000000002,13.987658500671388,0.4900000000000002,101.00076293945312,0.4900000000000002,14.747340202331545,0.4900000000000002,72.02885437011719,0.4900000000000002,78.37750244140625
0.5,13.99237060546875,0.5,101.00102996826172,0.5,14.741487503051758,0.5,72.0283203125,0.5,78.37854766845703
0.5099999999999998,13.996522903442385,0.5099999999999998,101.00189971923828,0.5099999999999998,14.735454559326172,0.5099999999999998,72.02843475341797,0.5099999999999998,78.38201904296875
0.5199999999999996,14.001779556274414,0.5200000000000014,101.00503540039062,0.5199999999999996,14.730095863342283,0.5199999999999996,72.02725982666016,0.5199999999999996,78.39958190917969
0.5299999999999994,14.00665283203125,0.5300000000000011,101.00794982910156,0.5299999999999994,14.724787712097168,0.5299999999999994,72.02498626708984,0.5299999999999994,78.41606140136719
0.5399999999999991,14.011137962341309,0.5400000000000009,101.01179504394533,0.5399999999999991,14.717598915100098,0.5399999999999991,72.02498626708984,0.5399999999999991,78.42627716064453
0.5500000000000007,14.01499080657959,0.5500000000000007,101.01465606689452,0.5499999999999989,14.712363243103027,0.5499999999999989,72.0239486694336,0.5499999999999989,78.42626190185547
0.5600000000000005,14.022043228149414,0.5600000000000005,101.0146713256836,0.5599999999999987,14.710589408874512,0.5599999999999987,72.02461242675781,0.5600000000000005,78.4260482788086
0.5700000000000003,14.02763557434082,0.5700000000000003,101.014892578125,0.5700000000000003,14.710289001464844,0.5700000000000003,72.02410888671875,0.5700000000000003,78.42765045166016
0.5800000000000001,14.030912399291992,0.5800000000000001,101.01466369628906,0.5800000000000001,14.711959838867188,0.5800000000000001,72.02462005615234,0.5800000000000001,78.43074035644531
0.5899999999999999,14.033137321472168,0.5899999999999999,101.01600646972656,0.5899999999999999,14.713849067687988,0.5899999999999999,72.0242919921875,0.5899999999999999,78.43956756591797
0.5999999999999996,14.034219741821287,0.6000000000000014,101.0168685913086,0.5999999999999996,14.71704387664795,0.5999999999999996,72.02435302734375,0.5999999999999996,78.44535064697266
0.6099999999999994,14.035072326660156,0.6100000000000012,101.01763916015624,0.6099999999999994,14.720603942871094,0.6099999999999994,72.02442169189453,0.6099999999999994,78.45148468017578
0.6199999999999992,14.0380859375,0.620000000000001,101.01972198486328,0.6199999999999992,14.724159240722656,0.6199999999999992,72.02454376220703,0.6199999999999992,78.45989990234375
0.6300000000000008,14.039708137512209,0.6300000000000008,101.02303314208984,0.629999999999999,14.725794792175291,0.629999999999999,72.0250473022461,0.629999999999999,78.46369171142578
0.6400000000000006,14.039238929748535,0.6400000000000006,101.02521514892578,0.6399999999999988,14.730799674987791,0.6399999999999988,72.0246810913086,0.6400000000000006,78.4671859741211
0.6500000000000004,14.03861141204834,0.6500000000000004,101.02818298339844,0.6500000000000004,14.737990379333496,0.6499999999999986,72.02316284179688,0.6500000000000004,78.46875762939453
0.6600000000000001,14.037678718566896,0.6600000000000001,101.03207397460938,0.6600000000000001,14.74560260772705,0.6600000000000001,72.0222396850586,0.6600000000000001,78.468505859375
0.6699999999999999,14.034496307373049,0.6699999999999999,101.0365219116211,0.6699999999999999,14.752548217773438,0.6699999999999999,72.02066802978516,0.6699999999999999,78.47238159179688
0.6799999999999997,14.031793594360352,0.6800000000000015,101.04080963134766,0.6799999999999997,14.755904197692873,0.6799999999999997,72.02008056640625,0.6799999999999997,78.47571563720703
0.6899999999999995,14.038907051086426,0.6900000000000013,101.04354095458984,0.6899999999999995,14.760022163391112,0.6899999999999995,72.02100372314453,0.6899999999999995,78.47817993164062
0.6999999999999993,14.046175956726074,0.7000000000000011,101.04471588134766,0.6999999999999993,14.763300895690918,0.6999999999999993,72.02001953125,0.6999999999999993,78.48296356201172
0.7099999999999991,14.053306579589844,0.7100000000000009,101.0467300415039,0.7099999999999991,14.76860809326172,0.7099999999999991,72.0203628540039,0.7099999999999991,78.48711395263672
0.7200000000000006,14.058940887451172,0.7200000000000006,101.0494155883789,0.7199999999999989,14.77328872680664,0.7199999999999989,72.02002716064453,0.7199999999999989,78.48973083496094
0.7300000000000004,14.065081596374512,0.7300000000000004,101.0513153076172,0.7300000000000004,14.778554916381836,0.7299999999999986,72.01890563964844,0.7300000000000004,78.48958587646484
0.7400000000000002,14.071532249450684,0.7400000000000002,101.0540542602539,0.7400000000000002,14.781097412109377,0.7400000000000002,72.0199966430664,0.7400000000000002,78.49189758300781
0.75,14.07487678527832,0.75,101.06034088134766,0.75,14.783525466918944,0.75,72.01722717285156,0.75,78.49365234375
0.7599999999999998,14.080202102661133,0.7599999999999998,101.06541442871094,0.7599999999999998,14.783878326416016,0.7599999999999998,72.01677703857422,0.7599999999999998,78.4945297241211
0.7699999999999996,14.082884788513184,0.7700000000000014,101.0667495727539,0.7699999999999996,14.784539222717283,0.7699999999999996,72.01658630371094,0.7699999999999996,78.49430847167969
0.7799999999999994,14.090620040893556,0.7800000000000011,101.06732940673828,0.7799999999999994,14.78395175933838,0.7799999999999994,72.01685333251953,0.7799999999999994,78.49535369873047
0.7899999999999991,14.101876258850098,0.7900000000000009,101.06851959228516,0.7899999999999991,14.78289031982422,0.7899999999999991,72.0180435180664,0.7899999999999991,78.49639892578125
0.8000000000000007,14.109540939331056,0.8000000000000007,101.06712341308594,0.7999999999999989,14.78052043914795,0.7999999999999989,72.01786804199219,0.7999999999999989,78.4893569946289
0.8100000000000005,14.112902641296388,0.8100000000000005,101.0691909790039,0.8099999999999987,14.777939796447754,0.8099999999999987,72.01819610595703,0.8100000000000005,78.48263549804688
0.8200000000000003,14.11497402191162,0.8200000000000003,101.07286071777344,0.8200000000000003,14.774299621582031,0.8200000000000003,72.01930236816406,0.8200000000000003,78.47897338867188
0.8300000000000001,14.11646556854248,0.8300000000000001,101.07487487792967,0.8300000000000001,14.769450187683104,0.8300000000000001,72.02035522460938,0.8300000000000001,78.47474670410156
0.8399999999999999,14.123473167419434,0.8399999999999999,101.0789566040039,0.8399999999999999,14.764732360839844,0.8399999999999999,72.0200424194336,0.8399999999999999,78.47222900390625
0.8499999999999996,14.12514591217041,0.8500000000000014,101.08208465576172,0.8499999999999996,14.759824752807615,0.8499999999999996,72.019775390625,0.8499999999999996,78.47168731689453
0.8599999999999994,14.123990058898926,0.8600000000000012,101.08221435546876,0.8599999999999994,14.755425453186035,0.8599999999999994,72.02088165283203,0.8599999999999994,78.46752166748047
0.8699999999999992,14.125234603881836,0.870000000000001,101.08333587646484,0.8699999999999992,14.7506103515625,0.8699999999999992,72.02037048339844,0.8699999999999992,78.47119140625
0.8800000000000008,14.123973846435549,0.8800000000000008,101.08397674560548,0.879999999999999,14.747456550598145,0.879999999999999,72.01951599121094,0.879999999999999,78.47282409667969
0.8900000000000006,14.121339797973633,0.8900000000000006,101.08609771728516,0.8899999999999988,14.744690895080566,0.8899999999999988,72.01954650878906,0.8900000000000006,78.47042083740234
0.9000000000000004,14.116506576538086,0.9000000000000004,101.09223175048828,0.9000000000000004,14.740655899047852,0.8999999999999986,72.01746368408203,0.9000000000000004,78.47746276855469
0.91,14.114948272705078,0.91,101.09612274169922,0.91,14.73554801940918,0.91,72.01673126220703,0.91,78.48007202148438
0.92,14.115535736083984,0.92,101.10186767578124,0.92,14.730603218078612,0.92,72.01512908935547,0.92,78.47737884521484
0.9299999999999996,14.116268157958984,0.9300000000000016,101.10360717773438,0.9299999999999996,14.725915908813477,0.9299999999999996,72.01262664794922,0.9299999999999996,78.47537231445312
0.9399999999999996,14.11673355102539,0.9400000000000012,101.1034164428711,0.9399999999999996,14.721787452697754,0.9399999999999996,72.0120849609375,0.9399999999999996,78.47486877441406
0.9499999999999992,14.119245529174805,0.9500000000000012,101.1032943725586,0.9499999999999992,14.719039916992188,0.9499999999999992,72.01170349121094,0.9499999999999992,78.4722671508789
0.9599999999999992,14.12176513671875,0.9600000000000009,101.102294921875,0.9599999999999992,14.717355728149414,0.9599999999999992,72.01160430908203,0.9599999999999992,78.46776580810547
0.9700000000000006,14.123779296875,0.9700000000000006,101.1008529663086,0.9699999999999988,14.71613311767578,0.9699999999999988,72.00978088378906,0.9699999999999988,78.46089172363281
0.9800000000000004,14.124553680419922,0.9800000000000004,101.09968566894533,0.9800000000000004,14.714579582214355,0.9799999999999986,72.01029968261719,0.9800000000000004,78.45365142822266
0.9900000000000002,14.124272346496582,0.9900000000000002,101.09666442871094,0.9900000000000002,14.71268081665039,0.9900000000000002,72.01005554199219,0.9900000000000002,78.44732666015625
1.0,14.129229545593262,1.0,101.09141540527344,1.0,14.711278915405272,1.0,72.0106430053711,1.0,78.4452133178711
1.0099999999999998,14.134957313537598,1.0099999999999998,101.08699035644533,1.0099999999999998,14.711691856384276,1.0099999999999998,72.0108413696289,1.0099999999999998,78.44784545898438
1.0199999999999996,14.137274742126465,1.0200000000000014,101.08467864990234,1.0199999999999996,14.71205234527588,1.0199999999999996,72.01148986816406,1.0199999999999996,78.44731140136719
1.0299999999999994,14.139708518981934,1.0300000000000011,101.08064270019533,1.0299999999999994,14.713257789611816,1.0299999999999994,72.01129150390625,1.0299999999999994,78.44324493408203
1.0399999999999991,14.14020538330078,1.040000000000001,101.078369140625,1.0399999999999991,14.713326454162598,1.0399999999999991,72.00907135009766,1.0399999999999991,78.43942260742188
1.0500000000000007,14.139799118041992,1.0500000000000007,101.07418823242188,1.049999999999999,14.715556144714355,1.049999999999999,72.00816345214844,1.049999999999999,78.43683624267578
1.0600000000000005,14.138586044311523,1.0600000000000005,101.07184600830078,1.0599999999999987,14.716776847839355,1.0599999999999987,72.00691223144531,1.0600000000000005,78.43659973144531
1.0700000000000005,14.138498306274414,1.0700000000000005,101.06944274902344,1.0700000000000005,14.719459533691406,1.0700000000000005,72.00569152832031,1.0700000000000005,78.44229125976562
1.08,14.13546371459961,1.08,101.06676483154295,1.08,14.718945503234863,1.08,72.00604248046875,1.08,78.44605255126953
1.09,14.133522033691406,1.09,101.0647430419922,1.09,14.71862506866455,1.09,72.00597381591797,1.09,78.44973754882812
1.0999999999999996,14.1317777633667,1.1000000000000014,101.06298065185548,1.0999999999999996,14.718463897705078,1.0999999999999996,72.00494384765625,1.0999999999999996,78.45376586914062
1.1099999999999994,14.12820053100586,1.1100000000000012,101.06079864501952,1.1099999999999994,14.720361709594728,1.1099999999999994,72.00608825683594,1.1099999999999994,78.45753479003906
1.1199999999999992,14.124598503112791,1.120000000000001,101.05921936035156,1.1199999999999992,14.722705841064451,1.1199999999999992,72.00717163085938,1.1199999999999992,78.46198272705078
1.1300000000000008,14.122074127197266,1.1300000000000008,101.05847930908205,1.129999999999999,14.726964950561523,1.129999999999999,72.0075912475586,1.129999999999999,78.46916961669922
1.1400000000000006,14.122401237487791,1.1400000000000006,101.05692291259766,1.1399999999999988,14.730680465698242,1.1399999999999988,72.00796508789062,1.1400000000000006,78.4729232788086
1.1500000000000004,14.122312545776367,1.1500000000000004,101.05598449707033,1.1500000000000004,14.733290672302246,1.1499999999999986,72.00962829589844,1.1500000000000004,78.47775268554688
1.16,14.120829582214355,1.16,101.05638122558594,1.16,14.736424446105955,1.16,72.00971221923828,1.16,78.4827880859375
1.17,14.120199203491213,1.17,101.05724334716795,1.17,14.73835563659668,1.17,72.01006317138672,1.17,78.48849487304688
1.1799999999999995,14.118477821350098,1.1800000000000015,101.05667877197266,1.1799999999999995,14.739822387695312,1.1799999999999995,72.0103759765625,1.1799999999999995,78.49372863769531
1.1899999999999995,14.11571979522705,1.1900000000000013,101.05622100830078,1.1899999999999995,14.740628242492676,1.1899999999999995,72.01292419433594,1.1899999999999995,78.5003662109375
1.1999999999999993,14.113536834716797,1.200000000000001,101.05718994140624,1.1999999999999993,14.741463661193848,1.1999999999999993,72.01292419433594,1.1999999999999993,78.50542449951172
1.209999999999999,14.1107177734375,1.2100000000000009,101.05831909179688,1.209999999999999,14.74053955078125,1.209999999999999,72.01309967041016,1.209999999999999,78.51145935058594
1.2200000000000006,14.107715606689451,1.2200000000000006,101.0583038330078,1.2199999999999989,14.73885726928711,1.2199999999999989,72.01428985595703,1.2199999999999989,78.51819610595703
1.2300000000000004,14.103154182434082,1.2300000000000004,101.05686950683594,1.2300000000000004,14.735763549804688,1.2299999999999986,72.01498413085938,1.2300000000000004,78.52354431152344
1.2400000000000002,14.101591110229492,1.2400000000000002,101.05430603027344,1.2400000000000002,14.73308277130127,1.2400000000000002,72.01561737060547,1.2400000000000002,78.52880096435547
1.25,14.098088264465332,1.25,101.05158996582033,1.25,14.72999382019043,1.25,72.01651763916016,1.25,78.53487396240234
1.2599999999999998,14.092052459716797,1.2599999999999998,101.0503387451172,1.2599999999999998,14.725542068481444,1.2599999999999998,72.0155029296875,1.2599999999999998,78.54182434082031
1.2699999999999996,14.08637523651123,1.2700000000000014,101.0496597290039,1.2699999999999996,14.722087860107422,1.2699999999999996,72.01605224609375,1.2699999999999996,78.5487289428711
1.2799999999999994,14.082213401794434,1.2800000000000011,101.04969024658205,1.2799999999999994,14.71922206878662,1.2799999999999994,72.01700592041016,1.2799999999999994,78.55738830566406
1.2899999999999991,14.078218460083008,1.290000000000001,101.04873657226562,1.2899999999999991,14.715339660644531,1.2899999999999991,72.01803588867188,1.2899999999999991,78.56338500976562
1.3000000000000007,14.070968627929688,1.3000000000000007,101.0470733642578,1.299999999999999,14.70907497406006,1.299999999999999,72.01939392089844,1.299999999999999,78.56954956054688
1.3100000000000005,14.06208324432373,1.3100000000000005,101.04791259765624,1.3099999999999987,14.70181941986084,1.3099999999999987,72.0203857421875,1.3100000000000005,78.57845306396484
1.3200000000000005,14.055006980895996,1.3200000000000005,101.04792022705078,1.3200000000000005,14.694710731506348,1.3200000000000005,72.02178955078125,1.3200000000000005,78.58390045166016
1.33,14.049248695373535,1.33,101.04596710205078,1.33,14.686837196350098,1.33,72.02202606201172,1.33,78.5905532836914
1.34,14.043671607971191,1.34,101.0439453125,1.34,14.67721176147461,1.34,72.02405548095703,1.34,78.59850311279297
1.3499999999999996,14.037578582763672,1.3500000000000014,101.04052734375,1.3499999999999996,14.66688060760498,1.3499999999999996,72.02584838867188,1.3499999999999996,78.60442352294922
1.3599999999999994,14.031789779663086,1.3600000000000012,101.0373764038086,1.3599999999999994,14.656105995178224,1.3599999999999994,72.02623748779297,1.3599999999999994,78.6123275756836
1.3699999999999992,14.026541709899902,1.370000000000001,101.03331756591795,1.3699999999999992,14.644641876220703,1.3699999999999992,72.02485656738281,1.3699999999999992,78.61839294433594
1.3800000000000008,14.023808479309082,1.3800000000000008,101.02891540527344,1.379999999999999,14.632901191711426,1.379999999999999,72.02488708496094,1.379999999999999,78.62382507324219
1.3900000000000006,14.02037525177002,1.3900000000000006,101.02594757080078,1.3899999999999988,14.622426986694336,1.3899999999999988,72.02434539794922,1.3900000000000006,78.6294937133789
1.4000000000000004,14.014884948730469,1.4000000000000004,101.02629852294922,1.4000000000000004,14.612024307250977,1.3999999999999986,72.0223388671875,1.4000000000000004,78.63810729980469
1.41,14.00779628753662,1.41,101.02445220947266,1.41,14.602468490600586,1.41,72.02120208740234,1.41,78.6476058959961
1.42,14.002482414245604,1.42,101.0237274169922,1.42,14.593398094177246,1.42,72.02076721191406,1.42,78.65725708007812
1.4299999999999995,13.998944282531738,1.4300000000000015,101.02229309082033,1.4299999999999995,14.586216926574709,1.4299999999999995,72.0193099975586,1.4299999999999995,78.6667709350586
1.4399999999999995,13.994067192077637,1.4400000000000013,101.02043914794922,1.4399999999999995,14.579360961914062,1.4399999999999995,72.01983642578125,1.4399999999999995,78.67271423339844
1.4499999999999993,13.990674018859863,1.450000000000001,101.0194320678711,1.4499999999999993,14.57485580444336,1.4499999999999993,72.0203857421875,1.4499999999999993,78.67835235595703
1.459999999999999,13.987568855285645,1.4600000000000009,101.01624298095705,1.459999999999999,14.56886100769043,1.459999999999999,72.02081298828125,1.459999999999999,78.68146514892578
1.4700000000000006,13.98291015625,1.4700000000000006,101.01622772216795,1.4699999999999989,14.564759254455566,1.4699999999999989,72.01932525634766,1.4699999999999989,78.68757629394531
1.4800000000000004,13.978415489196776,1.4800000000000004,101.0183334350586,1.4800000000000004,14.56124496459961,1.4799999999999986,72.0202865600586,1.4800000000000004,78.6908187866211
1.4900000000000002,13.975214004516602,1.4900000000000002,101.0194091796875,1.4900000000000002,14.557878494262695,1.4900000000000002,72.02124786376953,1.4900000000000002,78.69587707519531
1.5,13.974502563476562,1.5,101.0205307006836,1.5,14.553403854370115,1.5,72.02042388916016,1.5,78.69895935058594
1.5099999999999998,13.971054077148438,1.5099999999999998,101.02085876464844,1.5099999999999998,14.549342155456545,1.5099999999999998,72.02132415771484,1.5099999999999998,78.70016479492188
1.5199999999999996,13.965693473815918,1.5200000000000014,101.02093505859376,1.5199999999999996,14.545438766479492,1.5199999999999996,72.02104949951172,1.5199999999999996,78.70348358154297
1.5299999999999994,13.961455345153809,1.5300000000000011,101.01882934570312,1.5299999999999994,14.542656898498535,1.5299999999999994,72.02009582519531,1.5299999999999994,78.70853424072266
1.5399999999999991,13.956480026245115,1.540000000000001,101.01741790771484,1.5399999999999991,14.54074478149414,1.5399999999999991,72.0190658569336,1.5399999999999991,78.71549987792969
1.5500000000000007,13.953083038330078,1.5500000000000007,101.01782989501952,1.549999999999999,14.538697242736816,1.549999999999999,72.01882934570312,1.549999999999999,78.72054290771484
1.5600000000000005,13.949532508850098,1.5600000000000005,101.0211944580078,1.5599999999999987,14.538362503051758,1.5599999999999987,72.01742553710938,1.5600000000000005,78.72142028808594
1.5700000000000005,13.947571754455566,1.5700000000000005,101.0272216796875,1.5700000000000005,14.537403106689451,1.5700000000000005,72.01593017578125,1.5700000000000005,78.7231674194336
1.58,13.947811126708984,1.58,101.03270721435548,1.58,14.537266731262209,1.58,72.0148696899414,1.58,78.72576141357422
1.59,13.94886589050293,1.59,101.0385284423828,1.59,14.536487579345703,1.59,72.01464080810547,1.59,78.72599029541016
1.5999999999999996,13.95236110687256,1.6000000000000014,101.04276275634766,1.5999999999999996,14.53635311126709,1.5999999999999996,72.01494598388672,1.5999999999999996,78.72461700439453
1.6099999999999994,13.955379486083984,1.6100000000000012,101.04412841796876,1.6099999999999994,14.534845352172852,1.6099999999999994,72.01436614990234,1.6099999999999994,78.72193145751953
1.6199999999999992,13.957011222839355,1.620000000000001,101.04602813720705,1.6199999999999992,14.532588005065918,1.6199999999999992,72.0137710571289,1.6199999999999992,78.72058868408203
1.6300000000000008,13.957635879516602,1.6300000000000008,101.0461196899414,1.629999999999999,14.528480529785156,1.629999999999999,72.01426696777344,1.629999999999999,78.72184753417969
1.6400000000000006,13.958584785461426,1.6400000000000006,101.04705810546876,1.6399999999999988,14.525127410888672,1.6399999999999988,72.01390838623047,1.6400000000000006,78.72071838378906
1.6500000000000004,13.95862102508545,1.6500000000000004,101.04888153076172,1.6500000000000004,14.521878242492676,1.6499999999999986,72.01317596435547,1.6500000000000004,78.71844482421875
1.66,13.9591064453125,1.66,101.05162048339844,1.66,14.52029514312744,1.66,72.01305389404297,1.66,78.71835327148438
1.67,13.955401420593262,1.67,101.05156707763672,1.67,14.518444061279297,1.67,72.01300048828125,1.67,78.71958923339844
1.6799999999999995,13.948002815246582,1.6800000000000015,101.05393981933594,1.6799999999999995,14.516573905944824,1.6799999999999995,72.0136947631836,1.6799999999999995,78.72053527832031
1.6899999999999995,13.944108963012695,1.6900000000000013,101.0543975830078,1.6899999999999995,14.515657424926758,1.6899999999999995,72.01608276367188,1.6899999999999995,78.72267150878906
1.6999999999999993,13.940967559814451,1.700000000000001,101.0541000366211,1.6999999999999993,14.514299392700195,1.6999999999999993,72.01557159423828,1.6999999999999993,78.72415161132812
1.709999999999999,13.93739891052246,1.7100000000000009,101.0556640625,1.709999999999999,14.512946128845217,1.709999999999999,72.01533508300781,1.709999999999999,78.72488403320312
1.7200000000000006,13.935020446777344,1.7200000000000006,101.06044006347656,1.7199999999999989,14.510751724243164,1.7199999999999989,72.01420593261719,1.7199999999999989,78.72020721435547
1.7300000000000004,13.935952186584473,1.7300000000000004,101.06298828125,1.7300000000000004,14.511434555053713,1.7299999999999986,72.01318359375,1.7300000000000004,78.72128295898438
1.7400000000000002,13.938286781311035,1.7400000000000002,101.06242370605467,1.7400000000000002,14.51009750366211,1.7400000000000002,72.01390075683594,1.7400000000000002,78.72554779052734
1.75,13.939043045043944,1.75,101.06358337402344,1.75,14.508356094360352,1.75,72.01414489746094,1.75,78.72215270996094
1.7599999999999998,13.939003944396973,1.7599999999999998,101.06358337402344,1.7599999999999998,14.506352424621582,1.7599999999999998,72.01614379882812,1.7599999999999998,78.71623992919922
1.7699999999999996,13.940296173095703,1.7700000000000014,101.0633773803711,1.7699999999999996,14.504812240600586,1.7699999999999996,72.01535034179688,1.7699999999999996,78.72091674804688
1.7799999999999994,13.941926956176758,1.7800000000000011,101.06265258789062,1.7799999999999994,14.503766059875488,1.7799999999999994,72.01625061035156,1.7799999999999994,78.72325134277344
1.7899999999999991,13.942864418029783,1.790000000000001,101.06201171875,1.7899999999999991,14.50289535522461,1.7899999999999991,72.01573181152344,1.7899999999999991,78.7266845703125
1.8000000000000007,13.942150115966797,1.8000000000000007,101.06161499023438,1.799999999999999,14.50165843963623,1.799999999999999,72.01728820800781,1.799999999999999,78.72533416748047
1.8100000000000005,13.941934585571287,1.8100000000000005,101.05880737304688,1.8099999999999987,14.500722885131836,1.8099999999999987,72.01811218261719,1.8100000000000005,78.72943115234375
1.8200000000000005,13.939385414123535,1.8200000000000005,101.05619049072266,1.8200000000000005,14.499188423156738,1.8200000000000005,72.01819610595703,1.8200000000000005,78.73092651367188
1.83,13.938291549682615,1.83,101.05281066894533,1.83,14.49835968017578,1.83,72.01954650878906,1.83,78.72904205322266
1.84,13.936121940612791,1.84,101.05309295654295,1.84,14.49798583984375,1.84,72.0187759399414,1.84,78.72819519042969
1.85,13.932003021240234,1.8500000000000008,101.05235290527344,1.85,14.49670696258545,1.85,72.01946258544922,1.85,78.73648071289062
1.86,13.92990493774414,1.8600000000000008,101.05098724365234,1.86,14.495391845703123,1.86,72.01807403564453,1.86,78.7402114868164
1.8699999999999992,13.928462028503418,1.870000000000001,101.04998016357422,1.8699999999999992,14.49418830871582,1.8699999999999992,72.01911926269531,1.8699999999999992,78.74243927001953
1.8800000000000008,13.928171157836914,1.8800000000000008,101.04953002929688,1.879999999999999,14.492693901062012,1.879999999999999,72.0202865600586,1.879999999999999,78.74683380126953
1.8900000000000008,13.932186126708984,1.8900000000000008,101.04999542236328,1.8899999999999988,14.490443229675291,1.8899999999999988,72.02283477783203,1.8900000000000008,78.75336456298828
1.9000000000000004,13.93342113494873,1.9000000000000004,101.04847717285156,1.9000000000000004,14.488908767700195,1.8999999999999984,72.02366638183594,1.9000000000000004,78.7550048828125
1.91,13.933808326721191,1.91,101.04730224609376,1.91,14.487028121948242,1.91,72.02293395996094,1.91,78.75570678710938
1.92,13.934659004211426,1.92,101.0468521118164,1.92,14.484889030456545,1.92,72.02388763427734,1.92,78.75458526611328
1.93,13.934778213500977,1.9300000000000013,101.04582214355467,1.93,14.483774185180664,1.93,72.02340698242188,1.93,78.75318908691406
1.9399999999999995,13.93203353881836,1.9400000000000013,101.0455093383789,1.9399999999999995,14.482789993286133,1.9399999999999995,72.02342987060547,1.9399999999999995,78.74949645996094
1.9499999999999995,13.930021286010742,1.950000000000001,101.0462417602539,1.9499999999999995,14.482940673828123,1.9499999999999995,72.0217514038086,1.9499999999999995,78.74677276611328
1.959999999999999,13.925410270690918,1.9600000000000009,101.04695129394533,1.959999999999999,14.483925819396973,1.959999999999999,72.02091979980469,1.959999999999999,78.74522399902344
1.9700000000000009,13.922624588012695,1.9700000000000009,101.04863739013672,1.9699999999999989,14.484521865844728,1.9699999999999989,72.02035522460938,1.9699999999999989,78.746826171875
1.9800000000000004,13.921113014221191,1.9800000000000004,101.04959106445312,1.9800000000000004,14.48464012145996,1.9799999999999984,72.01789093017578,1.9800000000000004,78.74449157714844
1.99,13.920173645019531,1.99,101.05118560791016,1.99,14.483830451965332,1.99,72.0155029296875,1.99,78.74513244628906
2.0,13.921039581298828,2.0,101.0519027709961,2.0,14.48373794555664,2.0,72.01476287841797,2.0,78.74605560302734
2.01,13.922321319580078,2.01,101.05199432373048,2.01,14.484332084655762,2.01,72.01532745361328,2.01,78.74716186523438
2.02,13.923669815063477,2.0200000000000014,101.05184173583984,2.02,14.483840942382812,2.02,72.01542663574219,2.02,78.74378967285156
2.03,13.923599243164062,2.030000000000001,101.05261993408205,2.03,14.484046936035156,2.03,72.01480865478516,2.03,78.73885345458984
2.039999999999999,13.924567222595217,2.040000000000001,101.05176544189452,2.039999999999999,14.4846773147583,2.039999999999999,72.0134048461914,2.039999999999999,78.7342529296875
2.0500000000000007,13.92652416229248,2.0500000000000007,101.0541534423828,2.049999999999999,14.485872268676758,2.049999999999999,72.01225280761719,2.049999999999999,78.72911071777344
2.0600000000000005,13.927648544311523,2.0600000000000005,101.06216430664062,2.0599999999999987,14.485444068908691,2.0599999999999987,72.01060485839844,2.0600000000000005,78.72408294677734
2.0700000000000003,13.934205055236816,2.0700000000000003,101.06363677978516,2.0700000000000003,14.486186981201172,2.0700000000000003,72.0105972290039,2.0700000000000003,78.72154235839844
2.08,13.935137748718262,2.08,101.06510162353516,2.08,14.486461639404297,2.08,72.0095443725586,2.08,78.72164916992188
2.09,13.934825897216797,2.09,101.06455993652344,2.09,14.486828804016112,2.09,72.01057434082031,2.09,78.7230224609375
2.1,13.933120727539062,2.1000000000000014,101.06495666503906,2.1,14.48777675628662,2.1,72.0116195678711,2.1,78.72401428222656
2.1099999999999994,13.93331527709961,2.110000000000001,101.06428527832033,2.1099999999999994,14.488621711730955,2.1099999999999994,72.0125961303711,2.1099999999999994,78.72393798828125
2.119999999999999,13.93410301208496,2.120000000000001,101.06459045410156,2.119999999999999,14.489224433898926,2.119999999999999,72.01246643066406,2.119999999999999,78.72286987304688
2.130000000000001,13.934938430786133,2.130000000000001,101.0653076171875,2.129999999999999,14.489301681518556,2.129999999999999,72.01385498046875,2.129999999999999,78.71688079833984
2.140000000000001,13.934560775756836,2.140000000000001,101.06668090820312,2.139999999999999,14.489407539367676,2.139999999999999,72.01403045654297,2.140000000000001,78.7127685546875
2.1500000000000004,13.935430526733398,2.1500000000000004,101.06765747070312,2.1500000000000004,14.487622261047363,2.1499999999999986,72.01335144042969,2.1500000000000004,78.71373748779297
2.16,13.937735557556152,2.16,101.06732940673828,2.16,14.48531436920166,2.16,72.01470184326172,2.16,78.71395111083984
2.17,13.942180633544922,2.17,101.06605529785156,2.17,14.481141090393066,2.17,72.01571655273438,2.17,78.71542358398438
2.18,13.94151210784912,2.180000000000001,101.06480407714844,2.18,14.4776611328125,2.18,72.01563262939453,2.18,78.71878051757812
2.1899999999999995,13.940677642822266,2.1900000000000013,101.064208984375,2.1899999999999995,14.474862098693848,2.1899999999999995,72.01667022705078,2.1899999999999995,78.7206039428711
2.2,13.941563606262209,2.200000000000001,101.06466674804688,2.2,14.472187995910645,2.2,72.01766204833984,2.2,78.72201538085938
2.210000000000001,13.94094944000244,2.210000000000001,101.06539916992188,2.209999999999999,14.470500946044922,2.209999999999999,72.01873779296875,2.209999999999999,78.72048950195312
2.2200000000000006,13.9390287399292,2.2200000000000006,101.0644073486328,2.219999999999999,14.468170166015623,2.219999999999999,72.02006530761719,2.219999999999999,78.7181167602539
2.2300000000000004,13.937591552734377,2.2300000000000004,101.06291198730467,2.2300000000000004,14.465370178222656,2.229999999999998,72.01978302001953,2.2300000000000004,78.7183837890625
2.24,13.936776161193848,2.24,101.06163787841795,2.24,14.46427059173584,2.24,72.01862335205078,2.24,78.7190933227539
2.25,13.93766975402832,2.25,101.0602569580078,2.25,14.462093353271484,2.25,72.01824188232422,2.25,78.72112274169922
2.26,13.93647289276123,2.2600000000000016,101.05879974365234,2.26,14.459912300109863,2.26,72.01570129394531,2.26,78.72199249267578
2.27,13.936992645263672,2.2700000000000014,101.05815887451172,2.27,14.45628261566162,2.27,72.01605224609375,2.27,78.72284698486328
2.28,13.93718147277832,2.280000000000001,101.05701446533205,2.28,14.45179843902588,2.28,72.0167007446289,2.28,78.72280883789062
2.289999999999999,13.9359769821167,2.290000000000001,101.05574035644533,2.289999999999999,14.44916534423828,2.289999999999999,72.01797485351562,2.289999999999999,78.7230453491211
2.3000000000000007,13.934514999389648,2.3000000000000007,101.0542449951172,2.299999999999999,14.448125839233398,2.299999999999999,72.01846313476562,2.299999999999999,78.72216796875
2.3100000000000005,13.934367179870604,2.3100000000000005,101.05443572998048,2.3100000000000005,14.449421882629396,2.3099999999999987,72.01847839355469,2.3100000000000005,78.72026062011719
2.3200000000000003,13.934842109680176,2.3200000000000003,101.05504608154295,2.3200000000000003,14.449014663696287,2.3200000000000003,72.01757049560547,2.3200000000000003,78.71990966796875
2.33,13.935546875,2.33,101.0540771484375,2.33,14.448593139648438,2.33,72.01770782470703,2.33,78.71846771240234
2.34,13.93275260925293,2.34,101.0528335571289,2.34,14.448429107666016,2.34,72.01785278320312,2.34,78.71865844726562
2.35,13.93031883239746,2.3500000000000014,101.05220794677734,2.35,14.448960304260254,2.35,72.0177230834961,2.35,78.72252655029297
2.3599999999999994,13.927427291870115,2.360000000000001,101.05062103271484,2.3599999999999994,14.448970794677734,2.3599999999999994,72.01799774169922,2.3599999999999994,78.72947692871094
2.369999999999999,13.92537784576416,2.370000000000001,101.05034637451172,2.369999999999999,14.448882102966309,2.369999999999999,72.0179443359375,2.369999999999999,78.72786712646484
2.380000000000001,13.923320770263672,2.380000000000001,101.04988098144533,2.379999999999999,14.447379112243652,2.379999999999999,72.01758575439453,2.379999999999999,78.72370910644531
2.390000000000001,13.921420097351074,2.390000000000001,101.04981231689452,2.389999999999999,14.446571350097656,2.389999999999999,72.01713562011719,2.390000000000001,78.72197723388672
2.4000000000000004,13.918953895568848,2.4000000000000004,101.04973602294922,2.4000000000000004,14.44607162475586,2.4000000000000004,72.01777648925781,2.4000000000000004,78.7222900390625
2.41,13.917531967163086,2.41,101.05043029785156,2.41,14.446929931640623,2.41,72.01747131347656,2.41,78.72486877441406
2.42,13.914408683776855,2.42,101.05220794677734,2.42,14.447713851928713,2.42,72.01840209960938,2.42,78.72179412841797
2.43,13.912154197692873,2.430000000000001,101.0538330078125,2.43,14.447614669799805,2.43,72.01846313476562,2.43,78.71867370605469
2.4399999999999995,13.908411979675291,2.4400000000000013,101.0575180053711,2.4399999999999995,14.44639778137207,2.4399999999999995,72.01817321777344,2.4399999999999995,78.7157211303711
2.45,13.90530776977539,2.450000000000001,101.05887603759766,2.45,14.445713996887209,2.45,72.01821899414062,2.45,78.71077728271484
2.460000000000001,13.90359592437744,2.460000000000001,101.05917358398438,2.459999999999999,14.44500732421875,2.459999999999999,72.0187759399414,2.459999999999999,78.70578002929688
2.4700000000000006,13.902392387390137,2.4700000000000006,101.05995178222656,2.469999999999999,14.443350791931152,2.469999999999999,72.01770782470703,2.4700000000000006,78.698974609375
2.4800000000000004,13.901105880737305,2.4800000000000004,101.0610580444336,2.4800000000000004,14.4426851272583,2.479999999999998,72.01732635498047,2.4800000000000004,78.695068359375
2.49,13.898836135864258,2.49,101.06404876708984,2.49,14.44131088256836,2.49,72.0164566040039,2.49,78.6919937133789
2.5,13.89655590057373,2.5,101.0674819946289,2.5,14.440285682678224,2.5,72.01570892333984,2.5,78.68659973144531
2.51,13.894536018371582,2.5100000000000016,101.07022094726562,2.51,14.4384765625,2.51,72.01657104492188,2.51,78.6852035522461
2.52,13.89186668395996,2.5200000000000014,101.0719757080078,2.52,14.435405731201172,2.52,72.01610565185547,2.52,78.68482971191406
2.53,13.88853931427002,2.530000000000001,101.07447814941406,2.53,14.434224128723145,2.53,72.01543426513672,2.53,78.68338775634766
2.539999999999999,13.888906478881836,2.540000000000001,101.07567596435548,2.539999999999999,14.435219764709473,2.539999999999999,72.01406860351562,2.539999999999999,78.6803970336914
2.5500000000000007,13.887226104736328,2.5500000000000007,101.0771713256836,2.549999999999999,14.434161186218262,2.549999999999999,72.01387786865234,2.549999999999999,78.67605590820312
2.5600000000000005,13.885217666625977,2.5600000000000005,101.0774154663086,2.5600000000000005,14.43436050415039,2.5599999999999987,72.0132064819336,2.5600000000000005,78.66915893554688
2.5700000000000003,13.881104469299316,2.5700000000000003,101.07893371582033,2.5700000000000003,14.433863639831545,2.5700000000000003,72.01416015625,2.5700000000000003,78.66626739501953
2.58,13.880772590637209,2.58,101.08047485351562,2.58,14.434571266174316,2.58,72.01361846923828,2.58,78.66134643554688
2.59,13.88188362121582,2.59,101.08033752441406,2.59,14.43370532989502,2.59,72.01338958740234,2.59,78.65679931640625
2.6,13.8837251663208,2.6000000000000014,101.08200073242188,2.6,14.433724403381348,2.6,72.01252746582031,2.6,78.65520477294922
2.610000000000001,13.88443374633789,2.610000000000001,101.08155059814452,2.6099999999999994,14.433486938476562,2.6099999999999994,72.01192474365234,2.6099999999999994,78.6545181274414
2.619999999999999,13.883111953735352,2.620000000000001,101.08141326904295,2.619999999999999,14.432646751403809,2.619999999999999,72.0113296508789,2.619999999999999,78.65454864501953
2.630000000000001,13.882441520690918,2.630000000000001,101.0821762084961,2.629999999999999,14.43161678314209,2.629999999999999,72.01204681396484,2.629999999999999,78.65465545654297
2.639999999999999,13.880441665649414,2.640000000000001,101.08187103271484,2.639999999999999,14.42898178100586,2.639999999999999,72.01251220703125,2.640000000000001,78.65090942382812
2.6500000000000004,13.87932586669922,2.6500000000000004,101.0818862915039,2.6500000000000004,14.4274263381958,2.6500000000000004,72.01408386230469,2.6500000000000004,78.64759063720703
2.6599999999999984,13.876227378845217,2.660000000000002,101.08051300048828,2.66,14.425816535949709,2.66,72.01397705078125,2.66,78.64360809326172
2.67,13.873083114624023,2.67,101.07996368408205,2.67,14.425000190734863,2.67,72.0147476196289,2.67,78.63977813720703
2.680000000000001,13.869223594665527,2.680000000000001,101.07940673828124,2.68,14.42211627960205,2.68,72.01497650146484,2.68,78.63658142089844
2.6899999999999995,13.865577697753906,2.6899999999999995,101.07709503173828,2.6899999999999995,14.420879364013672,2.6899999999999995,72.015869140625,2.6899999999999995,78.63397979736328
2.700000000000001,13.86279296875,2.700000000000001,101.07512664794922,2.7,14.417988777160645,2.7,72.01492309570312,2.7,78.63260650634766
2.709999999999999,13.860603332519531,2.709999999999999,101.07202911376952,2.710000000000001,14.414618492126465,2.709999999999999,72.015380859375,2.709999999999999,78.63192749023438
2.7200000000000006,13.857425689697266,2.7200000000000006,101.06890106201172,2.719999999999999,14.410717964172363,2.719999999999999,72.0170669555664,2.7200000000000006,78.63392639160156
2.729999999999998,13.854660034179688,2.730000000000002,101.06818389892578,2.7300000000000004,14.407403945922852,2.729999999999998,72.01551055908203,2.7300000000000004,78.63255310058594
2.74,13.853031158447266,2.74,101.0688934326172,2.7399999999999984,14.404067039489746,2.74,72.0163803100586,2.74,78.63253021240234
2.7499999999999982,13.851844787597656,2.7500000000000018,101.06819915771484,2.75,14.402697563171388,2.75,72.01748657226562,2.75,78.63106536865234
2.76,13.85193920135498,2.76,101.06658172607422,2.759999999999998,14.400811195373535,2.76,72.01626586914062,2.76,78.62882232666016
2.7700000000000014,13.85188102722168,2.7700000000000014,101.06793975830078,2.77,14.39872932434082,2.77,72.01689910888672,2.77,78.62846374511719
2.78,13.851953506469728,2.78,101.0658950805664,2.780000000000001,14.397298812866213,2.78,72.01643371582031,2.78,78.6282958984375
2.790000000000001,13.851654052734377,2.790000000000001,101.06515502929688,2.789999999999999,14.395843505859377,2.789999999999999,72.01631164550781,2.789999999999999,78.62873840332031
2.799999999999999,13.851639747619627,2.799999999999999,101.0645523071289,2.8000000000000007,14.39521026611328,2.8000000000000007,72.01612854003906,2.799999999999999,78.62791442871094
2.8100000000000005,13.850553512573242,2.8100000000000005,101.06473541259766,2.8099999999999987,14.394537925720217,2.8099999999999987,72.01557922363281,2.8100000000000005,78.62569427490234
2.8199999999999985,13.847970962524414,2.820000000000002,101.06450653076172,2.8200000000000003,14.394448280334473,2.8200000000000003,72.01405334472656,2.8200000000000003,78.62590789794922
2.83,13.844382286071776,2.83,101.0646514892578,2.8299999999999983,14.3956937789917,2.8299999999999983,72.01290893554688,2.83,78.62647247314453
2.8400000000000016,13.841592788696287,2.8400000000000016,101.0654754638672,2.84,14.396214485168455,2.84,72.011474609375,2.84,78.62484741210938
2.85,13.841449737548828,2.85,101.06641387939452,2.849999999999998,14.39755153656006,2.849999999999998,72.01008605957031,2.85,78.62274932861328
2.860000000000001,13.84079933166504,2.860000000000001,101.0670394897461,2.8599999999999994,14.401290893554688,2.8599999999999994,72.00987243652344,2.8599999999999994,78.61907958984375
2.869999999999999,13.842455863952637,2.869999999999999,101.06702423095705,2.870000000000001,14.403401374816896,2.870000000000001,72.00971984863281,2.870000000000001,78.61408233642578
2.880000000000001,13.844847679138184,2.880000000000001,101.06631469726562,2.879999999999999,14.407012939453123,2.879999999999999,72.00888061523438,2.879999999999999,78.60872650146484
2.889999999999999,13.84575653076172,2.8900000000000023,101.0667724609375,2.890000000000001,14.411026000976562,2.890000000000001,72.00817108154297,2.890000000000001,78.6024398803711
2.9000000000000004,13.847725868225098,2.9000000000000004,101.0680694580078,2.8999999999999986,14.414061546325684,2.8999999999999986,72.00578308105469,2.8999999999999986,78.59668731689453
2.9099999999999984,13.848087310791016,2.910000000000002,101.06851959228516,2.91,14.41711139678955,2.91,72.0049057006836,2.91,78.59459686279297
2.92,13.84943389892578,2.92,101.06930541992188,2.919999999999998,14.421202659606934,2.919999999999998,72.00447082519531,2.919999999999998,78.59146118164062
2.930000000000001,13.850276947021484,2.930000000000001,101.06910705566406,2.93,14.426162719726562,2.93,72.00353240966797,2.93,78.58988952636719
2.9399999999999995,13.847986221313477,2.9399999999999995,101.06941986083984,2.9400000000000013,14.430974960327148,2.9399999999999977,72.00390625,2.9400000000000013,78.5874252319336
2.950000000000001,13.846187591552734,2.950000000000001,101.06845092773438,2.95,14.434229850769045,2.95,72.00360870361328,2.95,78.58375549316406
2.959999999999999,13.84449291229248,2.959999999999999,101.0677719116211,2.960000000000001,14.437578201293944,2.960000000000001,72.00301361083984,2.960000000000001,78.58033752441406
2.9700000000000006,13.84532070159912,2.9700000000000006,101.06688690185548,2.969999999999999,14.439138412475586,2.969999999999999,72.00306701660156,2.969999999999999,78.57655334472656
2.979999999999998,13.845386505126951,2.980000000000002,101.06597900390624,2.9800000000000004,14.44079303741455,2.9800000000000004,72.00302124023438,2.9800000000000004,78.57274627685547
2.99,13.845458030700684,2.99,101.0670166015625,2.9899999999999984,14.443242073059082,2.9899999999999984,72.0027847290039,2.9899999999999984,78.57105255126953
2.9999999999999982,13.845001220703123,3.0000000000000018,101.06871795654295,3.0,14.447087287902832,3.0,72.00241088867188,3.0,78.56958770751953
3.01,13.843672752380373,3.01,101.06917572021484,3.009999999999998,14.44932460784912,3.009999999999998,72.00334167480469,3.009999999999998,78.56729888916016
3.0200000000000014,13.842063903808594,3.0200000000000014,101.07376861572266,3.02,14.450873374938965,3.02,72.00199890136719,3.02,78.56388854980469
3.03,13.837767601013184,3.03,101.0757827758789,3.030000000000001,14.452319145202637,3.030000000000001,72.00072479248047,3.030000000000001,78.5617446899414
3.040000000000001,13.833542823791504,3.040000000000001,101.07691955566406,3.039999999999999,14.452902793884276,3.039999999999999,71.9997787475586,3.039999999999999,78.56404876708984
3.049999999999999,13.832109451293944,3.049999999999999,101.0782470703125,3.0500000000000007,14.455705642700195,3.0500000000000007,71.99822998046875,3.0500000000000007,78.566162109375
3.0600000000000005,13.830723762512209,3.0600000000000005,101.07994079589844,3.0599999999999987,14.456581115722656,3.0599999999999987,71.99786376953125,3.0599999999999987,78.56620788574219
3.0699999999999985,13.831408500671388,3.070000000000002,101.08161926269533,3.0700000000000003,14.459181785583496,3.0700000000000003,71.99681854248047,3.0700000000000003,78.56356048583984
3.08,13.834553718566896,3.08,101.08515167236328,3.0799999999999983,14.460168838500977,3.0799999999999983,71.99732971191406,3.0799999999999983,78.56356811523438
3.0900000000000016,13.840047836303713,3.0900000000000016,101.08702850341795,3.09,14.460810661315918,3.09,71.99687957763672,3.09,78.5621109008789
3.1,13.84411907196045,3.1,101.08840942382812,3.099999999999998,14.460749626159668,3.099999999999998,71.9975814819336,3.1000000000000014,78.56260681152344
3.110000000000001,13.848000526428224,3.110000000000001,101.08728790283205,3.1099999999999994,14.461142539978027,3.1099999999999994,71.99752807617188,3.1099999999999994,78.56668090820312
3.119999999999999,13.8524169921875,3.119999999999999,101.0872802734375,3.120000000000001,14.46042823791504,3.120000000000001,71.99842071533203,3.120000000000001,78.56951904296875
3.130000000000001,13.855247497558594,3.130000000000001,101.08740234375,3.129999999999999,14.45990753173828,3.129999999999999,71.99874114990234,3.129999999999999,78.57379150390625
3.139999999999999,13.857925415039062,3.1400000000000023,101.08644104003906,3.140000000000001,14.45961570739746,3.140000000000001,71.99956512451172,3.140000000000001,78.58133697509766
3.1500000000000004,13.861413955688477,3.1500000000000004,101.08679962158205,3.1499999999999986,14.460793495178224,3.1499999999999986,71.99962615966797,3.1499999999999986,78.58168029785156
3.1599999999999984,13.86505126953125,3.160000000000002,101.08690643310548,3.16,14.462854385375977,3.16,71.9981689453125,3.16,78.57942962646484
3.17,13.868754386901855,3.17,101.08688354492188,3.169999999999998,14.464329719543455,3.169999999999998,71.99844360351562,3.169999999999998,78.57952880859375
3.180000000000001,13.870277404785156,3.180000000000001,101.08778381347656,3.18,14.466456413269045,3.18,71.99999237060547,3.18,78.57966613769531
3.1899999999999995,13.870704650878906,3.1899999999999995,101.08860778808594,3.1900000000000013,14.467208862304688,3.1899999999999977,72.00020599365234,3.1900000000000013,78.57915496826172
3.200000000000001,13.863593101501465,3.200000000000001,101.09010314941406,3.2,14.469923973083496,3.2,72.00054168701172,3.2,78.57764434814453
3.209999999999999,13.859846115112305,3.209999999999999,101.09112548828124,3.210000000000001,14.47059154510498,3.210000000000001,72.00140380859375,3.210000000000001,78.5768051147461
3.2200000000000006,13.856340408325195,3.2200000000000006,101.09051513671876,3.219999999999999,14.472375869750977,3.219999999999999,72.0027084350586,3.219999999999999,78.57652282714844
3.229999999999998,13.854299545288086,3.230000000000002,101.08911895751952,3.2300000000000004,14.474881172180176,3.2300000000000004,72.00288391113281,3.2300000000000004,78.57723999023438
3.24,13.852086067199709,3.24,101.08846282958984,3.2399999999999984,14.477594375610352,3.2399999999999984,72.00373077392578,3.2399999999999984,78.5783920288086
3.2499999999999982,13.84926986694336,3.2500000000000018,101.0882797241211,3.25,14.480154037475586,3.25,72.00399017333984,3.25,78.5804214477539
3.26,13.846994400024414,3.26,101.08920288085938,3.259999999999998,14.484217643737791,3.259999999999998,72.00418853759766,3.259999999999998,78.58049774169922
3.2700000000000014,13.844183921813965,3.2700000000000014,101.09137725830078,3.27,14.488250732421877,3.27,72.003662109375,3.27,78.57942199707031
3.28,13.843847274780272,3.28,101.09173583984376,3.280000000000001,14.492562294006348,3.280000000000001,72.00345611572266,3.280000000000001,78.58151245117188
3.290000000000001,13.843130111694336,3.290000000000001,101.09396362304688,3.289999999999999,14.496689796447754,3.289999999999999,72.00321960449219,3.289999999999999,78.58280944824219
3.299999999999999,13.842692375183104,3.299999999999999,101.09667205810548,3.3000000000000007,14.50048542022705,3.3000000000000007,72.00238800048828,3.3000000000000007,78.58049011230469
3.3100000000000005,13.840936660766602,3.3100000000000005,101.09857177734376,3.3099999999999987,14.505717277526855,3.3099999999999987,72.00119018554688,3.3099999999999987,78.58259582519531
3.3199999999999985,13.838891983032228,3.320000000000002,101.10196685791016,3.3200000000000003,14.50966739654541,3.3200000000000003,72.00065612792969,3.3200000000000003,78.58529663085938
3.33,13.836007118225098,3.33,101.10528564453124,3.3299999999999983,14.51423168182373,3.3299999999999983,72.00141143798828,3.3299999999999983,78.58757019042969
3.3400000000000016,13.832510948181152,3.3400000000000016,101.1077880859375,3.34,14.518170356750488,3.34,72.00029754638672,3.34,78.5899429321289
3.35,13.829100608825684,3.35,101.1109619140625,3.349999999999998,14.524073600769045,3.349999999999998,71.99935150146484,3.3500000000000014,78.58683013916016
3.360000000000001,13.826921463012695,3.360000000000001,101.11426544189452,3.3599999999999994,14.528594017028809,3.3599999999999994,71.9987564086914,3.3599999999999994,78.58326721191406
3.369999999999999,13.82478141784668,3.369999999999999,101.11690521240234,3.370000000000001,14.533402442932127,3.370000000000001,71.99803924560547,3.370000000000001,78.57860565185547
3.380000000000001,13.823874473571776,3.380000000000001,101.11941528320312,3.379999999999999,14.537035942077637,3.379999999999999,71.99675750732422,3.379999999999999,78.5741195678711
3.389999999999999,13.827866554260254,3.3900000000000023,101.12183380126952,3.390000000000001,14.540597915649414,3.390000000000001,71.99510955810547,3.390000000000001,78.57235717773438
3.4000000000000004,13.830294609069824,3.4000000000000004,101.12496948242188,3.3999999999999986,14.543500900268556,3.3999999999999986,71.99571228027344,3.3999999999999986,78.57215118408203
3.4099999999999984,13.833675384521484,3.410000000000002,101.1269760131836,3.41,14.54781723022461,3.41,71.99478149414062,3.41,78.56854248046875
3.42,13.843864440917969,3.42,101.12889099121094,3.419999999999998,14.55053424835205,3.419999999999998,71.9947738647461,3.419999999999998,78.56729888916016
3.430000000000001,13.848838806152344,3.430000000000001,101.13069915771484,3.43,14.553120613098145,3.43,71.99623107910156,3.43,78.56597137451172
3.4399999999999995,13.851448059082031,3.4399999999999995,101.13174438476562,3.4400000000000013,14.555347442626951,3.4399999999999977,71.9976577758789,3.4400000000000013,78.56451416015625
3.450000000000001,13.853145599365234,3.450000000000001,101.13078308105467,3.45,14.557239532470703,3.45,71.99787902832031,3.45,78.56341552734375
3.459999999999999,13.854840278625488,3.459999999999999,101.13062286376952,3.460000000000001,14.558622360229492,3.460000000000001,71.99811553955078,3.460000000000001,78.56047058105469
3.4700000000000006,13.858641624450684,3.4700000000000006,101.12770080566406,3.469999999999999,14.559149742126465,3.469999999999999,71.99817657470703,3.469999999999999,78.56021118164062
3.479999999999998,13.864531517028809,3.480000000000002,101.12635040283205,3.4800000000000004,14.56065273284912,3.4800000000000004,71.99822998046875,3.4800000000000004,78.56195068359375
3.49,13.86967945098877,3.49,101.12635803222656,3.4899999999999984,14.562710762023926,3.4899999999999984,71.99800872802734,3.4899999999999984,78.56375122070312
3.4999999999999982,13.871795654296877,3.5000000000000018,101.12554931640624,3.5,14.563419342041016,3.5,71.99742889404297,3.5,78.56668853759766
3.51,13.8724946975708,3.51,101.1256866455078,3.509999999999998,14.56354522705078,3.509999999999998,71.99662017822266,3.509999999999998,78.5674819946289
3.5200000000000014,13.872125625610352,3.5200000000000014,101.12317657470705,3.52,14.565070152282717,3.52,71.99645233154297,3.52,78.56929779052734
3.53,13.872401237487791,3.53,101.1228485107422,3.530000000000001,14.564897537231444,3.530000000000001,71.9969482421875,3.530000000000001,78.56877136230469
3.540000000000001,13.8712797164917,3.540000000000001,101.12403106689452,3.539999999999999,14.566143035888672,3.539999999999999,71.99739074707031,3.539999999999999,78.56809997558594
3.549999999999999,13.869986534118652,3.549999999999999,101.12352752685548,3.5500000000000007,14.567028999328612,3.5500000000000007,71.99502563476562,3.5500000000000007,78.57194519042969
3.5600000000000005,13.86971664428711,3.5600000000000005,101.1234893798828,3.5599999999999987,14.568489074707031,3.5599999999999987,71.99685668945312,3.5599999999999987,78.57638549804688
3.5699999999999985,13.86829662322998,3.570000000000002,101.1244888305664,3.5700000000000003,14.570013999938965,3.5700000000000003,71.99727630615234,3.5700000000000003,78.57750701904297
3.58,13.868036270141602,3.58,101.12538146972656,3.5799999999999983,14.571446418762209,3.5799999999999983,71.99806213378906,3.5799999999999983,78.58032989501953
3.5900000000000016,13.866515159606934,3.5900000000000016,101.1271743774414,3.59,14.574950218200684,3.59,71.99749755859375,3.59,78.5843505859375
3.6,13.863567352294922,3.6,101.12932586669922,3.599999999999998,14.578866958618164,3.599999999999998,71.99707794189453,3.6000000000000014,78.59086608886719
3.610000000000001,13.863251686096191,3.610000000000001,101.12905883789062,3.61,14.58272933959961,3.61,71.997314453125,3.61,78.59671783447266
3.619999999999999,13.864876747131348,3.619999999999999,101.12982940673828,3.620000000000001,14.5861177444458,3.620000000000001,71.99746704101562,3.620000000000001,78.59962463378906
3.630000000000001,13.868866920471191,3.630000000000001,101.13097381591795,3.629999999999999,14.589153289794922,3.629999999999999,71.99726867675781,3.629999999999999,78.60127258300781
3.639999999999999,13.871017456054688,3.6400000000000015,101.1327896118164,3.640000000000001,14.590302467346191,3.640000000000001,71.9968490600586,3.640000000000001,78.60244750976562
3.65,13.873815536499023,3.65,101.13450622558594,3.649999999999999,14.591537475585938,3.649999999999999,71.99661254882812,3.649999999999999,78.60028839111328
3.6599999999999984,13.875730514526367,3.660000000000002,101.13665771484376,3.66,14.594337463378906,3.66,71.99492645263672,3.66,78.59919738769531
3.67,13.877480506896973,3.67,101.13652801513672,3.669999999999998,14.596866607666016,3.669999999999998,71.99467468261719,3.669999999999998,78.59846496582031
3.6800000000000015,13.87899112701416,3.6800000000000015,101.13800811767578,3.68,14.59929656982422,3.68,71.99440002441406,3.68,78.59550476074219
3.69,13.880000114440918,3.69,101.13916015625,3.690000000000001,14.603703498840332,3.6899999999999977,71.99319458007812,3.690000000000001,78.59486389160156
3.700000000000001,13.88144874572754,3.700000000000001,101.13931274414062,3.6999999999999993,14.6085786819458,3.6999999999999993,71.99290466308594,3.6999999999999993,78.5960922241211
3.709999999999999,13.880809783935549,3.709999999999999,101.14086151123048,3.710000000000001,14.61379337310791,3.710000000000001,71.9930419921875,3.710000000000001,78.59329223632812
3.7200000000000006,13.880441665649414,3.7200000000000006,101.14132690429688,3.719999999999999,14.61715602874756,3.719999999999999,71.99456787109375,3.719999999999999,78.58915710449219
3.729999999999999,13.881114959716797,3.730000000000002,101.1417999267578,3.73,14.62116527557373,3.73,71.9946060180664,3.73,78.5846176147461
3.74,13.882926940917969,3.74,101.14177703857422,3.7399999999999984,14.623748779296877,3.7399999999999984,71.99446105957031,3.7399999999999984,78.58045196533203
3.7500000000000018,13.883424758911133,3.7500000000000018,101.1427993774414,3.75,14.626258850097656,3.75,71.9960708618164,3.75,78.57705688476562
3.76,13.884127616882324,3.76,101.14363861083984,3.759999999999998,14.62912368774414,3.759999999999998,71.99581909179688,3.759999999999998,78.57293701171875
3.770000000000002,13.885851860046388,3.770000000000002,101.14363098144533,3.77,14.630117416381836,3.77,71.99539947509766,3.77,78.56880950927734
3.78,13.886170387268066,3.78,101.1445083618164,3.780000000000001,14.631864547729492,3.780000000000001,71.99378967285156,3.780000000000001,78.56462097167969
3.790000000000001,13.885604858398438,3.790000000000001,101.1446762084961,3.789999999999999,14.632322311401367,3.789999999999999,71.9948959350586,3.789999999999999,78.56071472167969
3.799999999999999,13.884943008422852,3.8000000000000025,101.14533996582033,3.8000000000000007,14.634547233581545,3.8000000000000007,71.99486541748047,3.8000000000000007,78.55684661865234
3.810000000000001,13.884663581848145,3.810000000000001,101.1465835571289,3.809999999999999,14.635461807250977,3.809999999999999,71.99565887451172,3.809999999999999,78.55301666259766
3.82,13.8846435546875,3.820000000000002,101.14784240722656,3.82,14.637161254882812,3.82,71.99554443359375,3.82,78.54828643798828
3.83,13.88295078277588,3.83,101.14877319335938,3.8299999999999983,14.637995719909668,3.8299999999999983,71.99667358398438,3.8299999999999983,78.54243469238281
3.8400000000000016,13.882243156433104,3.8400000000000016,101.14952850341795,3.84,14.638498306274414,3.84,71.9945297241211,3.84,78.5394058227539
3.85,13.881109237670898,3.85,101.14989471435548,3.8500000000000014,14.640764236450195,3.849999999999998,71.99440002441406,3.8500000000000014,78.53473663330078
3.860000000000001,13.880903244018556,3.860000000000001,101.15152740478516,3.86,14.643009185791016,3.86,71.99357604980469,3.86,78.53189849853516
3.869999999999999,13.881120681762695,3.869999999999999,101.15367889404295,3.870000000000001,14.64433765411377,3.870000000000001,71.99417114257812,3.870000000000001,78.5284194946289
3.880000000000001,13.881959915161133,3.880000000000001,101.15563201904295,3.879999999999999,14.645421028137209,3.879999999999999,71.9942855834961,3.879999999999999,78.52454376220703
3.889999999999999,13.882787704467772,3.8900000000000015,101.1578598022461,3.890000000000001,14.64673900604248,3.890000000000001,71.9935531616211,3.890000000000001,78.5190200805664
3.9,13.8825044631958,3.9,101.1600570678711,3.899999999999999,14.65060806274414,3.899999999999999,71.99235534667969,3.899999999999999,78.51422119140625
3.9099999999999984,13.879261016845703,3.910000000000002,101.1609115600586,3.91,14.65385913848877,3.91,71.9931640625,3.91,78.50853729248047
3.92,13.877270698547363,3.92,101.16381072998048,3.919999999999998,14.65651798248291,3.919999999999998,71.99131774902344,3.919999999999998,78.50334167480469
3.9300000000000015,13.87754726409912,3.9300000000000015,101.16659545898438,3.93,14.659667015075684,3.93,71.99226379394531,3.93,78.49786376953125
3.94,13.877730369567873,3.94,101.16896057128906,3.940000000000001,14.660799026489258,3.940000000000001,71.9931869506836,3.940000000000001,78.49150085449219
3.950000000000001,13.87806510925293,3.950000000000001,101.17119598388672,3.9499999999999993,14.662528038024902,3.9499999999999993,71.99298095703125,3.9499999999999993,78.48490905761719
3.959999999999999,13.878984451293944,3.959999999999999,101.17337799072266,3.960000000000001,14.663925170898438,3.960000000000001,71.993896484375,3.960000000000001,78.47891998291016
3.9700000000000006,13.881053924560549,3.9700000000000006,101.17566680908205,3.969999999999999,14.66553020477295,3.969999999999999,71.9944839477539,3.969999999999999,78.47550201416016
3.979999999999999,13.88168239593506,3.980000000000002,101.17809295654295,3.98,14.664883613586426,3.98,71.99420166015625,3.98,78.47057342529297
3.99,13.884424209594728,3.99,101.17937469482422,3.9899999999999984,14.665258407592772,3.9899999999999984,71.9914321899414,3.9899999999999984,78.46614837646484
4.000000000000002,13.894383430480955,4.000000000000002,101.18022918701172,4.0,14.664589881896973,4.0,71.98960876464844,4.0,78.46124267578125
4.01,13.896036148071287,4.01,101.18177795410156,4.009999999999998,14.664341926574709,4.009999999999998,71.99072265625,4.010000000000002,78.45469665527344
4.020000000000001,13.896313667297363,4.020000000000001,101.18172454833984,4.02,14.665560722351074,4.02,71.98820495605469,4.02,78.44725036621094
4.029999999999999,13.896512985229492,4.029999999999999,101.18184661865234,4.030000000000001,14.666571617126465,4.030000000000001,71.98990631103516,4.030000000000001,78.44183349609375
4.040000000000001,13.895991325378418,4.040000000000001,101.1835479736328,4.039999999999999,14.667567253112791,4.039999999999999,71.990234375,4.039999999999999,78.43695068359375
4.049999999999999,13.894821166992188,4.0500000000000025,101.18368530273438,4.050000000000001,14.668590545654297,4.050000000000001,71.99040222167969,4.050000000000001,78.43229675292969
4.0600000000000005,13.89653491973877,4.0600000000000005,101.18478393554688,4.059999999999999,14.667386054992676,4.059999999999999,71.99210357666016,4.059999999999999,78.42839050292969
4.069999999999999,13.895240783691406,4.070000000000002,101.18712615966795,4.07,14.667463302612305,4.07,71.99264526367188,4.07,78.42692565917969
4.08,13.894838333129885,4.08,101.18915557861328,4.079999999999998,14.668461799621582,4.079999999999998,71.99345397949219,4.079999999999998,78.4255142211914
4.090000000000002,13.892949104309082,4.090000000000002,101.19097137451172,4.09,14.66952133178711,4.09,71.99386596679688,4.09,78.42298126220703
4.1,13.888827323913574,4.1,101.193359375,4.100000000000001,14.670226097106934,4.099999999999998,71.9940185546875,4.100000000000001,78.41932678222656
4.110000000000001,13.88410472869873,4.110000000000001,101.19602966308594,4.109999999999999,14.669748306274414,4.109999999999999,71.99368286132812,4.109999999999999,78.41511535644531
4.119999999999999,13.879512786865234,4.119999999999999,101.19786834716795,4.120000000000001,14.669160842895508,4.120000000000001,71.9932632446289,4.120000000000001,78.41095733642578
4.130000000000001,13.8777437210083,4.130000000000001,101.1998062133789,4.129999999999999,14.667067527770996,4.129999999999999,71.99263763427734,4.129999999999999,78.4066162109375
4.139999999999999,13.873538970947266,4.140000000000002,101.20110321044922,4.140000000000001,14.665663719177246,4.140000000000001,71.99217987060547,4.140000000000001,78.40392303466797
4.15,13.87290096282959,4.15,101.20338439941406,4.149999999999999,14.665839195251465,4.149999999999999,71.98957824707031,4.149999999999999,78.40058135986328
4.159999999999998,13.875826835632324,4.160000000000002,101.20525360107422,4.16,14.665905952453612,4.16,71.98937225341797,4.16,78.3990249633789
4.17,13.87544059753418,4.17,101.2089385986328,4.169999999999998,14.666288375854492,4.169999999999998,71.98885345458984,4.169999999999998,78.39643859863281
4.1800000000000015,13.876696586608888,4.1800000000000015,101.21125793457033,4.18,14.667055130004885,4.18,71.9890365600586,4.18,78.39411163330078
4.19,13.877819061279297,4.19,101.21327209472656,4.190000000000001,14.667271614074709,4.190000000000001,71.98841857910156,4.190000000000001,78.38957977294922
4.200000000000001,13.877481460571287,4.200000000000001,101.21495056152344,4.199999999999999,14.666707038879396,4.199999999999999,71.98908233642578,4.199999999999999,78.3847427368164
4.209999999999999,13.87709903717041,4.209999999999999,101.21411895751952,4.210000000000001,14.664793014526367,4.210000000000001,71.98943328857422,4.210000000000001,78.38141632080078
4.220000000000001,13.877845764160156,4.220000000000001,101.21388244628906,4.219999999999999,14.663620948791504,4.219999999999999,71.9896240234375,4.219999999999999,78.3780746459961
4.229999999999999,13.88081169128418,4.230000000000002,101.21346282958984,4.23,14.660455703735352,4.23,71.98896789550781,4.23,78.37681579589844
4.24,13.884273529052734,4.24,101.21192932128906,4.239999999999998,14.657807350158691,4.239999999999998,71.98843383789062,4.239999999999998,78.37471771240234
4.250000000000002,13.886202812194824,4.250000000000002,101.20977020263672,4.25,14.65499496459961,4.25,71.98847198486328,4.25,78.37356567382812
4.26,13.890122413635254,4.26,101.20867156982422,4.259999999999998,14.650404930114746,4.259999999999998,71.98690032958984,4.260000000000002,78.37186431884766
4.270000000000001,13.891846656799316,4.270000000000001,101.20851135253906,4.27,14.647553443908691,4.27,71.98675537109375,4.27,78.37117767333984
4.279999999999999,13.89224910736084,4.279999999999999,101.20719146728516,4.280000000000001,14.64433765411377,4.280000000000001,71.98804473876953,4.280000000000001,78.37397003173828
4.290000000000001,13.892428398132324,4.290000000000001,101.20548248291016,4.289999999999999,14.641443252563477,4.289999999999999,71.9887924194336,4.289999999999999,78.3775863647461
4.299999999999999,13.89069938659668,4.3000000000000025,101.20367431640624,4.300000000000001,14.63646125793457,4.300000000000001,71.99018096923828,4.300000000000001,78.38188171386719
4.3100000000000005,13.88961124420166,4.3100000000000005,101.20205688476562,4.309999999999999,14.631044387817385,4.309999999999999,71.98988342285156,4.309999999999999,78.38626861572266
4.319999999999999,13.88864803314209,4.320000000000002,101.20023345947266,4.32,14.625686645507812,4.32,71.98989868164062,4.32,78.39086151123047
4.33,13.88759994506836,4.33,101.19854736328124,4.329999999999998,14.620783805847168,4.329999999999998,71.98977661132812,4.329999999999998,78.39253997802734
4.340000000000002,13.88634967803955,4.340000000000002,101.19879150390624,4.34,14.617387771606444,4.34,71.99050903320312,4.34,78.39542388916016
4.35,13.883349418640137,4.35,101.19805908203124,4.350000000000001,14.614670753479004,4.349999999999998,71.9897689819336,4.350000000000001,78.39962768554688
4.360000000000001,13.881420135498049,4.360000000000001,101.1963348388672,4.359999999999999,14.611968040466309,4.359999999999999,71.9902114868164,4.359999999999999,78.40320587158203
4.369999999999999,13.879085540771484,4.369999999999999,101.19393157958984,4.370000000000001,14.609792709350586,4.370000000000001,71.99131774902344,4.370000000000001,78.40792083740234
4.380000000000001,13.87697696685791,4.380000000000001,101.19234466552734,4.379999999999999,14.605377197265623,4.379999999999999,71.9912109375,4.379999999999999,78.41260528564453
4.389999999999999,13.87391757965088,4.390000000000002,101.19164276123048,4.390000000000001,14.602534294128418,4.390000000000001,71.9898452758789,4.390000000000001,78.41803741455078
4.4,13.870912551879885,4.4,101.19036865234376,4.399999999999999,14.600353240966797,4.399999999999999,71.9906005859375,4.399999999999999,78.4217529296875
4.409999999999998,13.867169380187988,4.410000000000002,101.19098663330078,4.41,14.598154067993164,4.41,71.990234375,4.41,78.42488861083984
4.42,13.865458488464355,4.42,101.1906967163086,4.419999999999998,14.595823287963867,4.419999999999998,71.98883819580078,4.419999999999998,78.42700958251953
4.4300000000000015,13.865360260009766,4.4300000000000015,101.19051361083984,4.43,14.59210205078125,4.43,71.98811340332031,4.43,78.42752075195312
4.44,13.865413665771484,4.44,101.19050598144533,4.440000000000001,14.588323593139648,4.440000000000001,71.98739624023438,4.440000000000001,78.4303970336914
4.450000000000001,13.86814785003662,4.450000000000001,101.1916275024414,4.449999999999999,14.584630012512209,4.449999999999999,71.98762512207031,4.449999999999999,78.43529510498047
4.459999999999999,13.870344161987305,4.459999999999999,101.19210815429688,4.460000000000001,14.581789016723633,4.460000000000001,71.98751068115234,4.460000000000001,78.4389877319336
4.470000000000001,13.869054794311523,4.470000000000001,101.19334411621094,4.469999999999999,14.579061508178713,4.469999999999999,71.98680114746094,4.469999999999999,78.44010162353516
4.479999999999999,13.868728637695312,4.480000000000002,101.19403076171876,4.48,14.579384803771973,4.48,71.9827651977539,4.48,78.4429931640625
4.49,13.867966651916504,4.49,101.19483947753906,4.489999999999998,14.57896614074707,4.489999999999998,71.98387145996094,4.489999999999998,78.44679260253906
4.500000000000002,13.867966651916504,4.500000000000002,101.19593811035156,4.5,14.579205513000488,4.5,71.9848403930664,4.5,78.44580078125
4.51,13.869375228881836,4.51,101.1970672607422,4.509999999999998,14.577743530273438,4.509999999999998,71.98655700683594,4.510000000000002,78.44712829589844
4.520000000000001,13.870126724243164,4.520000000000001,101.19780731201172,4.52,14.576004028320312,4.52,71.98728942871094,4.52,78.44965362548828
4.529999999999999,13.871882438659668,4.529999999999999,101.19776916503906,4.530000000000001,14.573148727416992,4.530000000000001,71.98727416992188,4.530000000000001,78.4491958618164
4.540000000000001,13.872906684875488,4.540000000000001,101.19969940185548,4.539999999999999,14.569767951965332,4.539999999999999,71.98854064941406,4.539999999999999,78.4524154663086
4.549999999999999,13.872337341308594,4.5500000000000025,101.19954681396484,4.550000000000001,14.565218925476074,4.550000000000001,71.98951721191406,4.550000000000001,78.45587921142578
4.5600000000000005,13.873872756958008,4.5600000000000005,101.1986083984375,4.559999999999999,14.56302261352539,4.559999999999999,71.98990631103516,4.559999999999999,78.45740509033203
4.569999999999999,13.87429141998291,4.570000000000002,101.19840240478516,4.57,14.55953598022461,4.57,71.99192810058594,4.57,78.45806121826172
4.58,13.873485565185549,4.58,101.19901275634766,4.579999999999998,14.557479858398438,4.579999999999998,71.99205017089844,4.579999999999998,78.45894622802734
4.590000000000002,13.870046615600586,4.590000000000002,101.2010726928711,4.59,14.556358337402344,4.59,71.99192810058594,4.59,78.46247863769531
4.6,13.86886215209961,4.6,101.20255279541016,4.600000000000001,14.553967475891112,4.599999999999998,71.99325561523438,4.600000000000001,78.4638900756836
4.610000000000001,13.866339683532717,4.610000000000001,101.2038116455078,4.609999999999999,14.552215576171877,4.609999999999999,71.99360656738281,4.609999999999999,78.46569061279297
4.619999999999999,13.86648941040039,4.619999999999999,101.20380401611328,4.620000000000001,14.54877471923828,4.620000000000001,71.9938735961914,4.620000000000001,78.47054290771484
4.630000000000001,13.866218566894531,4.630000000000001,101.2034683227539,4.629999999999999,14.54573917388916,4.629999999999999,71.99473571777344,4.629999999999999,78.47611999511719
4.639999999999999,13.867039680480955,4.640000000000002,101.20398712158205,4.640000000000001,14.541654586791992,4.640000000000001,71.99604034423828,4.640000000000001,78.4804916381836
4.65,13.867334365844728,4.65,101.20314025878906,4.649999999999999,14.538393020629885,4.649999999999999,71.99675750732422,4.649999999999999,78.48270416259766
4.659999999999998,13.873418807983398,4.660000000000002,101.2017593383789,4.66,14.535669326782228,4.66,71.99565124511719,4.66,78.48206329345703
4.67,13.871824264526367,4.67,101.2007827758789,4.669999999999998,14.533122062683104,4.669999999999998,71.99617004394531,4.669999999999998,78.48115539550781
4.6800000000000015,13.870641708374023,4.6800000000000015,101.20027160644533,4.68,14.531476020812988,4.68,71.99625396728516,4.68,78.48108673095703
4.69,13.8682279586792,4.69,101.19920349121094,4.690000000000001,14.53028964996338,4.690000000000001,71.9946060180664,4.690000000000001,78.48233795166016
4.700000000000001,13.866868019104004,4.700000000000001,101.19881439208984,4.699999999999999,14.52957534790039,4.699999999999999,71.99270629882812,4.699999999999999,78.48106384277344
4.709999999999999,13.865328788757324,4.709999999999999,101.19781494140624,4.710000000000001,14.528985977172852,4.710000000000001,71.99331665039062,4.710000000000001,78.48091888427734
4.720000000000001,13.863929748535156,4.720000000000001,101.1983413696289,4.719999999999999,14.528658866882324,4.719999999999999,71.9945068359375,4.719999999999999,78.48181915283203
4.729999999999999,13.86405086517334,4.730000000000002,101.19834899902344,4.73,14.529339790344238,4.73,71.9940185546875,4.73,78.4842758178711
4.74,13.86394500732422,4.74,101.19713592529295,4.739999999999998,14.528011322021484,4.739999999999998,71.99472045898438,4.739999999999998,78.48734283447266
4.750000000000002,13.863568305969238,4.750000000000002,101.19625091552734,4.75,14.527045249938965,4.75,71.99497985839844,4.75,78.49249267578125
4.76,13.864076614379885,4.76,101.19573211669922,4.759999999999998,14.526631355285645,4.759999999999998,71.99427032470703,4.760000000000002,78.4925308227539
4.770000000000001,13.865280151367188,4.770000000000001,101.1961441040039,4.77,14.527015686035156,4.77,71.99360656738281,4.77,78.49099731445312
4.779999999999999,13.86506175994873,4.779999999999999,101.1971435546875,4.780000000000001,14.529335021972656,4.780000000000001,71.99254608154297,4.780000000000001,78.48876953125
4.790000000000001,13.864134788513184,4.790000000000001,101.19779205322266,4.789999999999999,14.530994415283203,4.789999999999999,71.99275207519531,4.789999999999999,78.48748779296875
4.799999999999999,13.861526489257812,4.8000000000000025,101.1989288330078,4.800000000000001,14.531962394714355,4.800000000000001,71.9928970336914,4.800000000000001,78.48578643798828
4.8100000000000005,13.85881805419922,4.8100000000000005,101.20011901855467,4.809999999999999,14.532076835632324,4.809999999999999,71.99378204345703,4.809999999999999,78.48213195800781
4.819999999999999,13.858165740966797,4.820000000000002,101.20226287841795,4.82,14.532483100891112,4.82,71.99519348144531,4.82,78.48036193847656
4.83,13.85876750946045,4.83,101.20235443115234,4.829999999999998,14.530607223510742,4.829999999999998,71.99604034423828,4.829999999999998,78.48365020751953
4.840000000000002,13.858613967895508,4.840000000000002,101.2021255493164,4.84,14.528668403625488,4.84,71.99491119384766,4.84,78.48619079589844
4.85,13.85861587524414,4.85,101.20250701904295,4.850000000000001,14.52833080291748,4.849999999999998,71.99581146240234,4.850000000000001,78.48324584960938
4.860000000000001,13.858881950378418,4.860000000000001,101.20421600341795,4.859999999999999,14.528888702392578,4.859999999999999,71.99435424804688,4.859999999999999,78.47959899902344
4.869999999999999,13.858190536499023,4.869999999999999,101.20589447021484,4.870000000000001,14.529732704162598,4.870000000000001,71.9942398071289,4.870000000000001,78.4761962890625
4.880000000000001,13.854843139648438,4.880000000000001,101.20751953125,4.879999999999999,14.531426429748535,4.879999999999999,71.9952163696289,4.879999999999999,78.47335815429688
4.889999999999999,13.853863716125488,4.890000000000002,101.20904541015624,4.890000000000001,14.53198528289795,4.890000000000001,71.99610900878906,4.890000000000001,78.47207641601562
4.9,13.853520393371582,4.9,101.21109008789062,4.899999999999999,14.532234191894531,4.899999999999999,71.9976577758789,4.899999999999999,78.47420501708984
4.909999999999998,13.850537300109863,4.910000000000002,101.21268463134766,4.91,14.531291961669922,4.91,71.99655151367188,4.91,78.47480773925781
4.92,13.85142707824707,4.92,101.2135772705078,4.919999999999998,14.53078269958496,4.919999999999998,71.99642944335938,4.919999999999998,78.47721862792969
4.9300000000000015,13.850848197937012,4.9300000000000015,101.21623229980467,4.93,14.528976440429688,4.93,71.9957046508789,4.93,78.4792709350586
4.94,13.85159397125244,4.94,101.21754455566406,4.940000000000001,14.529117584228516,4.940000000000001,71.99551391601562,4.940000000000001,78.47994232177734
4.950000000000001,13.850080490112305,4.950000000000001,101.2187042236328,4.949999999999999,14.529054641723633,4.949999999999999,71.995361328125,4.949999999999999,78.4786376953125
4.959999999999999,13.848955154418944,4.959999999999999,101.22005462646484,4.960000000000001,14.527544975280762,4.960000000000001,71.99531555175781,4.960000000000001,78.47769165039062
4.970000000000001,13.85056495666504,4.970000000000001,101.22239685058594,4.969999999999999,14.52708911895752,4.969999999999999,71.99561309814453,4.969999999999999,78.47624969482422
4.979999999999999,13.846588134765623,4.980000000000002,101.2224349975586,4.98,14.525561332702637,4.98,71.99524688720703,4.98,78.47468566894531
4.99,13.847309112548828,4.99,101.22281646728516,4.989999999999998,14.526360511779783,4.989999999999998,71.99413299560547,4.989999999999998,78.47518157958984
5.000000000000002,13.847832679748535,5.000000000000002,101.22209167480467,5.0,14.525673866271973,5.0,71.99503326416016,5.0,78.4747543334961
5.01,13.847787857055664,5.01,101.2212905883789,5.009999999999998,14.524852752685549,5.009999999999998,71.99633026123047,5.010000000000002,78.4754867553711
5.020000000000001,13.847577095031738,5.020000000000001,101.21959686279295,5.02,14.523475646972656,5.02,71.99734497070312,5.02,78.477294921875
5.029999999999999,13.84860897064209,5.029999999999999,101.21862030029295,5.030000000000001,14.522089958190918,5.030000000000001,71.99749755859375,5.030000000000001,78.4802017211914
5.040000000000001,13.85037326812744,5.040000000000001,101.2173843383789,5.039999999999999,14.519898414611816,5.039999999999999,71.99760437011719,5.039999999999999,78.48238372802734
5.049999999999999,13.852352142333984,5.0500000000000025,101.21624755859376,5.050000000000001,14.517634391784668,5.050000000000001,71.99730682373047,5.050000000000001,78.483154296875
5.0600000000000005,13.854212760925291,5.0600000000000005,101.21516418457033,5.059999999999999,14.515071868896484,5.059999999999999,71.99820709228516,5.059999999999999,78.48655700683594
5.069999999999999,13.855361938476562,5.070000000000002,101.2143096923828,5.07,14.51291275024414,5.07,71.99919891357422,5.07,78.49019622802734
5.08,13.856642723083496,5.08,101.2134017944336,5.079999999999998,14.50921630859375,5.079999999999998,71.99919891357422,5.079999999999998,78.49337768554688
5.090000000000002,13.856878280639648,5.090000000000002,101.21196746826172,5.09,14.506043434143066,5.09,71.99880981445312,5.09,78.49581146240234
5.1,13.856236457824709,5.1,101.21111297607422,5.100000000000001,14.501891136169434,5.099999999999998,71.99988555908203,5.100000000000001,78.50067138671875
5.110000000000001,13.855880737304688,5.110000000000001,101.20995330810548,5.109999999999999,14.497406959533691,5.109999999999999,71.99915313720703,5.109999999999999,78.50535583496094
5.119999999999999,13.85487937927246,5.119999999999999,101.20835876464844,5.120000000000001,14.495041847229004,5.120000000000001,71.99818420410156,5.120000000000001,78.51084899902344
5.130000000000001,13.855021476745604,5.130000000000001,101.20642852783205,5.129999999999999,14.49332046508789,5.129999999999999,71.99773406982422,5.129999999999999,78.51419067382812
5.139999999999999,13.858712196350098,5.140000000000002,101.20552825927734,5.140000000000001,14.49213409423828,5.140000000000001,71.99813842773438,5.140000000000001,78.51342010498047
5.15,13.858321189880373,5.15,101.20458984375,5.149999999999999,14.489741325378418,5.149999999999999,71.99727630615234,5.149999999999999,78.51700592041016
5.159999999999998,13.8577880859375,5.160000000000002,101.20329284667967,5.16,14.486709594726562,5.16,71.99617004394531,5.16,78.5249252319336
5.17,13.856452941894531,5.17,101.2021713256836,5.169999999999998,14.483065605163574,5.169999999999998,71.99810791015625,5.169999999999998,78.53264617919922
5.1800000000000015,13.85627555847168,5.1800000000000015,101.20003509521484,5.18,14.48020839691162,5.18,71.99885559082031,5.18,78.53742980957031
5.19,13.856590270996094,5.19,101.19873809814452,5.190000000000001,14.477046012878418,5.190000000000001,71.99903869628906,5.190000000000001,78.54280853271484
5.200000000000001,13.85609245300293,5.200000000000001,101.1968231201172,5.199999999999999,14.47522258758545,5.199999999999999,71.99995422363281,5.199999999999999,78.54818725585938
5.209999999999999,13.85463809967041,5.209999999999999,101.19664764404295,5.210000000000001,14.472017288208008,5.210000000000001,72.00094604492188,5.210000000000001,78.5521469116211
5.220000000000001,13.854755401611328,5.220000000000001,101.19759368896484,5.219999999999999,14.468988418579102,5.219999999999999,72.0005874633789,5.219999999999999,78.5574951171875
5.229999999999999,13.857108116149902,5.230000000000002,101.19679260253906,5.23,14.465633392333984,5.23,72.00040435791016,5.23,78.56427001953125
5.24,13.855809211730955,5.24,101.1955795288086,5.239999999999998,14.461525917053224,5.239999999999998,71.99929809570312,5.239999999999998,78.56825256347656
5.250000000000002,13.853281021118164,5.250000000000002,101.19479370117188,5.25,14.458827018737791,5.25,71.99977111816406,5.25,78.57261657714844
5.26,13.852952003479004,5.26,101.19465637207033,5.259999999999998,14.455835342407228,5.259999999999998,72.00016784667969,5.260000000000002,78.57660675048828
5.270000000000001,13.852397918701172,5.270000000000001,101.1935043334961,5.27,14.454094886779783,5.27,72.00076293945312,5.27,78.5821762084961
5.279999999999999,13.85340690612793,5.279999999999999,101.19194793701172,5.280000000000001,14.452152252197266,5.280000000000001,72.0017318725586,5.280000000000001,78.58644104003906
5.290000000000001,13.854388236999512,5.290000000000001,101.19042205810548,5.289999999999999,14.450230598449709,5.289999999999999,72.00037384033203,5.289999999999999,78.59000396728516
5.299999999999999,13.86005973815918,5.3000000000000025,101.1893310546875,5.300000000000001,14.448262214660645,5.300000000000001,71.99990844726562,5.300000000000001,78.59378051757812
5.3100000000000005,13.861530303955078,5.3100000000000005,101.18949127197266,5.309999999999999,14.44546127319336,5.309999999999999,71.99967956542969,5.309999999999999,78.59803009033203
5.319999999999999,13.861150741577148,5.320000000000002,101.18902587890624,5.32,14.441874504089355,5.32,71.99958038330078,5.32,78.60115814208984
5.33,13.861258506774902,5.33,101.1886749267578,5.329999999999998,14.438945770263672,5.329999999999998,72.00118255615234,5.329999999999998,78.60238647460938
5.340000000000002,13.860398292541504,5.340000000000002,101.1885223388672,5.34,14.43416976928711,5.34,72.00191497802734,5.34,78.60502624511719
5.35,13.86057472229004,5.35,101.18820190429688,5.350000000000001,14.429007530212402,5.349999999999998,72.00301361083984,5.350000000000001,78.60822296142578
5.360000000000001,13.860393524169922,5.360000000000001,101.18670654296876,5.359999999999999,14.423762321472168,5.359999999999999,72.00027465820312,5.359999999999999,78.61162567138672
5.369999999999999,13.859823226928713,5.369999999999999,101.1839828491211,5.370000000000001,14.419133186340332,5.370000000000001,72.00032806396484,5.370000000000001,78.6166763305664
5.380000000000001,13.861368179321287,5.380000000000001,101.18221282958984,5.379999999999999,14.413713455200195,5.379999999999999,72.00053405761719,5.379999999999999,78.62155151367188
5.389999999999999,13.863101959228516,5.390000000000002,101.18128967285156,5.390000000000001,14.410296440124512,5.390000000000001,71.99964141845703,5.390000000000001,78.62470245361328
5.4,13.862279891967772,5.4,101.18000030517578,5.399999999999999,14.408702850341797,5.399999999999999,72.00020599365234,5.399999999999999,78.62741088867188
5.409999999999998,13.861527442932127,5.410000000000002,101.17897033691406,5.41,14.4064302444458,5.41,71.99935913085938,5.41,78.62882232666016
5.42,13.861675262451172,5.42,101.1793975830078,5.419999999999998,14.40404987335205,5.419999999999998,71.99867248535156,5.419999999999998,78.62889099121094
5.4300000000000015,13.86094856262207,5.4300000000000015,101.17987823486328,5.43,14.402785301208496,5.43,71.99835968017578,5.43,78.63321685791016
5.44,13.859224319458008,5.44,101.1810302734375,5.440000000000001,14.401869773864746,5.440000000000001,71.9990005493164,5.440000000000001,78.63996887207031
5.450000000000001,13.859710693359377,5.450000000000001,101.18214416503906,5.449999999999999,14.400176048278809,5.449999999999999,71.9975814819336,5.449999999999999,78.6440200805664
5.459999999999999,13.859915733337402,5.459999999999999,101.1828155517578,5.460000000000001,14.399703025817873,5.460000000000001,71.99847412109375,5.460000000000001,78.648193359375
5.470000000000001,13.86066436767578,5.470000000000001,101.18476104736328,5.469999999999999,14.398215293884276,5.469999999999999,71.9979476928711,5.469999999999999,78.65388488769531
5.479999999999999,13.860383987426758,5.480000000000002,101.18533325195312,5.48,14.39676284790039,5.48,71.9979248046875,5.48,78.65763854980469
5.49,13.858916282653809,5.49,101.18561553955078,5.489999999999998,14.394713401794434,5.489999999999998,71.99723815917969,5.489999999999998,78.65934753417969
5.500000000000002,13.858516693115234,5.500000000000002,101.18576049804688,5.5,14.393987655639648,5.5,71.9955825805664,5.5,78.65969848632812
5.51,13.858638763427734,5.51,101.18535614013672,5.509999999999998,14.392333030700684,5.509999999999998,71.99505615234375,5.510000000000002,78.65967559814453
5.520000000000001,13.858362197875977,5.520000000000001,101.18537139892578,5.52,14.390729904174805,5.52,71.9963150024414,5.52,78.66249084472656
5.529999999999999,13.85854434967041,5.529999999999999,101.18490600585938,5.530000000000001,14.38757038116455,5.530000000000001,71.99646759033203,5.530000000000001,78.66695404052734
5.540000000000001,13.857824325561523,5.540000000000001,101.1838836669922,5.539999999999999,14.386688232421877,5.539999999999999,71.9953384399414,5.539999999999999,78.67489624023438
5.549999999999999,13.854952812194824,5.5500000000000025,101.1835708618164,5.550000000000001,14.385045051574709,5.550000000000001,71.99578094482422,5.550000000000001,78.67524719238281
5.5600000000000005,13.854677200317385,5.5600000000000005,101.184326171875,5.559999999999999,14.383665084838867,5.559999999999999,71.99622344970703,5.559999999999999,78.67366790771484
5.569999999999999,13.856060981750488,5.570000000000002,101.1812515258789,5.57,14.381683349609377,5.57,71.99569702148438,5.57,78.67318725585938
5.58,13.857511520385742,5.58,101.18191528320312,5.579999999999998,14.379925727844238,5.579999999999998,71.99311065673828,5.579999999999998,78.67322540283203
5.590000000000002,13.858052253723145,5.590000000000002,101.18089294433594,5.59,14.377424240112305,5.59,71.99410247802734,5.59,78.67282104492188
5.6,13.859130859375,5.6,101.18169403076172,5.600000000000001,14.375747680664062,5.599999999999998,71.99405670166016,5.600000000000001,78.67252349853516
5.610000000000001,13.85775089263916,5.610000000000001,101.18059539794922,5.609999999999999,14.373021125793455,5.609999999999999,71.99604034423828,5.609999999999999,78.67454528808594
5.619999999999999,13.85708999633789,5.619999999999999,101.18013763427734,5.620000000000001,14.369807243347168,5.620000000000001,71.99574279785156,5.620000000000001,78.67278289794922
5.630000000000001,13.856554985046388,5.630000000000001,101.18040466308594,5.629999999999999,14.367295265197754,5.629999999999999,71.9972152709961,5.629999999999999,78.66996765136719
5.639999999999999,13.855420112609863,5.640000000000002,101.17967987060548,5.640000000000001,14.36565113067627,5.640000000000001,71.99713134765625,5.640000000000001,78.662353515625
5.65,13.855628967285156,5.65,101.17889404296876,5.649999999999999,14.363519668579102,5.649999999999999,71.99653625488281,5.649999999999999,78.6536865234375
5.659999999999998,13.854345321655272,5.660000000000002,101.17780303955078,5.66,14.3597993850708,5.66,71.99559020996094,5.66,78.65052795410156
5.67,13.85056209564209,5.67,101.17626190185548,5.669999999999998,14.357596397399902,5.669999999999998,71.9942855834961,5.669999999999998,78.64418029785156
5.6800000000000015,13.845982551574709,5.6800000000000015,101.16999816894533,5.68,14.357348442077637,5.68,71.9947280883789,5.68,78.63975524902344
5.69,13.84361457824707,5.69,101.17127990722656,5.690000000000001,14.358552932739258,5.690000000000001,71.99403381347656,5.690000000000001,78.64311218261719
5.700000000000001,13.841548919677734,5.700000000000001,101.17350006103516,5.699999999999999,14.36164665222168,5.699999999999999,71.99408721923828,5.699999999999999,78.65021514892578
5.709999999999999,13.842209815979004,5.709999999999999,101.1776351928711,5.710000000000001,14.36570930480957,5.710000000000001,71.99420928955078,5.710000000000001,78.65055084228516
5.720000000000001,13.844595909118652,5.720000000000001,101.18108367919922,5.719999999999999,14.367854118347168,5.719999999999999,71.9936294555664,5.719999999999999,78.65281677246094
5.729999999999999,13.843995094299316,5.730000000000002,101.18570709228516,5.73,14.370196342468262,5.73,71.99287414550781,5.73,78.66397094726562
5.74,13.840957641601562,5.74,101.18785858154295,5.739999999999998,14.372559547424316,5.739999999999998,71.9920883178711,5.739999999999998,78.67107391357422
5.750000000000002,13.837711334228516,5.750000000000002,101.1908187866211,5.75,14.375123977661133,5.75,71.98995208740234,5.75,78.67539978027344
5.76,13.836036682128906,5.76,101.19071197509766,5.759999999999998,14.378288269042969,5.759999999999998,71.98698425292969,5.760000000000002,78.68562316894531
5.770000000000001,13.8375883102417,5.770000000000001,101.18804168701172,5.77,14.384496688842772,5.77,71.98243713378906,5.77,78.70243835449219
5.779999999999999,13.84167766571045,5.779999999999999,101.1695785522461,5.780000000000001,14.39099407196045,5.780000000000001,71.97926330566406,5.780000000000001,78.72315979003906
5.790000000000001,13.849802017211914,5.790000000000001,101.08260345458984,5.789999999999999,14.399202346801758,5.789999999999999,71.97016143798828,5.789999999999999,78.7454833984375
5.799999999999999,13.85848331451416,5.8000000000000025,100.97509765625,5.800000000000001,14.406492233276367,5.800000000000001,71.9405517578125,5.800000000000001,78.7497329711914
5.8100000000000005,13.865924835205078,5.8100000000000005,100.8498306274414,5.809999999999999,14.413562774658203,5.809999999999999,71.81764221191406,5.809999999999999,78.73094177246094
5.819999999999999,13.874290466308594,5.820000000000002,100.65493774414062,5.82,14.42350959777832,5.82,71.54483795166016,5.82,78.710205078125
5.83,13.87916374206543,5.83,100.46875,5.829999999999998,14.433826446533203,5.829999999999998,71.1082992553711,5.829999999999998,78.68156433105469
5.840000000000002,13.86707878112793,5.840000000000002,100.3443832397461,5.84,14.450430870056152,5.84,70.46153259277344,5.84,78.62333679199219
5.85,13.82182502746582,5.85,100.2681121826172,5.850000000000001,14.471816062927246,5.849999999999998,69.62406921386719,5.850000000000001,78.54330444335938
5.860000000000001,13.722198486328123,5.860000000000001,100.18819427490234,5.859999999999999,14.49269199371338,5.859999999999999,68.57225036621094,5.859999999999999,78.45436096191406
5.869999999999999,13.56906795501709,5.869999999999999,100.04310607910156,5.870000000000001,14.517586708068848,5.870000000000001,67.34357452392578,5.870000000000001,78.38407897949219
5.880000000000001,13.362448692321776,5.880000000000001,99.83882904052734,5.879999999999999,14.550640106201172,5.879999999999999,65.9961166381836,5.879999999999999,78.32463836669922
5.889999999999999,13.181473731994627,5.890000000000002,99.54109191894533,5.890000000000001,14.600406646728516,5.890000000000001,64.5815658569336,5.890000000000001,78.28863525390625
5.9,12.96216869354248,5.9,99.0140151977539,5.899999999999999,14.66020965576172,5.899999999999999,63.09975814819336,5.899999999999999,78.27445220947266
5.909999999999998,12.691983222961426,5.910000000000002,98.23513793945312,5.91,14.720480918884276,5.91,61.64756393432617,5.91,78.26766967773438
5.92,12.301169395446776,5.92,97.46052551269533,5.919999999999998,14.779274940490724,5.919999999999998,60.37089920043945,5.919999999999998,78.2456283569336
5.9300000000000015,11.75828742980957,5.9300000000000015,96.99227142333984,5.93,14.830615997314451,5.93,59.641380310058594,5.93,78.2139892578125
5.94,11.131372451782228,5.94,96.92921447753906,5.940000000000001,14.87330436706543,5.940000000000001,60.02441787719727,5.940000000000001,78.15841674804688
5.950000000000001,10.522500991821287,5.950000000000001,97.04440307617188,5.949999999999999,14.901040077209473,5.949999999999999,61.0604248046875,5.949999999999999,78.10566711425781
5.959999999999999,9.966620445251465,5.959999999999999,97.06893920898438,5.960000000000001,14.916177749633787,5.960000000000001,62.21147537231445,5.960000000000001,78.07146453857422
5.970000000000001,9.461722373962402,5.970000000000001,96.97219848632812,5.969999999999999,14.930179595947266,5.969999999999999,63.07653427124024,5.969999999999999,78.0791015625
5.979999999999999,8.972301483154297,5.980000000000002,96.82211303710938,5.98,14.94658374786377,5.98,63.54988479614258,5.98,78.11911010742188
5.99,8.478763580322266,5.99,96.7226791381836,5.989999999999998,14.958181381225586,5.989999999999998,63.841495513916016,5.989999999999998,78.15933990478516
6.000000000000002,8.006453514099121,6.000000000000002,96.70565032958984,6.0,14.970132827758787,6.0,64.14634704589844,6.0,78.20216369628906
6.01,7.577182769775391,6.01,96.75492095947266,6.009999999999998,14.980475425720217,6.009999999999998,64.55687713623047,6.010000000000002,78.24349975585938
6.020000000000001,7.191531181335449,6.020000000000001,96.86029815673828,6.02,14.99187183380127,6.02,65.04588317871094,6.02,78.29196166992188
6.029999999999999,6.834731101989746,6.029999999999999,96.96076202392578,6.030000000000001,15.003847122192385,6.030000000000001,65.5548095703125,6.030000000000001,78.33187866210938
6.040000000000001,6.536865234375,6.040000000000001,97.04632568359376,6.039999999999999,15.01345157623291,6.039999999999999,66.02681732177734,6.039999999999999,78.3453369140625
6.049999999999999,6.353216171264648,6.0500000000000025,97.13938903808594,6.050000000000001,15.020873069763184,6.050000000000001,66.44134521484375,6.050000000000001,78.36788940429688
6.0600000000000005,6.256319522857666,6.0600000000000005,97.23698425292967,6.059999999999999,15.02915382385254,6.059999999999999,66.8199462890625,6.059999999999999,78.38575744628906
6.069999999999999,6.234110355377197,6.070000000000002,97.33535766601562,6.07,15.0421142578125,6.07,67.14115142822266,6.07,78.38545989990234
6.08,6.290689468383789,6.08,97.43505096435548,6.079999999999998,15.059760093688965,6.079999999999998,67.40668487548828,6.079999999999998,78.3748779296875
6.090000000000002,6.438854694366455,6.090000000000002,97.5284423828125,6.09,15.085238456726074,6.09,67.59542083740234,6.09,78.36837768554688
6.1,6.6870293617248535,6.1,97.6165008544922,6.100000000000001,15.117979049682615,6.099999999999998,67.71865844726562,6.100000000000001,78.36652374267578
6.110000000000001,7.022531986236572,6.110000000000001,97.70943450927734,6.109999999999999,15.155467987060549,6.109999999999999,67.76876068115234,6.109999999999999,78.37803649902344
6.119999999999999,7.456528186798096,6.119999999999999,97.80960083007812,6.120000000000001,15.196823120117188,6.120000000000001,67.76813507080078,6.120000000000001,78.40459442138672
6.130000000000001,7.97015905380249,6.130000000000001,97.925537109375,6.129999999999999,15.236981391906738,6.129999999999999,67.71703338623047,6.129999999999999,78.431884765625
6.139999999999999,8.546758651733398,6.140000000000002,98.04598999023438,6.140000000000001,15.275565147399902,6.140000000000001,67.60436248779297,6.140000000000001,78.45211791992188
6.15,9.195547103881836,6.15,98.16243743896484,6.149999999999999,15.315634727478027,6.149999999999999,67.41602325439453,6.149999999999999,78.4808349609375
6.159999999999998,9.90422821044922,6.160000000000002,98.32009887695312,6.16,15.358282089233398,6.16,67.90029907226562,6.16,78.4885025024414
6.17,10.676568031311035,6.17,98.8709716796875,6.169999999999998,15.404607772827148,6.169999999999998,71.250244140625,6.169999999999998,78.51910400390625
6.1800000000000015,11.51398468017578,6.1800000000000015,99.8647918701172,6.18,15.431819915771484,6.18,72.70097351074219,6.18,78.62406921386719
6.19,12.410765647888184,6.19,100.35232543945312,6.190000000000001,15.445114135742188,6.190000000000001,73.15756225585938,6.190000000000001,78.80680847167969
6.200000000000001,13.362466812133787,6.200000000000001,99.92811584472656,6.199999999999999,15.44379997253418,6.199999999999999,72.53765869140625,6.199999999999999,78.92923736572266
6.209999999999999,14.187674522399902,6.209999999999999,99.27202606201172,6.210000000000001,15.437216758728027,6.210000000000001,71.95838928222656,6.210000000000001,78.94091033935547
6.220000000000001,14.53214168548584,6.220000000000001,99.0592803955078,6.219999999999999,15.443761825561523,6.219999999999999,71.51670837402344,6.219999999999999,78.94454193115234
6.229999999999999,13.450117111206056,6.230000000000002,99.0299835205078,6.23,15.44603443145752,6.23,70.70369720458984,6.23,78.96392059326172
6.24,12.9358491897583,6.24,98.7602996826172,6.239999999999998,15.445944786071776,6.239999999999998,69.67588806152344,6.239999999999998,78.98885345458984
6.250000000000002,12.16497802734375,6.250000000000002,98.55431365966795,6.25,15.45635223388672,6.25,68.60295104980469,6.25,79.00066375732422
6.26,11.778318405151367,6.26,98.54998779296876,6.259999999999998,15.467479705810549,6.259999999999998,67.53853607177734,6.260000000000002,78.96674346923828
6.270000000000001,12.07718563079834,6.270000000000001,98.35507202148438,6.27,15.482118606567385,6.27,66.55522155761719,6.27,78.90473937988281
6.279999999999999,12.662856101989746,6.279999999999999,97.90987396240234,6.280000000000001,15.492668151855469,6.280000000000001,65.66030883789062,6.280000000000001,78.84601593017578
6.290000000000001,13.26355266571045,6.290000000000001,97.48087310791016,6.289999999999999,15.489181518554688,6.289999999999999,64.872314453125,6.289999999999999,78.7912826538086
6.299999999999999,13.70401668548584,6.3000000000000025,97.18551635742188,6.300000000000001,15.482537269592283,6.300000000000001,64.120849609375,6.300000000000001,78.71569061279297
6.3100000000000005,13.644709587097168,6.3100000000000005,96.95685577392578,6.309999999999999,15.476608276367188,6.309999999999999,63.62044143676758,6.309999999999999,78.62303161621094
6.319999999999999,13.19216251373291,6.320000000000002,96.85546112060548,6.32,15.470019340515137,6.32,63.62895202636719,6.32,78.53330993652344
6.33,12.591156959533691,6.33,96.92304229736328,6.329999999999998,15.463842391967772,6.329999999999998,64.183349609375,6.329999999999998,78.46040344238281
6.340000000000002,12.022018432617188,6.340000000000002,97.00057220458984,6.34,15.44517421722412,6.34,64.89933776855469,6.34,78.41281127929688
6.35,11.525216102600098,6.35,97.04500579833984,6.350000000000001,15.417274475097656,6.349999999999998,65.5150375366211,6.350000000000001,78.373291015625
6.360000000000001,11.097376823425291,6.360000000000001,97.08953857421876,6.359999999999999,15.384443283081056,6.359999999999999,65.966552734375,6.359999999999999,78.32172393798828
6.369999999999999,10.633705139160156,6.369999999999999,97.15689849853516,6.370000000000001,15.346444129943848,6.370000000000001,66.27986145019531,6.370000000000001,78.24800872802734
6.380000000000001,10.098194122314451,6.380000000000001,97.27696228027344,6.379999999999999,15.314589500427246,6.379999999999999,66.58027648925781,6.379999999999999,78.17366027832031
6.389999999999999,9.632572174072266,6.390000000000002,97.41378021240234,6.390000000000001,15.286648750305176,6.390000000000001,66.94689178466797,6.390000000000001,78.1241455078125
6.4,9.324294090270996,6.4,97.61116027832033,6.399999999999999,15.261397361755373,6.399999999999999,67.42938995361328,6.399999999999999,78.12036895751953
6.409999999999998,9.17412567138672,6.410000000000002,97.87976837158205,6.41,15.23943042755127,6.41,68.04834747314453,6.41,78.13938903808594
6.42,9.0453462600708,6.42,98.1929702758789,6.419999999999998,15.220561981201172,6.419999999999998,68.72457885742188,6.419999999999998,78.15027618408203
6.4300000000000015,8.896259307861328,6.4300000000000015,98.52210235595705,6.43,15.19572925567627,6.43,69.34837341308594,6.43,78.1645736694336
6.44,8.738395690917969,6.44,98.85691833496094,6.440000000000001,15.162267684936523,6.440000000000001,69.87091064453125,6.440000000000001,78.16931915283203
6.450000000000001,8.603106498718262,6.450000000000001,99.20178985595705,6.449999999999999,15.119728088378906,6.449999999999999,70.28912353515625,6.449999999999999,78.16313934326172
6.459999999999999,8.515682220458984,6.459999999999999,99.54740142822266,6.460000000000001,15.073847770690918,6.460000000000001,70.58963012695312,6.460000000000001,78.16921997070312
6.470000000000001,8.45595932006836,6.470000000000001,99.8662567138672,6.469999999999999,15.027207374572754,6.469999999999999,70.78395080566406,6.469999999999999,78.19525909423828
6.479999999999999,8.40930461883545,6.480000000000002,100.18033599853516,6.48,14.98502254486084,6.48,70.88362121582031,6.48,78.23873138427734
6.49,8.404548645019531,6.49,100.4572982788086,6.489999999999998,14.94509983062744,6.489999999999998,70.92839813232422,6.489999999999998,78.28031921386719
6.500000000000002,8.470399856567383,6.500000000000002,100.70047760009766,6.5,14.91054630279541,6.5,70.93779754638672,6.5,78.31513214111328
6.51,8.69424057006836,6.51,100.91366577148438,6.509999999999998,14.880751609802246,6.509999999999998,70.93646240234375,6.510000000000002,78.35233306884766
6.520000000000001,9.060060501098633,6.520000000000001,101.08062744140624,6.52,14.861522674560549,6.52,70.92506408691406,6.52,78.38697814941406
6.529999999999999,9.555092811584473,6.529999999999999,101.19762420654295,6.530000000000001,14.851091384887695,6.530000000000001,70.90555572509766,6.530000000000001,78.41104125976562
6.540000000000001,10.165432929992676,6.540000000000001,101.25180053710938,6.539999999999999,14.844539642333984,6.539999999999999,70.86476135253906,6.539999999999999,78.43599700927734
6.549999999999999,10.88547134399414,6.5500000000000025,101.28482055664062,6.550000000000001,14.836899757385254,6.550000000000001,70.79436492919922,6.550000000000001,78.46855926513672
6.5600000000000005,11.736900329589844,6.5600000000000005,101.4070281982422,6.559999999999999,14.83435344696045,6.559999999999999,70.54625701904297,6.559999999999999,78.46516418457031
6.569999999999999,12.68601417541504,6.570000000000002,101.54470825195312,6.57,14.84293270111084,6.57,72.20389556884766,6.57,78.56462097167969
6.58,13.661460876464844,6.58,102.48680114746094,6.579999999999998,14.835028648376465,6.579999999999998,72.75193786621094,6.579999999999998,78.6578598022461
6.590000000000002,14.721109390258787,6.590000000000002,101.79753875732422,6.59,14.791841506958008,6.59,72.0262680053711,6.59,78.65880584716797
6.6,15.619994163513184,6.6,101.97270965576172,6.600000000000001,14.770052909851074,6.599999999999998,71.19831848144531,6.600000000000001,78.65735626220703
6.610000000000001,14.673526763916016,6.610000000000001,101.93675994873048,6.609999999999999,14.771036148071287,6.609999999999999,70.69426727294922,6.609999999999999,78.64265441894531
6.619999999999999,14.091363906860352,6.619999999999999,101.710205078125,6.620000000000001,14.782259941101074,6.620000000000001,70.21922302246094,6.620000000000001,78.6170883178711
6.630000000000001,13.628270149230955,6.630000000000001,101.22984313964844,6.629999999999999,14.808159828186035,6.629999999999999,69.67410278320312,6.629999999999999,78.57161712646484
6.639999999999999,13.192484855651855,6.640000000000002,100.98493194580078,6.640000000000001,14.848017692565918,6.640000000000001,69.14114379882812,6.640000000000001,78.51951599121094
6.65,12.95307445526123,6.65,100.87077331542967,6.649999999999999,14.887688636779783,6.649999999999999,68.73286437988281,6.649999999999999,78.48853302001953
6.659999999999998,13.537420272827148,6.660000000000002,100.76969146728516,6.66,14.907530784606934,6.66,68.43527221679688,6.66,78.4901351928711
6.67,14.255918502807615,6.67,100.610595703125,6.669999999999998,14.90684986114502,6.669999999999998,68.29834747314453,6.669999999999998,78.50187683105469
6.6800000000000015,14.445998191833496,6.6800000000000015,100.54862213134766,6.68,14.897876739501951,6.68,68.26004028320312,6.68,78.50598907470703
6.69,14.37240982055664,6.69,100.57305145263672,6.690000000000001,14.87634563446045,6.690000000000001,68.29591369628906,6.690000000000001,78.49470520019531
6.700000000000001,14.280372619628906,6.700000000000001,100.58031463623048,6.699999999999999,14.840210914611816,6.699999999999999,68.38126373291016,6.699999999999999,78.47283172607422
6.709999999999999,14.20152187347412,6.709999999999999,100.52019500732422,6.710000000000001,14.798992156982422,6.710000000000001,68.52928161621094,6.710000000000001,78.45661163330078
6.720000000000001,14.165324211120604,6.720000000000001,100.48795318603516,6.719999999999999,14.75427532196045,6.719999999999999,68.71708679199219,6.719999999999999,78.45042419433594
6.729999999999999,14.183368682861328,6.730000000000002,100.50880432128906,6.73,14.703142166137695,6.73,68.92770385742188,6.73,78.44905853271484
6.74,14.254678726196287,6.74,100.54791259765624,6.739999999999998,14.648651123046877,6.739999999999998,69.171875,6.739999999999998,78.45501708984375
6.750000000000002,14.32596206665039,6.750000000000002,100.59222412109376,6.75,14.597249031066896,6.75,69.44825744628906,6.75,78.46910095214844
6.76,14.374879837036133,6.76,100.61993408203124,6.759999999999998,14.55014991760254,6.759999999999998,69.7429428100586,6.760000000000002,78.49017333984375
6.770000000000001,14.35304069519043,6.770000000000001,100.66786193847656,6.77,14.506057739257812,6.77,70.0330581665039,6.77,78.51288604736328
6.779999999999999,14.278006553649902,6.779999999999999,100.73064422607422,6.780000000000001,14.464221000671388,6.780000000000001,70.28964233398438,6.780000000000001,78.52320861816406
6.790000000000001,14.209224700927734,6.790000000000001,100.7880859375,6.789999999999999,14.426734924316406,6.789999999999999,70.50980377197266,6.789999999999999,78.52960205078125
6.799999999999999,14.20827865600586,6.8000000000000025,100.84123229980467,6.800000000000001,14.401569366455078,6.800000000000001,70.6386489868164,6.800000000000001,78.53327178955078
6.8100000000000005,14.32167148590088,6.8100000000000005,100.87921142578124,6.809999999999999,14.383366584777832,6.809999999999999,70.7027587890625,6.809999999999999,78.53811645507812
6.819999999999999,14.469464302062988,6.820000000000002,100.8831024169922,6.82,14.37229824066162,6.82,70.72105407714844,6.82,78.545654296875
6.83,14.59694480895996,6.83,100.88018798828124,6.829999999999998,14.365164756774902,6.829999999999998,70.71659851074219,6.829999999999998,78.55001068115234
6.840000000000002,14.697355270385742,6.840000000000002,100.8482666015625,6.84,14.359123229980469,6.84,70.71527862548828,6.84,78.54991912841797
6.85,14.758359909057615,6.85,100.82508087158205,6.850000000000001,14.34805965423584,6.849999999999998,70.72537994384766,6.850000000000001,78.54612731933594
6.860000000000001,14.80842113494873,6.860000000000001,100.81775665283205,6.859999999999999,14.331713676452637,6.859999999999999,70.75662231445312,6.859999999999999,78.53462982177734
6.869999999999999,14.851004600524902,6.869999999999999,100.82850646972656,6.870000000000001,14.31951141357422,6.870000000000001,70.80496978759766,6.870000000000001,78.51787567138672
6.880000000000001,14.90402889251709,6.880000000000001,100.85100555419922,6.879999999999999,14.30941104888916,6.879999999999999,70.86395263671875,6.879999999999999,78.49895477294922
6.889999999999999,14.94680118560791,6.890000000000002,100.88359832763672,6.890000000000001,14.29582977294922,6.890000000000001,70.92828369140625,6.890000000000001,78.484375
6.9,14.96263027191162,6.9,100.91980743408205,6.899999999999999,14.284055709838867,6.899999999999999,70.9861068725586,6.899999999999999,78.47621154785156
6.909999999999998,14.942811965942385,6.910000000000002,100.94733428955078,6.91,14.27334976196289,6.91,71.03035736083984,6.91,78.47065734863281
6.92,14.875813484191896,6.92,100.96671295166016,6.919999999999998,14.273804664611816,6.919999999999998,71.05845642089844,6.919999999999998,78.4673843383789
6.9300000000000015,14.81248378753662,6.9300000000000015,100.98438262939452,6.93,14.283398628234863,6.93,71.07008361816406,6.93,78.4546890258789
6.94,14.779548645019531,6.94,101.01075744628906,6.940000000000001,14.295854568481444,6.940000000000001,71.07097625732422,6.940000000000001,78.44276428222656
6.950000000000001,14.763471603393556,6.950000000000001,101.03868865966795,6.949999999999999,14.311651229858398,6.949999999999999,71.0638427734375,6.949999999999999,78.44050598144531
6.959999999999999,14.754273414611816,6.959999999999999,101.0724868774414,6.960000000000001,14.337736129760742,6.960000000000001,71.05890655517578,6.960000000000001,78.44988250732422
6.970000000000001,14.768891334533691,6.970000000000001,101.10570526123048,6.969999999999999,14.373555183410645,6.969999999999999,71.05731201171875,6.969999999999999,78.45675659179688
6.979999999999999,14.811742782592772,6.980000000000002,101.1537628173828,6.98,14.41033935546875,6.98,71.05875396728516,6.98,78.46022033691406
6.99,14.868268966674805,6.99,101.19686126708984,6.989999999999998,14.446398735046388,6.989999999999998,71.0665054321289,6.989999999999998,78.46646881103516
7.000000000000002,14.937530517578123,7.000000000000002,101.24205780029295,7.0,14.47875690460205,7.0,71.07769012451172,7.0,78.48506164550781
7.01,14.979408264160156,7.01,101.2884750366211,7.009999999999998,14.509535789489746,7.009999999999998,71.08390045166016,7.010000000000002,78.51204681396484
7.020000000000001,15.006577491760254,7.020000000000001,101.33879089355467,7.02,14.539593696594238,7.02,71.0882339477539,7.02,78.53739166259766
7.029999999999999,15.040327072143556,7.029999999999999,101.39108276367188,7.030000000000001,14.568000793457031,7.030000000000001,71.09027862548828,7.030000000000001,78.56170654296875
7.040000000000001,15.057945251464844,7.040000000000001,101.44889068603516,7.039999999999999,14.598097801208496,7.039999999999999,71.08572387695312,7.039999999999999,78.59136962890625
7.049999999999999,15.05410861968994,7.0500000000000025,101.50809478759766,7.050000000000001,14.630763053894045,7.050000000000001,71.08091735839844,7.050000000000001,78.62178039550781
7.0600000000000005,15.047717094421388,7.0600000000000005,101.56221771240234,7.059999999999999,14.658648490905762,7.059999999999999,71.08065032958984,7.059999999999999,78.64740753173828
7.069999999999999,15.037949562072754,7.070000000000002,101.60918426513672,7.07,14.683459281921388,7.07,71.08443450927734,7.07,78.66910552978516
7.08,15.02757453918457,7.08,101.64665222167967,7.079999999999998,14.709759712219238,7.079999999999998,71.08270263671875,7.079999999999998,78.69307708740234
7.090000000000002,15.018668174743652,7.090000000000002,101.66568756103516,7.09,14.73708152770996,7.09,71.0816879272461,7.09,78.71329498291016
7.1,15.015950202941896,7.1,101.67758178710938,7.100000000000001,14.75320053100586,7.099999999999998,71.08407592773438,7.100000000000001,78.72734832763672
7.110000000000001,15.012956619262695,7.110000000000001,101.68770599365234,7.109999999999999,14.766140937805176,7.109999999999999,71.08899688720703,7.109999999999999,78.73690795898438
7.119999999999999,15.011882781982422,7.119999999999999,101.68716430664062,7.120000000000001,14.784648895263672,7.120000000000001,71.09162139892578,7.120000000000001,78.73770141601562
7.130000000000001,15.006543159484863,7.130000000000001,101.67838287353516,7.129999999999999,14.819031715393066,7.129999999999999,71.09765625,7.129999999999999,78.7320785522461
7.139999999999999,15.004955291748049,7.140000000000002,101.66150665283205,7.140000000000001,14.84987735748291,7.140000000000001,71.10565948486328,7.140000000000001,78.7228012084961
7.15,15.011388778686523,7.15,101.6292495727539,7.149999999999999,14.868711471557615,7.149999999999999,71.1124496459961,7.149999999999999,78.7087631225586
7.159999999999998,15.01825714111328,7.160000000000002,101.58821105957033,7.16,14.876017570495604,7.16,71.12173461914062,7.16,78.6920394897461
7.17,15.020925521850586,7.17,101.54619598388672,7.169999999999998,14.873796463012695,7.169999999999998,71.13908386230469,7.169999999999998,78.67662048339844
7.1800000000000015,15.031183242797852,7.1800000000000015,101.49944305419922,7.18,14.863655090332031,7.18,71.15848541259766,7.18,78.65274047851562
7.19,15.053152084350586,7.19,101.43777465820312,7.190000000000001,14.845796585083008,7.190000000000001,71.17562103271484,7.190000000000001,78.61100006103516
7.200000000000001,15.070929527282717,7.200000000000001,101.36988830566406,7.199999999999999,14.824338912963867,7.199999999999999,71.19683074951172,7.199999999999999,78.5691146850586
7.209999999999999,15.07199478149414,7.209999999999999,101.303466796875,7.210000000000001,14.799918174743652,7.210000000000001,71.21595001220703,7.210000000000001,78.52706909179688
7.220000000000001,15.060375213623049,7.220000000000001,101.23480224609376,7.219999999999999,14.772945404052734,7.219999999999999,71.23521423339844,7.219999999999999,78.48041534423828
7.229999999999999,15.054869651794434,7.230000000000002,101.1680679321289,7.23,14.748881340026855,7.23,71.2551498413086,7.23,78.43347930908203
7.24,15.049952507019045,7.24,101.102294921875,7.239999999999998,14.728585243225098,7.239999999999998,71.2768783569336,7.239999999999998,78.38278198242188
7.250000000000002,15.022829055786133,7.250000000000002,101.04048919677734,7.25,14.717357635498049,7.25,71.30152130126953,7.25,78.33039855957031
7.26,14.991415977478027,7.26,100.9831771850586,7.259999999999998,14.71231174468994,7.259999999999998,71.32552337646484,7.260000000000002,78.27132415771484
7.270000000000001,14.957966804504396,7.270000000000001,100.92326354980467,7.27,14.715897560119627,7.27,71.35076141357422,7.27,78.207763671875
7.279999999999999,14.931462287902832,7.279999999999999,100.86994171142578,7.280000000000001,14.72478199005127,7.280000000000001,71.37659454345703,7.280000000000001,78.12955474853516
7.290000000000001,14.918391227722168,7.290000000000001,100.80484771728516,7.289999999999999,14.736644744873049,7.289999999999999,71.4029312133789,7.289999999999999,78.05245971679688
7.299999999999999,14.893442153930664,7.300000000000002,100.73802947998048,7.300000000000001,14.747326850891112,7.300000000000001,71.42840576171875,7.300000000000001,77.97398376464844
7.31,14.871511459350586,7.31,100.68634033203124,7.309999999999999,14.753314971923828,7.309999999999999,71.45557403564453,7.309999999999999,77.89402770996094
7.3199999999999985,14.85763931274414,7.320000000000002,100.6427001953125,7.32,14.75633430480957,7.32,71.48430633544922,7.32,77.80707550048828
7.33,14.850255966186523,7.33,100.60861206054688,7.329999999999998,14.763835906982422,7.329999999999998,71.51466369628906,7.329999999999998,77.71319580078125
7.340000000000002,14.84034252166748,7.340000000000002,100.5852279663086,7.34,14.779991149902344,7.34,71.54534912109375,7.34,77.6098403930664
7.35,14.817392349243164,7.35,100.56609344482422,7.350000000000001,14.804856300354004,7.349999999999998,71.57193756103516,7.350000000000001,77.49862670898438
7.360000000000001,14.790194511413574,7.360000000000001,100.54999542236328,7.359999999999999,14.84018898010254,7.359999999999999,71.5954360961914,7.359999999999999,77.37239074707031
7.369999999999999,14.75906467437744,7.369999999999999,100.53897094726562,7.370000000000001,14.886592864990234,7.370000000000001,71.61732482910156,7.370000000000001,77.23390197753906
7.380000000000001,14.738548278808594,7.380000000000001,100.5320053100586,7.379999999999999,14.929312705993652,7.379999999999999,71.6380615234375,7.379999999999999,77.08788299560547
7.389999999999999,14.7163724899292,7.390000000000002,100.52864837646484,7.390000000000001,14.966922760009766,7.390000000000001,71.6574935913086,7.390000000000001,76.92913055419922
7.4,14.689453125,7.4,100.52916717529295,7.399999999999999,14.99884033203125,7.399999999999999,71.67682647705078,7.399999999999999,76.75777435302734
7.409999999999998,14.662121772766112,7.410000000000002,100.5303726196289,7.41,15.021678924560549,7.41,71.6981430053711,7.41,76.57291412353516
7.42,14.642529487609863,7.42,100.52708435058594,7.419999999999998,15.034842491149902,7.419999999999998,71.71886444091797,7.419999999999998,76.37313079833984
7.4300000000000015,14.625771522521973,7.4300000000000015,100.51947784423828,7.43,15.057969093322754,7.43,71.7391357421875,7.43,76.14900207519531
7.439999999999999,14.608952522277832,7.439999999999999,100.52227783203124,7.440000000000001,15.094114303588867,7.440000000000001,71.76519775390625,7.440000000000001,75.91565704345703
7.450000000000001,14.591144561767578,7.450000000000001,100.53305053710938,7.449999999999999,15.133626937866213,7.449999999999999,71.80270385742188,7.449999999999999,75.66739654541016
7.459999999999999,14.579029083251951,7.459999999999999,100.53588104248048,7.460000000000001,15.179184913635254,7.460000000000001,71.85118103027344,7.460000000000001,75.38719940185547
7.470000000000001,14.574325561523438,7.470000000000001,100.53459930419922,7.469999999999999,15.22612476348877,7.469999999999999,71.90939331054688,7.469999999999999,75.07994842529297
7.479999999999999,14.573080062866213,7.480000000000002,100.53652954101562,7.48,15.271573066711426,7.48,71.96760559082031,7.48,74.76580047607422
7.49,14.573503494262695,7.49,100.53559112548828,7.489999999999998,15.324934005737305,7.489999999999998,72.01956176757812,7.489999999999998,74.43537902832031
7.500000000000002,14.581476211547852,7.500000000000002,100.53289794921876,7.5,15.373004913330078,7.5,72.06433868408203,7.5,74.07067108154297
7.51,14.58841609954834,7.51,100.52325439453124,7.509999999999998,15.412474632263184,7.509999999999998,72.10520935058594,7.510000000000002,73.7048110961914
7.520000000000001,14.595857620239258,7.520000000000001,100.516845703125,7.52,15.44773006439209,7.52,72.146484375,7.52,73.33692932128906
7.529999999999999,14.610650062561035,7.529999999999999,100.51573944091795,7.530000000000001,15.487173080444336,7.530000000000001,72.1907958984375,7.530000000000001,72.94452667236328
7.540000000000001,14.622800827026367,7.540000000000001,100.51166534423828,7.539999999999999,15.527169227600098,7.539999999999999,72.23815155029297,7.539999999999999,72.52959442138672
7.549999999999999,14.62587070465088,7.550000000000002,100.51151275634766,7.550000000000001,15.540607452392578,7.550000000000001,72.28254699707031,7.550000000000001,72.11954498291016
7.56,14.61789321899414,7.56,100.51116180419922,7.559999999999999,15.54771614074707,7.559999999999999,72.32252502441406,7.559999999999999,71.68099975585938
7.5699999999999985,14.608563423156738,7.570000000000002,100.51399993896484,7.57,15.539186477661133,7.57,72.35877990722656,7.57,71.2227554321289
7.58,14.600259780883787,7.58,100.51860809326172,7.579999999999998,15.50249481201172,7.579999999999998,72.389892578125,7.579999999999998,70.73014831542969
7.590000000000002,14.605459213256836,7.590000000000002,100.5298309326172,7.59,15.479777336120604,7.59,72.4133529663086,7.59,70.22109985351562
7.6,14.61302375793457,7.6,100.53917694091795,7.600000000000001,15.490346908569336,7.599999999999998,72.43084716796875,7.600000000000001,69.69530487060547
7.610000000000001,14.631975173950195,7.610000000000001,100.54705047607422,7.609999999999999,15.517723083496094,7.609999999999999,72.44752502441406,7.609999999999999,69.15562438964844
7.619999999999999,14.652552604675291,7.619999999999999,100.5605926513672,7.620000000000001,15.543380737304688,7.620000000000001,72.46615600585938,7.620000000000001,68.5843734741211
7.630000000000001,14.674583435058594,7.630000000000001,100.57510375976562,7.629999999999999,15.567825317382812,7.629999999999999,72.48493957519531,7.629999999999999,67.9981918334961
7.639999999999999,14.700878143310549,7.640000000000002,100.58950805664062,7.640000000000001,15.587255477905272,7.640000000000001,72.49710845947266,7.640000000000001,67.37208557128906
7.65,14.724377632141112,7.65,100.60800170898438,7.649999999999999,15.613584518432615,7.649999999999999,72.50718688964844,7.649999999999999,66.74600219726562
7.659999999999998,14.752057075500488,7.660000000000002,100.6333465576172,7.66,15.65537452697754,7.66,72.51607513427734,7.66,66.12252807617188
7.67,14.779953002929688,7.67,100.66795349121094,7.669999999999998,15.722557067871094,7.669999999999998,72.52217102050781,7.669999999999998,65.4988021850586
7.6800000000000015,14.810190200805664,7.6800000000000015,100.70067596435548,7.68,15.809127807617188,7.68,72.51837921142578,7.68,64.83673858642578
7.689999999999999,14.850990295410156,7.689999999999999,100.73109436035156,7.690000000000001,15.920138359069824,7.690000000000001,72.50690460205078,7.690000000000001,64.12754821777344
7.700000000000001,14.901704788208008,7.700000000000001,100.76364135742188,7.699999999999999,16.04307746887207,7.699999999999999,72.48847198486328,7.699999999999999,63.443580627441406
7.709999999999999,14.9631986618042,7.709999999999999,100.79606628417967,7.710000000000001,16.19168472290039,7.710000000000001,72.46174621582031,7.710000000000001,62.74655532836914
7.720000000000001,15.035536766052246,7.720000000000001,100.82689666748048,7.719999999999999,16.344802856445312,7.719999999999999,72.42251586914062,7.719999999999999,62.01301193237305
7.729999999999999,15.11618423461914,7.730000000000002,100.8583526611328,7.73,16.471904754638672,7.73,72.37286376953125,7.73,61.28016662597656
7.74,15.22181510925293,7.74,100.8910140991211,7.739999999999998,16.55718231201172,7.739999999999998,72.31963348388672,7.739999999999998,60.5302734375
7.750000000000002,15.365571975708008,7.750000000000002,100.93231201171876,7.75,16.662277221679688,7.75,72.25932312011719,7.75,59.72880554199219
7.76,15.505763053894045,7.76,100.98033142089844,7.759999999999998,16.860111236572266,7.759999999999998,72.19091033935547,7.760000000000002,58.93161392211914
7.770000000000001,15.635427474975586,7.770000000000001,101.02404022216795,7.77,17.095853805541992,7.77,72.1270980834961,7.77,58.19527053833008
7.779999999999999,15.762043952941896,7.779999999999999,101.07698822021484,7.780000000000001,17.322500228881836,7.780000000000001,72.0733871459961,7.780000000000001,57.49037551879883
7.790000000000001,15.89753246307373,7.790000000000001,101.14201354980467,7.789999999999999,17.54888916015625,7.789999999999999,72.01640319824219,7.789999999999999,56.75395202636719
7.799999999999999,16.053266525268555,7.800000000000002,101.21372985839844,7.800000000000001,17.799760818481445,7.800000000000001,71.9603042602539,7.800000000000001,56.00068664550781
7.81,16.200912475585938,7.81,101.28810119628906,7.809999999999999,18.068153381347656,7.809999999999999,71.90483856201172,7.809999999999999,55.211063385009766
7.8199999999999985,16.331357955932617,7.820000000000002,101.36334991455078,7.82,18.36272048950196,7.82,71.85552215576172,7.82,54.38202667236328
7.83,16.505876541137695,7.83,101.43782806396484,7.829999999999998,18.667461395263672,7.829999999999998,71.81352233886719,7.829999999999998,53.55856323242188
7.840000000000002,16.740684509277344,7.840000000000002,101.5275421142578,7.84,18.98457336425781,7.84,71.76679229736328,7.84,52.746707916259766
7.85,16.967824935913086,7.85,101.6280746459961,7.850000000000001,19.32568550109864,7.849999999999998,71.73548889160156,7.850000000000001,51.9248275756836
7.860000000000001,17.168405532836914,7.860000000000001,101.74139404296876,7.859999999999999,19.67891311645508,7.859999999999999,71.70818328857422,7.859999999999999,51.05602645874024
7.869999999999999,17.362335205078125,7.869999999999999,101.8601303100586,7.870000000000001,20.01358985900879,7.870000000000001,71.6771469116211,7.870000000000001,50.12834167480469
7.880000000000001,17.55071258544922,7.880000000000001,101.968994140625,7.879999999999999,20.343515396118164,7.879999999999999,71.64479064941406,7.879999999999999,49.14899444580078
7.889999999999999,17.753482818603516,7.890000000000002,102.07886505126952,7.890000000000001,20.68597984313965,7.890000000000001,71.60870361328125,7.890000000000001,48.15017318725586
7.9,17.96866798400879,7.9,102.20316314697266,7.899999999999999,21.02925491333008,7.899999999999999,71.57958984375,7.899999999999999,47.2025146484375
7.909999999999998,18.20909309387207,7.910000000000002,102.3479232788086,7.91,21.386383056640625,7.91,71.54661560058594,7.91,46.32619094848633
7.92,18.508310317993164,7.92,102.4920883178711,7.919999999999998,21.761314392089844,7.919999999999998,71.51517486572266,7.919999999999998,45.46098709106445
7.9300000000000015,18.830869674682617,7.9300000000000015,102.64588165283205,7.93,22.142822265625,7.93,71.47953033447266,7.93,44.5805778503418
7.939999999999999,19.14716911315918,7.939999999999999,102.81133270263672,7.940000000000001,22.52371025085449,7.940000000000001,71.44618225097656,7.940000000000001,43.68405532836914
7.950000000000001,19.47608184814453,7.950000000000001,102.99610137939452,7.949999999999999,22.904417037963867,7.949999999999999,71.41282653808594,7.949999999999999,42.80792236328125
7.959999999999999,19.821996688842773,7.959999999999999,103.19458770751952,7.960000000000001,23.29337310791016,7.960000000000001,71.38326263427734,7.960000000000001,41.99949264526367
7.970000000000001,20.17699241638184,7.970000000000001,103.40547943115234,7.969999999999999,23.683387756347656,7.969999999999999,71.35588836669922,7.969999999999999,41.24444961547852
7.979999999999999,20.549314498901367,7.980000000000002,103.61579132080078,7.98,24.087888717651367,7.98,71.32913208007812,7.98,40.54165267944336
7.99,20.94105529785156,7.99,103.81975555419922,7.989999999999998,24.501502990722656,7.989999999999998,71.30104064941406,7.989999999999998,39.97039794921875
8.000000000000002,21.36594581604004,8.000000000000002,104.03470611572266,8.0,24.942806243896484,8.0,71.26982879638672,8.0,39.4531364440918
8.01,21.80603408813477,8.01,104.25465393066406,8.009999999999998,25.39188766479492,8.009999999999998,71.24122619628906,8.010000000000002,38.96012115478516
8.020000000000001,22.242292404174805,8.020000000000001,104.47874450683594,8.02,25.837053298950195,8.02,71.20765686035156,8.02,38.49402618408203
8.03,22.66988754272461,8.03,104.70525360107422,8.030000000000001,26.313907623291016,8.030000000000001,71.17386627197266,8.030000000000001,38.034759521484375
8.040000000000001,23.109798431396484,8.040000000000001,104.9462661743164,8.04,26.83023262023925,8.04,71.14383697509766,8.04,37.54716873168945
8.049999999999999,23.55675506591797,8.050000000000002,105.187255859375,8.05,27.36223602294922,8.05,71.11503601074219,8.05,37.02410888671875
8.06,23.9998722076416,8.06,105.42696380615234,8.059999999999999,27.90122413635254,8.059999999999999,71.08646392822266,8.059999999999999,36.52472305297852
8.069999999999999,24.48784828186035,8.070000000000002,105.66614532470705,8.07,28.452714920043945,8.07,71.06098937988281,8.07,36.095462799072266
8.08,25.029321670532227,8.08,105.90890502929688,8.079999999999998,29.02051544189453,8.079999999999998,71.04060363769531,8.079999999999998,35.7434196472168
8.090000000000002,25.58981132507324,8.090000000000002,106.14527130126952,8.09,29.61799049377441,8.09,71.02426147460938,8.09,35.535823822021484
8.1,26.15799140930176,8.1,106.39275360107422,8.100000000000001,30.233642578125,8.099999999999998,71.01338195800781,8.100000000000001,35.42043685913086
8.110000000000001,26.731666564941406,8.110000000000001,106.60862731933594,8.11,30.87590980529785,8.11,71.0064468383789,8.11,35.303401947021484
8.12,27.32384490966797,8.12,106.8083724975586,8.120000000000001,31.536590576171875,8.120000000000001,71.00154113769531,8.120000000000001,35.13284683227539
8.13,27.95047950744629,8.13,107.0012664794922,8.129999999999999,32.213836669921875,8.129999999999999,70.99810028076172,8.129999999999999,34.9140625
8.139999999999999,28.61406517028809,8.140000000000002,107.18132019042967,8.14,32.90800857543945,8.14,70.99368286132812,8.14,34.72625732421875
8.15,29.313018798828125,8.15,107.35480499267578,8.149999999999999,33.61848068237305,8.149999999999999,70.992431640625,8.149999999999999,34.67549133300781
8.159999999999998,30.047510147094727,8.160000000000002,107.5108413696289,8.16,34.34626388549805,8.16,70.9938735961914,8.16,34.8248405456543
8.17,30.794845581054688,8.17,107.65778350830078,8.169999999999998,35.093074798583984,8.169999999999998,70.99714660644531,8.169999999999998,35.10187911987305
8.180000000000001,31.55356979370117,8.180000000000001,107.79422760009766,8.18,35.86048126220703,8.18,70.99950408935547,8.18,35.39676284790039
8.19,32.3183708190918,8.19,107.92277526855467,8.190000000000001,36.64297103881836,8.190000000000001,71.00161743164062,8.190000000000001,35.696311950683594
8.200000000000001,33.09708786010742,8.200000000000001,108.03372192382812,8.2,37.45035171508789,8.2,71.00393676757812,8.2,36.03286361694336
8.209999999999999,33.90801239013672,8.209999999999999,108.13788604736328,8.21,38.26061630249024,8.21,71.00627136230469,8.21,36.375732421875
8.22,34.74033737182617,8.22,108.22267150878906,8.219999999999999,39.078216552734375,8.219999999999999,71.00933837890625,8.219999999999999,36.71087265014648
8.229999999999999,35.58821487426758,8.230000000000002,108.2853775024414,8.23,39.91153717041016,8.23,71.01077270507812,8.23,36.99922561645508
8.24,36.45012283325195,8.24,108.33527374267578,8.239999999999998,40.74271774291992,8.239999999999998,71.01397705078125,8.239999999999998,37.30478286743164
8.250000000000002,37.32401657104492,8.250000000000002,108.36082458496094,8.25,41.60795211791992,8.25,71.01615905761719,8.25,37.64191055297852
8.26,38.2153549194336,8.26,108.36892700195312,8.259999999999998,42.49257659912109,8.259999999999998,71.01226043701172,8.260000000000002,37.959754943847656
8.270000000000001,39.127384185791016,8.270000000000001,108.37337493896484,8.27,43.39964294433594,8.27,71.00591278076172,8.27,38.28964614868164
8.28,40.04990005493164,8.28,108.36389923095705,8.280000000000001,44.331581115722656,8.280000000000001,71.00126647949219,8.280000000000001,38.661075592041016
8.290000000000001,40.98378753662109,8.290000000000001,108.33038330078124,8.29,45.23668670654297,8.29,70.9970703125,8.29,39.04484558105469
8.299999999999999,41.92443084716797,8.300000000000002,108.27930450439452,8.3,46.19773483276367,8.3,70.9894790649414,8.3,39.47119140625
8.31,42.87060928344727,8.31,108.2076644897461,8.309999999999999,47.22926712036133,8.309999999999999,70.998046875,8.309999999999999,39.9487419128418
8.319999999999999,43.8358154296875,8.320000000000002,108.12105560302734,8.32,48.20710754394531,8.32,71.00678253173828,8.32,40.46622848510742
8.33,44.79301071166992,8.33,108.03372955322266,8.329999999999998,49.16233444213867,8.329999999999998,71.01437377929688,8.329999999999998,41.00770950317383
8.340000000000002,45.7408447265625,8.340000000000002,107.9380340576172,8.34,50.15200424194336,8.34,71.02717590332031,8.34,41.568485260009766
8.35,46.67715835571289,8.35,107.8253936767578,8.350000000000001,51.14985275268555,8.349999999999998,71.04193115234375,8.350000000000001,42.16398620605469
8.360000000000001,47.60749435424805,8.360000000000001,107.7103500366211,8.36,52.12681579589844,8.36,71.05509948730469,8.36,42.771881103515625
8.37,48.53317642211914,8.37,107.57429504394533,8.370000000000001,53.08941650390625,8.370000000000001,71.06681823730469,8.370000000000001,43.434871673583984
8.38,49.434566497802734,8.38,107.43502044677734,8.379999999999999,54.0386962890625,8.379999999999999,71.07899475097656,8.379999999999999,44.10335540771485
8.389999999999999,50.334110260009766,8.390000000000002,107.28987121582033,8.39,54.97795486450195,8.39,71.08670806884766,8.39,44.808406829833984
8.4,51.22892761230469,8.4,107.13670349121094,8.399999999999999,55.8941535949707,8.399999999999999,71.0979995727539,8.399999999999999,45.54435729980469
8.409999999999998,52.10905456542969,8.410000000000002,106.99278259277344,8.41,56.761600494384766,8.41,71.10529327392578,8.41,46.28801345825195
8.42,52.991207122802734,8.42,106.88219451904295,8.419999999999998,57.386810302734375,8.419999999999998,71.11201477050781,8.419999999999998,47.05818557739258
8.430000000000001,53.86427307128906,8.430000000000001,106.7530288696289,8.43,58.16318893432617,8.43,71.12357330322266,8.43,47.83748245239258
8.44,54.72417449951172,8.44,106.62771606445312,8.440000000000001,59.27549362182617,8.440000000000001,71.13346099853516,8.440000000000001,48.64080047607422
8.450000000000001,55.59941101074219,8.450000000000001,106.5124969482422,8.45,60.2718620300293,8.45,71.13662719726562,8.45,49.45490646362305
8.459999999999999,56.47446060180664,8.459999999999999,106.39024353027344,8.46,61.12572860717773,8.46,71.13640594482422,8.46,50.27919006347656
8.47,57.33522033691406,8.47,106.28275299072266,8.469999999999999,61.939083099365234,8.469999999999999,71.13876342773438,8.469999999999999,51.08324432373047
8.479999999999999,58.183570861816406,8.480000000000002,106.19336700439452,8.48,62.72933578491211,8.48,71.13346099853516,8.48,51.90838623046875
8.49,59.00102996826172,8.49,106.092529296875,8.489999999999998,63.489044189453125,8.489999999999998,71.12445831298828,8.489999999999998,52.753536224365234
8.500000000000002,59.82695388793945,8.500000000000002,105.99932861328124,8.5,64.25018310546875,8.5,71.11319732666016,8.5,53.59467697143555
8.51,60.66585159301758,8.51,105.9217758178711,8.509999999999998,65.04401397705078,8.509999999999998,71.09656524658203,8.510000000000002,54.43288040161133
8.520000000000001,61.50203323364258,8.520000000000001,105.84656524658205,8.52,65.79910278320312,8.52,71.07799530029297,8.52,55.26764678955078
8.53,62.29431915283203,8.53,105.77068328857422,8.530000000000001,66.51739501953125,8.530000000000001,71.06266021728516,8.530000000000001,56.06858825683594
8.540000000000001,63.0566520690918,8.540000000000001,105.67903137207033,8.54,67.22106170654297,8.54,71.04362487792969,8.54,56.91814041137695
8.549999999999999,63.80477523803711,8.550000000000002,105.57909393310548,8.55,67.9957504272461,8.55,71.0257797241211,8.55,57.77256393432617
8.56,64.57762908935547,8.56,105.48980712890624,8.559999999999999,68.72333526611328,8.559999999999999,71.00515747070312,8.559999999999999,58.62308120727539
8.569999999999999,65.32501220703125,8.570000000000002,105.40328216552734,8.57,69.48409271240234,8.57,70.9874496459961,8.57,59.4484748840332
8.58,66.06497955322266,8.58,105.29489135742188,8.579999999999998,70.21414947509766,8.579999999999998,70.97265625,8.579999999999998,60.24253082275391
8.590000000000002,66.8341064453125,8.590000000000002,105.18506622314452,8.59,70.89151000976562,8.59,70.95720672607422,8.59,61.03929901123047
8.6,67.55216217041016,8.6,105.06360626220705,8.600000000000001,71.53550720214844,8.599999999999998,70.93925476074219,8.600000000000001,61.81192398071289
8.610000000000001,68.26199340820312,8.610000000000001,104.9393310546875,8.61,72.16639709472656,8.61,70.92227172851562,8.61,62.61236953735352
8.62,68.87480163574219,8.62,104.79027557373048,8.620000000000001,72.77257537841797,8.620000000000001,70.90961456298828,8.620000000000001,63.36594772338867
8.63,69.43157196044922,8.63,104.64817810058594,8.629999999999999,73.36046600341797,8.629999999999999,70.90542602539062,8.629999999999999,64.09577941894531
8.639999999999999,70.1158447265625,8.640000000000002,104.5204086303711,8.64,73.91127014160156,8.64,70.90817260742188,8.64,64.81047058105469
8.65,70.76179504394531,8.65,104.38116455078124,8.649999999999999,74.4861831665039,8.649999999999999,70.90815734863281,8.649999999999999,65.474609375
8.659999999999998,71.40396118164062,8.660000000000002,104.23423767089844,8.66,75.05415344238281,8.66,70.90375518798828,8.66,66.12069702148438
8.67,72.05032348632812,8.67,104.07280731201172,8.669999999999998,75.64339447021484,8.669999999999998,70.89750671386719,8.669999999999998,66.77306365966797
8.680000000000001,72.60087585449219,8.680000000000001,103.90736389160156,8.68,76.2131118774414,8.68,70.89550018310547,8.68,67.4911117553711
8.69,73.12351989746094,8.69,103.74807739257812,8.690000000000001,76.76066589355469,8.690000000000001,70.89639282226562,8.690000000000001,68.16523742675781
8.700000000000001,73.6893310546875,8.700000000000001,103.58338165283205,8.7,77.32181549072266,8.7,70.89977264404297,8.7,68.80057525634766
8.709999999999999,74.26705932617188,8.709999999999999,103.40950775146484,8.71,78.03124237060547,8.71,70.90042877197266,8.71,69.42655181884766
8.72,74.79365539550781,8.72,103.24627685546876,8.719999999999999,79.10934448242188,8.719999999999999,70.90448760986328,8.719999999999999,70.0751724243164
8.729999999999999,75.30301666259766,8.730000000000002,103.05289459228516,8.73,79.8069076538086,8.73,70.91507720947266,8.73,70.69126892089844
8.74,75.79718780517578,8.74,102.85960388183594,8.739999999999998,80.36398315429688,8.739999999999998,70.9263687133789,8.739999999999998,71.24311828613281
8.750000000000002,76.30732727050781,8.750000000000002,102.66275024414062,8.75,80.90814208984375,8.75,70.93670654296875,8.75,71.79948425292969
8.76,76.80070495605469,8.76,102.45433044433594,8.759999999999998,81.33075714111328,8.759999999999998,70.9441909790039,8.760000000000002,72.37875366210938
8.770000000000001,77.25867462158203,8.770000000000001,102.25672149658205,8.77,81.86410522460938,8.77,70.9588851928711,8.77,72.9284439086914
8.78,77.67581176757812,8.78,102.02300262451172,8.780000000000001,82.3900375366211,8.780000000000001,70.98052978515625,8.780000000000001,73.47210693359375
8.790000000000001,78.16673278808594,8.790000000000001,101.78949737548828,8.79,82.92910766601562,8.79,71.00399780273438,8.79,74.00298309326172
8.799999999999999,78.66516876220703,8.800000000000002,101.5522003173828,8.8,83.48091888427734,8.8,71.02662658691406,8.8,74.44552612304688
8.81,79.40743255615234,8.81,101.30941772460938,8.809999999999999,84.02999114990234,8.809999999999999,71.04772186279297,8.809999999999999,74.85932159423828
8.819999999999999,80.24201202392578,8.820000000000002,101.079345703125,8.82,84.58102416992188,8.82,71.07272338867188,8.82,75.28801727294922
8.83,81.01678466796875,8.83,100.85679626464844,8.829999999999998,85.11203002929688,8.829999999999998,71.09770202636719,8.829999999999998,75.69498443603516
8.840000000000002,81.70799255371094,8.840000000000002,100.6359634399414,8.84,85.66055297851562,8.84,71.1279067993164,8.84,76.10879516601562
8.85,82.28682708740234,8.85,100.4401626586914,8.850000000000001,86.24091339111328,8.849999999999998,71.15901947021484,8.850000000000001,76.49949645996094
8.860000000000001,82.8542251586914,8.860000000000001,100.26148986816406,8.86,86.84622955322266,8.86,71.18907928466797,8.86,76.82722473144531
8.87,83.415283203125,8.87,100.07820129394533,8.870000000000001,87.4272232055664,8.870000000000001,71.21627807617188,8.870000000000001,77.15862274169922
8.88,83.78960418701172,8.88,99.9288558959961,8.879999999999999,87.9946060180664,8.879999999999999,71.24531555175781,8.879999999999999,77.49340057373047
8.889999999999999,84.59612274169922,8.890000000000002,99.78233337402344,8.89,88.55686950683594,8.89,71.26998138427734,8.89,77.77433013916016
8.9,85.16878509521484,8.9,99.6403579711914,8.899999999999999,89.14664459228516,8.899999999999999,71.29960632324219,8.899999999999999,78.01350402832031
8.909999999999998,85.77710723876953,8.910000000000002,99.54151916503906,8.91,89.70738220214844,8.91,71.33072662353516,8.91,78.2098388671875
8.92,86.27865600585938,8.92,99.44341278076172,8.919999999999998,90.27531433105467,8.919999999999998,71.35566711425781,8.919999999999998,78.3936538696289
8.930000000000001,86.93055725097656,8.930000000000001,99.3435516357422,8.93,90.86511993408205,8.93,71.37849426269531,8.93,78.5492172241211
8.94,87.49553680419922,8.94,99.23963165283205,8.940000000000001,91.376953125,8.940000000000001,71.40202331542969,8.940000000000001,78.68199920654297
8.950000000000001,88.02178192138672,8.950000000000001,99.2276382446289,8.95,91.82991027832033,8.95,71.41912078857422,8.95,78.8194580078125
8.959999999999999,88.53829956054688,8.959999999999999,99.20848846435548,8.96,92.1804428100586,8.96,71.42867279052734,8.96,78.94749450683594
8.97,89.00570678710938,8.97,99.21495056152344,8.969999999999999,92.41820526123048,8.969999999999999,71.43216705322266,8.969999999999999,79.07442474365234
8.979999999999999,89.36408996582031,8.980000000000002,99.22393798828124,8.98,92.58907318115234,8.98,71.42626953125,8.98,79.20026397705078
8.99,89.700439453125,8.99,99.21286010742188,8.989999999999998,92.7132797241211,8.989999999999998,71.4138412475586,8.989999999999998,79.31723022460938
9.000000000000002,89.94473266601562,9.000000000000002,99.23483276367188,9.0,92.76455688476562,9.0,71.39119720458984,9.0,79.43827819824219
9.01,90.15095520019533,9.01,99.26325988769533,9.009999999999998,92.76576232910156,9.009999999999998,71.36779022216797,9.010000000000002,79.56546783447266
9.02,90.30553436279295,9.02,99.28529357910156,9.02,92.7599868774414,9.02,71.34425354003906,9.02,79.70137786865234
9.03,90.3892593383789,9.03,99.31330871582033,9.03,92.76105499267578,9.03,71.31526947021484,9.03,79.84111022949219
9.04,90.41910552978516,9.04,99.3621063232422,9.04,92.77699279785156,9.04,71.28467559814453,9.04,79.95266723632812
9.05,90.42764282226562,9.050000000000002,99.41558837890624,9.05,92.80287170410156,9.05,71.25582122802734,9.05,80.04199981689453
9.06,90.40846252441406,9.06,99.47933197021484,9.06,92.81251525878906,9.06,71.23046112060547,9.06,80.11376953125
9.07,90.40198516845705,9.070000000000002,99.53368377685548,9.07,92.84392547607422,9.07,71.2124252319336,9.07,80.1840591430664
9.08,90.3961181640625,9.08,99.58116149902344,9.079999999999998,92.86892700195312,9.079999999999998,71.20066833496094,9.079999999999998,80.25428771972656
9.090000000000002,90.40153503417967,9.090000000000002,99.62388610839844,9.09,92.92164611816406,9.09,71.1927719116211,9.09,80.31314849853516
9.1,90.41787719726562,9.1,99.65558624267578,9.1,92.9490737915039,9.099999999999998,71.18184661865234,9.1,80.35874938964844
9.11,90.4498062133789,9.11,99.67769622802734,9.11,92.9822998046875,9.11,71.1690902709961,9.11,80.3847427368164
9.12,90.4868392944336,9.12,99.70291900634766,9.12,93.01412200927734,9.12,71.1578598022461,9.12,80.3916015625
9.13,90.5459213256836,9.13,99.72972106933594,9.13,93.0442886352539,9.13,71.1482162475586,9.13,80.37997436523438
9.14,90.59381103515624,9.140000000000002,99.75138092041016,9.14,93.07736206054688,9.14,71.14080810546875,9.14,80.35232543945312
9.15,90.64396667480467,9.15,99.7721176147461,9.15,93.11611938476562,9.15,71.13732147216797,9.15,80.32538604736328
9.159999999999998,90.69994354248048,9.160000000000002,99.7945327758789,9.16,93.15547943115234,9.16,71.13615417480469,9.16,80.29200744628906
9.17,90.7436981201172,9.17,99.8211898803711,9.169999999999998,93.19151306152344,9.169999999999998,71.13597869873047,9.169999999999998,80.2662124633789
9.18,90.77960205078124,9.18,99.8479232788086,9.18,93.22274780273438,9.18,71.13829803466797,9.18,80.23585510253906
9.19,90.80452728271484,9.19,99.87329864501952,9.19,93.24211883544922,9.19,71.135009765625,9.19,80.22990417480469
9.2,90.82022094726562,9.2,99.89739227294922,9.2,93.25550842285156,9.2,71.12586975097656,9.2,80.2257080078125
9.21,90.82215881347656,9.21,99.9272918701172,9.21,93.26441192626952,9.21,71.12091064453125,9.21,80.21803283691406
9.22,90.8153839111328,9.22,99.95802307128906,9.22,93.2746810913086,9.22,71.11255645751953,9.22,80.2044906616211
9.23,90.80223083496094,9.230000000000002,99.9781723022461,9.23,93.26868438720705,9.23,71.10079956054688,9.23,80.17951965332031
9.24,90.7916259765625,9.24,99.99140167236328,9.239999999999998,93.25879669189452,9.239999999999998,71.08833312988281,9.239999999999998,80.14630889892578
9.250000000000002,90.79061126708984,9.250000000000002,99.9994888305664,9.25,93.23680114746094,9.25,71.0759048461914,9.25,80.10836791992188
9.26,90.78556823730467,9.26,100.0101547241211,9.259999999999998,93.2210922241211,9.259999999999998,71.0629653930664,9.260000000000002,80.06584930419922
9.27,90.7891845703125,9.27,100.01344299316406,9.27,93.23055267333984,9.27,71.05387878417969,9.27,80.02181243896484
9.28,90.7855224609375,9.28,100.02462768554688,9.28,93.27488708496094,9.28,71.04193115234375,9.28,79.97489166259766
9.29,90.79033660888672,9.29,100.03278350830078,9.29,93.29296875,9.29,71.03256225585938,9.29,79.92294311523438
9.3,90.7964096069336,9.300000000000002,100.0328369140625,9.3,93.30904388427734,9.3,71.02506256103516,9.3,79.86557006835938
9.31,90.80825805664062,9.31,100.0110855102539,9.31,93.32263946533205,9.31,71.01847076416016,9.31,79.81034851074219
9.32,90.86014556884766,9.320000000000002,100.01116180419922,9.32,93.34642028808594,9.32,71.0126724243164,9.32,79.75357055664062
9.33,90.90991973876952,9.33,100.00125885009766,9.329999999999998,93.36109161376952,9.329999999999998,71.01044464111328,9.329999999999998,79.69567108154297
9.340000000000002,90.9490966796875,9.340000000000002,99.99089050292967,9.34,93.3931655883789,9.34,71.0147476196289,9.34,79.63517761230469
9.35,90.9801025390625,9.35,99.9789581298828,9.35,93.41912078857422,9.349999999999998,71.02674865722656,9.35,79.58058166503906
9.36,91.011962890625,9.36,99.96444702148438,9.36,93.42874908447266,9.36,71.03077697753906,9.36,79.5317611694336
9.37,91.04231262207033,9.37,99.94960021972656,9.37,93.4263153076172,9.37,71.03629302978516,9.37,79.48658752441406
9.38,91.05994415283205,9.38,99.93543243408205,9.38,93.41158294677734,9.38,71.04158782958984,9.38,79.44180297851562
9.39,91.06900787353516,9.390000000000002,99.9222183227539,9.39,93.39280700683594,9.39,71.04936218261719,9.39,79.39982604980469
9.4,91.07911682128906,9.4,99.90884399414062,9.4,93.36346435546876,9.4,71.05925750732422,9.4,79.36328887939453
9.409999999999998,91.0854034423828,9.410000000000002,99.89508056640624,9.41,93.33397674560548,9.41,71.06867218017578,9.41,79.33099365234375
9.42,91.08444213867188,9.42,99.88145446777344,9.419999999999998,93.3042984008789,9.419999999999998,71.07736206054688,9.419999999999998,79.30696868896484
9.43,91.08280181884766,9.43,99.87381744384766,9.43,93.28032684326172,9.43,71.08267211914062,9.43,79.28572845458984
9.44,91.07853698730467,9.44,99.8695831298828,9.44,93.26496124267578,9.44,71.08924865722656,9.44,79.2666244506836
9.45,91.0747299194336,9.45,99.8662109375,9.45,93.26074981689452,9.45,71.094970703125,9.45,79.25093078613281
9.46,91.07489013671876,9.46,99.8714370727539,9.46,93.25981903076172,9.46,71.0979995727539,9.46,79.23716735839844
9.47,91.07610321044922,9.47,99.87535095214844,9.47,93.25942993164062,9.47,71.10094451904297,9.47,79.22846984863281
9.48,91.06729888916016,9.480000000000002,99.87517547607422,9.48,93.26158905029295,9.48,71.10186004638672,9.48,79.22145080566406
9.49,91.05789184570312,9.49,99.87400817871094,9.489999999999998,93.26561737060548,9.489999999999998,71.1021728515625,9.489999999999998,79.2107925415039
9.500000000000002,91.05157470703124,9.500000000000002,99.87442016601562,9.5,93.27147674560548,9.5,71.10213470458984,9.5,79.19650268554688
9.51,91.04175567626952,9.51,99.8738784790039,9.509999999999998,93.2755355834961,9.509999999999998,71.10680389404297,9.510000000000002,79.17737579345703
9.52,91.02952575683594,9.52,99.87286376953124,9.52,93.2762451171875,9.52,71.11161804199219,9.52,79.15910339355469
9.53,91.0206069946289,9.53,99.87052917480467,9.53,93.271728515625,9.53,71.11812591552734,9.53,79.14915466308594
9.54,91.01897430419922,9.54,99.87500762939452,9.54,93.26844024658205,9.54,71.12586212158203,9.54,79.14424896240234
9.55,91.01976776123048,9.550000000000002,99.88249206542967,9.55,93.26091003417967,9.55,71.13002014160156,9.55,79.13777923583984
9.56,91.0180435180664,9.56,99.8929672241211,9.56,93.24431610107422,9.56,71.13471221923828,9.56,79.12992858886719
9.57,91.01781463623048,9.570000000000002,99.89421081542967,9.57,93.22481536865234,9.57,71.13953399658203,9.57,79.12345123291016
9.58,91.01192474365234,9.58,99.8936767578125,9.579999999999998,93.20870208740234,9.579999999999998,71.1443099975586,9.579999999999998,79.11613464355469
9.590000000000002,91.00444793701172,9.590000000000002,99.89160919189452,9.59,93.1942901611328,9.59,71.1488037109375,9.59,79.1103744506836
9.6,90.9949188232422,9.6,99.8872528076172,9.6,93.18594360351562,9.599999999999998,71.15460205078125,9.6,79.10578155517578
9.61,90.99229431152344,9.61,99.87638854980467,9.61,93.17729949951172,9.61,71.1591567993164,9.61,79.10187530517578
9.62,90.99687957763672,9.62,99.86477661132812,9.62,93.17192840576172,9.62,71.16551971435547,9.62,79.09883880615234
9.63,91.00311279296876,9.63,99.8528823852539,9.63,93.1746063232422,9.63,71.17141723632812,9.63,79.0988998413086
9.64,91.00967407226562,9.640000000000002,99.84832763671876,9.64,93.1731948852539,9.64,71.1762466430664,9.64,79.09825897216797
9.65,91.01107025146484,9.65,99.8494644165039,9.65,93.17432403564452,9.65,71.1803970336914,9.65,79.09794616699219
9.659999999999998,91.01251220703124,9.660000000000002,99.85246276855467,9.66,93.17914581298828,9.66,71.18231201171875,9.66,79.0996322631836
9.67,91.01454162597656,9.67,99.85372161865234,9.669999999999998,93.1886749267578,9.669999999999998,71.18328857421875,9.669999999999998,79.10223388671875
9.68,91.0185317993164,9.68,99.86580657958984,9.68,93.19280242919922,9.68,71.1845932006836,9.68,79.10511016845703
9.69,91.01760864257812,9.69,99.8769073486328,9.69,93.19638061523438,9.69,71.18778228759766,9.69,79.1077880859375
9.7,91.0081558227539,9.7,99.88906860351562,9.7,93.2033462524414,9.7,71.19084930419922,9.7,79.10718536376953
9.71,91.00889587402344,9.71,99.89835357666016,9.71,93.2058563232422,9.71,71.19406127929688,9.71,79.10588836669922
9.72,91.00804901123048,9.72,99.9056396484375,9.72,93.20313262939452,9.72,71.19912719726562,9.72,79.10360717773438
9.73,91.0054931640625,9.730000000000002,99.90780639648438,9.73,93.20279693603516,9.73,71.20281219482422,9.73,79.09896850585938
9.74,91.00098419189452,9.74,99.9103012084961,9.739999999999998,93.1921615600586,9.739999999999998,71.20475769042969,9.739999999999998,79.09388732910156
9.750000000000002,91.00128936767578,9.750000000000002,99.90782928466795,9.75,93.1765365600586,9.75,71.2091064453125,9.75,79.0919418334961
9.76,91.01170349121094,9.76,99.90348815917967,9.759999999999998,93.16120147705078,9.759999999999998,71.21099853515625,9.760000000000002,79.09649658203125
9.77,91.0210189819336,9.77,99.89608764648438,9.77,93.15081787109376,9.77,71.21576690673828,9.77,79.10216522216797
9.78,91.02648162841795,9.78,99.88198852539062,9.78,93.1380386352539,9.78,71.2222900390625,9.78,79.10975646972656
9.79,91.02349853515624,9.79,99.87022399902344,9.79,93.12281799316406,9.79,71.22847747802734,9.79,79.12053680419922
9.8,91.02255249023438,9.800000000000002,99.86123657226562,9.8,93.1118621826172,9.8,71.23589324951172,9.8,79.12671661376953
9.81,91.01681518554688,9.81,99.8542251586914,9.81,93.09750366210938,9.81,71.23934173583984,9.81,79.13228607177734
9.82,91.00724029541016,9.820000000000002,99.8528060913086,9.82,93.08550262451172,9.82,71.24327087402344,9.82,79.139892578125
9.83,90.9949722290039,9.83,99.85639190673828,9.829999999999998,93.08228302001952,9.829999999999998,71.24649810791016,9.829999999999998,79.14986419677734
9.840000000000002,90.98493957519533,9.840000000000002,99.8573760986328,9.84,93.08263397216795,9.84,71.25201416015625,9.84,79.16146850585938
9.85,90.98048400878906,9.85,99.863525390625,9.85,93.08604431152344,9.849999999999998,71.25724029541016,9.85,79.17237854003906
9.86,90.97439575195312,9.86,99.8707504272461,9.86,93.08696746826172,9.86,71.26229095458984,9.86,79.18697357177734
9.87,90.9650421142578,9.87,99.87938690185548,9.87,93.08419799804688,9.87,71.2655258178711,9.87,79.20664978027344
9.88,90.9561538696289,9.88,99.8865203857422,9.88,93.0765151977539,9.88,71.2712631225586,9.88,79.2281723022461
9.89,90.94931030273438,9.890000000000002,99.89273071289062,9.89,93.0645980834961,9.89,71.27767944335938,9.89,79.25164794921875
9.9,90.94196319580078,9.9,99.90196990966795,9.9,93.05701446533205,9.9,71.28592681884766,9.9,79.27999877929688
9.909999999999998,90.92668914794922,9.910000000000002,99.91504669189452,9.91,93.04734802246094,9.91,71.2946548461914,9.91,79.30774688720703
9.92,90.90852355957033,9.92,99.93431854248048,9.919999999999998,93.0386199951172,9.919999999999998,71.30391693115234,9.919999999999998,79.33279418945312
9.93,90.88877868652344,9.93,99.95176696777344,9.93,93.02445220947266,9.93,71.31317138671875,9.93,79.35992431640625
9.94,90.86447143554688,9.94,99.95706939697266,9.94,93.00985717773438,9.94,71.32177734375,9.94,79.38810729980469
9.95,90.8405990600586,9.95,99.95711517333984,9.95,92.99169158935548,9.95,71.32828521728516,9.95,79.41700744628906
9.96,90.81627655029295,9.96,99.965087890625,9.96,92.97500610351562,9.96,71.33441162109375,9.96,79.44358825683594
9.97,90.78899383544922,9.97,99.96561431884766,9.97,92.95557403564452,9.97,71.33757019042969,9.97,79.46122741699219
9.98,90.75701141357422,9.980000000000002,99.96959686279295,9.98,92.93383026123048,9.98,71.34030151367188,9.98,79.47489929199219
9.99,90.72747039794922,9.99,99.9841537475586,9.989999999999998,92.91121673583984,9.989999999999998,71.34458923339844,9.989999999999998,79.48934173583984
10.000000000000002,90.6956558227539,10.000000000000002,99.99786376953124,10.0,92.88677215576172,10.0,71.34818267822266,10.0,79.4968490600586
10.01,90.6641616821289,10.01,100.01258087158205,10.009999999999998,92.86314392089844,10.009999999999998,71.35118865966797,10.010000000000002,79.50389862060547
10.02,90.63619232177734,10.02,100.02459716796876,10.02,92.83731842041016,10.02,71.35285949707031,10.02,79.50879669189453
10.03,90.61058044433594,10.03,100.03010559082033,10.03,92.8148193359375,10.03,71.35418701171875,10.03,79.51199340820312
10.04,90.58777618408205,10.04,100.03911590576172,10.04,92.80064392089844,10.04,71.3569564819336,10.04,79.5140609741211
10.05,90.56771087646484,10.050000000000002,100.0464859008789,10.05,92.79693603515624,10.05,71.35879516601562,10.05,79.51333618164062
10.06,90.55425262451172,10.06,100.06011199951172,10.06,92.80880737304688,10.06,71.36187744140625,10.06,79.511962890625
10.07,90.54271697998048,10.070000000000002,100.06429290771484,10.07,92.81423950195312,10.07,71.36544799804688,10.07,79.51019287109375
10.08,90.53292083740234,10.08,100.08169555664062,10.079999999999998,92.81584167480467,10.079999999999998,71.36800384521484,10.079999999999998,79.50827026367188
10.090000000000002,90.53555297851562,10.090000000000002,100.09271240234376,10.09,92.81896209716795,10.09,71.36846160888672,10.09,79.50286865234375
10.1,90.55136108398438,10.1,100.10324096679688,10.1,92.8167953491211,10.099999999999998,71.37401580810547,10.1,79.4925765991211
10.11,90.572021484375,10.11,100.1064453125,10.11,92.81316375732422,10.11,71.380126953125,10.11,79.4846420288086
10.12,90.6282196044922,10.12,100.10536193847656,10.12,92.80957794189452,10.12,71.3852310180664,10.12,79.47711181640625
10.13,90.6750259399414,10.13,100.0998077392578,10.13,92.80140686035156,10.13,71.3893814086914,10.13,79.46952056884766
10.14,90.69105529785156,10.140000000000002,100.0909423828125,10.14,92.79085540771484,10.14,71.39334106445312,10.14,79.46188354492188
10.15,90.69630432128906,10.15,100.08277130126952,10.15,92.77698516845705,10.15,71.39695739746094,10.15,79.4552001953125
10.159999999999998,90.69491577148438,10.160000000000002,100.07646942138672,10.16,92.76200103759766,10.16,71.40048217773438,10.16,79.44815826416016
10.17,90.69054412841795,10.17,100.06928253173828,10.169999999999998,92.7509307861328,10.169999999999998,71.4040298461914,10.169999999999998,79.44442749023438
10.18,90.68246459960938,10.18,100.06085205078124,10.18,92.74138641357422,10.18,71.4085464477539,10.18,79.44425201416016
10.19,90.67202758789062,10.19,100.04922485351562,10.19,92.73179626464844,10.19,71.41168212890625,10.19,79.44435119628906
10.2,90.66950988769533,10.2,100.03849029541016,10.2,92.72286224365234,10.2,71.41574096679688,10.2,79.44538116455078
10.21,90.6625518798828,10.21,100.02799987792967,10.21,92.714599609375,10.21,71.42036437988281,10.21,79.44532012939453
10.22,90.65446472167967,10.22,100.01561737060548,10.22,92.70783996582033,10.22,71.42525482177734,10.22,79.44554901123047
10.23,90.64830017089844,10.230000000000002,99.99942016601562,10.23,92.7011489868164,10.23,71.42896270751953,10.23,79.44335174560547
10.24,90.64237213134766,10.24,99.9854507446289,10.239999999999998,92.70087432861328,10.239999999999998,71.4336929321289,10.239999999999998,79.44048309326172
10.250000000000002,90.63494873046876,10.250000000000002,99.97457885742188,10.25,92.69815063476562,10.25,71.43879699707031,10.25,79.442626953125
10.26,90.62384033203124,10.26,99.97003173828124,10.259999999999998,92.6927261352539,10.259999999999998,71.44346618652344,10.260000000000002,79.44725036621094
10.27,90.60299682617188,10.27,99.97129821777344,10.27,92.68678283691406,10.27,71.44673919677734,10.27,79.45361328125
10.28,90.58617401123048,10.28,99.9728775024414,10.28,92.68026733398438,10.28,71.45298767089844,10.28,79.45974731445312
10.29,90.58080291748048,10.29,99.97081756591795,10.29,92.67422485351562,10.29,71.45575714111328,10.29,79.46846008300781
10.3,90.5762176513672,10.300000000000002,99.96884155273438,10.3,92.66444396972656,10.3,71.45775604248047,10.3,79.47808074951172
10.31,90.56805419921876,10.31,99.9674835205078,10.31,92.65725708007812,10.31,71.46148681640625,10.31,79.48626708984375
10.32,90.5619888305664,10.320000000000002,99.9646224975586,10.32,92.65235137939452,10.32,71.46562194824219,10.32,79.4949722290039
10.33,90.56129455566406,10.33,99.96087646484376,10.329999999999998,92.6491928100586,10.329999999999998,71.46887969970703,10.329999999999998,79.50521850585938
10.340000000000002,90.56094360351562,10.340000000000002,99.95460510253906,10.34,92.64651489257812,10.34,71.47142791748047,10.34,79.51544952392578
10.35,90.55355072021484,10.35,99.95099639892578,10.35,92.64144897460938,10.349999999999998,71.47408294677734,10.35,79.52615356445312
10.36,90.5490264892578,10.36,99.94598388671876,10.36,92.63650512695312,10.36,71.47589874267578,10.36,79.53800964355469
10.37,90.53480529785156,10.37,99.9376220703125,10.37,92.6303253173828,10.37,71.4770278930664,10.37,79.55139923095703
10.38,90.52169799804688,10.38,99.93145751953124,10.38,92.62207794189452,10.38,71.47708892822266,10.38,79.56629943847656
10.39,90.50850677490234,10.390000000000002,99.92529296875,10.39,92.61558532714844,10.39,71.47908782958984,10.39,79.5805892944336
10.4,90.49644470214844,10.4,99.91829681396484,10.4,92.60928344726562,10.4,71.47935485839844,10.4,79.59229278564453
10.409999999999998,90.4865264892578,10.410000000000002,99.913818359375,10.41,92.60362243652344,10.41,71.47945404052734,10.41,79.60616302490234
10.42,90.4781265258789,10.42,99.90900421142578,10.419999999999998,92.6019058227539,10.419999999999998,71.47962188720703,10.419999999999998,79.62135314941406
10.43,90.47028350830078,10.43,99.90299987792967,10.43,92.60227966308594,10.43,71.47947692871094,10.43,79.63892364501953
10.44,90.45968627929688,10.44,99.89673614501952,10.44,92.60437774658205,10.44,71.47565460205078,10.44,79.65674591064453
10.45,90.45244598388672,10.45,99.89443969726562,10.45,92.60386657714844,10.45,71.47264862060547,10.45,79.67440795898438
10.46,90.444580078125,10.46,99.8948211669922,10.46,92.60227966308594,10.46,71.46888732910156,10.46,79.6897964477539
10.47,90.43772888183594,10.47,99.894287109375,10.47,92.59851837158205,10.47,71.46249389648438,10.47,79.70600891113281
10.48,90.42930603027344,10.480000000000002,99.89141845703124,10.48,92.59420776367188,10.48,71.45614624023438,10.48,79.7221908569336
10.49,90.41716766357422,10.49,99.88842010498048,10.489999999999998,92.58788299560548,10.489999999999998,71.44889831542969,10.489999999999998,79.73754119873047
10.500000000000002,90.39920043945312,10.500000000000002,99.8805160522461,10.5,92.57776641845705,10.5,71.4406509399414,10.5,79.75211334228516
10.51,90.38108825683594,10.51,99.87522888183594,10.509999999999998,92.5683135986328,10.509999999999998,71.43103790283203,10.510000000000002,79.76544189453125
10.52,90.3607177734375,10.52,99.8733367919922,10.52,92.56227111816406,10.52,71.41999816894531,10.52,79.7812271118164
10.53,90.33931732177734,10.53,99.8687744140625,10.53,92.55810546875,10.53,71.40777587890625,10.53,79.79789733886719
10.54,90.31415557861328,10.54,99.86095428466795,10.54,92.55559539794922,10.54,71.3963623046875,10.54,79.81315612792969
10.55,90.28854370117188,10.550000000000002,99.85393524169922,10.55,92.54769897460938,10.55,71.38482666015625,10.55,79.82621002197266
10.56,90.2616729736328,10.56,99.84873962402344,10.56,92.54473114013672,10.56,71.3746109008789,10.56,79.83490753173828
10.57,90.23619842529295,10.570000000000002,99.83995819091795,10.57,92.5432586669922,10.57,71.36180114746094,10.57,79.83609771728516
10.58,90.20836639404295,10.58,99.83020782470705,10.579999999999998,92.54360961914062,10.579999999999998,71.3523178100586,10.579999999999998,79.836669921875
10.590000000000002,90.17808532714844,10.590000000000002,99.81438446044922,10.59,92.54303741455078,10.59,71.34412384033203,10.59,79.83628845214844
10.6,90.14411163330078,10.6,99.79461669921876,10.6,92.54075622558594,10.599999999999998,71.33840942382812,10.6,79.83306121826172
10.61,90.10847473144533,10.61,99.7744598388672,10.61,92.5372314453125,10.61,71.33525848388672,10.61,79.82772827148438
10.62,90.074462890625,10.62,99.75259399414062,10.62,92.53397369384766,10.62,71.33292388916016,10.62,79.81804656982422
10.63,90.0443115234375,10.63,99.72838592529295,10.63,92.5320816040039,10.63,71.33160400390625,10.63,79.80838012695312
10.64,90.01721954345703,10.640000000000002,99.7004852294922,10.64,92.52638244628906,10.64,71.33273315429688,10.64,79.79979705810547
10.65,89.99090576171875,10.65,99.67288970947266,10.65,92.52044677734376,10.65,71.33654022216797,10.65,79.79428100585938
10.660000000000002,89.96442413330078,10.660000000000002,99.64507293701172,10.66,92.51789093017578,10.66,71.34159851074219,10.66,79.7896499633789
10.67,89.94025421142578,10.67,99.61490631103516,10.669999999999998,92.51350402832033,10.669999999999998,71.34893798828125,10.669999999999998,79.78199768066406
10.68,89.92089080810547,10.68,99.58306121826172,10.68,92.50582885742188,10.68,71.35768127441406,10.68,79.77434539794922
10.69,89.90326690673828,10.69,99.54891204833984,10.69,92.49292755126952,10.69,71.36678314208984,10.69,79.76422119140625
10.7,89.88736724853516,10.7,99.51402282714844,10.7,92.47516632080078,10.7,71.37889862060547,10.7,79.75188446044922
10.71,89.87120819091797,10.710000000000004,99.4779052734375,10.71,92.4591293334961,10.71,71.39179229736328,10.71,79.74209594726562
10.72,89.85067749023438,10.72,99.43739318847656,10.72,92.44449615478516,10.72,71.40615844726562,10.72,79.73567199707031
10.73,89.82386016845703,10.730000000000002,99.3956527709961,10.73,92.43343353271484,10.73,71.42091369628906,10.73,79.73634338378906
10.74,89.79188537597656,10.74,99.35289001464844,10.739999999999998,92.41947174072266,10.739999999999998,71.43730926513672,10.739999999999998,79.73880767822266
10.750000000000002,89.75830078125,10.750000000000002,99.3133773803711,10.75,92.39733123779295,10.75,71.45585632324219,10.75,79.74532318115234
10.76,89.72071838378906,10.76,99.28834533691406,10.760000000000002,92.3749771118164,10.759999999999998,71.47268676757812,10.760000000000002,79.75349426269531
10.77,89.6815185546875,10.77,99.27079010009766,10.77,92.35440063476562,10.77,71.48541259765625,10.77,79.76738739013672
10.78,89.64093780517578,10.78,99.25713348388672,10.78,92.33147430419922,10.78,71.49620819091797,10.78,79.7853012084961
10.79,89.59351348876953,10.79,99.26153564453124,10.79,92.30754852294922,10.79,71.50362396240234,10.79,79.80533599853516
10.8,89.53704071044922,10.800000000000002,99.26778411865234,10.8,92.28662872314452,10.8,71.50834655761719,10.8,79.82553100585938
10.81,89.47417449951172,10.81,99.27909088134766,10.81,92.26579284667967,10.81,71.51117706298828,10.81,79.84798431396484
10.82,89.4056167602539,10.820000000000002,99.28546905517578,10.82,92.2443618774414,10.82,71.51516723632812,10.82,79.87077331542969
10.83,89.3286361694336,10.83,99.29653930664062,10.829999999999998,92.2208023071289,10.829999999999998,71.5182876586914,10.829999999999998,79.89337921142578
10.840000000000002,89.2635269165039,10.840000000000002,99.30011749267578,10.84,92.1955108642578,10.84,71.52252960205078,10.84,79.9143295288086
10.85,89.20162200927734,10.85,99.30500793457033,10.85,92.1694793701172,10.85,71.52597045898438,10.85,79.92616271972656
10.86,89.13909912109375,10.86,99.31752014160156,10.86,92.13670349121094,10.86,71.52767944335938,10.86,79.92887878417969
10.87,89.08639526367188,10.87,99.33332824707033,10.87,92.09846496582033,10.87,71.5325927734375,10.87,79.91813659667969
10.88,89.03929901123047,10.88,99.32765197753906,10.88,92.06134033203124,10.88,71.53726959228516,10.88,79.89746856689453
10.89,88.99185180664062,10.890000000000002,99.33534240722656,10.89,92.02107238769533,10.89,71.53971099853516,10.89,79.86227416992188
10.9,88.9460220336914,10.9,99.33917999267578,10.9,91.97503662109376,10.9,71.5400390625,10.9,79.81578063964844
10.910000000000002,88.89482879638672,10.910000000000002,99.34400177001952,10.91,91.9171905517578,10.91,71.53855895996094,10.91,79.76710510253906
10.92,88.83647918701172,10.92,99.34589385986328,10.919999999999998,91.8656768798828,10.919999999999998,71.5360107421875,10.920000000000002,79.69913482666016
10.93,88.7744369506836,10.93,99.34440612792967,10.93,91.81331634521484,10.93,71.5311508178711,10.93,79.62450408935547
10.94,88.7088394165039,10.94,99.3450164794922,10.94,91.75167083740234,10.94,71.5262222290039,10.94,79.53894805908203
10.95,88.62238311767578,10.95,99.33660125732422,10.95,91.67562866210938,10.95,71.51942443847656,10.95,79.41439056396484
10.96,88.53274536132812,10.960000000000004,99.31861877441406,10.96,91.59420013427734,10.96,71.5125503540039,10.96,79.27426147460938
10.97,88.44697570800781,10.97,99.309326171875,10.97,91.51409912109376,10.97,71.50706481933594,10.97,79.11489868164062
10.98,88.35340881347656,10.980000000000002,99.28971099853516,10.98,91.42137908935548,10.98,71.50210571289062,10.98,78.93085479736328
10.99,88.26679992675781,10.99,99.27163696289062,10.989999999999998,91.33959197998048,10.989999999999998,71.49616241455078,10.989999999999998,78.72357940673828
11.000000000000002,88.15010833740234,11.000000000000002,99.24761962890624,11.0,91.2180633544922,11.0,71.49082946777344,11.0,78.4885025024414
11.01,88.01432037353516,11.01,99.21648406982422,11.010000000000002,91.11034393310548,11.009999999999998,71.48696899414062,11.010000000000002,78.24361419677734
11.02,87.89472198486328,11.02,99.16993713378906,11.02,90.98725128173828,11.02,71.4835433959961,11.02,77.97666931152344
11.03,87.7460708618164,11.03,99.11282348632812,11.03,90.85023498535156,11.03,71.48248291015625,11.03,77.67224884033203
11.04,87.57597351074219,11.04,99.03065490722656,11.04,90.70053100585938,11.04,71.48563385009766,11.04,77.36369323730469
11.05,87.38259887695312,11.050000000000002,98.9277114868164,11.05,90.53143310546876,11.05,71.49323272705078,11.05,77.0400390625
11.06,87.18290710449219,11.06,98.81747436523438,11.06,90.3415069580078,11.06,71.5048828125,11.06,76.69709014892578
11.07,86.96810913085938,11.070000000000002,98.70862579345705,11.07,90.16407012939452,11.07,71.51901245117188,11.07,76.33367919921875
11.08,86.7320556640625,11.08,98.6061782836914,11.079999999999998,89.95841217041016,11.079999999999998,71.53648376464844,11.079999999999998,75.96443176269531
11.090000000000002,86.48200988769531,11.090000000000002,98.49850463867188,11.09,89.7646255493164,11.09,71.56046295166016,11.09,75.5857162475586
11.1,86.25264739990234,11.1,98.3966064453125,11.1,89.53861236572266,11.1,71.59187316894531,11.1,75.17472839355469
11.11,85.97793579101562,11.11,98.3005828857422,11.11,89.29358673095703,11.11,71.63133239746094,11.11,74.75196075439453
11.12,85.67887115478516,11.12,98.2065887451172,11.12,89.0469741821289,11.12,71.67371368408203,11.12,74.31702423095703
11.13,85.34336853027344,11.13,98.11002349853516,11.13,88.75065612792969,11.13,71.71739959716797,11.13,73.8685531616211
11.14,84.98589324951172,11.140000000000002,98.02247619628906,11.14,88.4523696899414,11.14,71.76847839355469,11.14,73.38139343261719
11.15,84.62568664550781,11.15,97.94709777832033,11.15,88.11874389648438,11.15,71.82012176513672,11.15,72.85721588134766
11.160000000000002,84.20906066894531,11.160000000000002,97.8828582763672,11.16,87.76802062988281,11.16,71.871826171875,11.16,72.27523040771484
11.17,83.82814025878906,11.17,97.83805847167967,11.169999999999998,87.39353942871094,11.169999999999998,71.92497253417969,11.170000000000002,71.62915802001953
11.18,83.38711547851562,11.18,97.8202133178711,11.18,86.93816375732422,11.18,71.97392272949219,11.18,70.91010284423828
11.19,82.92780303955078,11.19,97.81333923339844,11.19,86.43090057373047,11.19,72.01934814453125,11.19,70.15170288085938
11.2,82.48710632324219,11.2,97.82965850830078,11.2,85.8600845336914,11.2,72.0580062866211,11.2,69.36924743652344
11.21,82.01787567138672,11.210000000000004,97.88241577148438,11.21,85.2681655883789,11.21,72.08576202392578,11.21,68.5464096069336
11.22,81.54633331298828,11.22,97.94957733154295,11.22,84.67344665527344,11.22,72.1096420288086,11.22,67.66414642333984
11.23,81.04219818115234,11.230000000000002,98.05841827392578,11.23,84.00891876220703,11.23,72.13491821289062,11.23,66.75225830078125
11.24,80.4968490600586,11.24,98.16453552246094,11.239999999999998,83.21733856201172,11.239999999999998,72.13433074951172,11.239999999999998,65.81233215332031
11.250000000000002,79.92598724365234,11.250000000000002,98.26333618164062,11.25,82.26738739013672,11.25,72.14718627929688,11.25,64.85530853271484
11.26,79.29637145996094,11.26,98.38665771484376,11.260000000000002,81.18968963623047,11.259999999999998,72.16263580322266,11.260000000000002,63.87545394897461
11.27,78.60498809814453,11.27,98.529541015625,11.27,80.0904769897461,11.27,72.18463134765625,11.27,62.90754318237305
11.28,77.87692260742188,11.28,98.6630859375,11.28,78.96994018554688,11.28,72.20659637451172,11.28,61.96747589111328
11.29,77.25230407714844,11.29,98.82345581054688,11.29,77.83309936523438,11.29,72.21322631835938,11.29,61.04747009277344
11.3,76.65618896484375,11.300000000000002,99.0096206665039,11.3,76.68800354003906,11.3,72.22817993164062,11.3,60.09812927246094
11.31,76.04061126708984,11.31,99.16860961914062,11.31,75.41378784179688,11.31,72.21064758300781,11.31,59.22493743896485
11.32,75.32929229736328,11.320000000000002,99.29019165039062,11.32,74.09154510498047,11.32,72.20911407470703,11.32,58.39968490600586
11.33,74.60560607910156,11.33,99.40807342529295,11.329999999999998,72.86812591552734,11.329999999999998,72.20075225830078,11.329999999999998,57.528099060058594
11.340000000000002,73.8236083984375,11.340000000000002,99.51779174804688,11.34,71.76854705810547,11.34,72.20536804199219,11.34,56.64835739135742
11.35,73.03172302246094,11.35,99.63031005859376,11.35,70.79197692871094,11.35,72.22138977050781,11.35,55.79729461669922
11.36,72.2034683227539,11.36,99.73572540283205,11.36,69.92455291748047,11.36,72.2364730834961,11.36,55.024940490722656
11.37,71.37519073486328,11.37,99.87347412109376,11.37,69.02741241455078,11.37,72.229736328125,11.37,54.40327835083008
11.38,70.60051727294922,11.38,100.05085754394533,11.38,68.03772735595703,11.38,72.22136688232422,11.38,53.86055374145508
11.39,69.84508514404297,11.390000000000002,100.21942138671876,11.39,66.86444091796875,11.39,72.20907592773438,11.39,53.232818603515625
11.4,69.0404281616211,11.4,100.38702392578124,11.4,65.67359161376953,11.4,72.21053314208984,11.4,52.50032043457031
11.410000000000002,68.1929702758789,11.410000000000002,100.5513153076172,11.41,64.46748352050781,11.41,72.2227783203125,11.41,51.6953125
11.42,67.17987060546875,11.42,100.73001861572266,11.419999999999998,63.2126579284668,11.419999999999998,72.23831176757812,11.420000000000002,50.93373107910156
11.43,66.03472900390625,11.43,100.9325942993164,11.43,62.11495971679688,11.43,72.24010467529297,11.43,50.30659103393555
11.44,64.94931030273438,11.44,101.13072204589844,11.44,61.23057174682617,11.44,72.21751403808594,11.44,49.8651123046875
11.45,63.9599838256836,11.45,101.3019790649414,11.45,60.37259292602539,11.45,72.20317840576172,11.45,49.49864959716797
11.46,62.90818405151367,11.460000000000004,101.4543914794922,11.46,59.533729553222656,11.46,72.20337677001953,11.46,49.031982421875
11.47,61.75575256347656,11.47,101.58314514160156,11.47,58.6765251159668,11.47,72.22624969482422,11.47,48.55915451049805
11.48,60.48577499389648,11.480000000000002,101.71846771240234,11.48,57.67396926879883,11.48,72.25003814697266,11.48,48.15789031982422
11.49,59.21318817138672,11.49,101.86361694335938,11.489999999999998,56.61989212036133,11.489999999999998,72.27521514892578,11.489999999999998,47.862892150878906
11.500000000000002,57.94608688354492,11.500000000000002,102.07683563232422,11.5,55.46090698242188,11.5,72.3169937133789,11.5,47.59263610839844
11.51,56.7747688293457,11.51,102.34635925292967,11.510000000000002,54.32392120361328,11.509999999999998,72.35617065429688,11.510000000000002,47.27570724487305
11.52,55.7532958984375,11.52,102.70073699951172,11.52,53.14479446411133,11.52,72.38255310058594,11.52,46.90386199951172
11.53,54.772926330566406,11.53,103.05094146728516,11.53,51.92025375366211,11.53,72.38166809082031,11.53,46.52096176147461
11.54,53.84195709228516,11.54,103.3013153076172,11.54,50.6935920715332,11.54,72.36735534667969,11.54,46.135684967041016
11.55,52.96514129638672,11.550000000000002,103.5078125,11.55,49.60762786865234,11.55,72.35162353515625,11.55,45.8980712890625
11.56,52.03928756713867,11.56,103.71815490722656,11.56,48.58956527709961,11.56,72.33837127685547,11.56,45.816104888916016
11.57,51.08392333984375,11.570000000000002,103.9843292236328,11.57,47.70805358886719,11.57,72.32524108886719,11.57,45.82481384277344
11.58,50.07248306274414,11.58,104.17899322509766,11.579999999999998,46.76070785522461,11.579999999999998,72.33541870117188,11.579999999999998,45.81355285644531
11.590000000000002,49.01493453979492,11.590000000000002,104.42037963867188,11.59,45.67258834838867,11.59,72.36144256591797,11.59,45.7172737121582
11.6,47.904762268066406,11.6,104.6415023803711,11.6,44.64818572998047,11.6,72.38919067382812,11.6,45.565860748291016
11.61,46.79343795776367,11.61,104.8424835205078,11.61,43.6670150756836,11.61,72.3959732055664,11.61,45.46074295043945
11.62,45.740718841552734,11.62,105.04505157470705,11.62,42.69862747192383,11.62,72.39456176757812,11.62,45.4217414855957
11.63,44.71018981933594,11.63,105.23209381103516,11.63,41.77002716064453,11.63,72.3900375366211,11.63,45.45022201538086
11.64,43.67486190795898,11.640000000000002,105.36997985839844,11.64,40.89781951904297,11.64,72.37850952148438,11.64,45.54864501953125
11.65,42.65520095825195,11.65,105.56534576416016,11.65,40.03643798828125,11.65,72.36918640136719,11.65,45.76261901855469
11.660000000000002,41.67731094360352,11.660000000000002,105.69274139404295,11.66,39.13994216918945,11.66,72.35770416259766,11.66,46.05698394775391
11.67,40.737525939941406,11.67,105.84245300292967,11.669999999999998,38.24037170410156,11.669999999999998,72.34468078613281,11.670000000000002,46.3646240234375
11.68,39.81465148925781,11.68,105.99398040771484,11.68,37.34717178344727,11.68,72.34222412109375,11.68,46.62997055053711
11.69,38.8882064819336,11.69,106.14470672607422,11.69,36.485816955566406,11.69,72.34831237792969,11.69,46.83966064453125
11.7,37.963409423828125,11.7,106.25775146484376,11.7,35.665855407714844,11.7,72.34770202636719,11.7,47.02721405029297
11.71,37.06845474243164,11.710000000000004,106.35236358642578,11.71,34.86705017089844,11.71,72.3355484008789,11.71,47.28485107421875
11.72,36.18090438842773,11.72,106.41259002685548,11.72,34.075401306152344,11.72,72.31781005859375,11.72,47.60016250610352
11.73,35.31435012817383,11.730000000000002,106.4550552368164,11.73,33.29296112060547,11.73,72.30140686035156,11.73,47.93519973754883
11.74,34.46638107299805,11.74,106.49684143066406,11.739999999999998,32.526824951171875,11.739999999999998,72.28982543945312,11.739999999999998,48.28091430664063
11.750000000000002,33.62984085083008,11.750000000000002,106.52790069580078,11.75,31.773099899291992,11.75,72.2825698852539,11.75,48.71077346801758
11.76,32.80779266357422,11.76,106.560791015625,11.760000000000002,31.04327964782715,11.759999999999998,72.2829818725586,11.760000000000002,49.21843338012695
11.77,32.01836395263672,11.77,106.58258056640624,11.77,30.314809799194336,11.77,72.29610443115234,11.77,49.74938201904297
11.78,31.265878677368164,11.78,106.59884643554688,11.78,29.586400985717773,11.78,72.31226348876953,11.78,50.25275802612305
11.79,30.56135940551757,11.79,106.59961700439452,11.79,28.88521957397461,11.79,72.32975769042969,11.79,50.74454498291016
11.8,29.90116310119629,11.800000000000002,106.58875274658205,11.8,28.19921875,11.8,72.34612274169922,11.8,51.25678253173828
11.81,29.259660720825195,11.81,106.5605926513672,11.81,27.525684356689453,11.81,72.3564224243164,11.81,51.80208206176758
11.82,28.62565994262696,11.820000000000002,106.52210998535156,11.82,26.864614486694336,11.82,72.3476333618164,11.82,52.35892868041992
11.83,28.00138664245605,11.83,106.45833587646484,11.829999999999998,26.22194480895996,11.829999999999998,72.32941436767578,11.829999999999998,52.94053268432617
11.840000000000002,27.40515899658203,11.840000000000002,106.3819351196289,11.84,25.598676681518555,11.84,72.31509399414062,11.84,53.55101776123047
11.85,26.826595306396484,11.85,106.30134582519533,11.85,25.02127456665039,11.85,72.30130004882812,11.85,54.19221496582031
11.86,26.260087966918945,11.86,106.2071533203125,11.86,24.47407913208008,11.86,72.28141784667969,11.86,54.84326553344727
11.87,25.708858489990234,11.87,106.09770965576172,11.87,23.9338321685791,11.87,72.25904846191406,11.87,55.4168701171875
11.88,25.157209396362305,11.88,105.97720336914062,11.88,23.415945053100582,11.88,72.24361419677734,11.88,55.93976211547852
11.89,24.60406494140625,11.890000000000002,105.84010314941406,11.89,22.931081771850582,11.89,72.23284912109375,11.89,56.49601745605469
11.9,24.054828643798828,11.9,105.69334411621094,11.9,22.46766662597656,11.9,72.22850799560547,11.9,57.11431884765625
11.910000000000002,23.517446517944336,11.910000000000002,105.53004455566406,11.91,22.029586791992188,11.91,72.23262023925781,11.91,57.76925277709961
11.92,23.00857353210449,11.92,105.36431121826172,11.919999999999998,21.61856460571289,11.919999999999998,72.24601745605469,11.920000000000002,58.466251373291016
11.93,22.5246696472168,11.93,105.18199157714844,11.93,21.25127220153809,11.93,72.26685333251953,11.93,59.203399658203125
11.94,22.0808048248291,11.94,105.0140609741211,11.94,20.921709060668945,11.94,72.29014587402344,11.94,59.94819641113281
11.95,21.66748237609864,11.95,104.83580017089844,11.95,20.631711959838867,11.95,72.31194305419922,11.95,60.67428207397461
11.96,21.29505920410156,11.960000000000004,104.6460418701172,11.96,20.380874633789062,11.96,72.32074737548828,11.96,61.36974334716797
11.97,20.97075462341309,11.97,104.446044921875,11.97,20.14514923095703,11.97,72.30830383300781,11.97,62.04046249389648
11.98,20.68227195739746,11.980000000000002,104.2327880859375,11.98,19.92072105407715,11.98,72.2739028930664,11.98,62.70034790039063
11.99,20.44084358215332,11.99,104.01886749267578,11.989999999999998,19.715391159057617,11.989999999999998,72.24222564697266,11.989999999999998,63.355316162109375
12.000000000000002,20.23219108581543,12.000000000000002,103.81529235839844,12.0,19.5224666595459,12.0,72.2363510131836,12.0,64.01170349121094
12.01,20.04942321777344,12.01,103.6156997680664,12.010000000000002,19.33156013488769,12.009999999999998,72.24674987792969,12.010000000000002,64.67402648925781
12.02,19.90787696838379,12.02,103.41888427734376,12.02,19.146358489990234,12.02,72.25409698486328,12.02,65.33447265625
12.03,19.80778884887696,12.03,103.2312240600586,12.03,18.973180770874023,12.03,72.2729721069336,12.03,65.98394775390625
12.04,19.742162704467773,12.04,103.04933166503906,12.04,18.832305908203125,12.04,72.3008041381836,12.04,66.62191009521484
12.05,19.665786743164062,12.050000000000002,102.8761978149414,12.05,18.682764053344727,12.05,72.33150482177734,12.05,67.25659942626953
12.06,19.56416702270508,12.06,102.70556640625,12.06,18.56932830810547,12.06,72.3572006225586,12.06,67.89830017089844
12.07,19.450664520263672,12.070000000000002,102.5329132080078,12.07,18.44422149658203,12.07,72.36798095703125,12.07,68.52811431884766
12.08,19.32861328125,12.08,102.36133575439452,12.079999999999998,18.333311080932617,12.079999999999998,72.36205291748047,12.079999999999998,69.16213989257812
12.090000000000002,19.20611572265625,12.090000000000002,102.18594360351562,12.09,18.15803909301757,12.09,72.33554077148438,12.09,69.7902603149414
12.1,19.04980659484864,12.1,102.00794219970705,12.1,17.986953735351562,12.1,72.29019927978516,12.1,70.43914031982422
12.11,18.87287330627441,12.11,101.84769439697266,12.11,17.86955451965332,12.11,72.25181579589844,12.11,71.04686737060547
12.12,18.68272590637207,12.12,101.71228790283205,12.12,17.76886558532715,12.12,72.24471282958984,12.12,71.60143280029297
12.13,18.50000190734864,12.13,101.58528900146484,12.13,17.495779037475586,12.13,72.24647521972656,12.13,72.18302154541016
12.14,18.313257217407227,12.140000000000002,101.46124267578124,12.14,17.193796157836914,12.14,72.25926208496094,12.14,72.81167602539062
12.15,18.113170623779297,12.15,101.34500122070312,12.15,16.891944885253906,12.15,72.28209686279297,12.15,73.45629119873047
12.160000000000002,17.910545349121094,12.160000000000002,101.22886657714844,12.16,16.727115631103516,12.16,72.30670166015625,12.16,74.07919311523438
12.17,17.706260681152344,12.17,101.1137924194336,12.169999999999998,16.399423599243164,12.169999999999998,72.32270050048828,12.170000000000002,74.6354751586914
12.18,17.50128936767578,12.18,101.0047836303711,12.18,16.139280319213867,12.18,72.32589721679688,12.18,75.1169204711914
12.19,17.29815101623535,12.19,100.90563201904295,12.19,15.927130699157717,12.19,72.3143081665039,12.19,75.57178497314453
12.2,17.10602569580078,12.2,100.80565643310548,12.2,15.79745101928711,12.2,72.2838134765625,12.2,76.03860473632812
12.21,16.917552947998047,12.210000000000004,100.71210479736328,12.21,15.775347709655762,12.21,72.22706604003906,12.21,76.50532531738281
12.22,16.75690460205078,12.22,100.62409973144533,12.22,15.764646530151367,12.22,72.14300537109375,12.22,76.94307708740234
12.23,16.62862777709961,12.230000000000002,100.53399658203124,12.23,15.862686157226562,12.23,72.06231689453125,12.23,77.3530502319336
12.24,16.52684783935547,12.24,100.4560089111328,12.239999999999998,16.050020217895508,12.239999999999998,72.00007629394531,12.239999999999998,77.7278823852539
12.250000000000002,16.44376564025879,12.250000000000002,100.38683319091795,12.25,16.397668838500977,12.25,71.95060729980469,12.25,78.088623046875
12.26,16.381752014160156,12.26,100.33818817138672,12.260000000000002,16.714988708496094,12.259999999999998,71.90695190429688,12.260000000000002,78.42726135253906
12.27,16.3394718170166,12.27,100.29552459716795,12.27,16.987703323364258,12.27,71.8684310913086,12.27,78.7442855834961
12.28,16.299175262451172,12.28,100.26536560058594,12.28,17.201839447021484,12.28,71.83919525146484,12.28,79.0487289428711
12.29,16.2481746673584,12.29,100.2466812133789,12.29,17.351171493530273,12.29,71.81726837158203,12.29,79.33619689941406
12.3,16.191343307495117,12.300000000000002,100.23103332519533,12.3,17.412384033203125,12.3,71.79845428466797,12.3,79.60587310791016
12.31,16.147567749023438,12.31,100.21078491210938,12.31,17.412994384765625,12.31,71.77961730957031,12.31,79.85945129394531
12.32,16.091093063354492,12.320000000000002,100.20447540283205,12.32,17.40859031677246,12.32,71.76025390625,12.32,80.08120727539062
12.33,16.03318214416504,12.33,100.20895385742188,12.329999999999998,17.45940589904785,12.329999999999998,71.73907470703125,12.329999999999998,80.27239990234375
12.340000000000002,15.96312427520752,12.340000000000002,100.21900177001952,12.34,17.51293182373047,12.34,71.70758819580078,12.34,80.44053649902344
12.35,15.891844749450684,12.35,100.22661590576172,12.35,17.502349853515625,12.35,71.6756591796875,12.35,80.6250228881836
12.36,15.82591438293457,12.36,100.25235748291016,12.36,17.465160369873047,12.36,71.64373779296875,12.36,80.84178924560547
12.37,15.75344467163086,12.37,100.28704833984376,12.37,17.42841339111328,12.37,71.61219024658203,12.37,81.06964111328125
12.38,15.678951263427734,12.38,100.32139587402344,12.38,17.430681228637695,12.38,71.58332061767578,12.38,81.28135681152344
12.39,15.60879135131836,12.390000000000002,100.36238098144533,12.39,17.43144989013672,12.39,71.56061553955078,12.39,81.48231506347656
12.4,15.53009033203125,12.4,100.40339660644533,12.4,17.425918579101562,12.4,71.54229736328125,12.4,81.66946411132812
12.410000000000002,15.46484375,12.410000000000002,100.4497299194336,12.41,17.408632278442383,12.41,71.52610778808594,12.41,81.84069061279297
12.42,15.409080505371094,12.42,100.50005340576172,12.419999999999998,17.414236068725586,12.419999999999998,71.51271057128906,12.420000000000002,81.99381256103516
12.43,15.360532760620115,12.43,100.5649871826172,12.43,17.431442260742188,12.43,71.50520324707031,12.43,82.13479614257812
12.44,15.312854766845703,12.44,100.63611602783205,12.44,17.40483283996582,12.44,71.50431060791016,12.44,82.26754760742188
12.45,15.266105651855469,12.45,100.70793914794922,12.45,17.318574905395508,12.45,71.5032730102539,12.45,82.40838623046875
12.46,15.215868949890137,12.460000000000004,100.78105926513672,12.46,17.236825942993164,12.46,71.49652099609375,12.46,82.53710174560547
12.47,15.169137001037598,12.47,100.85107421875,12.47,17.179948806762695,12.47,71.48675537109375,12.47,82.64492797851562
12.48,15.13901424407959,12.480000000000002,100.91593170166016,12.48,17.12541389465332,12.48,71.47640228271484,12.48,82.75232696533203
12.49,15.12350845336914,12.49,100.98564910888672,12.489999999999998,17.072589874267578,12.489999999999998,71.46735382080078,12.489999999999998,82.86742401123047
12.500000000000002,15.108722686767578,12.500000000000002,101.05857849121094,12.5,17.0422306060791,12.5,71.4612808227539,12.5,82.97738647460938
12.51,15.104660034179688,12.51,101.12622833251952,12.510000000000002,17.0343017578125,12.509999999999998,71.44801330566406,12.510000000000002,83.08360290527344
12.52,15.098482131958008,12.52,101.1911849975586,12.52,17.042743682861328,12.52,71.44083404541016,12.52,83.17683410644531
12.53,15.092411994934082,12.53,101.2587890625,12.53,17.065990447998047,12.53,71.43968963623047,12.53,83.25859069824219
12.54,15.0960693359375,12.54,101.31842041015624,12.54,17.103986740112305,12.54,71.43865203857422,12.54,83.33031463623047
12.55,15.10963249206543,12.550000000000002,101.3829345703125,12.55,17.145282745361328,12.55,71.43787384033203,12.55,83.39715576171875
12.56,15.111485481262209,12.56,101.44969940185548,12.56,17.187955856323242,12.56,71.44068908691406,12.56,83.45660400390625
12.57,15.119418144226074,12.570000000000002,101.50083923339844,12.57,17.222354888916016,12.57,71.44501495361328,12.57,83.51091766357422
12.58,15.1315336227417,12.58,101.55071258544922,12.579999999999998,17.250133514404297,12.579999999999998,71.45082092285156,12.579999999999998,83.56649780273438
12.590000000000002,15.140141487121582,12.590000000000002,101.60430145263672,12.59,17.282241821289062,12.59,71.4599838256836,12.59,83.62989807128906
12.6,15.15552806854248,12.6,101.65362548828124,12.6,17.31546974182129,12.6,71.46879577636719,12.6,83.69122314453125
12.61,15.175569534301758,12.61,101.6915054321289,12.61,17.34858512878418,12.61,71.47703552246094,12.61,83.74766540527344
12.62,15.196213722229004,12.62,101.7284927368164,12.62,17.361597061157227,12.62,71.48650360107422,12.62,83.81168365478516
12.63,15.207645416259766,12.63,101.76129913330078,12.63,17.371885299682617,12.63,71.49655151367188,12.63,83.88343048095703
12.64,15.214607238769531,12.640000000000002,101.79653930664062,12.64,17.36756134033203,12.64,71.50765228271484,12.64,83.95087432861328
12.65,15.214844703674316,12.65,101.82329559326172,12.65,17.3404483795166,12.65,71.51634979248047,12.65,84.01087188720703
12.660000000000002,15.214539527893066,12.660000000000002,101.85453033447266,12.66,17.303123474121094,12.66,71.5261459350586,12.66,84.07530212402344
12.67,15.209284782409668,12.67,101.88426208496094,12.669999999999998,17.24773597717285,12.669999999999998,71.53594970703125,12.670000000000002,84.15068817138672
12.68,15.204940795898438,12.68,101.90646362304688,12.68,17.1787109375,12.68,71.54512023925781,12.68,84.20851135253906
12.69,15.19687271118164,12.69,101.92906188964844,12.69,17.096017837524414,12.69,71.55517578125,12.69,84.25540924072266
12.7,15.186569213867188,12.7,101.95037078857422,12.7,17.01093292236328,12.7,71.56283569335938,12.7,84.3071060180664
12.71,15.17240047454834,12.710000000000004,101.97196197509766,12.71,16.92931365966797,12.71,71.57087707519531,12.71,84.35547637939453
12.72,15.15223217010498,12.72,101.98322296142578,12.72,16.857803344726562,12.72,71.57542419433594,12.72,84.39578247070312
12.73,15.130659103393556,12.730000000000002,101.99348449707033,12.73,16.795564651489258,12.73,71.57913208007812,12.73,84.43220520019531
12.74,15.111649513244627,12.74,102.00386810302734,12.739999999999998,16.73907470703125,12.739999999999998,71.58407592773438,12.739999999999998,84.46086883544922
12.750000000000002,15.101103782653809,12.750000000000002,102.00570678710938,12.75,16.689363479614258,12.75,71.58779907226562,12.75,84.47573852539062
12.76,15.09331226348877,12.76,102.00521087646484,12.760000000000002,16.652780532836914,12.759999999999998,71.59034729003906,12.760000000000002,84.48523712158203
12.77,15.08783721923828,12.77,102.0103759765625,12.77,16.627426147460938,12.77,71.5915298461914,12.77,84.49358367919922
12.78,15.080052375793455,12.78,102.01819610595705,12.78,16.61090660095215,12.78,71.59014129638672,12.78,84.50162506103516
12.79,15.07289695739746,12.79,102.02889251708984,12.79,16.601591110229492,12.79,71.58757781982422,12.79,84.51161193847656
12.8,15.064764976501465,12.800000000000002,102.04315948486328,12.8,16.5979061126709,12.8,71.58592987060547,12.8,84.52006530761719
12.81,15.066713333129885,12.81,102.04812622070312,12.81,16.594694137573242,12.81,71.590087890625,12.81,84.52584838867188
12.82,15.074692726135254,12.820000000000002,102.05158233642578,12.82,16.587724685668945,12.82,71.59398651123047,12.82,84.52808380126953
12.83,15.083473205566406,12.83,102.05506134033205,12.829999999999998,16.573671340942383,12.829999999999998,71.59679412841797,12.829999999999998,84.52410888671875
12.840000000000002,15.083937644958496,12.840000000000002,102.0549087524414,12.84,16.555238723754883,12.84,71.59868621826172,12.84,84.51417541503906
12.85,15.077466011047363,12.85,102.0499038696289,12.85,16.531482696533203,12.85,71.59712982177734,12.85,84.49947357177734
12.86,15.081685066223145,12.86,102.04530334472656,12.86,16.503156661987305,12.86,71.59619140625,12.86,84.47956848144531
12.87,15.0918607711792,12.87,102.04485321044922,12.87,16.477214813232422,12.87,71.59564208984375,12.87,84.45801544189453
12.88,15.106297492980955,12.88,102.04661560058594,12.88,16.457874298095703,12.88,71.59434509277344,12.88,84.43578338623047
12.89,15.11717700958252,12.890000000000002,102.05049896240234,12.89,16.444915771484375,12.89,71.59098815917969,12.89,84.41384887695312
12.9,15.124554634094238,12.9,102.05470275878906,12.9,16.431297302246094,12.9,71.58775329589844,12.9,84.39808654785156
12.910000000000002,15.130958557128906,12.910000000000002,102.06060791015624,12.91,16.42441749572754,12.91,71.58280181884766,12.91,84.38124084472656
12.92,15.137227058410645,12.92,102.06639099121094,12.919999999999998,16.424118041992188,12.919999999999998,71.57967376708984,12.920000000000002,84.36593627929688
12.93,15.143811225891112,12.93,102.0741195678711,12.93,16.425270080566406,12.93,71.57657623291016,12.93,84.3527603149414
12.94,15.150808334350586,12.94,102.08609008789062,12.94,16.43048095703125,12.94,71.57479858398438,12.94,84.33512878417969
12.95,15.162904739379885,12.95,102.10155487060548,12.95,16.439788818359375,12.95,71.57476043701172,12.95,84.32083892822266
12.96,15.176983833312988,12.960000000000004,102.11715698242188,12.96,16.442657470703125,12.96,71.57202911376953,12.96,84.31067657470703
12.97,15.189942359924316,12.97,102.1333465576172,12.97,16.457828521728516,12.97,71.56925964355469,12.97,84.30110931396484
12.98,15.203032493591309,12.980000000000002,102.14950561523438,12.98,16.463329315185547,12.98,71.56790161132812,12.98,84.291259765625
12.99,15.216211318969728,12.99,102.16526794433594,12.989999999999998,16.4747257232666,12.989999999999998,71.56536102294922,12.989999999999998,84.2782211303711
13.000000000000002,15.232272148132324,13.000000000000002,102.1801300048828,13.0,16.48862648010254,13.0,71.56291198730469,13.0,84.26622772216797
13.01,15.248027801513672,13.01,102.19451904296876,13.010000000000002,16.50131607055664,13.009999999999998,71.56111907958984,13.010000000000002,84.2534408569336
13.02,15.258467674255373,13.02,102.20790100097656,13.02,16.510395050048828,13.02,71.55973815917969,13.02,84.23904418945312
13.03,15.27387523651123,13.03,102.22161102294922,13.03,16.51605987548828,13.03,71.56503295898438,13.03,84.23138427734375
13.04,15.291154861450195,13.04,102.23202514648438,13.04,16.522489547729492,13.04,71.56636810302734,13.04,84.22171020507812
13.05,15.302343368530272,13.050000000000002,102.24016571044922,13.05,16.52744483947754,13.05,71.56588745117188,13.05,84.21192932128906
13.06,15.310958862304688,13.06,102.24787139892578,13.06,16.53055191040039,13.06,71.56690216064453,13.06,84.20494842529297
13.07,15.319684982299805,13.070000000000002,102.25856018066406,13.07,16.537317276000977,13.07,71.56737518310547,13.07,84.19219970703125
13.08,15.33156967163086,13.08,102.26740264892578,13.079999999999998,16.542991638183594,13.079999999999998,71.56645965576172,13.079999999999998,84.17723083496094
13.090000000000002,15.342519760131836,13.090000000000002,102.2772979736328,13.09,16.549060821533203,13.09,71.56568145751953,13.09,84.16002655029297
13.1,15.351747512817385,13.1,102.2835922241211,13.1,16.556936264038086,13.1,71.56916809082031,13.1,84.14704132080078
13.11,15.359416007995604,13.11,102.28964233398438,13.11,16.56756591796875,13.11,71.5730972290039,13.11,84.13406372070312
13.12,15.363887786865234,13.12,102.29515075683594,13.12,16.57911491394043,13.12,71.57653045654297,13.12,84.12279510498047
13.13,15.369728088378906,13.13,102.30066680908205,13.13,16.59231185913086,13.13,71.57682800292969,13.13,84.1137924194336
13.14,15.3766508102417,13.140000000000002,102.30332946777344,13.14,16.603166580200195,13.14,71.58026885986328,13.14,84.10648345947266
13.15,15.380558967590332,13.15,102.30819702148438,13.15,16.61150550842285,13.15,71.58304595947266,13.15,84.09996795654297
13.160000000000002,15.381924629211426,13.160000000000002,102.31177520751952,13.16,16.617427825927734,13.16,71.58709716796875,13.16,84.09498596191406
13.17,15.38188934326172,13.17,102.31671142578124,13.169999999999998,16.619964599609375,13.169999999999998,71.5882568359375,13.170000000000002,84.08673095703125
13.18,15.380304336547852,13.18,102.32022857666016,13.18,16.620676040649414,13.18,71.59254455566406,13.18,84.0808334350586
13.19,15.378362655639648,13.19,102.321044921875,13.19,16.619129180908203,13.19,71.59603881835938,13.19,84.07842254638672
13.2,15.37360382080078,13.2,102.32292938232422,13.2,16.615970611572266,13.2,71.59944915771484,13.2,84.07465362548828
13.21,15.36757469177246,13.210000000000004,102.322998046875,13.21,16.61548614501953,13.21,71.60346984863281,13.21,84.0682144165039
13.22,15.360092163085938,13.22,102.32302856445312,13.22,16.615257263183594,13.22,71.60740661621094,13.22,84.06059265136719
13.23,15.350628852844238,13.230000000000002,102.3259506225586,13.23,16.61467933654785,13.23,71.61088562011719,13.23,84.05213928222656
13.24,15.34247875213623,13.24,102.32731628417967,13.239999999999998,16.615646362304688,13.239999999999998,71.61335754394531,13.239999999999998,84.04752349853516
13.250000000000002,15.334566116333008,13.250000000000002,102.32931518554688,13.25,16.61285972595215,13.25,71.6173324584961,13.25,84.04468536376953
13.26,15.32431697845459,13.26,102.33200073242188,13.260000000000002,16.61214256286621,13.259999999999998,71.62056732177734,13.260000000000002,84.0410385131836
13.27,15.315771102905272,13.27,102.33575439453124,13.27,16.60808753967285,13.27,71.62258911132812,13.27,84.03791809082031
13.28,15.311403274536133,13.28,102.34191131591795,13.28,16.601627349853516,13.28,71.62435913085938,13.28,84.03446960449219
13.29,15.308586120605469,13.29,102.3481903076172,13.29,16.597980499267578,13.29,71.62556457519531,13.29,84.02950286865234
13.3,15.305449485778809,13.300000000000002,102.3572998046875,13.3,16.59702491760254,13.3,71.62586975097656,13.3,84.02175903320312
13.31,15.30281925201416,13.31,102.36603546142578,13.31,16.59571075439453,13.31,71.62442779541016,13.31,84.01457977294922
13.32,15.30375862121582,13.320000000000002,102.37462615966795,13.32,16.59407615661621,13.32,71.6269302368164,13.32,84.00730895996094
13.33,15.30018138885498,13.33,102.38291931152344,13.329999999999998,16.590656280517578,13.329999999999998,71.62625885009766,13.329999999999998,83.99734497070312
13.340000000000002,15.29647445678711,13.340000000000002,102.38959503173828,13.34,16.58863067626953,13.34,71.6285171508789,13.34,83.99249267578125
13.35,15.295937538146973,13.35,102.39761352539062,13.35,16.586002349853516,13.35,71.63038635253906,13.35,83.9906997680664
13.36,15.297599792480469,13.36,102.40450286865234,13.36,16.582557678222656,13.36,71.63308715820312,13.36,83.98687744140625
13.37,15.297565460205078,13.37,102.4144515991211,13.37,16.582012176513672,13.37,71.63163757324219,13.37,83.98133087158203
13.38,15.29464054107666,13.38,102.42212677001952,13.38,16.585256576538086,13.38,71.63311767578125,13.38,83.97930145263672
13.39,15.294580459594728,13.390000000000002,102.43140411376952,13.39,16.589067459106445,13.39,71.63397216796875,13.39,83.97591400146484
13.4,15.294546127319336,13.4,102.44276428222656,13.4,16.59211540222168,13.4,71.63184356689453,13.4,83.9695816040039
13.410000000000002,15.294893264770508,13.410000000000002,102.4559097290039,13.41,16.593908309936523,13.41,71.63208770751953,13.41,83.9621810913086
13.42,15.290968894958496,13.42,102.46782684326172,13.419999999999998,16.591262817382812,13.419999999999998,71.63532257080078,13.420000000000002,83.95578002929688
13.43,15.292500495910645,13.43,102.47817993164062,13.43,16.59036636352539,13.43,71.63492584228516,13.43,83.95332336425781
13.44,15.291756629943848,13.44,102.48844146728516,13.44,16.58812141418457,13.44,71.63785552978516,13.44,83.95220947265625
13.45,15.29084300994873,13.45,102.49962615966795,13.45,16.587053298950195,13.45,71.63772583007812,13.45,83.94609832763672
13.46,15.293519973754885,13.460000000000004,102.50933074951172,13.46,16.586380004882812,13.46,71.6380615234375,13.46,83.93818664550781
13.47,15.297054290771484,13.47,102.515869140625,13.47,16.584985733032227,13.47,71.63926696777344,13.47,83.92831420898438
13.48,15.297552108764648,13.480000000000002,102.52217864990234,13.48,16.582979202270508,13.48,71.63951873779297,13.48,83.92037200927734
13.49,15.2994966506958,13.49,102.52831268310548,13.489999999999998,16.576745986938477,13.489999999999998,71.63921356201172,13.489999999999998,83.91437530517578
13.500000000000002,15.304987907409668,13.500000000000002,102.53556823730467,13.5,16.57338523864746,13.5,71.64159393310547,13.5,83.91079711914062
13.51,15.310206413269045,13.51,102.5445785522461,13.510000000000002,16.567970275878906,13.509999999999998,71.64009857177734,13.510000000000002,83.90677642822266
13.52,15.315192222595217,13.52,102.55232238769533,13.52,16.559295654296875,13.52,71.63909912109375,13.52,83.90717315673828
13.53,15.319741249084473,13.53,102.5590591430664,13.53,16.552043914794922,13.53,71.63983917236328,13.53,83.90435791015625
13.54,15.323184967041016,13.54,102.56436920166016,13.54,16.5444393157959,13.54,71.64063262939453,13.54,83.90126037597656
13.55,15.324921607971191,13.550000000000002,102.57101440429688,13.55,16.53561019897461,13.55,71.64058685302734,13.55,83.89508819580078
13.56,15.324732780456545,13.56,102.57770538330078,13.56,16.53121566772461,13.56,71.6419448852539,13.56,83.89543151855469
13.57,15.323182106018066,13.570000000000002,102.58061981201172,13.57,16.529796600341797,13.57,71.64361572265625,13.57,83.89704895019531
13.58,15.322637557983398,13.58,102.5830307006836,13.579999999999998,16.526865005493164,13.579999999999998,71.64336395263672,13.579999999999998,83.90135955810547
13.590000000000002,15.325811386108398,13.590000000000002,102.5849380493164,13.59,16.521942138671875,13.59,71.64396667480469,13.59,83.90448760986328
13.6,15.32341766357422,13.6,102.58707427978516,13.6,16.515987396240234,13.6,71.64318084716797,13.6,83.90391540527344
13.61,15.32355785369873,13.61,102.58892822265624,13.61,16.508708953857422,13.61,71.64325714111328,13.61,83.9105224609375
13.62,15.323197364807127,13.62,102.5918960571289,13.62,16.503557205200195,13.62,71.64239501953125,13.62,83.91564178466797
13.63,15.324370384216309,13.63,102.59307861328124,13.63,16.499052047729492,13.63,71.64141845703125,13.63,83.92070770263672
13.64,15.324895858764648,13.640000000000002,102.59558868408205,13.64,16.495330810546875,13.64,71.6409912109375,13.64,83.92802429199219
13.65,15.32461643218994,13.65,102.59678649902344,13.65,16.489755630493164,13.65,71.64208984375,13.65,83.93291473388672
13.660000000000002,15.324365615844728,13.660000000000002,102.59413146972656,13.66,16.48561668395996,13.66,71.64160919189453,13.66,83.93990325927734
13.67,15.3226900100708,13.67,102.59136199951172,13.669999999999998,16.48072052001953,13.669999999999998,71.64019012451172,13.670000000000002,83.94347381591797
13.68,15.319043159484863,13.68,102.59172821044922,13.68,16.47861671447754,13.68,71.640380859375,13.68,83.95001220703125
13.69,15.31375789642334,13.69,102.5930404663086,13.69,16.47537612915039,13.69,71.64204406738281,13.69,83.96068572998047
13.7,15.309593200683594,13.7,102.59417724609376,13.7,16.471384048461914,13.7,71.64151000976562,13.7,83.970947265625
13.71,15.30583667755127,13.710000000000004,102.59251403808594,13.71,16.46333885192871,13.71,71.64366149902344,13.71,83.982666015625
13.72,15.300585746765137,13.72,102.590576171875,13.72,16.455703735351562,13.72,71.64495086669922,13.72,83.98908233642578
13.73,15.295612335205078,13.730000000000002,102.58850860595705,13.73,16.446149826049805,13.73,71.64622497558594,13.73,83.9959945678711
13.74,15.290038108825684,13.74,102.58675384521484,13.739999999999998,16.43735694885254,13.739999999999998,71.64655303955078,13.739999999999998,84.00507354736328
13.750000000000002,15.285592079162598,13.750000000000002,102.58656311035156,13.75,16.43031120300293,13.75,71.64716339111328,13.75,84.01349639892578
13.76,15.279427528381348,13.76,102.58721160888672,13.760000000000002,16.42526626586914,13.759999999999998,71.64736938476562,13.760000000000002,84.02320861816406
13.77,15.272850036621094,13.77,102.58788299560548,13.77,16.41807746887207,13.77,71.64739227294922,13.77,84.03394317626953
13.78,15.269402503967283,13.78,102.5914077758789,13.78,16.411182403564453,13.78,71.64742279052734,13.78,84.04800415039062
13.79,15.26643180847168,13.79,102.59564971923828,13.79,16.40155029296875,13.79,71.64784240722656,13.79,84.0601806640625
13.8,15.261483192443848,13.800000000000002,102.59544372558594,13.8,16.393054962158203,13.8,71.64823150634766,13.8,84.07073211669922
13.81,15.2578763961792,13.81,102.59452056884766,13.81,16.385787963867188,13.81,71.64925384521484,13.81,84.0845718383789
13.82,15.253705024719238,13.820000000000002,102.59258270263672,13.82,16.378480911254883,13.82,71.65106964111328,13.82,84.09776306152344
13.83,15.24919891357422,13.83,102.59036254882812,13.829999999999998,16.370458602905273,13.829999999999998,71.65411376953125,13.829999999999998,84.10516357421875
13.840000000000002,15.243256568908691,13.840000000000002,102.58926391601562,13.84,16.362165451049805,13.84,71.6555404663086,13.84,84.11145782470703
13.85,15.235859870910645,13.85,102.58756256103516,13.85,16.35370635986328,13.85,71.6565933227539,13.85,84.12109375
13.86,15.22917938232422,13.86,102.58595275878906,13.86,16.344762802124023,13.86,71.65840911865234,13.86,84.13130950927734
13.87,15.225105285644531,13.87,102.58435821533205,13.87,16.33664321899414,13.87,71.66049194335938,13.87,84.14082336425781
13.88,15.219961166381836,13.88,102.58518981933594,13.88,16.328516006469727,13.88,71.66082000732422,13.88,84.1536636352539
13.89,15.217801094055176,13.890000000000002,102.5851058959961,13.89,16.32192039489746,13.89,71.66207885742188,13.89,84.16569519042969
13.9,15.214141845703123,13.9,102.5854034423828,13.9,16.314800262451172,13.9,71.66315460205078,13.9,84.1729965209961
13.910000000000002,15.208029747009276,13.910000000000002,102.58815002441406,13.91,16.30848503112793,13.91,71.66588592529297,13.91,84.18207550048828
13.92,15.202676773071287,13.92,102.59064483642578,13.919999999999998,16.3018856048584,13.919999999999998,71.66683959960938,13.920000000000002,84.19033813476562
13.93,15.19766330718994,13.93,102.59405517578124,13.93,16.29486083984375,13.93,71.66793060302734,13.93,84.19933319091797
13.94,15.19215965270996,13.94,102.5966567993164,13.94,16.28717041015625,13.94,71.66890716552734,13.94,84.21224975585938
13.95,15.185851097106934,13.95,102.60124206542967,13.95,16.280235290527344,13.95,71.66917419433594,13.95,84.22137451171875
13.96,15.180278778076172,13.960000000000004,102.60472106933594,13.96,16.275169372558594,13.96,71.66880798339844,13.96,84.23368072509766
13.97,15.17690658569336,13.97,102.60858154296876,13.97,16.27108383178711,13.97,71.67034912109375,13.97,84.2446517944336
13.98,15.17304801940918,13.980000000000002,102.61190795898438,13.98,16.267845153808594,13.98,71.67294311523438,13.98,84.258056640625
13.99,15.171627044677734,13.99,102.6148681640625,13.989999999999998,16.262847900390625,13.989999999999998,71.67449188232422,13.989999999999998,84.27384948730469
14.000000000000002,15.169907569885254,14.000000000000002,102.61910247802734,14.0,16.259559631347656,14.0,71.67526245117188,14.0,84.290771484375
14.01,15.16915225982666,14.01,102.62294006347656,14.010000000000002,16.25400161743164,14.009999999999998,71.67597198486328,14.010000000000002,84.30838012695312
14.02,15.166584014892578,14.02,102.62903594970705,14.02,16.24989891052246,14.02,71.67515563964844,14.02,84.32791137695312
14.03,15.162134170532228,14.03,102.63421630859376,14.03,16.245777130126953,14.03,71.67655181884766,14.03,84.34754180908203
14.04,15.156679153442385,14.04,102.63954162597656,14.04,16.242570877075195,14.04,71.67471313476562,14.04,84.36620330810547
14.05,15.152235984802246,14.050000000000002,102.64586639404295,14.05,16.239667892456055,14.05,71.67250061035156,14.05,84.38621520996094
14.06,15.149080276489258,14.06,102.65176391601562,14.06,16.235679626464844,14.06,71.67338562011719,14.06,84.40741729736328
14.07,15.145401000976562,14.070000000000002,102.65753936767578,14.07,16.231060028076172,14.07,71.67465209960938,14.07,84.42903900146484
14.08,15.141271591186523,14.08,102.66101837158205,14.079999999999998,16.22711753845215,14.079999999999998,71.67548370361328,14.079999999999998,84.44956970214844
14.090000000000002,15.134757041931152,14.090000000000002,102.66542053222656,14.09,16.22466278076172,14.09,71.6758804321289,14.09,84.46641540527344
14.1,15.130609512329102,14.1,102.67530822753906,14.1,16.22706413269043,14.1,71.67535400390625,14.1,84.4838638305664
14.11,15.12511157989502,14.11,102.67694091796876,14.11,16.230417251586914,14.11,71.67699432373047,14.11,84.4998550415039
14.12,15.119893074035645,14.12,102.6807861328125,14.12,16.23120880126953,14.12,71.67876434326172,14.12,84.5191650390625
14.13,15.11606502532959,14.13,102.68263244628906,14.13,16.231584548950195,14.13,71.67928314208984,14.13,84.53573608398438
14.14,15.112798690795898,14.140000000000002,102.68489074707033,14.14,16.227750778198242,14.14,71.67845916748047,14.14,84.55207824707031
14.15,15.110148429870604,14.15,102.68463134765624,14.15,16.220075607299805,14.15,71.67819213867188,14.15,84.56719207763672
14.160000000000002,15.102882385253906,14.160000000000002,102.68202209472656,14.16,16.21095848083496,14.16,71.67752075195312,14.16,84.5798568725586
14.17,15.093204498291016,14.17,102.68059539794922,14.169999999999998,16.205333709716797,14.169999999999998,71.6769027709961,14.170000000000002,84.59202575683594
14.18,15.08551025390625,14.18,102.68356323242188,14.18,16.203529357910156,14.18,71.67475891113281,14.18,84.60826110839844
14.19,15.083452224731444,14.19,102.68580627441406,14.19,16.2016658782959,14.19,71.67552947998047,14.19,84.62237548828125
14.2,15.082801818847656,14.2,102.68316650390624,14.2,16.198904037475586,14.2,71.67512512207031,14.2,84.63375091552734
14.21,15.081133842468262,14.210000000000004,102.67949676513672,14.21,16.193498611450195,14.21,71.67545318603516,14.21,84.6447982788086
14.22,15.074713706970217,14.22,102.67356872558594,14.22,16.182296752929688,14.22,71.67556762695312,14.22,84.65717315673828
14.23,15.065423011779783,14.230000000000002,102.66693878173828,14.23,16.16919708251953,14.23,71.6753158569336,14.23,84.66912078857422
14.24,15.052923202514648,14.24,102.66120147705078,14.239999999999998,16.159500122070312,14.239999999999998,71.673828125,14.239999999999998,84.68211364746094
14.250000000000002,15.044639587402344,14.250000000000002,102.65261840820312,14.25,16.150510787963867,14.25,71.67195129394531,14.25,84.69502258300781
14.26,15.038310050964355,14.26,102.64404296875,14.260000000000002,16.144020080566406,14.259999999999998,71.67080688476562,14.260000000000002,84.70850372314453
14.27,15.033076286315918,14.27,102.63733673095705,14.27,16.136796951293945,14.27,71.67100524902344,14.27,84.7231216430664
14.28,15.02846622467041,14.28,102.63011932373048,14.28,16.13128662109375,14.28,71.66865539550781,14.28,84.74169158935547
14.29,15.025107383728027,14.29,102.62210083007812,14.29,16.123380661010742,14.29,71.66793823242188,14.29,84.7584228515625
14.3,15.016447067260742,14.300000000000002,102.61382293701172,14.3,16.11638641357422,14.3,71.6672134399414,14.3,84.77452087402344
14.31,15.00553035736084,14.31,102.60755920410156,14.31,16.10853385925293,14.31,71.66548919677734,14.31,84.78997802734375
14.32,15.000211715698242,14.320000000000002,102.60099029541016,14.32,16.10267448425293,14.32,71.66497802734375,14.32,84.80315399169922
14.33,14.990636825561523,14.33,102.59774780273438,14.329999999999998,16.097461700439453,14.329999999999998,71.66350555419922,14.329999999999998,84.81840515136719
14.340000000000002,14.979991912841797,14.340000000000002,102.59226989746094,14.34,16.091154098510742,14.34,71.66390991210938,14.34,84.83338165283203
14.35,14.971420288085938,14.35,102.58781433105467,14.35,16.082439422607422,14.35,71.66548156738281,14.35,84.8471908569336
14.36,14.961820602416992,14.36,102.58333587646484,14.36,16.07415771484375,14.36,71.66569519042969,14.36,84.85820007324219
14.37,14.948503494262695,14.37,102.58100128173828,14.37,16.064048767089844,14.37,71.66598510742188,14.37,84.86829376220703
14.38,14.940459251403809,14.38,102.5810775756836,14.38,16.055065155029297,14.38,71.66609954833984,14.38,84.87727355957031
14.39,14.93471336364746,14.390000000000002,102.58232879638672,14.39,16.048444747924805,14.39,71.66645812988281,14.39,84.88513946533203
14.4,14.92763900756836,14.4,102.5838623046875,14.4,16.04846954345703,14.4,71.66548156738281,14.4,84.89253997802734
14.410000000000002,14.923050880432127,14.410000000000002,102.58611297607422,14.41,16.049694061279297,14.41,71.66455078125,14.41,84.90257263183594
14.42,14.91884994506836,14.42,102.58670043945312,14.419999999999998,16.052724838256836,14.419999999999998,71.66398620605469,14.420000000000002,84.90966796875
14.43,14.916428565979004,14.43,102.58728790283205,14.43,16.05559539794922,14.43,71.66381072998047,14.43,84.9163589477539
14.44,14.916387557983398,14.44,102.58846282958984,14.44,16.056692123413086,14.44,71.66376495361328,14.44,84.92216491699219
14.45,14.91428565979004,14.45,102.58920288085938,14.45,16.057910919189453,14.45,71.66265106201172,14.45,84.92668151855469
14.46,14.912775039672852,14.460000000000004,102.59078216552734,14.46,16.060131072998047,14.46,71.66326141357422,14.46,84.92951965332031
14.47,14.915250778198242,14.47,102.59080505371094,14.47,16.06359100341797,14.47,71.66123962402344,14.47,84.93196105957031
14.48,14.92056655883789,14.480000000000002,102.59368896484376,14.48,16.064537048339844,14.48,71.66107940673828,14.48,84.94011688232422
14.49,14.92234706878662,14.49,102.59986877441406,14.489999999999998,16.064664840698242,14.489999999999998,71.66088104248047,14.489999999999998,84.9493637084961
14.500000000000002,14.922504425048828,14.500000000000002,102.60385131835938,14.5,16.062814712524414,14.5,71.662841796875,14.5,84.95619201660156
14.51,14.922306060791016,14.51,102.6052017211914,14.510000000000002,16.062013626098633,14.509999999999998,71.66299438476562,14.510000000000002,84.97016906738281
14.52,14.921722412109377,14.52,102.60420989990234,14.52,16.06239891052246,14.52,71.6648178100586,14.52,84.96807861328125
14.53,14.922547340393066,14.53,102.6033935546875,14.53,16.063236236572266,14.53,71.6640625,14.53,84.9617919921875
14.54,14.923422813415527,14.54,102.60228729248048,14.54,16.06144142150879,14.54,71.66343688964844,14.54,84.96033477783203
14.55,14.928375244140623,14.550000000000002,102.60222625732422,14.55,16.060007095336914,14.55,71.66216278076172,14.55,84.96021270751953
14.56,14.932974815368652,14.56,102.60232543945312,14.56,16.055953979492188,14.56,71.66155242919922,14.56,84.96076202392578
14.57,14.93689250946045,14.570000000000002,102.6028289794922,14.57,16.052453994750977,14.57,71.66181182861328,14.57,84.95812225341797
14.58,14.940491676330566,14.58,102.60354614257812,14.579999999999998,16.04667091369629,14.579999999999998,71.65515899658203,14.579999999999998,84.95360565185547
14.590000000000002,14.937178611755373,14.590000000000002,102.60165405273438,14.59,16.040760040283203,14.59,71.6556167602539,14.59,84.94808959960938
14.6,14.93367862701416,14.6,102.5995635986328,14.6,16.03717613220215,14.6,71.65711212158203,14.6,84.93925476074219
14.61,14.931095123291016,14.61,102.59700775146484,14.61,16.037044525146484,14.61,71.65644073486328,14.61,84.92627716064453
14.62,14.930719375610352,14.62,102.59452056884766,14.62,16.04256820678711,14.62,71.65576171875,14.62,84.91151428222656
14.63,14.927331924438477,14.63,102.59073638916016,14.63,16.048938751220703,14.63,71.65359497070312,14.63,84.8941650390625
14.64,14.922111511230469,14.640000000000002,102.59124755859376,14.64,16.052227020263672,14.64,71.6506576538086,14.64,84.87521362304688
14.65,14.92108917236328,14.65,102.59915924072266,14.65,16.054786682128906,14.65,71.64610290527344,14.65,84.85140991210938
14.660000000000002,14.92094898223877,14.660000000000002,102.60128021240234,14.66,16.05760955810547,14.66,71.6447982788086,14.66,84.82494354248047
14.67,14.91873264312744,14.67,102.60177612304688,14.669999999999998,16.063196182250977,14.669999999999998,71.64122009277344,14.670000000000002,84.79582977294922
14.68,14.913304328918455,14.68,102.60212707519533,14.68,16.07075309753418,14.68,71.64005279541016,14.68,84.75958251953125
14.69,14.914618492126465,14.69,102.60063934326172,14.69,16.079315185546875,14.69,71.63713836669922,14.69,84.72179412841797
14.7,14.917804718017578,14.7,102.59801483154295,14.7,16.091203689575195,14.7,71.63200378417969,14.7,84.68202209472656
14.71,14.921242713928224,14.710000000000004,102.5884017944336,14.71,16.10550880432129,14.71,71.62848663330078,14.71,84.63462829589844
14.72,14.92785358428955,14.72,102.55387115478516,14.72,16.120941162109375,14.72,71.62682342529297,14.72,84.5801010131836
14.73,14.937199592590332,14.730000000000002,102.5030288696289,14.73,16.13930320739746,14.73,71.6318130493164,14.73,84.52462005615234
14.74,14.94895076751709,14.74,102.4387435913086,14.739999999999998,16.16008186340332,14.739999999999998,71.64326477050781,14.739999999999998,84.47421264648438
14.750000000000002,14.95957374572754,14.750000000000002,102.3747329711914,14.75,16.181711196899414,14.75,71.65576171875,14.75,84.42008209228516
14.76,14.969664573669434,14.76,102.30693817138672,14.760000000000002,16.212894439697266,14.759999999999998,71.67221069335938,14.760000000000002,84.35964965820312
14.77,14.980603218078612,14.77,102.20630645751952,14.77,16.248523712158203,14.77,71.69249725341797,14.77,84.29265594482422
14.78,14.993060111999512,14.78,102.07752227783205,14.78,16.276945114135742,14.78,71.72054290771484,14.78,84.21643829345703
14.79,15.00720500946045,14.79,101.96997833251952,14.79,16.30436134338379,14.79,71.76057434082031,14.79,84.13317108154297
14.8,15.026915550231934,14.800000000000002,101.89568328857422,14.8,16.342580795288086,14.8,71.80611419677734,14.8,84.04251861572266
14.81,15.061001777648926,14.81,101.84630584716795,14.81,16.386064529418945,14.81,71.8505859375,14.81,83.93860626220703
14.82,15.101959228515623,14.820000000000002,101.80043029785156,14.82,16.434284210205078,14.82,71.88871002197266,14.82,83.8215560913086
14.83,15.136134147644045,14.83,101.74981689453124,14.829999999999998,16.483325958251953,14.829999999999998,71.91706848144531,14.829999999999998,83.69107818603516
14.840000000000002,15.162935256958008,14.840000000000002,101.71084594726562,14.84,16.531320571899414,14.84,71.93914794921875,14.84,83.54438781738281
14.85,15.209908485412598,14.85,101.68517303466795,14.85,16.56743812561035,14.85,71.9609375,14.85,83.38330841064453
14.86,15.265488624572754,14.86,101.65190887451172,14.86,16.59380531311035,14.86,71.9818115234375,14.86,83.20962524414062
14.87,15.298805236816406,14.87,101.6290054321289,14.87,16.617778778076172,14.87,72.00498962402344,14.87,83.0219497680664
14.88,15.314085960388184,14.88,101.60783386230467,14.88,16.625808715820312,14.88,72.028564453125,14.88,82.82814025878906
14.89,15.317611694335938,14.890000000000002,101.58731842041016,14.89,16.62886619567871,14.89,72.05104064941406,14.89,82.63499450683594
14.9,15.322050094604492,14.9,101.56714630126952,14.9,16.635364532470703,14.9,72.07160186767578,14.9,82.43809509277344
14.910000000000002,15.336992263793944,14.910000000000002,101.54448699951172,14.91,16.643829345703125,14.91,72.0887451171875,14.91,82.22880554199219
14.92,15.346894264221191,14.92,101.52169799804688,14.919999999999998,16.651409149169922,14.919999999999998,72.10631561279297,14.920000000000002,82.01036071777344
14.93,15.343981742858888,14.93,101.50565338134766,14.93,16.650699615478516,14.93,72.12616729736328,14.93,81.77960205078125
14.94,15.336501121520996,14.94,101.4963836669922,14.94,16.653282165527344,14.94,72.1435546875,14.94,81.54083251953125
14.95,15.337512969970703,14.95,101.49200439453124,14.95,16.64606285095215,14.95,72.15933227539062,14.95,81.28470611572266
14.96,15.348427772521973,14.960000000000004,101.48623657226562,14.96,16.63528060913086,14.96,72.17359161376953,14.96,81.01781463623047
14.97,15.363208770751951,14.97,101.47838592529295,14.97,16.611299514770508,14.97,72.18531799316406,14.97,80.73931884765625
14.98,15.380969047546388,14.980000000000002,101.4664535522461,14.98,16.584897994995117,14.98,72.19182586669922,14.98,80.46369171142578
14.99,15.396710395812988,14.99,101.45320129394533,14.989999999999998,16.54582405090332,14.989999999999998,72.19695281982422,14.989999999999998,80.18785095214844
15.000000000000002,15.4093017578125,15.000000000000002,101.44213104248048,15.0,16.53083610534668,15.0,72.2015380859375,15.0,79.89432525634766
15.01,15.420278549194336,15.01,101.4399185180664,15.010000000000002,16.536394119262695,15.009999999999998,72.20745849609375,15.010000000000002,79.56596374511719
15.02,15.429548263549805,15.02,101.43277740478516,15.02,16.44460678100586,15.02,72.21554565429688,15.02,79.21435546875
15.03,15.44590187072754,15.03,101.42738342285156,15.03,16.321929931640625,15.03,72.22737121582031,15.03,78.84906768798828
15.04,15.45681095123291,15.04,101.42961883544922,15.04,16.217334747314453,15.04,72.2401351928711,15.04,78.47180938720703
15.05,15.45745849609375,15.050000000000002,101.4369659423828,15.05,16.167478561401367,15.05,72.25316619873047,15.05,78.0702133178711
15.06,15.436738967895508,15.06,101.44681549072266,15.06,16.129358291625977,15.06,72.26667785644531,15.06,77.64429473876953
15.07,15.410755157470703,15.070000000000002,101.45589447021484,15.07,16.073970794677734,15.07,72.28182220458984,15.07,77.19949340820312
15.08,15.399087905883787,15.08,101.47615814208984,15.079999999999998,16.010677337646484,15.079999999999998,72.2982177734375,15.079999999999998,76.72850036621094
15.090000000000002,15.396442413330078,15.090000000000002,101.49584197998048,15.09,15.95864200592041,15.09,72.31486511230469,15.09,76.24070739746094
15.1,15.400890350341797,15.1,101.5120849609375,15.1,15.946489334106444,15.1,72.32954406738281,15.1,75.72869110107422
15.11,15.413593292236328,15.11,101.52989196777344,15.11,15.964973449707031,15.11,72.35250854492188,15.11,75.22239685058594
15.12,15.429876327514648,15.12,101.55318450927734,15.12,15.985461235046388,15.12,72.38606262207031,15.12,74.71177673339844
15.13,15.44219970703125,15.13,101.5864028930664,15.13,15.993537902832031,15.13,72.42975616455078,15.13,74.15983581542969
15.14,15.448174476623535,15.140000000000002,101.61795806884766,15.14,16.019573211669922,15.14,72.47734832763672,15.14,73.57998657226562
15.15,15.453939437866213,15.15,101.65081787109376,15.15,16.04283332824707,15.15,72.52229309082031,15.15,72.99595642089844
15.160000000000002,15.469590187072754,15.160000000000002,101.6930923461914,15.16,16.05957794189453,15.16,72.56769561767578,15.16,72.41191101074219
15.17,15.485371589660645,15.17,101.7371063232422,15.169999999999998,16.068702697753906,15.169999999999998,72.61389923095703,15.170000000000002,71.80496215820312
15.18,15.50843334197998,15.18,101.78463745117188,15.18,16.092599868774414,15.18,72.65800476074219,15.18,71.15473175048828
15.19,15.533191680908203,15.19,101.84032440185548,15.19,16.126766204833984,15.19,72.70309448242188,15.19,70.4555892944336
15.2,15.556559562683104,15.2,101.90448760986328,15.2,16.141393661499023,15.2,72.75411224365234,15.2,69.7557373046875
15.21,15.57256031036377,15.210000000000004,101.97268676757812,15.21,16.148014068603516,15.21,72.8144760131836,15.21,69.04249572753906
15.22,15.586773872375488,15.22,102.04634857177734,15.22,16.178573608398438,15.22,72.88543701171875,15.22,68.30172729492188
15.23,15.593921661376951,15.230000000000002,102.1300277709961,15.23,16.228761672973633,15.23,72.9676742553711,15.23,67.5194091796875
15.24,15.602987289428713,15.24,102.23204803466795,15.239999999999998,16.310636520385742,15.239999999999998,73.05927276611328,15.239999999999998,66.69456481933594
15.250000000000002,15.615470886230469,15.250000000000002,102.34847259521484,15.25,16.453630447387695,15.25,73.1493148803711,15.25,65.83282470703125
15.26,15.653590202331545,15.26,102.47171020507812,15.260000000000002,16.643836975097656,15.259999999999998,73.22309112548828,15.260000000000002,64.95683288574219
15.27,15.70928192138672,15.27,102.60636138916016,15.27,16.889785766601562,15.27,73.28368377685547,15.27,64.09998321533203
15.28,15.78171157836914,15.28,102.75994110107422,15.28,17.206315994262695,15.28,73.31849670410156,15.28,63.29169845581055
15.29,15.884787559509276,15.29,102.91913604736328,15.29,17.57984161376953,15.29,73.32807159423828,15.29,62.52372741699219
15.3,15.999794006347656,15.300000000000002,103.07010650634766,15.3,17.9121150970459,15.3,73.3025894165039,15.3,61.76206970214844
15.31,16.09264373779297,15.31,103.20889282226562,15.31,18.17606735229492,15.31,73.2380142211914,15.31,60.94928359985352
15.32,16.18025779724121,15.320000000000002,103.33998107910156,15.32,18.4488468170166,15.32,73.14064025878906,15.32,60.07466506958008
15.33,16.31732749938965,15.33,103.48346710205078,15.329999999999998,18.77645492553711,15.329999999999998,73.00899505615234,15.329999999999998,59.12397384643555
15.340000000000002,16.536483764648438,15.340000000000002,103.64226531982422,15.34,19.18509292602539,15.34,72.87109375,15.34,58.15629196166992
15.35,16.792160034179688,15.35,103.81434631347656,15.35,19.607440948486328,15.35,72.74853515625,15.35,57.225730895996094
15.36,17.046701431274414,15.36,104.02457427978516,15.36,20.025590896606445,15.36,72.59568786621094,15.36,56.34562301635742
15.37,17.295122146606445,15.37,104.20795440673828,15.37,20.40618896484375,15.37,72.4369888305664,15.37,55.45734405517578
15.38,17.570398330688477,15.38,104.42376708984376,15.38,20.78974151611328,15.38,72.30372619628906,15.38,54.52799224853516
15.39,17.846349716186523,15.390000000000002,104.6623992919922,15.39,21.1927433013916,15.39,72.22039794921875,15.39,53.60862731933594
15.4,18.15890121459961,15.4,104.9129409790039,15.4,21.61525154113769,15.4,72.1351547241211,15.4,52.74386215209961
15.410000000000002,18.51434326171875,15.410000000000002,105.17393493652344,15.41,22.04804229736328,15.41,72.03770446777344,15.41,51.94918441772461
15.42,18.897031784057617,15.42,105.45475006103516,15.419999999999998,22.47185134887696,15.419999999999998,71.95203399658203,15.420000000000002,51.19525909423828
15.43,19.2683334350586,15.43,105.74967193603516,15.43,22.898706436157227,15.43,71.86809539794922,15.43,50.449737548828125
15.44,19.63476181030273,15.44,106.0620574951172,15.44,23.346824645996094,15.44,71.7892837524414,15.44,49.69673156738281
15.45,20.01881980895996,15.45,106.39071655273438,15.45,23.7960147857666,15.45,71.70645904541016,15.45,48.93537902832031
15.46,20.42277717590332,15.460000000000004,106.71542358398438,15.46,24.257762908935547,15.46,71.6197738647461,15.46,48.26320266723633
15.47,20.830162048339844,15.47,107.0431671142578,15.47,24.737882614135746,15.47,71.54234313964844,15.47,47.85163497924805
15.48,21.246789932250977,15.480000000000002,107.36715698242188,15.48,25.245567321777344,15.48,71.45895385742188,15.48,47.56997299194336
15.49,21.68324279785156,15.49,107.68727111816406,15.489999999999998,25.773902893066406,15.489999999999998,71.3793716430664,15.489999999999998,47.22538375854492
15.500000000000002,22.150081634521484,15.500000000000002,107.99817657470705,15.5,26.326873779296875,15.5,71.2970962524414,15.5,46.781700134277344
15.51,22.65793228149414,15.51,108.3111572265625,15.510000000000002,26.91025733947754,15.509999999999998,71.21411895751953,15.510000000000002,46.24518203735352
15.52,23.208675384521484,15.52,108.62472534179688,15.52,27.532230377197266,15.52,71.13702392578125,15.52,45.64686584472656
15.53,23.789215087890625,15.53,108.93335723876952,15.53,28.186187744140625,15.53,71.0685806274414,15.53,45.02016067504883
15.54,24.40575790405273,15.54,109.22708892822266,15.54,28.86699676513672,15.54,71.00875091552734,15.54,44.40592956542969
15.55,25.0488338470459,15.550000000000002,109.50366973876952,15.55,29.57305145263672,15.55,70.95885467529297,15.55,43.8153190612793
15.56,25.71281242370605,15.56,109.7529525756836,15.56,30.294994354248047,15.56,70.89324188232422,15.56,43.27172088623047
15.57,26.400510787963867,15.570000000000002,109.9637451171875,15.57,31.02361869812012,15.57,70.8224105834961,15.57,42.78157424926758
15.58,27.095176696777344,15.58,110.17255401611328,15.579999999999998,31.76752281188965,15.579999999999998,70.75895690917969,15.579999999999998,42.38275909423828
15.590000000000002,27.802080154418945,15.590000000000002,110.39227294921876,15.59,32.518978118896484,15.59,70.7014389038086,15.59,42.0410041809082
15.6,28.53528213500977,15.6,110.5821533203125,15.6,33.28129196166992,15.6,70.64859771728516,15.6,41.73197937011719
15.61,29.28981590270996,15.61,110.74479675292967,15.61,34.05961608886719,15.61,70.5997543334961,15.61,41.51176834106445
15.62,30.051389694213867,15.62,110.88573455810548,15.62,34.85133743286133,15.62,70.55632781982422,15.62,41.31101608276367
15.63,30.82561492919922,15.63,110.9997100830078,15.63,35.65544509887695,15.63,70.51570892333984,15.63,41.10981369018555
15.64,31.61372947692871,15.640000000000002,111.10652160644533,15.64,36.44934844970703,15.64,70.4757308959961,15.64,40.89243698120117
15.65,32.41643142700195,15.65,111.2033462524414,15.65,37.25422668457031,15.65,70.43975067138672,15.65,40.71160507202149
15.660000000000002,33.235809326171875,15.660000000000002,111.3012237548828,15.66,38.066741943359375,15.66,70.40604400634766,15.66,40.68736267089844
15.67,34.0738639831543,15.67,111.37208557128906,15.669999999999998,38.90317916870117,15.669999999999998,70.37367248535156,15.670000000000002,40.80632781982422
15.68,34.93172836303711,15.68,111.42681884765624,15.68,39.74530792236328,15.68,70.3385238647461,15.68,40.954383850097656
15.69,35.806846618652344,15.69,111.45330810546876,15.69,40.59775924682617,15.69,70.3066177368164,15.69,41.08781433105469
15.7,36.70122909545898,15.7,111.48403930664062,15.7,41.44683074951172,15.7,70.2781982421875,15.7,41.24736785888672
15.71,37.61653900146485,15.710000000000004,111.51383209228516,15.71,42.3184700012207,15.71,70.25099182128906,15.71,41.40568923950195
15.72,38.54387664794922,15.72,111.48656463623048,15.72,43.176788330078125,15.72,70.22005462646484,15.72,41.58733749389648
15.73,39.47614288330078,15.730000000000002,111.46270751953124,15.73,44.05224990844727,15.73,70.18785095214844,15.73,41.80348587036133
15.74,40.39987182617188,15.74,111.44093322753906,15.739999999999998,44.94811248779297,15.739999999999998,70.15654754638672,15.739999999999998,41.99718475341797
15.750000000000002,41.3101806640625,15.750000000000002,111.42169952392578,15.75,45.82554244995117,15.75,70.12399291992188,15.75,42.22509765625
15.76,42.21729278564453,15.76,111.35963439941406,15.760000000000002,46.722206115722656,15.759999999999998,70.09210968017578,15.760000000000002,42.5001106262207
15.77,43.10662078857422,15.77,111.30045318603516,15.77,47.61170959472656,15.77,70.0539779663086,15.77,42.818485260009766
15.78,43.98910140991211,15.78,111.20345306396484,15.78,48.51692962646485,15.78,70.01156616210938,15.78,43.15852355957031
15.79,44.867149353027344,15.79,111.097900390625,15.79,49.40059280395508,15.79,69.96522521972656,15.79,43.50557327270508
15.8,45.74431228637695,15.800000000000002,110.97574615478516,15.8,50.27859115600586,15.8,69.92132568359375,15.8,43.87905502319336
15.81,46.61348342895508,15.81,110.85887145996094,15.81,51.15635681152344,15.81,69.88111877441406,15.81,44.25914764404297
15.82,47.47405624389648,15.820000000000002,110.75822448730467,15.82,51.99234771728516,15.82,69.84355163574219,15.82,44.67881774902344
15.83,48.32950592041016,15.83,110.65367889404295,15.829999999999998,52.803993225097656,15.829999999999998,69.81053924560547,15.829999999999998,45.07987594604492
15.840000000000002,49.178504943847656,15.840000000000002,110.53221893310548,15.84,53.62178421020508,15.84,69.77925872802734,15.84,45.50542449951172
15.85,50.01665496826172,15.85,110.40272521972656,15.85,54.44358444213867,15.85,69.7503890991211,15.85,45.972747802734375
15.86,50.84271240234375,15.86,110.24166870117188,15.86,55.28426361083984,15.86,69.72139739990234,15.86,46.438724517822266
15.87,51.66012191772461,15.87,110.06888580322266,15.87,56.14081573486328,15.87,69.69403839111328,15.87,46.90278244018555
15.88,52.463035583496094,15.88,109.91020965576172,15.88,56.99931716918945,15.88,69.66742706298828,15.88,47.38722229003906
15.89,53.26149368286133,15.890000000000002,109.76040649414062,15.89,57.84318923950195,15.89,69.64102172851562,15.89,47.89938735961914
15.9,54.07199096679688,15.9,109.61942291259766,15.9,58.66889572143555,15.9,69.6156997680664,15.9,48.42034149169922
15.910000000000002,54.89152908325195,15.910000000000002,109.4457015991211,15.91,59.41246032714844,15.91,69.5919418334961,15.91,48.9741325378418
15.92,55.7154426574707,15.92,109.26141357421876,15.919999999999998,60.028133392333984,15.919999999999998,69.57319641113281,15.920000000000002,49.51420974731445
15.93,56.5375862121582,15.93,109.056396484375,15.93,60.83777618408203,15.93,69.55525207519531,15.93,50.029296875
15.94,57.35847854614258,15.94,108.84718322753906,15.94,61.37815475463867,15.94,69.54206085205078,15.94,50.57570266723633
15.95,58.17528533935547,15.95,108.65996551513672,15.95,62.12221908569336,15.95,69.53351593017578,15.95,51.12498474121094
15.96,58.99566650390625,15.960000000000004,108.4603042602539,15.96,63.402000427246094,15.96,69.53094482421875,15.96,51.69905853271485
15.97,59.83000183105469,15.97,108.2415542602539,15.97,64.36077117919922,15.97,69.53170776367188,15.97,52.27780532836914
15.98,60.6678466796875,15.980000000000002,108.02830505371094,15.98,65.11244201660156,15.98,69.52819061279297,15.98,52.863868713378906
15.99,61.49714660644531,15.99,107.8204345703125,15.989999999999998,65.84862518310547,15.989999999999998,69.52577209472656,15.989999999999998,53.44110870361328
16.0,62.31591033935547,16.0,107.61983489990234,16.0,66.59358978271484,16.0,69.5203628540039,16.0,54.00354766845703
16.009999999999998,63.123756408691406,16.009999999999998,107.43215942382812,16.01,67.37456512451172,16.009999999999998,69.51703643798828,16.01,54.5794563293457
16.020000000000003,63.90566253662109,16.020000000000003,107.25039672851562,16.02,68.1686019897461,16.02,69.51671600341797,16.02,55.19388198852539
16.03,64.69049835205078,16.03,107.05783081054688,16.03,68.9424819946289,16.03,69.5241928100586,16.03,55.8027458190918
16.04,65.45658111572266,16.04,106.88142395019533,16.04,69.72747802734375,16.04,69.53658294677734,16.04,56.40519714355469
16.049999999999997,66.21857452392578,16.050000000000004,106.70203399658205,16.05,70.51265716552734,16.05,69.55441284179688,16.05,57.032508850097656
16.060000000000002,66.9437255859375,16.060000000000002,106.5105209350586,16.06,71.22279357910156,16.06,69.57246398925781,16.06,57.66792678833008
16.07,67.69425201416016,16.07,106.3237762451172,16.07,71.87425994873047,16.07,69.58334350585938,16.07,58.32918548583984
16.08,68.461669921875,16.08,106.15116119384766,16.08,72.53822326660156,16.08,69.5904312133789,16.08,58.96939086914063
16.090000000000003,69.23526763916016,16.090000000000003,105.96978759765624,16.09,73.17897033691406,16.09,69.59710693359375,16.09,59.62068939208984
16.1,69.97824096679688,16.1,105.7947235107422,16.1,73.78230285644531,16.1,69.60350799560547,16.1,60.26319885253906
16.11,70.70101928710938,16.11,105.6285400390625,16.11,74.39566040039062,16.11,69.61466217041016,16.11,60.89525985717773
16.119999999999997,71.41712951660156,16.119999999999997,105.45305633544922,16.12,75.01763916015625,16.12,69.62845611572266,16.12,61.53061676025391
16.130000000000003,72.09061431884766,16.130000000000003,105.25302124023438,16.13,75.63375091552734,16.13,69.64281463623047,16.13,62.1888427734375
16.14,72.67861938476562,16.14,105.07771301269533,16.14,76.19969177246094,16.14,69.65918731689453,16.14,62.79117584228516
16.15,73.19996643066406,16.15,104.91168975830078,16.15,76.78123474121094,16.15,69.67603302001953,16.15,63.39921188354492
16.160000000000004,73.78033447265625,16.160000000000004,104.75170135498048,16.16,77.34674835205078,16.16,69.69216918945312,16.16,64.05113983154297
16.17,74.3890151977539,16.17,104.5915756225586,16.169999999999998,77.92642211914062,16.169999999999998,69.7098388671875,16.17,64.69807434082031
16.18,74.92951965332031,16.18,104.4150848388672,16.18,78.50657653808594,16.18,69.72785949707031,16.18,65.35202026367188
16.189999999999998,75.42560577392578,16.189999999999998,104.22737121582033,16.19,79.04875183105469,16.19,69.75019836425781,16.19,65.98207092285156
16.200000000000003,76.05448913574219,16.200000000000003,104.03086853027344,16.2,79.55457305908203,16.2,69.77458953857422,16.2,66.5947494506836
16.21,76.59757232666016,16.21,103.85022735595705,16.21,80.04658508300781,16.21,69.80422973632812,16.21,67.19442749023438
16.22,77.13072967529297,16.22,103.651611328125,16.22,80.44965362548828,16.22,69.83885955810547,16.22,67.76947784423828
16.229999999999997,77.64048767089844,16.230000000000004,103.4432601928711,16.23,80.74272918701172,16.23,69.87535858154297,16.23,68.3576889038086
16.240000000000002,78.15528106689453,16.240000000000002,103.21598815917967,16.24,81.02700805664062,16.24,69.91061401367188,16.24,68.94401550292969
16.25,78.65992736816406,16.25,103.00917053222656,16.25,81.32627868652344,16.25,69.94849395751953,16.25,69.50758361816406
16.259999999999998,79.1256103515625,16.259999999999998,102.76985168457033,16.26,81.6474380493164,16.259999999999998,69.98388671875,16.26,70.0543441772461
16.270000000000003,79.62590026855469,16.270000000000003,102.5312957763672,16.27,81.98929595947266,16.27,70.0178451538086,16.27,70.59477996826172
16.28,80.09507751464844,16.28,102.31939697265624,16.28,82.35371398925781,16.28,70.05326080322266,16.28,71.1168441772461
16.29,80.56340026855469,16.29,102.08878326416016,16.29,82.72631072998047,16.29,70.08689880371094,16.29,71.60811614990234
16.299999999999997,81.0284194946289,16.300000000000004,101.8856430053711,16.3,83.15470886230469,16.3,70.11787414550781,16.3,72.09262084960938
16.310000000000002,81.55635070800781,16.310000000000002,101.6622543334961,16.31,83.98648071289062,16.31,70.15036010742188,16.31,72.57857513427734
16.32,82.05025482177734,16.32,101.45506286621094,16.32,85.00541687011719,16.32,70.20845794677734,16.32,73.05659484863281
16.33,82.5248031616211,16.33,101.2688217163086,16.33,85.54927062988281,16.33,70.24182891845703,16.33,73.53767395019531
16.340000000000003,83.1310806274414,16.340000000000003,101.08968353271484,16.34,85.99592590332031,16.34,70.2795181274414,16.34,74.0055160522461
16.35,83.836669921875,16.35,100.8907699584961,16.35,86.43124389648438,16.35,70.31761169433594,16.35,74.44738006591797
16.36,84.59857177734375,16.36,100.71868896484376,16.36,86.81459045410156,16.36,70.35645294189453,16.36,74.88985443115234
16.369999999999997,85.35037231445312,16.369999999999997,100.53641510009766,16.37,87.19859313964844,16.37,70.39425659179688,16.37,75.31840515136719
16.380000000000003,85.9919204711914,16.380000000000003,100.36063385009766,16.38,87.57493591308594,16.38,70.43328857421875,16.38,75.73725891113281
16.39,86.60298156738281,16.39,100.1961441040039,16.39,87.94205474853516,16.39,70.47026824951172,16.39,76.14856719970703
16.4,87.13594055175781,16.4,100.07737731933594,16.4,88.27452850341797,16.4,70.5125503540039,16.4,76.54129791259766
16.410000000000004,87.68663787841797,16.410000000000004,99.9443817138672,16.41,88.60320281982422,16.41,70.55928039550781,16.41,76.88233184814453
16.42,88.37944030761719,16.42,99.86457061767578,16.419999999999998,88.9348373413086,16.419999999999998,70.60906219482422,16.42,77.2271499633789
16.43,88.95794677734375,16.43,99.80594635009766,16.43,89.25275421142578,16.43,70.6596908569336,16.43,77.59123992919922
16.439999999999998,89.41310119628906,16.439999999999998,99.78504943847656,16.44,89.57939147949219,16.44,70.70824432373047,16.44,77.95254516601562
16.450000000000003,89.9135971069336,16.450000000000003,99.77446746826172,16.45,89.95287322998047,16.45,70.74640655517578,16.45,78.26470184326172
16.46,90.44416809082033,16.46,99.76171112060548,16.46,90.3027114868164,16.46,70.77101135253906,16.46,78.518310546875
16.47,90.7981185913086,16.47,99.7593002319336,16.47,90.53290557861328,16.47,70.7829360961914,16.47,78.73410034179688
16.479999999999997,91.1454849243164,16.480000000000004,99.76676940917967,16.48,90.66795349121094,16.48,70.78715515136719,16.48,78.92536926269531
16.490000000000002,91.37036895751952,16.490000000000002,99.7862777709961,16.49,90.74835205078124,16.49,70.78228759765625,16.49,79.12811279296875
16.5,91.46371459960938,16.5,99.811767578125,16.5,90.83103942871094,16.5,70.77131652832031,16.5,79.33065032958984
16.509999999999998,91.5068588256836,16.509999999999998,99.8339614868164,16.51,90.97605895996094,16.509999999999998,70.75468444824219,16.51,79.51709747314453
16.520000000000003,91.53868103027344,16.520000000000003,99.8843765258789,16.52,91.1138153076172,16.52,70.73191833496094,16.52,79.71418762207031
16.53,91.55636596679688,16.53,99.93814086914062,16.53,91.19219207763672,16.53,70.70930480957031,16.53,79.90714263916016
16.54,91.55487060546876,16.54,99.9989013671875,16.54,91.2223892211914,16.54,70.68899536132812,16.54,80.09855651855469
16.549999999999997,91.52610778808594,16.550000000000004,100.0504379272461,16.55,91.25399780273438,16.55,70.67118072509766,16.55,80.30657958984375
16.560000000000002,91.47181701660156,16.560000000000002,100.09132385253906,16.56,91.28375244140624,16.56,70.65646362304688,16.56,80.5117416381836
16.57,91.40826416015624,16.57,100.1225357055664,16.57,91.29879760742188,16.57,70.64768981933594,16.57,80.71174621582031
16.58,91.33932495117188,16.58,100.15855407714844,16.58,91.3130874633789,16.58,70.64386749267578,16.58,80.90947723388672
16.590000000000003,91.28955841064452,16.590000000000003,100.19950103759766,16.59,91.33709716796876,16.59,70.64281463623047,16.59,81.08573150634766
16.6,91.2635269165039,16.6,100.24903106689452,16.6,91.32829284667967,16.6,70.64520263671875,16.6,81.25189971923828
16.61,91.26861572265624,16.61,100.30261993408205,16.61,91.32771301269533,16.61,70.65457153320312,16.61,81.41290283203125
16.619999999999997,91.27483367919922,16.619999999999997,100.35578155517578,16.62,91.34741973876952,16.62,70.6677017211914,16.62,81.5615463256836
16.630000000000003,91.2732162475586,16.630000000000003,100.40558624267578,16.63,91.37477111816406,16.63,70.68092346191406,16.63,81.70774841308594
16.64,91.2851333618164,16.64,100.41702270507812,16.64,91.4010009765625,16.64,70.68965148925781,16.64,81.83806610107422
16.65,91.30715942382812,16.65,100.37850952148438,16.65,91.44062042236328,16.65,70.69844055175781,16.65,81.96178436279297
16.660000000000004,91.35574340820312,16.660000000000004,100.43748474121094,16.66,91.48272705078124,16.66,70.7083969116211,16.66,82.0560531616211
16.67,91.42542266845705,16.67,100.48458099365234,16.669999999999998,91.5057601928711,16.669999999999998,70.72016143798828,16.67,82.14929962158203
16.68,91.48755645751952,16.68,100.50848388671876,16.68,91.54280090332033,16.68,70.73223876953125,16.68,82.23554992675781
16.689999999999998,91.54402923583984,16.689999999999998,100.5369873046875,16.69,91.57699584960938,16.69,70.74246978759766,16.69,82.30948638916016
16.700000000000003,91.59707641601562,16.700000000000003,100.57211303710938,16.7,91.62525939941406,16.7,70.75006866455078,16.7,82.37701416015625
16.71,91.64896392822266,16.71,100.5940399169922,16.71,91.68986511230467,16.71,70.75546264648438,16.71,82.43450927734375
16.72,91.70742797851562,16.72,100.61579895019533,16.72,91.76443481445312,16.72,70.75928497314453,16.72,82.47455596923828
16.729999999999997,91.76040649414062,16.730000000000004,100.63713073730467,16.73,91.8330078125,16.73,70.76002502441406,16.73,82.5124740600586
16.740000000000002,91.79828643798828,16.740000000000002,100.66400909423828,16.74,91.88712310791016,16.74,70.75894927978516,16.74,82.56201934814453
16.75,91.82542419433594,16.75,100.70274353027344,16.75,91.94512939453124,16.75,70.75631713867188,16.75,82.61116027832031
16.759999999999998,91.84478759765624,16.759999999999998,100.73883056640624,16.76,91.99811553955078,16.759999999999998,70.7521743774414,16.76,82.64970397949219
16.770000000000003,91.86920166015624,16.770000000000003,100.776611328125,16.77,92.0301742553711,16.77,70.74764251708984,16.77,82.6841049194336
16.78,91.9169692993164,16.78,100.81886291503906,16.78,92.0319366455078,16.78,70.74202728271484,16.78,82.71006774902344
16.79,91.95972442626952,16.79,100.85865783691406,16.79,92.01683044433594,16.79,70.73714447021484,16.79,82.73831939697266
16.799999999999997,91.988525390625,16.800000000000004,100.8922882080078,16.8,92.0069808959961,16.8,70.73110961914062,16.8,82.7616958618164
16.810000000000002,92.01250457763672,16.810000000000002,100.92083740234376,16.81,91.987060546875,16.81,70.72581481933594,16.81,82.78252410888672
16.82,92.04240417480467,16.82,100.94829559326172,16.82,91.968505859375,16.82,70.71871948242188,16.82,82.80256652832031
16.83,92.091796875,16.83,100.98035430908205,16.83,91.94791412353516,16.83,70.71208953857422,16.83,82.82103729248047
16.840000000000003,92.15450286865234,16.840000000000003,101.00690460205078,16.84,91.9250717163086,16.84,70.70526885986328,16.84,82.83353424072266
16.85,92.21736145019533,16.85,101.03172302246094,16.85,91.90384674072266,16.85,70.6978530883789,16.85,82.84605407714844
16.86,92.27883911132812,16.86,101.05853271484376,16.86,91.88707733154295,16.86,70.69276428222656,16.86,82.85325622558594
16.869999999999997,92.33541107177734,16.869999999999997,101.08167266845705,16.87,91.87376403808594,16.87,70.68720245361328,16.87,82.8563232421875
16.880000000000003,92.38422393798828,16.880000000000003,101.0930633544922,16.88,91.8770523071289,16.88,70.68353271484375,16.88,82.85511779785156
16.89,92.43603515625,16.89,101.10515594482422,16.89,91.8906707763672,16.89,70.67989349365234,16.89,82.85743713378906
16.9,92.49005889892578,16.9,101.11449432373048,16.9,91.92435455322266,16.9,70.67549133300781,16.9,82.85530853271484
16.910000000000004,92.53358459472656,16.910000000000004,101.12150573730467,16.91,91.94727325439452,16.91,70.6717758178711,16.91,82.8548355102539
16.92,92.57801818847656,16.92,101.1300811767578,16.919999999999998,91.96257019042967,16.919999999999998,70.6695556640625,16.92,82.85914611816406
16.93,92.61943817138672,16.93,101.14430236816406,16.93,91.97628784179688,16.93,70.66484069824219,16.93,82.86450958251953
16.939999999999998,92.6513214111328,16.939999999999998,101.163330078125,16.94,91.9910659790039,16.94,70.65835571289062,16.94,82.8725357055664
16.950000000000003,92.67581939697266,16.950000000000003,101.18673706054688,16.95,92.01961517333984,16.95,70.6509017944336,16.95,82.88430786132812
16.96,92.6925277709961,16.96,101.21307373046876,16.96,92.0528793334961,16.96,70.64541625976562,16.96,82.89606475830078
16.97,92.70562744140624,16.97,101.23600769042967,16.97,92.0811767578125,16.97,70.64132690429688,16.97,82.90350341796875
16.979999999999997,92.7190399169922,16.980000000000004,101.2549819946289,16.98,92.10602569580078,16.98,70.63444519042969,16.98,82.90323638916016
16.990000000000002,92.73407745361328,16.990000000000002,101.2732391357422,16.99,92.13864135742188,16.99,70.62747955322266,16.99,82.89808654785156
17.0,92.75167083740234,17.0,101.2960968017578,17.0,92.1689910888672,17.0,70.62085723876953,17.0,82.88843536376953
17.009999999999998,92.7685089111328,17.009999999999998,101.31971740722656,17.01,92.18904876708984,17.009999999999998,70.61644744873047,17.01,82.87628936767578
17.020000000000003,92.7857437133789,17.020000000000003,101.34436798095705,17.02,92.21526336669922,17.02,70.61185455322266,17.02,82.86405944824219
17.03,92.8063507080078,17.03,101.3693618774414,17.03,92.23961639404295,17.03,70.60558319091797,17.03,82.84668731689453
17.04,92.82878112792967,17.04,101.3853530883789,17.04,92.2654266357422,17.04,70.60089874267578,17.04,82.82589721679688
17.049999999999997,92.85321044921876,17.050000000000004,101.40274810791016,17.05,92.29611206054688,17.05,70.5965576171875,17.05,82.8083267211914
17.060000000000002,92.87062072753906,17.060000000000002,101.41696166992188,17.06,92.32411193847656,17.06,70.5948257446289,17.06,82.79033660888672
17.07,92.8916015625,17.07,101.4252700805664,17.07,92.3533935546875,17.07,70.5946273803711,17.07,82.76859283447266
17.08,92.90660095214844,17.08,101.43567657470705,17.08,92.37916564941406,17.08,70.59418487548828,17.08,82.74114990234375
17.090000000000003,92.91680908203124,17.090000000000003,101.44815063476562,17.09,92.39501190185548,17.09,70.59540557861328,17.09,82.71089172363281
17.1,92.91973114013672,17.1,101.46105194091795,17.1,92.40657043457033,17.1,70.59844207763672,17.1,82.67729187011719
17.11,92.9107437133789,17.11,101.46611785888672,17.11,92.42337036132812,17.11,70.6028060913086,17.11,82.64335632324219
17.119999999999997,92.90817260742188,17.119999999999997,101.4671401977539,17.12,92.43791961669922,17.12,70.60494995117188,17.12,82.60966491699219
17.130000000000003,92.91510009765624,17.130000000000003,101.46727752685548,17.13,92.44783020019533,17.13,70.60834503173828,17.13,82.57462310791016
17.14,92.90555572509766,17.14,101.46542358398438,17.14,92.46052551269533,17.14,70.61255645751953,17.14,82.54084014892578
17.15,92.8931121826172,17.15,101.45256805419922,17.15,92.4739990234375,17.15,70.61470031738281,17.15,82.5093765258789
17.160000000000004,92.88919830322266,17.160000000000004,101.44132995605467,17.16,92.486572265625,17.16,70.61724853515625,17.16,82.47613525390625
17.17,92.90144348144533,17.17,101.43059539794922,17.169999999999998,92.49675750732422,17.169999999999998,70.61994171142578,17.17,82.44469451904297
17.18,92.90892791748048,17.18,101.4211883544922,17.18,92.50640869140624,17.18,70.62335205078125,17.18,82.40975189208984
17.189999999999998,92.91228485107422,17.189999999999998,101.409912109375,17.19,92.50885772705078,17.19,70.62629699707031,17.19,82.37492370605469
17.200000000000003,92.91460418701172,17.200000000000003,101.3920669555664,17.2,92.50586700439452,17.2,70.6308822631836,17.2,82.34182739257812
17.21,92.91278839111328,17.21,101.3738250732422,17.21,92.50391387939452,17.21,70.63489532470703,17.21,82.31171417236328
17.22,92.9074478149414,17.22,101.3583526611328,17.22,92.49211120605467,17.22,70.63627624511719,17.22,82.28296661376953
17.229999999999997,92.89273071289062,17.230000000000004,101.33775329589844,17.23,92.48912048339844,17.23,70.63719940185547,17.23,82.25086212158203
17.240000000000002,92.87657165527344,17.240000000000002,101.31979370117188,17.24,92.48538208007812,17.24,70.6396255493164,17.24,82.21805572509766
17.25,92.86653137207033,17.25,101.30534362792967,17.25,92.48663330078124,17.25,70.64073944091797,17.25,82.18758392333984
17.259999999999998,92.86112213134766,17.259999999999998,101.29209899902344,17.26,92.4988250732422,17.259999999999998,70.64196014404297,17.26,82.15428924560547
17.270000000000003,92.86018371582033,17.270000000000003,101.27649688720705,17.27,92.51422119140624,17.27,70.64141845703125,17.27,82.11470031738281
17.28,92.85710906982422,17.28,101.27088928222656,17.28,92.53036499023438,17.28,70.64033508300781,17.28,82.08139038085938
17.29,92.84561920166016,17.29,101.26937866210938,17.29,92.54877471923828,17.29,70.63976287841797,17.29,82.05712127685547
17.299999999999997,92.82310485839844,17.300000000000004,101.27056121826172,17.3,92.56583404541016,17.3,70.63865661621094,17.3,82.03226470947266
17.310000000000002,92.80217742919922,17.310000000000002,101.2685546875,17.31,92.58645629882812,17.31,70.63565826416016,17.31,82.00313568115234
17.32,92.78467559814452,17.32,101.2628936767578,17.32,92.6085205078125,17.32,70.63417053222656,17.32,81.97280883789062
17.33,92.77320861816406,17.33,101.2530288696289,17.33,92.6283721923828,17.33,70.63141632080078,17.33,81.94469451904297
17.340000000000003,92.76605987548828,17.340000000000003,101.24541473388672,17.34,92.65055084228516,17.34,70.62865447998047,17.34,81.91679382324219
17.35,92.76205444335938,17.35,101.24227905273438,17.35,92.6759796142578,17.35,70.62348937988281,17.35,81.8846435546875
17.36,92.75894927978516,17.36,101.24160766601562,17.36,92.69879150390624,17.36,70.62047576904297,17.36,81.8476333618164
17.369999999999997,92.7522430419922,17.369999999999997,101.2349090576172,17.37,92.72055053710938,17.37,70.61631774902344,17.37,81.81245422363281
17.380000000000003,92.7466278076172,17.380000000000003,101.22879028320312,17.38,92.73455810546876,17.38,70.61297607421875,17.38,81.77583312988281
17.39,92.7470474243164,17.39,101.2179718017578,17.39,92.73843383789062,17.39,70.60946655273438,17.39,81.73292541503906
17.4,92.74708557128906,17.4,101.21009063720705,17.4,92.7310028076172,17.4,70.60567474365234,17.4,81.68897247314453
17.410000000000004,92.74382781982422,17.410000000000004,101.1988525390625,17.41,92.72863006591795,17.41,70.6051025390625,17.41,81.64591217041016
17.42,92.74304962158205,17.42,101.19136810302734,17.419999999999998,92.73687744140624,17.419999999999998,70.60335540771484,17.42,81.60706329345703
17.43,92.7403335571289,17.43,101.18543243408205,17.43,92.7496566772461,17.43,70.6008529663086,17.43,81.56929779052734
17.439999999999998,92.7290496826172,17.439999999999998,101.1600112915039,17.44,92.76439666748048,17.44,70.59610748291016,17.44,81.53408813476562
17.450000000000003,92.71546173095705,17.450000000000003,101.142333984375,17.45,92.78086853027344,17.45,70.59231567382812,17.45,81.49895477294922
17.46,92.7079620361328,17.46,101.1286392211914,17.46,92.7923583984375,17.46,70.59146118164062,17.46,81.46559143066406
17.47,92.70909881591795,17.47,101.11091613769533,17.47,92.79835510253906,17.47,70.59305572509766,17.47,81.43161010742188
17.479999999999997,92.71607208251952,17.480000000000004,101.0869598388672,17.48,92.8028793334961,17.48,70.59127807617188,17.48,81.3975601196289
17.490000000000002,92.73704528808594,17.490000000000002,101.0686492919922,17.49,92.80608367919922,17.49,70.58921813964844,17.49,81.36290740966797
17.5,92.75155639648438,17.5,101.04721069335938,17.5,92.8100357055664,17.5,70.58814239501953,17.5,81.3290023803711
17.509999999999998,92.7599639892578,17.509999999999998,101.01714324951172,17.51,92.8030014038086,17.509999999999998,70.5897445678711,17.51,81.29597473144531
17.520000000000003,92.76573944091795,17.520000000000003,100.99491119384766,17.52,92.7916488647461,17.52,70.59285736083984,17.52,81.26483154296875
17.53,92.76846313476562,17.53,100.96891784667967,17.53,92.7847137451172,17.53,70.59686279296875,17.53,81.23338317871094
17.54,92.77013397216795,17.54,100.94278717041016,17.54,92.778564453125,17.54,70.59957885742188,17.54,81.20189666748047
17.549999999999997,92.76879119873048,17.550000000000004,100.91909790039062,17.55,92.77165985107422,17.55,70.60250091552734,17.55,81.17019653320312
17.560000000000002,92.76365661621094,17.560000000000002,100.89691925048828,17.56,92.76058959960938,17.56,70.60624694824219,17.56,81.14042663574219
17.57,92.7514877319336,17.57,100.8779296875,17.57,92.74738311767578,17.57,70.61073303222656,17.57,81.1113052368164
17.58,92.7341537475586,17.58,100.86199188232422,17.58,92.73155212402344,17.58,70.61371612548828,17.58,81.08414459228516
17.590000000000003,92.72110748291016,17.590000000000003,100.8526382446289,17.59,92.71439361572266,17.59,70.6164779663086,17.59,81.06280517578125
17.6,92.70922088623048,17.6,100.8452606201172,17.6,92.6942138671875,17.6,70.61895751953125,17.6,81.04547882080078
17.61,92.70040130615234,17.61,100.83653259277344,17.61,92.6683578491211,17.61,70.62254333496094,17.61,81.03166198730469
17.619999999999997,92.69013214111328,17.620000000000005,100.8288803100586,17.62,92.64136505126952,17.62,70.62629699707031,17.62,81.01872253417969
17.630000000000003,92.67716217041016,17.630000000000003,100.82341003417967,17.63,92.61468505859376,17.63,70.62986755371094,17.63,81.00714111328125
17.64,92.66120147705078,17.64,100.81828308105467,17.64,92.59109497070312,17.64,70.63408660888672,17.64,80.99867248535156
17.65,92.64861297607422,17.65,100.8114776611328,17.65,92.57576751708984,17.65,70.6373062133789,17.65,80.99163055419922
17.660000000000004,92.64012145996094,17.660000000000004,100.8089828491211,17.66,92.56941223144533,17.66,70.64070129394531,17.66,80.98719787597656
17.67,92.63207244873048,17.67,100.81218719482422,17.67,92.56784057617188,17.669999999999998,70.64193725585938,17.67,80.98553466796875
17.68,92.62320709228516,17.68,100.8149185180664,17.68,92.56781768798828,17.68,70.64215850830078,17.68,80.98885345458984
17.689999999999998,92.61365509033205,17.689999999999998,100.8142547607422,17.69,92.57088470458984,17.69,70.64128875732422,17.69,80.98699188232422
17.700000000000003,92.60726165771484,17.700000000000003,100.8141632080078,17.7,92.57288360595705,17.7,70.63872528076172,17.7,80.98516082763672
17.71,92.60072326660156,17.71,100.8161163330078,17.71,92.5768585205078,17.71,70.635498046875,17.71,80.98430633544922
17.72,92.59439086914062,17.72,100.82050323486328,17.72,92.58811950683594,17.72,70.6324462890625,17.72,80.98509979248047
17.729999999999997,92.59358215332033,17.730000000000004,100.8267822265625,17.73,92.60662078857422,17.73,70.62976837158203,17.73,80.98590850830078
17.740000000000002,92.59368133544922,17.740000000000002,100.83625030517578,17.74,92.62667083740234,17.74,70.6266860961914,17.74,80.98493194580078
17.75,92.5919418334961,17.75,100.85298919677734,17.75,92.64924621582033,17.75,70.62384796142578,17.75,80.98486328125
17.759999999999998,92.58840942382812,17.759999999999998,100.86985778808594,17.76,92.67102813720705,17.76,70.62026977539062,17.76,80.98531341552734
17.770000000000003,92.58309936523438,17.770000000000003,100.8755874633789,17.77,92.6898422241211,17.77,70.61840057373047,17.77,80.98063659667969
17.78,92.5783920288086,17.78,100.8900375366211,17.78,92.70307159423828,17.78,70.61280822753906,17.78,80.97220611572266
17.79,92.57298278808594,17.79,100.89656066894533,17.79,92.70567321777344,17.79,70.61141204833984,17.79,80.96312713623047
17.799999999999997,92.57576751708984,17.800000000000004,100.90145874023438,17.8,92.70353698730467,17.8,70.61044311523438,17.8,80.953857421875
17.810000000000002,92.58263397216795,17.810000000000002,100.90801239013672,17.81,92.6991958618164,17.81,70.607666015625,17.81,80.9466781616211
17.82,92.58977508544922,17.82,100.90851593017578,17.82,92.68990325927734,17.82,70.6052474975586,17.82,80.94068908691406
17.83,92.5992202758789,17.83,100.90940856933594,17.83,92.67683410644533,17.83,70.60403442382812,17.830000000000002,80.93816375732422
17.840000000000003,92.60855102539062,17.840000000000003,100.91232299804688,17.84,92.66373443603516,17.84,70.60191345214844,17.84,80.94391632080078
17.85,92.61537170410156,17.85,100.9157943725586,17.85,92.6518325805664,17.85,70.5989990234375,17.85,80.94749450683594
17.86,92.62005615234376,17.86,100.91757202148438,17.86,92.65060424804688,17.86,70.59780883789062,17.86,80.95003509521484
17.869999999999997,92.62376403808594,17.870000000000005,100.91704559326172,17.87,92.65685272216795,17.87,70.59742736816406,17.87,80.95008850097656
17.880000000000003,92.6231460571289,17.880000000000003,100.9164581298828,17.88,92.65541076660156,17.88,70.59977722167969,17.88,80.95025634765625
17.89,92.6308822631836,17.89,100.91804504394533,17.89,92.6588134765625,17.89,70.60114288330078,17.89,80.94991302490234
17.9,92.63556671142578,17.9,100.91836547851562,17.9,92.6649398803711,17.9,70.60101318359375,17.9,80.94644927978516
17.910000000000004,92.63322448730467,17.910000000000004,100.91898345947266,17.91,92.66529083251952,17.91,70.60050964355469,17.91,80.94408416748047
17.92,92.63280487060548,17.92,100.91780853271484,17.92,92.6633529663086,17.919999999999998,70.60132598876953,17.92,80.9405288696289
17.93,92.6321029663086,17.93,100.9156265258789,17.93,92.66448211669922,17.93,70.60314178466797,17.93,80.93984985351562
17.939999999999998,92.63280487060548,17.939999999999998,100.90877532958984,17.94,92.66908264160156,17.94,70.60111999511719,17.94,80.93379974365234
17.950000000000003,92.63531494140624,17.950000000000003,100.90422821044922,17.95,92.67283630371094,17.95,70.6186752319336,17.95,80.9288101196289
17.96,92.63653564453124,17.96,100.90166473388672,17.96,92.67513275146484,17.96,70.61968231201172,17.96,80.92442321777344
17.97,92.63700103759766,17.97,100.89950561523438,17.97,92.6792449951172,17.97,70.6213150024414,17.97,80.92095184326172
17.979999999999997,92.63652801513672,17.980000000000004,100.9016571044922,17.98,92.68801879882812,17.98,70.62264251708984,17.98,80.91899871826172
17.990000000000002,92.63189697265624,17.990000000000002,100.90162658691406,17.99,92.69115447998048,17.99,70.62255859375,17.99,80.91564178466797
18.0,92.62816619873048,18.0,100.90089416503906,18.0,92.69264221191406,18.0,70.62248229980469,18.0,80.91007995605469
18.009999999999998,92.6253662109375,18.009999999999998,100.8998031616211,18.01,92.69612884521484,18.01,70.62129211425781,18.01,80.90680694580078
18.020000000000003,92.62010955810548,18.020000000000003,100.90203094482422,18.02,92.70006561279295,18.02,70.6205062866211,18.02,80.90663146972656
18.03,92.61103057861328,18.03,100.90289306640624,18.03,92.70523834228516,18.03,70.62030792236328,18.03,80.90155792236328
18.04,92.60376739501952,18.04,100.90111541748048,18.04,92.70904541015624,18.04,70.62042236328125,18.04,80.89598083496094
18.05,92.5990219116211,18.050000000000004,100.8991928100586,18.05,92.71694946289062,18.05,70.61988067626953,18.05,80.89064025878906
18.06,92.59386444091795,18.06,100.90015411376952,18.06,92.7280502319336,18.06,70.61827087402344,18.06,80.88460540771484
18.07,92.59095001220705,18.07,100.9002685546875,18.07,92.73817443847656,18.07,70.6177749633789,18.07,80.87566375732422
18.08,92.58502197265624,18.08,100.89804077148438,18.08,92.74271392822266,18.08,70.6164779663086,18.08,80.86705780029297
18.090000000000003,92.58060455322266,18.090000000000003,100.8937759399414,18.09,92.74522399902344,18.09,70.61524200439453,18.09,80.86021423339844
18.1,92.57427215576172,18.1,100.88970947265624,18.1,92.74993133544922,18.1,70.61414337158203,18.1,80.85383605957031
18.11,92.5659637451172,18.11,100.8851547241211,18.11,92.7564697265625,18.11,70.6123275756836,18.11,80.84859466552734
18.12,92.55645751953124,18.120000000000005,100.87926483154295,18.12,92.76666259765624,18.12,70.61066436767578,18.12,80.84180450439453
18.130000000000003,92.54158020019533,18.130000000000003,100.87271881103516,18.13,92.77424621582033,18.13,70.60867309570312,18.13,80.83252716064453
18.14,92.52326965332033,18.14,100.8619613647461,18.14,92.78005981445312,18.14,70.60737609863281,18.14,80.82123565673828
18.15,92.51001739501952,18.15,100.85295867919922,18.15,92.78352355957033,18.15,70.60652160644531,18.15,80.80845642089844
18.160000000000004,92.4996109008789,18.160000000000004,100.84671783447266,18.16,92.78723907470705,18.16,70.60729217529297,18.16,80.79729461669922
18.17,92.48918151855467,18.17,100.83992767333984,18.17,92.79415893554688,18.17,70.6080093383789,18.17,80.78904724121094
18.18,92.47882843017578,18.18,100.83045959472656,18.18,92.80682373046876,18.18,70.60689544677734,18.18,80.78076934814453
18.19,92.46784973144533,18.19,100.82147216796876,18.19,92.82229614257812,18.19,70.60575866699219,18.19,80.77413940429688
18.200000000000003,92.45726013183594,18.200000000000003,100.81340026855467,18.2,92.8372573852539,18.2,70.60404205322266,18.2,80.76808166503906
18.21,92.44316864013672,18.21,100.80533599853516,18.21,92.84715270996094,18.21,70.60325622558594,18.21,80.76084899902344
18.22,92.41920471191406,18.22,100.79889678955078,18.22,92.8534164428711,18.22,70.60055541992188,18.22,80.75057220458984
18.23,92.39544677734376,18.230000000000004,100.7922821044922,18.23,92.85794067382812,18.23,70.59845733642578,18.23,80.74070739746094
18.24,92.3862533569336,18.24,100.78739166259766,18.24,92.8641357421875,18.24,70.59603881835938,18.24,80.7279052734375
18.25,92.38318634033205,18.25,100.77867126464844,18.25,92.86984252929688,18.25,70.59464263916016,18.25,80.71502685546875
18.26,92.3833999633789,18.26,100.76883697509766,18.26,92.87599182128906,18.26,70.59559631347656,18.26,80.70269775390625
18.270000000000003,92.3835906982422,18.270000000000003,100.75745391845705,18.27,92.88068389892578,18.27,70.59306335449219,18.27,80.68859100341797
18.28,92.38055419921876,18.28,100.74800872802734,18.28,92.88768768310548,18.28,70.59036254882812,18.28,80.6727523803711
18.29,92.3737335205078,18.29,100.7384796142578,18.29,92.89411926269533,18.29,70.58834838867188,18.29,80.65687561035156
18.3,92.36417388916016,18.300000000000004,100.72860717773438,18.3,92.90191650390624,18.3,70.58914184570312,18.3,80.6420669555664
18.31,92.352783203125,18.31,100.7193603515625,18.31,92.91182708740234,18.31,70.58966064453125,18.31,80.6297607421875
18.32,92.34355926513672,18.32,100.70909881591795,18.32,92.92225646972656,18.32,70.5894546508789,18.32,80.61771392822266
18.33,92.333984375,18.33,100.70023345947266,18.33,92.92961883544922,18.33,70.58833312988281,18.33,80.60934448242188
18.340000000000003,92.32024383544922,18.340000000000003,100.69181060791016,18.34,92.93604278564452,18.34,70.58922576904297,18.34,80.6014175415039
18.35,92.30158233642578,18.35,100.68209838867188,18.35,92.93778228759766,18.35,70.59105682373047,18.35,80.59573364257812
18.36,92.28459930419922,18.36,100.6704559326172,18.36,92.93726348876952,18.36,70.59263610839844,18.36,80.59026336669922
18.37,92.27552795410156,18.370000000000005,100.65843963623048,18.37,92.93450927734376,18.37,70.5926513671875,18.37,80.58356475830078
18.380000000000003,92.27056884765624,18.380000000000003,100.64500427246094,18.38,92.93032836914062,18.38,70.5950927734375,18.38,80.57868957519531
18.39,92.2663803100586,18.39,100.63371276855467,18.39,92.9249496459961,18.39,70.59746551513672,18.39,80.57381439208984
18.4,92.26022338867188,18.4,100.6241455078125,18.4,92.92093658447266,18.4,70.60050201416016,18.4,80.5687255859375
18.410000000000004,92.25045776367188,18.410000000000004,100.61454010009766,18.41,92.9190902709961,18.41,70.60137176513672,18.41,80.56409454345703
18.42,92.23958587646484,18.42,100.60527801513672,18.42,92.91747283935548,18.42,70.60160827636719,18.42,80.56150817871094
18.43,92.2236557006836,18.43,100.59917449951172,18.43,92.916259765625,18.43,70.60379791259766,18.43,80.55928039550781
18.44,92.20184326171876,18.44,100.59262084960938,18.44,92.91474151611328,18.44,70.60469055175781,18.44,80.55973815917969
18.450000000000003,92.1796417236328,18.450000000000003,100.58431243896484,18.45,92.91107940673828,18.45,70.60396575927734,18.45,80.5614242553711
18.46,92.16092681884766,18.46,100.57115173339844,18.46,92.90729522705078,18.46,70.60314178466797,18.46,80.56251525878906
18.47,92.14693450927734,18.47,100.5598373413086,18.47,92.90424346923828,18.47,70.60308074951172,18.47,80.56806945800781
18.48,92.1369857788086,18.480000000000004,100.54939270019533,18.48,92.89949798583984,18.48,70.60491943359375,18.48,80.57548522949219
18.49,92.12787628173828,18.49,100.5401382446289,18.49,92.8962631225586,18.49,70.60527801513672,18.49,80.58072662353516
18.5,92.12052154541016,18.5,100.53276824951172,18.5,92.89248657226562,18.5,70.60362243652344,18.5,80.58869171142578
18.51,92.1130828857422,18.51,100.52506256103516,18.51,92.89108276367188,18.51,70.60369110107422,18.51,80.59833526611328
18.520000000000003,92.10054779052734,18.520000000000003,100.5180206298828,18.52,92.88894653320312,18.52,70.60327911376953,18.52,80.60609436035156
18.53,92.09088897705078,18.53,100.51116180419922,18.53,92.88533020019533,18.53,70.59783172607422,18.53,80.61270141601562
18.54,92.08189392089844,18.54,100.5054168701172,18.54,92.88198852539062,18.54,70.59613037109375,18.54,80.61775207519531
18.55,92.07106018066406,18.550000000000004,100.4990234375,18.55,92.87792205810548,18.55,70.59487915039062,18.55,80.62255859375
18.56,92.05958557128906,18.56,100.49072265625,18.56,92.8731918334961,18.56,70.59431457519531,18.56,80.62702941894531
18.57,92.0492172241211,18.57,100.48458862304688,18.57,92.86848449707033,18.57,70.59276580810547,18.57,80.63356018066406
18.58,92.04136657714844,18.58,100.47816467285156,18.58,92.86182403564452,18.58,70.59294891357422,18.58,80.64433288574219
18.590000000000003,92.03534698486328,18.590000000000003,100.47325897216795,18.59,92.8542709350586,18.59,70.59428405761719,18.59,80.65312957763672
18.6,92.03086853027344,18.6,100.46734619140624,18.6,92.84727478027344,18.6,70.59457397460938,18.6,80.65819549560547
18.61,92.02112579345705,18.61,100.4621810913086,18.61,92.84141540527344,18.61,70.5909194946289,18.61,80.66059112548828
18.620000000000005,92.0132827758789,18.620000000000005,100.45568084716795,18.62,92.83509063720705,18.62,70.58866882324219,18.62,80.66094207763672
18.630000000000003,92.00333404541016,18.630000000000003,100.4512710571289,18.63,92.8298797607422,18.63,70.58877563476562,18.63,80.65846252441406
18.64,91.99462890625,18.64,100.44503021240234,18.64,92.82378387451172,18.64,70.5865249633789,18.64,80.65205383300781
18.65,91.98955535888672,18.65,100.4372329711914,18.65,92.81461334228516,18.65,70.58674621582031,18.65,80.64912414550781
18.660000000000004,91.98049926757812,18.66,100.43090057373048,18.66,92.80657958984376,18.66,70.5832290649414,18.66,80.64986419677734
18.67,91.96986389160156,18.67,100.4214096069336,18.67,92.8001937866211,18.67,70.5810775756836,18.67,80.6484603881836
18.68,91.95668029785156,18.68,100.4139404296875,18.68,92.79330444335938,18.68,70.57967376708984,18.68,80.64704132080078
18.690000000000005,91.94512939453124,18.69,100.40339660644533,18.69,92.784423828125,18.69,70.57763671875,18.69,80.63751983642578
18.700000000000003,91.93263244628906,18.7,100.39178466796876,18.7,92.7739486694336,18.7,70.57392883300781,18.7,80.63072204589844
18.71,91.91763305664062,18.71,100.38175201416016,18.71,92.76211547851562,18.71,70.57347106933594,18.71,80.62225341796875
18.72,91.90172576904295,18.72,100.37120056152344,18.72,92.7517318725586,18.72,70.57139587402344,18.72,80.60852813720703
18.730000000000004,91.88478088378906,18.73,100.3615493774414,18.73,92.74279022216795,18.73,70.56993103027344,18.73,80.59313201904297
18.74,91.86907196044922,18.74,100.3489227294922,18.74,92.73555755615234,18.74,70.5695571899414,18.74,80.57173919677734
18.75,91.85514068603516,18.75,100.33171081542967,18.75,92.7266845703125,18.75,70.56939697265625,18.75,80.54336547851562
18.760000000000005,91.8430404663086,18.76,100.31014251708984,18.76,92.71588897705078,18.76,70.57032775878906,18.76,80.5089340209961
18.770000000000003,91.8317642211914,18.77,100.28491973876952,18.77,92.70630645751952,18.77,70.5693359375,18.77,80.468994140625
18.78,91.81987762451172,18.78,100.2641830444336,18.78,92.69684600830078,18.78,70.57088470458984,18.78,80.42137908935547
18.79,91.80598449707033,18.79,100.24039459228516,18.790000000000003,92.69103240966795,18.79,70.57218933105469,18.79,80.36601257324219
18.800000000000004,91.78245544433594,18.8,100.21227264404295,18.8,92.68431854248048,18.8,70.57402038574219,18.8,80.30590057373047
18.81,91.74351501464844,18.81,100.17914581298828,18.81,92.67627716064452,18.81,70.57715606689453,18.81,80.23167419433594
18.82,91.71694946289062,18.82,100.14344024658205,18.82,92.6655502319336,18.82,70.58052062988281,18.82,80.14970397949219
18.830000000000005,91.6827621459961,18.83,100.1040496826172,18.83,92.65187072753906,18.83,70.58401489257812,18.83,80.06368255615234
18.840000000000003,91.62425994873048,18.84,100.06060028076172,18.84,92.63306427001952,18.84,70.58692169189453,18.84,79.96540069580078
18.85,91.5658950805664,18.85,100.0122528076172,18.85,92.6060028076172,18.85,70.58955383300781,18.85,79.86869812011719
18.86,91.50555419921876,18.86,99.96041870117188,18.860000000000003,92.56916809082033,18.86,70.59172058105469,18.86,79.76631927490234
18.870000000000005,91.44691467285156,18.87,99.90882873535156,18.87,92.5267562866211,18.87,70.59461212158203,18.87,79.64979553222656
18.880000000000003,91.37147521972656,18.880000000000003,99.8504867553711,18.88,92.4825668334961,18.880000000000003,70.59959411621094,18.880000000000003,79.520751953125
18.89,91.2841796875,18.89,99.78874969482422,18.89,92.42822265625,18.89,70.60417175292969,18.89,79.38771057128906
18.9,91.18868255615234,18.9,99.72444915771484,18.9,92.37187957763672,18.9,70.60997772216797,18.9,79.24356079101562
18.910000000000004,91.0693130493164,18.91,99.6583480834961,18.91,92.31253051757812,18.91,70.6167984008789,18.91,79.08170318603516
18.92,90.9622039794922,18.92,99.58126831054688,18.92,92.25720977783205,18.92,70.6246337890625,18.92,78.91705322265625
18.93,90.84027862548828,18.93,99.50395965576172,18.930000000000003,92.19993591308594,18.93,70.63368225097656,18.93,78.7383804321289
18.940000000000005,90.71260833740234,18.94,99.4234619140625,18.94,92.1275634765625,18.94,70.64158630371094,18.94,78.5439224243164
18.950000000000003,90.57161712646484,18.95,99.34052276611328,18.95,92.05254364013672,18.950000000000003,70.6519775390625,18.950000000000003,78.35453033447266
18.96,90.43536376953124,18.96,99.25911712646484,18.96,91.95941925048828,18.96,70.66410064697266,18.96,78.1589126586914
18.97,90.30660247802734,18.97,99.17511749267578,18.97,91.86741638183594,18.97,70.67728424072266,18.97,77.94478607177734
18.980000000000004,90.17835235595705,18.98,99.09521484375,18.98,91.7666473388672,18.98,70.69245147705078,18.98,77.71266174316406
18.99,90.00587463378906,18.99,99.00484466552734,18.99,91.6784896850586,18.99,70.70758819580078,18.99,77.46221160888672
19.0,89.84111022949219,19.0,98.92178344726562,19.0,91.58458709716795,19.0,70.72455596923828,19.0,77.19539642333984
19.010000000000005,89.66947937011719,19.01,98.8425064086914,19.01,91.48844146728516,19.01,70.74136352539062,19.01,76.9148941040039
19.020000000000003,89.47225952148438,19.02,98.76065063476562,19.02,91.3704605102539,19.020000000000003,70.7534408569336,19.020000000000003,76.61489868164062
19.03,89.28495788574219,19.03,98.6834945678711,19.03,91.2531280517578,19.03,70.7704849243164,19.03,76.29153442382812
19.04,89.06244659423828,19.04,98.6097640991211,19.040000000000003,91.14924621582033,19.04,70.78351593017578,19.04,75.95388793945312
19.050000000000004,88.82634735107422,19.05,98.54142761230467,19.05,91.0357894897461,19.05,70.79383087158203,19.05,75.59488677978516
19.06,88.57514953613281,19.06,98.48604583740234,19.06,90.88420104980467,19.06,70.80029296875,19.06,75.20157623291016
19.07,88.31116485595703,19.07,98.4307098388672,19.07,90.71343994140624,19.07,70.80426025390625,19.07,74.78067779541016
19.080000000000005,88.00639343261719,19.08,98.37893676757812,19.08,90.5314712524414,19.08,70.80844116210938,19.08,74.32439422607422
19.090000000000003,87.71825408935547,19.09,98.32345581054688,19.09,90.34757995605467,19.09,70.81254577636719,19.090000000000003,73.80805206298828
19.1,87.4224624633789,19.1,98.28881072998048,19.1,90.17681884765624,19.1,70.8135986328125,19.1,73.2589340209961
19.11,87.10769653320312,19.11,98.25582122802734,19.110000000000003,89.98126983642578,19.11,70.81534576416016,19.11,72.66625213623047
19.120000000000005,86.73060607910156,19.12,98.24143981933594,19.12,89.7477798461914,19.12,70.8141098022461,19.12,72.02997589111328
19.130000000000003,86.3465576171875,19.130000000000003,98.24820709228516,19.13,89.36491394042969,19.130000000000003,70.80667877197266,19.130000000000003,71.3364486694336
19.14,85.91902160644531,19.14,98.26253509521484,19.14,88.90937042236328,19.14,70.7959213256836,19.14,70.58816528320312
19.15,85.47843933105469,19.15,98.29363250732422,19.15,88.4977035522461,19.15,70.7855224609375,19.15,69.81741333007812
19.160000000000004,85.03064727783203,19.16,98.32434844970705,19.16,88.00941467285156,19.16,70.76942443847656,19.16,68.99715423583984
19.17,84.54389953613281,19.17,98.3617706298828,19.17,87.40541076660156,19.17,70.75467681884766,19.17,68.14307403564453
19.18,83.99197387695312,19.18,98.39781188964844,19.180000000000003,86.7391357421875,19.18,70.7378158569336,19.18,67.29551696777344
19.190000000000005,83.37413024902344,19.19,98.42153930664062,19.19,86.053955078125,19.19,70.72309875488281,19.19,66.42736053466797
19.200000000000003,82.69389343261719,19.2,98.45391082763672,19.2,85.36103820800781,19.200000000000003,70.71517181396484,19.200000000000003,65.57109832763672
19.21,81.97867584228516,19.21,98.48334503173828,19.21,84.6650390625,19.21,70.71448516845703,19.21,64.74517822265625
19.22,81.23258209228516,19.22,98.48390197753906,19.22,84.00492858886719,19.22,70.71754455566406,19.22,63.878047943115234
19.230000000000004,80.50128936767578,19.23,98.4756851196289,19.23,83.40946960449219,19.23,70.72603607177734,19.23,63.00398254394531
19.24,79.83324432373047,19.24,98.43245697021484,19.24,82.88272857666016,19.24,70.74238586425781,19.24,62.16893005371094
19.25,79.26312255859375,19.25,98.41305541992188,19.25,82.40533447265625,19.25,70.76931762695312,19.25,61.344268798828125
19.260000000000005,78.80194091796875,19.26,98.37599182128906,19.26,81.91522216796875,19.26,70.81108093261719,19.26,60.552642822265625
19.270000000000003,78.43766784667969,19.27,98.33751678466795,19.27,81.37108612060547,19.270000000000003,70.86492156982422,19.270000000000003,59.82758331298828
19.28,78.15467071533203,19.28,98.2580337524414,19.28,80.76496887207031,19.28,70.92832946777344,19.28,59.14290618896485
19.29,77.85894775390625,19.29,98.15309143066406,19.290000000000003,80.07243347167969,19.29,70.99739837646484,19.29,58.45333099365234
19.300000000000004,77.50961303710938,19.3,98.03529357910156,19.3,79.3193588256836,19.3,71.06201171875,19.3,57.74859237670898
19.31,77.1268081665039,19.31,97.91175842285156,19.31,78.514892578125,19.31,71.1183853149414,19.31,57.06611251831055
19.32,76.75713348388672,19.32,97.8047332763672,19.32,77.69261932373047,19.32,71.16203308105469,19.32,56.3324089050293
19.330000000000005,76.43437194824219,19.33,97.67953491210938,19.33,76.91619110107422,19.33,71.1960220336914,19.33,55.62565612792969
19.340000000000003,76.11038208007812,19.34,97.55223846435548,19.34,76.16319274902344,19.34,71.22241973876953,19.340000000000003,54.96709060668945
19.35,75.81529998779297,19.35,97.4383773803711,19.35,75.39420318603516,19.35,71.25016021728516,19.35,54.32679748535156
19.36,75.48798370361328,19.36,97.33700561523438,19.360000000000003,74.64286804199219,19.36,71.27330780029297,19.36,53.66348648071289
19.370000000000005,75.08329010009766,19.37,97.24793243408205,19.37,73.95626068115234,19.37,71.29541778564453,19.37,52.93645095825195
19.380000000000003,74.63951873779297,19.380000000000003,97.15906524658205,19.38,73.33124542236328,19.380000000000003,71.31549072265625,19.380000000000003,52.21954345703125
19.39,74.17919921875,19.39,97.06743621826172,19.39,72.70716857910156,19.39,71.32686614990234,19.39,51.60551452636719
19.4,73.71866607666016,19.4,96.99163055419922,19.4,72.03207397460938,19.4,71.34010314941406,19.4,51.06196975708008
19.410000000000004,73.25791931152344,19.41,96.94361114501952,19.41,71.35639190673828,19.41,71.35444641113281,19.41,50.55421447753906
19.42,72.76366424560547,19.42,96.93711853027344,19.42,70.7035903930664,19.42,71.37354278564453,19.42,50.00642013549805
19.43,72.2293930053711,19.43,96.9726333618164,19.430000000000003,70.03211212158203,19.43,71.39667510986328,19.43,49.35714340209961
19.440000000000005,71.66732025146484,19.44,97.03462982177734,19.44,69.36372375488281,19.44,71.4216079711914,19.44,48.66719055175781
19.450000000000003,71.06391906738281,19.45,97.1106948852539,19.45,68.69930267333984,19.450000000000003,71.45515441894531,19.450000000000003,48.04916000366211
19.46,70.41966247558594,19.46,97.1969985961914,19.46,67.97844696044922,19.46,71.49868774414062,19.46,47.60676956176758
19.47,69.73316192626953,19.47,97.30754852294922,19.47,67.23551940917969,19.47,71.53580474853516,19.47,47.24563217163086
19.480000000000004,69.00630187988281,19.48,97.42526245117188,19.48,66.47109985351562,19.48,71.55660247802734,19.48,46.905086517333984
19.49,68.23497009277344,19.49,97.5446319580078,19.49,65.65118408203125,19.49,71.57426452636719,19.49,46.49884033203125
19.5,67.41458892822266,19.5,97.63180541992188,19.5,64.82191467285156,19.5,71.5968246459961,19.5,46.03459930419922
19.510000000000005,66.60198974609375,19.51,97.7013931274414,19.51,63.99197006225586,19.51,71.62569427490234,19.51,45.54684829711914
19.520000000000003,65.81623077392578,19.52,97.74781799316406,19.52,63.18408203125,19.520000000000003,71.66588592529297,19.520000000000003,45.168087005615234
19.53,65.09233093261719,19.53,97.76708984375,19.53,62.4187126159668,19.53,71.7164306640625,19.53,44.94126892089844
19.54,64.42047882080078,19.54,97.81981658935548,19.540000000000003,61.70384979248047,19.54,71.76846313476562,19.54,44.73569107055664
19.550000000000004,63.776485443115234,19.55,97.9202880859375,19.55,60.99713134765625,19.55,71.82173919677734,19.55,44.45188522338867
19.56,63.16430282592773,19.56,98.0537567138672,19.56,60.26894378662109,19.56,71.8617172241211,19.56,43.98552703857422
19.57,62.57484817504883,19.57,98.19132232666016,19.57,59.562278747558594,19.57,71.89222717285156,19.57,43.512184143066406
19.580000000000005,61.93824768066406,19.58,98.31077575683594,19.58,58.82760238647461,19.58,71.9244613647461,19.58,43.17403793334961
19.590000000000003,61.22853088378906,19.59,98.4417724609375,19.59,58.03056716918945,19.59,71.94427490234375,19.590000000000003,42.90290832519531
19.6,60.47576141357422,19.6,98.56031036376952,19.6,57.22121810913086,19.6,71.95346069335938,19.6,42.6076774597168
19.61,59.7020378112793,19.61,98.68578338623048,19.610000000000003,56.31794357299805,19.61,71.9719467163086,19.61,42.35786056518555
19.620000000000005,58.8939094543457,19.62,98.83616638183594,19.62,55.49437713623047,19.62,72.01779174804688,19.62,42.13054656982422
19.630000000000003,58.09977722167969,19.630000000000003,99.00010681152344,19.63,54.84648513793945,19.630000000000003,72.08340454101562,19.630000000000003,41.957740783691406
19.64,57.32878112792969,19.64,99.15613555908205,19.64,54.20198059082031,19.64,72.15316009521484,19.64,41.81098175048828
19.65,56.56892776489258,19.65,99.36408996582033,19.65,53.52674102783203,19.65,72.22054290771484,19.65,41.67245864868164
19.660000000000004,55.806549072265625,19.66,99.5759735107422,19.66,52.82288360595703,19.66,72.26243591308594,19.66,41.55017852783203
19.67,55.04875564575195,19.67,99.74576568603516,19.67,52.13592147827149,19.67,72.27255249023438,19.67,41.46396255493164
19.68,54.34287643432617,19.68,99.92206573486328,19.680000000000003,51.42555618286133,19.68,72.27091979980469,19.68,41.39196014404297
19.690000000000005,53.64998626708984,19.69,100.10318756103516,19.69,50.664581298828125,19.69,72.2750473022461,19.69,41.3720932006836
19.700000000000003,52.91546249389648,19.7,100.283203125,19.7,49.87337493896485,19.700000000000003,72.28544616699219,19.700000000000003,41.36213684082031
19.71,52.21397399902344,19.71,100.45555114746094,19.71,49.040260314941406,19.71,72.30242156982422,19.71,41.37374877929688
19.72,51.53805541992188,19.72,100.6295166015625,19.72,48.205265045166016,19.72,72.3133544921875,19.72,41.43062210083008
19.730000000000004,50.85863494873047,19.73,100.79439544677734,19.73,47.45539855957031,19.73,72.32189178466797,19.73,41.50593566894531
19.74,50.13899230957031,19.74,100.93539428710938,19.74,46.68243789672852,19.74,72.34137725830078,19.74,41.53575897216797
19.75,49.39875793457031,19.75,101.0883331298828,19.75,45.89728927612305,19.75,72.36161804199219,19.75,41.58797073364258
19.760000000000005,48.64103698730469,19.76,101.23847198486328,19.76,45.11032485961914,19.76,72.38048553466797,19.76,41.68201446533203
19.770000000000003,47.86510848999024,19.77,101.38279724121094,19.77,44.28815460205078,19.770000000000003,72.39192199707031,19.770000000000003,41.80839920043945
19.78,47.06720733642578,19.78,101.51873016357422,19.78,43.48120880126953,19.78,72.40250396728516,19.78,41.9377555847168
19.79,46.2563591003418,19.79,101.6310577392578,19.790000000000003,42.66959762573242,19.79,72.42610931396484,19.79,42.0713996887207
19.800000000000004,45.44429016113281,19.8,101.735595703125,19.8,41.83867645263672,19.8,72.45646667480469,19.8,42.20483016967773
19.81,44.63765335083008,19.81,101.8391342163086,19.81,41.00786590576172,19.81,72.48407745361328,19.81,42.37224960327149
19.82,43.81234359741211,19.82,101.9331512451172,19.82,40.18408203125,19.82,72.50851440429688,19.82,42.60502624511719
19.830000000000005,42.96933364868164,19.83,102.03317260742188,19.83,39.353328704833984,19.83,72.5309829711914,19.83,42.85503768920898
19.840000000000003,42.122859954833984,19.84,102.1338348388672,19.84,38.5223388671875,19.84,72.5514907836914,19.840000000000003,43.09159469604492
19.85,41.2520751953125,19.85,102.24848175048828,19.85,37.70742416381836,19.85,72.57272338867188,19.85,43.337890625
19.86,40.34792709350586,19.86,102.3346939086914,19.860000000000003,36.8980712890625,19.86,72.59870147705078,19.86,43.619136810302734
19.870000000000005,39.43981552124024,19.87,102.38835906982422,19.87,36.08081817626953,19.87,72.62684631347656,19.87,43.94034957885742
19.880000000000003,38.54045867919922,19.880000000000003,102.43750762939452,19.88,35.267539978027344,19.880000000000003,72.65747833251953,19.880000000000003,44.275917053222656
19.89,37.66159439086914,19.89,102.4950714111328,19.89,34.474830627441406,19.89,72.68788146972656,19.89,44.61152648925781
19.9,36.77426910400391,19.9,102.5531997680664,19.9,33.69166946411133,19.9,72.7186508178711,19.9,44.94659423828125
19.910000000000004,35.86769485473633,19.91,102.59716033935548,19.91,32.89685821533203,19.91,72.7491455078125,19.91,45.31250381469727
19.92,34.9976692199707,19.92,102.63906860351562,19.92,32.11629867553711,19.92,72.77249145507812,19.92,45.722354888916016
19.93,34.18655776977539,19.93,102.6520538330078,19.930000000000003,31.34677505493164,19.93,72.79737854003906,19.93,46.15596771240234
19.940000000000005,33.4036979675293,19.94,102.67857360839844,19.94,30.58171272277832,19.94,72.83252716064453,19.94,46.61947250366211
19.950000000000003,32.64155578613281,19.95,102.7019271850586,19.95,29.82767105102539,19.950000000000003,72.8766098022461,19.950000000000003,47.11207580566406
19.96,31.9014892578125,19.96,102.72886657714844,19.96,29.097532272338867,19.96,72.9095687866211,19.96,47.6313591003418
19.97,31.16308784484864,19.97,102.7358856201172,19.97,28.381113052368164,19.97,72.93241119384766,19.97,48.17588806152344
19.980000000000004,30.427370071411133,19.98,102.73516082763672,19.98,27.678741455078125,19.98,72.95008087158203,19.98,48.75055313110352
19.99,29.68003845214844,19.99,102.70603942871094,19.99,26.98137092590332,19.99,72.96317291259766,19.99,49.368534088134766
20.0,28.93623733520508,20.0,102.66561126708984,20.0,26.29252243041992,20.0,72.9706802368164,20.0,49.973541259765625
20.010000000000005,28.197715759277344,20.01,102.62274932861328,20.01,25.62122917175293,20.01,72.97224426269531,20.01,50.54896926879883
20.020000000000003,27.47313117980957,20.02,102.5487060546875,20.02,24.973148345947266,20.020000000000003,72.96644592285156,20.020000000000003,51.12693405151367
20.03,26.76772117614746,20.03,102.48106384277344,20.03,24.33131599426269,20.03,72.9558334350586,20.03,51.75436019897461
20.04,26.065837860107425,20.04,102.40486145019533,20.040000000000003,23.68692207336425,20.04,72.9485092163086,20.04,52.53229904174805
20.050000000000004,25.376171112060547,20.05,102.31905364990234,20.05,23.05166244506836,20.05,72.95995330810547,20.05,53.32915878295898
20.06,24.7042293548584,20.06,102.2135772705078,20.06,22.42139434814453,20.06,72.97014617919922,20.06,54.03240203857422
20.07,24.05558204650879,20.07,102.10621643066406,20.07,21.820356369018555,20.07,72.97579193115234,20.07,54.6851921081543
20.080000000000005,23.417320251464844,20.08,101.9609375,20.08,21.25984001159668,20.08,72.98355102539062,20.08,55.3074951171875
20.090000000000003,22.76509666442871,20.09,101.8149642944336,20.09,20.759557723999023,20.09,73.00003814697266,20.090000000000003,55.91930770874024
20.1,22.112627029418945,20.1,101.6680145263672,20.1,20.33017539978028,20.1,73.02839660644531,20.1,56.61358642578125
20.11,21.47707748413086,20.11,101.49402618408205,20.110000000000003,19.958683013916016,20.11,73.0718002319336,20.11,57.37012481689453
20.120000000000005,20.886215209960938,20.12,101.32228088378906,20.12,19.63387107849121,20.12,73.12870025634766,20.12,58.09202575683594
20.130000000000003,20.361572265625,20.130000000000003,101.1507339477539,20.13,19.39002227783203,20.130000000000003,73.1916275024414,20.130000000000003,58.78582382202149
20.14,19.910694122314453,20.14,100.97395324707033,20.14,19.197629928588867,20.14,73.2492904663086,20.14,59.43865966796875
20.15,19.52497291564941,20.15,100.7881317138672,20.15,19.059589385986328,20.15,73.29318237304688,20.15,60.01113128662109
20.160000000000004,19.18799591064453,20.16,100.60565185546876,20.16,18.964380264282227,20.16,73.3268814086914,20.16,60.51969528198242
20.17,18.91025352478028,20.17,100.4313735961914,20.17,18.86982154846192,20.17,73.37552642822266,20.17,61.04763412475586
20.18,18.68955421447754,20.18,100.27359771728516,20.180000000000003,18.74735450744629,20.18,73.45402526855469,20.18,61.64452362060547
20.190000000000005,18.51087188720703,20.19,100.11363220214844,20.19,18.61152076721192,20.19,73.54895782470703,20.19,62.27648162841797
20.200000000000003,18.37129020690918,20.2,99.95088958740234,20.2,18.480674743652344,20.200000000000003,73.63542175292969,20.200000000000003,62.89934539794922
20.21,18.245912551879883,20.21,99.8139419555664,20.21,18.324037551879883,20.21,73.70852661132812,20.21,63.515380859375
20.22,18.11534309387207,20.22,99.6995849609375,20.22,18.13973426818848,20.22,73.77464294433594,20.22,64.1107177734375
20.230000000000004,17.998037338256836,20.23,99.60710906982422,20.23,17.94563102722168,20.23,73.819580078125,20.23,64.71063995361328
20.24,17.895832061767578,20.24,99.52448272705078,20.24,17.729705810546875,20.24,73.83031463623047,20.24,65.34335327148438
20.25,17.78359603881836,20.25,99.45153045654295,20.25,17.475627899169922,20.25,73.79204559326172,20.25,66.00009155273438
20.260000000000005,17.666255950927734,20.26,99.37638854980467,20.26,17.211688995361328,20.26,73.7054214477539,20.26,66.68463897705078
20.270000000000003,17.541006088256836,20.27,99.30189514160156,20.27,16.968149185180664,20.270000000000003,73.59941101074219,20.270000000000003,67.36869812011719
20.28,17.41094970703125,20.28,99.24559783935548,20.28,16.755924224853516,20.28,73.4964599609375,20.28,67.98162078857422
20.29,17.248489379882812,20.29,99.19780731201172,20.290000000000003,16.573688507080078,20.29,73.39753723144531,20.29,68.62639617919922
20.300000000000004,17.070180892944336,20.3,99.15636444091795,20.3,16.389436721801758,20.3,73.31062316894531,20.3,69.3314437866211
20.31,16.883180618286133,20.31,99.1385269165039,20.31,16.208646774291992,20.31,73.2391128540039,20.31,70.00139617919922
20.32,16.690126419067383,20.32,99.1414031982422,20.32,16.049985885620117,20.32,73.18553924560547,20.32,70.57742309570312
20.330000000000005,16.533632278442383,20.33,99.15283203125,20.33,15.920557022094728,20.33,73.13790130615234,20.33,71.09711456298828
20.340000000000003,16.39539909362793,20.34,99.17621612548828,20.34,15.83133602142334,20.34,73.0945053100586,20.340000000000003,71.64702606201172
20.35,16.260663986206055,20.35,99.19851684570312,20.35,15.777792930603027,20.35,73.0487289428711,20.35,72.20149993896484
20.36,16.124452590942383,20.36,99.21641540527344,20.360000000000003,15.738628387451172,20.36,72.99409484863281,20.36,72.7100601196289
20.370000000000005,15.990242004394531,20.37,99.2361068725586,20.37,15.699492454528809,20.37,72.93016052246094,20.37,73.18201446533203
20.380000000000003,15.869059562683104,20.380000000000003,99.24225616455078,20.38,15.639262199401855,20.380000000000003,72.85945129394531,20.380000000000003,73.59716796875
20.39,15.763016700744627,20.39,99.2505874633789,20.39,15.548663139343262,20.39,72.78983306884766,20.39,73.96401977539062
20.4,15.674022674560549,20.4,99.26475524902344,20.4,15.47958278656006,20.4,72.7232894897461,20.4,74.32610321044922
20.410000000000004,15.58694839477539,20.41,99.28145599365234,20.41,15.422968864440918,20.41,72.65653991699219,20.41,74.6663589477539
20.42,15.512429237365724,20.42,99.29458618164062,20.42,15.382433891296388,20.42,72.59107971191406,20.42,74.9815673828125
20.43,15.464103698730469,20.43,99.29981994628906,20.430000000000003,15.358379364013672,20.43,72.5307846069336,20.43,75.28884887695312
20.440000000000005,15.442651748657228,20.44,99.3002471923828,20.44,15.32259464263916,20.44,72.4765853881836,20.44,75.59717559814453
20.450000000000003,15.436267852783203,20.45,99.29410552978516,20.45,15.295476913452148,20.450000000000003,72.43046569824219,20.450000000000003,75.89397430419922
20.46,15.429080963134766,20.46,99.28854370117188,20.46,15.271248817443848,20.46,72.38904571533203,20.46,76.18827819824219
20.47,15.432557106018066,20.47,99.28163146972656,20.47,15.271605491638184,20.47,72.35721588134766,20.47,76.49260711669922
20.480000000000004,15.448124885559082,20.48,99.26974487304688,20.48,15.270379066467283,20.48,72.33165740966797,20.48,76.78897857666016
20.49,15.451024055480955,20.49,99.25929260253906,20.49,15.262804985046388,20.49,72.3084945678711,20.49,77.05230712890625
20.5,15.451075553894045,20.5,99.2395248413086,20.5,15.259401321411133,20.5,72.28219604492188,20.5,77.30390930175781
20.510000000000005,15.45300006866455,20.51,99.22116088867188,20.51,15.303851127624512,20.51,72.25434875488281,20.51,77.552978515625
20.520000000000003,15.44497299194336,20.52,99.20491790771484,20.52,15.351224899291992,20.520000000000003,72.22457885742188,20.520000000000003,77.78539276123047
20.53,15.441368103027344,20.53,99.19052124023438,20.53,15.349533081054688,20.53,72.19621276855469,20.53,78.00814819335938
20.54,15.43857765197754,20.54,99.17426300048828,20.540000000000003,15.35972499847412,20.54,72.16980743408203,20.54,78.22740936279297
20.550000000000004,15.425209999084473,20.55,99.16072845458984,20.55,15.372502326965332,20.55,72.1478042602539,20.55,78.4382553100586
20.56,15.421080589294434,20.56,99.15157318115234,20.56,15.392510414123535,20.56,72.12784576416016,20.56,78.64970397949219
20.57,15.451574325561523,20.57,99.14274597167967,20.57,15.397561073303224,20.57,72.1080322265625,20.57,78.86087799072266
20.580000000000005,15.510897636413574,20.58,99.13661193847656,20.58,15.392610549926758,20.58,72.08628845214844,20.58,79.07464599609375
20.590000000000003,15.56767749786377,20.59,99.1294174194336,20.59,15.42922019958496,20.59,72.06383514404297,20.590000000000003,79.27916717529297
20.6,15.608378410339355,20.6,99.12688446044922,20.6,15.489331245422363,20.6,72.04193115234375,20.6,79.46819305419922
20.61,15.591739654541016,20.61,99.13121795654295,20.610000000000003,15.44682502746582,20.61,72.0213851928711,20.61,79.63265228271484
20.620000000000005,15.53404712677002,20.62,99.13995361328124,20.62,15.403180122375488,20.62,72.00643920898438,20.62,79.78129577636719
20.630000000000003,15.47988224029541,20.630000000000003,99.1388168334961,20.63,15.364572525024414,20.630000000000003,71.99588012695312,20.630000000000003,79.9336929321289
20.64,15.434389114379885,20.64,99.14118194580078,20.64,15.348139762878418,20.64,71.98938751220703,20.64,80.07727813720703
20.65,15.398250579833984,20.65,99.14797973632812,20.65,15.332030296325684,20.65,71.98590850830078,20.65,80.21729278564453
20.660000000000004,15.365541458129885,20.66,99.1535873413086,20.66,15.31346607208252,20.66,71.9845962524414,20.66,80.35232543945312
20.67,15.356106758117676,20.67,99.15104675292967,20.67,15.274370193481444,20.67,71.98348999023438,20.67,80.47686004638672
20.68,15.344958305358888,20.68,99.150634765625,20.680000000000003,15.252583503723145,20.68,71.98857879638672,20.68,80.59666442871094
20.690000000000005,15.31797218322754,20.69,99.14862823486328,20.69,15.23605728149414,20.69,71.99504089355469,20.69,80.71173858642578
20.700000000000003,15.291826248168944,20.7,99.15332794189452,20.7,15.217942237854004,20.700000000000003,71.99775695800781,20.700000000000003,80.82879638671875
20.71,15.26644229888916,20.71,99.15987396240234,20.71,15.22109603881836,20.71,71.99922943115234,20.71,80.950439453125
20.72,15.234352111816406,20.72,99.1722183227539,20.72,15.244610786437988,20.72,72.00017547607422,20.72,81.07305145263672
20.730000000000004,15.20781707763672,20.73,99.18400573730467,20.73,15.268364906311035,20.73,72.00196075439453,20.73,81.190185546875
20.74,15.18795108795166,20.74,99.20301055908205,20.74,15.282685279846191,20.74,72.00431823730469,20.74,81.29109191894531
20.75,15.168261528015137,20.75,99.22742462158205,20.75,15.291476249694824,20.75,72.00608825683594,20.75,81.39160919189453
20.760000000000005,15.149408340454102,20.76,99.25054931640624,20.76,15.28665542602539,20.76,72.00697326660156,20.76,81.49415588378906
20.770000000000003,15.133503913879396,20.77,99.27172088623048,20.77,15.27163314819336,20.770000000000003,72.00421905517578,20.770000000000003,81.58943176269531
20.78,15.119717597961426,20.78,99.29518127441406,20.78,15.259888648986816,20.78,72.00054931640625,20.78,81.6720199584961
20.79,15.114166259765623,20.79,99.32017517089844,20.790000000000003,15.24793529510498,20.79,71.99657440185547,20.79,81.746337890625
20.800000000000004,15.106156349182127,20.8,99.34901428222656,20.8,15.24196720123291,20.8,71.99250793457031,20.8,81.81697845458984
20.81,15.092683792114258,20.81,99.3781509399414,20.81,15.244023323059082,20.81,71.9898452758789,20.81,81.88250732421875
20.82,15.085723876953123,20.82,99.39574432373048,20.82,15.245464324951172,20.82,71.990234375,20.82,81.93618774414062
20.830000000000005,15.07892608642578,20.83,99.40888214111328,20.83,15.249101638793944,20.83,71.99365234375,20.83,81.9827651977539
20.840000000000003,15.068950653076172,20.84,99.42498016357422,20.84,15.254534721374512,20.84,71.99718475341797,20.840000000000003,82.02450561523438
20.85,15.061290740966797,20.85,99.4450912475586,20.85,15.266119003295898,20.85,71.9998550415039,20.85,82.0602798461914
20.86,15.05640697479248,20.86,99.46233367919922,20.860000000000003,15.276331901550291,20.86,72.00281524658203,20.86,82.0873794555664
20.870000000000005,15.056299209594728,20.87,99.4722671508789,20.87,15.28428077697754,20.87,72.0060806274414,20.87,82.10528564453125
20.880000000000003,15.049896240234377,20.880000000000003,99.47713470458984,20.88,15.285093307495115,20.880000000000003,72.0086898803711,20.880000000000003,82.11760711669922
20.89,15.044522285461426,20.89,99.48461151123048,20.89,15.29228401184082,20.89,72.01180267333984,20.89,82.12813568115234
20.90000000000001,15.042044639587402,20.9,99.49850463867188,20.9,15.2886962890625,20.9,72.01734924316406,20.9,82.13384246826172
20.910000000000004,15.036260604858398,20.91,99.51385498046876,20.91,15.290614128112791,20.91,72.02339172363281,20.91,82.13748931884766
20.92,15.03414535522461,20.92,99.52357482910156,20.92,15.296156883239746,20.92,72.02867889404297,20.92,82.14257049560547
20.93,15.036309242248535,20.93,99.5288543701172,20.930000000000003,15.312777519226074,20.93,72.03121185302734,20.93,82.14200592041016
20.940000000000005,15.037972450256348,20.94,99.53378295898438,20.94,15.326200485229492,20.94,72.0328369140625,20.94,82.1340560913086
20.950000000000003,15.04270362854004,20.950000000000003,99.54036712646484,20.95,15.343113899230955,20.950000000000003,72.03404998779297,20.950000000000003,82.12635040283203
20.96,15.05456256866455,20.96,99.5510711669922,20.96,15.369388580322266,20.96,72.03822326660156,20.96,82.1175308227539
20.97,15.066901206970217,20.97,99.56363677978516,20.97,15.373627662658691,20.97,72.03955078125,20.97,82.10509490966797
20.980000000000004,15.07875156402588,20.98,99.57140350341795,20.98,15.379165649414062,20.98,72.03950500488281,20.98,82.09270477294922
20.99,15.09345531463623,20.99,99.57767486572266,20.99,15.380699157714844,20.99,72.03868103027344,20.99,82.08428192138672
21.0,15.100300788879396,21.0,99.58348846435548,21.000000000000004,15.379483222961426,21.0,72.03777313232422,21.0,82.08190155029297
21.010000000000005,15.102095603942873,21.01,99.59194946289062,21.01,15.378646850585938,21.01,72.03557586669922,21.01,82.08435821533203
21.020000000000003,15.102387428283691,21.02,99.6025848388672,21.02,15.375938415527344,21.020000000000003,72.03409576416016,21.020000000000003,82.08354187011719
21.03,15.09982967376709,21.03,99.61474609375,21.03,15.37706184387207,21.03,72.03157806396484,21.03,82.077880859375
21.04,15.09961986541748,21.04,99.6272201538086,21.040000000000003,15.38169765472412,21.04,72.0296401977539,21.04,82.07609558105469
21.050000000000004,15.101203918457031,21.05,99.64007568359376,21.05,15.387255668640137,21.05,72.02576446533203,21.05,82.07669067382812
21.06,15.09942626953125,21.06,99.65441131591795,21.06,15.390785217285156,21.06,72.0220718383789,21.06,82.0762710571289
21.07,15.098350524902344,21.07,99.66771697998048,21.07,15.39327335357666,21.07,72.01866912841797,21.07,82.06578063964844
21.080000000000005,15.098278999328612,21.08,99.68067169189452,21.08,15.392763137817385,21.08,72.01545715332031,21.08,82.05653381347656
21.090000000000003,15.094493865966797,21.09,99.69593048095705,21.09,15.388579368591309,21.090000000000003,72.0127182006836,21.090000000000003,82.05181884765625
21.1,15.090206146240234,21.1,99.71369934082033,21.1,15.387367248535156,21.1,72.00922393798828,21.1,82.0482177734375
21.11,15.08505916595459,21.11,99.73170471191406,21.110000000000003,15.38384246826172,21.11,72.0062255859375,21.11,82.04268646240234
21.120000000000005,15.082423210144045,21.12,99.74795532226562,21.12,15.382013320922852,21.12,72.00480651855469,21.12,82.03783416748047
21.130000000000003,15.079354286193848,21.130000000000003,99.7627944946289,21.13,15.37938117980957,21.130000000000003,72.00396728515625,21.130000000000003,82.03840637207031
21.14,15.074817657470703,21.14,99.7801742553711,21.14,15.374041557312012,21.14,72.00206756591797,21.14,82.04170227050781
21.15000000000001,15.069957733154297,21.15,99.79727172851562,21.15,15.366185188293455,21.15,72.0001449584961,21.15,82.04975891113281
21.160000000000004,15.066600799560549,21.16,99.81309509277344,21.16,15.35519313812256,21.16,71.997802734375,21.160000000000004,82.05705261230469
21.17,15.062252044677734,21.17,99.82829284667967,21.17,15.341113090515137,21.17,71.99549102783203,21.17,82.05789184570312
21.18,15.056623458862305,21.18,99.84297943115234,21.180000000000003,15.326986312866213,21.18,71.98880004882812,21.18,82.05281066894531
21.190000000000005,15.051359176635742,21.19,99.85895538330078,21.19,15.310834884643556,21.19,71.98719024658203,21.19,82.04409790039062
21.200000000000003,15.051471710205078,21.200000000000003,99.87505340576172,21.2,15.297280311584473,21.200000000000003,71.98481750488281,21.200000000000003,82.03504943847656
21.21,15.051905632019045,21.21,99.8926239013672,21.21,15.292874336242676,21.21,71.98523712158203,21.21,82.02589416503906
21.22,15.053119659423828,21.22,99.90033721923828,21.22,15.293684005737305,21.22,71.98468780517578,21.22,82.01809692382812
21.230000000000004,15.055193901062012,21.23,99.90979766845705,21.23,15.29387378692627,21.23,71.98567199707031,21.23,82.01299285888672
21.24,15.0597505569458,21.24,99.91751098632812,21.24,15.29651165008545,21.24,71.98783111572266,21.24,82.02020263671875
21.25,15.064600944519045,21.25,99.91931915283205,21.250000000000004,15.297185897827148,21.25,71.98532104492188,21.25,82.03182983398438
21.260000000000005,15.067004203796388,21.26,99.91960144042967,21.26,15.298012733459473,21.26,71.98651885986328,21.26,82.03099060058594
21.270000000000003,15.06707763671875,21.27,99.9209442138672,21.27,15.299848556518556,21.270000000000003,71.98957824707031,21.270000000000003,82.02516174316406
21.28,15.06395435333252,21.28,99.9215087890625,21.28,15.298038482666016,21.28,71.99079132080078,21.28,82.0204849243164
21.29,15.06170654296875,21.29,99.92273712158205,21.290000000000003,15.29811668395996,21.29,71.99414825439453,21.29,82.00882720947266
21.300000000000004,15.060463905334473,21.3,99.9256820678711,21.3,15.292999267578123,21.3,71.99726104736328,21.3,81.99282836914062
21.31,15.05830192565918,21.31,99.92741394042967,21.31,15.284866333007812,21.31,71.99662780761719,21.31,81.984619140625
21.32,15.053625106811523,21.32,99.92389678955078,21.32,15.279193878173828,21.32,71.99942016601562,21.32,81.99534606933594
21.330000000000005,15.051562309265137,21.33,99.91809844970705,21.33,15.27807903289795,21.33,72.00093841552734,21.33,82.00872802734375
21.340000000000003,15.053177833557127,21.34,99.91130065917967,21.34,15.27830410003662,21.340000000000003,72.0027084350586,21.340000000000003,82.02030944824219
21.35,15.053350448608398,21.35,99.9070053100586,21.35,15.27664279937744,21.35,72.00285339355469,21.35,82.02582550048828
21.36,15.048229217529297,21.36,99.90617370605467,21.360000000000003,15.28697681427002,21.36,72.00432586669922,21.36,82.02770233154297
21.370000000000005,15.037164688110352,21.37,99.90690612792967,21.37,15.268797874450684,21.37,72.00699615478516,21.37,82.0354232788086
21.380000000000003,15.027383804321287,21.380000000000003,99.90544128417967,21.38,15.263431549072266,21.380000000000003,72.00761413574219,21.380000000000003,82.04267883300781
21.39,15.019769668579102,21.39,99.90532684326172,21.39,15.25438117980957,21.39,72.00928497314453,21.39,82.04633331298828
21.40000000000001,15.014699935913086,21.4,99.9078598022461,21.4,15.25357723236084,21.4,72.01026916503906,21.4,82.05062103271484
21.410000000000004,15.012136459350586,21.41,99.9141082763672,21.41,15.234331130981444,21.41,72.0121841430664,21.410000000000004,82.0572509765625
21.42,15.010516166687012,21.42,99.91587829589844,21.42,15.232423782348633,21.42,72.01365661621094,21.42,82.07125854492188
21.43,15.006686210632324,21.43,99.91476440429688,21.430000000000003,15.235259056091309,21.43,72.01544189453125,21.43,82.07866668701172
21.440000000000005,15.00383472442627,21.44,99.91455078125,21.44,15.229835510253906,21.44,72.01500701904297,21.44,82.08551788330078
21.450000000000003,15.001808166503906,21.450000000000003,99.91395568847656,21.45,15.230291366577148,21.450000000000003,72.01522827148438,21.450000000000003,82.09770202636719
21.46,14.998555183410645,21.46,99.9140625,21.46,15.224899291992188,21.46,72.01612091064453,21.46,82.10426330566406
21.47,14.992071151733398,21.47,99.91338348388672,21.47,15.228510856628418,21.47,72.01689910888672,21.47,82.10552978515625
21.480000000000004,14.983231544494627,21.48,99.91204071044922,21.48,15.22978401184082,21.48,72.01781463623047,21.48,82.10807800292969
21.49,14.977697372436523,21.49,99.91346740722656,21.49,15.219074249267578,21.49,72.02094268798828,21.49,82.11249542236328
21.5,14.974936485290527,21.5,99.913330078125,21.500000000000004,15.21921443939209,21.5,72.02232360839844,21.5,82.11454772949219
21.510000000000005,14.967981338500977,21.51,99.9124984741211,21.51,15.219569206237791,21.51,72.0219955444336,21.51,82.11770629882812
21.520000000000003,14.961688995361328,21.52,99.90949249267578,21.52,15.225052833557127,21.520000000000003,72.02120208740234,21.520000000000003,82.1195068359375
21.53,14.959677696228027,21.53,99.90968322753906,21.53,15.23216152191162,21.53,72.02140808105469,21.53,82.11608123779297
21.54,14.958050727844238,21.54,99.91374969482422,21.540000000000003,15.240055084228516,21.54,72.02001953125,21.54,82.10610961914062
21.550000000000004,14.955774307250977,21.55,99.9165267944336,21.55,15.249101638793944,21.55,72.01798248291016,21.55,82.10061645507812
21.56,14.952012062072754,21.56,99.91917419433594,21.56,15.258014678955078,21.56,72.01592254638672,21.56,82.10249328613281
21.57,14.94809913635254,21.57,99.92237091064452,21.57,15.265953063964844,21.57,72.0154800415039,21.57,82.10623168945312
21.580000000000005,14.951687812805176,21.58,99.92345428466795,21.58,15.271576881408691,21.58,72.01499938964844,21.58,82.1142349243164
21.590000000000003,14.95758056640625,21.59,99.92308044433594,21.59,15.27785301208496,21.590000000000003,72.0151596069336,21.590000000000003,82.11825561523438
21.6,14.9628267288208,21.6,99.92273712158205,21.6,15.28091526031494,21.6,72.01343536376953,21.6,82.1185531616211
21.61,14.961907386779783,21.61,99.93092346191406,21.610000000000003,15.281569480895996,21.61,72.0110855102539,21.61,82.11640930175781
21.620000000000005,14.963384628295898,21.62,99.947998046875,21.62,15.281034469604492,21.62,72.01029205322266,21.62,82.10611724853516
21.630000000000003,14.967985153198242,21.630000000000003,99.9527359008789,21.63,15.279098510742188,21.630000000000003,72.0120849609375,21.630000000000003,82.10995483398438
21.64,14.97000789642334,21.64,99.95613861083984,21.64,15.274981498718262,21.64,72.01261138916016,21.64,82.1209487915039
21.65000000000001,14.968531608581545,21.65,99.95938873291016,21.65,15.2699613571167,21.65,72.01190948486328,21.65,82.13279724121094
21.660000000000004,14.973215103149414,21.66,99.96118927001952,21.66,15.263325691223145,21.66,72.01253509521484,21.660000000000004,82.14486694335938
21.67,14.974336624145508,21.67,99.96160888671876,21.67,15.255986213684082,21.67,72.01546478271484,21.67,82.15497589111328
21.68,14.97368621826172,21.68,99.96173858642578,21.680000000000003,15.247455596923828,21.68,72.01496887207031,21.68,82.16748809814453
21.690000000000005,14.97459602355957,21.69,99.9600830078125,21.69,15.239824295043944,21.69,72.01592254638672,21.69,82.1857681274414
21.700000000000003,14.970935821533203,21.700000000000003,99.95982360839844,21.7,15.230401992797852,21.700000000000003,72.01295471191406,21.700000000000003,82.20616912841797
21.71,14.967361450195312,21.71,99.95862579345705,21.71,15.219921112060549,21.71,72.01181030273438,21.71,82.21441650390625
21.72,14.96271514892578,21.72,99.95834350585938,21.72,15.212047576904297,21.72,72.01344299316406,21.72,82.21591186523438
21.730000000000004,14.959786415100098,21.73,99.95832824707033,21.73,15.207094192504885,21.73,72.01473236083984,21.73,82.21951293945312
21.74,14.954471588134766,21.74,99.96078491210938,21.74,15.20473575592041,21.74,72.01673889160156,21.74,82.23246765136719
21.75,14.95101547241211,21.75,99.9638214111328,21.750000000000004,15.202178001403809,21.75,72.01815795898438,21.75,82.25064086914062
21.760000000000005,14.950745582580566,21.76,99.96896362304688,21.76,15.20255184173584,21.76,72.01824188232422,21.76,82.2666015625
21.770000000000003,14.949302673339844,21.77,99.9796371459961,21.77,15.200013160705566,21.770000000000003,72.0184326171875,21.770000000000003,82.28125762939453
21.78,14.94655704498291,21.78,99.9962158203125,21.78,15.196181297302246,21.78,72.01960754394531,21.78,82.29937744140625
21.79,14.939908027648926,21.79,100.01545715332033,21.790000000000003,15.19363498687744,21.79,72.01981353759766,21.79,82.31615447998047
21.800000000000004,14.930384635925291,21.8,100.0286102294922,21.8,15.189884185791016,21.8,72.02100372314453,21.8,82.33478546142578
21.81,14.91988468170166,21.81,100.03862762451172,21.81,15.186739921569824,21.81,72.0208969116211,21.81,82.35725402832031
21.82,14.908509254455566,21.82,100.04791259765624,21.82,15.182886123657228,21.82,72.0212631225586,21.82,82.38333892822266
21.830000000000005,14.890151023864746,21.83,100.05524444580078,21.83,15.180217742919922,21.83,72.02020263671875,21.83,82.41799926757812
21.840000000000003,14.870558738708496,21.84,100.06195831298828,21.84,15.17283535003662,21.840000000000003,72.01996612548828,21.840000000000003,82.44917297363281
21.85,14.854852676391602,21.85,100.0721206665039,21.85,15.169201850891112,21.85,72.0190658569336,21.85,82.47901153564453
21.86,14.84015941619873,21.86,100.08306884765624,21.860000000000003,15.164764404296877,21.86,72.01822662353516,21.86,82.514892578125
21.870000000000005,14.823046684265137,21.87,100.09059143066406,21.87,15.163249969482422,21.87,72.01736450195312,21.87,82.55754852294922
21.880000000000003,14.804204940795898,21.880000000000003,100.0970458984375,21.88,15.162766456604004,21.880000000000003,72.01774597167969,21.880000000000003,82.5986328125
21.89,14.786018371582031,21.89,100.10308074951172,21.89,15.159122467041016,21.89,72.01692962646484,21.89,82.64012908935547
21.90000000000001,14.770575523376465,21.9,100.10789489746094,21.9,15.157404899597168,21.9,72.01632690429688,21.9,82.68409729003906
21.910000000000004,14.757792472839355,21.91,100.11365509033205,21.91,15.150699615478516,21.91,72.015380859375,21.910000000000004,82.73136138916016
21.92,14.749711036682127,21.92,100.11647033691406,21.92,15.146464347839355,21.92,72.0153579711914,21.92,82.78208923339844
21.93,14.747389793395996,21.93,100.11590576171876,21.930000000000003,15.143478393554688,21.93,72.01544952392578,21.93,82.83303833007812
21.940000000000005,14.743719100952148,21.94,100.12045288085938,21.94,15.143604278564451,21.94,72.01351165771484,21.94,82.88516235351562
21.950000000000003,14.742349624633787,21.950000000000003,100.12679290771484,21.95,15.138915061950684,21.950000000000003,72.01246643066406,21.950000000000003,82.93798828125
21.96,14.74416160583496,21.96,100.1303482055664,21.96,15.13220500946045,21.96,72.01213073730469,21.96,82.99701690673828
21.97,14.74490737915039,21.97,100.13446044921876,21.97,15.128101348876951,21.97,72.00953674316406,21.97,83.05950164794922
21.980000000000004,14.739094734191896,21.98,100.13949584960938,21.98,15.12700653076172,21.98,72.00907897949219,21.98,83.1201400756836
21.99,14.732912063598633,21.99,100.14141845703124,21.99,15.129549026489258,21.99,72.00782012939453,21.99,83.17996215820312
22.0,14.728079795837402,22.0,100.14022827148438,22.000000000000004,15.129289627075195,22.0,72.0087890625,22.0,83.23285675048828
22.010000000000005,14.728730201721191,22.01,100.14189910888672,22.01,15.129615783691406,22.01,72.0101318359375,22.01,83.29314422607422
22.020000000000003,14.73172378540039,22.02,100.15064239501952,22.02,15.128033638000488,22.020000000000003,72.01101684570312,22.020000000000003,83.36618041992188
22.03,14.736417770385742,22.03,100.15582275390624,22.03,15.128948211669922,22.03,72.01299285888672,22.03,83.43765258789062
22.04,14.740937232971191,22.04,100.1698989868164,22.040000000000003,15.119497299194336,22.04,72.01504516601562,22.04,83.50302124023438
22.050000000000004,14.7481689453125,22.05,100.18690490722656,22.05,15.111533164978027,22.05,72.01588439941406,22.05,83.56167602539062
22.06,14.762370109558104,22.06,100.19937133789062,22.06,15.104059219360352,22.06,72.01719665527344,22.06,83.61788177490234
22.07,14.77896785736084,22.07,100.20719909667967,22.07,15.099177360534668,22.07,72.02066802978516,22.07,83.67832946777344
22.080000000000005,14.80352020263672,22.08,100.21143341064452,22.08,15.098557472229004,22.08,72.0228500366211,22.08,83.74298095703125
22.090000000000003,14.836838722229004,22.09,100.22816467285156,22.09,15.089815139770508,22.090000000000003,72.02498626708984,22.090000000000003,83.80538177490234
22.1,14.882391929626465,22.1,100.24439239501952,22.1,15.083769798278809,22.1,72.03166198730469,22.1,83.86983489990234
22.11,14.93752384185791,22.11,100.25201416015624,22.110000000000003,15.079651832580566,22.11,72.03868103027344,22.11,83.94229888916016
22.120000000000005,15.002381324768066,22.12,100.23500061035156,22.12,15.068950653076172,22.12,72.04519653320312,22.12,84.0167236328125
22.130000000000003,15.077049255371094,22.130000000000003,100.21246337890624,22.13,15.064017295837402,22.130000000000003,72.05322265625,22.130000000000003,84.09625244140625
22.14,15.157264709472656,22.14,100.16944885253906,22.14,15.056835174560549,22.14,72.06330871582031,22.14,84.18073272705078
22.15000000000001,15.22645664215088,22.15,100.12361907958984,22.15,15.04228687286377,22.15,72.0814437866211,22.15,84.26811981201172
22.160000000000004,15.279459953308104,22.16,100.09041595458984,22.16,15.02981662750244,22.16,72.10597229003906,22.160000000000004,84.35848999023438
22.17,15.315163612365724,22.17,100.05697631835938,22.17,14.994190216064451,22.17,72.13761138916016,22.17,84.45219421386719
22.18,15.331857681274414,22.18,100.01765441894533,22.180000000000003,14.953269004821776,22.18,72.17716979980469,22.18,84.54712677001953
22.190000000000005,15.329127311706545,22.19,99.98583221435548,22.19,14.91014289855957,22.19,72.22599792480469,22.19,84.6408462524414
22.200000000000003,15.316607475280762,22.200000000000003,99.96646118164062,22.2,14.871759414672852,22.200000000000003,72.28397369384766,22.200000000000003,84.73401641845703
22.21,15.294405937194824,22.21,99.95130157470705,22.21,14.824759483337402,22.21,72.35076141357422,22.21,84.8337173461914
22.22,15.263230323791504,22.22,99.94625854492188,22.22,14.786038398742676,22.22,72.42310333251953,22.22,84.94961547851562
22.230000000000004,15.226360321044922,22.23,99.95581817626952,22.23,14.763900756835938,22.23,72.483154296875,22.23,85.0829086303711
22.24,15.196022987365724,22.24,99.96711730957033,22.24,14.76508903503418,22.24,72.52642059326172,22.24,85.21951293945312
22.25,15.16481876373291,22.25,99.98760223388672,22.250000000000004,14.802281379699709,22.25,72.55479431152344,22.25,85.3603515625
22.260000000000005,15.143394470214844,22.26,100.02305603027344,22.26,14.910442352294922,22.26,72.5738754272461,22.26,85.5068359375
22.270000000000003,15.129124641418455,22.27,100.09746551513672,22.27,15.068635940551758,22.270000000000003,72.58082580566406,22.270000000000003,85.63590240478516
22.28,15.118491172790527,22.28,100.2073211669922,22.28,15.280600547790527,22.28,72.56649017333984,22.28,85.74287414550781
22.29,15.124131202697754,22.29,100.3461456298828,22.290000000000003,15.480969429016112,22.29,72.53573608398438,22.29,85.83863067626953
22.300000000000004,15.13030242919922,22.3,100.5166473388672,22.3,15.630467414855955,22.3,72.49497985839844,22.3,85.92810821533203
22.31,15.138970375061035,22.31,100.72012329101562,22.31,15.715871810913086,22.31,72.45146179199219,22.31,86.0011978149414
22.32,15.127676010131836,22.32,100.95376586914062,22.32,15.775248527526855,22.32,72.4045639038086,22.32,86.04147338867188
22.330000000000005,15.118581771850586,22.33,101.22301483154295,22.33,15.816176414489746,22.33,72.33446502685547,22.33,86.05148315429688
22.340000000000003,15.11925983428955,22.34,101.53177642822266,22.34,15.855284690856934,22.340000000000003,72.26832580566406,22.340000000000003,86.03783416748047
22.35,15.131603240966797,22.35,101.85099029541016,22.35,15.906691551208496,22.35,72.17820739746094,22.35,86.01962280273438
22.36,15.159993171691896,22.36,102.17897033691406,22.360000000000003,15.972152709960938,22.36,72.02708435058594,22.36,86.01058197021484
22.370000000000005,15.188569068908691,22.37,102.51592254638672,22.37,16.050153732299805,22.37,71.84063720703125,22.37,86.00546264648438
22.380000000000003,15.232047080993652,22.380000000000003,102.87137603759766,22.38,16.12889289855957,22.380000000000003,71.68321228027344,22.380000000000003,85.98199462890625
22.39,15.28909969329834,22.39,103.2560806274414,22.39,16.213342666625977,22.39,71.64108276367188,22.39,85.93838500976562
22.40000000000001,15.342803001403809,22.4,103.6290283203125,22.4,16.304126739501953,22.4,71.61360931396484,22.4,85.8769760131836
22.410000000000004,15.396336555480955,22.41,103.9754867553711,22.41,16.39445686340332,22.41,71.51351165771484,22.410000000000004,85.79688262939453
22.42,15.447139739990234,22.42,104.31149291992188,22.42,16.49090003967285,22.42,71.37792205810547,22.42,85.69690704345703
22.43,15.504292488098145,22.43,104.64663696289062,22.430000000000003,16.594709396362305,22.43,71.2731704711914,22.43,85.59417724609375
22.440000000000005,15.564533233642578,22.44,104.96150207519533,22.44,16.696500778198242,22.44,71.17894744873047,22.44,85.49189758300781
22.450000000000003,15.625009536743164,22.450000000000003,105.2524185180664,22.45,16.792234420776367,22.450000000000003,71.11560821533203,22.450000000000003,85.38882446289062
22.46,15.696834564208984,22.46,105.52407836914062,22.46,16.871580123901367,22.46,71.08123016357422,22.46,85.27978515625
22.47,15.783740043640137,22.47,105.7824478149414,22.47,16.934284210205078,22.47,71.0600357055664,22.47,85.1617202758789
22.480000000000004,15.88602352142334,22.48,106.06079864501952,22.48,16.991823196411133,22.48,71.0511474609375,22.48,85.0396728515625
22.49,16.002378463745117,22.49,106.35466003417967,22.49,17.043323516845703,22.49,71.03986358642578,22.49,84.9121322631836
22.5,16.12307357788086,22.5,106.66818237304688,22.500000000000004,17.09170913696289,22.5,71.083251953125,22.5,84.77625274658203
22.510000000000005,16.25563621520996,22.51,106.9883804321289,22.51,17.12674331665039,22.51,71.13125610351562,22.51,84.63390350341797
22.520000000000003,16.38661003112793,22.52,107.29550170898438,22.52,17.13895034790039,22.520000000000003,71.10975646972656,22.520000000000003,84.48348999023438
22.53,16.5129451751709,22.53,107.60370635986328,22.53,17.118473052978516,22.53,71.08920288085938,22.53,84.32795715332031
22.54,16.62977409362793,22.54,107.9072494506836,22.540000000000003,17.065561294555664,22.54,71.06541442871094,22.54,84.17721557617188
22.550000000000004,16.744930267333984,22.55,108.19759368896484,22.55,17.015268325805664,22.55,71.0384750366211,22.55,84.03014373779297
22.56,16.855581283569336,22.56,108.47102355957033,22.56,16.995731353759766,22.56,71.02925109863281,22.56,83.88314819335938
22.57,16.96291160583496,22.57,108.72857666015624,22.57,17.02008819580078,22.57,71.03665161132812,22.57,83.72234344482422
22.580000000000005,17.06250762939453,22.58,108.96334075927734,22.58,17.091928482055664,22.58,71.06839752197266,22.58,83.55038452148438
22.590000000000003,17.161771774291992,22.59,109.15939331054688,22.59,17.168010711669922,22.590000000000003,71.12899780273438,22.590000000000003,83.36376190185547
22.6,17.271936416625977,22.6,109.3321304321289,22.6,17.227157592773438,22.6,71.2381591796875,22.6,83.14324951171875
22.61,17.413522720336914,22.61,109.46041870117188,22.610000000000003,17.267745971679688,22.61,71.40105438232422,22.61,82.89834594726562
22.620000000000005,17.534446716308594,22.62,109.5281982421875,22.62,17.303443908691406,22.62,71.62842559814453,22.62,82.65229797363281
22.630000000000003,17.604848861694336,22.630000000000003,109.52613830566406,22.63,17.305601119995117,22.630000000000003,71.86051940917969,22.630000000000003,82.38426971435547
22.64,17.647899627685547,22.64,109.49276733398438,22.64,17.306291580200195,22.64,71.97007751464844,22.64,82.09027862548828
22.65000000000001,17.688840866088867,22.65,109.50337982177734,22.65,17.315582275390625,22.65,72.13619232177734,22.65,81.76079559326172
22.660000000000004,17.746768951416016,22.66,109.54463958740234,22.66,17.34189224243164,22.66,72.3311538696289,22.660000000000004,81.41464233398438
22.67,17.81414222717285,22.67,109.57229614257812,22.67,17.39381217956543,22.67,72.48981475830078,22.67,81.06832122802734
22.68,17.866657257080078,22.68,109.59243774414062,22.680000000000003,17.460979461669922,22.68,72.62908935546875,22.68,80.69889068603516
22.690000000000005,17.895809173583984,22.69,109.59251403808594,22.69,17.542789459228516,22.69,72.6867904663086,22.69,80.28667449951172
22.700000000000003,17.92406463623047,22.700000000000003,109.5719223022461,22.7,17.6236629486084,22.700000000000003,72.69499206542969,22.700000000000003,79.83386993408203
22.71,17.95534896850586,22.71,109.54553985595705,22.71,17.703601837158203,22.71,72.73513793945312,22.71,79.35482788085938
22.72,17.958419799804688,22.72,109.51272583007812,22.72,17.7880916595459,22.72,72.77739715576172,22.72,78.8586654663086
22.730000000000004,17.9821720123291,22.73,109.45503997802734,22.73,17.880239486694336,22.73,72.79866027832031,22.73,78.34854888916016
22.74,17.97962760925293,22.74,109.37452697753906,22.74,17.971851348876953,22.74,72.81166076660156,22.74,77.81829071044922
22.75,17.964256286621094,22.75,109.28616333007812,22.750000000000004,18.05950164794922,22.75,72.8336410522461,22.75,77.25421142578125
22.760000000000005,17.965829849243164,22.76,109.1998519897461,22.76,18.16086769104004,22.76,72.87801361083984,22.76,76.69824981689453
22.770000000000003,17.97098159790039,22.77,109.11993408203124,22.77,18.26728630065918,22.770000000000003,72.93153381347656,22.770000000000003,76.12963104248047
22.78,17.968080520629883,22.78,109.03948211669922,22.78,18.36328125,22.78,72.9804916381836,22.78,75.55101013183594
22.79,17.980289459228516,22.79,108.9650421142578,22.790000000000003,18.43432235717773,22.79,73.02031707763672,22.79,74.94474792480469
22.800000000000004,17.997880935668945,22.8,108.91141510009766,22.8,18.428524017333984,22.8,73.05233001708984,22.8,74.291015625
22.81,18.004413604736328,22.81,108.87652587890624,22.81,18.35841560363769,22.81,73.07332611083984,22.81,73.62114715576172
22.82,17.996187210083008,22.82,108.85748291015624,22.82,18.29515838623047,22.82,73.07203674316406,22.82,72.93608093261719
22.830000000000005,17.987773895263672,22.83,108.84890747070312,22.83,18.257400512695312,22.83,73.0633773803711,22.83,72.24024963378906
22.840000000000003,17.97687339782715,22.84,108.85997009277344,22.84,18.27376937866211,22.840000000000003,73.05218505859375,22.840000000000003,71.52501678466797
22.85,17.956880569458008,22.85,108.8823471069336,22.85,18.30183219909668,22.85,73.06820678710938,22.85,70.82431030273438
22.86,17.95076560974121,22.86,108.89908599853516,22.860000000000003,18.34750366210937,22.86,73.08592224121094,22.86,70.07049560546875
22.870000000000005,17.949493408203125,22.87,108.89763641357422,22.87,18.40921211242676,22.87,73.08483123779297,22.87,69.25503540039062
22.880000000000003,17.954099655151367,22.880000000000003,108.89362335205078,22.88,18.45112419128418,22.880000000000003,73.06661987304688,22.880000000000003,68.37411499023438
22.89,17.96718978881836,22.89,108.88001251220705,22.89,18.49906349182129,22.89,73.04051208496094,22.89,67.443359375
22.90000000000001,17.976293563842773,22.9,108.87445831298828,22.9,18.54226303100586,22.9,73.00882720947266,22.9,66.53594970703125
22.910000000000004,17.98872947692871,22.91,108.87419128417967,22.91,18.59697723388672,22.91,72.97310638427734,22.910000000000004,65.63285064697266
22.92,18.007051467895508,22.92,108.88084411621094,22.92,18.692197799682617,22.92,72.92709350585938,22.92,64.72041320800781
22.93,18.04352378845215,22.93,108.8908920288086,22.930000000000003,18.82350349426269,22.93,72.8722152709961,22.93,63.78265380859375
22.940000000000005,18.09011459350586,22.94,108.90528869628906,22.94,19.001718521118164,22.94,72.81805419921875,22.94,62.80909729003906
22.950000000000003,18.146137237548828,22.950000000000003,108.92736053466795,22.95,19.22453117370605,22.950000000000003,72.76897430419922,22.950000000000003,61.85424423217773
22.96,18.231863021850582,22.96,108.96422576904295,22.96,19.4501953125,22.96,72.70587921142578,22.96,60.93048858642578
22.97,18.356136322021484,22.97,109.01038360595705,22.97,19.6887149810791,22.97,72.63872528076172,22.97,60.042236328125
22.980000000000004,18.514137268066406,22.98,109.07463836669922,22.98,19.98478889465332,22.98,72.57783508300781,22.98,59.12880706787109
22.99,18.68968772888184,22.99,109.1519012451172,22.99,20.329795837402344,22.99,72.51371765136719,22.99,58.20240783691406
23.0,18.90190887451172,23.0,109.22234344482422,23.000000000000004,20.71389579772949,23.0,72.44840240478516,23.0,57.325077056884766
23.010000000000005,19.152587890625,23.01,109.29700469970705,23.01,21.10077857971192,23.01,72.3652114868164,23.01,56.50673294067383
23.020000000000003,19.428447723388672,23.02,109.39559173583984,23.02,21.48740196228028,23.020000000000003,72.28851318359375,23.020000000000003,55.71746063232422
23.03,19.735107421875,23.03,109.50630950927734,23.03,21.87234687805176,23.03,72.2145767211914,23.03,54.94752883911133
23.04,20.0621280670166,23.04,109.5919952392578,23.040000000000003,22.24689674377441,23.04,72.14124298095703,23.04,54.1667594909668
23.050000000000004,20.3940658569336,23.05,109.68770599365234,23.05,22.61920166015625,23.05,72.06883239746094,23.05,53.368202209472656
23.06,20.7136173248291,23.06,109.81297302246094,23.06,23.02373695373535,23.06,71.99381256103516,23.06,52.59922409057617
23.07,21.02189445495605,23.07,109.95045471191406,23.07,23.441368103027344,23.07,71.92507934570312,23.07,51.88419342041016
23.080000000000005,21.311925888061523,23.08,110.1004409790039,23.08,23.89641761779785,23.08,71.86054229736328,23.08,51.20083618164063
23.090000000000003,21.62667655944824,23.09,110.26226043701172,23.09,24.379657745361328,23.090000000000003,71.80767822265625,23.090000000000003,50.53901290893555
23.1,21.97420310974121,23.1,110.4120101928711,23.1,24.8749942779541,23.1,71.75942993164062,23.1,49.90134048461914
23.11,22.36960792541504,23.11,110.5565948486328,23.110000000000003,25.39420509338379,23.11,71.70716857910156,23.11,49.298946380615234
23.120000000000005,22.79096984863281,23.12,110.6953582763672,23.12,25.930322647094727,23.12,71.66017150878906,23.12,48.75277328491211
23.130000000000003,23.224279403686523,23.130000000000003,110.84022521972656,23.13,26.473920822143555,23.130000000000003,71.60987854003906,23.130000000000003,48.26483154296875
23.14,23.67203521728516,23.14,110.97032165527344,23.14,27.02916717529297,23.14,71.56193542480469,23.14,47.81719970703125
23.15000000000001,24.153621673583984,23.15,111.0952606201172,23.15,27.59040641784668,23.15,71.51734161376953,23.15,47.42070007324219
23.160000000000004,24.68142890930176,23.16,111.2381362915039,23.16,28.155187606811523,23.16,71.4753646850586,23.160000000000004,47.02859878540039
23.17,25.232696533203125,23.17,111.37188720703124,23.17,28.73648262023925,23.17,71.43914031982422,23.17,46.57883834838867
23.18,25.79690742492676,23.18,111.45108032226562,23.180000000000003,29.34598159790039,23.18,71.40601348876953,23.18,46.12579727172852
23.190000000000005,26.37079811096192,23.19,111.51898956298828,23.19,29.98764991760254,23.19,71.37091064453125,23.19,45.715030670166016
23.200000000000003,26.953527450561523,23.200000000000003,111.58271026611328,23.2,30.669736862182617,23.200000000000003,71.3323745727539,23.200000000000003,45.34223937988281
23.21,27.556406021118164,23.21,111.66309356689452,23.21,31.386398315429688,23.21,71.2972640991211,23.21,45.02082061767578
23.22,28.17598342895508,23.22,111.70809173583984,23.22,32.124752044677734,23.22,71.26853942871094,23.22,44.78438186645508
23.230000000000004,28.81233596801757,23.23,111.7418212890625,23.23,32.87095260620117,23.23,71.24847412109375,23.23,44.51140213012695
23.24,29.477510452270508,23.24,111.7834014892578,23.24,33.6102409362793,23.24,71.23494720458984,23.24,44.19238662719727
23.25,30.1723690032959,23.25,111.80166625976562,23.250000000000004,34.35658645629883,23.25,71.22575378417969,23.25,43.91410446166992
23.260000000000005,30.90104484558105,23.26,111.81089782714844,23.26,35.10679626464844,23.26,71.21685028076172,23.26,43.76206207275391
23.270000000000003,31.65010070800781,23.27,111.8077392578125,23.27,35.86835479736328,23.270000000000003,71.20751190185547,23.270000000000003,43.65782165527344
23.28,32.41250228881836,23.28,111.80889892578124,23.28,36.61373519897461,23.28,71.19854736328125,23.28,43.54655075073242
23.29,33.18415451049805,23.29,111.80333709716795,23.290000000000003,37.37532424926758,23.29,71.19005584716797,23.29,43.47068405151367
23.300000000000004,33.96012496948242,23.3,111.7931900024414,23.3,38.15885162353516,23.3,71.18272399902344,23.3,43.41495132446289
23.31,34.735103607177734,23.31,111.78578186035156,23.31,38.90200805664063,23.31,71.18464660644531,23.31,43.37313079833984
23.32,35.50532150268555,23.32,111.77295684814452,23.32,39.64004898071289,23.32,71.18527221679688,23.32,43.38146209716797
23.330000000000005,36.27809524536133,23.33,111.76194763183594,23.33,40.390743255615234,23.33,71.1824722290039,23.33,43.47798538208008
23.340000000000003,37.05843353271485,23.34,111.72435760498048,23.34,41.12308883666992,23.340000000000003,71.17583465576172,23.340000000000003,43.60898971557617
23.35,37.82991027832031,23.35,111.68927001953124,23.35,41.86087417602539,23.35,71.1651611328125,23.35,43.716068267822266
23.36,38.60197830200195,23.36,111.6330108642578,23.360000000000003,42.61320114135742,23.36,71.15401458740234,23.36,43.869815826416016
23.370000000000005,39.3629035949707,23.37,111.59076690673828,23.37,43.31724548339844,23.37,71.1414566040039,23.37,44.09521484375
23.380000000000003,40.115333557128906,23.380000000000003,111.5358657836914,23.38,44.0643196105957,23.380000000000003,71.12923431396484,23.380000000000003,44.32510757446289
23.39,40.85820770263672,23.39,111.47470092773438,23.39,44.85151290893555,23.39,71.11122131347656,23.39,44.58753204345703
23.40000000000001,41.60226821899414,23.4,111.42377471923828,23.4,45.8198471069336,23.4,71.08525085449219,23.4,44.90605545043945
23.410000000000004,42.34405899047852,23.41,111.33546447753906,23.41,46.647342681884766,23.41,71.05288696289062,23.410000000000004,45.23572540283203
23.42,43.08302688598633,23.42,111.26155090332033,23.42,47.443302154541016,23.42,71.01539611816406,23.42,45.578880310058594
23.43,43.82368850708008,23.43,111.1854248046875,23.430000000000003,48.2659797668457,23.43,70.97767639160156,23.43,45.97140121459961
23.440000000000005,44.57221221923828,23.44,111.13663482666016,23.44,49.124244689941406,23.44,70.93694305419922,23.44,46.37340927124024
23.450000000000003,45.3355827331543,23.450000000000003,111.06282806396484,23.45,50.0105094909668,23.450000000000003,70.89812469482422,23.450000000000003,46.789363861083984
23.46,46.10735702514648,23.46,110.99406433105467,23.46,50.9168701171875,23.46,70.8580551147461,23.46,47.2320556640625
23.47,46.89509201049805,23.47,110.88665008544922,23.47,51.80585479736328,23.47,70.8146743774414,23.47,47.7061653137207
23.480000000000004,47.69032287597656,23.48,110.79458618164062,23.48,52.67288589477539,23.48,70.77107238769531,23.48,48.19059371948242
23.49,48.49519729614258,23.49,110.70996856689452,23.49,53.529239654541016,23.49,70.72542572021484,23.49,48.69284057617188
23.5,49.31391906738281,23.5,110.65375518798828,23.500000000000004,54.38084411621094,23.5,70.68357849121094,23.5,49.22284698486328
23.510000000000005,50.13858795166016,23.51,110.5692901611328,23.51,55.23727035522461,23.51,70.64810943603516,23.51,49.74824905395508
23.520000000000003,50.95835876464844,23.52,110.46322631835938,23.52,56.12160873413086,23.520000000000003,70.6109390258789,23.520000000000003,50.28206253051758
23.53,51.77211380004883,23.53,110.3607940673828,23.53,57.01250457763672,23.53,70.57427215576172,23.53,50.81533432006836
23.54,52.592899322509766,23.54,110.23928833007812,23.540000000000003,57.82609939575195,23.54,70.54299926757812,23.54,51.31723785400391
23.550000000000004,53.423152923583984,23.55,110.10211944580078,23.55,58.546329498291016,23.55,70.51378631591797,23.55,51.81148147583008
23.56,54.2563591003418,23.56,109.96266174316406,23.56,59.070560455322266,23.56,70.48797607421875,23.56,52.31829452514648
23.57,55.07071304321289,23.57,109.8107452392578,23.57,59.63832092285156,23.57,70.47325897216797,23.57,52.8138427734375
23.580000000000005,55.87448120117188,23.58,109.63658905029295,23.58,60.929969787597656,23.58,70.4670181274414,23.58,53.3461799621582
23.590000000000003,56.67204284667969,23.59,109.48776245117188,23.59,61.96934127807617,23.590000000000003,70.46593475341797,23.590000000000003,53.910770416259766
23.6,57.46149826049805,23.6,109.32513427734376,23.6,62.8325309753418,23.6,70.47110748291016,23.6,54.47858428955078
23.61,58.26396942138672,23.61,109.14886474609376,23.610000000000003,63.72538757324219,23.61,70.47306060791016,23.61,55.04682540893555
23.620000000000005,59.08208847045898,23.62,108.9651107788086,23.62,64.5686264038086,23.62,70.46844482421875,23.62,55.64391708374024
23.630000000000003,59.917911529541016,23.630000000000003,108.80211639404295,23.63,65.33100891113281,23.630000000000003,70.46604919433594,23.630000000000003,56.245513916015625
23.64,60.769527435302734,23.64,108.6239013671875,23.64,66.13086700439453,23.64,70.46819305419922,23.64,56.8629264831543
23.65000000000001,61.61798095703125,23.65,108.46407318115234,23.65,66.9588394165039,23.65,70.47001647949219,23.65,57.45756149291992
23.660000000000004,62.44953536987305,23.66,108.29212951660156,23.66,67.8056869506836,23.66,70.47245025634766,23.660000000000004,58.087100982666016
23.67,63.28080368041992,23.67,108.1037139892578,23.67,68.62545776367188,23.67,70.47844696044922,23.67,58.72940444946289
23.68,64.08170318603516,23.68,107.90031433105467,23.680000000000003,69.39604187011719,23.68,70.48843383789062,23.68,59.36252212524414
23.690000000000005,64.89784240722656,23.69,107.70098114013672,23.69,70.1434555053711,23.69,70.49555206298828,23.69,60.00001907348633
23.700000000000003,65.72923278808594,23.700000000000003,107.5069351196289,23.7,70.8799819946289,23.700000000000003,70.50296020507812,23.700000000000003,60.68684768676758
23.71,66.53548431396484,23.71,107.32576751708984,23.71,71.58202362060547,23.71,70.50479125976562,23.71,61.3635368347168
23.72,67.34075927734375,23.72,107.14337158203124,23.72,72.27835083007812,23.72,70.5008773803711,23.72,62.067474365234375
23.730000000000004,68.14065551757812,23.73,106.98113250732422,23.73,72.97518157958984,23.73,70.49274444580078,23.73,62.76964569091797
23.74,68.91567993164062,23.74,106.81404876708984,23.74,73.68013000488281,23.74,70.47982025146484,23.74,63.46870422363281
23.75,69.64501190185547,23.75,106.6480484008789,23.750000000000004,74.41785430908203,23.75,70.46788787841797,23.75,64.18595886230469
23.760000000000005,70.33927154541016,23.76,106.47664642333984,23.76,75.19193267822266,23.76,70.45692443847656,23.76,64.88935089111328
23.770000000000003,71.03655242919922,23.77,106.2993621826172,23.77,75.9494857788086,23.770000000000003,70.44456481933594,23.770000000000003,65.6023941040039
23.78,71.66278839111328,23.78,106.1124496459961,23.78,76.63285827636719,23.78,70.43461608886719,23.78,66.31521606445312
23.79,72.23107147216797,23.79,105.91783142089844,23.790000000000003,77.29019165039062,23.79,70.4293441772461,23.79,67.0080795288086
23.800000000000004,72.83366394042969,23.8,105.71237182617188,23.8,77.94621276855469,23.8,70.42152404785156,23.8,67.68060302734375
23.81,73.42516326904297,23.81,105.53091430664062,23.81,78.60999298095703,23.81,70.41307067871094,23.81,68.35159301757812
23.82,74.05730438232422,23.82,105.33283233642578,23.82,79.27690124511719,23.82,70.40520477294922,23.82,69.0406265258789
23.830000000000005,74.63203430175781,23.83,105.15365600585938,23.83,79.88980102539062,23.83,70.39807891845703,23.83,69.70429992675781
23.840000000000003,75.12613677978516,23.84,104.94735717773438,23.84,80.52855682373047,23.840000000000003,70.39036560058594,23.840000000000003,70.35829162597656
23.85,75.62159729003906,23.85,104.77262878417967,23.85,81.15276336669922,23.85,70.38976287841797,23.85,71.03152465820312
23.86,76.11859893798828,23.86,104.57991790771484,23.860000000000003,81.73531341552734,23.86,70.39176177978516,23.86,71.69181060791016
23.870000000000005,76.6814193725586,23.87,104.3834228515625,23.87,82.37583923339844,23.87,70.39746856689453,23.87,72.35458374023438
23.880000000000003,77.2006607055664,23.880000000000003,104.1813735961914,23.88,82.92467498779297,23.880000000000003,70.40689849853516,23.880000000000003,72.9862060546875
23.89,77.7729721069336,23.89,103.95940399169922,23.89,83.48147583007812,23.89,70.41705322265625,23.89,73.60247039794922
23.90000000000001,78.33106994628906,23.9,103.74407958984376,23.9,84.50023651123047,23.9,70.42267608642578,23.9,74.19509887695312
23.910000000000004,78.93892669677734,23.91,103.53064727783205,23.91,85.67304229736328,23.91,70.42858123779297,23.910000000000004,74.74960327148438
23.92,79.49671936035156,23.92,103.34004974365234,23.92,86.29203033447266,23.92,70.43549346923828,23.92,75.27684020996094
23.93,80.03466796875,23.93,103.12667083740234,23.930000000000003,86.81128692626953,23.93,70.4412841796875,23.93,75.76220703125
23.940000000000005,80.5576171875,23.94,102.92999267578124,23.94,87.33073425292969,23.94,70.44744873046875,23.94,76.21541595458984
23.950000000000003,81.08255004882812,23.950000000000003,102.7584991455078,23.95,87.79893493652344,23.950000000000003,70.4547119140625,23.950000000000003,76.65074920654297
23.96,81.67655181884766,23.96,102.59840393066406,23.96,88.20751953125,23.96,70.46452331542969,23.96,77.0905990600586
23.97,82.3733139038086,23.97,102.42903900146484,23.97,88.5757064819336,23.97,70.4769287109375,23.97,77.50968933105469
23.980000000000004,83.12646484375,23.98,102.26700592041016,23.98,88.94607543945312,23.98,70.49366760253906,23.98,77.95034790039062
23.99,83.87336730957031,23.99,102.13314819335938,23.99,89.34376525878906,23.99,70.51390838623047,23.99,78.37267303466797
24.0,84.55332946777344,24.0,101.99735260009766,24.000000000000004,89.76811218261719,24.0,70.5364990234375,24.0,78.77455139160156
24.010000000000005,85.063232421875,24.01,101.90291595458984,24.01,90.13323974609376,24.01,70.56024932861328,24.01,79.16099548339844
24.020000000000003,85.55059051513672,24.02,101.80844116210938,24.02,90.52342224121094,24.020000000000003,70.58575439453125,24.020000000000003,79.51715850830078
24.03,86.0262680053711,24.03,101.71907806396484,24.03,90.92292785644533,24.03,70.61198425292969,24.03,79.86251831054688
24.04,86.2054214477539,24.04,101.6318130493164,24.040000000000003,91.3071060180664,24.04,70.6377182006836,24.04,80.17822265625
24.050000000000004,86.7783432006836,24.05,101.5521011352539,24.05,91.68183135986328,24.05,70.66390991210938,24.05,80.46676635742188
24.06,87.39997863769531,24.06,101.34967803955078,24.06,92.02501678466795,24.06,70.68660736083984,24.06,80.75907135009766
24.07,87.83155822753906,24.07,101.26709747314452,24.07,92.34886169433594,24.07,70.70805358886719,24.07,81.0433120727539
24.080000000000005,88.20533752441406,24.08,101.18346405029295,24.08,92.64073181152344,24.08,70.72662353515625,24.08,81.3106689453125
24.090000000000003,88.527587890625,24.09,101.09900665283205,24.09,92.86540222167967,24.090000000000003,70.74036407470703,24.090000000000003,81.56504821777344
24.1,88.88687133789062,24.1,101.01858520507812,24.1,93.02467346191406,24.1,70.74642944335938,24.1,81.81061553955078
24.11,89.1084213256836,24.11,100.97907257080078,24.110000000000003,93.1443862915039,24.11,70.74957275390625,24.11,82.02102661132812
24.120000000000005,89.5335922241211,24.12,100.96065521240234,24.12,93.24015808105467,24.12,70.75093078613281,24.12,82.24745178222656
24.130000000000003,89.92556762695312,24.130000000000003,100.94634246826172,24.13,93.3092269897461,24.130000000000003,70.74466705322266,24.130000000000003,82.46710968017578
24.14,90.13494110107422,24.14,100.91419982910156,24.14,93.36111450195312,24.14,70.7343521118164,24.14,82.66588592529297
24.15000000000001,90.3817138671875,24.15,100.91007995605467,24.15,93.4015121459961,24.15,70.71636962890625,24.15,82.83717346191406
24.160000000000004,90.57433319091795,24.16,100.9157943725586,24.16,93.4248275756836,24.16,70.69435119628906,24.160000000000004,82.99481201171875
24.17,90.78956604003906,24.17,100.94222259521484,24.17,93.44416046142578,24.17,70.6731948852539,24.17,83.13211059570312
24.18,90.97388458251952,24.18,100.96980285644533,24.180000000000003,93.47398376464844,24.18,70.64920043945312,24.18,83.25698852539062
24.190000000000005,91.10643768310548,24.19,100.99967193603516,24.19,93.50054931640624,24.19,70.62496185302734,24.19,83.36203002929688
24.200000000000003,91.20079040527344,24.200000000000003,101.02540588378906,24.2,93.51779174804688,24.200000000000003,70.5999755859375,24.200000000000003,83.4520492553711
24.21,91.26676177978516,24.21,101.05672454833984,24.21,93.53353118896484,24.21,70.57508850097656,24.21,83.53524780273438
24.22,91.29314422607422,24.22,101.11380767822266,24.22,93.54898834228516,24.22,70.55357360839844,24.22,83.59590148925781
24.230000000000004,91.29084777832033,24.23,101.17414855957033,24.23,93.55571746826172,24.23,70.53599548339844,24.23,83.63604736328125
24.24,91.2646255493164,24.24,101.2493133544922,24.24,93.55834197998048,24.24,70.52273559570312,24.24,83.66832733154297
24.25,91.22718811035156,24.25,101.33552551269533,24.250000000000004,93.56117248535156,24.25,70.51579284667969,24.25,83.69336700439453
24.260000000000005,91.17693328857422,24.26,101.42046356201172,24.26,93.55891418457033,24.26,70.50364685058594,24.26,83.71143341064453
24.270000000000003,91.12744903564452,24.27,101.50127410888672,24.27,93.54833984375,24.270000000000003,70.48625183105469,24.270000000000003,83.723876953125
24.28,91.0641860961914,24.28,101.58586120605467,24.28,93.5357666015625,24.28,70.47159576416016,24.28,83.72608184814453
24.29,90.9796371459961,24.29,101.66971588134766,24.290000000000003,93.5166244506836,24.29,70.45653533935547,24.29,83.71629333496094
24.300000000000004,90.8973617553711,24.3,101.73387908935548,24.3,93.4990692138672,24.3,70.4455337524414,24.3,83.69857025146484
24.31,90.81256866455078,24.31,101.78390502929688,24.31,93.49327850341795,24.31,70.43993377685547,24.31,83.66212463378906
24.32,90.72904205322266,24.32,101.8237075805664,24.32,93.480712890625,24.32,70.44304656982422,24.32,83.63269805908203
24.330000000000005,90.6564483642578,24.33,101.84178161621094,24.33,93.45524597167967,24.33,70.45340728759766,24.33,83.58872985839844
24.340000000000003,90.59915161132812,24.34,101.87490844726562,24.34,93.43508911132812,24.340000000000003,70.47113800048828,24.340000000000003,83.52992248535156
24.35,90.55388641357422,24.35,101.88687896728516,24.35,93.42005157470705,24.35,70.49962615966797,24.35,83.45662689208984
24.36,90.52368927001952,24.36,101.8859634399414,24.360000000000003,93.4124526977539,24.36,70.54199981689453,24.36,83.369873046875
24.370000000000005,90.52135467529295,24.37,101.8912124633789,24.37,93.4030303955078,24.37,70.6047134399414,24.37,83.2799072265625
24.380000000000003,90.5226821899414,24.380000000000003,101.85865020751952,24.38,93.412841796875,24.380000000000003,70.65583038330078,24.380000000000003,83.18817901611328
24.39,90.50869750976562,24.39,101.8096694946289,24.39,93.43780517578124,24.39,70.70105743408203,24.39,83.09658813476562
24.40000000000001,90.48939514160156,24.4,101.75176239013672,24.4,93.4559097290039,24.4,70.74614715576172,24.4,83.00428771972656
24.410000000000004,90.47525787353516,24.41,101.69290161132812,24.41,93.469482421875,24.41,70.79052734375,24.410000000000004,82.90467834472656
24.42,90.48497009277344,24.42,101.63320922851562,24.42,93.48561096191406,24.42,70.8350601196289,24.42,82.79581451416016
24.43,90.50588989257812,24.43,101.5714340209961,24.430000000000003,93.50223541259766,24.43,70.87865447998047,24.43,82.68746185302734
24.440000000000005,90.52978515625,24.44,101.49222564697266,24.44,93.51891326904295,24.44,70.92091369628906,24.44,82.58658599853516
24.450000000000003,90.55840301513672,24.450000000000003,101.40274047851562,24.45,93.52676391601562,24.450000000000003,70.96028137207031,24.450000000000003,82.49439239501953
24.46,90.59074401855467,24.46,101.3201675415039,24.46,93.52564239501952,24.46,70.99838256835938,24.46,82.40390014648438
24.47,90.62352752685548,24.47,101.22855377197266,24.47,93.52322387695312,24.47,71.03482055664062,24.47,82.31676483154297
24.480000000000004,90.6562042236328,24.48,101.13829040527344,24.48,93.51557159423828,24.48,71.06519317626953,24.48,82.23622131347656
24.49,90.68391418457033,24.49,101.05973052978516,24.49,93.50708770751952,24.49,71.09188079833984,24.49,82.16258239746094
24.5,90.7182159423828,24.5,100.98252868652344,24.500000000000004,93.49113464355467,24.5,71.11392211914062,24.5,82.09485626220703
24.510000000000005,90.74663543701172,24.51,100.91107177734376,24.51,93.4709930419922,24.51,71.13202667236328,24.51,82.02737426757812
24.520000000000003,90.77076721191406,24.52,100.84786987304688,24.52,93.43685913085938,24.520000000000003,71.14685821533203,24.520000000000003,81.96537017822266
24.53,90.79430389404295,24.53,100.76958465576172,24.53,93.40987396240234,24.53,71.16033935546875,24.53,81.9079360961914
24.54,90.8216552734375,24.54,100.70435333251952,24.540000000000003,93.38241577148438,24.54,71.17023468017578,24.54,81.85182189941406
24.550000000000004,90.84095001220705,24.55,100.63894653320312,24.55,93.35543060302734,24.55,71.17809295654297,24.55,81.80281066894531
24.56,90.85430908203124,24.56,100.5831298828125,24.56,93.32112884521484,24.56,71.18574523925781,24.56,81.75941467285156
24.57,90.86061096191406,24.57,100.534912109375,24.57,93.29024505615234,24.57,71.19039916992188,24.57,81.72686004638672
24.580000000000005,90.8707504272461,24.58,100.4900894165039,24.58,93.2620849609375,24.58,71.19295501708984,24.58,81.6991958618164
24.590000000000003,90.88688659667967,24.59,100.45504760742188,24.59,93.23326873779295,24.590000000000003,71.19691467285156,24.590000000000003,81.67843627929688
24.6,90.90060424804688,24.6,100.4280242919922,24.6,93.20687103271484,24.6,71.19937133789062,24.6,81.66419982910156
24.61,90.89298248291016,24.61,100.4024429321289,24.610000000000003,93.17767333984376,24.61,71.19992065429688,24.61,81.65852355957031
24.620000000000005,90.88388061523438,24.62,100.37997436523438,24.62,93.15536499023438,24.62,71.19888305664062,24.62,81.65422058105469
24.630000000000003,90.87405395507812,24.630000000000003,100.35918426513672,24.63,93.13780212402344,24.630000000000003,71.19784545898438,24.630000000000003,81.64632415771484
24.64,90.87345886230467,24.64,100.33805847167967,24.64,93.1171646118164,24.64,71.19852447509766,24.64,81.63896942138672
24.65000000000001,90.88092041015624,24.65,100.31829071044922,24.65,93.09259033203124,24.65,71.1989517211914,24.65,81.63044738769531
24.660000000000004,90.89358520507812,24.66,100.29769897460938,24.66,93.07039642333984,24.66,71.20220184326172,24.660000000000004,81.61898803710938
24.67,90.90300750732422,24.67,100.28118133544922,24.67,93.05670166015624,24.67,71.20822143554688,24.67,81.61382293701172
24.68,90.9174346923828,24.68,100.26750946044922,24.680000000000003,93.0374984741211,24.68,71.21633911132812,24.68,81.61703491210938
24.690000000000005,90.93074798583984,24.69,100.26116180419922,24.69,93.01288604736328,24.69,71.22422790527344,24.69,81.6250228881836
24.700000000000003,90.94605255126952,24.700000000000003,100.25440216064452,24.7,92.99153900146484,24.700000000000003,71.23014068603516,24.700000000000003,81.63479614257812
24.71,90.95787048339844,24.71,100.24846649169922,24.71,92.97296142578124,24.71,71.23796844482422,24.71,81.64373016357422
24.72,90.96834564208984,24.72,100.24867248535156,24.72,92.95368194580078,24.72,71.24451446533203,24.72,81.65226745605469
24.730000000000004,90.97623443603516,24.73,100.24523162841795,24.73,92.9339828491211,24.73,71.24980163574219,24.73,81.66365814208984
24.74,90.9821319580078,24.74,100.24420166015624,24.74,92.9132308959961,24.74,71.2547378540039,24.74,81.67931365966797
24.75,90.98664855957033,24.75,100.24179077148438,24.750000000000004,92.88973236083984,24.75,71.25769805908203,24.75,81.6945571899414
24.760000000000005,90.99147033691406,24.76,100.2369613647461,24.76,92.86856842041016,24.76,71.2624740600586,24.76,81.70954895019531
24.770000000000003,90.9920883178711,24.77,100.2336196899414,24.77,92.84709930419922,24.770000000000003,71.26609802246094,24.770000000000003,81.7197036743164
24.78,90.9859390258789,24.78,100.23174285888672,24.78,92.82085418701172,24.78,71.26957702636719,24.78,81.72262573242188
24.79,90.9731674194336,24.79,100.22846221923828,24.790000000000003,92.8065948486328,24.79,71.27359771728516,24.79,81.71542358398438
24.800000000000004,90.9596176147461,24.8,100.22821807861328,24.8,92.79629516601562,24.8,71.27822875976562,24.8,81.71633911132812
24.81,90.94892120361328,24.81,100.22949981689452,24.81,92.78665161132812,24.81,71.28394317626953,24.81,81.72499084472656
24.82,90.941162109375,24.82,100.23017120361328,24.82,92.77555084228516,24.82,71.29075622558594,24.82,81.73319244384766
24.830000000000005,90.93710327148438,24.83,100.23407745361328,24.83,92.76314544677734,24.83,71.29833221435547,24.83,81.73994445800781
24.840000000000003,90.93828582763672,24.84,100.24207305908205,24.84,92.74808502197266,24.840000000000003,71.30650329589844,24.840000000000003,81.74170684814453
24.85,90.9385223388672,24.85,100.25186157226562,24.85,92.73067474365234,24.85,71.3150634765625,24.85,81.73514556884766
24.86,90.93303680419922,24.86,100.26170349121094,24.860000000000003,92.71388244628906,24.86,71.32550048828125,24.86,81.73197174072266
24.870000000000005,90.9290008544922,24.87,100.27145385742188,24.87,92.69593048095705,24.87,71.33236694335938,24.87,81.7265853881836
24.880000000000003,90.92022705078124,24.880000000000003,100.28203582763672,24.88,92.6767349243164,24.880000000000003,71.33814239501953,24.880000000000003,81.72163391113281
24.89,90.91544342041016,24.89,100.30101013183594,24.89,92.6573715209961,24.89,71.34561157226562,24.89,81.72159576416016
24.90000000000001,90.91310119628906,24.9,100.32019805908205,24.9,92.63660430908205,24.9,71.35037994384766,24.9,81.72015380859375
24.910000000000004,90.91179656982422,24.91,100.33447265625,24.91,92.6216278076172,24.91,71.3551254272461,24.910000000000004,81.71671295166016
24.92,90.90934753417967,24.92,100.34579467773438,24.92,92.60291290283205,24.92,71.36148834228516,24.92,81.70597076416016
24.93,90.9142608642578,24.93,100.35254669189452,24.930000000000003,92.5801773071289,24.93,71.36604309082031,24.93,81.6993179321289
24.940000000000005,90.91036224365234,24.94,100.35701751708984,24.94,92.55834197998048,24.94,71.36837768554688,24.94,81.6977310180664
24.950000000000003,90.89691162109376,24.950000000000003,100.36955261230467,24.95,92.53707885742188,24.950000000000003,71.37168884277344,24.950000000000003,81.7044448852539
24.96,90.87747955322266,24.96,100.379150390625,24.96,92.51558685302734,24.96,71.37449645996094,24.96,81.70999145507812
24.97,90.85397338867188,24.97,100.38938903808594,24.97,92.49825286865234,24.97,71.37566375732422,24.97,81.71276092529297
24.980000000000004,90.82801055908205,24.98,100.4158172607422,24.98,92.48088836669922,24.98,71.37289428710938,24.98,81.717041015625
24.99,90.79986572265624,24.99,100.45375061035156,24.99,92.46407318115234,24.99,71.3745346069336,24.99,81.714599609375
25.0,90.78247833251952,25.0,100.47323608398438,25.000000000000004,92.4467315673828,25.0,71.37540435791016,25.0,81.7078857421875
25.010000000000005,90.77278900146484,25.01,100.4798812866211,25.01,92.42900848388672,25.01,71.38163757324219,25.01,81.70231628417969
25.020000000000003,90.76239013671876,25.02,100.48135375976562,25.02,92.40904998779295,25.020000000000003,71.38497924804688,25.020000000000003,81.70318603515625
25.03,90.75814819335938,25.03,100.478271484375,25.03,92.3907241821289,25.03,71.38883209228516,25.03,81.70906066894531
25.04,90.75296783447266,25.04,100.47526550292967,25.040000000000003,92.37312316894533,25.04,71.39448547363281,25.04,81.72150421142578
25.050000000000004,90.74979400634766,25.05,100.46956634521484,25.05,92.35576629638672,25.05,71.3990478515625,25.05,81.73121643066406
25.06,90.76204681396484,25.06,100.46463775634766,25.06,92.34224700927734,25.06,71.40225982666016,25.06,81.72711181640625
25.07,90.7703094482422,25.07,100.45819091796876,25.07,92.326171875,25.07,71.40557098388672,25.07,81.72217559814453
25.080000000000005,90.76748657226562,25.08,100.4537353515625,25.08,92.31346893310548,25.08,71.40581512451172,25.08,81.72406005859375
25.090000000000003,90.76517486572266,25.09,100.45028686523438,25.09,92.297607421875,25.090000000000003,71.4088134765625,25.090000000000003,81.72314453125
25.1,90.76354217529295,25.1,100.44397735595705,25.1,92.28319549560548,25.1,71.41193389892578,25.1,81.7176742553711
25.11,90.7586669921875,25.11,100.43435668945312,25.110000000000003,92.26929473876952,25.11,71.41253662109375,25.11,81.70684051513672
25.120000000000005,90.75311279296876,25.12,100.42497253417967,25.12,92.25434112548828,25.12,71.4146728515625,25.12,81.69187927246094
25.130000000000003,90.74618530273438,25.130000000000003,100.4137954711914,25.13,92.2441177368164,25.130000000000003,71.41681671142578,25.130000000000003,81.68109893798828
25.14,90.73462677001952,25.14,100.39920806884766,25.14,92.23221588134766,25.14,71.41647338867188,25.14,81.67215728759766
25.15000000000001,90.7219467163086,25.15,100.39119720458984,25.15,92.21924591064452,25.15,71.41496276855469,25.15,81.66341400146484
25.160000000000004,90.7130126953125,25.16,100.38697052001952,25.16,92.20369720458984,25.16,71.41366577148438,25.160000000000004,81.65269470214844
25.17,90.71046447753906,25.17,100.3809051513672,25.17,92.18533325195312,25.17,71.4118881225586,25.17,81.6416015625
25.18,90.7050552368164,25.18,100.37578582763672,25.180000000000003,92.17269897460938,25.18,71.41260528564453,25.18,81.63298797607422
25.190000000000005,90.6962432861328,25.19,100.37017822265624,25.19,92.15690612792967,25.19,71.4161148071289,25.19,81.62371826171875
25.200000000000003,90.68888854980467,25.200000000000003,100.36425018310548,25.2,92.13712310791016,25.200000000000003,71.41934204101562,25.200000000000003,81.61389923095703
25.21,90.68528747558594,25.21,100.35651397705078,25.21,92.11465454101562,25.21,71.42244720458984,25.21,81.60540771484375
25.22,90.69380950927734,25.22,100.34894561767578,25.22,92.09750366210938,25.22,71.4239501953125,25.22,81.5942153930664
25.230000000000004,90.69580078125,25.23,100.34064483642578,25.23,92.08135986328124,25.23,71.4243392944336,25.23,81.58453369140625
25.24,90.69898223876952,25.24,100.3332977294922,25.24,92.06653594970705,25.24,71.42672729492188,25.24,81.57405853271484
25.25,90.69561004638672,25.25,100.32865142822266,25.250000000000004,92.05218505859376,25.25,71.42884063720703,25.25,81.56748962402344
25.260000000000005,90.69300842285156,25.26,100.32025146484376,25.26,92.03545379638672,25.26,71.43268585205078,25.26,81.56643676757812
25.270000000000003,90.68914031982422,25.27,100.31101989746094,25.27,92.01952362060548,25.270000000000003,71.43599700927734,25.270000000000003,81.566650390625
25.28,90.6796875,25.28,100.30005645751952,25.28,92.00482177734376,25.28,71.43814849853516,25.28,81.56726837158203
25.29,90.66597747802734,25.29,100.28895568847656,25.290000000000003,91.98822784423828,25.29,71.44216918945312,25.29,81.57733154296875
25.300000000000004,90.65393829345705,25.3,100.27655029296876,25.3,91.9748992919922,25.3,71.44374084472656,25.3,81.60844421386719
25.31,90.64127349853516,25.31,100.26716613769533,25.31,91.9571304321289,25.31,71.44700622558594,25.31,81.62004089355469
25.32,90.6295928955078,25.32,100.25837707519533,25.32,91.9364776611328,25.32,71.44868469238281,25.32,81.63025665283203
25.330000000000005,90.6143569946289,25.33,100.24932861328124,25.33,91.9181671142578,25.33,71.44951629638672,25.33,81.64529418945312
25.340000000000003,90.60133361816406,25.34,100.24456024169922,25.34,91.90154266357422,25.340000000000003,71.44924926757812,25.340000000000003,81.6589126586914
25.35,90.58902740478516,25.35,100.24251556396484,25.35,91.88848114013672,25.35,71.45150756835938,25.35,81.66561889648438
25.36,90.57396697998048,25.36,100.239990234375,25.360000000000003,91.88324737548828,25.36,71.45115661621094,25.36,81.66584777832031
25.370000000000005,90.55440521240234,25.37,100.23725128173828,25.37,91.87937927246094,25.37,71.45220947265625,25.37,81.67676544189453
25.380000000000003,90.53820037841795,25.380000000000003,100.23329162597656,25.38,91.8719711303711,25.380000000000003,71.45330047607422,25.380000000000003,81.6871337890625
25.39,90.52164459228516,25.39,100.23016357421876,25.39,91.85015106201172,25.39,71.45541381835938,25.39,81.6917953491211
25.40000000000001,90.50750732421876,25.4,100.22480010986328,25.4,91.84064483642578,25.4,71.45556640625,25.4,81.69461822509766
25.410000000000004,90.49794006347656,25.41,100.22164154052734,25.41,91.83177947998048,25.41,71.45714569091797,25.410000000000004,81.69647216796875
25.42,90.49127197265624,25.42,100.22309112548828,25.42,91.82352447509766,25.42,71.45669555664062,25.42,81.69738006591797
25.43,90.48634338378906,25.43,100.22508239746094,25.430000000000003,91.81959533691406,25.43,71.45726776123047,25.43,81.70008850097656
25.440000000000005,90.4836883544922,25.44,100.2300796508789,25.44,91.8179931640625,25.44,71.45518493652344,25.44,81.7065658569336
25.450000000000003,90.4764633178711,25.450000000000003,100.23445129394533,25.45,91.81558227539062,25.450000000000003,71.45366668701172,25.450000000000003,81.7072982788086
25.46,90.46431732177734,25.46,100.23918151855467,25.46,91.8125991821289,25.46,71.45413970947266,25.46,81.70502471923828
25.47,90.45272827148438,25.47,100.2459716796875,25.47,91.81187438964844,25.47,71.45095825195312,25.47,81.69974517822266
25.480000000000004,90.44761657714844,25.48,100.2496566772461,25.48,91.80914306640624,25.48,71.44586181640625,25.48,81.69707489013672
25.49,90.4544906616211,25.49,100.26239776611328,25.49,91.79818725585938,25.49,71.44676971435547,25.49,81.69947052001953
25.5,90.45448303222656,25.5,100.2715835571289,25.500000000000004,91.7926788330078,25.5,71.44552612304688,25.5,81.69539642333984
25.510000000000005,90.44869232177734,25.51,100.27162170410156,25.51,91.78304290771484,25.51,71.44778442382812,25.51,81.68716430664062
25.520000000000003,90.43873596191406,25.52,100.2695541381836,25.52,91.7837142944336,25.520000000000003,71.44853210449219,25.520000000000003,81.67971801757812
25.53,90.430419921875,25.53,100.26646423339844,25.53,91.78529357910156,25.53,71.4510498046875,25.53,81.67425537109375
25.54,90.42508697509766,25.54,100.26874542236328,25.540000000000003,91.78361511230467,25.54,71.45166015625,25.54,81.6696548461914
25.550000000000004,90.41878509521484,25.55,100.27001953125,25.55,91.78275299072266,25.55,71.4541015625,25.55,81.66959381103516
25.56,90.41696166992188,25.56,100.26960754394533,25.56,91.7801513671875,25.56,71.45445251464844,25.56,81.66699981689453
25.57,90.415771484375,25.57,100.27371978759766,25.57,91.77722930908205,25.57,71.45662689208984,25.57,81.66035461425781
25.580000000000005,90.4173812866211,25.58,100.28114318847656,25.58,91.7713394165039,25.58,71.45902252197266,25.58,81.65103912353516
25.590000000000003,90.42039489746094,25.59,100.28341674804688,25.59,91.76524353027344,25.590000000000003,71.46098327636719,25.590000000000003,81.64846801757812
25.6,90.4185028076172,25.6,100.28475189208984,25.6,91.76398468017578,25.6,71.46295928955078,25.6,81.64385223388672
25.61,90.42193603515624,25.61,100.28702545166016,25.610000000000003,91.7615966796875,25.61,71.46664428710938,25.61,81.64262390136719
25.620000000000005,90.4229736328125,25.62,100.28856658935548,25.62,91.75968933105467,25.62,71.46857452392578,25.62,81.644775390625
25.630000000000003,90.42572784423828,25.630000000000003,100.28739166259766,25.63,91.76102447509766,25.630000000000003,71.46965026855469,25.630000000000003,81.64554595947266
25.64,90.42436981201172,25.64,100.28421020507812,25.64,91.7605209350586,25.64,71.47138977050781,25.64,81.64934539794922
25.65000000000001,90.41738891601562,25.65,100.28258514404295,25.65,91.75838470458984,25.65,71.47107696533203,25.65,81.65799713134766
25.660000000000004,90.40705108642578,25.66,100.27978515625,25.66,91.75415802001952,25.66,71.47203826904297,25.660000000000004,81.66405487060547
25.67,90.39986419677734,25.67,100.27621459960938,25.67,91.75030517578124,25.67,71.4706039428711,25.67,81.66478729248047
25.68,90.38694763183594,25.68,100.27179718017578,25.680000000000003,91.74857330322266,25.68,71.4716796875,25.68,81.66621398925781
25.690000000000005,90.37791442871094,25.69,100.2666015625,25.69,91.74528503417967,25.69,71.46968841552734,25.69,81.6712646484375
25.700000000000003,90.37139129638672,25.700000000000003,100.26368713378906,25.7,91.73599243164062,25.700000000000003,71.46791076660156,25.700000000000003,81.67586517333984
25.71,90.36243438720705,25.71,100.2625503540039,25.71,91.727294921875,25.71,71.4666976928711,25.71,81.67919158935547
25.72,90.362060546875,25.72,100.25961303710938,25.72,91.71818542480467,25.72,71.46321868896484,25.72,81.67822265625
25.730000000000004,90.3625030517578,25.73,100.25968933105467,25.73,91.7109603881836,25.73,71.46308898925781,25.73,81.6734619140625
25.74,90.36016845703124,25.74,100.260986328125,25.74,91.70564270019533,25.74,71.4642333984375,25.74,81.6775131225586
25.75,90.36067962646484,25.75,100.2606430053711,25.750000000000004,91.70148468017578,25.75,71.4613265991211,25.75,81.68558502197266
25.760000000000005,90.3561782836914,25.76,100.25870513916016,25.76,91.6949234008789,25.76,71.45945739746094,25.76,81.69049072265625
25.770000000000003,90.34844207763672,25.77,100.26935577392578,25.77,91.68555450439452,25.770000000000003,71.45590209960938,25.770000000000003,81.6924057006836
25.78,90.34487915039062,25.78,100.26728057861328,25.78,91.67369079589844,25.78,71.45368194580078,25.78,81.69354248046875
25.79,90.34675598144533,25.79,100.26183319091795,25.790000000000003,91.65960693359376,25.79,71.44871520996094,25.79,81.6963882446289
25.800000000000004,90.35105895996094,25.8,100.2544937133789,25.8,91.64861297607422,25.8,71.45088958740234,25.8,81.69906616210938
25.81,90.34923553466795,25.81,100.24899291992188,25.81,91.63528442382812,25.81,71.44349670410156,25.81,81.69942474365234
25.82,90.34587097167967,25.82,100.2418212890625,25.82,91.62635803222656,25.82,71.44453430175781,25.82,81.69705963134766
25.830000000000005,90.3343734741211,25.83,100.23516845703124,25.83,91.62007904052734,25.83,71.44500732421875,25.83,81.69132232666016
25.840000000000003,90.32256317138672,25.84,100.22572326660156,25.84,91.6176528930664,25.840000000000003,71.44593048095703,25.840000000000003,81.68522644042969
25.85,90.30538940429688,25.85,100.21429443359376,25.85,91.6152801513672,25.85,71.4493408203125,25.85,81.68122100830078
25.86,90.28456115722656,25.86,100.2033233642578,25.860000000000003,91.61229705810548,25.86,71.45201110839844,25.86,81.67826843261719
25.870000000000005,90.26414489746094,25.87,100.18955993652344,25.87,91.60670471191406,25.87,71.45342254638672,25.87,81.676025390625
25.880000000000003,90.24488830566406,25.880000000000003,100.17804718017578,25.88,91.59876251220705,25.880000000000003,71.45387268066406,25.880000000000003,81.67253875732422
25.89,90.23085021972656,25.89,100.16426849365234,25.89,91.5923309326172,25.89,71.45417022705078,25.89,81.66643524169922
25.90000000000001,90.21749877929688,25.9,100.1483383178711,25.9,91.58414459228516,25.9,71.45291137695312,25.9,81.65772247314453
25.910000000000004,90.20115661621094,25.91,100.137939453125,25.91,91.57274627685548,25.91,71.45316314697266,25.910000000000004,81.64673614501953
25.92,90.17979431152344,25.92,100.12608337402344,25.92,91.56094360351562,25.92,71.45148468017578,25.92,81.63176727294922
25.93,90.15391540527344,25.93,100.10558319091795,25.930000000000003,91.55235290527344,25.93,71.45166015625,25.93,81.61491394042969
25.940000000000005,90.1258316040039,25.94,100.0884246826172,25.94,91.54263305664062,25.94,71.45214080810547,25.94,81.59821319580078
25.950000000000003,90.10237884521484,25.950000000000003,100.07633972167967,25.95,91.52918243408205,25.950000000000003,71.45020294189453,25.950000000000003,81.5768814086914
25.96,90.07691955566406,25.96,100.06571197509766,25.96,91.51268005371094,25.96,71.45045471191406,25.96,81.55176544189453
25.97,90.05146789550781,25.97,100.06163024902344,25.97,91.49834442138672,25.97,71.45115661621094,25.97,81.5250244140625
25.980000000000004,90.02460479736328,25.98,100.0616683959961,25.98,91.48489379882812,25.98,71.4513168334961,25.98,81.49688720703125
25.99,90.00041961669922,25.99,100.05804443359376,25.99,91.47086334228516,25.99,71.44947052001953,25.99,81.4650650024414
26.0,89.96939849853516,26.0,100.0524444580078,26.000000000000004,91.459228515625,26.0,71.44673919677734,26.0,81.42160034179688
26.010000000000005,89.9358901977539,26.01,100.0460968017578,26.01,91.4498291015625,26.01,71.44615936279297,26.01,81.3758773803711
26.020000000000003,89.89450073242188,26.02,100.04010009765624,26.02,91.43413543701172,26.020000000000003,71.44612884521484,26.020000000000003,81.32928466796875
26.03,89.84506225585938,26.03,100.04156494140624,26.03,91.41285705566406,26.03,71.44487762451172,26.03,81.27450561523438
26.04,89.78527069091797,26.04,100.0358428955078,26.040000000000003,91.38616180419922,26.04,71.4460220336914,26.04,81.21604919433594
26.050000000000004,89.74978637695312,26.05,100.03279113769533,26.05,91.35652923583984,26.05,71.44381713867188,26.05,81.1515884399414
26.06,89.69512176513672,26.06,100.03701782226562,26.06,91.32115173339844,26.06,71.44119262695312,26.06,81.06912231445312
26.07,89.6329345703125,26.07,100.0399932861328,26.07,91.27676391601562,26.07,71.43914031982422,26.07,80.96300506591797
26.080000000000005,89.57923889160156,26.08,100.05872344970705,26.08,91.22805786132812,26.08,71.43578338623047,26.08,80.83007049560547
26.090000000000003,89.50251770019531,26.09,100.0705337524414,26.09,91.17401123046876,26.090000000000003,71.4318618774414,26.090000000000003,80.68990325927734
26.1,89.40125274658203,26.1,100.09779357910156,26.1,91.12518310546876,26.1,71.42754364013672,26.1,80.53417205810547
26.11,89.28506469726562,26.11,100.11510467529295,26.110000000000003,91.06626892089844,26.11,71.41917419433594,26.11,80.3600082397461
26.120000000000005,89.15277099609375,26.12,100.1416244506836,26.12,91.00227355957033,26.12,71.41001892089844,26.12,80.16956329345703
26.130000000000003,88.99918365478516,26.130000000000003,100.174072265625,26.13,90.93043518066406,26.130000000000003,71.39985656738281,26.130000000000003,79.97174835205078
26.14,88.8208236694336,26.14,100.20346069335938,26.14,90.8609619140625,26.14,71.39075469970703,26.14,79.79519653320312
26.15000000000001,88.59020233154297,26.15,100.2361297607422,26.15,90.7799072265625,26.15,71.37828063964844,26.15,79.63671112060547
26.160000000000004,88.3363037109375,26.16,100.27030181884766,26.16,90.69512176513672,26.16,71.36737823486328,26.160000000000004,79.49459838867188
26.17,88.0931625366211,26.17,100.30256652832033,26.17,90.60718536376952,26.17,71.35548400878906,26.17,79.3489761352539
26.18,87.87824249267578,26.18,100.32086181640624,26.180000000000003,90.53488159179688,26.18,71.34379577636719,26.18,79.21284484863281
26.190000000000005,87.6475601196289,26.19,100.34073638916016,26.19,90.45439910888672,26.19,71.33521270751953,26.19,79.0828857421875
26.200000000000003,87.34850311279297,26.200000000000003,100.3431625366211,26.2,90.37097930908205,26.200000000000003,71.32740783691406,26.200000000000003,78.91362762451172
26.21,87.014892578125,26.21,100.34380340576172,26.21,90.28410339355467,26.21,71.32001495361328,26.21,78.72501373291016
26.22,86.62435150146484,26.22,100.35800170898438,26.22,90.2102279663086,26.22,71.3159408569336,26.22,78.52183532714844
26.230000000000004,86.38053894042969,26.23,100.3603515625,26.23,90.11541748046876,26.23,71.31282043457031,26.23,78.31258392333984
26.24,86.093505859375,26.24,100.36298370361328,26.24,90.01178741455078,26.24,71.31138610839844,26.24,78.09796905517578
26.25,85.80338287353516,26.25,100.369873046875,26.250000000000004,89.90637969970703,26.25,71.30998229980469,26.25,77.84376525878906
26.260000000000005,85.50669860839844,26.26,100.37287902832033,26.26,89.77985382080078,26.26,71.3108139038086,26.26,77.56820678710938
26.270000000000003,85.19326782226562,26.27,100.37176513671876,26.27,89.64916229248047,26.270000000000003,71.31278991699219,26.270000000000003,77.28968811035156
26.28,84.89163970947266,26.28,100.38802337646484,26.28,89.50605773925781,26.28,71.31784057617188,26.28,76.9853286743164
26.29,84.58740234375,26.29,100.4101104736328,26.290000000000003,89.34906768798828,26.29,71.32195281982422,26.29,76.69001007080078
26.300000000000004,84.26864624023438,26.3,100.42869567871094,26.3,89.16632080078125,26.3,71.32475280761719,26.3,76.40682220458984
26.31,83.92312622070312,26.31,100.45301055908205,26.31,88.95904541015625,26.31,71.32628631591797,26.31,76.09228515625
26.32,83.57810974121094,26.32,100.49614715576172,26.32,88.72415161132812,26.32,71.32612609863281,26.32,75.7510757446289
26.330000000000005,83.22978210449219,26.33,100.54673767089844,26.33,88.45381164550781,26.33,71.32659149169922,26.33,75.37613677978516
26.340000000000003,82.81999206542969,26.34,100.6040267944336,26.34,88.15203094482422,26.340000000000003,71.32894897460938,26.340000000000003,74.95451354980469
26.35,82.36117553710938,26.35,100.66956329345705,26.35,87.84154510498047,26.35,71.32819366455078,26.35,74.48220825195312
26.36,81.98458862304688,26.36,100.74778747558594,26.360000000000003,87.49068450927734,26.36,71.32953643798828,26.36,73.974609375
26.370000000000005,81.58113098144531,26.37,100.814697265625,26.37,87.12891387939453,26.37,71.32732391357422,26.37,73.46440124511719
26.380000000000003,81.13587188720703,26.380000000000003,100.88629150390624,26.38,86.74220275878906,26.380000000000003,71.32347106933594,26.380000000000003,72.93986511230469
26.39,80.64097595214844,26.39,100.98116302490234,26.39,86.27090454101562,26.39,71.32256317138672,26.39,72.38578033447266
26.40000000000001,80.12080383300781,26.4,101.06417846679688,26.4,85.74064636230469,26.4,71.33027648925781,26.4,71.83092498779297
26.410000000000004,79.5869369506836,26.41,101.14519500732422,26.41,85.18797302246094,26.41,71.3448486328125,26.410000000000004,71.26661682128906
26.42,79.05876922607422,26.42,101.21868896484376,26.42,84.59517669677734,26.42,71.36389923095703,26.42,70.7178726196289
26.43,78.55143737792969,26.43,101.30423736572266,26.430000000000003,83.95065307617188,26.43,71.38682556152344,26.43,70.16011047363281
26.440000000000005,78.08157348632812,26.44,101.3658218383789,26.44,83.29837799072266,26.44,71.41503143310547,26.44,69.52545166015625
26.450000000000003,77.63824462890625,26.450000000000003,101.42198944091795,26.45,82.6681900024414,26.450000000000003,71.44384765625,26.450000000000003,68.99661254882812
26.46,77.23748016357422,26.46,101.4765853881836,26.46,82.01170349121094,26.46,71.46376037597656,26.46,68.48295593261719
26.47,76.8543472290039,26.47,101.52428436279295,26.47,81.32678985595703,26.47,71.47708892822266,26.47,67.9695816040039
26.480000000000004,76.51680755615234,26.48,101.57901763916016,26.48,80.62334442138672,26.48,71.4925308227539,26.48,67.41727447509766
26.49,76.20751190185547,26.49,101.63804626464844,26.49,79.90629577636719,26.49,71.50762176513672,26.49,66.89915466308594
26.5,75.92658996582031,26.5,101.70893096923828,26.500000000000004,79.19232177734375,26.5,71.51957702636719,26.5,66.37869262695312
26.510000000000005,75.64628601074219,26.51,101.78710174560548,26.51,78.45450592041016,26.51,71.53736877441406,26.51,65.85308837890625
26.520000000000003,75.37939453125,26.52,101.88449096679688,26.52,77.72119140625,26.520000000000003,71.55728912353516,26.520000000000003,65.25923919677734
26.53,75.04539489746094,26.53,101.99419403076172,26.53,76.96971893310547,26.53,71.57760620117188,26.53,64.65779113769531
26.54,74.6596908569336,26.54,102.10393524169922,26.540000000000003,76.13119506835938,26.54,71.5914535522461,26.54,64.12071228027344
26.550000000000004,74.18836975097656,26.55,102.20553588867188,26.55,75.2842788696289,26.55,71.5934829711914,26.55,63.64815902709961
26.56,73.66050720214844,26.56,102.2842788696289,26.56,74.4581069946289,26.56,71.60137939453125,26.56,63.15895462036133
26.57,73.18695831298828,26.57,102.3596420288086,26.57,73.6001968383789,26.57,71.6067123413086,26.57,62.622100830078125
26.580000000000005,72.7593994140625,26.58,102.43672943115234,26.58,72.7448501586914,26.58,71.61248779296875,26.58,62.00334167480469
26.590000000000003,72.3566665649414,26.59,102.53023529052734,26.59,71.95816040039062,26.590000000000003,71.62059020996094,26.590000000000003,61.36064147949219
26.6,71.9297866821289,26.6,102.65264892578124,26.6,71.25658416748047,26.6,71.62537384033203,26.6,60.65989685058594
26.61,71.46649932861328,26.61,102.80243682861328,26.610000000000003,70.61431121826172,26.61,71.62594604492188,26.61,59.96183776855469
26.620000000000005,70.92985534667969,26.62,102.9541244506836,26.62,69.97863006591797,26.62,71.62726593017578,26.62,59.39491271972656
26.630000000000003,70.32654571533203,26.630000000000003,103.12892150878906,26.63,69.35751342773438,26.630000000000003,71.62911224365234,26.630000000000003,59.00623321533203
26.64,69.72883605957031,26.64,103.28350067138672,26.64,68.6783447265625,26.64,71.63397979736328,26.64,58.66534423828125
26.65000000000001,69.16828155517578,26.65,103.45056915283205,26.65,67.95343017578125,26.65,71.64580535888672,26.65,58.25968551635742
26.660000000000004,68.61997985839844,26.66,103.59825897216795,26.66,67.20574188232422,26.66,71.656982421875,26.660000000000004,57.809120178222656
26.67,68.0196762084961,26.67,103.75141143798828,26.67,66.47357940673828,26.67,71.67477416992188,26.67,57.29570007324219
26.68,67.3008041381836,26.68,103.8943328857422,26.680000000000003,65.81230926513672,26.68,71.6895751953125,26.68,56.67905807495117
26.690000000000005,66.52515411376953,26.69,104.07669067382812,26.69,65.07798767089844,26.69,71.70076751708984,26.69,56.09105682373047
26.700000000000003,65.78105163574219,26.700000000000003,104.27347564697266,26.7,64.28001403808594,26.700000000000003,71.71218872070312,26.700000000000003,55.55224609375
26.71,65.01586151123047,26.71,104.46194458007812,26.71,63.48549270629883,26.71,71.73079681396484,26.71,55.02864456176758
26.72,64.20280456542969,26.72,104.61882019042967,26.72,62.73329544067383,26.72,71.748046875,26.72,54.55718612670898
26.730000000000004,63.3952522277832,26.73,104.7631607055664,26.73,61.995601654052734,26.73,71.76624298095703,26.73,54.11696243286133
26.74,62.62445068359375,26.74,104.87500762939452,26.74,61.25941848754883,26.74,71.7847671508789,26.74,53.62238693237305
26.75,61.895599365234375,26.75,104.98233032226562,26.750000000000004,60.48003005981445,26.75,71.80753326416016,26.75,53.18699264526367
26.760000000000005,61.24556350708008,26.76,105.0968017578125,26.76,59.67424774169922,26.76,71.83381652832031,26.76,52.81185531616211
26.770000000000003,60.59041213989258,26.77,105.18598175048828,26.77,58.86822891235352,26.770000000000003,71.85989379882812,26.770000000000003,52.43833160400391
26.78,59.8885383605957,26.78,105.3354034423828,26.78,58.05506896972656,26.78,71.88456726074219,26.78,52.065216064453125
26.79,59.17013168334961,26.79,105.53441619873048,26.790000000000003,57.24775314331055,26.79,71.90850830078125,26.79,51.65925598144531
26.800000000000004,58.45315933227539,26.8,105.71929168701172,26.8,56.497100830078125,26.8,71.93072509765625,26.8,51.21134948730469
26.81,57.68696975708008,26.81,105.89710998535156,26.81,55.74273681640625,26.81,71.94889831542969,26.81,50.7910041809082
26.82,56.89727783203125,26.82,106.07483673095705,26.82,54.973899841308594,26.82,71.95268249511719,26.82,50.46879196166992
26.830000000000005,56.083133697509766,26.83,106.2497787475586,26.83,54.21897506713867,26.83,71.9540023803711,26.83,50.24345779418945
26.840000000000003,55.2740364074707,26.84,106.41658782958984,26.84,53.46274566650391,26.840000000000003,71.95465087890625,26.840000000000003,50.10175323486328
26.85,54.503936767578125,26.85,106.59947204589844,26.85,52.70426940917969,26.85,71.95802307128906,26.85,49.93772506713867
26.86,53.76097869873047,26.86,106.7542495727539,26.860000000000003,51.92955017089844,26.86,71.95767974853516,26.86,49.7050666809082
26.870000000000005,53.04121398925781,26.87,106.9100341796875,26.87,51.142852783203125,26.87,71.95365905761719,26.87,49.47129440307617
26.880000000000003,52.31678009033203,26.880000000000003,107.11856842041016,26.88,50.36626815795898,26.880000000000003,71.95559692382812,26.880000000000003,49.30800247192383
26.89,51.59282302856445,26.89,107.30880737304688,26.89,49.61313247680664,26.89,71.95988464355469,26.89,49.17560577392578
26.90000000000001,50.86726760864258,26.9,107.5154800415039,26.9,48.89010620117188,26.9,71.96774291992188,26.9,49.05499267578125
26.910000000000004,50.123321533203125,26.91,107.70711517333984,26.91,48.19036483764648,26.91,71.97321319580078,26.910000000000004,48.95061492919922
26.92,49.37870788574219,26.92,107.88270568847656,26.92,47.50966644287109,26.92,71.97374725341797,26.92,48.84466552734375
26.93,48.65089416503906,26.93,108.05504608154295,26.930000000000003,46.8078727722168,26.93,71.97075653076172,26.93,48.756229400634766
26.940000000000005,47.92805862426758,26.94,108.23700714111328,26.94,46.07516479492188,26.94,71.96726989746094,26.94,48.67020034790039
26.950000000000003,47.20881652832031,26.950000000000003,108.41221618652344,26.95,45.30696868896485,26.950000000000003,71.96250915527344,26.950000000000003,48.64945602416992
26.96,46.50665664672852,26.96,108.58919525146484,26.96,44.51749038696289,26.96,71.95673370361328,26.96,48.69222259521485
26.97,45.829402923583984,26.97,108.75303649902344,26.97,43.711334228515625,26.97,71.94694519042969,26.97,48.77672576904297
26.980000000000004,45.166622161865234,26.98,108.91748809814452,26.98,42.91961669921875,26.98,71.93441772460938,26.98,48.87122344970703
26.99,44.484188079833984,26.99,109.10181427001952,26.99,42.15175628662109,26.99,71.92281341552734,26.99,48.97904586791992
27.0,43.793678283691406,27.0,109.27115631103516,27.000000000000004,41.464351654052734,27.0,71.91206359863281,27.0,49.101863861083984
27.010000000000005,43.07242965698242,27.01,109.4512176513672,27.01,40.75894927978516,27.01,71.90709686279297,27.01,49.25477981567383
27.020000000000003,42.34376525878906,27.02,109.62799072265624,27.02,40.0512580871582,27.020000000000003,71.89361572265625,27.020000000000003,49.45685195922852
27.03,41.60316848754883,27.03,109.80508422851562,27.03,39.3467903137207,27.03,71.8764419555664,27.03,49.69729232788086
27.04,40.83560180664063,27.04,109.9663314819336,27.040000000000003,38.57958984375,27.04,71.85292053222656,27.04,49.940338134765625
27.050000000000004,40.073238372802734,27.05,110.12854766845705,27.05,37.77694320678711,27.05,71.83198547363281,27.05,50.169193267822266
27.06,39.3126220703125,27.06,110.27892303466795,27.06,36.9862060546875,27.06,71.81298828125,27.06,50.39322280883789
27.07,38.559852600097656,27.07,110.43396759033205,27.07,36.22377014160156,27.07,71.79609680175781,27.07,50.63840103149414
27.080000000000005,37.81446075439453,27.08,110.57586669921876,27.08,35.454429626464844,27.08,71.7829818725586,27.08,50.92489242553711
27.090000000000003,37.06976318359375,27.09,110.71490478515624,27.09,34.70472717285156,27.090000000000003,71.7728271484375,27.090000000000003,51.25704574584961
27.1,36.32103729248047,27.1,110.84970092773438,27.1,33.98434829711914,27.1,71.76976776123047,27.1,51.61544418334961
27.11,35.5965461730957,27.11,110.9745635986328,27.110000000000003,33.27619934082031,27.11,71.76343536376953,27.11,51.97417831420898
27.120000000000005,34.8922119140625,27.12,111.0842742919922,27.12,32.60422134399414,27.12,71.75244140625,27.12,52.32878875732422
27.130000000000003,34.19548416137695,27.130000000000003,111.17218017578124,27.13,31.96219253540039,27.130000000000003,71.7379379272461,27.130000000000003,52.71895599365234
27.14,33.5090217590332,27.14,111.2500228881836,27.14,31.350563049316406,27.14,71.72240447998047,27.14,53.16416549682617
27.15000000000001,32.826988220214844,27.15,111.3149642944336,27.15,30.749483108520508,27.15,71.70685577392578,27.15,53.634063720703125
27.160000000000004,32.16362380981445,27.16,111.35586547851562,27.16,30.155147552490234,27.16,71.68795013427734,27.160000000000004,54.099639892578125
27.17,31.52523231506348,27.17,111.3856201171875,27.17,29.572525024414062,27.17,71.6673583984375,27.17,54.557762145996094
27.18,30.914939880371094,27.18,111.4106903076172,27.180000000000003,29.0008487701416,27.18,71.64834594726562,27.18,55.036922454833984
27.190000000000005,30.307361602783203,27.19,111.41886138916016,27.19,28.436342239379883,27.19,71.62982940673828,27.19,55.535789489746094
27.200000000000003,29.68987846374512,27.200000000000003,111.40435791015624,27.2,27.88051986694336,27.200000000000003,71.6113052368164,27.200000000000003,56.01447296142578
27.21,29.079275131225582,27.21,111.38121032714844,27.21,27.337709426879883,27.21,71.59613800048828,27.21,56.467262268066406
27.22,28.486610412597656,27.22,111.32481384277344,27.22,26.81147575378418,27.22,71.58330535888672,27.22,56.91788101196289
27.230000000000004,27.90069580078125,27.23,111.23684692382812,27.23,26.302350997924805,27.23,71.56935119628906,27.23,57.3783073425293
27.24,27.330810546875,27.24,111.13844299316406,27.24,25.81339263916016,27.24,71.55885314941406,27.24,57.88391876220703
27.25,26.78392219543457,27.25,111.00994873046876,27.250000000000004,25.348262786865234,27.25,71.55337524414062,27.25,58.43842697143555
27.260000000000005,26.26169204711914,27.26,110.8649444580078,27.26,24.915393829345703,27.26,71.55165100097656,27.26,59.003173828125
27.270000000000003,25.76239585876465,27.27,110.71434783935548,27.27,24.50973892211914,27.270000000000003,71.55542755126953,27.270000000000003,59.55331039428711
27.28,25.2989501953125,27.28,110.56844329833984,27.28,24.14162254333496,27.28,71.56416320800781,27.28,60.07720184326172
27.29,24.864234924316406,27.29,110.42040252685548,27.290000000000003,23.809125900268555,27.29,71.57585144042969,27.29,60.60094451904297
27.300000000000004,24.45564079284668,27.3,110.2659149169922,27.3,23.513154983520508,27.3,71.58522033691406,27.3,61.14232635498047
27.31,24.08954620361328,27.31,110.10467529296876,27.31,23.280733108520508,27.31,71.59274291992188,27.31,61.68852233886719
27.32,23.769954681396484,27.32,109.9403839111328,27.32,23.0404052734375,27.32,71.59830474853516,27.32,62.226661682128906
27.330000000000005,23.51590919494629,27.33,109.77442169189452,27.33,22.76643943786621,27.33,71.60147857666016,27.33,62.75735855102539
27.340000000000003,23.28804016113281,27.34,109.6081314086914,27.34,22.493427276611328,27.340000000000003,71.59925079345703,27.340000000000003,63.29988098144531
27.35,23.097055435180664,27.35,109.4420928955078,27.35,22.2237548828125,27.35,71.5977783203125,27.35,63.88210678100586
27.36,22.93167495727539,27.36,109.28194427490234,27.360000000000003,21.96874618530273,27.36,71.5987548828125,27.36,64.4955825805664
27.370000000000005,22.778459548950195,27.37,109.1336669921875,27.37,21.7357120513916,27.37,71.60240936279297,27.37,65.11319732666016
27.380000000000003,22.628320693969727,27.380000000000003,108.99308013916016,27.38,21.494165420532227,27.380000000000003,71.60540008544922,27.380000000000003,65.72473907470703
27.39,22.467025756835938,27.39,108.84691619873048,27.39,21.25049591064453,27.39,71.60794830322266,27.39,66.30795288085938
27.40000000000001,22.29159927368164,27.4,108.7113800048828,27.4,21.003192901611328,27.4,71.61775207519531,27.4,66.88727569580078
27.410000000000004,22.098323822021484,27.41,108.58543395996094,27.41,20.738006591796875,27.41,71.6324691772461,27.410000000000004,67.48409271240234
27.42,21.89198875427246,27.42,108.47283935546876,27.42,20.46653175354004,27.42,71.65005493164062,27.42,68.10371398925781
27.43,21.66455841064453,27.43,108.37263488769533,27.430000000000003,20.19529914855957,27.43,71.66767883300781,27.43,68.71945190429688
27.440000000000005,21.431547164916992,27.44,108.28250885009766,27.44,19.9206771850586,27.44,71.68150329589844,27.44,69.3596420288086
27.450000000000003,21.208351135253903,27.450000000000003,108.20011901855467,27.45,19.642656326293945,27.450000000000003,71.69114685058594,27.450000000000003,70.11290740966797
27.46,20.97881126403809,27.46,108.1279296875,27.46,19.356101989746094,27.46,71.69737243652344,27.46,70.77764892578125
27.47,20.75532341003418,27.47,108.0771255493164,27.47,19.074445724487305,27.47,71.7067642211914,27.47,71.37682342529297
27.480000000000004,20.53219223022461,27.48,108.03461456298828,27.48,18.81532859802246,27.48,71.71644592285156,27.48,72.120361328125
27.49,20.29682731628418,27.49,108.0014419555664,27.49,18.56495475769043,27.49,71.7284927368164,27.49,72.83486938476562
27.5,20.07261276245117,27.5,107.96814727783205,27.500000000000004,18.335168838500977,27.5,71.73861694335938,27.5,73.50269317626953
27.510000000000005,19.8668212890625,27.51,107.93572235107422,27.51,18.15825653076172,27.51,71.74480438232422,27.51,74.07927703857422
27.520000000000003,19.672588348388672,27.52,107.89319610595705,27.52,17.983659744262695,27.520000000000003,71.75183868408203,27.520000000000003,74.67044830322266
27.53,19.45978164672852,27.53,107.85032653808594,27.53,17.84097671508789,27.53,71.7621078491211,27.53,75.23300170898438
27.54,19.2706241607666,27.54,107.8053741455078,27.540000000000003,17.76724624633789,27.54,71.77210998535156,27.54,75.7817153930664
27.550000000000004,19.0874252319336,27.55,107.77477264404295,27.55,17.71101951599121,27.55,71.78741455078125,27.55,76.30994415283203
27.56,18.89866828918457,27.56,107.74571990966795,27.56,17.558208465576172,27.56,71.80510711669922,27.56,76.74044799804688
27.57,18.72124481201172,27.57,107.71562957763672,27.57,17.45975685119629,27.57,71.82518005371094,27.57,77.14482879638672
27.580000000000005,18.56993865966797,27.58,107.67533111572266,27.58,17.404457092285156,27.58,71.84611511230469,27.58,77.56411743164062
27.590000000000003,18.42723846435547,27.59,107.63092041015624,27.59,17.296607971191406,27.590000000000003,71.86702728271484,27.590000000000003,77.94442749023438
27.6,18.29374885559082,27.6,107.5741958618164,27.6,17.239757537841797,27.6,71.88834381103516,27.6,78.27320861816406
27.61,18.177793502807617,27.61,107.52637481689452,27.610000000000003,17.255720138549805,27.61,71.91207885742188,27.61,78.57962799072266
27.620000000000005,18.07054901123047,27.62,107.4715805053711,27.62,17.271474838256836,27.62,71.93657684326172,27.62,78.86515808105469
27.630000000000003,17.9573974609375,27.630000000000003,107.41565704345705,27.63,17.465513229370117,27.630000000000003,71.95858001708984,27.630000000000003,79.13941192626953
27.64,17.86163902282715,27.64,107.35614776611328,27.64,17.71146583557129,27.64,71.98049926757812,27.64,79.40694427490234
27.65000000000001,17.769580841064453,27.65,107.28616333007812,27.65,17.705886840820312,27.65,72.00385284423828,27.65,79.65966796875
27.660000000000004,17.6840877532959,27.66,107.21884155273438,27.66,17.634048461914062,27.66,72.0285415649414,27.660000000000004,79.8880386352539
27.67,17.59810447692871,27.67,107.15568542480467,27.67,17.582630157470703,27.67,72.05523681640625,27.67,80.12518310546875
27.68,17.514537811279297,27.68,107.09880828857422,27.680000000000003,17.5356388092041,27.68,72.0860824584961,27.68,80.35875701904297
27.690000000000005,17.445934295654297,27.69,107.04774475097656,27.69,17.494291305541992,27.69,72.12141418457031,27.69,80.57306671142578
27.700000000000003,17.372478485107422,27.700000000000003,107.00018310546876,27.7,17.4559383392334,27.700000000000003,72.15673828125,27.700000000000003,80.7828369140625
27.71,17.300460815429688,27.71,106.9518051147461,27.71,17.417383193969727,27.71,72.18959045410156,27.71,81.03384399414062
27.72,17.246976852416992,27.72,106.90373229980467,27.72,17.378860473632812,27.72,72.21582794189453,27.72,81.27037048339844
27.730000000000004,17.21942710876465,27.73,106.85843658447266,27.73,17.326791763305664,27.73,72.23566436767578,27.73,81.50658416748047
27.74,17.21337890625,27.74,106.82725524902344,27.74,17.27147102355957,27.74,72.25250244140625,27.74,81.73533630371094
27.75,17.228071212768555,27.75,106.80538177490234,27.750000000000004,17.21860122680664,27.75,72.27082824707031,27.75,81.97277069091797
27.760000000000005,17.2627010345459,27.76,106.7957763671875,27.76,17.158390045166016,27.76,72.2867660522461,27.76,82.20186614990234
27.770000000000003,17.300907135009766,27.77,106.79290771484376,27.77,17.103750228881836,27.770000000000003,72.30079650878906,27.770000000000003,82.43306732177734
27.78,17.34212303161621,27.78,106.79844665527344,27.78,17.045719146728516,27.78,72.31656646728516,27.78,82.69633483886719
27.79,17.36039924621582,27.79,106.80248260498048,27.790000000000003,16.99317741394043,27.79,72.3327407836914,27.79,82.93831634521484
27.800000000000004,17.3891544342041,27.8,106.81317901611328,27.8,16.93245506286621,27.8,72.3431625366211,27.8,83.18263244628906
27.81,17.42817497253418,27.81,106.83122253417967,27.81,16.895389556884766,27.81,72.34732818603516,27.81,83.42957305908203
27.82,17.465547561645508,27.82,106.84973907470705,27.82,16.874231338500977,27.82,72.34700012207031,27.82,83.64324188232422
27.830000000000005,17.493297576904297,27.83,106.87432861328124,27.83,16.863832473754883,27.83,72.34170532226562,27.83,83.83953094482422
27.840000000000003,17.533679962158203,27.84,106.9034423828125,27.84,16.8543758392334,27.840000000000003,72.33160400390625,27.840000000000003,84.01951599121094
27.85,17.580013275146484,27.85,106.93538665771484,27.85,16.842790603637695,27.85,72.31929779052734,27.85,84.17282104492188
27.86,17.599233627319336,27.86,106.96984100341795,27.860000000000003,16.836727142333984,27.86,72.30519104003906,27.86,84.3073959350586
27.870000000000005,17.589033126831055,27.87,106.99944305419922,27.87,16.817140579223633,27.87,72.29055786132812,27.87,84.43136596679688
27.880000000000003,17.580249786376953,27.880000000000003,107.0315933227539,27.88,16.80893325805664,27.880000000000003,72.27879333496094,27.880000000000003,84.51384735107422
27.89,17.559078216552734,27.89,107.06370544433594,27.89,16.805824279785156,27.89,72.2681884765625,27.89,84.58873748779297
27.90000000000001,17.541927337646484,27.9,107.09219360351562,27.9,16.807971954345703,27.9,72.25931549072266,27.9,84.66807556152344
27.910000000000004,17.530643463134766,27.91,107.10528564453124,27.91,16.805835723876953,27.91,72.25248718261719,27.910000000000004,84.75054931640625
27.92,17.51339340209961,27.92,107.12671661376952,27.92,16.81595802307129,27.92,72.2470932006836,27.92,84.83460235595703
27.93,17.505170822143555,27.93,107.14678955078124,27.930000000000003,16.823841094970703,27.93,72.24461364746094,27.93,84.9066162109375
27.940000000000005,17.50413703918457,27.94,107.16804504394533,27.94,16.844581604003906,27.94,72.24323272705078,27.94,84.97746276855469
27.950000000000003,17.506444931030273,27.950000000000003,107.18806457519533,27.95,16.86331558227539,27.950000000000003,72.24303436279297,27.950000000000003,85.04999542236328
27.96,17.495920181274414,27.96,107.20372772216795,27.96,16.869342803955078,27.96,72.24154663085938,27.96,85.11844635009766
27.97,17.48158073425293,27.97,107.2231903076172,27.97,16.88776969909668,27.97,72.2405014038086,27.97,85.19011688232422
27.980000000000004,17.46749496459961,27.98,107.24505615234376,27.98,16.910648345947266,27.98,72.2383041381836,27.98,85.2575912475586
27.99,17.444808959960938,27.99,107.26165008544922,27.99,16.91335105895996,27.99,72.23440551757812,27.99,85.31553649902344
28.0,17.42108154296875,28.0,107.2870864868164,28.000000000000004,16.927200317382812,28.0,72.22795867919922,28.0,85.3676528930664
28.010000000000005,17.397045135498047,28.01,107.30760192871094,28.01,16.93305015563965,28.01,72.22245025634766,28.01,85.42499542236328
28.020000000000003,17.364131927490234,28.02,107.33150482177734,28.02,16.936513900756836,28.020000000000003,72.21525573730469,28.020000000000003,85.47908782958984
28.03,17.331632614135742,28.03,107.3557357788086,28.03,16.935253143310547,28.03,72.20883178710938,28.03,85.5166244506836
28.04,17.305274963378906,28.04,107.3843231201172,28.040000000000003,16.924930572509766,28.04,72.20074462890625,28.04,85.55719757080078
28.050000000000004,17.285255432128906,28.05,107.41627502441406,28.05,16.918485641479492,28.05,72.19219970703125,28.05,85.58964538574219
28.06,17.269134521484375,28.06,107.45060729980467,28.06,16.913103103637695,28.06,72.1833724975586,28.06,85.60012817382812
28.07,17.25975799560547,28.07,107.4894027709961,28.07,16.90642738342285,28.07,72.17524719238281,28.07,85.60648345947266
28.080000000000005,17.2510929107666,28.08,107.52701568603516,28.08,16.91026496887207,28.08,72.1661605834961,28.08,85.62422180175781
28.090000000000003,17.24388313293457,28.09,107.56922149658205,28.09,16.9180908203125,28.090000000000003,72.15646362304688,28.090000000000003,85.6397476196289
28.1,17.23871421813965,28.1,107.61341857910156,28.1,16.93435287475586,28.1,72.14910125732422,28.1,85.6481704711914
28.11,17.235925674438477,28.11,107.65945434570312,28.110000000000003,16.945682525634766,28.11,72.13945007324219,28.11,85.65188598632812
28.120000000000005,17.2373104095459,28.12,107.70526885986328,28.12,16.95615005493164,28.12,72.13429260253906,28.12,85.6528549194336
28.130000000000003,17.24357795715332,28.130000000000003,107.7512435913086,28.13,16.967182159423828,28.130000000000003,72.12892150878906,28.130000000000003,85.6415023803711
28.14,17.2525634765625,28.14,107.79857635498048,28.14,16.971891403198242,28.14,72.12437438964844,28.14,85.62025451660156
28.15000000000001,17.266948699951172,28.15,107.84840393066406,28.15,16.972705841064453,28.15,72.12236022949219,28.15,85.58808135986328
28.160000000000004,17.284822463989258,28.16,107.9006805419922,28.16,16.978248596191406,28.16,72.11991882324219,28.160000000000004,85.55384826660156
28.17,17.306615829467773,28.17,107.94998168945312,28.17,16.988861083984375,28.17,72.11659240722656,28.17,85.52461242675781
28.18,17.330276489257812,28.18,107.99473571777344,28.180000000000003,17.003942489624023,28.18,72.11302947998047,28.18,85.49710083007812
28.190000000000005,17.358182907104492,28.19,108.0417022705078,28.19,17.0196475982666,28.19,72.10752868652344,28.19,85.46708679199219
28.200000000000003,17.384592056274414,28.200000000000003,108.09747314453124,28.2,17.037837982177734,28.200000000000003,72.10205078125,28.200000000000003,85.43327331542969
28.21,17.406970977783203,28.21,108.14476776123048,28.21,17.056713104248047,28.21,72.09584045410156,28.21,85.39392852783203
28.22,17.42587661743164,28.22,108.19862365722656,28.22,17.073246002197266,28.22,72.09489440917969,28.22,85.35433959960938
28.230000000000004,17.444120407104492,28.23,108.24390411376952,28.23,17.093374252319336,28.23,72.09363555908203,28.23,85.32233428955078
28.24,17.462881088256836,28.24,108.2884292602539,28.24,17.114389419555664,28.24,72.09132385253906,28.24,85.291748046875
28.25,17.486087799072266,28.25,108.3330535888672,28.250000000000004,17.13346290588379,28.25,72.088623046875,28.25,85.2587661743164
28.260000000000005,17.510568618774414,28.26,108.385986328125,28.26,17.1538143157959,28.26,72.08914947509766,28.26,85.22818756103516
28.270000000000003,17.536209106445312,28.27,108.4280242919922,28.27,17.17461585998535,28.270000000000003,72.08834075927734,28.270000000000003,85.19312286376953
28.28,17.565000534057617,28.28,108.46961212158205,28.28,17.197694778442383,28.28,72.08973693847656,28.28,85.15534210205078
28.29,17.59439468383789,28.29,108.50930786132812,28.290000000000003,17.230745315551758,28.29,72.08724212646484,28.29,85.11602783203125
28.300000000000004,17.62177276611328,28.3,108.5433120727539,28.3,17.26211166381836,28.3,72.08749389648438,28.3,85.07511138916016
28.31,17.647871017456055,28.31,108.57549285888672,28.31,17.288480758666992,28.31,72.0869369506836,28.31,85.03691864013672
28.32,17.674884796142578,28.32,108.6054458618164,28.32,17.311662673950195,28.32,72.08844757080078,28.32,85.00227355957031
28.330000000000005,17.70327377319336,28.33,108.63613891601562,28.33,17.33648109436035,28.33,72.08297729492188,28.33,84.9693603515625
28.340000000000003,17.730403900146484,28.34,108.66425323486328,28.34,17.36206817626953,28.340000000000003,72.0807113647461,28.340000000000003,84.93536376953125
28.35,17.751697540283203,28.35,108.68810272216795,28.35,17.390995025634766,28.35,72.07972717285156,28.35,84.904541015625
28.36,17.77081871032715,28.36,108.71154022216795,28.360000000000003,17.4189510345459,28.36,72.08016204833984,28.36,84.88239288330078
28.370000000000005,17.793771743774414,28.37,108.73492431640624,28.37,17.44853401184082,28.37,72.07986450195312,28.37,84.86021423339844
28.380000000000003,17.816566467285156,28.380000000000003,108.75555419921876,28.38,17.479873657226562,28.380000000000003,72.07892608642578,28.380000000000003,84.83541107177734
28.39,17.83517837524414,28.39,108.77247619628906,28.39,17.511323928833008,28.39,72.07817077636719,28.39,84.80695343017578
28.40000000000001,17.848407745361328,28.4,108.78915405273438,28.4,17.543291091918945,28.4,72.07828521728516,28.4,84.7791976928711
28.410000000000004,17.86166763305664,28.41,108.810546875,28.41,17.56848907470703,28.41,72.07525634765625,28.410000000000004,84.75566101074219
28.42,17.874391555786133,28.42,108.83138275146484,28.42,17.591445922851562,28.42,72.07496643066406,28.42,84.7337875366211
28.43,17.88298225402832,28.43,108.84809112548828,28.430000000000003,17.608535766601562,28.43,72.07540893554688,28.43,84.7147216796875
28.440000000000005,17.887405395507812,28.44,108.8614501953125,28.44,17.625398635864258,28.44,72.07427978515625,28.44,84.69963073730469
28.450000000000003,17.89154624938965,28.450000000000003,108.87350463867188,28.45,17.639972686767578,28.450000000000003,72.07359313964844,28.450000000000003,84.6885757446289
28.46,17.891271591186523,28.46,108.88538360595705,28.46,17.654775619506836,28.46,72.07301330566406,28.46,84.6769790649414
28.47,17.897125244140625,28.47,108.89471435546876,28.47,17.672069549560547,28.47,72.07364654541016,28.47,84.66414642333984
28.480000000000004,17.90047264099121,28.48,108.90809631347656,28.48,17.688615798950195,28.48,72.07305908203125,28.48,84.65129089355469
28.49,17.898527145385742,28.49,108.91912841796876,28.49,17.703296661376953,28.49,72.0735855102539,28.49,84.63690948486328
28.5,17.899211883544922,28.5,108.92741394042967,28.500000000000004,17.71399688720703,28.5,72.07317352294922,28.5,84.62408447265625
28.510000000000005,17.89828109741211,28.51,108.93533325195312,28.51,17.721317291259766,28.51,72.07366943359375,28.51,84.61387634277344
28.520000000000003,17.895191192626953,28.52,108.94098663330078,28.52,17.725500106811523,28.520000000000003,72.0736312866211,28.520000000000003,84.60395812988281
28.53,17.891422271728516,28.53,108.94612884521484,28.53,17.72535514831543,28.53,72.07368469238281,28.53,84.593505859375
28.54,17.894153594970703,28.54,108.95279693603516,28.540000000000003,17.723159790039062,28.54,72.07064056396484,28.54,84.5895004272461
28.550000000000004,17.894168853759766,28.55,108.95867156982422,28.55,17.7169189453125,28.55,72.06827545166016,28.55,84.5885009765625
28.56,17.89070701599121,28.56,108.96306610107422,28.56,17.709226608276367,28.56,72.07015228271484,28.56,84.58908081054688
28.57,17.885250091552734,28.57,108.96529388427734,28.57,17.698442459106445,28.57,72.07109069824219,28.57,84.5918197631836
28.580000000000005,17.880550384521484,28.58,108.96640014648438,28.58,17.68585205078125,28.58,72.07177734375,28.58,84.59544372558594
28.590000000000003,17.87619972229004,28.59,108.9665756225586,28.59,17.66999626159668,28.590000000000003,72.07099151611328,28.590000000000003,84.60017395019531
28.6,17.87065887451172,28.6,108.968994140625,28.6,17.654211044311523,28.6,72.07066345214844,28.6,84.60774230957031
28.61,17.867717742919922,28.61,108.96997833251952,28.610000000000003,17.636428833007812,28.61,72.07099914550781,28.61,84.61531066894531
28.620000000000005,17.866104125976562,28.62,108.9676513671875,28.62,17.619224548339844,28.62,72.07099151611328,28.62,84.6243896484375
28.630000000000003,17.86563491821289,28.630000000000003,108.96788787841795,28.63,17.600723266601562,28.630000000000003,72.0723648071289,28.630000000000003,84.6358871459961
28.64,17.856365203857422,28.64,108.96819305419922,28.64,17.580646514892578,28.64,72.07328796386719,28.64,84.65238952636719
28.65000000000001,17.846271514892578,28.65,108.96729278564452,28.65,17.558866500854492,28.65,72.0744857788086,28.65,84.6704330444336
28.660000000000004,17.833065032958984,28.66,108.96632385253906,28.66,17.537391662597656,28.66,72.0746078491211,28.660000000000004,84.68751525878906
28.67,17.816617965698242,28.67,108.96598052978516,28.67,17.516559600830078,28.67,72.0736312866211,28.67,84.7030258178711
28.68,17.799962997436523,28.68,108.97378540039062,28.680000000000003,17.49463653564453,28.68,72.07115173339844,28.68,84.7183609008789
28.690000000000005,17.784854888916016,28.69,108.9739990234375,28.69,17.47269058227539,28.69,72.07510375976562,28.69,84.73397064208984
28.700000000000003,17.769376754760742,28.700000000000003,108.9745101928711,28.7,17.451955795288086,28.700000000000003,72.07568359375,28.700000000000003,84.75132751464844
28.71,17.75322151184082,28.71,108.97457122802734,28.71,17.43042755126953,28.71,72.07671356201172,28.71,84.7671127319336
28.72,17.73696517944336,28.72,108.97273254394533,28.72,17.41030502319336,28.72,72.0768051147461,28.72,84.77876281738281
28.730000000000004,17.716020584106445,28.73,108.96958923339844,28.73,17.39097023010254,28.73,72.07587432861328,28.73,84.79177856445312
28.74,17.699644088745117,28.74,108.97212982177734,28.74,17.37535285949707,28.74,72.07514953613281,28.74,84.80513000488281
28.75,17.687114715576172,28.75,108.97650909423828,28.750000000000004,17.360218048095703,28.75,72.07462310791016,28.75,84.82182312011719
28.760000000000005,17.677270889282227,28.76,108.97926330566406,28.76,17.345794677734375,28.76,72.07520294189453,28.76,84.84333038330078
28.770000000000003,17.660770416259766,28.77,108.9818878173828,28.77,17.33234405517578,28.770000000000003,72.07520294189453,28.770000000000003,84.86314392089844
28.78,17.64441680908203,28.78,108.98345947265624,28.78,17.318195343017578,28.78,72.07494354248047,28.78,84.8772201538086
28.79,17.631269454956055,28.79,108.98760986328124,28.790000000000003,17.307069778442383,28.79,72.07453155517578,28.79,84.89044952392578
28.800000000000004,17.620616912841797,28.8,108.990478515625,28.8,17.299074172973633,28.8,72.07330322265625,28.8,84.90695190429688
28.81,17.60956573486328,28.81,108.99331665039062,28.81,17.291465759277344,28.81,72.07118225097656,28.81,84.92578125
28.82,17.598703384399414,28.82,108.99620056152344,28.82,17.285919189453125,28.82,72.06990814208984,28.82,84.94395446777344
28.830000000000005,17.589624404907227,28.83,108.99988555908205,28.83,17.282093048095703,28.83,72.07027435302734,28.83,84.95574951171875
28.840000000000003,17.582429885864258,28.84,109.00247955322266,28.84,17.27933120727539,28.840000000000003,72.06932067871094,28.840000000000003,84.96421813964844
28.85,17.576725006103516,28.85,109.0063934326172,28.85,17.274869918823242,28.85,72.06978607177734,28.85,84.97420501708984
28.86,17.56995391845703,28.86,109.00829315185548,28.860000000000003,17.269241333007812,28.86,72.06874084472656,28.86,84.98148345947266
28.870000000000005,17.56410789489746,28.87,109.01011657714844,28.87,17.264678955078125,28.87,72.06958770751953,28.87,84.99275970458984
28.880000000000003,17.559507369995117,28.880000000000003,109.0107192993164,28.88,17.26227378845215,28.880000000000003,72.06950378417969,28.880000000000003,84.99756622314453
28.89,17.55574607849121,28.89,109.01286315917967,28.89,17.25994110107422,28.89,72.07071685791016,28.89,84.9957046508789
28.90000000000001,17.545745849609375,28.9,109.01461791992188,28.9,17.258005142211914,28.9,72.07129669189453,28.9,84.99735260009766
28.910000000000004,17.542329788208008,28.91,109.01929473876952,28.91,17.257688522338867,28.91,72.0709457397461,28.910000000000004,85.00495910644531
28.92,17.538515090942383,28.92,109.02243041992188,28.92,17.2560977935791,28.92,72.06922912597656,28.92,85.01651000976562
28.93,17.532869338989258,28.93,109.02381134033205,28.930000000000003,17.254283905029297,28.93,72.06912994384766,28.93,85.03031158447266
28.940000000000005,17.527969360351562,28.94,109.0237045288086,28.94,17.251157760620117,28.94,72.0702896118164,28.94,85.03958892822266
28.950000000000003,17.524511337280273,28.950000000000003,109.02313232421876,28.95,17.247411727905273,28.950000000000003,72.06874084472656,28.950000000000003,85.04812622070312
28.96,17.519878387451172,28.96,109.02570343017578,28.96,17.245336532592773,28.96,72.0683822631836,28.96,85.05316162109375
28.97,17.518207550048828,28.97,109.02678680419922,28.97,17.243587493896484,28.97,72.06769561767578,28.97,85.05687713623047
28.980000000000004,17.515003204345703,28.98,109.03015899658205,28.98,17.241519927978516,28.98,72.06588745117188,28.98,85.05982208251953
28.99,17.513111114501953,28.99,109.03848266601562,28.99,17.239356994628906,28.99,72.06514739990234,28.99,85.06680297851562
29.0,17.510879516601562,29.0,109.04180145263672,29.000000000000004,17.235912322998047,29.0,72.06501770019531,29.0,85.07460021972656
29.010000000000005,17.509544372558594,29.01,109.04454803466795,29.01,17.229963302612305,29.01,72.0651626586914,29.01,85.08110046386719
29.020000000000003,17.508405685424805,29.02,109.04779052734376,29.02,17.219837188720703,29.020000000000003,72.06562805175781,29.020000000000003,85.08667755126953
29.03,17.50510597229004,29.03,109.04956817626952,29.03,17.213815689086914,29.03,72.06621551513672,29.03,85.09429931640625
29.04,17.50359535217285,29.04,109.05155181884766,29.040000000000003,17.208999633789062,29.04,72.06653594970703,29.04,85.10218811035156
29.050000000000004,17.502641677856445,29.05,109.05596160888672,29.05,17.210460662841797,29.05,72.06511688232422,29.05,85.10662841796875
29.06,17.502426147460938,29.06,109.06172943115234,29.06,17.208627700805664,29.06,72.06456756591797,29.06,85.11441802978516
29.07,17.50402069091797,29.07,109.06604766845705,29.07,17.20689582824707,29.07,72.0650405883789,29.07,85.11815643310547
29.080000000000005,17.50346565246582,29.08,109.07068634033205,29.08,17.205087661743164,29.08,72.06458282470703,29.08,85.13093566894531
29.090000000000003,17.502283096313477,29.09,109.07916259765624,29.09,17.203651428222656,29.090000000000003,72.06417083740234,29.090000000000003,85.13970947265625
29.1,17.49652862548828,29.1,109.08412170410156,29.1,17.200763702392578,29.1,72.06340026855469,29.1,85.13957214355469
29.11,17.4920711517334,29.11,109.08993530273438,29.110000000000003,17.194599151611328,29.11,72.06216430664062,29.11,85.13463592529297
29.120000000000005,17.48566246032715,29.12,109.09888458251952,29.12,17.188234329223633,29.12,72.06293487548828,29.12,85.13076782226562
29.130000000000003,17.480205535888672,29.130000000000003,109.10099792480467,29.13,17.181499481201172,29.130000000000003,72.06293487548828,29.130000000000003,85.13346099853516
29.14,17.47591781616211,29.14,109.10488891601562,29.14,17.17693519592285,29.14,72.0611572265625,29.14,85.1357650756836
29.15000000000001,17.473003387451172,29.15,109.10833740234376,29.15,17.175203323364258,29.15,72.06005096435547,29.15,85.13723754882812
29.160000000000004,17.471302032470703,29.16,109.11247253417967,29.16,17.17325782775879,29.16,72.05856323242188,29.160000000000004,85.13601684570312
29.17,17.47152328491211,29.17,109.114990234375,29.17,17.171628952026367,29.17,72.05718231201172,29.17,85.134033203125
29.18,17.4755916595459,29.18,109.11837005615234,29.180000000000003,17.170772552490234,29.18,72.05438995361328,29.18,85.13418579101562
29.190000000000005,17.47553253173828,29.19,109.1224136352539,29.19,17.169193267822266,29.19,72.05442810058594,29.19,85.13982391357422
29.200000000000003,17.47555923461914,29.200000000000003,109.12247467041016,29.2,17.16798210144043,29.200000000000003,72.05464172363281,29.200000000000003,85.14535522460938
29.21,17.474634170532227,29.21,109.12259674072266,29.21,17.165807723999023,29.21,72.05563354492188,29.21,85.14750671386719
29.22,17.474180221557617,29.22,109.12467956542967,29.22,17.165285110473633,29.22,72.05602264404297,29.22,85.14399719238281
29.230000000000004,17.47451400756836,29.23,109.12663269042967,29.23,17.164142608642578,29.23,72.0561752319336,29.23,85.1397476196289
29.24,17.474365234375,29.24,109.1277313232422,29.24,17.162012100219727,29.24,72.057861328125,29.24,85.14242553710938
29.25,17.472381591796875,29.25,109.12930297851562,29.250000000000004,17.158035278320312,29.25,72.05864715576172,29.25,85.15023040771484
29.260000000000005,17.46973991394043,29.26,109.13187408447266,29.26,17.154096603393555,29.26,72.05968475341797,29.26,85.15269470214844
29.270000000000003,17.46454429626465,29.27,109.13301849365234,29.27,17.151506423950195,29.270000000000003,72.06044006347656,29.270000000000003,85.14897918701172
29.28,17.462181091308594,29.28,109.13420104980467,29.28,17.147693634033203,29.28,72.060546875,29.28,85.14737701416016
29.29,17.461545944213867,29.29,109.13563537597656,29.290000000000003,17.144237518310547,29.29,72.06163787841797,29.29,85.14457702636719
29.300000000000004,17.4573917388916,29.3,109.13543701171876,29.3,17.143407821655273,29.3,72.06208801269531,29.3,85.14253997802734
29.31,17.45520782470703,29.31,109.13713836669922,29.31,17.14191246032715,29.31,72.06192779541016,29.31,85.14250946044922
29.32,17.452577590942383,29.32,109.13831329345705,29.32,17.14373207092285,29.32,72.060791015625,29.32,85.13672637939453
29.330000000000005,17.44788360595703,29.33,109.13685607910156,29.33,17.14472007751465,29.33,72.0601577758789,29.33,85.13191986083984
29.340000000000003,17.448869705200195,29.34,109.13710021972656,29.34,17.14617156982422,29.340000000000003,72.05915832519531,29.340000000000003,85.13426208496094
29.35,17.448841094970703,29.35,109.14009857177734,29.35,17.144681930541992,29.35,72.05870056152344,29.35,85.14059448242188
29.36,17.447919845581055,29.36,109.14151000976562,29.360000000000003,17.14447784423828,29.36,72.05792236328125,29.36,85.13907623291016
29.370000000000005,17.444488525390625,29.37,109.14274597167967,29.37,17.143077850341797,29.37,72.05760955810547,29.37,85.14140319824219
29.380000000000003,17.442689895629883,29.380000000000003,109.14446258544922,29.38,17.14119529724121,29.380000000000003,72.05723571777344,29.380000000000003,85.14291381835938
29.39,17.43975257873535,29.39,109.1458740234375,29.39,17.138647079467773,29.39,72.05660247802734,29.39,85.13878631591797
29.40000000000001,17.437131881713867,29.4,109.14665222167967,29.4,17.137706756591797,29.4,72.05741882324219,29.4,85.13304901123047
29.410000000000004,17.435321807861328,29.41,109.14927673339844,29.41,17.138612747192383,29.41,72.05596923828125,29.410000000000004,85.13225555419922
29.42,17.433034896850586,29.42,109.15338897705078,29.42,17.139020919799805,29.42,72.05555725097656,29.42,85.13430786132812
29.43,17.432334899902344,29.43,109.15572357177734,29.430000000000003,17.139568328857422,29.43,72.05567932128906,29.43,85.13518524169922
29.440000000000005,17.430221557617188,29.44,109.15672302246094,29.44,17.138580322265625,29.44,72.05555725097656,29.44,85.13447570800781
29.450000000000003,17.429887771606445,29.450000000000003,109.1572723388672,29.45,17.138164520263672,29.450000000000003,72.0555191040039,29.450000000000003,85.13426208496094
29.46,17.430023193359375,29.46,109.15892791748048,29.46,17.136917114257812,29.46,72.05583190917969,29.46,85.13784790039062
29.47,17.43170166015625,29.47,109.15916442871094,29.47,17.13597869873047,29.47,72.0549087524414,29.47,85.14239501953125
29.480000000000004,17.431150436401367,29.48,109.15955352783205,29.48,17.13520622253418,29.48,72.05379486083984,29.48,85.14138793945312
29.49,17.4302978515625,29.49,109.16056823730467,29.49,17.13395881652832,29.49,72.05506134033203,29.49,85.135498046875
29.5,17.42775535583496,29.5,109.16389465332033,29.500000000000004,17.133136749267578,29.5,72.05581665039062,29.5,85.13025665283203
29.510000000000005,17.425655364990234,29.51,109.16490173339844,29.51,17.133039474487305,29.51,72.05825805664062,29.51,85.13111114501953
29.520000000000003,17.423540115356445,29.52,109.16614532470705,29.52,17.130935668945312,29.520000000000003,72.05817413330078,29.520000000000003,85.13829040527344
29.53,17.421707153320312,29.53,109.16919708251952,29.53,17.127798080444336,29.53,72.05952453613281,29.53,85.14090728759766
29.54,17.420223236083984,29.54,109.1701431274414,29.540000000000003,17.12384033203125,29.54,72.05963134765625,29.54,85.1423568725586
29.550000000000004,17.418245315551758,29.55,109.17011260986328,29.55,17.122655868530273,29.55,72.05986785888672,29.55,85.1435317993164
29.56,17.41570472717285,29.56,109.17183685302734,29.56,17.12146759033203,29.56,72.0588607788086,29.56,85.14491271972656
29.57,17.412120819091797,29.57,109.1740264892578,29.57,17.119348526000977,29.57,72.05818176269531,29.57,85.14293670654297
29.580000000000005,17.410734176635742,29.58,109.17642211914062,29.58,17.118436813354492,29.58,72.05596923828125,29.58,85.14215850830078
29.590000000000003,17.40775489807129,29.59,109.17929077148438,29.59,17.117538452148438,29.590000000000003,72.05746459960938,29.590000000000003,85.14453125
29.6,17.406282424926758,29.6,109.18228912353516,29.6,17.11935043334961,29.6,72.05802154541016,29.6,85.14480590820312
29.61,17.408130645751953,29.61,109.18555450439452,29.610000000000003,17.123138427734375,29.61,72.05816650390625,29.61,85.14741516113281
29.620000000000005,17.409563064575195,29.62,109.18775177001952,29.62,17.12542152404785,29.62,72.0577621459961,29.62,85.1494369506836
29.630000000000003,17.411264419555664,29.630000000000003,109.19007873535156,29.63,17.12696647644043,29.630000000000003,72.0572738647461,29.630000000000003,85.15188598632812
29.64,17.414857864379883,29.64,109.1907958984375,29.64,17.12920570373535,29.64,72.05684661865234,29.64,85.15132904052734
29.65000000000001,17.416614532470703,29.65,109.1915512084961,29.65,17.12967300415039,29.65,72.05535888671875,29.65,85.14875793457031
29.660000000000004,17.41515350341797,29.66,109.19080352783205,29.66,17.13035774230957,29.66,72.05518341064453,29.660000000000004,85.14793395996094
29.67,17.415220260620117,29.67,109.19266510009766,29.67,17.131145477294922,29.67,72.05596160888672,29.67,85.14772033691406
29.68,17.415912628173828,29.68,109.19346618652344,29.680000000000003,17.131669998168945,29.68,72.05473327636719,29.68,85.14924621582031
29.690000000000005,17.41656494140625,29.69,109.19515991210938,29.69,17.13055419921875,29.69,72.0556640625,29.69,85.15137481689453
29.700000000000003,17.418699264526367,29.700000000000003,109.19523620605467,29.7,17.12769317626953,29.700000000000003,72.05677795410156,29.700000000000003,85.1551742553711
29.71,17.418415069580078,29.71,109.19409942626952,29.71,17.123798370361328,29.71,72.0563735961914,29.71,85.15908813476562
29.72,17.418350219726562,29.72,109.19306182861328,29.72,17.121545791625977,29.72,72.05747985839844,29.72,85.16185760498047
29.730000000000004,17.418874740600586,29.73,109.19229888916016,29.73,17.120479583740234,29.73,72.05770111083984,29.73,85.16728973388672
29.74,17.41999053955078,29.74,109.18962097167967,29.74,17.120229721069336,29.74,72.0579605102539,29.74,85.17182922363281
29.75,17.41780662536621,29.75,109.18895721435548,29.750000000000004,17.116901397705078,29.75,72.05913543701172,29.75,85.17822265625
29.760000000000005,17.416831970214844,29.76,109.18878936767578,29.76,17.113494873046875,29.76,72.06000518798828,29.76,85.18354797363281
29.770000000000003,17.41400909423828,29.77,109.18888092041016,29.77,17.1094970703125,29.770000000000003,72.05887603759766,29.770000000000003,85.18939971923828
29.78,17.413230895996094,29.78,109.19031524658205,29.78,17.106351852416992,29.78,72.0577392578125,29.78,85.19804382324219
29.79,17.4114990234375,29.79,109.19095611572266,29.790000000000003,17.103952407836914,29.79,72.05875396728516,29.79,85.2073974609375
29.800000000000004,17.409053802490234,29.8,109.19190216064452,29.8,17.10201072692871,29.8,72.05825805664062,29.8,85.21369171142578
29.81,17.405635833740234,29.81,109.19073486328124,29.81,17.104154586791992,29.81,72.05792999267578,29.81,85.22203826904297
29.82,17.400470733642578,29.82,109.18976593017578,29.82,17.102251052856445,29.82,72.05661010742188,29.82,85.23017120361328
29.830000000000005,17.398427963256836,29.83,109.19103240966795,29.83,17.10137176513672,29.83,72.05665588378906,29.83,85.23540496826172
29.840000000000003,17.394243240356445,29.84,109.19214630126952,29.84,17.09937858581543,29.840000000000003,72.05642700195312,29.840000000000003,85.24424743652344
29.85,17.389972686767578,29.85,109.1920166015625,29.85,17.098384857177734,29.85,72.05703735351562,29.85,85.25440216064453
29.86,17.388927459716797,29.86,109.19055938720705,29.860000000000003,17.0996036529541,29.86,72.05735778808594,29.86,85.26521301269531
29.870000000000005,17.387184143066406,29.87,109.19017028808594,29.87,17.099483489990234,29.87,72.05520629882812,29.87,85.27169799804688
29.880000000000003,17.384212493896484,29.880000000000003,109.19181060791016,29.88,17.10112190246582,29.880000000000003,72.0555648803711,29.880000000000003,85.2806396484375
29.89,17.382062911987305,29.89,109.19161987304688,29.89,17.099754333496094,29.89,72.05612182617188,29.89,85.29975128173828
29.90000000000001,17.37880516052246,29.9,109.19281768798828,29.9,17.09915542602539,29.9,72.05633544921875,29.9,85.32303619384766
29.910000000000004,17.376619338989258,29.91,109.19412231445312,29.91,17.097063064575195,29.91,72.0537338256836,29.910000000000004,85.34661102294922
29.92,17.376333236694336,29.92,109.2044906616211,29.92,17.09861183166504,29.92,72.04936981201172,29.92,85.37130737304688
29.93,17.37541961669922,29.93,109.20350646972656,29.930000000000003,17.09311866760254,29.93,72.04981994628906,29.93,85.39701843261719
29.940000000000005,17.37101936340332,29.94,109.2003402709961,29.94,17.09332275390625,29.94,72.0485610961914,29.94,85.42625427246094
29.950000000000003,17.3676700592041,29.950000000000003,109.20006561279295,29.95,17.09459686279297,29.950000000000003,72.04890441894531,29.950000000000003,85.45983123779297
29.96,17.366575241088867,29.96,109.19813537597656,29.96,17.097675323486328,29.96,72.05005645751953,29.96,85.50169372558594
29.97,17.365224838256836,29.97,109.1955337524414,29.97,17.10314178466797,29.97,72.05130004882812,29.97,85.54386901855469
29.980000000000004,17.362653732299805,29.98,109.19116973876952,29.98,17.1009464263916,29.98,72.05181884765625,29.98,85.58142852783203
29.99,17.360523223876953,29.99,109.18643188476562,29.99,17.108890533447266,29.99,72.05144500732422,29.99,85.62105560302734
30.0,17.358673095703125,30.0,109.18276977539062,30.000000000000004,17.11102867126465,30.0,72.0514144897461,30.0,85.66033172607422
30.010000000000005,17.35559844970703,30.01,109.1800308227539,30.01,17.110727310180664,30.01,72.05237579345703,30.01,85.69754791259766
30.020000000000003,17.351818084716797,30.02,109.17771911621094,30.02,17.11618423461914,30.020000000000003,72.05204772949219,30.020000000000003,85.7303237915039
30.03,17.346446990966797,30.03,109.17955017089844,30.03,17.12124252319336,30.03,72.05126190185547,30.03,85.7640609741211
30.04,17.339630126953125,30.04,109.17951965332033,30.040000000000003,17.12234115600586,30.04,72.05118560791016,30.04,85.7995834350586
30.050000000000004,17.33091926574707,30.05,109.18001556396484,30.05,17.120899200439453,30.05,72.04862976074219,30.05,85.84110260009766
30.06,17.320764541625977,30.06,109.18582153320312,30.06,17.113441467285156,30.06,72.0467300415039,30.06,85.88386535644531
30.07,17.308338165283203,30.07,109.18360900878906,30.07,17.1092586517334,30.07,72.0464859008789,30.07,85.92604064941406
30.080000000000005,17.296215057373047,30.08,109.1835479736328,30.08,17.10413360595703,30.08,72.04924774169922,30.08,85.96353912353516
30.090000000000003,17.288469314575195,30.09,109.18343353271484,30.09,17.09724235534668,30.090000000000003,72.04688262939453,30.090000000000003,86.0051498413086
30.1,17.285934448242188,30.1,109.18057250976562,30.1,17.090312957763672,30.1,72.04537963867188,30.1,86.04859924316406
30.11,17.28158950805664,30.11,109.1776351928711,30.110000000000003,17.082508087158203,30.11,72.04500579833984,30.11,86.09400177001953
30.120000000000005,17.278892517089844,30.12,109.17864227294922,30.12,17.07139015197754,30.12,72.04304504394531,30.12,86.14324951171875
30.130000000000003,17.27747344970703,30.130000000000003,109.17548370361328,30.13,17.063753128051758,30.130000000000003,72.04145812988281,30.130000000000003,86.19551849365234
30.14,17.26958465576172,30.14,109.17537689208984,30.14,17.058198928833008,30.14,72.040283203125,30.14,86.24942779541016
30.15000000000001,17.2596378326416,30.15,109.17540740966795,30.15,17.050579071044922,30.15,72.0395278930664,30.15,86.30423736572266
30.160000000000004,17.253416061401367,30.16,109.1802978515625,30.16,17.042400360107422,30.16,72.03822326660156,30.160000000000004,86.36119079589844
30.17,17.245397567749023,30.17,109.18924713134766,30.17,17.035036087036133,30.17,72.03668975830078,30.17,86.4202880859375
30.18,17.242292404174805,30.18,109.19686126708984,30.180000000000003,17.0410213470459,30.18,72.03337097167969,30.18,86.48159790039062
30.190000000000005,17.246963500976562,30.19,109.19816589355467,30.19,17.074270248413086,30.19,72.02996063232422,30.19,86.54881286621094
30.200000000000003,17.248462677001953,30.200000000000003,109.19190979003906,30.2,17.09750747680664,30.200000000000003,72.02603149414062,30.200000000000003,86.62277221679688
30.21,17.24276351928711,30.21,109.18441009521484,30.21,17.095674514770508,30.21,72.02111053466797,30.21,86.69807434082031
30.22,17.230581283569336,30.22,109.17426300048828,30.22,17.073841094970703,30.22,72.0161361694336,30.22,86.77420043945312
30.230000000000004,17.23233985900879,30.23,109.1769027709961,30.23,17.038612365722656,30.23,72.0097885131836,30.23,86.84552001953125
30.24,17.220500946044922,30.24,109.17599487304688,30.24,17.008264541625977,30.24,72.00528717041016,30.24,86.91363525390625
30.25,17.217241287231445,30.25,109.17376708984376,30.250000000000004,16.986162185668945,30.25,71.99971771240234,30.25,86.98104095458984
30.260000000000005,17.21164321899414,30.26,109.1710205078125,30.26,16.9611759185791,30.26,71.99395751953125,30.26,87.05472564697266
30.270000000000003,17.204116821289062,30.27,109.1640625,30.27,16.934022903442383,30.270000000000003,71.9860610961914,30.270000000000003,87.13117218017578
30.28,17.207292556762695,30.28,109.15523529052734,30.28,16.900497436523438,30.28,71.97630310058594,30.28,87.21524047851562
30.29,17.1883544921875,30.29,109.14796447753906,30.290000000000003,16.873044967651367,30.29,71.96549224853516,30.29,87.3006362915039
30.300000000000004,17.20426368713379,30.3,109.14035034179688,30.3,16.854751586914062,30.3,71.95176696777344,30.3,87.38813781738281
30.31,17.217729568481445,30.31,109.13159942626952,30.31,16.839147567749023,30.31,71.92887115478516,30.31,87.48092651367188
30.32,17.211639404296875,30.32,109.1253433227539,30.32,16.820287704467773,30.32,71.89934539794922,30.32,87.56898498535156
30.330000000000005,17.20091438293457,30.33,109.11990356445312,30.33,16.806039810180664,30.33,71.85749053955078,30.33,87.648681640625
30.340000000000003,17.191993713378906,30.34,109.10955047607422,30.34,16.79584312438965,30.340000000000003,71.80580139160156,30.340000000000003,87.725341796875
30.35,17.175457000732422,30.35,109.09791564941406,30.35,16.790264129638672,30.35,71.73817443847656,30.35,87.80535888671875
30.36,17.151901245117188,30.36,109.07395935058594,30.360000000000003,16.78421401977539,30.36,71.65797424316406,30.36,87.88567352294922
30.370000000000005,17.13369369506836,30.37,109.04608154296876,30.37,16.7783203125,30.37,71.5606460571289,30.37,87.96510314941406
30.380000000000003,17.123319625854492,30.380000000000003,109.01637268066406,30.38,16.784528732299805,30.380000000000003,71.44965362548828,30.380000000000003,88.04495239257812
30.39,17.10502815246582,30.39,108.97417449951172,30.39,16.765132904052734,30.39,71.32479858398438,30.39,88.12168884277344
30.40000000000001,17.076025009155273,30.4,108.93427276611328,30.4,16.737714767456055,30.4,71.18513488769531,30.4,88.19944763183594
30.410000000000004,17.052776336669922,30.41,108.89298248291016,30.41,16.707347869873047,30.41,71.03192901611328,30.410000000000004,88.28070068359375
30.42,17.018512725830078,30.42,108.84851837158205,30.42,16.67101287841797,30.42,70.8675308227539,30.42,88.36227416992188
30.43,16.975963592529297,30.43,108.80228424072266,30.430000000000003,16.634807586669922,30.43,70.69549560546875,30.43,88.44204711914062
30.440000000000005,16.92922592163086,30.44,108.75257873535156,30.44,16.597261428833008,30.44,70.5167236328125,30.44,88.51879119873047
30.450000000000003,16.883996963500977,30.450000000000003,108.70877075195312,30.45,16.568477630615234,30.450000000000003,70.33301544189453,30.450000000000003,88.59593963623047
30.46,16.8448429107666,30.46,108.65950775146484,30.46,16.542617797851562,30.46,70.14363098144531,30.46,88.67972564697266
30.47,16.806631088256836,30.47,108.61270904541016,30.47,16.51236915588379,30.47,69.94764709472656,30.47,88.76276397705078
30.480000000000004,16.769725799560547,30.48,108.56674194335938,30.48,16.487323760986328,30.48,69.74270629882812,30.48,88.8446044921875
30.49,16.734350204467773,30.49,108.50081634521484,30.49,16.45989418029785,30.49,69.53019714355469,30.49,88.92823791503906
30.5,16.700029373168945,30.5,108.39298248291016,30.500000000000004,16.430789947509766,30.5,69.31090545654297,30.5,89.011962890625
30.510000000000005,16.662710189819336,30.51,108.25350189208984,30.51,16.403194427490234,30.51,69.09339904785156,30.51,89.09935760498047
30.520000000000003,16.6246280670166,30.52,108.09797668457033,30.52,16.388578414916992,30.520000000000003,68.88506317138672,30.520000000000003,89.18687438964844
30.53,16.57798194885254,30.53,107.9421844482422,30.53,16.369237899780273,30.53,68.69998168945312,30.53,89.2700424194336
30.54,16.52507781982422,30.54,107.80176544189452,30.540000000000003,16.335601806640625,30.54,68.53704071044922,30.54,89.34678649902344
30.550000000000004,16.467491149902344,30.55,107.67025756835938,30.55,16.285486221313477,30.55,68.40776824951172,30.55,89.4255599975586
30.56,16.401607513427734,30.56,107.54493713378906,30.56,16.239765167236328,30.56,68.32499694824219,30.56,89.49684143066406
30.57,16.333396911621094,30.57,107.41487121582033,30.57,16.20574951171875,30.57,68.3004379272461,30.57,89.56597900390625
30.580000000000005,16.25432014465332,30.58,107.2668914794922,30.58,16.162092208862305,30.58,68.3425064086914,30.58,89.63636779785156
30.590000000000003,16.173038482666016,30.59,107.10846710205078,30.59,16.1227970123291,30.590000000000003,68.44583892822266,30.590000000000003,89.69821166992188
30.6,16.080663681030273,30.6,106.93617248535156,30.6,16.044513702392578,30.6,68.60781860351562,30.6,89.75112915039062
30.61,15.983826637268066,30.61,106.75796508789062,30.610000000000003,15.947674751281738,30.61,68.82391357421875,30.61,89.79000854492188
30.620000000000005,15.874444961547852,30.62,106.57530212402344,30.62,15.85414218902588,30.62,69.0708999633789,30.62,89.8134765625
30.630000000000003,15.77040195465088,30.630000000000003,106.37849426269533,30.63,15.74644374847412,30.630000000000003,69.35407257080078,30.630000000000003,89.82439422607422
30.64,15.662039756774902,30.64,106.16534423828124,30.64,15.610244750976562,30.64,69.6557846069336,30.64,89.82488250732422
30.65000000000001,15.528688430786133,30.65,105.95469665527344,30.65,15.496474266052246,30.65,69.96660614013672,30.65,89.81759643554688
30.660000000000004,15.387469291687012,30.66,105.7444839477539,30.66,15.39710807800293,30.66,70.27983856201172,30.660000000000004,89.79920196533203
30.67,15.270419120788574,30.67,105.54064178466795,30.67,15.328791618347168,30.67,70.58908081054688,30.67,89.77191162109375
30.68,15.178621292114258,30.68,105.34514617919922,30.680000000000003,15.2843656539917,30.68,70.88465881347656,30.68,89.74071502685547
30.690000000000005,15.121091842651367,30.69,105.1648941040039,30.69,15.250423431396484,30.69,71.18150329589844,30.69,89.7025146484375
30.700000000000003,15.084681510925291,30.700000000000003,105.02042388916016,30.7,15.242111206054688,30.700000000000003,71.44020080566406,30.700000000000003,89.6600341796875
30.71,15.052668571472168,30.71,104.9001922607422,30.71,15.245121002197266,30.71,71.64384460449219,30.71,89.61661529541016
30.72,15.054281234741213,30.72,104.80988311767578,30.72,15.246902465820312,30.72,71.7931137084961,30.72,89.57826232910156
30.730000000000004,15.088732719421388,30.73,104.75025177001952,30.73,15.249808311462402,30.73,71.86644744873047,30.73,89.54316711425781
30.74,15.087419509887695,30.74,104.71880340576172,30.74,15.250093460083008,30.74,71.86544799804688,30.74,89.51020812988281
30.75,15.069397926330566,30.75,104.70360565185548,30.750000000000004,15.25030517578125,30.75,71.82584381103516,30.75,89.4753646850586
30.760000000000005,15.057390213012695,30.76,104.7177276611328,30.76,15.251209259033203,30.76,71.76148986816406,30.76,89.4351806640625
30.770000000000003,15.044356346130373,30.77,104.72308349609376,30.77,15.258975982666016,30.770000000000003,71.6993179321289,30.770000000000003,89.38924407958984
30.78,15.033892631530762,30.78,104.71817016601562,30.78,15.27212619781494,30.78,71.6496353149414,30.78,89.3315658569336
30.79,15.0288724899292,30.79,104.7088623046875,30.790000000000003,15.292841911315918,30.79,71.59880828857422,30.79,89.25757598876953
30.800000000000004,15.024800300598145,30.8,104.6894302368164,30.8,15.314170837402344,30.8,71.56607818603516,30.8,89.1663589477539
30.81,15.01693630218506,30.81,104.66360473632812,30.81,15.31089973449707,30.81,71.56705474853516,30.81,89.05355072021484
30.82,15.014412879943848,30.82,104.62338256835938,30.82,15.29234504699707,30.82,71.61205291748047,30.82,88.91972351074219
30.830000000000005,15.018763542175291,30.83,104.56314849853516,30.83,15.258837699890137,30.83,71.70026397705078,30.83,88.77143859863281
30.840000000000003,15.03141975402832,30.84,104.4906005859375,30.84,15.23779296875,30.840000000000003,71.82282257080078,30.840000000000003,88.61295318603516
30.85,15.047896385192873,30.85,104.40724182128906,30.85,15.225144386291504,30.85,71.98048400878906,30.85,88.44621276855469
30.86,15.05749797821045,30.86,104.30907440185548,30.860000000000003,15.21628475189209,30.86,72.1742172241211,30.86,88.2667236328125
30.870000000000005,15.084147453308104,30.87,104.19406127929688,30.87,15.214853286743164,30.87,72.41284942626953,30.87,88.0782470703125
30.880000000000003,15.1382474899292,30.880000000000003,104.07233428955078,30.88,15.213122367858888,30.880000000000003,72.69367218017578,30.880000000000003,87.86736297607422
30.89,15.195703506469728,30.89,103.94825744628906,30.89,15.225252151489258,30.89,73.00697326660156,30.89,87.62904357910156
30.90000000000001,15.248263359069824,30.9,103.81209564208984,30.9,15.249996185302734,30.9,73.32933044433594,30.9,87.38260650634766
30.910000000000004,15.308616638183594,30.91,103.65715789794922,30.91,15.290968894958496,30.91,73.65298461914062,30.910000000000004,87.12670135498047
30.92,15.38560962677002,30.92,103.50504302978516,30.92,15.332040786743164,30.92,73.71527099609375,30.92,86.8447036743164
30.93,15.47281265258789,30.93,103.37177276611328,30.930000000000003,15.387823104858398,30.93,73.54727172851562,30.93,86.53401947021484
30.940000000000005,15.54874038696289,30.94,103.31497955322266,30.94,15.457240104675291,30.94,73.51393127441406,30.94,86.20149993896484
30.950000000000003,15.6146821975708,30.950000000000003,103.32401275634766,30.95,15.567193984985352,30.950000000000003,73.65633392333984,30.950000000000003,85.86471557617188
30.96,15.675320625305176,30.96,103.3769989013672,30.96,15.685565948486328,30.96,73.83655548095703,30.96,85.51937103271484
30.97,15.70644474029541,30.97,103.37454223632812,30.97,15.810450553894045,30.97,73.9959945678711,30.97,85.18421936035156
30.980000000000004,15.689604759216309,30.98,103.35047912597656,30.98,15.946769714355469,30.98,74.14302825927734,30.98,84.84333801269531
30.99,15.675515174865724,30.99,103.34574127197266,30.99,16.092239379882812,30.99,74.27880096435547,30.99,84.48332977294922
31.0,15.672840118408203,31.0,103.3177261352539,31.000000000000004,16.257118225097656,31.0,74.40304565429688,31.0,84.09304809570312
31.010000000000005,15.68632984161377,31.01,103.28723907470705,31.01,16.448101043701172,31.01,74.51744842529297,31.01,83.66629028320312
31.020000000000003,15.687888145446776,31.02,103.23757934570312,31.02,16.62784194946289,31.020000000000003,74.61412811279297,31.020000000000003,83.24781799316406
31.03,15.70108127593994,31.03,103.1783676147461,31.03,16.78484535217285,31.03,74.69812774658203,31.03,82.84878540039062
31.04,15.746607780456545,31.04,103.10537719726562,31.040000000000003,16.93446159362793,31.04,74.7709732055664,31.04,82.46587371826172
31.050000000000004,15.775983810424805,31.05,103.0162124633789,31.05,17.039812088012695,31.05,74.83303833007812,31.05,82.09637451171875
31.06,15.780152320861816,31.06,102.92479705810548,31.06,17.05826759338379,31.06,74.87159729003906,31.06,81.7350082397461
31.07,15.76173973083496,31.07,102.82654571533205,31.07,17.03717613220215,31.07,74.88665771484375,31.07,81.34950256347656
31.080000000000005,15.73307991027832,31.08,102.73789978027344,31.08,16.97517967224121,31.08,74.88091278076172,31.08,80.90702819824219
31.090000000000003,15.709108352661133,31.09,102.65098571777344,31.09,16.878862380981445,31.090000000000003,74.8537826538086,31.090000000000003,80.40129089355469
31.1,15.680506706237791,31.1,102.56505584716795,31.1,16.8292179107666,31.1,74.80140686035156,31.1,79.87224578857422
31.11,15.645085334777832,31.11,102.48766326904295,31.110000000000003,16.793901443481445,31.11,74.72177124023438,31.11,79.29165649414062
31.120000000000005,15.609042167663574,31.12,102.41566467285156,31.12,16.755220413208008,31.12,74.60662078857422,31.12,78.65467834472656
31.130000000000003,15.568028450012209,31.130000000000003,102.35781860351562,31.13,16.672534942626953,31.130000000000003,74.45045471191406,31.130000000000003,77.99142456054688
31.14,15.53983211517334,31.14,102.3101806640625,31.14,16.554487228393555,31.14,74.24340057373047,31.14,77.31621551513672
31.15000000000001,15.533954620361328,31.15,102.31200408935548,31.15,16.45196533203125,31.15,74.00479125976562,31.15,76.61187744140625
31.160000000000004,15.532632827758787,31.16,102.34540557861328,31.16,16.375675201416016,31.16,73.8228988647461,31.160000000000004,75.89370727539062
31.17,15.542234420776367,31.17,102.3752212524414,31.17,16.37087059020996,31.17,73.7665786743164,31.17,75.12811279296875
31.18,15.565021514892578,31.18,102.42925262451172,31.180000000000003,16.442201614379883,31.18,73.78408813476562,31.18,74.29911041259766
31.190000000000005,15.60629653930664,31.19,102.46212005615234,31.19,16.485822677612305,31.19,73.7660903930664,31.19,73.42268371582031
31.200000000000003,15.665945053100586,31.200000000000003,102.4720458984375,31.2,16.49960708618164,31.200000000000003,73.70578002929688,31.200000000000003,72.52032470703125
31.21,15.710683822631836,31.21,102.49134063720705,31.21,16.409088134765625,31.21,73.6265869140625,31.21,71.62818908691406
31.22,15.726426124572754,31.22,102.50598907470705,31.22,16.396224975585938,31.22,73.55904388427734,31.22,70.69583892822266
31.230000000000004,15.744242668151855,31.23,102.52833557128906,31.23,16.460966110229492,31.23,73.50391387939453,31.23,69.72181701660156
31.24,15.754762649536133,31.24,102.55953979492188,31.24,16.599349975585938,31.24,73.4542465209961,31.24,68.67967987060547
31.25,15.7813081741333,31.25,102.57343292236328,31.250000000000004,16.777381896972656,31.25,73.40204620361328,31.25,67.63456726074219
31.260000000000005,15.844758987426758,31.26,102.58657836914062,31.26,16.982158660888672,31.26,73.33563995361328,31.26,66.61244201660156
31.270000000000003,15.932653427124023,31.27,102.6074676513672,31.27,17.204397201538086,31.270000000000003,73.26363372802734,31.270000000000003,65.62399291992188
31.28,16.025720596313477,31.28,102.64498138427734,31.28,17.461868286132812,31.28,73.19485473632812,31.28,64.65889739990234
31.29,16.126327514648438,31.29,102.69422912597656,31.290000000000003,17.716354370117188,31.29,73.11653900146484,31.29,63.642276763916016
31.300000000000004,16.252592086791992,31.3,102.75548553466795,31.3,17.943130493164062,31.3,73.02669525146484,31.3,62.609336853027344
31.31,16.36636734008789,31.31,102.8163070678711,31.31,18.205076217651367,31.31,72.9303970336914,31.31,61.64760971069336
31.32,16.48785972595215,31.32,102.87310028076172,31.32,18.512191772460938,31.32,72.81163787841797,31.32,60.72143173217773
31.330000000000005,16.66335105895996,31.33,102.9435043334961,31.33,18.858179092407227,31.33,72.68391418457031,31.33,59.75728225708008
31.340000000000003,16.849441528320312,31.34,103.02355194091795,31.34,19.21172523498535,31.340000000000003,72.55882263183594,31.340000000000003,58.78666305541992
31.35,17.052120208740234,31.35,103.12709045410156,31.35,19.594980239868164,31.35,72.43812561035156,31.35,57.90774917602539
31.36,17.271902084350586,31.36,103.25214385986328,31.360000000000003,19.98778533935547,31.36,72.32606506347656,31.36,57.14428329467773
31.370000000000005,17.533599853515625,31.37,103.39965057373048,31.37,20.407814025878903,31.37,72.20931243896484,31.37,56.41253662109375
31.380000000000003,17.86380386352539,31.380000000000003,103.56079864501952,31.38,20.83775520324707,31.380000000000003,72.08973693847656,31.380000000000003,55.67116928100586
31.39,18.23374366760254,31.39,103.7330093383789,31.39,21.25632095336914,31.39,71.96147918701172,31.39,54.875972747802734
31.40000000000001,18.588626861572266,31.4,103.91380310058594,31.4,21.679275512695312,31.4,71.82501983642578,31.4,54.07553863525391
31.410000000000004,18.95087432861328,31.41,104.09724426269533,31.41,22.127077102661133,31.41,71.69329833984375,31.410000000000004,53.3968620300293
31.42,19.343067169189453,31.42,104.30145263671876,31.42,22.58810234069824,31.42,71.55476379394531,31.42,52.83100128173828
31.43,19.77030563354492,31.43,104.5064468383789,31.430000000000003,23.069181442260746,31.43,71.4156723022461,31.43,52.13288497924805
31.440000000000005,20.18718910217285,31.44,104.732666015625,31.44,23.565711975097656,31.44,71.30878448486328,31.44,51.45074844360352
31.450000000000003,20.575023651123047,31.450000000000003,104.9831085205078,31.45,24.105857849121094,31.450000000000003,71.2315902709961,31.450000000000003,50.936824798583984
31.46,20.983192443847656,31.46,105.23694610595705,31.46,24.66848373413086,31.46,71.15621185302734,31.46,50.582401275634766
31.47,21.44046401977539,31.47,105.47513580322266,31.47,25.26082992553711,31.47,71.09175872802734,31.47,50.15349197387695
31.480000000000004,21.929834365844727,31.48,105.70484924316406,31.48,25.873979568481445,31.48,71.0330581665039,31.48,49.72964096069336
31.49,22.456993103027344,31.49,105.93008422851562,31.49,26.508506774902344,31.49,70.97870635986328,31.49,49.27678680419922
31.5,23.00844383239746,31.5,106.13396453857422,31.500000000000004,27.168174743652344,31.5,70.92276763916016,31.5,48.79623794555664
31.510000000000005,23.57863044738769,31.51,106.31616973876952,31.51,27.839155197143555,31.51,70.8731918334961,31.51,48.38052368164063
31.520000000000003,24.18501091003418,31.52,106.51177978515624,31.52,28.54553985595703,31.520000000000003,70.82267761230469,31.520000000000003,47.99296951293945
31.53,24.815549850463867,31.53,106.66107940673828,31.53,29.280961990356445,31.53,70.78404235839844,31.53,47.56643295288086
31.54,25.474424362182617,31.54,106.72335815429688,31.540000000000003,30.06477737426757,31.54,70.74848937988281,31.54,47.15155792236328
31.550000000000004,26.17803382873535,31.55,106.86457061767578,31.55,30.88633155822754,31.55,70.71692657470703,31.55,46.84346389770508
31.56,26.93041610717773,31.56,106.96245574951172,31.56,31.72749137878418,31.56,70.69087982177734,31.56,46.494415283203125
31.57,27.721981048583984,31.57,107.05402374267578,31.57,32.58694076538086,31.57,70.6713638305664,31.57,46.12604141235352
31.580000000000005,28.550052642822266,31.58,107.10794067382812,31.58,33.456241607666016,31.58,70.66022491455078,31.58,45.8183479309082
31.590000000000003,29.40801048278809,31.59,107.15715789794922,31.59,34.34120559692383,31.590000000000003,70.65279388427734,31.590000000000003,45.58001327514648
31.6,30.29071998596192,31.6,107.19336700439452,31.6,35.24380111694336,31.6,70.6521987915039,31.6,45.39476013183594
31.61,31.196514129638672,31.61,107.1883544921875,31.610000000000003,36.16722106933594,31.61,70.65420532226562,31.61,45.17066192626953
31.620000000000005,32.12192916870117,31.62,107.18223571777344,31.62,37.11447525024414,31.62,70.65865325927734,31.62,44.93248748779297
31.630000000000003,33.068599700927734,31.630000000000003,107.14459228515624,31.63,38.080299377441406,31.630000000000003,70.66193389892578,31.630000000000003,44.752052307128906
31.64,34.03630447387695,31.64,107.09270477294922,31.64,39.06237030029297,31.64,70.6692886352539,31.64,44.61759948730469
31.65000000000001,35.03165054321289,31.65,107.02144622802734,31.65,40.06777191162109,31.65,70.67623901367188,31.65,44.51206207275391
31.660000000000004,36.04665756225586,31.66,106.93013763427734,31.66,41.11039352416992,31.66,70.68489837646484,31.660000000000004,44.432254791259766
31.67,37.06211853027344,31.67,106.84529113769533,31.67,42.15826797485352,31.67,70.69580078125,31.67,44.39633941650391
31.68,38.06500625610352,31.68,106.73856353759766,31.680000000000003,43.262943267822266,31.68,70.70892333984375,31.68,44.39202499389648
31.690000000000005,39.05702590942383,31.69,106.6082763671875,31.69,44.34440994262695,31.69,70.72328186035156,31.69,44.42486572265625
31.700000000000003,40.043251037597656,31.700000000000003,106.46630859375,31.7,45.43103790283203,31.700000000000003,70.73861694335938,31.700000000000003,44.476688385009766
31.71,41.03753662109375,31.71,106.32305908203124,31.71,46.48861312866211,31.71,70.75562286376953,31.71,44.56934356689453
31.72,42.03203582763672,31.72,106.19920349121094,31.72,47.52610778808594,31.72,70.77149963378906,31.72,44.69340515136719
31.730000000000004,43.028228759765625,31.73,106.04349517822266,31.73,48.53688049316406,31.73,70.78665924072266,31.73,44.84062194824219
31.74,44.03043365478516,31.74,105.90625,31.74,49.53586959838867,31.74,70.79759216308594,31.74,45.04045867919922
31.75,45.030235290527344,31.75,105.75315856933594,31.750000000000004,50.49473571777344,31.75,70.81048583984375,31.75,45.3023567199707
31.760000000000005,46.004188537597656,31.76,105.60391235351562,31.76,51.42522048950195,31.76,70.82508087158203,31.76,45.583492279052734
31.770000000000003,46.94627380371094,31.77,105.4694595336914,31.77,52.3304328918457,31.770000000000003,70.83767700195312,31.770000000000003,45.86088943481445
31.78,47.86098861694336,31.78,105.32784271240234,31.78,53.19759750366211,31.78,70.85091400146484,31.78,46.16535949707031
31.79,48.74443435668945,31.79,105.1987762451172,31.790000000000003,54.04231262207031,31.79,70.85832977294922,31.79,46.49765396118164
31.800000000000004,49.604270935058594,31.8,105.05412292480467,31.8,54.85290145874024,31.8,70.8608169555664,31.8,46.85780715942383
31.81,50.43191909790039,31.81,104.89453125,31.81,55.6521110534668,31.81,70.85945129394531,31.81,47.21126937866211
31.82,51.2728271484375,31.82,104.75159454345705,31.82,56.44358444213867,31.82,70.85660552978516,31.82,47.60472106933594
31.830000000000005,52.134315490722656,31.83,104.60682678222656,31.83,57.23781204223633,31.83,70.84927368164062,31.83,48.020294189453125
31.840000000000003,52.99293899536133,31.84,104.49170684814452,31.84,58.02970886230469,31.840000000000003,70.83969116210938,31.840000000000003,48.42703628540039
31.85,53.84184265136719,31.85,104.36549377441406,31.85,58.804969787597656,31.85,70.83263397216797,31.85,48.84278106689453
31.86,54.65950012207031,31.86,104.23918151855467,31.860000000000003,59.41450119018555,31.86,70.82816314697266,31.86,49.26076889038086
31.870000000000005,55.45047378540039,31.87,104.09447479248048,31.87,60.24014663696289,31.87,70.82502746582031,31.87,49.72608184814453
31.880000000000003,56.22514724731445,31.880000000000003,103.95069885253906,31.88,61.05865097045898,31.880000000000003,70.82032012939453,31.880000000000003,50.18380737304688
31.89,56.99134063720703,31.89,103.8248519897461,31.89,61.820159912109375,31.89,70.8219985961914,31.89,50.66167449951172
31.90000000000001,57.75975799560547,31.9,103.69818115234376,31.9,62.531471252441406,31.9,70.82069396972656,31.9,51.18869018554688
31.910000000000004,58.52241134643555,31.91,103.56719207763672,31.91,63.2557373046875,31.91,70.8118667602539,31.910000000000004,51.68485641479492
31.92,59.264286041259766,31.92,103.43722534179688,31.92,63.94650268554688,31.92,70.81228637695312,31.92,52.18537139892578
31.93,59.99204635620117,31.93,103.31712341308594,31.930000000000003,64.6318130493164,31.93,70.8155288696289,31.93,52.68131637573242
31.940000000000005,60.6892204284668,31.94,103.1903839111328,31.94,65.28963470458984,31.94,70.81658172607422,31.94,53.15960693359375
31.950000000000003,61.36190414428711,31.950000000000003,103.06209564208984,31.95,65.92372131347656,31.950000000000003,70.82064819335938,31.950000000000003,53.64606475830078
31.96,62.02345657348633,31.96,102.9305191040039,31.96,66.55999755859375,31.96,70.82664489746094,31.96,54.14390563964844
31.97,62.69911193847656,31.97,102.79349517822266,31.97,67.17301940917969,31.97,70.83497619628906,31.97,54.65439987182617
31.980000000000004,63.36819076538086,31.98,102.6636962890625,31.98,67.75241088867188,31.98,70.8429946899414,31.98,55.161380767822266
31.99,64.04239654541016,31.99,102.53494262695312,31.99,68.29397583007812,31.99,70.84996795654297,31.99,55.68966674804688
32.0,64.72852325439453,32.0,102.4151382446289,32.0,68.85523986816406,32.0,70.85584259033203,32.0,56.19375991821289
32.010000000000005,65.39932250976562,32.01,102.31073760986328,32.010000000000005,69.39856719970703,32.01,70.8577880859375,32.01,56.7354621887207
32.02,66.02821350097656,32.02,102.23747253417967,32.02,69.93896484375,32.02,70.85700988769531,32.02,57.31968307495117
32.03,66.64408111572266,32.03,102.16990661621094,32.03,70.47669219970703,32.03,70.86105346679688,32.03,57.921024322509766
32.04,67.21253967285156,32.04,102.11258697509766,32.040000000000006,71.00430297851562,32.04,70.86575317382812,32.04,58.49443435668945
32.050000000000004,67.75881958007812,32.05,102.05341339111328,32.05,71.52518463134766,32.05,70.86973571777344,32.05,59.04720687866211
32.06,68.3092041015625,32.06,101.99597930908205,32.06,72.03800201416016,32.06,70.87397003173828,32.06,59.635887145996094
32.07,68.8585433959961,32.07,101.95140075683594,32.06999999999999,72.49303436279297,32.07,70.87860107421875,32.07,60.21279144287109
32.080000000000005,69.39488983154297,32.08,101.90424346923828,32.08,72.93165588378906,32.08,70.876708984375,32.08,60.73931121826172
32.09,69.8907470703125,32.09,101.86658477783205,32.09,73.40904235839844,32.09,70.87046813964844,32.09,61.288692474365234
32.1,70.35516357421875,32.1,101.83637237548828,32.099999999999994,73.8779525756836,32.1,70.87649536132812,32.1,61.85344696044922
32.11,70.82838439941406,32.11,101.81460571289062,32.11,74.32493591308594,32.11,70.87447357177734,32.11,62.40180587768555
32.120000000000005,71.2975845336914,32.12,101.7928695678711,32.120000000000005,74.80039978027344,32.12,70.87931060791016,32.12,62.98690032958984
32.13,71.7519760131836,32.13,101.768310546875,32.129999999999995,75.2804183959961,32.13,70.88658142089844,32.13,63.57909393310547
32.14,72.19713592529297,32.14,101.7334213256836,32.14,75.764404296875,32.14,70.88398742675781,32.14,64.14308166503906
32.150000000000006,72.68636322021484,32.15,101.6825180053711,32.150000000000006,76.27120971679688,32.15,70.881591796875,32.15,64.71331787109375
32.160000000000004,73.19554138183594,32.16,101.62171173095705,32.16,76.75587463378906,32.16,70.87767028808594,32.160000000000004,65.2563705444336
32.17,73.67920684814453,32.17,101.5545654296875,32.17,77.21978759765625,32.17,70.87611389160156,32.17,65.76810455322266
32.18,74.13443756103516,32.18,101.48822784423828,32.18000000000001,77.67784881591797,32.18,70.86978912353516,32.18,66.26315307617188
32.190000000000005,74.57994842529297,32.19,101.41478729248048,32.19,78.1462173461914,32.19,70.87226867675781,32.19,66.77001190185547
32.2,75.04415130615234,32.2,101.31816864013672,32.2,78.6414794921875,32.2,70.87557220458984,32.2,67.26358032226562
32.21,75.53777313232422,32.21,101.21977996826172,32.209999999999994,79.1031723022461,32.21,70.87274932861328,32.21,67.77680969238281
32.22,76.09016418457031,32.22,101.1133041381836,32.22,79.5223617553711,32.22,70.87752532958984,32.22,68.26567077636719
32.230000000000004,76.6100082397461,32.23,101.00790405273438,32.230000000000004,79.89960479736328,32.23,70.8857650756836,32.23,68.73603820800781
32.24,77.07244873046875,32.24,100.90576934814452,32.239999999999995,80.2987289428711,32.24,70.89006805419922,32.24,69.2129898071289
32.25,77.50559997558594,32.25,100.80469512939452,32.25,80.71051788330078,32.25,70.89632415771484,32.25,69.68611145019531
32.260000000000005,77.92301177978516,32.26,100.69647979736328,32.260000000000005,81.10745239257812,32.26,70.90583038330078,32.26,70.17684173583984
32.27,78.36451721191406,32.27,100.5691909790039,32.27,81.4856185913086,32.27,70.9129638671875,32.27,70.65788269042969
32.28,78.83402252197266,32.28,100.41213989257812,32.28,81.84703063964844,32.28,70.92919158935547,32.28,71.11946105957031
32.29,79.32325744628906,32.29,100.27196502685548,32.290000000000006,82.19853210449219,32.29,70.94953155517578,32.29,71.56089782714844
32.300000000000004,79.78538513183594,32.3,100.14444732666016,32.3,82.54141235351562,32.3,70.96893310546875,32.3,72.0032958984375
32.31,80.2425765991211,32.31,100.01911926269533,32.31,82.88603210449219,32.31,70.98833465576172,32.31,72.44547271728516
32.32,80.70661163330078,32.32,99.8860092163086,32.31999999999999,83.22278594970703,32.32,71.00778198242188,32.32,72.88105773925781
32.330000000000005,81.17951202392578,32.33,99.77063751220705,32.33,83.53718566894531,32.33,71.04177856445312,32.33,73.30093383789062
32.34,81.65946960449219,32.34,99.6678466796875,32.34,83.89205169677734,32.34,71.05790710449219,32.34,73.70307922363281
32.35,82.12615966796875,32.35,99.57334899902344,32.349999999999994,84.56776428222656,32.35,71.07498931884766,32.35,74.11473083496094
32.36,82.66442108154297,32.36,99.48026275634766,32.36,85.5505599975586,32.36,71.09037780761719,32.36,74.50599670410156
32.370000000000005,83.23458099365234,32.37,99.40350341796876,32.370000000000005,86.12274169921875,32.37,71.10308837890625,32.37,74.92169952392578
32.38,83.77236938476562,32.38,99.33008575439452,32.379999999999995,86.51823425292969,32.38,71.11431884765625,32.38,75.3235855102539
32.39,84.23056030273438,32.39,99.26625061035156,32.39,86.85853576660156,32.39,71.12197875976562,32.39,75.70233154296875
32.400000000000006,84.62362670898438,32.4,99.2204132080078,32.400000000000006,87.19195556640625,32.4,71.12816619873047,32.4,76.08423614501953
32.410000000000004,85.01931762695312,32.41,99.14867401123048,32.41,87.63361358642578,32.41,71.1318130493164,32.410000000000004,76.46206665039062
32.42,85.40980529785156,32.42,99.0851821899414,32.42,88.05963134765625,32.42,71.13585662841797,32.42,76.8328628540039
32.43,85.7757339477539,32.43,99.04781341552734,32.43000000000001,88.46867370605469,32.43,71.13677215576172,32.43,77.1861343383789
32.440000000000005,86.07489013671875,32.44,99.01322174072266,32.44,88.91954040527344,32.44,71.13616180419922,32.44,77.528076171875
32.45,86.43353271484375,32.45,98.99456787109376,32.45,89.37596130371094,32.45,71.13676452636719,32.45,77.85523223876953
32.46,86.87854766845703,32.46,98.97606658935548,32.459999999999994,89.785888671875,32.46,71.13398742675781,32.46,78.14722442626953
32.47,87.2182388305664,32.47,98.96715545654295,32.47,90.16201782226562,32.47,71.1291732788086,32.47,78.41509246826172
32.480000000000004,87.55513763427734,32.48,98.95069885253906,32.480000000000004,90.56968688964844,32.48,71.12075805664062,32.48,78.67842864990234
32.49,87.81399536132812,32.49,98.86083221435548,32.489999999999995,90.9751205444336,32.49,71.11158752441406,32.49,78.92926788330078
32.5,88.11734008789062,32.5,98.7146224975586,32.5,91.29167175292967,32.5,71.097900390625,32.5,79.15304565429688
32.510000000000005,88.33356475830078,32.51,98.73766326904295,32.510000000000005,91.58594512939452,32.51,71.08419036865234,32.51,79.37057495117188
32.52,88.52734375,32.52,98.75123596191406,32.52,91.79426574707033,32.52,71.07093048095703,32.52,79.56402587890625
32.53,88.74345397949219,32.53,98.75247192382812,32.53,91.89746856689452,32.53,71.05915832519531,32.53,79.73645782470703
32.54,88.992431640625,32.54,98.74901580810548,32.540000000000006,91.9500732421875,32.54,71.04561614990234,32.54,79.90914154052734
32.550000000000004,89.21947479248047,32.55,98.78441619873048,32.55,91.9821548461914,32.55,71.03048706054688,32.55,80.06417083740234
32.56,89.4115219116211,32.56,98.81796264648438,32.56,92.01588439941406,32.56,71.0141372680664,32.56,80.20240020751953
32.57,89.56285095214844,32.57,98.84637451171876,32.56999999999999,92.03341674804688,32.57,70.99815368652344,32.57,80.34578704833984
32.580000000000005,89.68334197998047,32.58,98.8774642944336,32.58,92.04489135742188,32.58,70.9830093383789,32.58,80.46955871582031
32.59,89.82615661621094,32.59,98.91270446777344,32.59,92.041259765625,32.59,70.96631622314453,32.59,80.58753967285156
32.6,89.937255859375,32.6,98.9585189819336,32.599999999999994,92.0358657836914,32.6,70.95162963867188,32.6,80.70694732666016
32.61,89.9869384765625,32.61,99.0114288330078,32.61,92.03012084960938,32.61,70.93783569335938,32.61,80.85050201416016
32.620000000000005,90.03723907470703,32.62,99.07249450683594,32.620000000000005,92.04190063476562,32.62,70.92713928222656,32.62,80.9947509765625
32.63,90.09844207763672,32.63,99.1229476928711,32.629999999999995,92.05287170410156,32.63,70.92036437988281,32.63,81.1197280883789
32.64,90.15713500976562,32.64,99.1587142944336,32.64,92.05956268310548,32.64,70.91563415527344,32.64,81.23221588134766
32.650000000000006,90.22649383544922,32.65,99.18831634521484,32.650000000000006,92.07384490966795,32.65,70.91470336914062,32.65,81.3505630493164
32.660000000000004,90.31319427490234,32.66,99.21231842041016,32.66,92.13482666015624,32.66,70.91477966308594,32.660000000000004,81.4615478515625
32.67,90.37905883789062,32.67,99.23009490966795,32.67,92.20221710205078,32.67,70.91514587402344,32.67,81.55677032470703
32.68,90.43224334716795,32.68,99.2477798461914,32.68000000000001,92.26107025146484,32.68,70.91527557373047,32.68,81.63961791992188
32.690000000000005,90.49227905273438,32.69,99.27351379394533,32.69,92.33995819091795,32.69,70.92298126220703,32.69,81.71975708007812
32.7,90.56111145019533,32.7,99.29785919189452,32.7,92.41171264648438,32.7,70.92581176757812,32.7,81.79437255859375
32.71,90.63407135009766,32.71,99.2752685546875,32.709999999999994,92.47405242919922,32.71,70.9254379272461,32.71,81.85921478271484
32.72,90.68791961669922,32.72,99.29237365722656,32.72,92.53665924072266,32.72,70.92341613769531,32.72,81.91290283203125
32.730000000000004,90.74243927001952,32.73,99.32757568359376,32.730000000000004,92.59622192382812,32.73,70.92273712158203,32.73,81.96556091308594
32.74,90.77973175048828,32.74,99.35537719726562,32.739999999999995,92.65287017822266,32.74,70.92130279541016,32.74,82.01625061035156
32.75,90.83984375,32.75,99.38343048095705,32.75,92.7120361328125,32.75,70.9203109741211,32.75,82.07343292236328
32.760000000000005,90.90594482421876,32.76,99.4090347290039,32.760000000000005,92.76707458496094,32.76,70.9189682006836,32.76,82.12198638916016
32.77,90.9533462524414,32.77,99.43822479248048,32.77,92.83094024658205,32.77,70.9201889038086,32.77,82.16238403320312
32.78,90.99243927001952,32.78,99.46253967285156,32.78,92.87370300292967,32.78,70.922119140625,32.78,82.20337677001953
32.79,91.02919006347656,32.79,99.48827362060548,32.790000000000006,92.90823364257812,32.79,70.92596435546875,32.79,82.23854064941406
32.800000000000004,91.063720703125,32.8,99.51535034179688,32.8,92.93775939941406,32.8,70.9293441772461,32.8,82.27472686767578
32.81,91.0948715209961,32.81,99.5400390625,32.81,92.96082305908205,32.81,70.93049621582031,32.81,82.30286407470703
32.82,91.1308822631836,32.82,99.56389617919922,32.81999999999999,92.98159790039062,32.82,70.9308853149414,32.82,82.32015991210938
32.830000000000005,91.16957092285156,32.83,99.58909606933594,32.83,93.01466369628906,32.83,70.92964935302734,32.83,82.33106231689453
32.84,91.2164077758789,32.84,99.61053466796876,32.84,93.04580688476562,32.84,70.92546844482422,32.84,82.3493423461914
32.85,91.2696762084961,32.85,99.64046478271484,32.849999999999994,93.0832290649414,32.85,70.92118072509766,32.85,82.3740005493164
32.86,91.3230209350586,32.86,99.67556762695312,32.86,93.1115951538086,32.86,70.91828155517578,32.86,82.38645935058594
32.870000000000005,91.37390899658205,32.87,99.71297454833984,32.870000000000005,93.1436538696289,32.87,70.91608428955078,32.87,82.4001693725586
32.88,91.42359161376952,32.88,99.74830627441406,32.879999999999995,93.17583465576172,32.88,70.9158935546875,32.88,82.41992950439453
32.89,91.46691131591795,32.89,99.78125,32.89,93.2108383178711,32.89,70.91835021972656,32.89,82.43931579589844
32.900000000000006,91.50025177001952,32.9,99.8137664794922,32.900000000000006,93.2448501586914,32.9,70.92082977294922,32.9,82.45339965820312
32.910000000000004,91.55436706542967,32.91,99.84153747558594,32.91,93.27180480957033,32.91,70.92312622070312,32.910000000000004,82.4668960571289
32.92,91.6194839477539,32.92,99.86840057373048,32.92,93.29579162597656,32.92,70.92427062988281,32.92,82.47827911376953
32.93,91.69916534423828,32.93,99.90159606933594,32.93000000000001,93.3160171508789,32.93,70.92473602294922,32.93,82.49393463134766
32.940000000000005,91.77499389648438,32.94,99.93975830078124,32.94,93.327880859375,32.94,70.92506408691406,32.94,82.51273345947266
32.95,91.84012603759766,32.95,99.9900360107422,32.95,93.33474731445312,32.95,70.92479705810547,32.95,82.55551147460938
32.96,91.89783477783205,32.96,100.0496597290039,32.959999999999994,93.34202575683594,32.96,70.92172241210938,32.96,82.601318359375
32.97,91.94156646728516,32.97,100.10305786132812,32.97,93.34362030029295,32.97,70.91766357421875,32.97,82.6488265991211
32.980000000000004,91.97704315185548,32.98,100.15174102783205,32.980000000000004,93.33859252929688,32.98,70.9105224609375,32.98,82.69886016845703
32.99,92.0132827758789,32.99,100.21271514892578,32.989999999999995,93.33036041259766,32.99,70.90169525146484,32.99,82.74927520751953
33.0,92.04891204833984,33.0,100.28033447265624,33.0,93.32286834716795,33.0,70.89054107666016,33.0,82.80339050292969
33.010000000000005,92.0719223022461,33.01,100.32762908935548,33.010000000000005,93.31814575195312,33.01,70.87911987304688,33.01,82.85066223144531
33.02,92.08409881591795,33.02,100.38093566894533,33.02,93.31043243408205,33.02,70.86676788330078,33.02,82.88743591308594
33.03,92.0854263305664,33.03,100.43155670166016,33.03,93.29943084716795,33.03,70.85519409179688,33.03,82.91876220703125
33.04,92.0873794555664,33.04,100.47850036621094,33.040000000000006,93.28944396972656,33.04,70.84404754638672,33.04,82.94246673583984
33.050000000000004,92.09558868408205,33.05,100.52906799316406,33.05,93.28528594970705,33.05,70.83470916748047,33.05,82.96212005615234
33.06,92.1055908203125,33.06,100.57621002197266,33.06,93.27552032470705,33.06,70.824951171875,33.06,82.98170471191406
33.07,92.12714385986328,33.07,100.63345336914062,33.06999999999999,93.26477813720705,33.07,70.81620025634766,33.07,82.9990234375
33.080000000000005,92.14103698730467,33.08,100.66864013671876,33.08,93.25902557373048,33.08,70.80876922607422,33.08,83.0096435546875
33.09,92.14784240722656,33.09,100.70267486572266,33.09,93.2623291015625,33.09,70.8023681640625,33.09,83.01123809814453
33.1,92.15380096435548,33.1,100.75707244873048,33.099999999999994,93.26691436767578,33.1,70.79674530029297,33.1,83.00743103027344
33.11,92.16417694091795,33.11,100.7752685546875,33.11,93.26979064941406,33.11,70.79467010498047,33.11,83.00141143798828
33.120000000000005,92.1754379272461,33.12,100.7953872680664,33.120000000000005,93.27289581298828,33.12,70.7934341430664,33.12,82.98486328125
33.13,92.18576049804688,33.13,100.80876159667967,33.129999999999995,93.28067016601562,33.13,70.78970336914062,33.13,82.96599578857422
33.14,92.20030975341795,33.14,100.81236267089844,33.14,93.29419708251952,33.14,70.7922134399414,33.14,82.94619750976562
33.150000000000006,92.21500396728516,33.15,100.8123550415039,33.150000000000006,93.31256103515624,33.15,70.7926254272461,33.15,82.92176818847656
33.160000000000004,92.23358154296876,33.16,100.81317901611328,33.16,93.33047485351562,33.16,70.79303741455078,33.160000000000004,82.89155578613281
33.17,92.25384521484376,33.17,100.80510711669922,33.17,93.34620666503906,33.17,70.79920959472656,33.17,82.85584259033203
33.18,92.27166748046876,33.18,100.7881851196289,33.18000000000001,93.35546112060548,33.18,70.80393981933594,33.18,82.81695556640625
33.190000000000005,92.2858657836914,33.19,100.76622772216795,33.19,93.36514282226562,33.19,70.80899810791016,33.19,82.77400970458984
33.2,92.29672241210938,33.2,100.7478485107422,33.2,93.37974548339844,33.2,70.813720703125,33.2,82.7282485961914
33.21,92.30089569091795,33.21,100.72040557861328,33.209999999999994,93.38965606689452,33.21,70.8193130493164,33.21,82.68319702148438
33.22,92.3066177368164,33.22,100.6916046142578,33.22,93.39564514160156,33.22,70.82487487792969,33.22,82.64039611816406
33.230000000000004,92.31290435791016,33.23,100.66705322265624,33.230000000000004,93.40129852294922,33.23,70.83153533935547,33.23,82.59793090820312
33.24,92.3177719116211,33.24,100.63328552246094,33.239999999999995,93.40946197509766,33.24,70.83776092529297,33.24,82.55451202392578
33.25,92.32050323486328,33.25,100.61067199707033,33.25,93.41331481933594,33.25,70.84144592285156,33.25,82.50849914550781
33.260000000000005,92.32343292236328,33.26,100.58940887451172,33.260000000000005,93.41218566894533,33.26,70.84566497802734,33.26,82.46638488769531
33.27,92.32228088378906,33.27,100.57083129882812,33.27,93.40567779541016,33.27,70.84967803955078,33.27,82.4308090209961
33.28,92.3151626586914,33.28,100.5531768798828,33.28,93.39637756347656,33.28,70.85352325439453,33.28,82.3980712890625
33.29,92.30817413330078,33.29,100.53237915039062,33.290000000000006,93.38191986083984,33.29,70.85636901855469,33.29,82.36407470703125
33.300000000000004,92.29218292236328,33.3,100.51506042480467,33.3,93.37030029296876,33.3,70.85955810546875,33.3,82.33092498779297
33.31,92.27064514160156,33.31,100.50074005126952,33.31,93.36067962646484,33.31,70.86418914794922,33.31,82.29757690429688
33.32,92.2465362548828,33.32,100.48604583740234,33.31999999999999,93.35563659667967,33.32,70.86884307861328,33.32,82.2660140991211
33.330000000000005,92.22850036621094,33.33,100.47161865234376,33.33,93.35205078125,33.33,70.87220764160156,33.33,82.23836517333984
33.34,92.21448516845705,33.34,100.45331573486328,33.34,93.34615325927734,33.34,70.87504577636719,33.34,82.21463775634766
33.35,92.2093276977539,33.35,100.4293212890625,33.349999999999994,93.33772277832033,33.35,70.87567901611328,33.35,82.19490814208984
33.36,92.20816040039062,33.36,100.41231536865234,33.36,93.3172607421875,33.36,70.8755111694336,33.36,82.16942596435547
33.370000000000005,92.20443725585938,33.37,100.39618682861328,33.370000000000005,93.29743194580078,33.37,70.87630462646484,33.37,82.14231872558594
33.38,92.19207763671876,33.38,100.37686920166016,33.379999999999995,93.28538513183594,33.38,70.8752212524414,33.38,82.11173248291016
33.39,92.17886352539062,33.39,100.35903930664062,33.39,93.28170013427734,33.39,70.87744140625,33.39,82.08572387695312
33.400000000000006,92.1631317138672,33.4,100.34242248535156,33.400000000000006,93.27912902832033,33.4,70.87865447998047,33.4,82.0539779663086
33.410000000000004,92.1439971923828,33.41,100.32736206054688,33.41,93.27781677246094,33.41,70.88166046142578,33.410000000000004,82.02163696289062
33.42,92.12920379638672,33.42,100.31517028808594,33.42,93.28093719482422,33.42,70.88335418701172,33.42,81.99047088623047
33.43,92.11460876464844,33.43,100.3076629638672,33.43000000000001,93.28163146972656,33.43,70.88241577148438,33.43,81.95915985107422
33.440000000000005,92.10314178466795,33.44,100.29984283447266,33.44,93.27910614013672,33.44,70.88318634033203,33.44,81.9336166381836
33.45,92.08999633789062,33.45,100.28792572021484,33.45,93.2763900756836,33.45,70.88338470458984,33.45,81.91250610351562
33.46,92.07623291015624,33.46,100.2732925415039,33.459999999999994,93.27332305908205,33.46,70.88308715820312,33.46,81.88985443115234
33.47,92.05992126464844,33.47,100.25891876220705,33.47,93.2744598388672,33.47,70.8857421875,33.47,81.86785888671875
33.480000000000004,92.04971313476562,33.48,100.24447631835938,33.480000000000004,93.2771987915039,33.48,70.88658905029297,33.48,81.85140228271484
33.49,92.04116821289062,33.49,100.2297821044922,33.489999999999995,93.28036499023438,33.49,70.88800048828125,33.49,81.82858276367188
33.5,92.03532409667967,33.5,100.21571350097656,33.5,93.27897644042967,33.5,70.88987731933594,33.5,81.80347442626953
33.510000000000005,92.02586364746094,33.51,100.2009735107422,33.510000000000005,93.27024841308594,33.51,70.882080078125,33.51,81.77702331542969
33.52,92.01278686523438,33.52,100.18608856201172,33.52,93.25686645507812,33.52,70.88207244873047,33.52,81.75060272216797
33.53,92.00252532958984,33.53,100.177001953125,33.53,93.25270080566406,33.53,70.8849868774414,33.53,81.73013305664062
33.54,91.98892974853516,33.54,100.1696319580078,33.540000000000006,93.24739074707033,33.54,70.8869400024414,33.54,81.71446228027344
33.550000000000004,91.97260284423828,33.55,100.16387176513672,33.55,93.24317932128906,33.55,70.89098358154297,33.55,81.7004165649414
33.56,91.95350646972656,33.56,100.15840911865234,33.56,93.24115753173828,33.56,70.89275360107422,33.56,81.6863021850586
33.57,91.93645477294922,33.57,100.1530303955078,33.56999999999999,93.2382583618164,33.57,70.89533996582031,33.57,81.6731948852539
33.580000000000005,91.92255401611328,33.58,100.15019989013672,33.58,93.23392486572266,33.58,70.89746856689453,33.58,81.65767669677734
33.59,91.9124984741211,33.59,100.14644622802734,33.59,93.22563934326172,33.59,70.89913940429688,33.59,81.63919067382812
33.6,91.90127563476562,33.6,100.14234161376952,33.599999999999994,93.22007751464844,33.6,70.90389251708984,33.6,81.62458801269531
33.61,91.8877182006836,33.61,100.1354522705078,33.61,93.21625518798828,33.61,70.90460968017578,33.61,81.6120834350586
33.620000000000005,91.87654876708984,33.62,100.12411499023438,33.620000000000005,93.2085189819336,33.62,70.90809631347656,33.62,81.60131072998047
33.63,91.86675262451172,33.63,100.11785888671876,33.629999999999995,93.1983871459961,33.63,70.90838623046875,33.63,81.59273529052734
33.64,91.85731506347656,33.64,100.11467742919922,33.64,93.1895523071289,33.64,70.91021728515625,33.64,81.58242797851562
33.650000000000006,91.84819793701172,33.65,100.11188507080078,33.650000000000006,93.1815185546875,33.65,70.91254425048828,33.65,81.5727767944336
33.660000000000004,91.84298706054688,33.66,100.11181640625,33.66,93.17102813720705,33.66,70.91173553466797,33.660000000000004,81.5658187866211
33.67,91.83991241455078,33.67,100.1147003173828,33.67,93.15702056884766,33.67,70.9114761352539,33.67,81.56227111816406
33.68,91.83355712890624,33.68,100.11808013916016,33.68000000000001,93.14374542236328,33.68,70.91280364990234,33.68,81.56061553955078
33.690000000000005,91.82398223876952,33.69,100.12248992919922,33.69,93.13623809814452,33.69,70.91223907470703,33.69,81.55557250976562
33.7,91.81316375732422,33.7,100.12366485595705,33.7,93.13121032714844,33.7,70.9113998413086,33.7,81.55085754394531
33.71,91.80970001220705,33.71,100.13065338134766,33.709999999999994,93.12288665771484,33.71,70.91002655029297,33.71,81.54722595214844
33.72,91.81049346923828,33.72,100.13668823242188,33.72,93.11286163330078,33.72,70.90910339355469,33.72,81.54082489013672
33.730000000000004,91.8150863647461,33.73,100.13834381103516,33.730000000000004,93.09813690185548,33.73,70.90725708007812,33.73,81.54056549072266
33.74,91.82166290283205,33.74,100.14199829101562,33.739999999999995,93.0805435180664,33.74,70.90544891357422,33.74,81.54161834716797
33.75,91.82312774658205,33.75,100.14746856689452,33.75,93.0616683959961,33.75,70.90325927734375,33.75,81.54585266113281
33.760000000000005,91.82695770263672,33.76,100.14825439453124,33.760000000000005,93.04216003417967,33.76,70.90241241455078,33.76,81.55058288574219
33.77,91.83516693115234,33.77,100.14990234375,33.77,93.0292510986328,33.77,70.9011459350586,33.77,81.55101776123047
33.78,91.84222412109376,33.78,100.1520538330078,33.78,93.02336120605467,33.78,70.89700317382812,33.78,81.55554962158203
33.79,91.84246826171876,33.79,100.1550521850586,33.790000000000006,93.02081298828124,33.79,70.89659118652344,33.79,81.55765533447266
33.800000000000004,91.8414535522461,33.8,100.15657043457033,33.8,93.01415252685548,33.8,70.89724731445312,33.8,81.55841827392578
33.81,91.84220886230467,33.81,100.16006469726562,33.81,93.00897216796876,33.81,70.89679718017578,33.81,81.5615234375
33.82,91.84327697753906,33.82,100.16526794433594,33.81999999999999,93.00540924072266,33.82,70.89823913574219,33.82,81.5723876953125
33.830000000000005,91.8439483642578,33.83,100.16647338867188,33.83,93.00171661376952,33.83,70.89918518066406,33.83,81.57535552978516
33.84,91.84074401855467,33.84,100.16631317138672,33.84,92.99406433105467,33.84,70.90057373046875,33.84,81.56798553466797
33.85,91.8333969116211,33.85,100.1652603149414,33.849999999999994,92.98580932617188,33.85,70.90129852294922,33.85,81.56137084960938
33.86,91.82454681396484,33.86,100.15972137451172,33.86,92.98139190673828,33.86,70.90362548828125,33.86,81.562744140625
33.870000000000005,91.82122039794922,33.87,100.15414428710938,33.870000000000005,92.9757843017578,33.87,70.90725708007812,33.87,81.56332397460938
33.88,91.8166275024414,33.88,100.1484832763672,33.879999999999995,92.96744537353516,33.88,70.91166687011719,33.88,81.56243133544922
33.89,91.809814453125,33.89,100.14285278320312,33.89,92.95611572265624,33.89,70.916259765625,33.89,81.560791015625
33.900000000000006,91.8007354736328,33.9,100.1363754272461,33.900000000000006,92.94178009033205,33.9,70.91947937011719,33.9,81.56145477294922
33.910000000000004,91.78273010253906,33.91,100.13140869140624,33.91,92.9300765991211,33.91,70.92375946044922,33.910000000000004,81.56260681152344
33.92,91.75972747802734,33.92,100.1257553100586,33.92,92.92047119140624,33.92,70.92749786376953,33.92,81.56594848632812
33.93,91.74211883544922,33.93,100.12039184570312,33.93000000000001,92.91240692138672,33.93,70.93238067626953,33.93,81.57003784179688
33.940000000000005,91.7260513305664,33.94,100.11715698242188,33.94,92.90568542480467,33.94,70.93496704101562,33.94,81.57466888427734
33.95,91.71292114257812,33.95,100.116455078125,33.95,92.89800262451172,33.95,70.93610382080078,33.95,81.580810546875
33.96,91.6976547241211,33.96,100.11767578125,33.959999999999994,92.889892578125,33.96,70.9372787475586,33.96,81.58757781982422
33.97,91.68297576904295,33.97,100.1171417236328,33.97,92.8801040649414,33.97,70.9388427734375,33.97,81.5917739868164
33.980000000000004,91.6716079711914,33.98,100.11730194091795,33.980000000000004,92.87248229980467,33.98,70.94145965576172,33.98,81.5946044921875
33.99,91.6604461669922,33.99,100.11383056640624,33.989999999999995,92.86437225341795,33.99,70.9449462890625,33.99,81.59764862060547
34.0,91.64630889892578,34.0,100.11002349853516,34.0,92.8542022705078,34.0,70.94782257080078,34.0,81.60255432128906
34.010000000000005,91.62845611572266,34.01,100.101806640625,34.010000000000005,92.84437561035156,34.01,70.94868469238281,34.01,81.60404968261719
34.02,91.61865997314452,34.02,100.09440612792967,34.02,92.8347396850586,34.02,70.9500732421875,34.02,81.60395050048828
34.03,91.61644744873048,34.03,100.09198760986328,34.03,92.82620239257812,34.03,70.95186614990234,34.03,81.60733795166016
34.04,91.61197662353516,34.04,100.09001922607422,34.040000000000006,92.81993865966795,34.04,70.95245361328125,34.04,81.61328125
34.050000000000004,91.60376739501952,34.05,100.08966827392578,34.05,92.81044006347656,34.05,70.95632934570312,34.05,81.61951446533203
34.06,91.59424591064452,34.06,100.08988189697266,34.06,92.80006408691406,34.06,70.95793914794922,34.06,81.62397003173828
34.07,91.5843505859375,34.07,100.0878677368164,34.06999999999999,92.78812408447266,34.07,70.95855712890625,34.07,81.62718200683594
34.080000000000005,91.5732192993164,34.08,100.0866470336914,34.08,92.77476501464844,34.08,70.96036529541016,34.08,81.63056945800781
34.09,91.56104278564452,34.09,100.08512115478516,34.09,92.7636489868164,34.09,70.9623794555664,34.09,81.63529205322266
34.1,91.54532623291016,34.1,100.08767700195312,34.099999999999994,92.75514221191406,34.1,70.96503448486328,34.1,81.64208984375
34.11,91.53352355957033,34.11,100.08876037597656,34.11,92.74176788330078,34.11,70.96694946289062,34.11,81.65105438232422
34.120000000000005,91.5235595703125,34.12,100.08961486816406,34.120000000000005,92.7257308959961,34.12,70.96918487548828,34.12,81.6607666015625
34.13,91.51321411132812,34.13,100.09273529052734,34.129999999999995,92.70923614501952,34.13,70.97252655029297,34.13,81.66852569580078
34.14,91.4990463256836,34.14,100.09439086914062,34.14,92.69676208496094,34.14,70.9757308959961,34.14,81.67288970947266
34.150000000000006,91.4859848022461,34.15,100.09557342529295,34.150000000000006,92.68497467041016,34.15,70.9791030883789,34.15,81.6763687133789
34.160000000000004,91.47173309326172,34.16,100.09772491455078,34.16,92.67144775390624,34.16,70.98018646240234,34.160000000000004,81.68706512451172
34.17,91.45532989501952,34.17,100.10103607177734,34.17,92.65824127197266,34.17,70.98363494873047,34.17,81.6958236694336
34.18,91.43791961669922,34.18,100.11063385009766,34.18000000000001,92.64883422851562,34.18,70.98878479003906,34.18,81.70278930664062
34.190000000000005,91.42083740234376,34.19,100.116943359375,34.19,92.64159393310548,34.19,70.9919204711914,34.19,81.70555114746094
34.2,91.40634155273438,34.2,100.11810302734376,34.2,92.63156127929688,34.2,70.99579620361328,34.2,81.7115478515625
34.21,91.39110565185548,34.21,100.12308502197266,34.209999999999994,92.62374877929688,34.21,71.00218963623047,34.21,81.71733856201172
34.22,91.3763427734375,34.22,100.12818908691406,34.22,92.62049865722656,34.22,71.00748443603516,34.22,81.72138977050781
34.230000000000004,91.35934448242188,34.23,100.12696075439452,34.230000000000004,92.61521911621094,34.23,71.01476287841797,34.23,81.72703552246094
34.24,91.34162139892578,34.24,100.12171173095705,34.239999999999995,92.61083984375,34.24,71.01903533935547,34.24,81.73802947998047
34.25,91.32511138916016,34.25,100.1161117553711,34.25,92.60955047607422,34.25,71.0206069946289,34.25,81.748779296875
34.260000000000005,91.30670166015624,34.26,100.1133041381836,34.260000000000005,92.6070327758789,34.26,71.02471160888672,34.26,81.75267791748047
34.27,91.28929901123048,34.27,100.11026763916016,34.27,92.6029052734375,34.27,71.02833557128906,34.27,81.75225830078125
34.28,91.2724380493164,34.28,100.105224609375,34.28,92.595703125,34.28,71.03206634521484,34.28,81.75508117675781
34.29,91.25714874267578,34.29,100.0976791381836,34.290000000000006,92.58963775634766,34.29,71.03501892089844,34.29,81.75877380371094
34.300000000000004,91.2467041015625,34.3,100.08643341064452,34.3,92.58396911621094,34.3,71.0382308959961,34.3,81.76283264160156
34.31,91.23695373535156,34.31,100.0771255493164,34.31,92.57794189453124,34.31,71.04037475585938,34.31,81.7647933959961
34.32,91.2295150756836,34.32,100.07119750976562,34.31999999999999,92.57081604003906,34.32,71.04280090332031,34.32,81.76654815673828
34.330000000000005,91.22020721435548,34.33,100.0685806274414,34.33,92.56038665771484,34.33,71.04461669921875,34.33,81.77095794677734
34.34,91.20870208740234,34.34,100.06576538085938,34.34,92.54725646972656,34.34,71.04423522949219,34.34,81.77415466308594
34.35,91.19384002685548,34.35,100.07137298583984,34.349999999999994,92.53530883789062,34.35,71.04422760009766,34.35,81.77519989013672
34.36,91.17904663085938,34.36,100.07440185546876,34.36,92.52515411376952,34.36,71.04306030273438,34.36,81.7826156616211
34.370000000000005,91.16622161865234,34.37,100.07899475097656,34.370000000000005,92.51870727539062,34.37,71.04105377197266,34.37,81.7866439819336
34.38,91.15211486816406,34.38,100.0832977294922,34.379999999999995,92.51190185546876,34.38,71.0390396118164,34.38,81.79273223876953
34.39,91.13263702392578,34.39,100.08785247802734,34.39,92.4991226196289,34.39,71.03817749023438,34.39,81.79926300048828
34.400000000000006,91.11479949951172,34.4,100.08829498291016,34.400000000000006,92.4901885986328,34.4,71.03475952148438,34.4,81.79814910888672
34.410000000000004,91.0989761352539,34.41,100.08704376220705,34.41,92.48282623291016,34.41,71.03495788574219,34.410000000000004,81.79594421386719
34.42,91.08426666259766,34.42,100.0811004638672,34.42,92.47843170166016,34.42,71.03228759765625,34.42,81.79515838623047
34.43,91.07242584228516,34.43,100.07764434814452,34.43000000000001,92.47490692138672,34.43,71.03002166748047,34.43,81.79503631591797
34.440000000000005,91.05802917480467,34.44,100.06871795654295,34.44,92.4707489013672,34.44,71.02921295166016,34.44,81.79649353027344
34.45,91.04190063476562,34.45,100.0602035522461,34.45,92.46607971191406,34.45,71.02816009521484,34.45,81.79935455322266
34.46,91.02620697021484,34.46,100.0547866821289,34.459999999999994,92.45860290527344,34.46,71.02680969238281,34.46,81.79286193847656
34.470000000000006,91.00970458984376,34.47,100.04569244384766,34.47,92.44702911376952,34.47,71.02542114257812,34.47,81.77464294433594
34.480000000000004,90.99330139160156,34.48,100.0385513305664,34.480000000000004,92.4389419555664,34.48,71.02037048339844,34.48,81.75313568115234
34.49,90.97200775146484,34.49,100.03187561035156,34.489999999999995,92.4320068359375,34.49,71.0206069946289,34.49,81.7361831665039
34.5,90.9468765258789,34.5,100.02423095703124,34.5,92.42405700683594,34.5,71.0108871459961,34.5,81.7168960571289
34.510000000000005,90.92394256591795,34.51,100.01571655273438,34.510000000000005,92.41693878173828,34.51,71.01026916503906,34.51,81.6933364868164
34.52,90.90666198730467,34.52,100.00196838378906,34.52,92.41272735595705,34.52,71.0095443725586,34.52,81.6653060913086
34.53,90.88835906982422,34.53,99.98591613769533,34.53,92.40846252441406,34.53,71.00751495361328,34.53,81.63404846191406
34.54,90.87092590332033,34.54,99.96808624267578,34.540000000000006,92.40135192871094,34.54,71.00862884521484,34.54,81.6043701171875
34.550000000000004,90.85324096679688,34.55,99.94925689697266,34.55,92.39257049560548,34.55,71.00825500488281,34.55,81.57049560546875
34.56,90.83055877685548,34.56,99.93008422851562,34.56,92.3844985961914,34.56,71.00637817382812,34.56,81.53729248046875
34.57,90.80345153808594,34.57,99.90426635742188,34.57000000000001,92.3755340576172,34.57,71.00630950927734,34.57,81.49280548095703
34.580000000000005,90.76983642578124,34.58,99.87589263916016,34.58,92.36939239501952,34.58,71.00694274902344,34.58,81.43449401855469
34.59,90.7292938232422,34.59,99.8465576171875,34.59,92.36466217041016,34.59,71.00639343261719,34.59,81.36803436279297
34.6,90.67401123046876,34.6,99.8158721923828,34.599999999999994,92.35668182373048,34.6,71.00639343261719,34.6,81.29949188232422
34.61,90.6199188232422,34.61,99.78369903564452,34.61,92.34781646728516,34.61,71.00701141357422,34.61,81.22179412841797
34.620000000000005,90.55685424804688,34.62,99.75128936767578,34.620000000000005,92.34004974365234,34.62,71.00740051269531,34.62,81.13384246826172
34.63,90.48046875,34.63,99.71803283691406,34.629999999999995,92.32270050048828,34.63,71.00697326660156,34.63,81.04037475585938
34.64,90.41461944580078,34.64,99.68222045898438,34.64,92.30371856689452,34.64,71.0074234008789,34.64,80.94434356689453
34.650000000000006,90.34269714355467,34.65,99.64234924316406,34.650000000000006,92.28313446044922,34.65,71.00746154785156,34.65,80.8421859741211
34.660000000000004,90.25720977783205,34.66,99.60148620605467,34.66,92.25865173339844,34.660000000000004,71.00797271728516,34.660000000000004,80.73605346679688
34.67,90.17784881591795,34.67,99.56089782714844,34.67,92.22857666015624,34.67,71.00857543945312,34.67,80.62883758544922
34.68,90.08214569091795,34.68,99.52198791503906,34.68000000000001,92.19591522216795,34.68,71.00917053222656,34.68,80.5111312866211
34.690000000000005,89.99322509765625,34.69,99.47917175292967,34.69,92.16427612304688,34.69,71.01089477539062,34.69,80.37415313720703
34.7,89.89793395996094,34.7,99.4330596923828,34.7,92.132080078125,34.7,71.0109634399414,34.7,80.22481536865234
34.71,89.8003921508789,34.71,99.3844223022461,34.709999999999994,92.1032485961914,34.71,71.0123291015625,34.71,80.07470703125
34.720000000000006,89.68505096435547,34.72,99.33470916748048,34.72,92.0691909790039,34.72,71.01423645019531,34.72,79.9177474975586
34.730000000000004,89.53849029541016,34.73,99.28302001953124,34.730000000000004,92.0289077758789,34.73,71.01686096191406,34.730000000000004,79.75773620605469
34.74,89.38208770751953,34.74,99.22872161865234,34.739999999999995,91.98023223876952,34.74,71.01959228515625,34.74,79.5865249633789
34.75,89.2482681274414,34.75,99.170654296875,34.75,91.93106842041016,34.75,71.02283477783203,34.75,79.39854431152344
34.760000000000005,89.10602569580078,34.76,99.1122817993164,34.760000000000005,91.88375091552734,34.76,71.02700805664062,34.76,79.20000457763672
34.77,88.97352600097656,34.77,99.05203247070312,34.77,91.8204574584961,34.77,71.03201293945312,34.77,78.98235321044922
34.78,88.82095336914062,34.78,98.99068450927734,34.78,91.7513656616211,34.78,71.03795623779297,34.78,78.7526626586914
34.79,88.63923645019531,34.79,98.92942810058594,34.790000000000006,91.68588256835938,34.79,71.04425048828125,34.79,78.518798828125
34.800000000000004,88.45074462890625,34.8,98.86457061767578,34.8,91.59683990478516,34.8,71.04888916015625,34.8,78.28292083740234
34.81,88.2316665649414,34.81,98.80149841308594,34.81,91.4965362548828,34.81,71.05329895019531,34.81,78.02922058105469
34.82,88.018798828125,34.82,98.7436065673828,34.82000000000001,91.38900756835938,34.82,71.05804443359375,34.82,77.77690887451172
34.830000000000005,87.8209457397461,34.83,98.69002532958984,34.83,91.28108978271484,34.83,71.06165313720703,34.83,77.52061462402344
34.84,87.60368347167969,34.84,98.6443099975586,34.84,91.1585922241211,34.84,71.0662612915039,34.84,77.24144744873047
34.85,87.37104797363281,34.85,98.60539245605467,34.849999999999994,91.02330017089844,34.85,71.07166290283203,34.85,76.92636108398438
34.86,87.09188079833984,34.86,98.56809997558594,34.86,90.88924407958984,34.86,71.07648468017578,34.86,76.60452270507812
34.870000000000005,86.76302337646484,34.87,98.5378189086914,34.870000000000005,90.74557495117188,34.87,71.07872772216797,34.87,76.25408935546875
34.88,86.37938690185547,34.88,98.52971649169922,34.879999999999995,90.59009552001952,34.88,71.08039093017578,34.88,75.84169006347656
34.89,85.99454498291016,34.89,98.52147674560548,34.89,90.41647338867188,34.89,71.08175659179688,34.89,75.41099548339844
34.900000000000006,85.62889862060547,34.9,98.52681732177734,34.900000000000006,90.2113037109375,34.9,71.07955932617188,34.9,74.99154663085938
34.910000000000004,85.20970916748047,34.91,98.53224182128906,34.91,90.0190200805664,34.910000000000004,71.07759094238281,34.910000000000004,74.51756286621094
34.92,84.74187469482422,34.92,98.55670166015624,34.92,89.80368041992188,34.92,71.07816314697266,34.92,73.9831314086914
34.93,84.2379379272461,34.93,98.5821762084961,34.93000000000001,89.54288482666016,34.93,71.07938385009766,34.93,73.42399597167969
34.940000000000005,83.71983337402344,34.94,98.60345458984376,34.94,89.22501373291016,34.94,71.07815551757812,34.94,72.85057830810547
34.95,83.19512939453125,34.95,98.63922882080078,34.95,88.81184387207031,34.95,71.07854461669922,34.95,72.22796630859375
34.96,82.64400482177734,34.96,98.6935043334961,34.959999999999994,88.3863525390625,34.96,71.08045196533203,34.96,71.5975112915039
34.970000000000006,82.07080078125,34.97,98.7437744140625,34.97,87.96695709228516,34.97,71.0823974609375,34.97,70.97247314453125
34.980000000000004,81.50811004638672,34.98,98.78797912597656,34.980000000000004,87.53911590576172,34.98,71.08873748779297,34.980000000000004,70.33304595947266
34.99,80.9749526977539,34.99,98.82125854492188,34.989999999999995,87.07194519042969,34.99,71.09417724609375,34.99,69.66868591308594
35.0,80.43834686279297,35.0,98.86139678955078,35.0,86.52180480957031,35.0,71.0984115600586,35.0,68.99433135986328
35.010000000000005,79.8848876953125,35.01,98.90788269042967,35.010000000000005,85.92988586425781,35.01,71.1084976196289,35.01,68.30815887451172
35.02,79.30799102783203,35.02,98.939208984375,35.02,85.274658203125,35.02,71.1242446899414,35.02,67.6038589477539
35.03,78.73274230957031,35.03,98.97128295898438,35.03,84.51945495605469,35.03,71.14090728759766,35.03,66.91767883300781
35.04,78.18192291259766,35.04,99.0106964111328,35.040000000000006,83.65748596191406,35.04,71.1650161743164,35.04,66.27288818359375
35.050000000000004,77.64537811279297,35.05,99.03309631347656,35.05,82.70275115966797,35.05,71.19561767578125,35.05,65.64768981933594
35.06,77.1061782836914,35.06,99.02115631103516,35.06,81.7469253540039,35.06,71.21797943115234,35.06,65.06123352050781
35.07,76.61015319824219,35.07,99.02255249023438,35.07000000000001,80.64100646972656,35.07,71.23947143554688,35.07,64.4672622680664
35.080000000000005,76.17265319824219,35.08,99.00794219970705,35.08,79.58133697509766,35.08,71.25965881347656,35.08,63.86455154418945
35.09,75.77069854736328,35.09,99.01268005371094,35.09,78.53861999511719,35.09,71.2817611694336,35.09,63.24229049682617
35.1,75.38627624511719,35.1,99.00164794921876,35.099999999999994,77.5335922241211,35.1,71.29891204833984,35.1,62.61589050292969
35.11,75.00199890136719,35.11,99.02233123779295,35.11,76.57109832763672,35.11,71.3147964477539,35.11,62.06583023071289
35.120000000000005,74.55880737304688,35.12,99.05429077148438,35.120000000000005,75.64985656738281,35.12,71.33629608154297,35.12,61.5200080871582
35.13,74.07687377929688,35.13,99.08655548095705,35.129999999999995,74.84916687011719,35.13,71.35594177246094,35.13,60.917236328125
35.14,73.56572723388672,35.14,99.11483764648438,35.14,73.99386596679688,35.14,71.37152862548828,35.14,60.30289077758789
35.150000000000006,73.0311050415039,35.15,99.1360092163086,35.150000000000006,73.16912078857422,35.15,71.38505554199219,35.15,59.71714019775391
35.160000000000004,72.45380401611328,35.16,99.15382385253906,35.16,72.38250732421875,35.160000000000004,71.39793395996094,35.160000000000004,59.12088394165039
35.17,71.8283920288086,35.17,99.18610382080078,35.17,71.50382232666016,35.17,71.41556549072266,35.17,58.54165649414063
35.18,71.18167114257812,35.18,99.22233581542967,35.18000000000001,70.6123046875,35.18,71.43682861328125,35.18,57.94901657104492
35.190000000000005,70.53290557861328,35.19,99.26725006103516,35.19,69.76632690429688,35.19,71.46681213378906,35.19,57.31805038452149
35.2,69.85403442382812,35.2,99.3083953857422,35.2,68.90229034423828,35.2,71.50760650634766,35.2,56.78326797485352
35.21,69.16461944580078,35.21,99.34003448486328,35.209999999999994,67.99723052978516,35.21,71.56130981445312,35.21,56.28037643432617
35.220000000000006,68.46326446533203,35.22,99.37580108642578,35.22,67.0569839477539,35.22,71.6159896850586,35.22,55.78778839111328
35.230000000000004,67.74677276611328,35.23,99.43154907226562,35.230000000000004,66.1401138305664,35.23,71.6629409790039,35.230000000000004,55.32193756103516
35.24,66.99038696289062,35.24,99.4949951171875,35.239999999999995,65.2713623046875,35.24,71.70557403564453,35.24,54.8953742980957
35.25,66.17598724365234,35.25,99.56735229492188,35.25,64.44158172607422,35.25,71.73527526855469,35.25,54.51715087890625
35.260000000000005,65.30028533935547,35.26,99.63034057617188,35.260000000000005,63.5767822265625,35.26,71.7728271484375,35.26,54.10910415649414
35.27,64.4208755493164,35.27,99.71607971191406,35.27,62.63689422607422,35.27,71.83192443847656,35.27,53.71695709228516
35.28,63.55473709106445,35.28,99.81381225585938,35.28,61.67797088623047,35.28,71.8898696899414,35.28,53.387149810791016
35.29,62.664920806884766,35.29,99.90965270996094,35.290000000000006,60.69472503662109,35.29,71.93526458740234,35.29,53.010780334472656
35.300000000000004,61.78743743896485,35.3,100.01445770263672,35.3,59.70507049560547,35.3,71.96541595458984,35.3,52.54573822021485
35.31,60.9250602722168,35.31,100.12152099609376,35.31,58.704811096191406,35.31,71.98585510253906,35.31,52.173439025878906
35.32,60.06739807128906,35.32,100.21246337890624,35.32000000000001,57.77363586425781,35.32,72.00210571289062,35.32,51.84806823730469
35.330000000000005,59.25053024291992,35.33,100.31719970703124,35.33,56.8583869934082,35.33,72.01814270019531,35.33,51.56553268432617
35.34,58.48259735107422,35.34,100.41461181640624,35.34,55.98432540893555,35.34,72.01897430419922,35.34,51.32429122924805
35.35,57.69320297241211,35.35,100.50325012207033,35.349999999999994,55.14842987060547,35.35,72.01482391357422,35.35,51.050437927246094
35.36,56.85688018798828,35.36,100.57659912109376,35.36,54.36348342895508,35.36,72.02783203125,35.36,50.76533508300781
35.370000000000005,55.9711799621582,35.37,100.6507797241211,35.370000000000005,53.54433441162109,35.37,72.05471801757812,35.37,50.45705795288086
35.38,55.10401916503906,35.38,100.74560546875,35.379999999999995,52.744136810302734,35.38,72.087890625,35.38,50.19126892089844
35.39,54.22380065917969,35.39,100.85543823242188,35.39,51.97311782836914,35.39,72.12486267089844,35.39,49.96865463256836
35.400000000000006,53.33462524414063,35.4,100.95841979980467,35.400000000000006,51.10835266113281,35.4,72.16339111328125,35.4,49.76629638671875
35.410000000000004,52.468379974365234,35.41,101.06177520751952,35.41,50.22457504272461,35.410000000000004,72.20279693603516,35.410000000000004,49.61335372924805
35.42,51.64069747924805,35.42,101.1641616821289,35.42,49.35182571411133,35.42,72.24088287353516,35.42,49.4600715637207
35.43,50.81999588012695,35.43,101.25450134277344,35.43000000000001,48.48628234863281,35.43,72.28375244140625,35.43,49.264007568359375
35.440000000000005,49.98524856567383,35.44,101.35787200927734,35.44,47.61826705932617,35.44,72.32499694824219,35.44,49.09492111206055
35.45,49.15956497192383,35.45,101.4377899169922,35.45,46.7143783569336,35.45,72.35074615478516,35.45,49.01765060424805
35.46,48.31790542602539,35.46,101.49495697021484,35.459999999999994,45.86169052124024,35.46,72.36529541015625,35.46,48.93733215332031
35.470000000000006,47.45344161987305,35.47,101.56595611572266,35.47,44.990478515625,35.47,72.37630462646484,35.47,48.917274475097656
35.480000000000004,46.55494689941406,35.48,101.61125183105467,35.480000000000004,44.095985412597656,35.48,72.38807678222656,35.480000000000004,48.94289779663086
35.49,45.59014892578125,35.49,101.66812896728516,35.489999999999995,43.27558898925781,35.49,72.39747619628906,35.49,48.948917388916016
35.5,44.64311218261719,35.5,101.72088623046876,35.5,42.47430038452149,35.5,72.4053955078125,35.5,48.95492172241211
35.510000000000005,43.71772384643555,35.51,101.7455825805664,35.510000000000005,41.659027099609375,35.51,72.41242218017578,35.51,49.02236557006836
35.52,42.79199981689453,35.52,101.77622985839844,35.52,40.83903503417969,35.52,72.42210388183594,35.52,49.1367073059082
35.53,41.868408203125,35.53,101.80776977539062,35.53,39.991790771484375,35.53,72.43795013427734,35.53,49.22588348388672
35.54,40.970947265625,35.54,101.8503646850586,35.540000000000006,39.14058303833008,35.54,72.45771026611328,35.54,49.32377624511719
35.550000000000004,40.05534744262695,35.55,101.89434814453124,35.55,38.332706451416016,35.55,72.47236633300781,35.55,49.521522521972656
35.56,39.15363311767578,35.56,101.93517303466795,35.56,37.5166130065918,35.56,72.46966552734375,35.56,49.776947021484375
35.57,38.29214096069336,35.57,101.96815490722656,35.57000000000001,36.69911956787109,35.57,72.4604263305664,35.57,50.06306838989258
35.580000000000005,37.460060119628906,35.58,101.99270629882812,35.58,35.870872497558594,35.58,72.45269012451172,35.58,50.3668327331543
35.59,36.59184646606445,35.59,102.00011444091795,35.59,35.04792785644531,35.59,72.44278717041016,35.59,50.68870544433594
35.6,35.722049713134766,35.6,102.01578521728516,35.599999999999994,34.24165344238281,35.6,72.42617797851562,35.6,51.03815841674805
35.61,34.87321853637695,35.61,102.025390625,35.61,33.43706130981445,35.61,72.40581512451172,35.61,51.42493438720703
35.620000000000005,34.037940979003906,35.62,102.01856231689452,35.620000000000005,32.67207717895508,35.62,72.3897933959961,35.62,51.892356872558594
35.63,33.20674514770508,35.63,102.01026153564452,35.629999999999995,31.94360542297364,35.63,72.37599182128906,35.63,52.39950942993164
35.64,32.36985397338867,35.64,101.99513244628906,35.64,31.20919609069824,35.64,72.36456298828125,35.64,52.91200256347656
35.650000000000006,31.525955200195312,35.65,101.98553466796876,35.650000000000006,30.478317260742188,35.65,72.35595703125,35.65,53.41600799560547
35.660000000000004,30.69285011291504,35.66,101.97511291503906,35.66,29.74839210510254,35.660000000000004,72.35310363769531,35.660000000000004,53.947296142578125
35.67,29.903207778930664,35.67,101.949462890625,35.67,29.044008255004883,35.67,72.3504409790039,35.67,54.52797317504883
35.68,29.143360137939453,35.68,101.9149169921875,35.68000000000001,28.342498779296875,35.68,72.35243225097656,35.68,55.11943054199219
35.690000000000005,28.412511825561523,35.69,101.86767578125,35.69,27.626922607421875,35.69,72.35123443603516,35.69,55.72160720825195
35.7,27.69106674194336,35.7,101.8018569946289,35.7,26.913238525390625,35.7,72.35325622558594,35.7,56.351524353027344
35.71,26.967748641967773,35.71,101.7156982421875,35.709999999999994,26.22705841064453,35.71,72.3587646484375,35.71,57.010536193847656
35.720000000000006,26.26441192626953,35.72,101.62169647216795,35.72,25.56444931030273,35.72,72.35968780517578,35.72,57.69961166381836
35.730000000000004,25.563833236694336,35.73,101.51716613769533,35.730000000000004,24.90160369873047,35.73,72.36053466796875,35.730000000000004,58.42707443237305
35.74,24.864538192749023,35.74,101.3975830078125,35.739999999999995,24.246826171875,35.74,72.36009216308594,35.74,59.2125129699707
35.75,24.178226470947266,35.75,101.26602935791016,35.75,23.58578872680664,35.75,72.3575210571289,35.75,59.963321685791016
35.760000000000005,23.499738693237305,35.76,101.13208770751952,35.760000000000005,22.92800712585449,35.76,72.36224365234375,35.76,60.674713134765625
35.77,22.84329414367676,35.77,101.00030517578124,35.77,22.29001235961914,35.77,72.38121795654297,35.77,61.42794418334961
35.78,22.20526695251465,35.78,100.8563003540039,35.78,21.66360282897949,35.78,72.41596984863281,35.78,62.26342010498047
35.79,21.582740783691406,35.79,100.71121215820312,35.790000000000006,21.05801582336425,35.79,72.46751403808594,35.79,63.103641510009766
35.800000000000004,20.98322868347168,35.8,100.5808563232422,35.8,20.48784065246582,35.8,72.53396606445312,35.8,63.889461517333984
35.81,20.41463661193848,35.81,100.45915222167967,35.81,19.97640609741211,35.81,72.60726928710938,35.81,64.64000701904297
35.82,19.920869827270508,35.82,100.34297943115234,35.82000000000001,19.51186180114746,35.82,72.68262481689453,35.82,65.37889099121094
35.830000000000005,19.46460151672364,35.83,100.2260971069336,35.83,19.150745391845703,35.83,72.75408935546875,35.83,66.13485717773438
35.84,19.07268142700196,35.84,100.107177734375,35.84,18.8268985748291,35.84,72.81400299072266,35.84,66.87075805664062
35.85,18.75525665283203,35.85,99.98388671875,35.849999999999994,18.525850296020508,35.85,72.85752868652344,35.85,67.5733871459961
35.86,18.469038009643555,35.86,99.85028076171876,35.86,18.247987747192383,35.86,72.87065124511719,35.86,68.25376892089844
35.870000000000005,18.22380447387696,35.87,99.69928741455078,35.870000000000005,17.978851318359375,35.87,72.86189270019531,35.87,68.9057388305664
35.88,18.03788185119629,35.88,99.54808044433594,35.879999999999995,17.758325576782227,35.88,72.84991455078125,35.88,69.54827117919922
35.89,17.886520385742188,35.89,99.4126434326172,35.89,17.52091407775879,35.89,72.86544799804688,35.89,70.18669128417969
35.900000000000006,17.76542091369629,35.9,99.3106460571289,35.900000000000006,17.290952682495117,35.9,72.91350555419922,35.9,70.80935668945312
35.910000000000004,17.650346755981445,35.91,99.21683502197266,35.91,17.086978912353516,35.910000000000004,72.97806549072266,35.910000000000004,71.40164947509766
35.92,17.542762756347656,35.92,99.13195037841795,35.92,16.968074798583984,35.92,73.04850769042969,35.92,71.97212219238281
35.93,17.408262252807617,35.93,99.06039428710938,35.93000000000001,16.841184616088867,35.93,73.12410736083984,35.93,72.54470825195312
35.940000000000005,17.254409790039062,35.94,99.00318908691406,35.94,16.615774154663086,35.94,73.19869232177734,35.94,73.1207504272461
35.95,17.10786247253418,35.95,98.959716796875,35.95,16.35267448425293,35.95,73.26508331298828,35.95,73.69427490234375
35.96,16.96342658996582,35.96,98.9231414794922,35.959999999999994,16.0974063873291,35.96,73.3193130493164,35.96,74.24949645996094
35.970000000000006,16.82075309753418,35.97,98.90125274658205,35.97,15.878292083740234,35.97,73.35713958740234,35.97,74.7679672241211
35.980000000000004,16.682653427124023,35.98,98.88531494140624,35.980000000000004,15.781478881835938,35.98,73.37694549560547,35.980000000000004,75.27545928955078
35.99,16.551027297973633,35.99,98.8754653930664,35.989999999999995,15.589226722717283,35.99,73.3759994506836,35.99,75.77127838134766
36.0,16.429861068725586,36.0,98.8650131225586,36.0,15.32547664642334,36.0,73.35930633544922,36.0,76.30662536621094
36.010000000000005,16.309309005737305,36.01,98.8369140625,36.010000000000005,15.096779823303224,36.01,73.32975006103516,36.01,76.85366821289062
36.02,16.183900833129883,36.02,98.80924224853516,36.02,14.881779670715332,36.02,73.29533386230469,36.02,77.42321014404297
36.03,16.056594848632812,36.03,98.79631805419922,36.03,14.691039085388184,36.03,73.27074432373047,36.03,77.94427490234375
36.04,15.922662734985352,36.04,98.7981948852539,36.040000000000006,14.5498628616333,36.04,73.26155090332031,36.04,78.36769104003906
36.05,15.796621322631836,36.05,98.81510925292967,36.05,14.403611183166504,36.05,73.26371002197266,36.05,78.74286651611328
36.06,15.66619873046875,36.06,98.83218383789062,36.06,14.292228698730469,36.06,73.26898193359375,36.06,79.09432983398438
36.07,15.52062702178955,36.07,98.84500122070312,36.07000000000001,14.242947578430176,36.07,73.27228546142578,36.07,79.4505386352539
36.080000000000005,15.389678955078123,36.08,98.85099792480467,36.08,14.295016288757324,36.08,73.2693099975586,36.08,79.7784652709961
36.09,15.26153564453125,36.09,98.8528289794922,36.09,14.252050399780272,36.09,73.26206970214844,36.09,80.0250015258789
36.1,15.12550449371338,36.1,98.86497497558594,36.1,14.224815368652344,36.1,73.25605010986328,36.1,80.22787475585938
36.11,15.010516166687012,36.11,98.8763427734375,36.11,14.215170860290527,36.11,73.25215911865234,36.11,80.439697265625
36.120000000000005,14.91452693939209,36.12,98.89010620117188,36.120000000000005,14.218960762023926,36.12,73.24324798583984,36.12,80.6556167602539
36.13,14.841440200805664,36.13,98.90341186523438,36.13,14.206476211547852,36.13,73.22692108154297,36.13,80.83689880371094
36.14,14.779302597045898,36.14,98.9209213256836,36.14,14.181024551391602,36.14,73.20195007324219,36.14,80.9764175415039
36.150000000000006,14.720139503479004,36.15,98.95052337646484,36.150000000000006,14.209202766418455,36.15,73.17170715332031,36.15,81.11564636230469
36.16,14.679235458374023,36.16,98.96410369873048,36.16,14.219108581542969,36.16,73.13629913330078,36.16,81.26114654541016
36.17,14.64820384979248,36.17,98.9749526977539,36.17,14.249974250793455,36.17,73.10114288330078,36.17,81.3960189819336
36.18,14.618104934692385,36.18,98.99436950683594,36.18000000000001,14.270267486572266,36.18,73.06800079345703,36.18,81.51665496826172
36.190000000000005,14.584428787231444,36.19,99.02165985107422,36.19,14.32973575592041,36.19,73.03921508789062,36.19,81.62859344482422
36.2,14.551152229309082,36.2,99.05123901367188,36.2,14.38351058959961,36.2,73.01145935058594,36.2,81.72745513916016
36.21,14.521397590637209,36.21,99.08163452148438,36.21,14.42374324798584,36.21,72.98286437988281,36.21,81.80268859863281
36.220000000000006,14.48852252960205,36.22,99.12229919433594,36.22,14.461884498596191,36.22,72.95484161376953,36.22,81.8744125366211
36.23,14.46175479888916,36.23,99.17401885986328,36.23,14.47999382019043,36.23,72.92570495605469,36.23,81.97862243652344
36.24,14.430532455444336,36.24,99.23282623291016,36.24,14.47227382659912,36.24,72.8958969116211,36.24,82.10822296142578
36.25,14.397521018981934,36.25,99.2905731201172,36.25,14.455788612365724,36.25,72.86333465576172,36.25,82.21476745605469
36.260000000000005,14.374350547790527,36.26,99.35578155517578,36.260000000000005,14.452910423278809,36.26,72.83078002929688,36.26,82.29267120361328
36.27,14.349115371704102,36.27,99.41326141357422,36.27,14.44904613494873,36.27,72.79922485351562,36.27,82.36966705322266
36.28,14.328858375549316,36.28,99.47276306152344,36.28,14.451783180236816,36.28,72.76864624023438,36.28,82.45875549316406
36.29,14.305848121643066,36.29,99.52352905273438,36.290000000000006,14.440332412719728,36.29,72.73963928222656,36.29,82.56114959716797
36.3,14.283291816711426,36.3,99.56578826904295,36.3,14.434026718139648,36.3,72.71208953857422,36.3,82.64064025878906
36.31,14.245007514953612,36.31,99.59869384765624,36.31,14.415979385375977,36.31,72.68993377685547,36.31,82.7198257446289
36.32,14.20218563079834,36.32,99.63573455810548,36.32000000000001,14.393779754638672,36.32,72.67619323730469,36.32,82.82022857666016
36.330000000000005,14.160346031188965,36.33,99.67318725585938,36.33,14.38032054901123,36.33,72.67304992675781,36.33,82.9062271118164
36.34,14.125734329223633,36.34,99.71154022216795,36.34,14.364290237426758,36.34,72.679443359375,36.34,82.95808410644531
36.35,14.10092067718506,36.35,99.7469253540039,36.35,14.350954055786133,36.35,72.68973541259766,36.35,83.00025939941406
36.36,14.099855422973633,36.36,99.77377319335938,36.36,14.37641143798828,36.36,72.70289611816406,36.36,83.04544830322266
36.370000000000005,14.102580070495604,36.37,99.79736328125,36.370000000000005,14.40858554840088,36.37,72.71774291992188,36.37,83.08104705810547
36.38,14.118672370910645,36.38,99.81058502197266,36.38,14.412251472473145,36.38,72.73170471191406,36.38,83.11223602294922
36.39,14.143875122070312,36.39,99.8206024169922,36.39,14.41441535949707,36.39,72.74150848388672,36.39,83.14579010009766
36.400000000000006,14.17320156097412,36.4,99.84168243408205,36.400000000000006,14.415446281433104,36.4,72.74769592285156,36.4,83.17569732666016
36.41,14.188742637634276,36.41,99.8438491821289,36.41,14.410499572753906,36.41,72.75057220458984,36.41,83.19009399414062
36.42,14.171700477600098,36.42,99.84852600097656,36.42,14.40229320526123,36.42,72.75082397460938,36.42,83.1946029663086
36.43,14.174315452575684,36.43,99.8607177734375,36.43000000000001,14.39055347442627,36.43,72.74909210205078,36.43,83.20682525634766
36.440000000000005,14.168646812438965,36.44,99.86608123779295,36.44,14.37746524810791,36.44,72.7467269897461,36.44,83.23297882080078
36.45,14.16334629058838,36.45,99.87564086914062,36.45,14.361286163330078,36.45,72.7425308227539,36.45,83.25065612792969
36.46,14.154884338378906,36.46,99.88607025146484,36.46,14.346402168273926,36.46,72.73849487304688,36.46,83.25745391845703
36.470000000000006,14.15028953552246,36.47,99.89930725097656,36.47,14.325221061706545,36.47,72.73187255859375,36.47,83.2605209350586
36.48,14.147120475769045,36.48,99.91229248046876,36.48,14.30775260925293,36.48,72.7223892211914,36.48,83.26255798339844
36.49,14.137182235717772,36.49,99.932861328125,36.49,14.29190731048584,36.49,72.70775604248047,36.49,83.26631927490234
36.5,14.121698379516602,36.5,99.95886993408205,36.5,14.279048919677734,36.5,72.69242095947266,36.5,83.26465606689453
36.510000000000005,14.10139274597168,36.51,99.98040771484376,36.510000000000005,14.26317024230957,36.51,72.6742172241211,36.51,83.25509643554688
36.52,14.08259391784668,36.52,100.00569152832033,36.52,14.257667541503906,36.52,72.65470886230469,36.52,83.25330352783203
36.53,14.061809539794922,36.53,100.0383758544922,36.53,14.254793167114258,36.53,72.63375091552734,36.53,83.26200866699219
36.54,14.042535781860352,36.54,100.07505798339844,36.540000000000006,14.265485763549805,36.54,72.6141128540039,36.54,83.2660903930664
36.55,14.027795791625977,36.55,100.11068725585938,36.55,14.261706352233888,36.55,72.59513092041016,36.55,83.2734603881836
36.56,14.014572143554688,36.56,100.14978790283205,36.56,14.258359909057615,36.56,72.5777359008789,36.56,83.27326965332031
36.57,14.00558376312256,36.57,100.18970489501952,36.57000000000001,14.259138107299805,36.57,72.56179809570312,36.57,83.26258850097656
36.580000000000005,13.999606132507324,36.58,100.23052978515624,36.58,14.259737968444824,36.58,72.54611206054688,36.58,83.25251007080078
36.59,13.99839973449707,36.59,100.27433776855467,36.59,14.263129234313965,36.59,72.53422546386719,36.59,83.25161743164062
36.6,14.000692367553713,36.6,100.31880950927734,36.6,14.27065086364746,36.6,72.5236587524414,36.6,83.24798583984375
36.61,14.004039764404297,36.61,100.35874938964844,36.61,14.286036491394045,36.61,72.5141830444336,36.61,83.232666015625
36.620000000000005,14.00639533996582,36.62,100.3981475830078,36.620000000000005,14.30434799194336,36.62,72.50474548339844,36.62,83.2158203125
36.63,14.01058292388916,36.63,100.43507385253906,36.63,14.319873809814451,36.63,72.49920654296875,36.63,83.20536804199219
36.64,14.01883316040039,36.64,100.46638488769533,36.64,14.339503288269045,36.64,72.4937973022461,36.64,83.1958236694336
36.650000000000006,14.029094696044922,36.65,100.49442291259766,36.650000000000006,14.357789039611816,36.65,72.48677062988281,36.65,83.18122863769531
36.66,14.04023551940918,36.66,100.52469635009766,36.66,14.376909255981444,36.66,72.47935485839844,36.66,83.15535736083984
36.67,14.049782752990724,36.67,100.55338287353516,36.67,14.396262168884276,36.67,72.47197723388672,36.67,83.13359069824219
36.68,14.054555892944336,36.68,100.57911682128906,36.68000000000001,14.415096282958984,36.68,72.4683837890625,36.68,83.11956787109375
36.690000000000005,14.06097412109375,36.69,100.60262298583984,36.69,14.4290132522583,36.69,72.46161651611328,36.69,83.10531616210938
36.7,14.071264266967772,36.7,100.62643432617188,36.7,14.440589904785156,36.7,72.4574203491211,36.7,83.09245300292969
36.71,14.08265495300293,36.71,100.65105438232422,36.71,14.443922996520996,36.71,72.45397186279297,36.71,83.08076477050781
36.720000000000006,14.093921661376951,36.72,100.6763916015625,36.72,14.451142311096191,36.72,72.45121765136719,36.72,83.07239532470703
36.73,14.108368873596191,36.73,100.69227600097656,36.73,14.460155487060549,36.73,72.44766998291016,36.73,83.05532836914062
36.74,14.12453556060791,36.74,100.69905090332033,36.74,14.469683647155762,36.74,72.4482650756836,36.74,83.04994201660156
36.75,14.14319896697998,36.75,100.70440673828124,36.75,14.476056098937988,36.75,72.44696807861328,36.75,83.0409164428711
36.760000000000005,14.161585807800291,36.76,100.70797729492188,36.760000000000005,14.484919548034668,36.76,72.44630432128906,36.76,83.03231811523438
36.77,14.178321838378906,36.77,100.7121124267578,36.77,14.495926856994627,36.77,72.44684600830078,36.77,83.02108764648438
36.78,14.195006370544434,36.78,100.71742248535156,36.78,14.505494117736816,36.78,72.44425964355469,36.78,83.00330352783203
36.79,14.211318016052246,36.79,100.72313690185548,36.790000000000006,14.50898265838623,36.79,72.44479370117188,36.79,82.98246002197266
36.8,14.222615242004396,36.8,100.73031616210938,36.8,14.513389587402344,36.8,72.44496154785156,36.8,82.96621704101562
36.81,14.231436729431152,36.81,100.73825073242188,36.81,14.51756477355957,36.81,72.44456481933594,36.81,82.95027160644531
36.82,14.23976707458496,36.82,100.74290466308594,36.82000000000001,14.523418426513672,36.82,72.44790649414062,36.82,82.93331146240234
36.830000000000005,14.24874210357666,36.83,100.7435531616211,36.83,14.52855396270752,36.83,72.44984436035156,36.83,82.91959381103516
36.84,14.261099815368652,36.84,100.7410125732422,36.84,14.530840873718262,36.84,72.4532699584961,36.84,82.91738891601562
36.85,14.275540351867676,36.85,100.73533630371094,36.85,14.526006698608398,36.85,72.45524597167969,36.85,82.91610717773438
36.86,14.285452842712402,36.86,100.73091888427734,36.86,14.519936561584473,36.86,72.4566421508789,36.86,82.91098022460938
36.870000000000005,14.291958808898926,36.87,100.7243881225586,36.870000000000005,14.504215240478516,36.87,72.4582290649414,36.87,82.89991760253906
36.88,14.29760456085205,36.88,100.71597290039062,36.88,14.48843765258789,36.88,72.45760345458984,36.88,82.88823699951172
36.89,14.300249099731444,36.89,100.71003723144533,36.89,14.476807594299316,36.89,72.45603942871094,36.89,82.88164520263672
36.900000000000006,14.30374526977539,36.9,100.70819854736328,36.900000000000006,14.467839241027832,36.9,72.45298767089844,36.9,82.88946533203125
36.91,14.30744457244873,36.91,100.7072525024414,36.91,14.459894180297852,36.91,72.44999694824219,36.91,82.8977279663086
36.92,14.30267333984375,36.92,100.70925903320312,36.92,14.452167510986328,36.92,72.44677734375,36.92,82.90655517578125
36.93,14.28533172607422,36.93,100.71381378173828,36.93000000000001,14.4458646774292,36.93,72.44332885742188,36.93,82.91731262207031
36.940000000000005,14.264841079711914,36.94,100.72036743164062,36.94,14.439306259155272,36.94,72.4406509399414,36.94,82.92524719238281
36.95,14.248834609985352,36.95,100.73039245605467,36.95,14.431653022766112,36.95,72.43274688720703,36.95,82.93439483642578
36.96,14.234431266784668,36.96,100.7392349243164,36.96,14.425495147705078,36.96,72.43278503417969,36.96,82.94229888916016
36.970000000000006,14.222977638244627,36.97,100.7509536743164,36.97,14.42584228515625,36.97,72.43583679199219,36.97,82.94503784179688
36.98,14.21508502960205,36.98,100.75862121582033,36.98,14.43116569519043,36.98,72.4349136352539,36.98,82.94295501708984
36.99,14.209497451782228,36.99,100.76628875732422,36.99,14.439770698547363,36.99,72.4346694946289,36.99,82.94266510009766
37.0,14.207011222839355,37.0,100.77375030517578,37.0,14.447335243225098,37.0,72.43372344970703,37.0,82.94187927246094
37.010000000000005,14.204646110534668,37.01,100.78311920166016,37.010000000000005,14.453473091125488,37.01,72.4326400756836,37.01,82.94171142578125
37.02,14.198452949523926,37.02,100.79529571533205,37.02,14.460471153259276,37.02,72.43121337890625,37.02,82.94123840332031
37.03,14.18831729888916,37.03,100.8117904663086,37.03,14.469805717468262,37.03,72.43089294433594,37.03,82.94286346435547
37.04,14.174726486206056,37.04,100.82857513427734,37.040000000000006,14.476296424865724,37.04,72.43022918701172,37.04,82.94418334960938
37.05,14.162031173706056,37.05,100.84315490722656,37.05,14.4810209274292,37.05,72.42742919921875,37.05,82.93968963623047
37.06,14.152729988098145,37.06,100.85858154296876,37.06,14.480223655700684,37.06,72.428466796875,37.06,82.93384552001953
37.07,14.148430824279783,37.07,100.87109375,37.07000000000001,14.478160858154297,37.07,72.42906951904297,37.07,82.92586517333984
37.080000000000005,14.14755916595459,37.08,100.8795394897461,37.08,14.471529006958008,37.08,72.42765045166016,37.08,82.91433715820312
37.09,14.14806842803955,37.09,100.88558959960938,37.09,14.468884468078612,37.09,72.42681884765625,37.09,82.90509033203125
37.1,14.14742946624756,37.1,100.89349365234376,37.1,14.461305618286133,37.1,72.42520141601562,37.1,82.90084838867188
37.11,14.149450302124023,37.11,100.90056610107422,37.11,14.45866584777832,37.11,72.42732238769531,37.11,82.89317321777344
37.120000000000005,14.153647422790527,37.12,100.90836334228516,37.120000000000005,14.45576286315918,37.12,72.42935943603516,37.12,82.88452911376953
37.13,14.154292106628418,37.13,100.91654205322266,37.13,14.454684257507324,37.13,72.43135070800781,37.13,82.8787612915039
37.14,14.169550895690918,37.14,100.92398834228516,37.14,14.457016944885254,37.14,72.43504333496094,37.14,82.87551879882812
37.150000000000006,14.179801940917969,37.15,100.93058776855467,37.150000000000006,14.456354141235352,37.15,72.4380111694336,37.15,82.8764419555664
37.16,14.184144973754885,37.16,100.93766784667967,37.16,14.456521034240724,37.16,72.44070434570312,37.16,82.88328552246094
37.17,14.182580947875977,37.17,100.94435119628906,37.17,14.453662872314451,37.17,72.44426727294922,37.17,82.88951110839844
37.18,14.181546211242676,37.18,100.95088958740234,37.18000000000001,14.449381828308104,37.18,72.4472885131836,37.18,82.88300323486328
37.190000000000005,14.177360534667969,37.19,100.95890045166016,37.19,14.441452026367188,37.19,72.45082092285156,37.19,82.87267303466797
37.2,14.174619674682615,37.2,100.96541595458984,37.2,14.431458473205566,37.2,72.45384979248047,37.2,82.86431884765625
37.21,14.170937538146973,37.21,100.97476959228516,37.21,14.421733856201172,37.21,72.45831298828125,37.21,82.85600280761719
37.220000000000006,14.164563179016112,37.22,100.98658752441406,37.22,14.410676956176758,37.22,72.45909118652344,37.22,82.84588623046875
37.23,14.154029846191406,37.23,100.997314453125,37.23,14.40056324005127,37.23,72.46160125732422,37.23,82.83235168457031
37.24,14.147787094116213,37.24,101.00989532470705,37.24,14.391823768615724,37.24,72.46411895751953,37.24,82.81803894042969
37.25,14.143640518188477,37.25,101.02178192138672,37.25,14.38411808013916,37.25,72.46648406982422,37.25,82.80950164794922
37.260000000000005,14.144115447998049,37.26,101.0319595336914,37.260000000000005,14.376408576965332,37.26,72.46841430664062,37.26,82.80470275878906
37.27,14.143646240234377,37.27,101.03943634033205,37.27,14.3694429397583,37.27,72.46794128417969,37.27,82.80110931396484
37.28,14.14208984375,37.28,101.03736877441406,37.28,14.363430976867676,37.28,72.47071075439453,37.28,82.80159759521484
37.29,14.140748977661133,37.29,101.03644561767578,37.290000000000006,14.357755661010742,37.29,72.47322845458984,37.29,82.80687713623047
37.3,14.1419677734375,37.3,101.0382080078125,37.3,14.354047775268556,37.3,72.47506713867188,37.3,82.79996490478516
37.31,14.142098426818848,37.31,101.04218292236328,37.31,14.350696563720703,37.31,72.47764587402344,37.31,82.78992462158203
37.32,14.142250061035156,37.32,101.04734802246094,37.32000000000001,14.347347259521484,37.32,72.47857666015625,37.32,82.78144073486328
37.330000000000005,14.142918586730955,37.33,101.05328369140624,37.33,14.344810485839844,37.33,72.47743225097656,37.33,82.77638244628906
37.34,14.141927719116213,37.34,101.06075286865234,37.34,14.344347953796388,37.34,72.47696685791016,37.34,82.77194213867188
37.35,14.136847496032717,37.35,101.0681381225586,37.35,14.34486484527588,37.35,72.47772979736328,37.35,82.76714324951172
37.36,14.12892723083496,37.36,101.07457733154295,37.36,14.343732833862305,37.36,72.479248046875,37.36,82.7597885131836
37.370000000000005,14.120490074157717,37.37,101.08084869384766,37.370000000000005,14.340373992919922,37.37,72.48123168945312,37.37,82.7518539428711
37.38,14.113694190979004,37.38,101.08968353271484,37.38,14.33529567718506,37.38,72.4803466796875,37.38,82.74945831298828
37.39,14.109350204467772,37.39,101.09688568115234,37.39,14.33491325378418,37.39,72.4820785522461,37.39,82.74883270263672
37.400000000000006,14.11009407043457,37.4,101.10257720947266,37.400000000000006,14.339818954467772,37.4,72.48296356201172,37.4,82.74934387207031
37.41,14.11467456817627,37.41,101.10839080810548,37.41,14.34560775756836,37.41,72.48307800292969,37.41,82.74635314941406
37.42,14.11843204498291,37.42,101.1135711669922,37.42,14.351327896118164,37.42,72.48374938964844,37.42,82.7447280883789
37.43,14.125879287719728,37.43,101.11905670166016,37.43000000000001,14.35703468322754,37.43,72.4839096069336,37.43,82.7389144897461
37.440000000000005,14.129010200500488,37.44,101.1236343383789,37.44,14.361270904541016,37.44,72.48285675048828,37.44,82.73896789550781
37.45,14.130803108215332,37.45,101.12877655029295,37.45,14.3629150390625,37.45,72.48277282714844,37.45,82.74600982666016
37.46,14.130101203918455,37.46,101.13545989990234,37.46,14.360676765441896,37.46,72.48274230957031,37.46,82.74964141845703
37.470000000000006,14.130486488342283,37.47,101.14044189453124,37.47,14.360506057739258,37.47,72.48098754882812,37.47,82.74662780761719
37.48,14.13172435760498,37.48,101.1435546875,37.48,14.36110496520996,37.48,72.48055267333984,37.48,82.7370376586914
37.49,14.132162094116213,37.49,101.14762878417967,37.49,14.362698554992676,37.49,72.48039245605469,37.49,82.72880554199219
37.5,14.131604194641112,37.5,101.154052734375,37.5,14.366718292236328,37.5,72.4802017211914,37.5,82.7255630493164
37.510000000000005,14.128151893615724,37.51,101.1592788696289,37.510000000000005,14.372419357299805,37.51,72.47933197021484,37.51,82.72843170166016
37.52,14.12411880493164,37.52,101.16674041748048,37.52,14.37653636932373,37.52,72.47854614257812,37.52,82.72999572753906
37.53,14.120223999023438,37.53,101.17570495605467,37.53,14.380475997924805,37.53,72.47771453857422,37.53,82.72425842285156
37.54,14.115606307983398,37.54,101.1793975830078,37.540000000000006,14.384780883789062,37.54,72.47218322753906,37.54,82.71607971191406
37.55,14.110928535461426,37.55,101.18431091308594,37.55,14.386762619018556,37.55,72.46864318847656,37.55,82.70703125
37.56,14.106735229492188,37.56,101.19275665283205,37.56,14.38979434967041,37.56,72.46952056884766,37.56,82.69607543945312
37.57,14.104951858520508,37.57,101.19847106933594,37.57000000000001,14.39192008972168,37.57,72.47061920166016,37.57,82.68399810791016
37.580000000000005,14.106006622314451,37.58,101.20494079589844,37.58,14.387645721435549,37.58,72.47013092041016,37.58,82.67839813232422
37.59,14.10601806640625,37.59,101.20965576171876,37.59,14.38387393951416,37.59,72.47115325927734,37.59,82.67311096191406
37.6,14.103642463684082,37.6,101.212890625,37.6,14.380209922790527,37.6,72.47166442871094,37.6,82.65859985351562
37.61,14.100871086120604,37.61,101.21617126464844,37.61,14.377668380737305,37.61,72.47154998779297,37.61,82.64178466796875
37.620000000000005,14.102100372314451,37.62,101.22052001953124,37.620000000000005,14.376678466796877,37.62,72.47190856933594,37.62,82.62806701660156
37.63,14.103663444519045,37.63,101.2254409790039,37.63,14.366059303283691,37.63,72.47208404541016,37.63,82.62351989746094
37.64,14.106304168701172,37.64,101.22897338867188,37.64,14.361141204833984,37.64,72.47200012207031,37.64,82.62069702148438
37.650000000000006,14.108657836914062,37.65,101.23248291015624,37.650000000000006,14.358863830566406,37.65,72.47122955322266,37.65,82.60675048828125
37.66,14.10793685913086,37.66,101.23612213134766,37.66,14.354096412658691,37.66,72.4715576171875,37.66,82.58651733398438
37.67,14.10611629486084,37.67,101.24099731445312,37.67,14.352982521057127,37.67,72.4730453491211,37.67,82.57119750976562
37.68,14.10147190093994,37.68,101.24486541748048,37.68000000000001,14.350984573364258,37.68,72.47246551513672,37.68,82.56746673583984
37.690000000000005,14.096311569213867,37.69,101.24897003173828,37.69,14.347798347473145,37.69,72.47345733642578,37.69,82.58143615722656
37.7,14.093083381652832,37.7,101.25344848632812,37.7,14.344808578491213,37.7,72.47377014160156,37.7,82.58087921142578
37.71,14.0917387008667,37.71,101.2573699951172,37.71,14.340557098388672,37.71,72.47409057617188,37.71,82.56671142578125
37.720000000000006,14.09364414215088,37.72,101.26124572753906,37.72,14.335405349731444,37.72,72.47412109375,37.72,82.54883575439453
37.73,14.098193168640137,37.73,101.2642822265625,37.73,14.33234691619873,37.73,72.47238159179688,37.73,82.53134155273438
37.74,14.099136352539062,37.74,101.2674331665039,37.74,14.332406997680664,37.74,72.4703369140625,37.74,82.51253509521484
37.75,14.097162246704102,37.75,101.2659149169922,37.75,14.33383083343506,37.75,72.47245788574219,37.75,82.49874877929688
37.760000000000005,14.093454360961914,37.76,101.26326751708984,37.760000000000005,14.335301399230955,37.76,72.47308349609375,37.76,82.48745727539062
37.77,14.088973999023438,37.77,101.26346588134766,37.77,14.336636543273926,37.77,72.47618865966797,37.77,82.47917938232422
37.78,14.08581829071045,37.78,101.26311492919922,37.78,14.337550163269045,37.78,72.47766876220703,37.78,82.47418212890625
37.79,14.089170455932615,37.79,101.2642822265625,37.790000000000006,14.337645530700684,37.79,72.4806137084961,37.79,82.46717071533203
37.8,14.093327522277832,37.8,101.26388549804688,37.8,14.33794403076172,37.8,72.48211669921875,37.8,82.45796966552734
37.81,14.094304084777832,37.81,101.26319122314452,37.81,14.337029457092283,37.81,72.48086547851562,37.81,82.45160675048828
37.82,14.097712516784668,37.82,101.2649154663086,37.82000000000001,14.336474418640137,37.82,72.48259735107422,37.82,82.44898986816406
37.830000000000005,14.098953247070312,37.83,101.26806640625,37.83,14.335046768188477,37.83,72.48737335205078,37.83,82.44385528564453
37.84,14.098255157470703,37.84,101.27076721191406,37.84,14.333842277526855,37.84,72.48818969726562,37.84,82.43392944335938
37.85,14.098318099975586,37.85,101.27357482910156,37.85,14.332659721374512,37.85,72.4885025024414,37.85,82.42166900634766
37.86,14.09811782836914,37.86,101.2773208618164,37.86,14.332367897033691,37.86,72.48930358886719,37.86,82.40785217285156
37.870000000000005,14.096356391906738,37.87,101.28187561035156,37.870000000000005,14.331462860107422,37.87,72.48876953125,37.87,82.39421844482422
37.88,14.09459400177002,37.88,101.28797149658205,37.88,14.331530570983888,37.88,72.48893737792969,37.88,82.38383483886719
37.89,14.090198516845703,37.89,101.29389190673828,37.89,14.333016395568848,37.89,72.49252319335938,37.89,82.37456512451172
37.900000000000006,14.083797454833984,37.9,101.3010711669922,37.900000000000006,14.333610534667969,37.9,72.4946517944336,37.9,82.36579895019531
37.91,14.07655143737793,37.91,101.3072738647461,37.91,14.332493782043455,37.91,72.49626159667969,37.91,82.36070251464844
37.92,14.070709228515623,37.92,101.31407928466795,37.92,14.330573081970217,37.92,72.49667358398438,37.92,82.3547134399414
37.93,14.066472053527832,37.93,101.32154083251952,37.93000000000001,14.327176094055176,37.93,72.49700927734375,37.93,82.3506088256836
37.940000000000005,14.062623023986816,37.94,101.3270492553711,37.94,14.32803726196289,37.94,72.49565887451172,37.94,82.34856414794922
37.95,14.057095527648926,37.95,101.33235168457033,37.95,14.328465461730955,37.95,72.49571990966797,37.95,82.34832000732422
37.96,14.05642032623291,37.96,101.3357391357422,37.96,14.329821586608888,37.96,72.49602508544922,37.96,82.3416748046875
37.970000000000006,14.054624557495115,37.97,101.3389892578125,37.97,14.331225395202637,37.97,72.49418640136719,37.97,82.32913970947266
37.98,14.053937911987305,37.98,101.34172821044922,37.98,14.331037521362305,37.98,72.49152374267578,37.98,82.31289672851562
37.99,14.050701141357422,37.99,101.34528350830078,37.99,14.328368186950684,37.99,72.48948669433594,37.99,82.30009460449219
38.0,14.046470642089844,38.0,101.3498077392578,38.0,14.32521152496338,38.0,72.4864730834961,38.0,82.29000091552734
38.010000000000005,14.04072380065918,38.01,101.35406494140624,38.010000000000005,14.325352668762209,38.01,72.48450469970703,38.01,82.28101348876953
38.02,14.033014297485352,38.02,101.35803985595705,38.02,14.326722145080566,38.02,72.4814682006836,38.02,82.2725830078125
38.03,14.024406433105469,38.03,101.36153411865234,38.03,14.32780647277832,38.03,72.47891235351562,38.03,82.26535034179688
38.04,14.017590522766112,38.04,101.3662338256836,38.040000000000006,14.329599380493164,38.04,72.47742462158203,38.04,82.25873565673828
38.05,14.01268196105957,38.05,101.37054443359376,38.05,14.332024574279783,38.05,72.47712707519531,38.05,82.2564926147461
38.06,14.009331703186035,38.06,101.37541961669922,38.06,14.334939002990724,38.06,72.47811126708984,38.06,82.25408935546875
38.07,14.007357597351074,38.07,101.37865447998048,38.07000000000001,14.336407661437988,38.07,72.47795867919922,38.07,82.2502670288086
38.080000000000005,14.004075050354004,38.08,101.38037109375,38.08,14.334930419921877,38.08,72.47901153564453,38.08,82.24085998535156
38.09,14.001341819763184,38.09,101.38153839111328,38.09,14.331536293029783,38.09,72.47816467285156,38.09,82.23177337646484
38.1,14.000495910644531,38.1,101.37925720214844,38.1,14.328011512756348,38.1,72.47771453857422,38.1,82.23236846923828
38.11,14.004928588867188,38.11,101.37792205810548,38.11,14.325615882873535,38.11,72.47602081298828,38.11,82.23576354980469
38.120000000000005,14.007503509521484,38.12,101.37611389160156,38.120000000000005,14.324257850646973,38.12,72.4748306274414,38.12,82.23986053466797
38.13,14.011685371398926,38.13,101.37279510498048,38.13,14.323139190673828,38.13,72.4742431640625,38.13,82.2421646118164
38.14,14.019386291503906,38.14,101.3702621459961,38.14,14.322755813598633,38.14,72.4743423461914,38.14,82.24586486816406
38.150000000000006,14.025375366210938,38.15,101.36710357666016,38.150000000000006,14.323022842407228,38.15,72.4750747680664,38.15,82.24725341796875
38.16,14.032031059265137,38.16,101.36339569091795,38.16,14.322202682495115,38.16,72.47605895996094,38.16,82.24299621582031
38.17,14.03589153289795,38.17,101.36097717285156,38.17,14.32223892211914,38.17,72.47579956054688,38.17,82.23851013183594
38.18,14.041102409362791,38.18,101.35780334472656,38.18000000000001,14.320721626281738,38.18,72.47801208496094,38.18,82.23347473144531
38.190000000000005,14.041678428649902,38.19,101.35421752929688,38.19,14.319406509399414,38.19,72.47622680664062,38.19,82.22897338867188
38.2,14.040246963500977,38.2,101.35326385498048,38.2,14.316448211669922,38.2,72.47838592529297,38.2,82.22335815429688
38.21,14.036654472351074,38.21,101.35250091552734,38.21,14.314126968383787,38.21,72.48077392578125,38.21,82.22017669677734
38.220000000000006,14.03062915802002,38.22,101.35140228271484,38.22,14.31226921081543,38.22,72.48150634765625,38.22,82.22396850585938
38.23,14.03217601776123,38.23,101.3492660522461,38.23,14.308679580688477,38.23,72.48258972167969,38.23,82.22468566894531
38.24,14.032495498657228,38.24,101.34600830078124,38.24,14.304678916931152,38.24,72.48173522949219,38.24,82.22311401367188
38.25,14.030662536621094,38.25,101.34345245361328,38.25,14.299781799316406,38.25,72.48381042480469,38.25,82.22355651855469
38.260000000000005,14.026290893554688,38.26,101.3412857055664,38.260000000000005,14.295757293701172,38.26,72.48578643798828,38.26,82.22667694091797
38.27,14.022791862487791,38.27,101.3373565673828,38.27,14.291455268859863,38.27,72.48389434814453,38.27,82.23289489746094
38.28,14.019612312316896,38.28,101.33325958251952,38.28,14.287023544311523,38.28,72.4835205078125,38.28,82.24159240722656
38.29,14.018912315368652,38.29,101.33000183105467,38.290000000000006,14.28036403656006,38.29,72.48523712158203,38.29,82.25348663330078
38.3,14.020480155944824,38.3,101.32646942138672,38.3,14.273869514465332,38.3,72.48664093017578,38.3,82.25740814208984
38.31,14.018196105957031,38.31,101.32180786132812,38.31,14.268329620361328,38.31,72.48603820800781,38.31,82.25546264648438
38.32,14.015647888183594,38.32,101.31976318359376,38.32000000000001,14.265475273132324,38.32,72.48601531982422,38.32,82.2590103149414
38.330000000000005,14.016037940979004,38.33,101.31938934326172,38.33,14.26555633544922,38.33,72.48655700683594,38.33,82.26701354980469
38.34,14.013153076171877,38.34,101.3191375732422,38.34,14.265006065368652,38.34,72.48611450195312,38.34,82.2729263305664
38.35,14.00981616973877,38.35,101.31907653808594,38.35,14.26414966583252,38.35,72.48700714111328,38.35,82.27619934082031
38.36,14.008015632629396,38.36,101.32086181640624,38.36,14.26098346710205,38.36,72.4874496459961,38.36,82.28022003173828
38.370000000000005,14.006264686584473,38.37,101.32196044921876,38.370000000000005,14.257394790649414,38.37,72.48783111572266,38.37,82.28316497802734
38.38,14.004152297973633,38.38,101.32384490966795,38.38,14.254871368408203,38.38,72.48841857910156,38.38,82.28202819824219
38.39,14.003811836242676,38.39,101.32478332519533,38.39,14.252336502075195,38.39,72.48749542236328,38.39,82.28340148925781
38.400000000000006,14.005121231079102,38.4,101.32275390625,38.400000000000006,14.251287460327148,38.4,72.48755645751953,38.4,82.28324127197266
38.41,14.008437156677246,38.41,101.3208999633789,38.41,14.248151779174805,38.41,72.48831939697266,38.41,82.28118133544922
38.42,14.01180362701416,38.42,101.31932067871094,38.42,14.24761962890625,38.42,72.48980712890625,38.42,82.27806854248047
38.43,14.01388168334961,38.43,101.31937408447266,38.43000000000001,14.24817180633545,38.43,72.4879379272461,38.43,82.27179718017578
38.440000000000005,14.014795303344728,38.44,101.31842041015624,38.44,14.249150276184082,38.44,72.48992919921875,38.44,82.25273132324219
38.45,14.015159606933594,38.45,101.31731414794922,38.45,14.249639511108398,38.45,72.49129486083984,38.45,82.24533081054688
38.46,14.014084815979004,38.46,101.31634521484376,38.46,14.25098705291748,38.46,72.4936294555664,38.46,82.23687744140625
38.470000000000006,14.013504981994627,38.47,101.3145751953125,38.47,14.2511568069458,38.47,72.4939956665039,38.47,82.22215270996094
38.48,14.012276649475098,38.48,101.31316375732422,38.48,14.249375343322754,38.48,72.49404907226562,38.48,82.2116928100586
38.49,14.012229919433594,38.49,101.3109359741211,38.49,14.247014045715332,38.49,72.4928207397461,38.49,82.20027160644531
38.5,14.016396522521973,38.5,101.30725860595705,38.5,14.242990493774414,38.5,72.49180603027344,38.5,82.18549346923828
38.510000000000005,14.022144317626951,38.51,101.3041534423828,38.510000000000005,14.240650177001951,38.51,72.49014282226562,38.51,82.17198944091797
38.52,14.031270027160645,38.52,101.30215454101562,38.52,14.238910675048828,38.52,72.48885345458984,38.52,82.15745544433594
38.53,14.038457870483398,38.53,101.30039978027344,38.53,14.238187789916992,38.53,72.49067687988281,38.53,82.13690948486328
38.54,14.043560028076172,38.54,101.30005645751952,38.540000000000006,14.23660945892334,38.54,72.49271392822266,38.54,82.11366271972656
38.55,14.048399925231934,38.55,101.29744720458984,38.55,14.23691463470459,38.55,72.49404907226562,38.55,82.08349609375
38.56,14.05520248413086,38.56,101.29383087158205,38.56,14.236797332763672,38.56,72.49638366699219,38.56,82.04349517822266
38.57,14.062971115112305,38.57,101.28981018066406,38.57000000000001,14.240019798278809,38.57,72.49972534179688,38.57,82.00045013427734
38.580000000000005,14.070228576660156,38.58,101.28441619873048,38.58,14.242681503295898,38.58,72.50190734863281,38.58,81.9615707397461
38.59,14.079587936401367,38.59,101.2782211303711,38.59,14.247620582580566,38.59,72.50364685058594,38.59,81.9235610961914
38.6,14.08887767791748,38.6,101.273681640625,38.6,14.2529878616333,38.6,72.5050277709961,38.6,81.87699890136719
38.61,14.098169326782228,38.61,101.26988983154295,38.61,14.25531005859375,38.61,72.50514221191406,38.61,81.82556915283203
38.620000000000005,14.107137680053713,38.62,101.26478576660156,38.620000000000005,14.253671646118164,38.62,72.5049057006836,38.62,81.77811431884766
38.63,14.11586093902588,38.63,101.2579345703125,38.63,14.24925422668457,38.63,72.5049057006836,38.63,81.72411346435547
38.64,14.124842643737791,38.64,101.2497100830078,38.64,14.24228858947754,38.64,72.50794219970703,38.64,81.64965057373047
38.650000000000006,14.133305549621582,38.65,101.24222564697266,38.650000000000006,14.234298706054688,38.65,72.50935363769531,38.65,81.57881164550781
38.66,14.14126682281494,38.66,101.23225402832033,38.66,14.229037284851074,38.66,72.51158142089844,38.66,81.52388000488281
38.67,14.150392532348633,38.67,101.20970916748048,38.67,14.219223976135254,38.67,72.51466369628906,38.67,81.46875762939453
38.68,14.158822059631348,38.68,101.19056701660156,38.68000000000001,14.21044921875,38.68,72.5132064819336,38.68,81.400146484375
38.690000000000005,14.17029094696045,38.69,101.17560577392578,38.69,14.207704544067385,38.69,72.51077270507812,38.69,81.3170166015625
38.7,14.184123992919922,38.7,101.1566162109375,38.7,14.205280303955078,38.7,72.51022338867188,38.7,81.23773193359375
38.71,14.195368766784668,38.71,101.13705444335938,38.71,14.198400497436523,38.71,72.50814056396484,38.71,81.16200256347656
38.720000000000006,14.203741073608398,38.72,101.12960052490234,38.72,14.187365531921388,38.72,72.50553131103516,38.72,81.07842254638672
38.73,14.211482048034668,38.73,101.11585235595705,38.73,14.174029350280762,38.73,72.50422668457031,38.73,80.9827651977539
38.74,14.22222137451172,38.74,101.10196685791016,38.74,14.164236068725586,38.74,72.5050048828125,38.74,80.88239288330078
38.75,14.235143661499023,38.75,101.08454132080078,38.75,14.155149459838867,38.75,72.50333404541016,38.75,80.7705307006836
38.760000000000005,14.25114917755127,38.76,101.0646514892578,38.760000000000005,14.149106979370115,38.76,72.5015640258789,38.76,80.65830993652344
38.77,14.268139839172363,38.77,101.0339584350586,38.77,14.140217781066896,38.77,72.49905395507812,38.77,80.54670715332031
38.78,14.282258987426758,38.78,101.01932525634766,38.78,14.137408256530762,38.78,72.49821472167969,38.78,80.4375991821289
38.79,14.293302536010742,38.79,101.0050811767578,38.790000000000006,14.1354341506958,38.79,72.49622344970703,38.79,80.3286361694336
38.8,14.303977012634276,38.8,100.9927978515625,38.8,14.133596420288086,38.8,72.49331665039062,38.8,80.20771026611328
38.81,14.313488006591797,38.81,100.9798812866211,38.81,14.13214111328125,38.81,72.49173736572266,38.81,80.0691909790039
38.82,14.320189476013184,38.82,100.9778289794922,38.82000000000001,14.131502151489258,38.82,72.48734283447266,38.82,79.90918731689453
38.830000000000005,14.324533462524414,38.83,100.97391510009766,38.83,14.12911891937256,38.83,72.4864730834961,38.83,79.72027587890625
38.84,14.329273223876951,38.84,100.96566772460938,38.84,14.132929801940918,38.84,72.48665618896484,38.84,79.519775390625
38.85,14.337159156799316,38.85,100.95967864990234,38.85,14.141128540039062,38.85,72.48725128173828,38.85,79.30748748779297
38.86,14.34652328491211,38.86,100.9463348388672,38.86,14.148688316345217,38.86,72.48577117919922,38.86,79.08863067626953
38.870000000000005,14.359426498413086,38.87,100.93708801269533,38.870000000000005,14.162604331970217,38.87,72.48635864257812,38.87,78.88314819335938
38.88,14.372377395629885,38.88,100.91763305664062,38.88,14.17959690093994,38.88,72.48812866210938,38.88,78.65388488769531
38.89,14.387070655822754,38.89,100.90108489990234,38.89,14.19426155090332,38.89,72.4902572631836,38.89,78.39567565917969
38.900000000000006,14.40375804901123,38.9,100.89643096923828,38.900000000000006,14.213847160339355,38.9,72.49298095703125,38.9,78.13602447509766
38.91,14.41997528076172,38.91,100.8864974975586,38.91,14.24028778076172,38.91,72.49483489990234,38.91,77.87334442138672
38.92,14.436440467834473,38.92,100.8678741455078,38.92,14.267074584960938,38.92,72.4933853149414,38.92,77.57820129394531
38.93,14.447409629821776,38.93,100.83741760253906,38.93000000000001,14.296964645385742,38.93,72.49517059326172,38.93,77.265380859375
38.940000000000005,14.444013595581056,38.94,100.80107879638672,38.94,14.326882362365724,38.94,72.50064086914062,38.94,76.92958068847656
38.95,14.43170928955078,38.95,100.76687622070312,38.95,14.366612434387209,38.95,72.50935363769531,38.95,76.58148956298828
38.96,14.419995307922363,38.96,100.7215347290039,38.96,14.398150444030762,38.96,72.52151489257812,38.96,76.21368408203125
38.970000000000006,14.41759967803955,38.97,100.68280792236328,38.97,14.427091598510742,38.97,72.53895568847656,38.97,75.8370132446289
38.98,14.423731803894045,38.98,100.64379119873048,38.98,14.489155769348145,38.98,72.56075286865234,38.98,75.4432601928711
38.99,14.434955596923828,38.99,100.61565399169922,38.99,14.56865406036377,38.99,72.58340454101562,38.99,75.01522064208984
39.0,14.448390007019045,39.0,100.5945053100586,39.0,14.610024452209473,39.0,72.60600280761719,39.0,74.54716491699219
39.010000000000005,14.466934204101562,39.01,100.57881927490234,39.010000000000005,14.63883113861084,39.01,72.6278076171875,39.01,74.10269927978516
39.02,14.488397598266602,39.02,100.5621337890625,39.02,14.674254417419434,39.02,72.6479721069336,39.02,73.64925384521484
39.03,14.512024879455566,39.03,100.53697967529295,39.03,14.729717254638672,39.03,72.66791534423828,39.03,73.1673355102539
39.04,14.532676696777344,39.04,100.49479675292967,39.040000000000006,14.757946014404297,39.04,72.68729400634766,39.04,72.65479278564453
39.05,14.545255661010742,39.05,100.4761962890625,39.05,14.786699295043944,39.05,72.70362091064453,39.05,72.12413024902344
39.06,14.559348106384276,39.06,100.45394897460938,39.06,14.814196586608888,39.06,72.71776580810547,39.06,71.5544204711914
39.07,14.579370498657228,39.07,100.41249084472656,39.07000000000001,14.84668254852295,39.07,72.73285675048828,39.07,70.90769958496094
39.080000000000005,14.607933044433594,39.08,100.3809051513672,39.08,14.893527030944824,39.08,72.75325775146484,39.08,70.20368957519531
39.09,14.63821506500244,39.09,100.34616088867188,39.09,14.946956634521484,39.09,72.77842712402344,39.09,69.4065933227539
39.1,14.666071891784668,39.1,100.33119201660156,39.1,15.01914119720459,39.1,72.80976867675781,39.1,68.7176284790039
39.11,14.689699172973633,39.11,100.32093048095705,39.11,15.076757431030272,39.11,72.8451156616211,39.11,68.13204956054688
39.120000000000005,14.720211029052734,39.12,100.31238555908205,39.120000000000005,15.16811752319336,39.12,72.8751220703125,39.12,67.5062026977539
39.13,14.759198188781738,39.13,100.2908172607422,39.13,15.29307746887207,39.13,72.89390563964844,39.13,66.81367492675781
39.14,14.79863739013672,39.14,100.2441177368164,39.14,15.443638801574709,39.14,72.90147399902344,39.14,66.07008361816406
39.150000000000006,14.85576629638672,39.15,100.18340301513672,39.150000000000006,15.594582557678224,39.15,72.90615844726562,39.15,65.30278778076172
39.16,14.926127433776855,39.16,100.12693786621094,39.16,15.744232177734377,39.16,72.9047622680664,39.16,64.5488052368164
39.17,14.995477676391602,39.17,100.06478118896484,39.17,15.936677932739258,39.17,72.89680480957031,39.17,63.80184555053711
39.18,15.063443183898926,39.18,100.01014709472656,39.18000000000001,16.139711380004883,39.18,72.87930297851562,39.18,63.00657272338867
39.190000000000005,15.136502265930176,39.19,99.95932006835938,39.19,16.319332122802734,39.19,72.8701171875,39.19,62.16231155395508
39.2,15.226502418518066,39.2,99.91967010498048,39.2,16.49536895751953,39.2,72.85147857666016,39.2,61.33124923706055
39.21,15.334306716918944,39.21,99.89657592773438,39.21,16.674991607666016,39.21,72.83317565917969,39.21,60.52251434326172
39.220000000000006,15.471192359924316,39.22,99.88101196289062,39.22,16.91265296936035,39.22,72.82025146484375,39.22,59.7049560546875
39.23,15.631196022033691,39.23,99.8727035522461,39.23,17.210186004638672,39.23,72.80430603027344,39.23,58.8598747253418
39.24,15.817033767700195,39.24,99.87139892578124,39.24,17.51140785217285,39.24,72.78691864013672,39.24,58.01544570922852
39.25,16.009471893310547,39.25,99.88959503173828,39.25,17.808164596557617,39.25,72.76866149902344,39.25,57.16404724121094
39.260000000000005,16.189523696899414,39.26,99.91500091552734,39.260000000000005,18.14278030395508,39.26,72.73979949951172,39.26,56.358245849609375
39.27,16.3946590423584,39.27,99.95460510253906,39.27,18.47530746459961,39.27,72.69744873046875,39.27,55.59804153442383
39.28,16.61196517944336,39.28,99.99810791015624,39.28,18.838211059570312,39.28,72.64004516601562,39.28,54.86505508422852
39.29,16.814393997192383,39.29,100.04158782958984,39.290000000000006,19.2008056640625,39.29,72.57164001464844,39.29,54.086463928222656
39.3,17.064910888671875,39.3,100.09098052978516,39.3,19.539155960083008,39.3,72.49247741699219,39.3,53.24688720703125
39.31,17.366178512573242,39.31,100.16433715820312,39.31,19.839750289916992,39.31,72.4161376953125,39.31,52.38219833374024
39.32,17.669105529785156,39.32,100.25112915039062,39.32000000000001,20.138940811157227,39.32,72.3505630493164,39.32,51.53108978271485
39.330000000000005,17.971227645874023,39.33,100.35977935791016,39.33,20.43715476989746,39.33,72.29057312011719,39.33,50.7088737487793
39.34,18.300960540771484,39.34,100.47925567626952,39.34,20.7490291595459,39.34,72.23439025878906,39.34,49.91789245605469
39.35,18.64460182189941,39.35,100.6084976196289,39.35,21.08924102783203,39.35,72.17891693115234,39.35,49.12889862060547
39.36,18.994291305541992,39.36,100.72689819335938,39.36,21.46921157836914,39.36,72.12384033203125,39.36,48.33658981323242
39.370000000000005,19.33893203735352,39.37,100.85850524902344,39.370000000000005,21.862354278564453,39.37,72.06505584716797,39.37,47.53717041015625
39.38,19.68499755859375,39.38,100.9989242553711,39.38,22.28222274780273,39.38,72.01104736328125,39.38,46.70952606201172
39.39,20.053878784179688,39.39,101.12995910644533,39.39,22.694150924682617,39.39,71.96099853515625,39.39,45.90290451049805
39.400000000000006,20.42620277404785,39.4,101.2746353149414,39.400000000000006,23.09634017944336,39.4,71.91416931152344,39.4,45.11079788208008
39.41,20.812562942504883,39.41,101.41910552978516,39.41,23.506704330444336,39.41,71.8748779296875,39.41,44.31846237182617
39.42,21.218669891357425,39.42,101.56048583984376,39.42,23.93121337890625,39.42,71.84039306640625,39.42,43.53976058959961
39.43,21.63584518432617,39.43,101.70277404785156,39.43000000000001,24.363157272338867,39.43,71.80284118652344,39.43,42.81035614013672
39.440000000000005,22.06121826171875,39.44,101.85310363769533,39.44,24.7963809967041,39.44,71.77162170410156,39.44,42.12383270263672
39.45,22.500141143798828,39.45,102.01996612548828,39.45,25.23958206176757,39.45,71.74652099609375,39.45,41.48917388916016
39.46,22.95656394958496,39.46,102.18415069580078,39.46,25.6756534576416,39.46,71.72211456298828,39.46,40.90496826171875
39.470000000000006,23.41851806640625,39.47,102.34675598144533,39.47,26.09804344177246,39.47,71.69825744628906,39.47,40.3482551574707
39.48,23.882020950317383,39.48,102.50704193115234,39.48,26.50416374206543,39.48,71.67643737792969,39.48,39.81679534912109
39.49,24.347166061401367,39.49,102.65706634521484,39.49,26.90327835083008,39.49,71.64766693115234,39.49,39.30434799194336
39.5,24.82097244262696,39.5,102.8132781982422,39.5,27.321521759033203,39.5,71.60527038574219,39.5,38.81913375854492
39.510000000000005,25.306291580200195,39.51,102.95652770996094,39.510000000000005,27.758262634277344,39.51,71.56571197509766,39.51,38.3541259765625
39.52,25.80195426940918,39.52,103.09581756591795,39.52,28.23126602172852,39.52,71.53309631347656,39.52,37.89493942260742
39.53,26.304542541503903,39.53,103.25000762939452,39.53,28.73538017272949,39.53,71.50012969970703,39.53,37.48645782470703
39.54,26.825910568237305,39.54,103.40670013427734,39.540000000000006,29.27742958068848,39.54,71.46803283691406,39.54,37.10306930541992
39.55,27.382009506225582,39.55,103.55040740966795,39.55,29.856664657592773,39.55,71.43931579589844,39.55,36.76530075073242
39.56,27.970882415771484,39.56,103.70582580566406,39.56,30.46508407592773,39.56,71.41508483886719,39.56,36.47842025756836
39.57,28.580265045166016,39.57,103.83326721191406,39.57000000000001,31.098068237304688,39.57,71.38793182373047,39.57,36.13693618774414
39.580000000000005,29.196571350097656,39.58,103.95777893066406,39.58,31.73751449584961,39.58,71.36825561523438,39.58,35.7977180480957
39.59,29.816146850585938,39.59,104.0949478149414,39.59,32.392208099365234,39.59,71.35283660888672,39.59,35.5228385925293
39.6,30.459360122680664,39.6,104.2217788696289,39.6,33.058040618896484,39.6,71.33802032470703,39.6,35.31901931762695
39.61,31.13926124572754,39.61,104.34613037109376,39.61,33.734153747558594,39.61,71.32584381103516,39.61,35.23048782348633
39.620000000000005,31.84718894958496,39.62,104.4490737915039,39.620000000000005,34.415672302246094,39.62,71.30802917480469,39.62,35.08433532714844
39.63,32.57804107666016,39.63,104.54238891601562,39.63,35.10362243652344,39.63,71.28630065917969,39.63,34.89149856567383
39.64,33.32416534423828,39.64,104.64035034179688,39.64,35.80888366699219,39.64,71.26546478271484,39.64,34.73088073730469
39.650000000000006,34.07401657104492,39.65,104.73677825927734,39.650000000000006,36.53627395629883,39.65,71.24956512451172,39.65,34.58797836303711
39.66,34.83032989501953,39.66,104.82625579833984,39.66,37.27462387084961,39.66,71.23633575439453,39.66,34.529266357421875
39.67,35.59060287475586,39.67,104.9178695678711,39.67,38.02017211914063,39.67,71.22576141357422,39.67,34.540306091308594
39.68,36.36199569702149,39.68,104.97655487060548,39.68000000000001,38.78388977050781,39.68,71.2191162109375,39.68,34.60694122314453
39.690000000000005,37.14471435546875,39.69,105.01834869384766,39.69,39.56044006347656,39.69,71.21124267578125,39.69,34.6888542175293
39.7,37.93405151367188,39.7,105.05470275878906,39.7,40.356689453125,39.7,71.19952392578125,39.7,34.804046630859375
39.71,38.731258392333984,39.71,105.10260772705078,39.71,41.180423736572266,39.71,71.18750762939453,39.71,35.028404235839844
39.720000000000006,39.53660202026367,39.72,105.1258316040039,39.72,42.01144790649414,39.72,71.17768096923828,39.72,35.210533142089844
39.73,40.347469329833984,39.73,105.15416717529295,39.73,42.85296630859375,39.73,71.1731185913086,39.73,35.4489631652832
39.74,41.17129898071289,39.74,105.17039489746094,39.74,43.70923614501953,39.74,71.16907501220703,39.74,35.70485305786133
39.75,42.00028991699219,39.75,105.1550064086914,39.75,44.561279296875,39.75,71.16018676757812,39.75,36.00202178955078
39.760000000000005,42.82794189453125,39.76,105.1263427734375,39.760000000000005,45.44694900512695,39.76,71.14641571044922,39.76,36.33869552612305
39.77,43.645320892333984,39.77,105.09043884277344,39.77,46.36097717285156,39.77,71.13028717041016,39.77,36.65170669555664
39.78,44.4773063659668,39.78,105.05789947509766,39.78,47.28166198730469,39.78,71.11319732666016,39.78,36.997955322265625
39.79,45.312747955322266,39.79,105.02149963378906,39.790000000000006,48.19061279296875,39.79,71.09617614746094,39.79,37.37076568603516
39.8,46.13961410522461,39.8,104.9498519897461,39.8,49.18332290649414,39.8,71.07875061035156,39.8,37.76523971557617
39.81,46.9603271484375,39.81,104.94791412353516,39.81,50.13518905639648,39.81,71.06605529785156,39.81,38.17691040039063
39.82,47.77801132202149,39.82,104.92643737792967,39.82000000000001,51.07740783691406,39.82,71.04949188232422,39.82,38.59503173828125
39.830000000000005,48.59299850463867,39.83,104.8773956298828,39.83,52.01350402832031,39.83,71.03136444091797,39.83,39.046146392822266
39.84,49.39566802978516,39.84,104.8387680053711,39.84,52.92144393920898,39.84,71.0108642578125,39.84,39.50214385986328
39.85,50.19719314575195,39.85,104.78034973144533,39.85,53.84627151489258,39.85,70.99581909179688,39.85,39.96259307861328
39.86,51.0047607421875,39.86,104.70388793945312,39.86,54.7510986328125,39.86,70.9815444946289,39.86,40.4659423828125
39.870000000000005,51.82266998291016,39.87,104.63103485107422,39.870000000000005,55.68604278564453,39.87,70.96401977539062,39.87,40.972957611083984
39.88,52.6430549621582,39.88,104.5496826171875,39.88,56.60221481323242,39.88,70.9446029663086,39.88,41.48492813110352
39.89,53.4642219543457,39.89,104.33190155029295,39.89,57.52267456054688,39.89,70.92029571533203,39.89,42.00714492797852
39.900000000000006,54.2878303527832,39.9,104.10215759277344,39.900000000000006,58.45729064941406,39.9,70.8972396850586,39.9,42.55699920654297
39.91,55.09194564819336,39.91,103.99437713623048,39.91,59.37191390991211,39.91,70.87305450439453,39.91,43.12334442138672
39.92,55.87705993652344,39.92,103.90935516357422,39.92,60.26118469238281,39.92,70.85096740722656,39.92,43.70173645019531
39.93,56.66969680786133,39.93,103.79938507080078,39.93000000000001,61.156280517578125,39.93,70.83119201660156,39.93,44.29861068725586
39.940000000000005,57.495880126953125,39.94,103.67122650146484,39.94,62.01348876953125,39.94,70.81085968017578,39.94,44.911128997802734
39.95,58.33938217163086,39.95,103.53923797607422,39.95,62.78226852416992,39.95,70.79377746582031,39.95,45.53030776977539
39.96,59.187156677246094,39.96,103.3943328857422,39.96,63.62324905395508,39.96,70.77268981933594,39.96,46.18848037719727
39.970000000000006,60.031005859375,39.97,103.25648498535156,39.97,64.52751159667969,39.97,70.75318145751953,39.97,46.85414505004883
39.98,60.878211975097656,39.98,103.1302719116211,39.98,65.30078887939453,39.98,70.73200988769531,39.98,47.527774810791016
39.99,61.71331787109375,39.99,102.99610137939452,39.99,66.09241485595703,39.99,70.71359252929688,39.99,48.21136474609375
40.0,62.52256393432617,40.0,102.86672973632812,40.0,66.87820434570312,40.0,70.70071411132812,40.0,48.90558242797852
40.010000000000005,63.30617141723633,40.01,102.73956298828124,40.010000000000005,67.60127258300781,40.01,70.68891906738281,40.01,49.56632614135742
40.02,64.06695556640625,40.02,102.62826538085938,40.02,68.33123779296875,40.02,70.67333984375,40.02,50.23117446899414
40.03,64.84203338623047,40.03,102.51087188720705,40.03,69.086181640625,40.03,70.65283966064453,40.03,50.89668655395508
40.04,65.60858154296875,40.04,102.39533996582033,40.040000000000006,69.8446044921875,40.04,70.630126953125,40.04,51.56774520874024
40.05,66.37989807128906,40.05,102.27313232421876,40.05,70.57056427001953,40.05,70.60897064208984,40.05,52.26179885864258
40.06,67.1390380859375,40.06,102.15359497070312,40.06,71.2662353515625,40.06,70.59516143798828,40.06,52.980010986328125
40.07,67.86455535888672,40.07,102.02940368652344,40.07000000000001,71.91446685791016,40.07,70.58708190917969,40.07,53.71552658081055
40.080000000000005,68.5652847290039,40.08,101.9076690673828,40.08,72.60079956054688,40.08,70.5840072631836,40.08,54.50378036499024
40.09,69.2421646118164,40.09,101.77489471435548,40.09,73.29556274414062,40.09,70.58171081542969,40.09,55.28948211669922
40.1,69.92784881591797,40.1,101.62718200683594,40.1,73.93394470214844,40.1,70.5761947631836,40.1,56.03076934814453
40.11,70.63973236083984,40.11,101.53899383544922,40.11,74.52413177490234,40.11,70.5718765258789,40.11,56.74695587158203
40.120000000000005,71.29586029052734,40.12,101.45309448242188,40.120000000000005,75.08688354492188,40.12,70.56671905517578,40.12,57.47265625
40.13,71.87965393066406,40.13,101.38044738769533,40.13,75.70504760742188,40.13,70.56887817382812,40.13,58.15633773803711
40.14,72.45506286621094,40.14,101.30126953125,40.14,76.30692291259766,40.14,70.5680160522461,40.14,58.8328971862793
40.150000000000006,73.04720306396484,40.15,101.22101593017578,40.150000000000006,76.8421859741211,40.15,70.56880950927734,40.15,59.546016693115234
40.16,73.6455307006836,40.16,101.13343048095705,40.16,77.35731506347656,40.16,70.5712890625,40.16,60.25631332397461
40.17,74.24542236328125,40.17,101.05437469482422,40.17,77.85063171386719,40.17,70.57601928710938,40.17,60.93104934692383
40.18,74.84528350830078,40.18,100.9749755859375,40.18000000000001,78.30487823486328,40.18,70.5830307006836,40.18,61.61587905883789
40.190000000000005,75.41069030761719,40.19,100.90972137451172,40.19,78.78269958496094,40.19,70.5952377319336,40.19,62.313568115234375
40.2,75.91886138916016,40.2,100.82891845703124,40.2,79.3044662475586,40.2,70.60903930664062,40.2,63.005001068115234
40.21,76.39580535888672,40.21,100.74153137207033,40.21,79.80270385742188,40.21,70.62655639648438,40.21,63.66187286376953
40.220000000000006,76.8582534790039,40.22,100.649658203125,40.22,80.28536224365234,40.22,70.64623260498047,40.22,64.32061767578125
40.23,77.32347106933594,40.23,100.55982971191406,40.23,80.72666931152344,40.23,70.66715240478516,40.23,64.98619842529297
40.24,77.80328369140625,40.24,100.46315002441406,40.24,81.1845932006836,40.24,70.69120788574219,40.24,65.635986328125
40.25,78.3154525756836,40.25,100.36902618408205,40.25,81.593994140625,40.25,70.71532440185547,40.25,66.23485565185547
40.260000000000005,78.84529876708984,40.26,100.30328369140624,40.260000000000005,82.03997039794922,40.26,70.74174499511719,40.26,66.77778625488281
40.27,79.34909057617188,40.27,100.21085357666016,40.27,82.45932006835938,40.27,70.76729583740234,40.27,67.34721374511719
40.28,79.83455657958984,40.28,100.1233901977539,40.28,82.89482116699219,40.28,70.7921142578125,40.28,67.911376953125
40.29,80.32088470458984,40.29,100.02890014648438,40.290000000000006,83.24850463867188,40.29,70.81917572021484,40.29,68.45106506347656
40.3,80.82696533203125,40.3,99.94554138183594,40.3,83.57339477539062,40.3,70.84284973144531,40.3,68.98917388916016
40.31,81.32701110839844,40.31,99.85112762451172,40.31,83.95832061767578,40.31,70.86568450927734,40.31,69.53604888916016
40.32,81.79545593261719,40.32,99.74079895019533,40.32000000000001,84.38221740722656,40.32,70.88594055175781,40.32,70.08866882324219
40.330000000000005,82.25466918945312,40.33,99.64737701416016,40.33,84.87132263183594,40.33,70.91079711914062,40.33,70.6092300415039
40.34,82.72219848632812,40.34,99.54303741455078,40.34,85.31788635253906,40.34,70.93348693847656,40.34,71.1159896850586
40.35,83.239013671875,40.35,99.42952728271484,40.35,85.6173095703125,40.35,70.9560546875,40.35,71.62757873535156
40.36,83.72883605957031,40.36,99.3277359008789,40.36,85.95626831054688,40.36,70.97856140136719,40.36,72.10078430175781
40.370000000000005,84.23458099365234,40.37,99.22061920166016,40.370000000000005,86.30133056640625,40.37,71.00175476074219,40.37,72.57926940917969
40.38,84.80525970458984,40.38,99.12046813964844,40.38,86.77005767822266,40.38,71.02490997314453,40.38,73.04508209228516
40.39,85.32176971435547,40.39,99.0407485961914,40.39,87.79784393310547,40.39,71.04657745361328,40.39,73.49112701416016
40.400000000000006,85.79804229736328,40.4,98.99667358398438,40.400000000000006,88.76287841796875,40.4,71.07218933105469,40.4,73.91748809814453
40.41,86.2606430053711,40.41,98.95140838623048,40.41,89.3083724975586,40.41,71.09601593017578,40.41,74.3598861694336
40.42,86.70909118652344,40.42,98.93687438964844,40.42,89.71661376953125,40.42,71.1192855834961,40.42,74.77447509765625
40.43,87.15373992919922,40.43,98.93118286132812,40.43000000000001,90.2378158569336,40.43,71.139404296875,40.43,75.18283081054688
40.440000000000005,87.62451171875,40.44,98.94751739501952,40.44,90.72607421875,40.44,71.15635681152344,40.44,75.60597229003906
40.45,88.0655288696289,40.45,98.96862030029295,40.45,91.090576171875,40.45,71.17098999023438,40.45,75.98613739013672
40.46,88.47974395751953,40.46,98.99658203125,40.46,91.38677978515624,40.46,71.18085479736328,40.46,76.321533203125
40.470000000000006,88.86030578613281,40.47,99.04556274414062,40.47,91.65792846679688,40.47,71.18458557128906,40.47,76.64341735839844
40.48,89.16974639892578,40.48,99.1059799194336,40.48,91.89348602294922,40.48,71.184326171875,40.48,76.93360137939453
40.49,89.52044677734375,40.49,99.1771011352539,40.49,92.05677795410156,40.49,71.17829895019531,40.49,77.21993255615234
40.5,89.83248138427734,40.5,99.24665069580078,40.5,92.16446685791016,40.5,71.16548919677734,40.5,77.4842529296875
40.510000000000005,90.09774780273438,40.51,99.30498504638672,40.510000000000005,92.22393035888672,40.51,71.14883422851562,40.51,77.70330047607422
40.52,90.34313201904295,40.52,99.35304260253906,40.52,92.22502136230467,40.52,71.13041687011719,40.52,77.92659759521484
40.53,90.51310729980467,40.53,99.38361358642578,40.53,92.19583892822266,40.53,71.10848236083984,40.53,78.15242004394531
40.54,90.6345672607422,40.54,99.42523956298828,40.540000000000006,92.16143035888672,40.54,71.08662414550781,40.54,78.3990249633789
40.55,90.71765899658205,40.55,99.49410247802734,40.55,92.17420196533205,40.55,71.05917358398438,40.55,78.66159057617188
40.56,90.7382354736328,40.56,99.58647918701172,40.56,92.23157501220705,40.56,71.02938842773438,40.56,78.92952728271484
40.57,90.73101806640624,40.57,99.6783218383789,40.57000000000001,92.29966735839844,40.57,71.00220489501953,40.57,79.18830108642578
40.580000000000005,90.71461486816406,40.58,99.75188446044922,40.58,92.38075256347656,40.58,70.97844696044922,40.58,79.43817901611328
40.59,90.7095718383789,40.59,99.82183837890624,40.59,92.4789810180664,40.59,70.9593734741211,40.59,79.67835998535156
40.6,90.73973846435548,40.6,99.8858413696289,40.6,92.60610961914062,40.6,70.94729614257812,40.6,79.93318176269531
40.61,90.78353881835938,40.61,99.94066619873048,40.61,92.73107147216795,40.61,70.93806457519531,40.61,80.17407989501953
40.620000000000005,90.854248046875,40.62,99.99718475341795,40.620000000000005,92.836181640625,40.62,70.9308853149414,40.62,80.38455963134766
40.63,90.92364501953124,40.63,100.05418395996094,40.63,92.9518585205078,40.63,70.9247055053711,40.63,80.56912231445312
40.64,90.99243927001952,40.64,100.1181869506836,40.64,93.08382415771484,40.64,70.91923522949219,40.64,80.74641418457031
40.650000000000006,91.08677673339844,40.65,100.18196868896484,40.650000000000006,93.21356964111328,40.65,70.9122543334961,40.65,80.90515899658203
40.66,91.16669464111328,40.66,100.25252532958984,40.66,93.3381805419922,40.66,70.90258026123047,40.66,81.0429458618164
40.67,91.24353790283205,40.67,100.32613372802734,40.67,93.4482421875,40.67,70.89376068115234,40.67,81.19744110107422
40.68,91.3656768798828,40.68,100.39017486572266,40.68000000000001,93.5316162109375,40.68,70.88499450683594,40.68,81.36653137207031
40.690000000000005,91.47438049316406,40.69,100.45457458496094,40.69,93.60395050048828,40.69,70.8767318725586,40.69,81.53581237792969
40.7,91.54039764404295,40.7,100.51730346679688,40.7,93.66676330566406,40.7,70.8720474243164,40.7,81.684814453125
40.71,91.61781311035156,40.71,100.55989074707033,40.71,93.70806884765624,40.71,70.86347198486328,40.71,81.81790161132812
40.720000000000006,91.70016479492188,40.72,100.60182189941406,40.72,93.73779296875,40.72,70.85862731933594,40.72,81.95104217529297
40.73,91.7580108642578,40.73,100.64839935302734,40.73,93.79348754882812,40.73,70.85984802246094,40.73,82.09825897216797
40.74,91.8116455078125,40.74,100.66544342041016,40.74,93.84657287597656,40.74,70.86244201660156,40.74,82.24805450439453
40.75,91.8516845703125,40.75,100.67350006103516,40.75,93.89605712890624,40.75,70.85940551757812,40.75,82.39891052246094
40.760000000000005,91.90636444091795,40.76,100.68391418457033,40.760000000000005,93.94172668457033,40.76,70.86200714111328,40.76,82.53978729248047
40.77,91.95833587646484,40.77,100.69430541992188,40.77,93.9875946044922,40.77,70.86283111572266,40.77,82.67379760742188
40.78,92.02886962890624,40.78,100.70100402832033,40.78,94.01703643798828,40.78,70.86627197265625,40.78,82.80268859863281
40.79,92.0925064086914,40.79,100.70214080810548,40.790000000000006,94.0361785888672,40.79,70.87060546875,40.79,82.9375228881836
40.8,92.16120910644533,40.8,100.70001983642578,40.8,94.04827880859376,40.8,70.8750991821289,40.8,83.06709289550781
40.81,92.20708465576172,40.81,100.71131896972656,40.81,94.04869079589844,40.81,70.87669372558594,40.81,83.174560546875
40.82,92.24279022216795,40.82,100.71408081054688,40.82000000000001,94.05783081054688,40.82,70.87566375732422,40.82,83.27130889892578
40.830000000000005,92.26873016357422,40.83,100.72007751464844,40.83,94.0649185180664,40.83,70.8748550415039,40.83,83.35748291015625
40.84,92.29381561279295,40.84,100.74866485595705,40.84,94.07926940917967,40.84,70.8707504272461,40.84,83.42446899414062
40.85,92.31539916992188,40.85,100.78650665283205,40.85,94.10002136230467,40.85,70.86451721191406,40.85,83.48291778564453
40.86,92.32990264892578,40.86,100.82205200195312,40.86,94.12213134765624,40.86,70.85861206054688,40.86,83.53211975097656
40.870000000000005,92.3409194946289,40.87,100.8551788330078,40.870000000000005,94.13951873779295,40.87,70.85432434082031,40.87,83.57563018798828
40.88,92.34326934814452,40.88,100.89192962646484,40.88,94.15390014648438,40.88,70.84663391113281,40.88,83.60350799560547
40.89,92.33137512207033,40.89,100.93299865722656,40.89,94.1673355102539,40.89,70.84681701660156,40.89,83.61678314208984
40.900000000000006,92.32083892822266,40.9,100.97704315185548,40.900000000000006,94.16763305664062,40.9,70.84393310546875,40.9,83.62606048583984
40.91,92.3030242919922,40.91,101.01827239990234,40.91,94.1706085205078,40.91,70.84114074707031,40.91,83.63565826416016
40.92,92.28568267822266,40.92,101.05692291259766,40.92,94.16802978515624,40.92,70.83733367919922,40.92,83.64423370361328
40.93,92.26834106445312,40.93,101.09779357910156,40.93000000000001,94.16194152832033,40.93,70.83281707763672,40.93,83.65472412109375
40.940000000000005,92.2539291381836,40.94,101.13540649414062,40.94,94.16366577148438,40.94,70.82557678222656,40.94,83.6456298828125
40.95,92.2424774169922,40.95,101.17425537109376,40.95,94.17710876464844,40.95,70.81912994384766,40.95,83.62059020996094
40.96,92.22444152832033,40.96,101.2099838256836,40.96,94.21150970458984,40.96,70.81134796142578,40.96,83.58222961425781
40.970000000000006,92.21356201171876,40.97,101.2402572631836,40.97,94.25220489501952,40.97,70.80049133300781,40.97,83.53449249267578
40.98,92.20832061767578,40.98,101.28060913085938,40.98,94.30097198486328,40.98,70.7901611328125,40.98,83.47752380371094
40.99,92.2166519165039,40.99,101.32777404785156,40.99,94.34893798828124,40.99,70.78219604492188,40.99,83.40642547607422
41.0,92.22209167480467,41.0,101.35194396972656,41.0,94.40337371826172,41.0,70.77857971191406,41.0,83.32877349853516
41.010000000000005,92.22594451904295,41.01,101.36512756347656,41.010000000000005,94.46524047851562,41.01,70.777099609375,41.01,83.24683380126953
41.02,92.24542999267578,41.02,101.3834457397461,41.02,94.53131866455078,41.02,70.77883911132812,41.02,83.173095703125
41.03,92.27967071533205,41.03,101.38654327392578,41.03,94.59561920166016,41.03,70.78264617919922,41.03,83.09361267089844
41.04,92.3173599243164,41.04,101.37226104736328,41.040000000000006,94.65487670898438,41.04,70.78530883789062,41.04,83.0057601928711
41.05,92.36408996582033,41.05,101.35868072509766,41.05,94.7071304321289,41.05,70.7916259765625,41.05,82.92063903808594
41.06,92.41065216064452,41.06,101.33614349365234,41.06,94.7495574951172,41.06,70.80012512207031,41.06,82.839599609375
41.07,92.45185089111328,41.07,101.30747985839844,41.07000000000001,94.7674560546875,41.07,70.81013488769531,41.07,82.76507568359375
41.080000000000005,92.48661041259766,41.08,101.27005004882812,41.08,94.78145599365234,41.08,70.82103729248047,41.08,82.69129943847656
41.09,92.5146713256836,41.09,101.22116088867188,41.09,94.7970962524414,41.09,70.83322143554688,41.09,82.6238784790039
41.1,92.5273208618164,41.1,101.17047119140624,41.1,94.81261444091795,41.1,70.84676361083984,41.1,82.5660171508789
41.11,92.53014373779295,41.11,101.11944580078124,41.11,94.82977294921876,41.11,70.86183166503906,41.11,82.51535034179688
41.120000000000005,92.52765655517578,41.12,101.06903076171876,41.120000000000005,94.8504867553711,41.12,70.87882232666016,41.12,82.47274780273438
41.13,92.5174789428711,41.13,101.015869140625,41.13,94.8721694946289,41.13,70.89665985107422,41.13,82.4367446899414
41.14,92.50469970703124,41.14,100.96234130859376,41.14,94.88878631591795,41.14,70.9122085571289,41.14,82.40489959716797
41.150000000000006,92.48601531982422,41.15,100.91219329833984,41.150000000000006,94.8925323486328,41.15,70.92664337158203,41.15,82.3760986328125
41.16,92.46244049072266,41.16,100.86408996582033,41.16,94.88941192626952,41.16,70.93930053710938,41.16,82.34867858886719
41.17,92.44442749023438,41.17,100.8193588256836,41.17,94.8786163330078,41.17,70.94959259033203,41.17,82.33011627197266
41.18,92.42632293701172,41.18,100.7796859741211,41.18000000000001,94.85978698730467,41.18,70.95803833007812,41.18,82.32135772705078
41.190000000000005,92.40350341796876,41.19,100.74190521240234,41.19,94.83806610107422,41.19,70.96483612060547,41.19,82.3202133178711
41.2,92.37450408935548,41.2,100.7066650390625,41.2,94.81310272216795,41.2,70.97274780273438,41.2,82.32749938964844
41.21,92.33138275146484,41.21,100.67613983154295,41.21,94.78742218017578,41.21,70.97930145263672,41.21,82.33450317382812
41.220000000000006,92.28384399414062,41.22,100.65546417236328,41.22,94.76193237304688,41.22,70.98442840576172,41.22,82.342529296875
41.23,92.2371826171875,41.23,100.64158630371094,41.23,94.74462127685548,41.23,70.98954772949219,41.23,82.35227966308594
41.24,92.19447326660156,41.24,100.6242218017578,41.24,94.73841857910156,41.24,70.9924545288086,41.24,82.36585235595703
41.25,92.15299987792967,41.25,100.61238861083984,41.25,94.733642578125,41.25,70.99539184570312,41.25,82.3816909790039
41.260000000000005,92.10860443115234,41.26,100.60397338867188,41.260000000000005,94.72933197021484,41.26,70.99705505371094,41.26,82.3957748413086
41.27,92.0660171508789,41.27,100.59540557861328,41.27,94.7223892211914,41.27,71.00157165527344,41.27,82.40274047851562
41.28,92.03296661376952,41.28,100.58615112304688,41.28,94.7095947265625,41.28,71.00691223144531,41.28,82.4107437133789
41.29,92.00174713134766,41.29,100.57386779785156,41.290000000000006,94.69441986083984,41.29,71.0118408203125,41.29,82.42147064208984
41.3,91.97756958007812,41.3,100.5595245361328,41.3,94.68872833251952,41.3,71.01661682128906,41.3,82.42942810058594
41.31,91.9664306640625,41.31,100.54690551757812,41.31,94.6861801147461,41.31,71.02073669433594,41.31,82.43724822998047
41.32,91.9509048461914,41.32,100.53668212890624,41.32000000000001,94.67986297607422,41.32,71.023681640625,41.32,82.45098114013672
41.330000000000005,91.93965911865234,41.33,100.52169799804688,41.33,94.66663360595705,41.33,71.02595520019531,41.33,82.46112060546875
41.34,91.93222045898438,41.34,100.50760650634766,41.34,94.64867401123048,41.34,71.0291519165039,41.34,82.45592498779297
41.35,91.9201889038086,41.35,100.49736785888672,41.35,94.63037872314452,41.35,71.03120422363281,41.35,82.44844818115234
41.36,91.90555572509766,41.36,100.48747253417967,41.36,94.60916900634766,41.36,71.03343200683594,41.36,82.45355224609375
41.370000000000005,91.88856506347656,41.37,100.4789810180664,41.370000000000005,94.58585357666016,41.37,71.03449249267578,41.37,82.46272277832031
41.38,91.86772918701172,41.38,100.47142028808594,41.38,94.55901336669922,41.38,71.0358657836914,41.38,82.47297668457031
41.39,91.84767150878906,41.39,100.46223449707033,41.39,94.52911376953124,41.39,71.03658294677734,41.39,82.48201751708984
41.400000000000006,91.830322265625,41.4,100.45315551757812,41.400000000000006,94.49898529052734,41.4,71.03889465332031,41.4,82.48725128173828
41.41,91.8163070678711,41.41,100.44136810302734,41.41,94.47215270996094,41.41,71.03802490234375,41.41,82.48902893066406
41.42,91.80601501464844,41.42,100.42874908447266,41.42,94.44650268554688,41.42,71.03925323486328,41.42,82.49362182617188
41.43,91.80037689208984,41.43,100.41788482666016,41.43000000000001,94.41902160644533,41.43,71.03972625732422,41.43,82.49830627441406
41.440000000000005,91.79583740234376,41.44,100.4077606201172,41.44,94.39459228515624,41.44,71.04011535644531,41.44,82.50438690185547
41.45,91.78916931152344,41.45,100.39752960205078,41.45,94.36688995361328,41.45,71.0412368774414,41.45,82.51124572753906
41.46,91.78213500976562,41.46,100.40033721923828,41.46,94.3362808227539,41.46,71.03914642333984,41.46,82.52149963378906
41.470000000000006,91.77653503417967,41.47,100.40484619140624,41.47,94.3081512451172,41.47,71.0355453491211,41.47,82.53353118896484
41.48,91.76946258544922,41.48,100.4141845703125,41.48,94.28211975097656,41.48,71.03132629394531,41.48,82.54429626464844
41.49,91.76206970214844,41.49,100.42849731445312,41.49,94.25643157958984,41.49,71.0268783569336,41.49,82.55821228027344
41.5,91.7523193359375,41.5,100.44815826416016,41.5,94.2314453125,41.5,71.02086639404297,41.5,82.572021484375
41.510000000000005,91.74640655517578,41.51,100.4695816040039,41.510000000000005,94.20304870605467,41.51,71.01519775390625,41.51,82.58152770996094
41.52,91.73517608642578,41.52,100.4922866821289,41.52,94.16978454589844,41.52,71.00970458984375,41.52,82.5928955078125
41.53,91.71317291259766,41.53,100.5140380859375,41.53,94.1367645263672,41.53,71.0037841796875,41.53,82.60256958007812
41.54,91.7070083618164,41.54,100.53536987304688,41.540000000000006,94.1050033569336,41.54,70.99874877929688,41.54,82.61038208007812
41.55,91.71287536621094,41.55,100.5610122680664,41.55,94.07289123535156,41.55,70.99252319335938,41.55,82.61458587646484
41.56,91.70338439941406,41.56,100.58745574951172,41.56,94.04297637939452,41.56,70.98859405517578,41.56,82.61758422851562
41.57,91.68634033203124,41.57,100.61361694335938,41.57000000000001,94.01277923583984,41.57,70.98444366455078,41.57,82.62063598632812
41.580000000000005,91.67971801757812,41.58,100.63811492919922,41.58,93.98538208007812,41.58,70.98101043701172,41.58,82.62522888183594
41.59,91.68718719482422,41.59,100.6624526977539,41.59,93.9594268798828,41.59,70.97881317138672,41.59,82.62825012207031
41.6,91.67079162597656,41.6,100.68004608154295,41.6,93.9433822631836,41.6,70.97895812988281,41.6,82.62974548339844
41.61,91.65926361083984,41.61,100.6924057006836,41.61,93.9277801513672,41.61,70.97967529296875,41.61,82.62747192382812
41.620000000000005,91.66260528564452,41.62,100.7011260986328,41.620000000000005,93.91182708740234,41.62,70.97701263427734,41.62,82.6229248046875
41.63,91.67243194580078,41.63,100.7117156982422,41.63,93.8961181640625,41.63,70.97696685791016,41.63,82.61923217773438
41.64,91.6955108642578,41.64,100.7228775024414,41.64,93.87307739257812,41.64,70.97782135009766,41.64,82.6158218383789
41.650000000000006,91.70616149902344,41.65,100.73558044433594,41.650000000000006,93.84766387939452,41.65,70.97746276855469,41.65,82.61182403564453
41.66,91.71501159667967,41.66,100.74650573730467,41.66,93.82372283935548,41.66,70.97996520996094,41.66,82.60767364501953
41.67,91.7192840576172,41.67,100.75542449951172,41.67,93.80349731445312,41.67,70.98123168945312,41.67,82.6062240600586
41.68,91.72306823730467,41.68,100.76605987548828,41.68000000000001,93.78468322753906,41.68,70.9831314086914,41.68,82.60389709472656
41.690000000000005,91.7275619506836,41.69,100.77403259277344,41.69,93.76441955566406,41.69,70.98551940917969,41.69,82.60240936279297
41.7,91.73334503173828,41.7,100.78044128417967,41.7,93.74120330810548,41.7,70.9867172241211,41.7,82.60030364990234
41.71,91.74517059326172,41.71,100.78528594970705,41.71,93.71923065185548,41.71,70.98863983154297,41.71,82.59500885009766
41.720000000000006,91.7627944946289,41.72,100.7933578491211,41.72,93.69799041748048,41.72,70.98747253417969,41.72,82.58793640136719
41.73,91.77794647216795,41.73,100.80086517333984,41.73,93.67945861816406,41.73,70.98640441894531,41.73,82.58052825927734
41.74,91.7882080078125,41.74,100.80545043945312,41.74,93.6651840209961,41.74,70.98590850830078,41.74,82.57220458984375
41.75,91.7948760986328,41.75,100.80957794189452,41.75,93.65332794189452,41.75,70.9847640991211,41.75,82.56742858886719
41.760000000000005,91.7991714477539,41.76,100.80072021484376,41.760000000000005,93.63754272460938,41.76,70.98372650146484,41.76,82.56810760498047
41.77,91.79950714111328,41.77,100.80274200439452,41.77,93.6234130859375,41.77,70.97975158691406,41.77,82.57161712646484
41.78,91.79568481445312,41.78,100.80532836914062,41.78,93.6092300415039,41.78,70.9809799194336,41.78,82.57563018798828
41.79,91.7868423461914,41.79,100.7953872680664,41.790000000000006,93.59331512451172,41.79,70.98241424560547,41.79,82.5794448852539
41.8,91.7719955444336,41.8,100.79132843017578,41.8,93.57508087158205,41.8,70.98362731933594,41.8,82.58116912841797
41.81,91.75936889648438,41.81,100.78627014160156,41.81,93.55191802978516,41.81,70.98278045654297,41.81,82.58677673339844
41.82,91.75617980957033,41.82,100.7924346923828,41.82000000000001,93.5330810546875,41.82,70.98316955566406,41.82,82.595458984375
41.830000000000005,91.75181579589844,41.83,100.7955551147461,41.83,93.51543426513672,41.83,70.98483276367188,41.83,82.6071548461914
41.84,91.73651885986328,41.84,100.8039779663086,41.84,93.50331115722656,41.84,70.98567199707031,41.84,82.61567687988281
41.85,91.71051025390624,41.85,100.8067855834961,41.85,93.490966796875,41.85,70.98655700683594,41.85,82.62460327148438
41.86,91.70745849609376,41.86,100.80805206298828,41.86,93.4759292602539,41.86,70.98824310302734,41.86,82.63188934326172
41.870000000000005,91.70996856689452,41.87,100.80784606933594,41.870000000000005,93.45968627929688,41.87,70.99012756347656,41.87,82.63724517822266
41.88,91.7099838256836,41.88,100.81229400634766,41.88,93.44120025634766,41.88,70.99156188964844,41.88,82.64768981933594
41.89,91.71144104003906,41.89,100.81893157958984,41.89,93.41941833496094,41.89,70.98722076416016,41.89,82.6563720703125
41.900000000000006,91.71186065673828,41.9,100.82384490966795,41.900000000000006,93.4042739868164,41.9,70.98686218261719,41.9,82.66219329833984
41.91,91.71515655517578,41.91,100.8259048461914,41.91,93.3912582397461,41.91,70.98719024658203,41.91,82.66806030273438
41.92,91.71296691894533,41.92,100.838623046875,41.92,93.3803939819336,41.92,70.98583984375,41.92,82.67582702636719
41.93,91.70866394042967,41.93,100.84007263183594,41.93000000000001,93.37232971191406,41.93,70.98645782470703,41.93,82.6842269897461
41.940000000000005,91.70474243164062,41.94,100.84329986572266,41.94,93.3646011352539,41.94,70.98625946044922,41.94,82.68868255615234
41.95,91.70083618164062,41.95,100.84500122070312,41.95,93.3554229736328,41.95,70.98546600341797,41.95,82.69145965576172
41.96,91.69574737548828,41.96,100.84603881835938,41.96,93.34649658203124,41.96,70.9864273071289,41.96,82.69617462158203
41.970000000000006,91.6883773803711,41.97,100.8440170288086,41.97,93.33905792236328,41.97,70.98872375488281,41.97,82.70091247558594
41.98,91.67543029785156,41.98,100.83979034423828,41.98,93.33527374267578,41.98,70.98967742919922,41.98,82.70796203613281
41.99,91.6540985107422,41.99,100.83439636230467,41.99,93.33074951171876,41.99,70.99126434326172,41.99,82.71070098876953
42.0,91.63235473632812,42.0,100.8287124633789,42.0,93.3290023803711,42.0,70.99237823486328,42.0,82.71277618408203
42.010000000000005,91.6173095703125,42.01,100.82335662841795,42.010000000000005,93.3279266357422,42.01,70.99284362792969,42.01,82.71773529052734
42.02,91.6038589477539,42.02,100.81710052490234,42.02,93.32501983642578,42.02,70.99232482910156,42.02,82.72216033935547
42.03,91.59070587158205,42.03,100.81110382080078,42.03,93.32473754882812,42.03,70.99390411376953,42.03,82.7269058227539
42.04,91.57140350341795,42.04,100.80613708496094,42.040000000000006,93.32823181152344,42.04,70.99520111083984,42.04,82.73199462890625
42.05,91.55191802978516,42.05,100.80126190185548,42.05,93.32781982421876,42.05,70.99642944335938,42.05,82.73331451416016
42.06,91.533203125,42.06,100.79651641845705,42.06,93.32606506347656,42.06,70.99798583984375,42.06,82.73299407958984
42.07,91.5122299194336,42.07,100.79093170166016,42.07000000000001,93.3226547241211,42.07,70.99866485595703,42.07,82.73467254638672
42.080000000000005,91.4880599975586,42.08,100.78717803955078,42.08,93.31986236572266,42.08,70.99837493896484,42.08,82.73482513427734
42.09,91.46947479248048,42.09,100.78400421142578,42.09,93.3142547607422,42.09,70.9993896484375,42.09,82.7361068725586
42.1,91.45872497558594,42.1,100.78065490722656,42.1,93.3017120361328,42.1,71.00101470947266,42.1,82.73885345458984
42.11,91.45294189453124,42.11,100.77753448486328,42.11,93.2969741821289,42.11,71.00189208984375,42.11,82.74068450927734
42.120000000000005,91.44749450683594,42.12,100.7751235961914,42.120000000000005,93.29324340820312,42.12,71.00286865234375,42.12,82.73716735839844
42.13,91.44539642333984,42.13,100.7693328857422,42.13,93.28479766845705,42.13,71.00372314453125,42.13,82.73005676269531
42.14,91.43873596191406,42.14,100.76654052734376,42.14,93.28042602539062,42.14,71.00362396240234,42.14,82.72462463378906
42.150000000000006,91.42828369140624,42.15,100.75584411621094,42.150000000000006,93.27870178222656,42.15,71.005126953125,42.15,82.72221374511719
42.16,91.40747833251952,42.16,100.74688720703124,42.16,93.27588653564452,42.16,71.00589752197266,42.16,82.7223892211914
42.17,91.39214324951172,42.17,100.74179077148438,42.17,93.2726593017578,42.17,71.00664520263672,42.17,82.72471618652344
42.18,91.37662506103516,42.18,100.73641204833984,42.18000000000001,93.27022552490234,42.18,71.00765991210938,42.18,82.72383880615234
42.190000000000005,91.36091613769533,42.19,100.7289581298828,42.19,93.26453399658205,42.19,71.00788879394531,42.19,82.7252197265625
42.2,91.34852600097656,42.2,100.72066497802734,42.2,93.26156616210938,42.2,71.00749969482422,42.2,82.72686004638672
42.21,91.33988189697266,42.21,100.71295166015624,42.21,93.26097106933594,42.21,71.0058822631836,42.21,82.72830200195312
42.220000000000006,91.33341217041016,42.22,100.70030212402344,42.22,93.25904846191406,42.22,71.00491333007812,42.22,82.72877502441406
42.23,91.32820129394533,42.23,100.69283294677734,42.23,93.2508316040039,42.23,71.00255584716797,42.23,82.72865295410156
42.24,91.3241729736328,42.24,100.68728637695312,42.24,93.24324035644533,42.24,71.0008544921875,42.24,82.73128509521484
42.25,91.32012939453124,42.25,100.68106079101562,42.25,93.2354736328125,42.25,70.99959564208984,42.25,82.73424530029297
42.260000000000005,91.31258392333984,42.26,100.67930603027344,42.260000000000005,93.22883605957033,42.26,70.9975357055664,42.26,82.73517608642578
42.27,91.3018798828125,42.27,100.67618560791016,42.27,93.22457122802734,42.27,70.99341583251953,42.27,82.73930358886719
42.28,91.28925323486328,42.28,100.67463684082033,42.28,93.22180938720705,42.28,70.9891128540039,42.28,82.74349975585938
42.29,91.27262878417967,42.29,100.6723175048828,42.290000000000006,93.22232055664062,42.29,70.98519897460938,42.29,82.7471694946289
42.3,91.25215911865234,42.3,100.67011260986328,42.3,93.22547912597656,42.3,70.98015594482422,42.3,82.75382232666016
42.31,91.23310089111328,42.31,100.66594696044922,42.31,93.22997283935548,42.31,70.97530364990234,42.31,82.76081848144531
42.32,91.2161636352539,42.32,100.6630401611328,42.32000000000001,93.23362731933594,42.32,70.97251892089844,42.32,82.76409912109375
42.330000000000005,91.2029266357422,42.33,100.66072845458984,42.33,93.23591613769533,42.33,70.9683837890625,42.33,82.76801300048828
42.34,91.19446563720705,42.34,100.65828704833984,42.34,93.23645782470705,42.34,70.96553039550781,42.34,82.77398681640625
42.35,91.18831634521484,42.35,100.65572357177734,42.35,93.23239135742188,42.35,70.96440887451172,42.35,82.7790756225586
42.36,91.1845932006836,42.36,100.6546630859375,42.36,93.22930908203124,42.36,70.96162414550781,42.36,82.78472900390625
42.370000000000005,91.18009948730467,42.37,100.654296875,42.370000000000005,93.22730255126952,42.37,70.96096801757812,42.37,82.78923797607422
42.38,91.17527770996094,42.38,100.65331268310548,42.38,93.21754455566406,42.38,70.95803833007812,42.38,82.79017639160156
42.39,91.1711883544922,42.39,100.65381622314452,42.39,93.2071762084961,42.39,70.95318603515625,42.39,82.79076385498047
42.400000000000006,91.16542053222656,42.4,100.65646362304688,42.400000000000006,93.1987762451172,42.4,70.95148468017578,42.4,82.79203033447266
42.41,91.16056823730467,42.41,100.65728759765624,42.41,93.19123840332033,42.41,70.95057678222656,42.41,82.79590606689453
42.42,91.15673065185548,42.42,100.6572036743164,42.42,93.1827392578125,42.42,70.9481201171875,42.42,82.80070495605469
42.43,91.15491485595705,42.43,100.65372467041016,42.43000000000001,93.17786407470705,42.43,70.94515228271484,42.43,82.80718231201172
42.440000000000005,91.15484619140624,42.44,100.64704895019533,42.44,93.17472076416016,42.44,70.94451141357422,42.44,82.81383514404297
42.45,91.15623474121094,42.45,100.64054870605467,42.45,93.17228698730467,42.45,70.94210052490234,42.45,82.8216781616211
42.46,91.15737915039062,42.46,100.64047241210938,42.46,93.17349243164062,42.46,70.94127655029297,42.46,82.83047485351562
42.470000000000006,91.15567016601562,42.47,100.6432113647461,42.47,93.17591857910156,42.47,70.93949890136719,42.47,82.83988952636719
42.48,91.1505355834961,42.48,100.64917755126952,42.48,93.1780014038086,42.48,70.93865966796875,42.48,82.84698486328125
42.49,91.14274597167967,42.49,100.6524658203125,42.49,93.17596435546876,42.49,70.93582153320312,42.49,82.85517120361328
42.5,91.13533020019533,42.5,100.65353393554688,42.5,93.1688232421875,42.5,70.93232727050781,42.5,82.86380767822266
42.510000000000005,91.13093566894533,42.51,100.6563949584961,42.510000000000005,93.1604461669922,42.51,70.9304428100586,42.51,82.87715148925781
42.52,91.12977600097656,42.52,100.66123962402344,42.52,93.15281677246094,42.52,70.92693328857422,42.52,82.88823699951172
42.53,91.1283721923828,42.53,100.66351318359376,42.53,93.14331817626952,42.53,70.92369842529297,42.53,82.90119934082031
42.54,91.1243667602539,42.54,100.67082214355467,42.540000000000006,93.1351089477539,42.54,70.92182159423828,42.54,82.91476440429688
42.55,91.12144470214844,42.55,100.6798858642578,42.55,93.12860870361328,42.55,70.92030334472656,42.55,82.93038940429688
42.56,91.11685943603516,42.56,100.6900863647461,42.56,93.12393188476562,42.56,70.91702270507812,42.56,82.94670104980469
42.57,91.11212158203124,42.57,100.70280456542967,42.57000000000001,93.11824035644533,42.57,70.91329956054688,42.57,82.96051788330078
42.580000000000005,91.10565948486328,42.58,100.7205810546875,42.58,93.11370849609376,42.58,70.91161346435547,42.58,82.97492218017578
42.59,91.10006713867188,42.59,100.73220825195312,42.59,93.11126708984376,42.59,70.9085922241211,42.59,82.98941802978516
42.6,91.09588623046876,42.6,100.7388153076172,42.6,93.11033630371094,42.6,70.90420532226562,42.6,83.00489044189453
42.61,91.09326171875,42.61,100.74556732177734,42.61,93.1119384765625,42.61,70.89910125732422,42.61,83.02162170410156
42.620000000000005,91.09176635742188,42.62,100.7536392211914,42.620000000000005,93.11104583740234,42.62,70.89405059814453,42.62,83.0351333618164
42.63,91.09461212158205,42.63,100.76116943359376,42.63,93.11027526855467,42.63,70.8893814086914,42.63,83.0474853515625
42.64,91.09880065917967,42.64,100.76945495605467,42.64,93.11065673828124,42.64,70.8843765258789,42.64,83.05728149414062
42.650000000000006,91.10538482666016,42.65,100.7759246826172,42.650000000000006,93.11225128173828,42.65,70.87946319580078,42.65,83.06291961669922
42.66,91.11207580566406,42.66,100.78312683105467,42.66,93.11431121826172,42.66,70.87657928466797,42.66,83.06822967529297
42.67,91.11882019042967,42.67,100.7879867553711,42.67,93.1144027709961,42.67,70.873779296875,42.67,83.0702896118164
42.68,91.12694549560548,42.68,100.79306030273438,42.68000000000001,93.1134262084961,42.68,70.8697280883789,42.68,83.07198333740234
42.690000000000005,91.13578033447266,42.69,100.79539489746094,42.69,93.1122817993164,42.69,70.86737060546875,42.69,83.0692367553711
42.7,91.14464569091795,42.7,100.79347229003906,42.7,93.11214447021484,42.7,70.86224365234375,42.7,83.0635757446289
42.71,91.15415954589844,42.71,100.787353515625,42.71,93.11003875732422,42.71,70.85789489746094,42.71,83.05706787109375
42.720000000000006,91.15552520751952,42.72,100.78372955322266,42.72,93.10828399658205,42.72,70.8548583984375,42.72,83.04666137695312
42.73,91.1553955078125,42.73,100.78086853027344,42.73,93.10774230957033,42.73,70.85234069824219,42.73,83.03588104248047
42.74,91.15049743652344,42.74,100.77802276611328,42.74,93.1056671142578,42.74,70.85144805908203,42.74,83.0220947265625
42.75,91.1375961303711,42.75,100.77294921875,42.75,93.1021499633789,42.75,70.84742736816406,42.75,83.00511169433594
42.760000000000005,91.11554718017578,42.76,100.76750183105467,42.760000000000005,93.09334564208984,42.76,70.84391021728516,42.76,82.98627471923828
42.77,91.09231567382812,42.77,100.75747680664062,42.77,93.0817642211914,42.77,70.84082794189453,42.77,82.96330261230469
42.78,91.07530975341795,42.78,100.7485122680664,42.78,93.07183837890624,42.78,70.83673858642578,42.78,82.9334945678711
42.79,91.0536880493164,42.79,100.73573303222656,42.790000000000006,93.05965423583984,42.79,70.83008575439453,42.79,82.8984146118164
42.8,91.02436065673828,42.8,100.7192611694336,42.8,93.0435028076172,42.8,70.8299789428711,42.8,82.85992431640625
42.81,90.99333190917967,42.81,100.6977310180664,42.81,93.0218276977539,42.81,70.82921600341797,42.81,82.81491088867188
42.82,90.96144104003906,42.82,100.67959594726562,42.82000000000001,92.9979248046875,42.82,70.8266372680664,42.82,82.76687622070312
42.830000000000005,90.92288208007812,42.83,100.66173553466795,42.83,92.98755645751952,42.83,70.82471466064453,42.83,82.71258544921875
42.84,90.87811279296876,42.84,100.64057159423828,42.84,92.9837417602539,42.84,70.82095336914062,42.84,82.65277099609375
42.85,90.83063507080078,42.85,100.61712646484376,42.85,92.95943450927734,42.85,70.81790161132812,42.85,82.59309387207031
42.86,90.78659057617188,42.86,100.59241485595705,42.86,92.92628479003906,42.86,70.81351470947266,42.86,82.5216064453125
42.870000000000005,90.73102569580078,42.87,100.56355285644533,42.870000000000005,92.90071105957033,42.87,70.80823516845703,42.87,82.44114685058594
42.88,90.6500244140625,42.88,100.53124237060548,42.88,92.87538146972656,42.88,70.80289459228516,42.88,82.3563003540039
42.89,90.55664825439452,42.89,100.49556732177734,42.89,92.84268951416016,42.89,70.7965316772461,42.89,82.26080322265625
42.900000000000006,90.46428680419922,42.9,100.45542907714844,42.900000000000006,92.8034439086914,42.9,70.79056549072266,42.9,82.1523666381836
42.91,90.37012481689452,42.91,100.4107894897461,42.91,92.76177215576172,42.91,70.7854232788086,42.91,82.04145812988281
42.92,90.2793197631836,42.92,100.3647918701172,42.92,92.71101379394533,42.92,70.78014373779297,42.92,81.9253921508789
42.93,90.17848205566406,42.93,100.31061553955078,42.93000000000001,92.65929412841795,42.93,70.77447509765625,42.93,81.80294799804688
42.940000000000005,90.05641174316406,42.94,100.2579574584961,42.94,92.61254119873048,42.94,70.76892852783203,42.94,81.66764068603516
42.95,89.91493225097656,42.95,100.2060317993164,42.95,92.57071685791016,42.95,70.76358032226562,42.95,81.52920532226562
42.96,89.78459167480469,42.96,100.15837097167967,42.96,92.5279312133789,42.96,70.75823211669922,42.96,81.38763427734375
42.970000000000006,89.64834594726562,42.97,100.10710144042967,42.97,92.4802703857422,42.97,70.75212097167969,42.97,81.22486114501953
42.98,89.50971984863281,42.98,100.04720306396484,42.98,92.42742156982422,42.98,70.74457550048828,42.98,81.04747009277344
42.99,89.36487579345703,42.99,99.98371887207033,42.99,92.36312103271484,42.99,70.74031829833984,42.99,80.85777282714844
43.0,89.20716857910156,43.0,99.9179229736328,43.0,92.2979736328125,43.0,70.73634338378906,43.0,80.64112091064453
43.010000000000005,89.0501480102539,43.01,99.84780883789062,43.010000000000005,92.22399139404295,43.01,70.73341369628906,43.01,80.38805389404297
43.02,88.88253021240234,43.02,99.76937103271484,43.02,92.14933013916016,43.02,70.73028564453125,43.02,80.1119155883789
43.03,88.70478820800781,43.03,99.68496704101562,43.03,92.06058502197266,43.03,70.73025512695312,43.03,79.84344482421875
43.04,88.51769256591797,43.04,99.59716033935548,43.040000000000006,91.9587631225586,43.04,70.73287200927734,43.04,79.57450866699219
43.05,88.305908203125,43.05,99.50950622558594,43.05,91.86434936523438,43.05,70.73702239990234,43.05,79.281005859375
43.06,88.1205062866211,43.06,99.41740417480467,43.06,91.73762512207033,43.06,70.74166107177734,43.06,78.98651123046875
43.07,87.9471206665039,43.07,99.32676696777344,43.07000000000001,91.5765380859375,43.07,70.74825286865234,43.07,78.68334197998047
43.080000000000005,87.75904083251953,43.08,99.23294067382812,43.08,91.41667175292967,43.08,70.75630187988281,43.08,78.38432312011719
43.09,87.54023742675781,43.09,99.14193725585938,43.09,91.23131561279295,43.09,70.76537322998047,43.09,78.08512115478516
43.1,87.28951263427734,43.1,99.05384826660156,43.1,91.01836395263672,43.1,70.77740478515625,43.1,77.77833557128906
43.11,87.02847290039062,43.11,98.95645904541016,43.11,90.83302307128906,43.11,70.78944396972656,43.11,77.4271011352539
43.120000000000005,86.76765441894531,43.12,98.81944274902344,43.120000000000005,90.5669403076172,43.12,70.80463409423828,43.12,77.06343078613281
43.13,86.46818542480469,43.13,98.67138671875,43.13,90.33588409423828,43.13,70.82559204101562,43.13,76.68034362792969
43.14,86.14480590820312,43.14,98.5288314819336,43.14,90.04483032226562,43.14,70.8507308959961,43.14,76.27070617675781
43.150000000000006,85.89303588867188,43.15,98.41139221191406,43.150000000000006,89.78028106689453,43.15,70.88006591796875,43.15,75.8276596069336
43.16,85.59566497802734,43.16,98.30779266357422,43.16,89.47843170166016,43.16,70.91436767578125,43.16,75.34805297851562
43.17,85.25739288330078,43.17,98.2150421142578,43.17,89.13700103759766,43.17,70.95262908935547,43.17,74.822998046875
43.18,84.89334869384766,43.18,98.1360855102539,43.18000000000001,88.66304779052734,43.18,70.9975357055664,43.18,74.26545715332031
43.190000000000005,84.56663513183594,43.19,98.07181549072266,43.19,88.16071319580078,43.19,71.04759979248047,43.19,73.6936264038086
43.2,84.24181365966797,43.2,98.02144622802734,43.2,87.59927368164062,43.2,71.09894561767578,43.2,73.09835815429688
43.21,83.89906311035156,43.21,97.98834228515624,43.21,86.9599380493164,43.21,71.14794921875,43.21,72.52517700195312
43.220000000000006,83.50431823730469,43.22,97.9603500366211,43.22,86.2316665649414,43.22,71.18892669677734,43.22,71.95038604736328
43.23,83.07582092285156,43.23,97.96765899658205,43.23,85.46508026123047,43.23,71.22181701660156,43.23,71.35289001464844
43.24,82.60862731933594,43.24,98.00223541259766,43.24,84.60248565673828,43.24,71.2462158203125,43.24,70.76289367675781
43.25,82.1142578125,43.25,98.05318450927734,43.25,83.78555297851562,43.25,71.26763153076172,43.25,70.14714813232422
43.260000000000005,81.57496643066406,43.26,98.1137924194336,43.260000000000005,82.98130798339844,43.26,71.28428649902344,43.26,69.54617309570312
43.27,81.00675964355469,43.27,98.18435668945312,43.27,82.17410278320312,43.27,71.30487823486328,43.27,68.98885345458984
43.28,80.4494857788086,43.28,98.25208282470705,43.28,81.2589340209961,43.28,71.3173828125,43.28,68.4270248413086
43.29,79.92936706542969,43.29,98.32156372070312,43.290000000000006,80.2988052368164,43.29,71.33174133300781,43.29,67.85140991210938
43.3,79.46095275878906,43.3,98.38484954833984,43.3,79.46857452392578,43.3,71.35025787353516,43.3,67.25603485107422
43.31,78.99240112304688,43.31,98.44473266601562,43.31,78.70263671875,43.31,71.3685302734375,43.31,66.63543701171875
43.32,78.50223541259766,43.32,98.5136489868164,43.32000000000001,77.96309661865234,43.32,71.38440704345703,43.32,65.99605560302734
43.330000000000005,77.96683502197266,43.33,98.60628509521484,43.33,77.19464874267578,43.33,71.39791107177734,43.33,65.3401107788086
43.34,77.35498046875,43.34,98.7227020263672,43.34,76.39976501464844,43.34,71.41019439697266,43.34,64.7403335571289
43.35,76.696533203125,43.35,98.84720611572266,43.35,75.5628662109375,43.35,71.42062377929688,43.35,64.1216812133789
43.36,76.01556396484375,43.36,98.96232604980467,43.36,74.77307891845703,43.36,71.43610382080078,43.36,63.4128303527832
43.370000000000005,75.30243682861328,43.37,99.0572280883789,43.370000000000005,73.9602279663086,43.37,71.4487075805664,43.37,62.69179534912109
43.38,74.60892486572266,43.38,99.14636993408205,43.38,73.12650299072266,43.38,71.46961212158203,43.38,62.03083801269531
43.39,73.9646224975586,43.39,99.24699401855467,43.39,72.36770629882812,43.39,71.49596405029297,43.39,61.38772201538086
43.400000000000006,73.32359313964844,43.4,99.33649444580078,43.400000000000006,71.53948974609375,43.4,71.53117370605469,43.4,60.73777389526367
43.41,72.65045166015625,43.41,99.4261474609375,43.41,70.68730926513672,43.41,71.56731414794922,43.41,60.06583404541016
43.42,71.93045043945312,43.42,99.52706909179688,43.42,69.87767028808594,43.42,71.60848236083984,43.42,59.3497428894043
43.43,71.20980834960938,43.43,99.6391372680664,43.43000000000001,69.08534240722656,43.43,71.64948272705078,43.43,58.61408615112305
43.440000000000005,70.5126724243164,43.44,99.75772857666016,43.44,68.27574157714844,43.44,71.69682312011719,43.44,57.903541564941406
43.45,69.82278442382812,43.45,99.86402130126952,43.45,67.44153594970703,43.45,71.73406982421875,43.45,57.264530181884766
43.46,69.08484649658203,43.46,99.96125793457033,43.46,66.588134765625,43.46,71.79047393798828,43.46,56.68903350830078
43.470000000000006,68.2567367553711,43.47,100.0613784790039,43.47,65.65232849121094,43.47,71.858642578125,43.47,56.17274475097656
43.48,67.42515563964844,43.48,100.1635284423828,43.48,64.69218444824219,43.48,71.92668914794922,43.48,55.64996337890625
43.49,66.5943374633789,43.49,100.26358032226562,43.49,63.78450393676758,43.49,72.01415252685547,43.49,55.13487243652344
43.5,65.77803802490234,43.5,100.36388397216795,43.5,62.92933654785156,43.5,72.09992980957031,43.5,54.6303939819336
43.510000000000005,64.99939727783203,43.51,100.4718246459961,43.510000000000005,62.13512802124024,43.51,72.14608001708984,43.51,54.15754318237305
43.52,64.22706604003906,43.52,100.56624603271484,43.52,61.32474899291992,43.52,72.15826416015625,43.52,53.75154113769531
43.53,63.43369674682617,43.53,100.61917877197266,43.53,60.51243209838867,43.53,72.15998077392578,43.53,53.38590240478516
43.54,62.63296127319336,43.54,100.67467498779295,43.540000000000006,59.63345718383789,43.54,72.18489837646484,43.54,52.98433303833008
43.55,61.82857131958008,43.55,100.7225570678711,43.55,58.75090026855469,43.55,72.22471618652344,43.55,52.59413909912109
43.56,61.03501129150391,43.56,100.7807159423828,43.56,57.91398239135742,43.56,72.2697525024414,43.56,52.2724609375
43.57,60.23747634887695,43.57,100.88739013671876,43.57000000000001,57.06772613525391,43.57,72.32269287109375,43.57,51.9769287109375
43.580000000000005,59.389495849609375,43.58,101.01690673828124,43.58,56.21406555175781,43.58,72.36163330078125,43.58,51.74918746948242
43.59,58.55805587768555,43.59,101.17692565917967,43.59,55.39142990112305,43.59,72.35418701171875,43.59,51.43923568725586
43.6,57.763145446777344,43.6,101.33612823486328,43.6,54.61210250854492,43.6,72.31710052490234,43.6,51.05684661865234
43.61,56.89965438842773,43.61,101.47128295898438,43.61,53.7931022644043,43.61,72.26778411865234,43.61,50.78289794921875
43.620000000000005,56.04091262817383,43.62,101.59619903564452,43.620000000000005,52.93750381469727,43.62,72.23848724365234,43.62,50.56899642944336
43.63,55.163421630859375,43.63,101.67625427246094,43.63,52.12637710571289,43.63,72.2291030883789,43.63,50.29606246948242
43.64,54.20766830444336,43.64,101.76510620117188,43.64,51.3182258605957,43.64,72.23603820800781,43.64,50.12602996826172
43.650000000000006,53.25874328613281,43.65,101.87705993652344,43.650000000000006,50.50966644287109,43.65,72.26923370361328,43.65,50.05361557006836
43.66,52.316593170166016,43.66,102.00841522216795,43.66,49.7186164855957,43.66,72.30806732177734,43.66,50.03131866455078
43.67,51.42261505126953,43.67,102.13626861572266,43.67,48.93075180053711,43.67,72.33111572265625,43.67,49.97659683227539
43.68,50.55928421020508,43.68,102.26468658447266,43.68000000000001,48.14156723022461,43.68,72.34201049804688,43.68,49.82899856567383
43.690000000000005,49.68648147583008,43.69,102.39640808105467,43.69,47.35101318359375,43.69,72.34671020507812,43.69,49.5835189819336
43.7,48.81625747680664,43.7,102.51264190673828,43.7,46.55063629150391,43.7,72.3465805053711,43.7,49.37620162963867
43.71,47.939151763916016,43.71,102.59508514404295,43.71,45.70623397827149,43.71,72.34867858886719,43.71,49.330020904541016
43.720000000000006,47.04983901977539,43.72,102.67791748046876,43.72,44.85111999511719,43.72,72.37248229980469,43.72,49.454689025878906
43.73,46.1789436340332,43.73,102.78060913085938,43.73,43.99739074707031,43.73,72.40884399414062,43.73,49.752201080322266
43.74,45.27915954589844,43.74,102.86980438232422,43.74,43.11548614501953,43.74,72.43836975097656,43.74,50.09263610839844
43.75,44.350494384765625,43.75,102.98987579345705,43.75,42.2392807006836,43.75,72.45761108398438,43.75,50.3536262512207
43.760000000000005,43.41753768920898,43.76,103.09876251220705,43.760000000000005,41.38180923461914,43.76,72.47032165527344,43.76,50.52030944824219
43.77,42.48539733886719,43.77,103.22179412841795,43.77,40.54452133178711,43.77,72.48306274414062,43.77,50.63615417480469
43.78,41.524017333984375,43.78,103.33455657958984,43.78,39.70807647705078,43.78,72.48738098144531,43.78,50.82135772705078
43.79,40.57284164428711,43.79,103.46852111816406,43.790000000000006,38.85239791870117,43.79,72.47422790527344,43.79,51.127811431884766
43.8,39.65447616577149,43.8,103.60871124267578,43.8,38.01354217529297,43.8,72.45858001708984,43.8,51.50248336791992
43.81,38.76434326171875,43.81,103.7358627319336,43.81,37.19045639038086,43.81,72.44682312011719,43.81,51.91018295288086
43.82,37.87197113037109,43.82,103.87246704101562,43.82000000000001,36.37577438354492,43.82,72.4370346069336,43.82,52.30633163452149
43.830000000000005,36.98405075073242,43.83,104.00675201416016,43.83,35.57109451293945,43.83,72.4238510131836,43.83,52.65682220458984
43.84,36.11711883544922,43.84,104.16295623779295,43.84,34.773677825927734,43.84,72.40452575683594,43.84,53.04477691650391
43.85,35.296104431152344,43.85,104.31095123291016,43.85,33.93560028076172,43.85,72.38375091552734,43.85,53.44215393066406
43.86,34.510684967041016,43.86,104.4509048461914,43.86,33.14402770996094,43.86,72.3609848022461,43.86,53.89033508300781
43.870000000000005,33.746803283691406,43.87,104.5824203491211,43.870000000000005,32.37301254272461,43.87,72.3363037109375,43.87,54.36911392211914
43.88,33.005332946777344,43.88,104.69217681884766,43.88,31.61614227294922,43.88,72.30669403076172,43.88,54.83709335327149
43.89,32.28238296508789,43.89,104.79430389404295,43.89,30.88897132873535,43.89,72.26757049560547,43.89,55.300479888916016
43.900000000000006,31.584821701049805,43.9,104.8816909790039,43.900000000000006,30.174680709838867,43.9,72.22607421875,43.9,55.79244995117188
43.91,30.91790771484375,43.91,104.95340728759766,43.91,29.468231201171875,43.91,72.18932342529297,43.91,56.35362243652344
43.92,30.256816864013672,43.92,105.01827239990234,43.92,28.770671844482425,43.92,72.16117095947266,43.92,56.97998046875
43.93,29.606422424316406,43.93,105.0827407836914,43.93000000000001,28.0857048034668,43.93,72.14015197753906,43.93,57.58275985717773
43.940000000000005,28.97242546081543,43.94,105.13397979736328,43.94,27.4256591796875,43.94,72.11919403076172,43.94,58.12828826904297
43.95,28.35735511779785,43.95,105.16925048828124,43.95,26.7751579284668,43.95,72.09551239013672,43.95,58.667945861816406
43.96,27.75114822387696,43.96,105.20468139648438,43.96,26.130033493041992,43.96,72.07075500488281,43.96,59.23368453979492
43.970000000000006,27.147645950317383,43.97,105.20677185058594,43.97,25.49432182312012,43.97,72.04865264892578,43.97,59.83698272705078
43.98,26.551937103271484,43.98,105.19548797607422,43.98,24.8584098815918,43.98,72.02574157714844,43.98,60.44438934326172
43.99,25.96027946472168,43.99,105.15241241455078,43.99,24.225431442260746,43.99,72.0114974975586,43.99,61.026153564453125
44.0,25.35369110107422,44.0,105.10428619384766,44.0,23.576143264770508,44.0,72.00972747802734,44.0,61.571590423583984
44.010000000000005,24.747297286987305,44.01,105.02913665771484,44.010000000000005,22.97101402282715,44.01,72.00808715820312,44.01,62.11338806152344
44.02,24.14714813232422,44.02,104.94076538085938,44.02,22.41991233825684,44.02,72.0164794921875,44.02,62.702091217041016
44.03,23.552244186401367,44.03,104.83284759521484,44.03,21.89625358581543,44.03,72.03653717041016,44.03,63.340145111083984
44.04,22.955507278442383,44.04,104.71260833740234,44.040000000000006,21.400297164916992,44.04,72.0687484741211,44.04,64.03990936279297
44.05,22.36214828491211,44.05,104.58690643310548,44.05,20.970645904541016,44.05,72.10713958740234,44.05,64.76411437988281
44.06,21.794649124145508,44.06,104.46083068847656,44.06,20.574752807617188,44.06,72.15272521972656,44.06,65.44256591796875
44.07,21.25576400756836,44.07,104.33560943603516,44.07000000000001,20.191362380981445,44.07,72.19950103759766,44.07,66.04263305664062
44.080000000000005,20.7558708190918,44.08,104.2132568359375,44.08,19.87185287475586,44.08,72.2554931640625,44.08,66.60369110107422
44.09,20.29027557373047,44.09,104.09197235107422,44.09,19.582439422607425,44.09,72.3194580078125,44.09,67.14983367919922
44.1,19.865211486816406,44.1,103.97891235351562,44.1,19.31546211242676,44.1,72.38618469238281,44.1,67.72327423095703
44.11,19.488584518432617,44.11,103.87186431884766,44.11,19.05147171020508,44.11,72.45741271972656,44.11,68.34154510498047
44.120000000000005,19.15745735168457,44.12,103.7740249633789,44.120000000000005,18.81803321838379,44.12,72.53162384033203,44.12,68.98977661132812
44.13,18.87753295898437,44.13,103.68375396728516,44.13,18.627683639526367,44.13,72.60215759277344,44.13,69.64314270019531
44.14,18.62631607055664,44.14,103.60382080078124,44.14,18.407594680786133,44.14,72.66377258300781,44.14,70.29204559326172
44.150000000000006,18.397485733032227,44.15,103.52163696289062,44.150000000000006,18.171276092529297,44.15,72.70993041992188,44.15,70.93537139892578
44.16,18.200727462768555,44.16,103.4441146850586,44.16,17.963468551635742,44.16,72.7433090209961,44.16,71.54631042480469
44.17,18.02474021911621,44.17,103.36760711669922,44.17,17.698413848876953,44.17,72.75818634033203,44.17,72.10543823242188
44.18,17.854246139526367,44.18,103.2807846069336,44.18000000000001,17.41534423828125,44.18,72.75607299804688,44.18,72.6402359008789
44.190000000000005,17.673259735107422,44.19,103.20075988769533,44.19,17.166513442993164,44.19,72.74881744384766,44.19,73.21942901611328
44.2,17.486459732055664,44.2,103.1343765258789,44.2,16.955524444580078,44.2,72.7442855834961,44.2,73.84687805175781
44.21,17.312124252319336,44.21,103.07662200927734,44.21,16.823949813842773,44.21,72.73936462402344,44.21,74.4905014038086
44.220000000000006,17.13747215270996,44.22,103.0278778076172,44.22,16.57792091369629,44.22,72.73844146728516,44.22,75.10812377929688
44.23,16.960796356201172,44.23,102.99935913085938,44.23,16.361392974853516,44.23,72.74481964111328,44.23,75.6681137084961
44.24,16.794050216674805,44.24,102.98442840576172,44.24,16.14046287536621,44.24,72.7481460571289,44.24,76.19801330566406
44.25,16.621232986450195,44.25,102.95761108398438,44.25,15.924187660217283,44.25,72.74568176269531,44.25,76.71133422851562
44.260000000000005,16.455957412719727,44.26,102.93724060058594,44.260000000000005,15.725679397583008,44.26,72.73799133300781,44.26,77.21894073486328
44.27,16.302000045776367,44.27,102.91893005371094,44.27,15.593609809875488,44.27,72.72976684570312,44.27,77.70113372802734
44.28,16.149682998657227,44.28,102.90689849853516,44.28,15.523955345153809,44.28,72.72161102294922,44.28,78.17274475097656
44.29,16.001693725585938,44.29,102.88904571533205,44.290000000000006,15.361055374145508,44.29,72.7120361328125,44.29,78.62796783447266
44.3,15.85474967956543,44.3,102.85726928710938,44.3,15.223251342773438,44.3,72.70931243896484,44.3,79.06350708007812
44.31,15.7036714553833,44.31,102.83553314208984,44.31,15.130870819091797,44.31,72.71613311767578,44.31,79.48800659179688
44.32,15.553736686706545,44.32,102.8095245361328,44.32000000000001,15.059012413024902,44.32,72.73112487792969,44.32,79.90353393554688
44.330000000000005,15.400578498840332,44.33,102.77899932861328,44.33,15.065587997436523,44.33,72.75247955322266,44.33,80.298095703125
44.34,15.240588188171388,44.34,102.74036407470705,44.34,15.12429904937744,44.34,72.77427673339844,44.34,80.66893005371094
44.35,15.086877822875977,44.35,102.70582580566406,44.35,15.14297103881836,44.35,72.7961654663086,44.35,81.02374267578125
44.36,14.938193321228027,44.36,102.6580581665039,44.36,15.142641067504885,44.36,72.81777954101562,44.36,81.36491394042969
44.370000000000005,14.811631202697754,44.37,102.61334228515624,44.370000000000005,15.161986351013184,44.37,72.84010314941406,44.37,81.67906188964844
44.38,14.691242218017578,44.38,102.55390167236328,44.38,15.201313972473145,44.38,72.86166381835938,44.38,81.96697235107422
44.39,14.587470054626465,44.39,102.48728942871094,44.39,15.214738845825195,44.39,72.88312530517578,44.39,82.24052429199219
44.400000000000006,14.492501258850098,44.4,102.433837890625,44.400000000000006,15.22325611114502,44.4,72.90496063232422,44.4,82.50148010253906
44.41,14.420945167541504,44.41,102.3720703125,44.41,15.205033302307127,44.41,72.92757415771484,44.41,82.75772094726562
44.42,14.374374389648438,44.42,102.30270385742188,44.42,15.188424110412598,44.42,72.95246124267578,44.42,82.99366760253906
44.43,14.335758209228516,44.43,102.24513244628906,44.43000000000001,15.158794403076172,44.43,72.97489166259766,44.43,83.18512725830078
44.440000000000005,14.326931953430176,44.44,102.183349609375,44.44,15.116583824157717,44.44,72.9921875,44.44,83.35484313964844
44.45,14.327994346618652,44.45,102.12147521972656,44.45,15.068862915039062,44.45,73.00494384765625,44.45,83.50272369384766
44.46,14.259617805480955,44.46,102.0668716430664,44.46,15.03306770324707,44.46,73.01336669921875,44.46,83.65386199951172
44.470000000000006,14.1947660446167,44.47,102.01980590820312,44.47,14.99709701538086,44.47,73.01605987548828,44.47,83.83644104003906
44.48,14.13848114013672,44.48,101.97223663330078,44.48,14.95437717437744,44.48,73.01404571533203,44.48,84.02912902832031
44.49,14.087591171264648,44.49,101.93539428710938,44.49,14.909072875976562,44.49,73.00746154785156,44.49,84.19209289550781
44.5,14.032814979553224,44.5,101.90135192871094,44.5,14.87942123413086,44.5,72.99536895751953,44.5,84.33349609375
44.510000000000005,13.990585327148438,44.51,101.86876678466795,44.510000000000005,14.863179206848145,44.51,72.9771728515625,44.51,84.4796371459961
44.52,13.962318420410156,44.52,101.84025573730467,44.52,14.840248107910156,44.52,72.95342254638672,44.52,84.65782928466797
44.53,13.957908630371094,44.53,101.82298278808594,44.53,14.8258638381958,44.53,72.92560577392578,44.53,84.83911895751953
44.54,13.954648971557615,44.54,101.81049346923828,44.540000000000006,14.808012962341309,44.54,72.89363098144531,44.54,84.99114227294922
44.55,13.954243659973145,44.55,101.80142974853516,44.55,14.753240585327148,44.55,72.85753631591797,44.55,85.13706970214844
44.56,13.95657444000244,44.56,101.7971649169922,44.56,14.7186918258667,44.56,72.81665802001953,44.56,85.28052520751953
44.57,13.950827598571776,44.57,101.79580688476562,44.57000000000001,14.711572647094728,44.57,72.77861022949219,44.57,85.41542053222656
44.580000000000005,13.949847221374512,44.58,101.8017807006836,44.58,14.710676193237305,44.58,72.74237060546875,44.58,85.52436065673828
44.59,13.945369720458984,44.59,101.8051528930664,44.59,14.701943397521973,44.59,72.70587921142578,44.59,85.63886260986328
44.6,13.946562767028809,44.6,101.82119750976562,44.6,14.690103530883787,44.6,72.66716766357422,44.6,85.75654602050781
44.61,13.935322761535645,44.61,101.84064483642578,44.61,14.679412841796877,44.61,72.62959289550781,44.61,85.89208984375
44.620000000000005,13.91950511932373,44.62,101.86658477783205,44.620000000000005,14.668506622314451,44.62,72.59092712402344,44.62,86.03865051269531
44.63,13.894033432006836,44.63,101.89501190185548,44.63,14.664359092712402,44.63,72.55274963378906,44.63,86.18753814697266
44.64,13.864544868469238,44.64,101.93199920654295,44.64,14.65825653076172,44.64,72.51524353027344,44.64,86.31988525390625
44.650000000000006,13.837618827819824,44.65,101.97789764404295,44.650000000000006,14.64797306060791,44.65,72.47781372070312,44.65,86.43665313720703
44.66,13.809123039245604,44.66,102.02413177490234,44.66,14.647151947021484,44.66,72.43927001953125,44.66,86.56380462646484
44.67,13.78034782409668,44.67,102.06922149658205,44.67,14.63998031616211,44.67,72.39942932128906,44.67,86.69934844970703
44.68,13.74944019317627,44.68,102.10807800292967,44.68000000000001,14.636204719543455,44.68,72.35934448242188,44.68,86.81278991699219
44.690000000000005,13.716856956481934,44.69,102.1431884765625,44.69,14.6390380859375,44.69,72.32235717773438,44.69,86.92825317382812
44.7,13.685406684875488,44.7,102.18334197998048,44.7,14.62850570678711,44.7,72.29094696044922,44.7,87.05029296875
44.71,13.66062068939209,44.71,102.2194366455078,44.71,14.633310317993164,44.71,72.2647476196289,44.71,87.16476440429688
44.720000000000006,13.641155242919922,44.72,102.25833892822266,44.72,14.62014865875244,44.72,72.24534606933594,44.72,87.26084899902344
44.73,13.628087997436523,44.73,102.301513671875,44.73,14.623652458190918,44.73,72.23213958740234,44.73,87.3477783203125
44.74,13.618107795715332,44.74,102.33971405029295,44.74,14.61113166809082,44.74,72.22203826904297,44.74,87.43429565429688
44.75,13.611942291259766,44.75,102.37254333496094,44.75,14.604623794555664,44.75,72.21611785888672,44.75,87.50123596191406
44.760000000000005,13.600261688232422,44.76,102.40390014648438,44.760000000000005,14.597527503967283,44.76,72.21161651611328,44.76,87.56139373779297
44.77,13.591002464294434,44.77,102.43002319335938,44.77,14.566631317138672,44.77,72.20455169677734,44.77,87.6229476928711
44.78,13.585094451904297,44.78,102.45396423339844,44.78,14.538580894470217,44.78,72.20713806152344,44.78,87.6828842163086
44.79,13.587364196777344,44.79,102.47470092773438,44.790000000000006,14.507720947265623,44.79,72.20596313476562,44.79,87.73513793945312
44.8,13.611605644226074,44.8,102.4939956665039,44.8,14.493278503417969,44.8,72.20331573486328,44.8,87.78007507324219
44.81,13.643806457519531,44.81,102.50885772705078,44.81,14.481664657592772,44.81,72.20468139648438,44.81,87.8287124633789
44.82,13.65293025970459,44.82,102.52540588378906,44.82000000000001,14.471624374389648,44.82,72.20851135253906,44.82,87.88178253173828
44.830000000000005,13.665236473083496,44.83,102.5334014892578,44.83,14.46084976196289,44.83,72.20751190185547,44.83,87.9361343383789
44.84,13.672711372375488,44.84,102.5461196899414,44.84,14.449195861816406,44.84,72.2112045288086,44.84,87.99213409423828
44.85,13.691924095153809,44.85,102.552734375,44.85,14.45445728302002,44.85,72.21763610839844,44.85,88.04492950439453
44.86,13.710922241210938,44.86,102.5557098388672,44.86,14.454803466796877,44.86,72.22164916992188,44.86,88.0941390991211
44.870000000000005,13.729852676391602,44.87,102.55815887451172,44.870000000000005,14.448476791381836,44.87,72.22449493408203,44.87,88.14330291748047
44.88,13.734251022338867,44.88,102.56013488769533,44.88,14.439618110656738,44.88,72.22672271728516,44.88,88.18852233886719
44.89,13.73893928527832,44.89,102.5610122680664,44.89,14.443248748779297,44.89,72.22823333740234,44.89,88.2258529663086
44.900000000000006,13.730620384216309,44.9,102.56494140625,44.900000000000006,14.43132495880127,44.9,72.22906494140625,44.9,88.26238250732422
44.91,13.722917556762695,44.91,102.5679931640625,44.91,14.415897369384766,44.91,72.2308578491211,44.91,88.30957794189453
44.92,13.709532737731934,44.92,102.57110595703124,44.92,14.4003324508667,44.92,72.23377990722656,44.92,88.35245513916016
44.93,13.69700050354004,44.93,102.5721664428711,44.93000000000001,14.377195358276367,44.93,72.23644256591797,44.93,88.36756896972656
44.940000000000005,13.690048217773438,44.94,102.5722885131836,44.94,14.35626983642578,44.94,72.23636627197266,44.94,88.3740463256836
44.95,13.690519332885742,44.95,102.5718765258789,44.95,14.32651424407959,44.95,72.23526763916016,44.95,88.37384033203125
44.96,13.695591926574709,44.96,102.5732192993164,44.96,14.289562225341797,44.96,72.23155212402344,44.96,88.36691284179688
44.970000000000006,13.696523666381836,44.97,102.57565307617188,44.97,14.254758834838867,44.97,72.22693634033203,44.97,88.34891510009766
44.98,13.69039249420166,44.98,102.5770263671875,44.98,14.221722602844238,44.98,72.22248840332031,44.98,88.32374572753906
44.99,13.676589012145996,44.99,102.58102416992188,44.99,14.191295623779297,44.99,72.21648406982422,44.99,88.31083679199219
45.0,13.657052040100098,45.0,102.58728790283205,45.0,14.155338287353516,45.0,72.21062469482422,45.0,88.31832122802734
45.010000000000005,13.63804531097412,45.01,102.59654998779295,45.010000000000005,14.123831748962402,45.01,72.2041244506836,45.01,88.32439422607422
45.02,13.617900848388672,45.02,102.60848236083984,45.02,14.106231689453123,45.02,72.19741821289062,45.02,88.3285903930664
45.03,13.60292148590088,45.03,102.62201690673828,45.03,14.091940879821776,45.03,72.19222259521484,45.03,88.32823944091797
45.04,13.593892097473145,45.04,102.640625,45.040000000000006,14.081178665161133,45.04,72.18623352050781,45.04,88.3204345703125
45.05,13.589778900146484,45.05,102.66114044189452,45.05,14.076233863830566,45.05,72.17979431152344,45.05,88.30746459960938
45.06,13.591123580932615,45.06,102.68387603759766,45.06,14.07490348815918,45.06,72.17451477050781,45.06,88.29181671142578
45.07,13.59589385986328,45.07,102.71082305908205,45.07000000000001,14.076007843017578,45.07,72.16864013671875,45.07,88.27255249023438
45.080000000000005,13.59828758239746,45.08,102.7402572631836,45.08,14.080958366394045,45.08,72.16170501708984,45.08,88.25192260742188
45.09,13.599353790283203,45.09,102.77171325683594,45.09,14.091863632202148,45.09,72.15511322021484,45.09,88.22893524169922
45.1,13.59964370727539,45.1,102.80978393554688,45.1,14.106746673583984,45.1,72.14600372314453,45.1,88.21090698242188
45.11,13.59899616241455,45.11,102.85415649414062,45.11,14.12375831604004,45.11,72.13758087158203,45.11,88.19513702392578
45.120000000000005,13.59937572479248,45.12,102.88842010498048,45.120000000000005,14.141169548034668,45.12,72.12830352783203,45.12,88.17277526855469
45.13,13.594687461853027,45.13,102.92440032958984,45.13,14.159327507019045,45.13,72.119384765625,45.13,88.1480484008789
45.14,13.586380958557127,45.14,102.96306610107422,45.14,14.17811107635498,45.14,72.10916137695312,45.14,88.13114929199219
45.150000000000006,13.577199935913086,45.15,103.00243377685548,45.150000000000006,14.197406768798828,45.15,72.09852600097656,45.15,88.11715698242188
45.16,13.569854736328123,45.16,103.0418701171875,45.16,14.217255592346191,45.16,72.08720397949219,45.16,88.09648895263672
45.17,13.563899993896484,45.17,103.08193969726562,45.17,14.238977432250977,45.17,72.0771484375,45.17,88.0691146850586
45.18,13.56028938293457,45.18,103.12223815917967,45.18000000000001,14.261384963989258,45.18,72.06721496582031,45.18,88.03836059570312
45.190000000000005,13.560883522033691,45.19,103.16302490234376,45.19,14.287420272827148,45.19,72.05884552001953,45.19,88.00931549072266
45.2,13.560948371887209,45.2,103.20265197753906,45.2,14.313272476196287,45.2,72.05062866210938,45.2,87.98228454589844
45.21,13.563673973083496,45.21,103.23411560058594,45.21,14.338830947875977,45.21,72.04975128173828,45.21,87.95317840576172
45.220000000000006,13.569000244140623,45.22,103.26651763916016,45.22,14.3654203414917,45.22,72.04627227783203,45.22,87.92095947265625
45.23,13.576048851013184,45.23,103.2911605834961,45.23,14.39241886138916,45.23,72.04078674316406,45.23,87.88652801513672
45.24,13.584763526916504,45.24,103.3143081665039,45.24,14.41928005218506,45.24,72.03778076171875,45.24,87.84942626953125
45.25,13.592984199523926,45.25,103.34320068359376,45.25,14.445043563842772,45.25,72.03743743896484,45.25,87.81072235107422
45.260000000000005,13.602178573608398,45.26,103.36371612548828,45.260000000000005,14.470993041992188,45.26,72.03397369384766,45.26,87.77140808105469
45.27,13.613125801086426,45.27,103.38319396972656,45.27,14.495454788208008,45.27,72.0323257446289,45.27,87.73619842529297
45.28,13.62492561340332,45.28,103.40180206298828,45.28,14.515880584716797,45.28,72.0306625366211,45.28,87.70289611816406
45.29,13.636865615844728,45.29,103.41641998291016,45.290000000000006,14.530651092529297,45.29,72.02925109863281,45.29,87.67316436767578
45.3,13.65003776550293,45.3,103.42700958251952,45.3,14.536444664001465,45.3,72.02796936035156,45.3,87.64787292480469
45.31,13.662721633911133,45.31,103.4355697631836,45.31,14.535351753234863,45.31,72.0261001586914,45.31,87.62411499023438
45.32,13.673105239868164,45.32,103.44563293457033,45.32000000000001,14.532567024230955,45.32,72.02322387695312,45.32,87.59307098388672
45.330000000000005,13.6830472946167,45.33,103.45579528808594,45.33,14.5330810546875,45.33,72.02259063720703,45.33,87.56195831298828
45.34,13.695368766784668,45.34,103.46292877197266,45.34,14.53591537475586,45.34,72.02070617675781,45.34,87.5384750366211
45.35,13.710172653198242,45.35,103.4671401977539,45.35,14.535565376281738,45.35,72.01994323730469,45.35,87.52104187011719
45.36,13.726771354675291,45.36,103.46868896484376,45.36,14.535759925842283,45.36,72.0213851928711,45.36,87.50269317626953
45.370000000000005,13.739495277404783,45.37,103.46610260009766,45.370000000000005,14.532966613769531,45.37,72.02337646484375,45.37,87.47634887695312
45.38,13.747879028320312,45.38,103.46846771240234,45.38,14.52755069732666,45.38,72.02558898925781,45.38,87.451171875
45.39,13.752023696899414,45.39,103.4678955078125,45.39,14.51890468597412,45.39,72.02701568603516,45.39,87.4410400390625
45.400000000000006,13.75365161895752,45.4,103.4658660888672,45.400000000000006,14.51017951965332,45.4,72.03013610839844,45.4,87.4373779296875
45.41,13.757363319396973,45.41,103.46525573730467,45.41,14.500828742980955,45.41,72.0335922241211,45.41,87.42211151123047
45.42,13.75819969177246,45.42,103.46144104003906,45.42,14.48999309539795,45.42,72.03665924072266,45.42,87.40801239013672
45.43,13.759563446044922,45.43,103.45557403564452,45.43000000000001,14.474133491516112,45.43,72.0411148071289,45.43,87.40006256103516
45.440000000000005,13.758050918579102,45.44,103.44645690917967,45.44,14.459816932678224,45.44,72.04327392578125,45.44,87.39833068847656
45.45,13.75615406036377,45.45,103.4359359741211,45.45,14.452160835266112,45.45,72.04678344726562,45.45,87.40550994873047
45.46,13.754514694213867,45.46,103.42494201660156,45.46,14.444117546081545,45.46,72.05072021484375,45.46,87.4133529663086
45.470000000000006,13.752714157104492,45.47,103.41220092773438,45.47,14.436427116394045,45.47,72.05235290527344,45.47,87.42708587646484
45.48,13.749085426330566,45.48,103.40081024169922,45.48,14.425406455993652,45.48,72.05335998535156,45.48,87.43840789794922
45.49,13.745187759399414,45.49,103.39043426513672,45.49,14.409480094909668,45.49,72.05485534667969,45.49,87.44659423828125
45.5,13.739147186279297,45.5,103.37908172607422,45.5,14.38820743560791,45.5,72.05648040771484,45.5,87.45222473144531
45.510000000000005,13.737231254577637,45.51,103.36622619628906,45.510000000000005,14.372907638549805,45.51,72.0572280883789,45.51,87.45991516113281
45.52,13.737092971801758,45.52,103.3466567993164,45.52,14.367120742797852,45.52,72.05443572998047,45.52,87.4643325805664
45.53,13.738558769226074,45.53,103.32369232177734,45.53,14.365741729736328,45.53,72.05431365966797,45.53,87.46955871582031
45.54,13.741416931152344,45.54,103.30549621582033,45.540000000000006,14.36459255218506,45.54,72.05645751953125,45.54,87.46803283691406
45.55,13.743703842163086,45.55,103.29159545898438,45.55,14.365589141845703,45.55,72.05927276611328,45.55,87.46493530273438
45.56,13.74527359008789,45.56,103.28231048583984,45.56,14.365427017211914,45.56,72.06090545654297,45.56,87.46328735351562
45.57,13.74661922454834,45.57,103.28041076660156,45.57000000000001,14.363762855529783,45.57,72.06263732910156,45.57,87.46417236328125
45.580000000000005,13.74695110321045,45.58,103.27921295166016,45.58,14.36300563812256,45.58,72.06376647949219,45.58,87.45914459228516
45.59,13.742636680603027,45.59,103.2796630859375,45.59,14.365254402160645,45.59,72.06226348876953,45.59,87.44427490234375
45.6,13.739434242248535,45.6,103.28019714355467,45.6,14.369230270385742,45.6,72.05929565429688,45.6,87.43055725097656
45.61,13.741751670837402,45.61,103.28053283691406,45.61,14.375160217285156,45.61,72.05884552001953,45.61,87.41890716552734
45.620000000000005,13.74570369720459,45.62,103.28433990478516,45.620000000000005,14.381906509399414,45.62,72.05784606933594,45.62,87.40724182128906
45.63,13.748451232910156,45.63,103.29193878173828,45.63,14.389466285705566,45.63,72.05543518066406,45.63,87.39315795898438
45.64,13.75165843963623,45.64,103.296630859375,45.64,14.39711093902588,45.64,72.05196380615234,45.64,87.37938690185547
45.650000000000006,13.752055168151855,45.65,103.29895782470705,45.650000000000006,14.405052185058594,45.65,72.04771423339844,45.65,87.36710357666016
45.66,13.752068519592283,45.66,103.3082275390625,45.66,14.411845207214355,45.66,72.04607391357422,45.66,87.3536148071289
45.67,13.7526273727417,45.67,103.31451416015624,45.67,14.417316436767578,45.67,72.04447937011719,45.67,87.34037017822266
45.68,13.753594398498535,45.68,103.322509765625,45.68000000000001,14.42141056060791,45.68,72.04623413085938,45.68,87.32784271240234
45.690000000000005,13.75597858428955,45.69,103.3317642211914,45.69,14.422761917114258,45.69,72.04996490478516,45.69,87.3201904296875
45.7,13.7607421875,45.7,103.33668518066406,45.7,14.42224407196045,45.7,72.0501937866211,45.7,87.31578063964844
45.71,13.767796516418455,45.71,103.34304809570312,45.71,14.421170234680176,45.71,72.05035400390625,45.71,87.31184387207031
45.720000000000006,13.775300979614258,45.72,103.34748077392578,45.72,14.421403884887695,45.72,72.04856872558594,45.72,87.30259704589844
45.73,13.778594017028809,45.73,103.35096740722656,45.73,14.42030143737793,45.73,72.04811096191406,45.73,87.29194641113281
45.74,13.78006649017334,45.74,103.35602569580078,45.74,14.421066284179688,45.74,72.04674530029297,45.74,87.28057861328125
45.75,13.780435562133787,45.75,103.3625946044922,45.75,14.42119598388672,45.75,72.0454330444336,45.75,87.2683334350586
45.760000000000005,13.775527954101562,45.76,103.3673095703125,45.760000000000005,14.422423362731934,45.76,72.04573059082031,45.76,87.26273345947266
45.77,13.77036476135254,45.77,103.3738021850586,45.77,14.422526359558104,45.77,72.04598236083984,45.77,87.2682876586914
45.78,13.764010429382324,45.78,103.3787078857422,45.78,14.42160701751709,45.78,72.04603576660156,45.78,87.26656341552734
45.79,13.761578559875488,45.79,103.38272857666016,45.790000000000006,14.419828414916992,45.79,72.04519653320312,45.79,87.25513458251953
45.8,13.761022567749023,45.8,103.38764190673828,45.8,14.419991493225098,45.8,72.04467010498047,45.8,87.24575805664062
45.81,13.757980346679688,45.81,103.3924789428711,45.81,14.420969009399414,45.81,72.04293060302734,45.81,87.23812866210938
45.82,13.75323486328125,45.82,103.3968505859375,45.82000000000001,14.423518180847168,45.82,72.04312133789062,45.82,87.23338317871094
45.830000000000005,13.747539520263672,45.83,103.40471649169922,45.83,14.424328804016112,45.83,72.04143524169922,45.83,87.235595703125
45.84,13.747323989868164,45.84,103.41385650634766,45.84,14.428099632263184,45.84,72.04041290283203,45.84,87.22905731201172
45.85,13.745443344116213,45.85,103.42024993896484,45.85,14.431435585021973,45.85,72.0388412475586,45.85,87.22034454345703
45.86,13.745495796203612,45.86,103.42636108398438,45.86,14.436256408691406,45.86,72.03848266601562,45.86,87.21109771728516
45.870000000000005,13.747125625610352,45.87,103.4306411743164,45.870000000000005,14.439990997314451,45.87,72.03672790527344,45.87,87.20044708251953
45.88,13.750686645507812,45.88,103.43180847167967,45.88,14.444270133972168,45.88,72.03744506835938,45.88,87.19084930419922
45.89,13.752625465393066,45.89,103.4343719482422,45.89,14.448197364807127,45.89,72.0385971069336,45.89,87.1797866821289
45.900000000000006,13.755526542663574,45.9,103.43787384033205,45.900000000000006,14.451953887939451,45.9,72.03706359863281,45.9,87.1653823852539
45.91,13.760522842407228,45.91,103.4405288696289,45.91,14.456379890441896,45.91,72.03752136230469,45.91,87.15135192871094
45.92,13.766488075256348,45.92,103.44674682617188,45.92,14.461237907409668,45.92,72.03762817382812,45.92,87.1421890258789
45.93,13.773390769958496,45.93,103.45488739013672,45.93000000000001,14.466139793395996,45.93,72.03793334960938,45.93,87.13761138916016
45.940000000000005,13.776349067687988,45.94,103.45994567871094,45.94,14.468774795532228,45.94,72.03672790527344,45.94,87.13206481933594
45.95,13.780333518981934,45.95,103.46199798583984,45.95,14.471761703491213,45.95,72.03776550292969,45.95,87.12419128417969
45.96,13.783733367919922,45.96,103.4611358642578,45.96,14.47336769104004,45.96,72.04017639160156,45.96,87.11479187011719
45.970000000000006,13.786846160888672,45.97,103.46015167236328,45.97,14.476103782653809,45.97,72.04083251953125,45.97,87.11192321777344
45.98,13.78611946105957,45.98,103.46099090576172,45.98,14.47928524017334,45.98,72.04103088378906,45.98,87.10812377929688
45.99,13.787550926208496,45.99,103.46154022216795,45.99,14.48338794708252,45.99,72.04110717773438,45.99,87.09760284423828
46.0,13.788307189941406,46.0,103.46456146240234,46.0,14.485413551330566,46.0,72.04051208496094,46.0,87.08177947998047
46.010000000000005,13.789377212524414,46.01,103.4750518798828,46.010000000000005,14.487585067749023,46.01,72.03960418701172,46.01,87.06844329833984
46.02,13.788344383239746,46.02,103.48499298095705,46.02,14.489567756652832,46.02,72.03937530517578,46.02,87.05748748779297
46.03,13.785938262939451,46.03,103.49022674560548,46.03,14.491429328918455,46.03,72.0383529663086,46.03,87.04745483398438
46.04,13.783524513244627,46.04,103.49461364746094,46.040000000000006,14.494565963745115,46.04,72.04037475585938,46.04,87.03984832763672
46.05,13.780430793762209,46.05,103.49671936035156,46.05,14.498493194580078,46.05,72.04238891601562,46.05,87.0318374633789
46.06,13.779247283935549,46.06,103.50018310546876,46.06,14.503610610961914,46.06,72.04399871826172,46.06,87.0198745727539
46.07,13.777786254882812,46.07,103.5026626586914,46.07000000000001,14.50710391998291,46.07,72.04410552978516,46.07,87.0086669921875
46.080000000000005,13.775814056396484,46.08,103.5067367553711,46.08,14.509711265563965,46.08,72.04458618164062,46.08,86.99725341796875
46.09,13.773472785949709,46.09,103.50975799560548,46.09,14.51156234741211,46.09,72.04350280761719,46.09,86.98077392578125
46.1,13.771519660949709,46.1,103.5126495361328,46.1,14.514354705810549,46.1,72.04180908203125,46.1,86.96136474609375
46.11,13.766507148742676,46.11,103.51604461669922,46.11,14.518428802490234,46.11,72.04231262207031,46.11,86.94110107421875
46.120000000000005,13.76337718963623,46.12,103.5198745727539,46.120000000000005,14.524181365966797,46.12,72.0412368774414,46.12,86.92300415039062
46.13,13.76174259185791,46.13,103.52532196044922,46.13,14.528754234313965,46.13,72.04102325439453,46.13,86.90766906738281
46.14,13.760647773742676,46.14,103.52951049804688,46.14,14.534908294677734,46.14,72.041748046875,46.14,86.893798828125
46.150000000000006,13.76057243347168,46.15,103.53521728515624,46.150000000000006,14.54216194152832,46.15,72.0412368774414,46.15,86.88278198242188
46.16,13.76085376739502,46.16,103.54020690917967,46.16,14.550260543823242,46.16,72.03948974609375,46.16,86.8780517578125
46.17,13.760099411010742,46.17,103.54612731933594,46.17,14.556920051574709,46.17,72.0390396118164,46.17,86.8743896484375
46.18,13.76048469543457,46.18,103.55089569091795,46.18000000000001,14.564009666442873,46.18,72.03813171386719,46.18,86.8663330078125
46.190000000000005,13.76162338256836,46.19,103.5549087524414,46.19,14.570184707641602,46.19,72.03756713867188,46.19,86.8501968383789
46.2,13.763561248779297,46.2,103.56212615966795,46.2,14.576438903808594,46.2,72.03595733642578,46.2,86.83407592773438
46.21,13.764152526855469,46.21,103.56853485107422,46.21,14.582011222839355,46.21,72.03436279296875,46.21,86.81885528564453
46.220000000000006,13.768492698669434,46.22,103.57386779785156,46.22,14.58761501312256,46.22,72.03262329101562,46.22,86.80622863769531
46.23,13.769627571105955,46.23,103.5763931274414,46.23,14.5920991897583,46.23,72.03331756591797,46.23,86.7959213256836
46.24,13.772188186645508,46.24,103.57998657226562,46.24,14.598361015319824,46.24,72.03389739990234,46.24,86.78955841064453
46.25,13.772222518920898,46.25,103.58260345458984,46.25,14.600275993347168,46.25,72.03366088867188,46.25,86.78750610351562
46.260000000000005,13.772808074951172,46.26,103.58710479736328,46.260000000000005,14.602914810180664,46.26,72.03294372558594,46.26,86.78763580322266
46.27,13.772811889648438,46.27,103.59779357910156,46.27,14.6057767868042,46.27,72.03031921386719,46.27,86.7889633178711
46.28,13.77158546447754,46.28,103.60027313232422,46.28,14.608466148376465,46.28,72.03018188476562,46.28,86.78800201416016
46.29,13.773573875427246,46.29,103.60335540771484,46.290000000000006,14.611488342285156,46.29,72.03043365478516,46.29,86.7833023071289
46.3,13.774145126342772,46.3,103.6077651977539,46.3,14.61306095123291,46.3,72.0307388305664,46.3,86.77656555175781
46.31,13.774154663085938,46.31,103.614013671875,46.31,14.615094184875488,46.31,72.03040313720703,46.31,86.7766342163086
46.32,13.78286361694336,46.32,103.61792755126952,46.32000000000001,14.612147331237791,46.32,72.0303955078125,46.32,86.77644348144531
46.330000000000005,13.790380477905272,46.33,103.6212921142578,46.33,14.616243362426758,46.33,72.02489471435547,46.33,86.7675552368164
46.34,13.793532371520996,46.34,103.62482452392578,46.34,14.619928359985352,46.34,72.02639770507812,46.34,86.7610092163086
46.35,13.796239852905272,46.35,103.62924194335938,46.35,14.62331771850586,46.35,72.02836608886719,46.35,86.75906372070312
46.36,13.797688484191896,46.36,103.6303253173828,46.36,14.624120712280272,46.36,72.03060913085938,46.36,86.76490783691406
46.370000000000005,13.800861358642578,46.37,103.63168334960938,46.370000000000005,14.623642921447754,46.37,72.03267669677734,46.37,86.77291107177734
46.38,13.805224418640137,46.38,103.6290054321289,46.38,14.621467590332031,46.38,72.03495788574219,46.38,86.77803039550781
46.39,13.807283401489258,46.39,103.6253662109375,46.39,14.619763374328612,46.39,72.03612518310547,46.39,86.77949523925781
46.400000000000006,13.806554794311523,46.4,103.62126922607422,46.400000000000006,14.61994743347168,46.4,72.03828430175781,46.4,86.78089141845703
46.41,13.806363105773926,46.41,103.62232971191406,46.41,14.62228298187256,46.41,72.03849792480469,46.41,86.78276062011719
46.42,13.808001518249512,46.42,103.62407684326172,46.42,14.624563217163086,46.42,72.0378646850586,46.42,86.7816162109375
46.43,13.809428215026855,46.43,103.62863159179688,46.43000000000001,14.626340866088867,46.43,72.03678894042969,46.43,86.77178955078125
46.440000000000005,13.810359001159668,46.44,103.6322784423828,46.44,14.626032829284668,46.44,72.03665924072266,46.44,86.75881958007812
46.45,13.81391716003418,46.45,103.6303939819336,46.45,14.625969886779783,46.45,72.0348892211914,46.45,86.74305725097656
46.46,13.817608833312988,46.46,103.62905883789062,46.46,14.62435245513916,46.46,72.03290557861328,46.46,86.73040008544922
46.470000000000006,13.824658393859863,46.47,103.63191986083984,46.47,14.622368812561035,46.47,72.03176879882812,46.47,86.71743774414062
46.48,13.836042404174805,46.48,103.6338348388672,46.48,14.623148918151855,46.48,72.02997589111328,46.48,86.70759582519531
46.49,13.854684829711914,46.49,103.63312530517578,46.49,14.62348747253418,46.49,72.02561950683594,46.49,86.69578552246094
46.5,13.86721420288086,46.5,103.6297378540039,46.5,14.62368869781494,46.5,72.0242691040039,46.5,86.67878723144531
46.510000000000005,13.871152877807615,46.51,103.62824249267578,46.510000000000005,14.619040489196776,46.51,72.02741241455078,46.51,86.6611557006836
46.52,13.870704650878906,46.52,103.6262435913086,46.52,14.611138343811035,46.52,72.0306625366211,46.52,86.64305114746094
46.53,13.86628246307373,46.53,103.6213607788086,46.53,14.603554725646973,46.53,72.03459930419922,46.53,86.62271118164062
46.54,13.85840892791748,46.54,103.61702728271484,46.540000000000006,14.598931312561035,46.54,72.03793334960938,46.54,86.59844207763672
46.55,13.847153663635254,46.55,103.61119842529295,46.55,14.595728874206545,46.55,72.04219055175781,46.55,86.56777954101562
46.56,13.834833145141602,46.56,103.60133361816406,46.56,14.595497131347656,46.56,72.046630859375,46.56,86.5304183959961
46.57,13.82300853729248,46.57,103.58834075927734,46.57000000000001,14.597732543945312,46.57,72.0501937866211,46.57,86.4859619140625
46.580000000000005,13.80966854095459,46.58,103.57243347167967,46.58,14.603507041931152,46.58,72.05455017089844,46.58,86.44239044189453
46.59,13.79870319366455,46.59,103.55841064453124,46.59,14.611491203308104,46.59,72.05781555175781,46.59,86.3957748413086
46.6,13.791862487792969,46.6,103.54178619384766,46.6,14.612801551818848,46.6,72.0605697631836,46.6,86.34516906738281
46.61,13.783589363098145,46.61,103.51879119873048,46.61,14.61086654663086,46.61,72.06065368652344,46.61,86.29200744628906
46.620000000000005,13.778688430786133,46.62,103.50299835205078,46.620000000000005,14.618565559387209,46.62,72.05921936035156,46.62,86.23706817626953
46.63,13.78111457824707,46.63,103.49269104003906,46.63,14.629594802856444,46.63,72.0554428100586,46.63,86.18633270263672
46.64,13.79309368133545,46.64,103.48719024658205,46.64,14.642483711242676,46.64,72.05265045166016,46.64,86.14196014404297
46.650000000000006,13.80588150024414,46.65,103.49537658691406,46.650000000000006,14.653799057006836,46.65,72.0485610961914,46.65,86.1049575805664
46.66,13.820116996765137,46.66,103.50298309326172,46.66,14.667799949645996,46.66,72.04400634765625,46.66,86.07521057128906
46.67,13.82924747467041,46.67,103.51402282714844,46.67,14.67922019958496,46.67,72.03732299804688,46.67,86.0508804321289
46.68,13.839679718017578,46.68,103.52810668945312,46.68000000000001,14.69020938873291,46.68,72.02999877929688,46.68,86.030029296875
46.690000000000005,13.852289199829102,46.69,103.54357147216795,46.69,14.70309829711914,46.69,72.0211410522461,46.69,86.01156616210938
46.7,13.863780975341797,46.7,103.55925750732422,46.7,14.714296340942385,46.7,72.01233673095703,46.7,85.99700164794922
46.71,13.87413215637207,46.71,103.57302856445312,46.71,14.730063438415527,46.71,72.00814819335938,46.71,85.98118591308594
46.720000000000006,13.88180446624756,46.72,103.58849334716795,46.72,14.732922554016112,46.72,71.99901580810547,46.72,85.96707916259766
46.73,13.886651992797852,46.73,103.6013412475586,46.73,14.738571166992188,46.73,71.98678588867188,46.73,85.95826721191406
46.74,13.89301872253418,46.74,103.61624908447266,46.74,14.747600555419922,46.74,71.97917175292969,46.74,85.95094299316406
46.75,13.904178619384766,46.75,103.63406372070312,46.75,14.759297370910645,46.75,71.9693603515625,46.75,85.94529724121094
46.760000000000005,13.916422843933104,46.76,103.64631652832033,46.760000000000005,14.773898124694824,46.76,71.96002960205078,46.76,85.93775939941406
46.77,13.927992820739746,46.77,103.6572494506836,46.77,14.781083106994627,46.77,71.95356750488281,46.77,85.93048858642578
46.78,13.940265655517578,46.78,103.66358184814452,46.78,14.790781021118164,46.78,71.9471435546875,46.78,85.93155670166016
46.79,13.950725555419922,46.79,103.66664123535156,46.790000000000006,14.8018217086792,46.79,71.94136047363281,46.79,85.94670867919922
46.8,13.958789825439451,46.8,103.66676330566406,46.8,14.800333976745604,46.8,71.93793487548828,46.8,85.976806640625
46.81,13.965046882629396,46.81,103.66339874267578,46.81,14.796205520629885,46.81,71.93643951416016,46.81,85.9997787475586
46.82,13.975358963012695,46.82,103.65731048583984,46.82000000000001,14.791034698486328,46.82,71.93568420410156,46.82,86.01338195800781
46.830000000000005,13.987055778503418,46.83,103.64897918701172,46.83,14.78469181060791,46.83,71.93220520019531,46.83,86.02625274658203
46.84,13.993295669555664,46.84,103.63890075683594,46.84,14.77592658996582,46.84,71.9296875,46.84,86.04002380371094
46.85,13.998318672180176,46.85,103.62970733642578,46.85,14.767711639404297,46.85,71.93342590332031,46.85,86.04872131347656
46.86,14.007524490356444,46.86,103.61640167236328,46.86,14.75649356842041,46.86,71.939697265625,46.86,86.0599136352539
46.870000000000005,14.01917552947998,46.87,103.59904479980467,46.870000000000005,14.74410629272461,46.87,71.94789123535156,46.87,86.07125854492188
46.88,14.029526710510254,46.88,103.58377075195312,46.88,14.728652000427246,46.88,71.95598602294922,46.88,86.08131408691406
46.89,14.025492668151855,46.89,103.56480407714844,46.89,14.714378356933594,46.89,71.96238708496094,46.89,86.10021209716797
46.900000000000006,14.012293815612791,46.9,103.54385375976562,46.900000000000006,14.70002269744873,46.9,71.96903991699219,46.9,86.12152862548828
46.91,13.996533393859863,46.91,103.52300262451172,46.91,14.685938835144045,46.91,71.97712707519531,46.91,86.13430786132812
46.92,13.9747953414917,46.92,103.50355529785156,46.92,14.675397872924805,46.92,71.98446655273438,46.92,86.1350326538086
46.93,13.952516555786133,46.93,103.48499298095705,46.93000000000001,14.666428565979004,46.93,71.98814392089844,46.93,86.12562561035156
46.940000000000005,13.927610397338867,46.94,103.46745300292967,46.94,14.659553527832031,46.94,71.99364471435547,46.94,86.1274185180664
46.95,13.902155876159668,46.95,103.45227813720705,46.95,14.652424812316896,46.95,72.0005874633789,46.95,86.12714385986328
46.96,13.876656532287598,46.96,103.44005584716795,46.96,14.6474609375,46.96,72.00466918945312,46.96,86.13225555419922
46.970000000000006,13.85413932800293,46.97,103.4259262084961,46.97,14.643717765808104,46.97,72.00885009765625,46.97,86.1384506225586
46.98,13.832550048828123,46.98,103.4110870361328,46.98,14.644123077392578,46.98,72.01305389404297,46.98,86.15176391601562
46.99,13.812907218933104,46.99,103.40108489990234,46.99,14.642266273498535,46.99,72.0156021118164,46.99,86.16954803466797
47.0,13.79784107208252,47.0,103.39341735839844,47.0,14.644375801086426,47.0,72.01654052734375,47.0,86.19181060791016
47.010000000000005,13.786080360412598,47.01,103.38774871826172,47.010000000000005,14.64486598968506,47.01,72.01629638671875,47.01,86.21127319335938
47.02,13.774606704711914,47.02,103.382568359375,47.02,14.645384788513184,47.02,72.0157241821289,47.02,86.22318267822266
47.03,13.764105796813965,47.03,103.37784576416016,47.03,14.6442289352417,47.03,72.01298522949219,47.03,86.23632049560547
47.04,13.754002571105955,47.04,103.37712097167967,47.040000000000006,14.64345645904541,47.04,72.0103759765625,47.04,86.24989318847656
47.05,13.7445707321167,47.05,103.37864685058594,47.05,14.641853332519531,47.05,72.00679779052734,47.05,86.25730895996094
47.06,13.734572410583496,47.06,103.38549041748048,47.06,14.638368606567385,47.06,72.00297546386719,47.06,86.2640380859375
47.07,13.7266206741333,47.07,103.39385223388672,47.07000000000001,14.63402271270752,47.07,72.00113677978516,47.07,86.26637268066406
47.080000000000005,13.717239379882812,47.08,103.4021224975586,47.08,14.630064964294434,47.08,71.99864959716797,47.08,86.26762390136719
47.09,13.710457801818848,47.09,103.41020965576172,47.09,14.627812385559082,47.09,71.99624633789062,47.09,86.26603698730469
47.1,13.70617389678955,47.1,103.4183120727539,47.1,14.629125595092772,47.1,71.9930419921875,47.1,86.2686996459961
47.11,13.70806121826172,47.11,103.42931365966795,47.11,14.630868911743164,47.11,71.98968505859375,47.11,86.2759017944336
47.120000000000005,13.711565971374512,47.12,103.4367446899414,47.120000000000005,14.63181972503662,47.12,71.9844970703125,47.12,86.28275299072266
47.13,13.719594955444336,47.13,103.44232940673828,47.13,14.631304740905762,47.13,71.98090362548828,47.13,86.2885971069336
47.14,13.7293062210083,47.14,103.44896697998048,47.14,14.628425598144531,47.14,71.9788818359375,47.14,86.29154968261719
47.150000000000006,13.737669944763184,47.15,103.4565658569336,47.150000000000006,14.624038696289062,47.15,71.97481536865234,47.15,86.29450988769531
47.16,13.744677543640137,47.16,103.46302795410156,47.16,14.615890502929688,47.16,71.97224426269531,47.16,86.29940795898438
47.17,13.752974510192873,47.17,103.47035217285156,47.17,14.60718822479248,47.17,71.9698257446289,47.17,86.30866241455078
47.18,13.757741928100586,47.18,103.47410583496094,47.18000000000001,14.595270156860352,47.18,71.96780395507812,47.18,86.32113647460938
47.190000000000005,13.760117530822754,47.19,103.47449493408205,47.19,14.581382751464844,47.19,71.9668197631836,47.19,86.33467102050781
47.2,13.761846542358398,47.2,103.47380828857422,47.2,14.567493438720703,47.2,71.96614837646484,47.2,86.34761047363281
47.21,13.7637939453125,47.21,103.4721908569336,47.21,14.556034088134766,47.21,71.96648406982422,47.21,86.35517883300781
47.220000000000006,13.764580726623535,47.22,103.46849822998048,47.22,14.544987678527832,47.22,71.96746063232422,47.22,86.35677337646484
47.23,13.76780128479004,47.23,103.46273040771484,47.23,14.536405563354492,47.23,71.9658203125,47.23,86.36111450195312
47.24,13.768320083618164,47.24,103.46104431152344,47.24,14.530439376831056,47.24,71.9654769897461,47.24,86.371337890625
47.25,13.764171600341797,47.25,103.45848846435548,47.25,14.52470588684082,47.25,71.96570587158203,47.25,86.38524627685547
47.260000000000005,13.759156227111816,47.26,103.45589447021484,47.260000000000005,14.52080249786377,47.26,71.96730041503906,47.26,86.39984130859375
47.27,13.754868507385254,47.27,103.45291900634766,47.27,14.517224311828612,47.27,71.9717788696289,47.27,86.41095733642578
47.28,13.748515129089355,47.28,103.44987487792967,47.28,14.514419555664062,47.28,71.97412872314453,47.28,86.41305541992188
47.29,13.740419387817385,47.29,103.4456024169922,47.290000000000006,14.5115966796875,47.29,71.97468566894531,47.29,86.41256713867188
47.3,13.729890823364258,47.3,103.44129180908205,47.3,14.51006031036377,47.3,71.9733657836914,47.3,86.41261291503906
47.31,13.72016143798828,47.31,103.43621063232422,47.31,14.508760452270508,47.31,71.97126007080078,47.31,86.4122085571289
47.32,13.708083152770996,47.32,103.4308853149414,47.32000000000001,14.51087474822998,47.32,71.96654510498047,47.32,86.40777587890625
47.330000000000005,13.701333999633787,47.33,103.42587280273438,47.33,14.515679359436035,47.33,71.96023559570312,47.33,86.40092468261719
47.34,13.701403617858888,47.34,103.42322540283205,47.34,14.523574829101562,47.34,71.9537582397461,47.34,86.38343048095703
47.35,13.70036506652832,47.35,103.42396545410156,47.35,14.533720970153809,47.35,71.94775390625,47.35,86.35059356689453
47.36,13.70529556274414,47.36,103.4310073852539,47.36,14.54584503173828,47.36,71.94197845458984,47.36,86.3157730102539
47.370000000000005,13.716378211975098,47.37,103.44019317626952,47.370000000000005,14.559462547302246,47.37,71.93730163574219,47.37,86.28907775878906
47.38,13.72478199005127,47.38,103.45011138916016,47.38,14.574822425842283,47.38,71.93484497070312,47.38,86.26981353759766
47.39,13.733704566955566,47.39,103.45770263671876,47.39,14.589900970458984,47.39,71.93266296386719,47.39,86.25418853759766
47.400000000000006,13.741822242736816,47.4,103.46600341796876,47.400000000000006,14.607282638549805,47.4,71.92825317382812,47.4,86.24251556396484
47.41,13.751133918762209,47.41,103.4756088256836,47.41,14.627246856689451,47.41,71.92571258544922,47.41,86.23188018798828
47.42,13.76050853729248,47.42,103.48550415039062,47.42,14.650321006774902,47.42,71.9239501953125,47.42,86.22452545166016
47.43,13.771357536315918,47.43,103.4946517944336,47.43000000000001,14.67397403717041,47.43,71.9220962524414,47.43,86.21815490722656
47.440000000000005,13.78449249267578,47.44,103.5024185180664,47.44,14.696160316467283,47.44,71.92031860351562,47.44,86.20914459228516
47.45,13.800211906433104,47.45,103.50912475585938,47.45,14.717247009277344,47.45,71.9181137084961,47.45,86.19889068603516
47.46,13.81476593017578,47.46,103.5154266357422,47.46,14.735247611999512,47.46,71.9153060913086,47.46,86.17973327636719
47.470000000000006,13.82561492919922,47.47,103.51935577392578,47.47,14.75137424468994,47.47,71.91299438476562,47.47,86.16192626953125
47.48,13.8346529006958,47.48,103.52357482910156,47.48,14.766061782836914,47.48,71.91187286376953,47.48,86.1480712890625
47.49,13.839686393737791,47.49,103.52698516845705,47.49,14.778486251831056,47.49,71.90885925292969,47.49,86.1345443725586
47.5,13.842432022094728,47.5,103.53004455566406,47.5,14.786837577819824,47.5,71.90658569335938,47.5,86.12340545654297
47.510000000000005,13.84512996673584,47.51,103.5361328125,47.510000000000005,14.792472839355469,47.51,71.9088363647461,47.51,86.11531066894531
47.52,13.848184585571287,47.52,103.54398345947266,47.52,14.79590129852295,47.52,71.912841796875,47.52,86.10400390625
47.53,13.853384017944336,47.53,103.54721069335938,47.53,14.800162315368652,47.53,71.91986083984375,47.53,86.08612060546875
47.54,13.85457706451416,47.54,103.54730224609376,47.540000000000006,14.806239128112791,47.54,71.92890167236328,47.54,86.06139373779297
47.55,13.854729652404783,47.55,103.54690551757812,47.55,14.810423851013184,47.55,71.9368667602539,47.55,86.03011322021484
47.56,13.855069160461426,47.56,103.5443344116211,47.56,14.817914962768556,47.56,71.94482421875,47.56,86.00154113769531
47.57,13.85554313659668,47.57,103.54230499267578,47.57000000000001,14.82257843017578,47.57,71.95171356201172,47.57,85.969970703125
47.580000000000005,13.85462474822998,47.58,103.5426025390625,47.58,14.830262184143066,47.58,71.95723724365234,47.58,85.93299865722656
47.59,13.851947784423828,47.59,103.54044342041016,47.59,14.839323043823242,47.59,71.95975494384766,47.59,85.89158630371094
47.6,13.849018096923828,47.6,103.53857421875,47.6,14.85105037689209,47.6,71.95911407470703,47.6,85.84901428222656
47.61,13.846636772155762,47.61,103.53844451904295,47.61,14.85926342010498,47.61,71.95845794677734,47.61,85.81039428710938
47.620000000000005,13.834282875061035,47.62,103.5401382446289,47.620000000000005,14.865832328796388,47.62,71.95677947998047,47.62,85.77452087402344
47.63,13.829830169677734,47.63,103.54312896728516,47.63,14.86946964263916,47.63,71.95384979248047,47.63,85.73341369628906
47.64,13.84263801574707,47.64,103.55167388916016,47.64,14.879916191101074,47.64,71.94912719726562,47.64,85.69632720947266
47.650000000000006,13.856698989868164,47.65,103.56466674804688,47.650000000000006,14.888139724731444,47.65,71.94328308105469,47.65,85.66048431396484
47.66,13.866888999938965,47.66,103.57818603515624,47.66,14.89950180053711,47.66,71.934814453125,47.66,85.62981414794922
47.67,13.87940788269043,47.67,103.59278106689452,47.67,14.908133506774902,47.67,71.92546844482422,47.67,85.60274505615234
47.68,13.897448539733888,47.68,103.60797119140624,47.68000000000001,14.916046142578123,47.68,71.91423797607422,47.68,85.57704162597656
47.690000000000005,13.917559623718262,47.69,103.6233139038086,47.69,14.922277450561523,47.69,71.90272521972656,47.69,85.56024169921875
47.7,13.935447692871094,47.7,103.63743591308594,47.7,14.929235458374023,47.7,71.89116668701172,47.7,85.55176544189453
47.71,13.949891090393066,47.71,103.6509246826172,47.71,14.936646461486816,47.71,71.88026428222656,47.71,85.54335021972656
47.720000000000006,13.959029197692873,47.72,103.66593170166016,47.72,14.942943572998049,47.72,71.87156677246094,47.72,85.52982330322266
47.73,13.958187103271484,47.73,103.676513671875,47.73,14.95071792602539,47.73,71.85933685302734,47.73,85.5286636352539
47.74,13.950767517089844,47.74,103.6817398071289,47.74,14.961079597473145,47.74,71.84929656982422,47.74,85.5406265258789
47.75,13.941558837890623,47.75,103.68563079833984,47.75,14.967052459716797,47.75,71.84141540527344,47.75,85.52518463134766
47.760000000000005,13.931405067443848,47.76,103.68448638916016,47.760000000000005,14.97324275970459,47.76,71.8347396850586,47.76,85.48963165283203
47.77,13.91827392578125,47.77,103.68087005615234,47.77,14.971417427062988,47.77,71.82975006103516,47.77,85.46550750732422
47.78,13.905774116516112,47.78,103.68196105957033,47.78,14.967856407165527,47.78,71.82815551757812,47.78,85.45631408691406
47.79,13.8902587890625,47.79,103.67935943603516,47.790000000000006,14.966654777526855,47.79,71.82982635498047,47.79,85.44888305664062
47.8,13.876431465148926,47.8,103.6745147705078,47.8,14.96772003173828,47.8,71.83235931396484,47.8,85.4326171875
47.81,13.864490509033203,47.81,103.66677856445312,47.81,14.965706825256348,47.81,71.83805847167969,47.81,85.41156768798828
47.82,13.847864151000977,47.82,103.65856170654295,47.82000000000001,14.97202491760254,47.82,71.8476333618164,47.82,85.38969421386719
47.830000000000005,13.82995891571045,47.83,103.64974212646484,47.83,14.975619316101074,47.83,71.857421875,47.83,85.35659790039062
47.84,13.812172889709473,47.84,103.6396942138672,47.84,14.984177589416504,47.84,71.8663330078125,47.84,85.31121063232422
47.85,13.793879508972168,47.85,103.63018035888672,47.85,14.997284889221191,47.85,71.87542724609375,47.85,85.26174926757812
47.86,13.774927139282228,47.86,103.62039184570312,47.86,15.009254455566406,47.86,71.88532257080078,47.86,85.21957397460938
47.870000000000005,13.756617546081545,47.87,103.6097412109375,47.870000000000005,15.018065452575684,47.87,71.89449310302734,47.87,85.17879486083984
47.88,13.7421293258667,47.88,103.59893035888672,47.88,15.031397819519045,47.88,71.90262603759766,47.88,85.14456176757812
47.89,13.728496551513672,47.89,103.58407592773438,47.89,15.04746437072754,47.89,71.90946960449219,47.89,85.11386108398438
47.900000000000006,13.710887908935549,47.9,103.56513214111328,47.900000000000006,15.060714721679688,47.9,71.91414642333984,47.9,85.08267211914062
47.91,13.691790580749512,47.91,103.54818725585938,47.91,15.074677467346191,47.91,71.91751861572266,47.91,85.05450439453125
47.92,13.67201805114746,47.92,103.54051971435548,47.92,15.088031768798828,47.92,71.91864013671875,47.92,85.0295639038086
47.93,13.65784740447998,47.93,103.54126739501952,47.93000000000001,15.093286514282228,47.93,71.91692352294922,47.93,85.00572204589844
47.940000000000005,13.64549732208252,47.94,103.54934692382812,47.94,15.101520538330078,47.94,71.91295623779297,47.94,84.98182678222656
47.95,13.63575553894043,47.95,103.5615005493164,47.95,15.107938766479492,47.95,71.90753173828125,47.95,84.95891571044922
47.96,13.63403606414795,47.96,103.5762710571289,47.96,15.116706848144531,47.96,71.9024658203125,47.96,84.93488311767578
47.970000000000006,13.641172409057615,47.97,103.59158325195312,47.97,15.126405715942385,47.97,71.89405822753906,47.97,84.91181945800781
47.98,13.650962829589844,47.98,103.60845184326172,47.98,15.134431838989258,47.98,71.88401794433594,47.98,84.89076232910156
47.99,13.664379119873049,47.99,103.62593841552734,47.99,15.142046928405762,47.99,71.87555694580078,47.99,84.87545776367188
48.0,13.676149368286133,48.0,103.64418029785156,48.0,15.15011215209961,48.0,71.86404418945312,48.0,84.85865020751953
48.010000000000005,13.688250541687012,48.01,103.66094207763672,48.010000000000005,15.16110134124756,48.01,71.8555908203125,48.01,84.83450317382812
48.02,13.700478553771973,48.02,103.67587280273438,48.02,15.171584129333496,48.02,71.8482894897461,48.02,84.80860137939453
48.03,13.713628768920898,48.03,103.69176483154295,48.03,15.181192398071287,48.03,71.84088897705078,48.03,84.7908935546875
48.04,13.72938060760498,48.04,103.70426940917967,48.040000000000006,15.188437461853027,48.04,71.83439636230469,48.04,84.77906799316406
48.05,13.749383926391602,48.05,103.71522521972656,48.05,15.196688652038574,48.05,71.83101654052734,48.05,84.76671600341797
48.06,13.771533966064451,48.06,103.72624206542967,48.06,15.204715728759766,48.06,71.83098602294922,48.06,84.75315856933594
48.07,13.790848731994627,48.07,103.73352813720705,48.07000000000001,15.21175765991211,48.07,71.83270263671875,48.07,84.73895263671875
48.080000000000005,13.812788009643556,48.08,103.73612213134766,48.08,15.216711044311523,48.08,71.83561706542969,48.08,84.72486877441406
48.09,13.836109161376951,48.09,103.73932647705078,48.09,15.22109603881836,48.09,71.83834838867188,48.09,84.71224212646484
48.1,13.85355281829834,48.1,103.74432373046876,48.1,15.224891662597656,48.1,71.83918762207031,48.1,84.7055892944336
48.11,13.864871978759766,48.11,103.75003814697266,48.11,15.226847648620604,48.11,71.84098815917969,48.11,84.699951171875
48.120000000000005,13.871724128723145,48.12,103.75439453125,48.120000000000005,15.230547904968262,48.12,71.84476470947266,48.12,84.69734954833984
48.13,13.881111145019531,48.13,103.75523376464844,48.13,15.230506896972656,48.13,71.849853515625,48.13,84.69891357421875
48.14,13.892791748046877,48.14,103.75423431396484,48.14,15.228341102600098,48.14,71.85514068603516,48.14,84.70552825927734
48.150000000000006,13.897561073303224,48.15,103.75233459472656,48.150000000000006,15.224120140075684,48.15,71.8598403930664,48.15,84.7153549194336
48.16,13.902020454406738,48.16,103.74827575683594,48.16,15.21924877166748,48.16,71.8633041381836,48.16,84.72498321533203
48.17,13.905763626098633,48.17,103.74346160888672,48.17,15.212356567382812,48.17,71.86631774902344,48.17,84.73513793945312
48.18,13.909480094909668,48.18,103.73807525634766,48.18000000000001,15.204599380493164,48.18,71.8694076538086,48.18,84.74292755126953
48.190000000000005,13.910639762878418,48.19,103.73330688476562,48.19,15.195429801940918,48.19,71.87319946289062,48.19,84.75153350830078
48.2,13.907222747802734,48.2,103.7283172607422,48.2,15.186139106750488,48.2,71.87591552734375,48.2,84.76161193847656
48.21,13.902827262878418,48.21,103.72270965576172,48.21,15.178515434265137,48.21,71.8784408569336,48.21,84.77171325683594
48.220000000000006,13.899598121643066,48.22,103.72003936767578,48.22,15.17178440093994,48.22,71.88018035888672,48.22,84.77711486816406
48.23,13.894573211669922,48.23,103.71687316894533,48.23,15.164791107177734,48.23,71.88294982910156,48.23,84.77580261230469
48.24,13.89111042022705,48.24,103.7109603881836,48.24,15.160447120666504,48.24,71.88655853271484,48.24,84.77156829833984
48.25,13.888936042785645,48.25,103.70362854003906,48.25,15.159258842468262,48.25,71.89019775390625,48.25,84.77919006347656
48.260000000000005,13.887578010559082,48.26,103.6968994140625,48.260000000000005,15.1565580368042,48.26,71.89144134521484,48.26,84.78883361816406
48.27,13.887882232666016,48.27,103.6893081665039,48.27,15.155435562133787,48.27,71.895263671875,48.27,84.79138946533203
48.28,13.888294219970703,48.28,103.6828384399414,48.28,15.153048515319824,48.28,71.89785766601562,48.28,84.78974151611328
48.290000000000006,13.890270233154297,48.29,103.6757354736328,48.290000000000006,15.152162551879885,48.29,71.89969635009766,48.29,84.78741455078125
48.3,13.88941478729248,48.3,103.6693878173828,48.3,15.15191650390625,48.3,71.9017333984375,48.3,84.78839874267578
48.31,13.887142181396484,48.31,103.65973663330078,48.31,15.154221534729004,48.31,71.90147399902344,48.31,84.79216003417969
48.32,13.88378620147705,48.32,103.65184020996094,48.32000000000001,15.155506134033203,48.32,71.9020767211914,48.32,84.79484558105469
48.330000000000005,13.880855560302734,48.33,103.64618682861328,48.33,15.15679168701172,48.33,71.90047454833984,48.33,84.79395294189453
48.34,13.87696933746338,48.34,103.64116668701172,48.34,15.155553817749023,48.34,71.90058898925781,48.34,84.7906494140625
48.35,13.872603416442873,48.35,103.64285278320312,48.35,15.15220546722412,48.35,71.89730072021484,48.35,84.78376007080078
48.36,13.870627403259276,48.36,103.64483642578124,48.36,15.148088455200195,48.36,71.89590454101562,48.36,84.78020477294922
48.370000000000005,13.870401382446287,48.37,103.6499481201172,48.370000000000005,15.14549446105957,48.37,71.89146423339844,48.37,84.77816009521484
48.38,13.869397163391112,48.38,103.65850067138672,48.38,15.14050006866455,48.38,71.88816833496094,48.38,84.77252960205078
48.39,13.867057800292969,48.39,103.66854095458984,48.39,15.13694953918457,48.39,71.88028717041016,48.39,84.76606750488281
48.400000000000006,13.865816116333008,48.4,103.67488861083984,48.400000000000006,15.132052421569824,48.4,71.87789154052734,48.4,84.75765991210938
48.41,13.86673355102539,48.41,103.68611907958984,48.41,15.1273775100708,48.41,71.87499237060547,48.41,84.74958038330078
48.42,13.87221908569336,48.42,103.69454193115234,48.42,15.124340057373049,48.42,71.87164306640625,48.42,84.74540710449219
48.43,13.877991676330566,48.43,103.7023468017578,48.43000000000001,15.118597030639648,48.43,71.86951446533203,48.43,84.74302673339844
48.440000000000005,13.882503509521484,48.44,103.7156982421875,48.44,15.113306999206545,48.44,71.8660659790039,48.44,84.74642181396484
48.45,13.888104438781738,48.45,103.7216567993164,48.45,15.107627868652344,48.45,71.86155700683594,48.45,84.75360870361328
48.46,13.895808219909668,48.46,103.72779083251952,48.46,15.102754592895508,48.46,71.86168670654297,48.46,84.75851440429688
48.470000000000006,13.905467987060549,48.47,103.73941802978516,48.47,15.099059104919434,48.47,71.85551452636719,48.47,84.76018524169922
48.48,13.912839889526367,48.48,103.74817657470705,48.48,15.09450912475586,48.48,71.85381317138672,48.48,84.75773620605469
48.49,13.915145874023438,48.49,103.7619171142578,48.49,15.088592529296877,48.49,71.85218048095703,48.49,84.75933074951172
48.5,13.91501522064209,48.5,103.77043151855467,48.5,15.081104278564451,48.5,71.85030364990234,48.5,84.76698303222656
48.510000000000005,13.914158821105955,48.51,103.7746124267578,48.510000000000005,15.072783470153809,48.51,71.85197448730469,48.51,84.77611541748047
48.52,13.914462089538574,48.52,103.77667236328124,48.52,15.067275047302246,48.52,71.85213470458984,48.52,84.78228759765625
48.53,13.917681694030762,48.53,103.7796401977539,48.53,15.061850547790527,48.53,71.84961700439453,48.53,84.78409576416016
48.540000000000006,13.918819427490234,48.54,103.78421020507812,48.540000000000006,15.057595252990724,48.54,71.85047912597656,48.54,84.7857894897461
48.55,13.919246673583984,48.55,103.78511810302734,48.55,15.052438735961914,48.55,71.84823608398438,48.55,84.79083251953125
48.56,13.918780326843262,48.56,103.7852554321289,48.56,15.04837131500244,48.56,71.8473129272461,48.56,84.7963638305664
48.57,13.91786003112793,48.57,103.78677368164062,48.57000000000001,15.04454231262207,48.57,71.84620666503906,48.57,84.80409240722656
48.580000000000005,13.917943000793455,48.58,103.79450988769533,48.58,15.03971004486084,48.58,71.84313201904297,48.58,84.8125228881836
48.59,13.917622566223145,48.59,103.7983627319336,48.59,15.033514976501465,48.59,71.84549713134766,48.59,84.82286071777344
48.6,13.919089317321776,48.6,103.8035125732422,48.6,15.02844524383545,48.6,71.8450698852539,48.6,84.8354263305664
48.61,13.921551704406738,48.61,103.80689239501952,48.61,15.02651309967041,48.61,71.8462905883789,48.61,84.8462142944336
48.620000000000005,13.916170120239258,48.62,103.80745697021484,48.620000000000005,15.024055480957031,48.62,71.84514617919922,48.62,84.8521728515625
48.63,13.911580085754396,48.63,103.807861328125,48.63,15.02145004272461,48.63,71.84696197509766,48.63,84.86036682128906
48.64,13.90835189819336,48.64,103.80992889404295,48.64,15.020430564880373,48.64,71.84754180908203,48.64,84.86741638183594
48.650000000000006,13.904946327209473,48.65,103.81339263916016,48.650000000000006,15.018372535705566,48.65,71.847900390625,48.65,84.86939239501953
48.66,13.900693893432615,48.66,103.81656646728516,48.66,15.01702880859375,48.66,71.84709167480469,48.66,84.87287139892578
48.67,13.89594268798828,48.67,103.82180786132812,48.67,15.016121864318848,48.67,71.84762573242188,48.67,84.88385009765625
48.68,13.892038345336914,48.68,103.82763671875,48.68000000000001,15.01484203338623,48.68,71.84693908691406,48.68,84.89545440673828
48.690000000000005,13.889711380004885,48.69,103.8304672241211,48.69,15.012690544128418,48.69,71.8466567993164,48.69,84.90103149414062
48.7,13.890121459960938,48.7,103.83120727539062,48.7,15.009753227233888,48.7,71.84597778320312,48.7,84.90314483642578
48.71,13.888558387756348,48.71,103.83177185058594,48.71,15.00821590423584,48.71,71.84663391113281,48.71,84.90715789794922
48.720000000000006,13.890089988708496,48.72,103.83040618896484,48.72,15.008448600769045,48.72,71.84607696533203,48.72,84.91133880615234
48.73,13.89150047302246,48.73,103.83062744140624,48.73,15.008264541625977,48.73,71.84326934814453,48.73,84.91297912597656
48.74,13.889888763427734,48.74,103.82952117919922,48.74,15.00636863708496,48.74,71.83775329589844,48.74,84.91706085205078
48.75,13.888175964355469,48.75,103.83135223388672,48.75,15.004182815551758,48.75,71.83868408203125,48.75,84.92256164550781
48.760000000000005,13.891140937805176,48.76,103.83383178710938,48.760000000000005,15.001312255859377,48.76,71.83966064453125,48.76,84.92780303955078
48.77,13.893125534057615,48.77,103.83551788330078,48.77,14.99831771850586,48.77,71.84244537353516,48.77,84.92984008789062
48.78,13.896201133728027,48.78,103.83379364013672,48.78,14.99404525756836,48.78,71.84427642822266,48.78,84.9360580444336
48.790000000000006,13.899526596069336,48.79,103.8306655883789,48.790000000000006,14.991033554077148,48.79,71.8458251953125,48.79,84.94603729248047
48.8,13.905034065246582,48.8,103.82665252685548,48.8,14.98518180847168,48.8,71.8462905883789,48.8,84.9516830444336
48.81,13.914161682128906,48.81,103.82398223876952,48.81,14.978556632995604,48.81,71.84648895263672,48.81,84.95548248291016
48.82,13.924001693725586,48.82,103.82186126708984,48.82000000000001,14.974580764770508,48.82,71.84562683105469,48.82,84.96356964111328
48.830000000000005,13.932635307312012,48.83,103.821044921875,48.83,14.971435546875,48.83,71.84503173828125,48.83,84.97334289550781
48.84,13.937049865722656,48.84,103.81938934326172,48.84,14.96839427947998,48.84,71.84483337402344,48.84,84.98577117919922
48.85,13.935919761657717,48.85,103.8182373046875,48.85,14.96397876739502,48.85,71.84744262695312,48.85,84.99640655517578
48.86,13.93368148803711,48.86,103.81631469726562,48.86,14.959491729736328,48.86,71.84796142578125,48.86,85.00330352783203
48.870000000000005,13.93197536468506,48.87,103.81397247314452,48.870000000000005,14.953255653381348,48.87,71.85032653808594,48.87,85.01182556152344
48.88,13.930593490600586,48.88,103.81040954589844,48.88,14.948644638061523,48.88,71.85304260253906,48.88,85.02110290527344
48.89,13.93063735961914,48.89,103.805908203125,48.89,14.944047927856444,48.89,71.85523223876953,48.89,85.0255126953125
48.900000000000006,13.927515983581545,48.9,103.80210876464844,48.900000000000006,14.93972873687744,48.9,71.8563232421875,48.9,85.02590942382812
48.91,13.92705249786377,48.91,103.80069732666016,48.91,14.935587882995604,48.91,71.85753631591797,48.91,85.0258560180664
48.92,13.929000854492188,48.92,103.79682159423828,48.92,14.934709548950195,48.92,71.8592300415039,48.92,85.02466583251953
48.93,13.928929328918455,48.93,103.79261779785156,48.93000000000001,14.93337631225586,48.93,71.8609848022461,48.93,85.02597045898438
48.940000000000005,13.92697811126709,48.94,103.78631591796876,48.94,14.933914184570312,48.94,71.86405181884766,48.94,85.02760314941406
48.95,13.923215866088867,48.95,103.78096771240234,48.95,14.93570041656494,48.95,71.86756134033203,48.95,85.02649688720703
48.96,13.915534019470217,48.96,103.77494049072266,48.96,14.93959140777588,48.96,71.87028503417969,48.96,85.02310943603516
48.970000000000006,13.906859397888184,48.97,103.769775390625,48.97,14.94520092010498,48.97,71.87322998046875,48.97,85.01689147949219
48.98,13.895223617553713,48.98,103.76425170898438,48.98,14.953229904174805,48.98,71.87724304199219,48.98,85.0121078491211
48.99,13.883620262145996,48.99,103.75914764404295,48.99,14.960755348205566,48.99,71.87886047363281,48.99,85.00526428222656
49.0,13.872902870178224,49.0,103.75477600097656,49.0,14.968853950500488,49.0,71.88116455078125,49.0,84.99396514892578
49.010000000000005,13.86391258239746,49.01,103.74959564208984,49.010000000000005,14.97496509552002,49.01,71.8819580078125,49.01,84.9872055053711
49.02,13.854952812194824,49.02,103.74571990966795,49.02,14.980656623840332,49.02,71.88404846191406,49.02,84.98414611816406
49.03,13.846673965454102,49.03,103.74366760253906,49.03,14.984268188476562,49.03,71.8865966796875,49.03,84.98468017578125
49.040000000000006,13.841840744018556,49.04,103.74342346191406,49.040000000000006,14.989339828491213,49.04,71.8896255493164,49.04,84.9821548461914
49.05,13.837688446044922,49.05,103.74463653564452,49.05,14.996976852416992,49.05,71.8916244506836,49.05,84.97347259521484
49.06,13.8341703414917,49.06,103.74637603759766,49.06,15.004899978637695,49.06,71.89148712158203,49.06,84.96363067626953
49.07,13.829727172851562,49.07,103.74630737304688,49.07000000000001,15.01349925994873,49.07,71.89229583740234,49.07,84.9554672241211
49.080000000000005,13.824538230895996,49.08,103.74632263183594,49.08,15.02125644683838,49.08,71.89271545410156,49.08,84.94364929199219
49.09,13.820115089416504,49.09,103.74909210205078,49.09,15.02932834625244,49.09,71.88796997070312,49.09,84.92973327636719
49.1,13.816607475280762,49.1,103.75432586669922,49.1,15.036724090576172,49.1,71.88751220703125,49.1,84.9134521484375
49.11,13.814494132995604,49.11,103.76188659667967,49.11,15.044583320617676,49.11,71.88648223876953,49.11,84.8985595703125
49.120000000000005,13.809945106506348,49.12,103.76785278320312,49.120000000000005,15.05215835571289,49.12,71.8857650756836,49.12,84.88428497314453
49.13,13.808594703674316,49.13,103.77339935302734,49.13,15.059781074523926,49.13,71.88583374023438,49.13,84.87085723876953
49.14,13.810471534729004,49.14,103.7789535522461,49.14,15.067623138427734,49.14,71.88587951660156,49.14,84.86052703857422
49.150000000000006,13.812557220458984,49.15,103.78643035888672,49.150000000000006,15.077298164367676,49.15,71.88368225097656,49.15,84.84986114501953
49.16,13.817704200744627,49.16,103.79674530029295,49.16,15.08414077758789,49.16,71.88212585449219,49.16,84.84144592285156
49.17,13.82516098022461,49.17,103.80535125732422,49.17,15.090320587158203,49.17,71.87886810302734,49.17,84.83375549316406
49.18,13.833250045776367,49.18,103.81439208984376,49.18000000000001,15.094703674316406,49.18,71.87699127197266,49.18,84.82371520996094
49.190000000000005,13.84145450592041,49.19,103.82362365722656,49.19,15.100357055664062,49.19,71.8755874633789,49.19,84.8139877319336
49.2,13.849652290344238,49.2,103.83177947998048,49.2,15.10536003112793,49.2,71.87274932861328,49.2,84.8005599975586
49.21,13.861054420471191,49.21,103.83777618408205,49.21,15.111353874206545,49.21,71.87327575683594,49.21,84.78732299804688
49.220000000000006,13.86938190460205,49.22,103.84223175048828,49.22,15.11490249633789,49.22,71.8729248046875,49.22,84.77445983886719
49.23,13.874390602111816,49.23,103.84684753417967,49.23,15.117551803588867,49.23,71.8728256225586,49.23,84.76119232177734
49.24,13.879815101623535,49.24,103.85289764404295,49.24,15.119382858276367,49.24,71.87480163574219,49.24,84.74715423583984
49.25,13.887394905090332,49.25,103.85834503173828,49.25,15.120429039001465,49.25,71.87615966796875,49.25,84.73687744140625
49.260000000000005,13.894549369812012,49.26,103.86156463623048,49.260000000000005,15.12261199951172,49.26,71.87506866455078,49.26,84.72978210449219
49.27,13.900860786437988,49.27,103.8626480102539,49.27,15.126134872436523,49.27,71.8746337890625,49.27,84.7196273803711
49.28,13.90281105041504,49.28,103.8644027709961,49.28,15.13005828857422,49.28,71.87425994873047,49.28,84.7031478881836
49.290000000000006,13.90343952178955,49.29,103.86726379394533,49.290000000000006,15.13331127166748,49.29,71.8720474243164,49.29,84.68698120117188
49.3,13.905640602111816,49.3,103.87207794189452,49.3,15.136465072631836,49.3,71.8688735961914,49.3,84.6798095703125
49.31,13.908108711242676,49.31,103.87818908691406,49.31,15.136963844299316,49.31,71.86829376220703,49.31,84.67228698730469
49.32,13.913290977478027,49.32,103.88292694091795,49.32000000000001,15.137409210205078,49.32,71.8646240234375,49.32,84.66377258300781
49.330000000000005,13.915103912353516,49.33,103.88634490966795,49.33,15.137158393859863,49.33,71.86422729492188,49.33,84.65501403808594
49.34,13.915971755981444,49.34,103.88933563232422,49.34,15.138668060302734,49.34,71.8651351928711,49.34,84.65386962890625
49.35,13.917786598205566,49.35,103.8928680419922,49.35,15.139055252075195,49.35,71.8666000366211,49.35,84.6560287475586
49.36,13.920417785644531,49.36,103.89478302001952,49.36,15.13992977142334,49.36,71.86658477783203,49.36,84.65185546875
49.370000000000005,13.924484252929688,49.37,103.896728515625,49.370000000000005,15.139945030212402,49.37,71.86758422851562,49.37,84.64230346679688
49.38,13.928616523742676,49.38,103.89981079101562,49.38,15.140986442565918,49.38,71.86831665039062,49.38,84.63188171386719
49.39,13.933374404907228,49.39,103.90415954589844,49.39,15.140938758850098,49.39,71.86979675292969,49.39,84.62125396728516
49.400000000000006,13.937762260437012,49.4,103.9110336303711,49.400000000000006,15.141374588012695,49.4,71.8702621459961,49.4,84.61503601074219
49.41,13.94139575958252,49.41,103.91568756103516,49.41,15.141939163208008,49.41,71.86911010742188,49.41,84.61029815673828
49.42,13.942204475402832,49.42,103.91924285888672,49.42,15.143494606018066,49.42,71.868408203125,49.42,84.60952758789062
49.43,13.943154335021973,49.43,103.92234802246094,49.43000000000001,15.14522647857666,49.43,71.86808013916016,49.43,84.61079406738281
49.440000000000005,13.941198348999023,49.44,103.92390441894533,49.44,15.144582748413086,49.44,71.86863708496094,49.44,84.61094665527344
49.45,13.939929962158203,49.45,103.92543029785156,49.45,15.145206451416016,49.45,71.86962890625,49.45,84.60987854003906
49.46,13.938949584960938,49.46,103.92843627929688,49.46,15.146037101745604,49.46,71.86791229248047,49.46,84.60686492919922
49.470000000000006,13.937255859375,49.47,103.93286895751952,49.47,15.147212028503418,49.47,71.8682861328125,49.47,84.5987319946289
49.48,13.93666172027588,49.48,103.93560028076172,49.48,15.149191856384276,49.48,71.86820220947266,49.48,84.59135437011719
49.49,13.934001922607422,49.49,103.9396514892578,49.49,15.152361869812012,49.49,71.8671646118164,49.49,84.58500671386719
49.5,13.93662929534912,49.5,103.94489288330078,49.5,15.154264450073242,49.5,71.86772918701172,49.5,84.58040618896484
49.510000000000005,13.939372062683104,49.51,103.95178985595705,49.510000000000005,15.155523300170898,49.51,71.86820220947266,49.51,84.57270812988281
49.52,13.940776824951172,49.52,103.95883178710938,49.52,15.156238555908203,49.52,71.86941528320312,49.52,84.565185546875
49.53,13.944297790527344,49.53,103.96282196044922,49.53,15.15774154663086,49.53,71.87059020996094,49.53,84.55960845947266
49.540000000000006,13.94826889038086,49.54,103.96522521972656,49.540000000000006,15.160500526428224,49.54,71.87193298339844,49.54,84.5562744140625
49.55,13.952990531921388,49.55,103.96703338623048,49.55,15.162939071655272,49.55,71.87257385253906,49.55,84.5542984008789
49.56,13.954445838928224,49.56,103.96930694580078,49.56,15.165377616882324,49.56,71.87309265136719,49.56,84.54891204833984
49.57,13.955204963684082,49.57,103.97249603271484,49.57000000000001,15.16782283782959,49.57,71.87274932861328,49.57,84.54450225830078
49.580000000000005,13.955720901489258,49.58,103.97550964355467,49.58,15.169093132019045,49.58,71.87142944335938,49.58,84.54096984863281
49.59,13.957436561584473,49.59,103.97760772705078,49.59,15.17030906677246,49.59,71.87152862548828,49.59,84.5374526977539
49.6,13.9573392868042,49.6,103.9828872680664,49.6,15.173240661621094,49.6,71.86639404296875,49.6,84.53269958496094
49.61,13.954849243164062,49.61,103.98463439941406,49.61,15.175409317016602,49.61,71.86591339111328,49.61,84.52727508544922
49.620000000000005,13.953946113586426,49.62,103.9849624633789,49.620000000000005,15.17607307434082,49.62,71.86749267578125,49.62,84.52213287353516
49.63,13.95272445678711,49.63,103.98500061035156,49.63,15.175046920776367,49.63,71.86846923828125,49.63,84.51737976074219
49.64,13.953302383422852,49.64,103.98455810546876,49.64,15.174811363220217,49.64,71.869873046875,49.64,84.512451171875
49.650000000000006,13.954526901245115,49.65,103.98471069335938,49.650000000000006,15.17545223236084,49.65,71.86858367919922,49.65,84.50885009765625
49.66,13.958416938781738,49.66,103.98524475097656,49.66,15.175800323486328,49.66,71.86759948730469,49.66,84.50824737548828
49.67,13.96310329437256,49.67,103.98628997802734,49.67,15.175761222839355,49.67,71.86957550048828,49.67,84.50936889648438
49.68,13.970518112182615,49.68,103.9852294921875,49.68000000000001,15.175217628479004,49.68,71.87138366699219,49.68,84.50718688964844
49.690000000000005,13.972614288330078,49.69,103.98577880859376,49.69,15.173887252807615,49.69,71.87203979492188,49.69,84.50790405273438
49.7,13.97712230682373,49.7,103.98663330078124,49.7,15.172696113586426,49.7,71.87281799316406,49.7,84.5041732788086
49.71,13.97386360168457,49.71,103.9861831665039,49.71,15.170609474182127,49.71,71.87321472167969,49.71,84.50057220458984
49.720000000000006,13.968314170837402,49.72,103.98614501953124,49.72,15.169575691223145,49.72,71.87313079833984,49.72,84.50374603271484
49.73,13.96591091156006,49.73,103.9867935180664,49.73,15.169654846191406,49.73,71.87352752685547,49.73,84.50605010986328
49.74,13.96340560913086,49.74,103.98827362060548,49.74,15.169178009033203,49.74,71.87335968017578,49.74,84.50775909423828
49.75,13.961347579956056,49.75,103.99069213867188,49.75,15.168302536010742,49.75,71.87333679199219,49.75,84.50666809082031
49.760000000000005,13.9609956741333,49.76,103.99186706542967,49.760000000000005,15.167704582214355,49.76,71.87275695800781,49.76,84.50775146484375
49.77,13.960281372070312,49.77,103.9916763305664,49.77,15.167503356933594,49.77,71.87372589111328,49.77,84.50855255126953
49.78,13.958712577819824,49.78,103.99150848388672,49.78,15.168702125549316,49.78,71.87660217285156,49.78,84.5208740234375
49.790000000000006,13.958781242370604,49.79,103.99201202392578,49.790000000000006,15.168206214904783,49.79,71.87779998779297,49.79,84.52112579345703
49.8,13.958999633789062,49.8,103.9915542602539,49.8,15.167757987976074,49.8,71.87804412841797,49.8,84.51988220214844
49.81,13.956585884094238,49.81,103.99234771728516,49.81,15.16716480255127,49.81,71.87760925292969,49.81,84.51863098144531
49.82,13.954254150390623,49.82,103.9933090209961,49.82000000000001,15.16824436187744,49.82,71.87757873535156,49.82,84.51830291748047
49.830000000000005,13.951851844787598,49.83,103.99466705322266,49.83,15.170597076416016,49.83,71.87667846679688,49.83,84.5154037475586
49.84,13.950623512268066,49.84,103.99848175048828,49.84,15.171987533569336,49.84,71.8761978149414,49.84,84.51145935058594
49.85,13.94687271118164,49.85,104.0010757446289,49.85,15.173110961914062,49.85,71.87700653076172,49.85,84.5126724243164
49.86,13.945260047912598,49.86,104.00234985351562,49.86,15.17255401611328,49.86,71.87771606445312,49.86,84.51203918457031
49.870000000000005,13.94430160522461,49.87,104.00277709960938,49.870000000000005,15.17084789276123,49.87,71.87715911865234,49.87,84.50720977783203
49.88,13.94407844543457,49.88,104.00231170654295,49.88,15.170354843139648,49.88,71.87692260742188,49.88,84.50316619873047
49.89,13.947134971618652,49.89,104.00238800048828,49.89,15.171394348144531,49.89,71.8759536743164,49.89,84.5031967163086
49.900000000000006,13.951455116271973,49.9,104.0045166015625,49.900000000000006,15.171281814575195,49.9,71.87505340576172,49.9,84.50220489501953
49.91,13.95232391357422,49.91,104.00839233398438,49.91,15.17193603515625,49.91,71.873046875,49.91,84.49968719482422
49.92,13.952536582946776,49.92,104.01132202148438,49.92,15.17245864868164,49.92,71.87232208251953,49.92,84.49691772460938
49.93,13.956050872802734,49.93,104.0126953125,49.93000000000001,15.172067642211914,49.93,71.87284088134766,49.93,84.49600219726562
49.940000000000005,13.958284378051758,49.94,104.0131378173828,49.94,15.170944213867188,49.94,71.87370300292969,49.94,84.49192810058594
49.95,13.954163551330566,49.95,104.0146942138672,49.95,15.17243480682373,49.95,71.87260437011719,49.95,84.49081420898438
49.96,13.951242446899414,49.96,104.01531982421876,49.96,15.172517776489258,49.96,71.87338256835938,49.96,84.4875259399414
49.970000000000006,13.951130867004396,49.97,104.0155258178711,49.97,15.172523498535156,49.97,71.87603759765625,49.97,84.48148345947266
49.98,13.95312786102295,49.98,104.01539611816406,49.98,15.171832084655762,49.98,71.87617492675781,49.98,84.47550964355469
49.99,13.954864501953123,49.99,104.0149917602539,49.99,15.171570777893066,49.99,71.87692260742188,49.99,84.47570037841797
50.0,13.955517768859863,50.0,104.01437377929688,50.0,15.170802116394045,50.0,71.87743377685547,50.0,84.47773742675781
50.010000000000005,13.956744194030762,50.01,104.01280975341795,50.010000000000005,15.171500205993652,50.01,71.8769760131836,50.01,84.47562408447266
50.02,13.954842567443848,50.02,104.01181030273438,50.02,15.16940212249756,50.02,71.87763214111328,50.02,84.47259521484375
50.03,13.951589584350586,50.03,104.0136489868164,50.03,15.166237831115724,50.03,71.87821960449219,50.03,84.470458984375
50.040000000000006,13.947914123535156,50.04,104.01502990722656,50.040000000000006,15.162433624267578,50.04,71.87796783447266,50.04,84.46810150146484
50.05,13.941934585571287,50.05,104.01519012451172,50.05,15.158262252807615,50.05,71.87838745117188,50.05,84.46781158447266
50.06,13.934087753295898,50.06,104.0168914794922,50.06,15.156195640563965,50.06,71.87971496582031,50.06,84.4719467163086
50.07,13.930240631103516,50.07,104.0190658569336,50.07000000000001,15.154437065124512,50.07,71.87885284423828,50.07,84.47386932373047
50.080000000000005,13.92794132232666,50.08,104.01966857910156,50.08,15.153726577758787,50.08,71.87889099121094,50.08,84.47393035888672
50.09,13.92717170715332,50.09,104.0196533203125,50.09,15.153634071350098,50.09,71.879150390625,50.09,84.47272491455078
50.1,13.92668342590332,50.1,104.02022552490234,50.1,15.155311584472656,50.1,71.88027954101562,50.1,84.4723892211914
50.11,13.924717903137209,50.11,104.02056121826172,50.11,15.157097816467283,50.11,71.88059997558594,50.11,84.47623443603516
50.120000000000005,13.921109199523926,50.12,104.0217742919922,50.120000000000005,15.159172058105469,50.12,71.88069152832031,50.12,84.4820556640625
50.13,13.92065715789795,50.13,104.02205657958984,50.13,15.158204078674316,50.13,71.88041687011719,50.13,84.48347473144531
50.14,13.919330596923828,50.14,104.02297973632812,50.14,15.156798362731934,50.14,71.87933349609375,50.14,84.47997283935547
50.150000000000006,13.917112350463867,50.15,104.02721405029295,50.150000000000006,15.155673027038574,50.15,71.87904357910156,50.15,84.48009490966797
50.16,13.916269302368164,50.16,104.03086853027344,50.16,15.155524253845217,50.16,71.87798309326172,50.16,84.47990417480469
50.17,13.911882400512695,50.17,104.03423309326172,50.17,15.156028747558594,50.17,71.87842559814453,50.17,84.47991180419922
50.18,13.907148361206056,50.18,104.03772735595705,50.18000000000001,15.158273696899414,50.18,71.87893676757812,50.18,84.47808837890625
50.190000000000005,13.9046630859375,50.19,104.04102325439452,50.19,15.15910530090332,50.19,71.87818145751953,50.19,84.47650909423828
50.2,13.90421199798584,50.2,104.04427337646484,50.2,15.16037368774414,50.2,71.87677764892578,50.2,84.47523498535156
50.21,13.901352882385254,50.21,104.04725646972656,50.21,15.160804748535156,50.21,71.8748550415039,50.21,84.47418212890625
50.220000000000006,13.899333000183104,50.22,104.05335998535156,50.22,15.162177085876465,50.22,71.87010955810547,50.22,84.4716567993164
50.23,13.898094177246094,50.23,104.0582504272461,50.23,15.162419319152832,50.23,71.87003326416016,50.23,84.47274780273438
50.24,13.898298263549805,50.24,104.06096649169922,50.24,15.162423133850098,50.24,71.87073516845703,50.24,84.47219848632812
50.25,13.89702606201172,50.25,104.06300354003906,50.25,15.161332130432127,50.25,71.87078857421875,50.25,84.47037506103516
50.260000000000005,13.897339820861816,50.26,104.06360626220705,50.260000000000005,15.16010570526123,50.26,71.87040710449219,50.26,84.47328186035156
50.27,13.900996208190918,50.27,104.06295776367188,50.27,15.15743350982666,50.27,71.87065124511719,50.27,84.4788589477539
50.28,13.906935691833496,50.28,104.0632553100586,50.28,15.155329704284668,50.28,71.86969757080078,50.28,84.48226928710938
50.290000000000006,13.91185474395752,50.29,104.06478881835938,50.290000000000006,15.152420043945312,50.29,71.87034606933594,50.29,84.47615814208984
50.3,13.913498878479004,50.3,104.06490325927734,50.3,15.149768829345703,50.3,71.869873046875,50.3,84.47393035888672
50.31,13.909915924072266,50.31,104.0644073486328,50.31,15.147591590881348,50.31,71.86956024169922,50.31,84.4778823852539
50.32,13.90229606628418,50.32,104.06302642822266,50.32000000000001,15.142671585083008,50.32,71.86979675292969,50.32,84.48065948486328
50.330000000000005,13.896079063415527,50.33,104.0625991821289,50.33,15.137197494506836,50.33,71.86962127685547,50.33,84.48435974121094
50.34,13.891958236694336,50.34,104.0592269897461,50.34,15.13133716583252,50.34,71.86979675292969,50.34,84.48844909667969
50.35,13.88974952697754,50.35,104.05736541748048,50.35,15.12729549407959,50.35,71.87057495117188,50.35,84.49368286132812
50.36,13.885649681091309,50.36,104.05726623535156,50.36,15.12421989440918,50.36,71.8683853149414,50.36,84.4999008178711
50.370000000000005,13.884766578674316,50.37,104.05593872070312,50.370000000000005,15.12209129333496,50.37,71.86853790283203,50.37,84.51013946533203
50.38,13.88376522064209,50.38,104.05479431152344,50.38,15.119867324829102,50.38,71.86906433105469,50.38,84.52424621582031
50.39,13.883733749389648,50.39,104.05461120605467,50.39,15.11794662475586,50.39,71.87030029296875,50.39,84.53723907470703
50.400000000000006,13.882834434509276,50.4,104.05252075195312,50.400000000000006,15.114808082580566,50.4,71.87045288085938,50.4,84.54698181152344
50.41,13.878351211547852,50.41,104.0491180419922,50.41,15.112083435058594,50.41,71.87202453613281,50.41,84.5561752319336
50.42,13.869399070739746,50.42,104.04529571533205,50.42,15.109472274780272,50.42,71.87173461914062,50.42,84.56344604492188
50.43,13.859487533569336,50.43,104.0413055419922,50.43000000000001,15.108526229858398,50.43,71.8728256225586,50.43,84.57122802734375
50.440000000000005,13.851869583129885,50.44,104.03852081298828,50.44,15.107307434082031,50.44,71.87443542480469,50.44,84.5773696899414
50.45,13.84263801574707,50.45,104.03578186035156,50.45,15.105319023132324,50.45,71.87480926513672,50.45,84.58399200439453
50.46,13.835076332092283,50.46,104.03257751464844,50.46,15.102985382080078,50.46,71.87532806396484,50.46,84.58931732177734
50.470000000000006,13.827401161193848,50.47,104.03096771240234,50.47,15.10092067718506,50.47,71.8753662109375,50.47,84.59599304199219
50.48,13.821712493896484,50.48,104.03055572509766,50.48,15.100656509399414,50.48,71.87476348876953,50.48,84.60391998291016
50.49,13.81764316558838,50.49,104.03477478027344,50.49,15.10218620300293,50.49,71.87245178222656,50.49,84.60923767089844
50.5,13.814135551452637,50.5,104.03606414794922,50.5,15.105143547058104,50.5,71.87059020996094,50.5,84.61265563964844
50.510000000000005,13.81045627593994,50.51,104.03731536865234,50.510000000000005,15.106388092041016,50.51,71.8697738647461,50.51,84.61559295654297
50.52,13.805285453796388,50.52,104.03971099853516,50.52,15.108613014221191,50.52,71.86917114257812,50.52,84.61758422851562
50.53,13.800958633422852,50.53,104.0409698486328,50.53,15.108741760253906,50.53,71.86865234375,50.53,84.61620330810547
50.540000000000006,13.796180725097656,50.54,104.04241180419922,50.540000000000006,15.109764099121094,50.54,71.86688232421875,50.54,84.61679077148438
50.55,13.793270111083984,50.55,104.04338836669922,50.55,15.110469818115234,50.55,71.86576843261719,50.55,84.6196060180664
50.56,13.793021202087402,50.56,104.04437255859376,50.56,15.11080265045166,50.56,71.86592864990234,50.56,84.6239013671875
50.57,13.794023513793944,50.57,104.04542541503906,50.57000000000001,15.110023498535156,50.57,71.8663330078125,50.57,84.62858581542969
50.580000000000005,13.796536445617676,50.58,104.045654296875,50.58,15.1088228225708,50.58,71.86661529541016,50.58,84.63566589355469
50.59,13.798924446105955,50.59,104.04763793945312,50.59,15.106839179992676,50.59,71.86551666259766,50.59,84.64057159423828
50.6,13.798128128051758,50.6,104.04883575439452,50.6,15.103752136230469,50.6,71.86473083496094,50.6,84.6443862915039
50.61000000000001,13.796136856079102,50.61,104.04918670654295,50.61,15.099328994750977,50.61,71.86434936523438,50.61,84.65403747558594
50.62,13.793925285339355,50.62,104.05003356933594,50.620000000000005,15.096221923828123,50.62,71.86486053466797,50.62,84.6675796508789
50.63,13.795516967773438,50.63,104.04876708984376,50.63,15.092181205749512,50.63,71.86507415771484,50.63,84.6794204711914
50.64000000000001,13.794968605041504,50.64,104.04806518554688,50.64,15.089184761047363,50.64,71.86632537841797,50.64,84.68815612792969
50.65,13.793149948120115,50.65,104.0475845336914,50.650000000000006,15.086996078491213,50.65,71.86558532714844,50.65,84.69644927978516
50.66,13.791797637939451,50.66,104.04772186279295,50.66,15.084527969360352,50.66,71.86688232421875,50.66,84.70459747314453
50.67000000000001,13.790931701660156,50.67,104.04671478271484,50.67,15.081459999084473,50.67,71.86595153808594,50.67,84.71051788330078
50.68,13.79103660583496,50.68,104.04650115966795,50.68000000000001,15.076545715332031,50.68,71.86588287353516,50.68,84.71439361572266
50.690000000000005,13.789312362670898,50.690000000000005,104.04718780517578,50.69,15.071178436279297,50.69,71.86569213867188,50.69,84.7176284790039
50.7,13.788870811462402,50.7,104.04711151123048,50.7,15.064915657043455,50.7,71.86489868164062,50.7,84.7234115600586
50.71,13.78484344482422,50.71,104.04766082763672,50.71000000000001,15.060559272766112,50.71,71.86384582519531,50.71,84.73441314697266
50.720000000000006,13.781380653381348,50.720000000000006,104.04681396484376,50.72,15.054359436035156,50.72,71.86381530761719,50.72,84.74655151367188
50.73,13.780303001403809,50.73,104.04590606689452,50.73,15.050114631652832,50.73,71.86507415771484,50.73,84.7578125
50.74,13.780574798583984,50.74,104.04830932617188,50.74000000000001,15.045756340026855,50.74,71.86439514160156,50.74,84.77233123779297
50.75000000000001,13.779842376708984,50.74999999999999,104.04727172851562,50.75,15.04239273071289,50.75,71.86412811279297,50.75,84.78718566894531
50.76,13.778328895568848,50.76,104.0460968017578,50.760000000000005,15.037772178649902,50.76,71.8640365600586,50.76,84.80170440673828
50.77,13.779431343078612,50.77,104.04531860351562,50.77000000000001,15.032246589660645,50.77,71.86625671386719,50.77,84.81684112548828
50.78000000000001,13.778862953186035,50.78,104.0435791015625,50.78,15.02527141571045,50.78,71.86829376220703,50.78,84.8333969116211
50.79,13.776497840881348,50.79,104.04043579101562,50.790000000000006,15.019264221191406,50.79,71.87060546875,50.79,84.84920501708984
50.8,13.773494720458984,50.8,104.03719329833984,50.8,15.01335906982422,50.8,71.87334442138672,50.8,84.8615951538086
50.81000000000001,13.771939277648926,50.81,104.03286743164062,50.81,15.007229804992676,50.81,71.87476348876953,50.81,84.87124633789062
50.82,13.768710136413574,50.82,104.02887725830078,50.82000000000001,15.001754760742188,50.82,71.87590789794922,50.82,84.88018035888672
50.830000000000005,13.762455940246582,50.830000000000005,104.0259780883789,50.83,14.996803283691406,50.830000000000005,71.87770080566406,50.83,84.8908462524414
50.84,13.756346702575684,50.84,104.02236938476562,50.84,14.99252223968506,50.84,71.87873840332031,50.84,84.90283203125
50.85,13.750083923339844,50.85,104.01931762695312,50.85000000000001,14.987732887268066,50.85,71.88030242919922,50.85,84.91472625732422
50.86000000000001,13.745163917541504,50.86000000000001,104.01766967773438,50.86,14.9827241897583,50.86000000000001,71.88091278076172,50.86,84.92869567871094
50.87,13.74069595336914,50.87,104.01643371582033,50.870000000000005,14.976863861083984,50.87,71.88148498535156,50.870000000000005,84.9413833618164
50.88,13.737680435180664,50.88,104.01519775390624,50.88000000000001,14.971673011779783,50.88,71.88159942626953,50.88,84.95164489746094
50.89000000000001,13.735722541809082,50.88999999999999,104.0145034790039,50.89,14.96604824066162,50.88999999999999,71.88186645507812,50.89,84.9597396850586
50.9,13.733686447143556,50.9,104.0138931274414,50.900000000000006,14.962231636047363,50.9,71.87771606445312,50.900000000000006,84.96656036376953
50.91,13.733795166015623,50.91,104.0130844116211,50.91000000000001,14.958269119262695,50.91,71.87550354003906,50.91,84.97575378417969
50.92000000000001,13.73598289489746,50.92,104.01448822021484,50.92,14.95515251159668,50.92,71.87266540527344,50.92,84.98323059082031
50.93,13.7354736328125,50.93,104.01496124267578,50.93000000000001,14.95085620880127,50.93,71.87137603759766,50.93000000000001,84.98690032958984
50.940000000000005,13.7364501953125,50.940000000000005,104.01338958740234,50.94,14.94827938079834,50.940000000000005,71.87127685546875,50.94,84.99091339111328
50.95,13.735873222351074,50.95,104.01168823242188,50.95,14.944326400756836,50.95,71.87086486816406,50.95,84.9990234375
50.96,13.737353324890137,50.96,104.01026153564452,50.96000000000001,14.944345474243164,50.96,71.87122344970703,50.96,85.00971221923828
50.970000000000006,13.73775577545166,50.970000000000006,104.0089340209961,50.97,14.944002151489258,50.970000000000006,71.8719482421875,50.97,85.02091979980469
50.98,13.739526748657228,50.98,104.00772094726562,50.98,14.944188117980955,50.98,71.87279510498047,50.98,85.03075408935547
50.99,13.741653442382812,50.99,104.0070571899414,50.99000000000001,14.943228721618652,50.99,71.87262725830078,50.99,85.03926849365234
51.00000000000001,13.743876457214355,50.99999999999999,104.00641632080078,51.0,14.94076442718506,51.00000000000001,71.87136840820312,51.0,85.0462417602539
51.01,13.741591453552246,51.01,104.00651550292967,51.010000000000005,14.939393997192385,51.01,71.87059783935547,51.010000000000005,85.0537109375
51.02,13.739405632019045,51.02,104.00665283203124,51.02000000000001,14.939077377319336,51.02,71.8690414428711,51.02,85.06166076660156
51.03000000000001,13.739315032958984,51.03,104.0078353881836,51.03,14.938551902770996,51.03,71.86865234375,51.03,85.07084655761719
51.04,13.73830223083496,51.04,104.00786590576172,51.040000000000006,14.936810493469238,51.04,71.86927795410156,51.040000000000006,85.08195495605469
51.05,13.739493370056152,51.05,104.0101089477539,51.05,14.933979034423828,51.05,71.86991119384766,51.05,85.09581756591797
51.06000000000001,13.740388870239258,51.06,104.0121612548828,51.06,14.929611206054688,51.06,71.87014770507812,51.06,85.1113510131836
51.07,13.740553855895996,51.07,104.01319122314452,51.07000000000001,14.923542022705078,51.07,71.87046813964844,51.07000000000001,85.13005065917969
51.080000000000005,13.740389823913574,51.080000000000005,104.01378631591795,51.08,14.917193412780762,51.080000000000005,71.87059783935547,51.08,85.15057373046875
51.09,13.740595817565918,51.09,104.01517486572266,51.09,14.913129806518556,51.09,71.87042236328125,51.09,85.17427825927734
51.1,13.740001678466797,51.1,104.01513671875,51.10000000000001,14.908939361572266,51.1,71.86945343017578,51.1,85.19834899902344
51.11000000000001,13.737818717956545,51.11000000000001,104.01522827148438,51.11,14.906128883361816,51.11000000000001,71.86947631835938,51.11,85.22447204589844
51.12,13.736347198486328,51.12,104.01544952392578,51.120000000000005,14.902244567871094,51.12,71.86834716796875,51.120000000000005,85.2499771118164
51.13,13.734295845031738,51.13,104.01519775390624,51.13000000000001,14.89832878112793,51.13,71.86848449707031,51.13,85.27432250976562
51.14000000000001,13.732038497924805,51.13999999999999,104.01421356201172,51.14,14.891850471496582,51.13999999999999,71.86845397949219,51.14,85.2987060546875
51.15,13.730607986450195,51.15,104.0136260986328,51.150000000000006,14.88643741607666,51.15,71.86965942382812,51.150000000000006,85.32151794433594
51.16,13.727394104003906,51.16,104.01212310791016,51.16000000000001,14.880218505859377,51.16,71.87004852294922,51.16,85.34204864501953
51.17000000000001,13.72330379486084,51.17,104.00838470458984,51.17,14.873103141784668,51.17,71.87088012695312,51.17,85.36341857910156
51.18,13.718005180358888,51.18,104.00457000732422,51.18000000000001,14.86366367340088,51.18,71.87097930908203,51.18000000000001,85.38603210449219
51.190000000000005,13.715576171875,51.190000000000005,104.00077056884766,51.19,14.858172416687012,51.190000000000005,71.87454223632812,51.19,85.41565704345703
51.2,13.710243225097656,51.2,103.99545288085938,51.2,14.849043846130373,51.2,71.87606048583984,51.2,85.44524383544922
51.21,13.705004692077637,51.21,103.99000549316406,51.21000000000001,14.839116096496582,51.21,71.88057708740234,51.21,85.4780044555664
51.220000000000006,13.698506355285645,51.220000000000006,103.9841766357422,51.22,14.830533981323242,51.220000000000006,71.88482666015625,51.22,85.51392364501953
51.23,13.692975044250488,51.23,103.97801971435548,51.23,14.819583892822266,51.23,71.88941192626953,51.23,85.54783630371094
51.24,13.687336921691896,51.24,103.97057342529295,51.24000000000001,14.811931610107422,51.24,71.89386749267578,51.24,85.57632446289062
51.25000000000001,13.68124771118164,51.24999999999999,103.96297454833984,51.25,14.801362037658691,51.25000000000001,71.8989028930664,51.25,85.6004638671875
51.26,13.67469882965088,51.26,103.95507049560548,51.260000000000005,14.793152809143066,51.26,71.90479278564453,51.260000000000005,85.62520599365234
51.27,13.66650390625,51.27,103.94662475585938,51.27000000000001,14.785873413085938,51.27,71.91073608398438,51.27,85.65093994140625
51.28000000000001,13.658248901367188,51.28,103.93809509277344,51.28,14.780583381652832,51.28,71.91678619384766,51.28,85.67405700683594
51.29,13.647271156311035,51.29,103.92920684814452,51.290000000000006,14.77056121826172,51.29,71.92198944091797,51.290000000000006,85.69051361083984
51.3,13.632819175720217,51.3,103.91800689697266,51.3,14.76203441619873,51.3,71.92578125,51.3,85.70231628417969
51.31000000000001,13.619020462036133,51.31,103.90767669677734,51.31,14.757522583007812,51.31,71.92900848388672,51.31,85.71068572998047
51.32,13.608359336853027,51.32,103.89820098876952,51.32000000000001,14.752344131469728,51.32,71.93175506591797,51.32000000000001,85.71795654296875
51.330000000000005,13.602458000183104,51.330000000000005,103.89019775390624,51.33,14.74618434906006,51.330000000000005,71.93412780761719,51.33,85.7207260131836
51.34,13.598162651062012,51.34,103.88436126708984,51.34,14.74381160736084,51.34,71.93555450439453,51.34,85.71695709228516
51.35,13.593990325927734,51.35,103.88011169433594,51.35000000000001,14.738619804382324,51.35,71.93722534179688,51.35,85.70823669433594
51.36000000000001,13.58940601348877,51.36000000000001,103.87708282470705,51.36,14.731773376464844,51.36000000000001,71.93859100341797,51.36,85.69994354248047
51.37,13.585455894470217,51.37,103.8767318725586,51.370000000000005,14.72691822052002,51.37,71.93904876708984,51.370000000000005,85.69275665283203
51.38,13.58168888092041,51.38,103.87757110595705,51.38000000000001,14.72223949432373,51.38,71.9397201538086,51.38,85.6834945678711
51.39000000000001,13.575014114379885,51.38999999999999,103.8810806274414,51.39,14.719813346862791,51.38999999999999,71.9389877319336,51.39,85.67122650146484
51.4,13.56720733642578,51.4,103.88720703125,51.400000000000006,14.718502044677734,51.4,71.93899536132812,51.400000000000006,85.65665435791016
51.41,13.562793731689451,51.41,103.89447021484376,51.41000000000001,14.719977378845217,51.41,71.93683624267578,51.41,85.6395263671875
51.42000000000001,13.563074111938477,51.42,103.90399932861328,51.42,14.723665237426758,51.42,71.93448638916016,51.42,85.61911010742188
51.43,13.56745433807373,51.43,103.91349029541016,51.43000000000001,14.730094909667969,51.43,71.9321517944336,51.43000000000001,85.59561157226562
51.440000000000005,13.574241638183594,51.440000000000005,103.92536163330078,51.44,14.739100456237791,51.440000000000005,71.92770385742188,51.44,85.56995391845703
51.45,13.586752891540527,51.45,103.93737030029295,51.45,14.750378608703612,51.45,71.92523193359375,51.45,85.54302978515625
51.46,13.602666854858398,51.46,103.95145416259766,51.46000000000001,14.763758659362791,51.46,71.9203872680664,51.46,85.51417541503906
51.470000000000006,13.621527671813965,51.470000000000006,103.96581268310548,51.47,14.778827667236328,51.470000000000006,71.91476440429688,51.47,85.48384094238281
51.48,13.641326904296877,51.48,103.97875213623048,51.48,14.794188499450684,51.48,71.90892791748047,51.48,85.45584106445312
51.49,13.662919044494627,51.49,103.99530029296876,51.49000000000001,14.811861991882324,51.49,71.90300750732422,51.49,85.42876434326172
51.50000000000001,13.6850004196167,51.49999999999999,104.01044464111328,51.5,14.830759048461914,51.50000000000001,71.89852142333984,51.5,85.40262603759766
51.51,13.70900821685791,51.51,104.02301788330078,51.510000000000005,14.851374626159668,51.51,71.89437103271484,51.510000000000005,85.37982940673828
51.52,13.730035781860352,51.52,104.03459167480467,51.52000000000001,14.870882034301758,51.52,71.88760375976562,51.52,85.3571548461914
51.53000000000001,13.747340202331545,51.53,104.0478057861328,51.53,14.889575958251951,51.53,71.88297271728516,51.53,85.33248901367188
51.54,13.766756057739258,51.54,104.06011962890624,51.540000000000006,14.90781593322754,51.54,71.87896728515625,51.540000000000006,85.3060531616211
51.55,13.785603523254396,51.55,104.07086944580078,51.55,14.92567539215088,51.55,71.87362670898438,51.55,85.27973175048828
51.56000000000001,13.802687644958496,51.56,104.08055114746094,51.56,14.94377899169922,51.56,71.86913299560547,51.56,85.25301361083984
51.57,13.820969581604004,51.57,104.08880615234376,51.57000000000001,14.965743064880373,51.57,71.86424255371094,51.57000000000001,85.22476959228516
51.580000000000005,13.838334083557127,51.580000000000005,104.09634399414062,51.58,14.986802101135254,51.580000000000005,71.86177062988281,51.58,85.19960021972656
51.59,13.853910446166992,51.59,104.10372161865234,51.59,15.008275985717772,51.59,71.85841369628906,51.59,85.17924499511719
51.6,13.867465019226074,51.6,104.11199188232422,51.60000000000001,15.026107788085938,51.6,71.85604095458984,51.6,85.16607666015625
51.61000000000001,13.879507064819336,51.61000000000001,104.11766815185548,51.61,15.040714263916016,51.61000000000001,71.85560607910156,51.61,85.1535415649414
51.62,13.887664794921877,51.62,104.12124633789062,51.620000000000005,15.053983688354492,51.62,71.85442352294922,51.620000000000005,85.14067840576172
51.63,13.896200180053713,51.63,104.12171936035156,51.63000000000001,15.069211959838867,51.63,71.85769653320312,51.63,85.12646484375
51.64000000000001,13.904012680053713,51.63999999999999,104.12112426757812,51.64,15.085573196411133,51.63999999999999,71.86003875732422,51.64,85.10818481445312
51.65,13.909809112548828,51.65,104.1209487915039,51.650000000000006,15.10381031036377,51.65,71.86004638671875,51.650000000000006,85.08253479003906
51.66,13.914337158203123,51.66,104.1192855834961,51.66000000000001,15.11427879333496,51.66,71.8617172241211,51.66,85.06072235107422
51.67000000000001,13.920351028442385,51.67,104.1179656982422,51.67,15.12306785583496,51.67,71.86253356933594,51.67,85.04097747802734
51.68,13.924938201904297,51.68,104.11844635009766,51.68000000000001,15.125181198120115,51.68,71.86385345458984,51.68000000000001,85.01878356933594
51.690000000000005,13.927616119384766,51.690000000000005,104.11790466308594,51.69,15.129416465759276,51.690000000000005,71.86598205566406,51.69,84.99504852294922
51.7,13.927794456481934,51.7,104.1169204711914,51.7,15.128351211547852,51.7,71.86815643310547,51.7,84.97569274902344
51.71,13.92759895324707,51.71,104.11456298828124,51.71000000000001,15.126288414001465,51.71,71.87174224853516,51.71,84.96038818359375
51.720000000000006,13.929166793823242,51.720000000000006,104.11424255371094,51.72,15.12456512451172,51.720000000000006,71.87435913085938,51.72,84.94927978515625
51.73,13.931177139282228,51.73,104.11248779296876,51.73,15.123055458068848,51.73,71.87457275390625,51.73,84.936279296875
51.74,13.934358596801758,51.74,104.11100769042967,51.74000000000001,15.120942115783691,51.74,71.8774185180664,51.74,84.92172241210938
51.75000000000001,13.935721397399902,51.74999999999999,104.10717010498048,51.75,15.117976188659668,51.75000000000001,71.88117218017578,51.75,84.9111099243164
51.76,13.934457778930664,51.76,104.10548400878906,51.760000000000005,15.11578369140625,51.76,71.88357543945312,51.760000000000005,84.91028594970703
51.77,13.934120178222656,51.77,104.10467529296876,51.77000000000001,15.112825393676758,51.77,71.88427734375,51.77,84.90415954589844
51.78000000000001,13.93046760559082,51.78,104.10330200195312,51.78,15.111032485961914,51.78,71.88557434082031,51.78,84.89720153808594
51.79,13.926192283630373,51.79,104.10356903076172,51.790000000000006,15.111560821533203,51.79,71.8880615234375,51.790000000000006,84.89106750488281
51.8,13.92026710510254,51.8,104.10340881347656,51.8,15.11465072631836,51.8,71.8904800415039,51.8,84.88661193847656
51.81000000000001,13.915343284606934,51.81,104.10265350341795,51.81,15.115015029907228,51.81,71.89242553710938,51.81,84.88180541992188
51.82,13.9099702835083,51.82,104.10458374023438,51.82000000000001,15.114738464355469,51.82,71.89517211914062,51.82000000000001,84.87298583984375
51.830000000000005,13.906347274780272,51.830000000000005,104.10362243652344,51.83,15.112646102905272,51.830000000000005,71.89704895019531,51.83,84.86134338378906
51.84,13.904956817626951,51.84,104.1004638671875,51.84,15.10991096496582,51.84,71.9006118774414,51.84,84.8526611328125
51.85,13.904359817504885,51.85,104.09549713134766,51.85000000000001,15.105670928955078,51.85,71.90369415283203,51.85,84.84738159179688
51.86000000000001,13.90123462677002,51.86000000000001,104.0915298461914,51.86,15.101730346679688,51.86000000000001,71.90471649169922,51.86,84.84040069580078
51.87,13.898189544677734,51.87,104.08758544921876,51.870000000000005,15.10067653656006,51.87,71.90637969970703,51.870000000000005,84.82675170898438
51.88,13.895245552062988,51.88,104.08521270751952,51.88000000000001,15.098878860473633,51.88,71.90814208984375,51.88,84.8105239868164
51.89000000000001,13.894783973693848,,,51.89,15.097909927368164,51.88999999999999,71.90941619873047,51.89,84.79813385009766
51.9,13.891858100891112,,,51.900000000000006,15.09726333618164,51.9,71.91088104248047,51.900000000000006,84.7933120727539
51.91,13.892606735229492,,,51.91000000000001,15.095211029052734,51.91,71.9124755859375,,
51.92000000000001,13.894013404846191,,,51.92,15.093945503234863,51.92,71.91580963134766,,
51.93,13.89621353149414,,,,,51.93,71.91768646240234,,
