rtTime,R Thigh Angle,rsTime,R Shank Angle,ltTime,L Thigh Angle,lsTime,L Shank Angle,hTime,Hip Angle
0.0,10.945077896118164,0.0,121.3855438232422,0.0,8.085775375366211,0.0,73.49734497070312,0.0,127.33157348632812
0.009999999999998,10.948317527770996,0.009999999999998,121.3948974609375,0.009999999999998,8.092842102050781,0.0100000000000015,73.49628448486328,0.009999999999998,127.328857421875
0.0199999999999995,10.955196380615234,0.0199999999999995,121.40480041503906,0.0199999999999995,8.10065746307373,0.0200000000000031,73.49764251708984,0.0199999999999995,127.32492065429688
0.0299999999999975,10.960439682006836,0.0299999999999975,121.41417694091795,0.0299999999999975,8.107244491577148,0.0300000000000011,73.49845123291016,0.0299999999999975,127.32481384277344
0.0399999999999991,10.964889526367188,0.0399999999999991,121.42214965820312,0.0399999999999991,8.116157531738281,0.0400000000000027,73.50041198730469,0.0399999999999991,127.33045959472656
0.0499999999999971,10.969597816467283,0.0499999999999971,121.42887115478516,0.0500000000000007,8.12430191040039,0.0500000000000007,73.50227355957031,0.0500000000000007,127.3411102294922
0.0599999999999987,10.973947525024414,0.0599999999999987,121.43467712402344,0.0599999999999987,8.132502555847168,0.0600000000000022,73.50527954101562,0.0599999999999987,127.34788513183594
0.0700000000000002,10.981231689453123,0.0700000000000002,121.43904876708984,0.0700000000000002,8.140467643737793,0.0700000000000002,73.50996398925781,0.0700000000000002,127.35236358642578
0.0799999999999983,10.99057674407959,0.0799999999999983,121.44168853759766,0.0799999999999983,8.146974563598633,0.0800000000000018,73.51467895507812,0.0799999999999983,127.35377502441406
0.0899999999999998,11.00053596496582,0.0899999999999998,121.44132995605467,0.0899999999999998,8.156817436218262,0.0900000000000034,73.51899719238281,0.0899999999999998,127.35266876220705
0.0999999999999978,11.0115966796875,0.0999999999999978,121.43936157226562,0.0999999999999978,8.160122871398926,0.1000000000000014,73.5223159790039,0.0999999999999978,127.349365234375
0.1099999999999994,11.021441459655762,0.1099999999999994,121.43592071533205,0.1099999999999994,8.161181449890137,0.1100000000000029,73.52620697021484,0.1099999999999994,127.34432220458984
0.1199999999999974,11.028454780578612,0.1199999999999974,121.43092346191406,0.1199999999999974,8.161458969116211,0.120000000000001,73.52832794189453,0.1199999999999974,127.3371353149414
0.129999999999999,11.034250259399414,0.129999999999999,121.4253921508789,0.129999999999999,8.159252166748047,0.1300000000000025,73.52982330322266,0.129999999999999,127.32989501953124
0.139999999999997,11.040715217590332,0.139999999999997,121.41954040527344,0.1400000000000005,8.155016899108887,0.1400000000000005,73.53026580810547,0.1400000000000005,127.3198699951172
0.1499999999999985,11.04880714416504,0.1499999999999985,121.41349029541016,0.1499999999999985,8.149574279785156,0.1500000000000021,73.53036499023438,0.1499999999999985,127.30948638916016
0.1600000000000001,11.056781768798828,0.1600000000000001,121.40772247314452,0.1600000000000001,8.143835067749023,0.1600000000000001,73.53108215332031,0.1600000000000001,127.29891204833984
0.1699999999999981,11.064179420471191,0.1699999999999981,121.40229034423828,0.1699999999999981,8.137763023376465,0.1700000000000017,73.53247833251953,0.1699999999999981,127.28861236572266
0.1799999999999997,11.06653881072998,0.1799999999999997,121.39749145507812,0.1799999999999997,8.133865356445312,0.1800000000000032,73.53518676757812,0.1799999999999997,127.28125
0.1899999999999977,11.068488121032717,0.1899999999999977,121.39324951171876,0.1899999999999977,8.128823280334473,0.1900000000000012,73.53865814208984,0.1899999999999977,127.27204132080078
0.1999999999999993,11.068241119384766,0.1999999999999993,121.38711547851562,0.1999999999999993,8.123059272766113,0.2000000000000028,73.54143524169922,0.1999999999999993,127.26170349121094
0.2099999999999973,11.06752586364746,0.2099999999999973,121.38238525390624,0.2099999999999973,8.117229461669922,0.2100000000000008,73.54290008544922,0.2099999999999973,127.25192260742188
0.2199999999999988,11.06601619720459,0.2199999999999988,121.3784408569336,0.2199999999999988,8.109455108642578,0.2200000000000024,73.54328918457031,0.2199999999999988,127.2445068359375
0.2300000000000004,11.062700271606444,0.2300000000000004,121.37433624267578,0.2300000000000004,8.101739883422852,0.2300000000000004,73.54206848144531,0.2300000000000004,127.24069213867188
0.2399999999999984,11.058131217956545,0.2399999999999984,121.36902618408205,0.2399999999999984,8.096138000488281,0.240000000000002,73.53926086425781,0.2399999999999984,127.2361831665039
0.25,11.052005767822266,0.25,121.36273193359376,0.25,8.090723037719727,0.25,73.53730773925781,0.25,127.22999572753906
0.259999999999998,11.0445556640625,0.259999999999998,121.35719299316406,0.259999999999998,8.085394859313965,0.2600000000000015,73.53459930419922,0.259999999999998,127.22261810302734
0.2699999999999996,11.03807544708252,0.2699999999999996,121.3523178100586,0.2699999999999996,8.08149528503418,0.2700000000000031,73.53178405761719,0.2699999999999996,127.21383666992188
0.2799999999999976,11.03251838684082,0.2799999999999976,121.34889221191406,0.2799999999999976,8.078079223632812,0.2800000000000011,73.5280990600586,0.2799999999999976,127.2042465209961
0.2899999999999991,11.025389671325684,0.2899999999999991,121.34825897216795,0.2899999999999991,8.076239585876465,0.2900000000000027,73.52601623535156,0.2899999999999991,127.19861602783205
0.2999999999999971,11.01878261566162,0.2999999999999971,121.3499526977539,0.3000000000000007,8.074329376220703,0.3000000000000007,73.52359008789062,0.3000000000000007,127.19322204589844
0.3099999999999987,11.014092445373535,0.3099999999999987,121.35333251953124,0.3099999999999987,8.074431419372559,0.3100000000000023,73.52224731445312,0.3099999999999987,127.18789672851562
0.3200000000000003,11.009737968444824,0.3200000000000003,121.35708618164062,0.3200000000000003,8.077044486999512,0.3200000000000003,73.52046966552734,0.3200000000000003,127.1834716796875
0.3299999999999983,11.003710746765137,0.3299999999999983,121.36155700683594,0.3299999999999983,8.08015251159668,0.3300000000000018,73.5205307006836,0.3299999999999983,127.18195343017578
0.3399999999999998,10.993144035339355,0.3399999999999998,121.3667984008789,0.3399999999999998,8.083344459533691,0.3400000000000034,73.52057647705078,0.3399999999999998,127.1787338256836
0.3499999999999978,10.988158226013184,0.3499999999999978,121.370361328125,0.3499999999999978,8.086165428161621,0.3500000000000014,73.51985931396484,0.3499999999999978,127.17154693603516
0.3599999999999994,10.98442554473877,0.3599999999999994,121.37442016601562,0.3599999999999994,8.0877046585083,0.360000000000003,73.52143859863281,0.3599999999999994,127.16266632080078
0.3699999999999974,10.983646392822266,0.3699999999999974,121.37911987304688,0.3699999999999974,8.090444564819336,0.370000000000001,73.52281951904297,0.3699999999999974,127.15553283691406
0.379999999999999,10.98454475402832,0.379999999999999,121.3824691772461,0.379999999999999,8.093814849853516,0.3800000000000025,73.52379608154297,0.379999999999999,127.15181732177734
0.389999999999997,10.986353874206545,0.389999999999997,121.3843002319336,0.3900000000000005,8.093998908996582,0.3900000000000005,73.52629089355469,0.3900000000000005,127.14847564697266
0.3999999999999986,10.988574028015137,0.3999999999999986,121.3864974975586,0.3999999999999986,8.094491958618164,0.4000000000000021,73.52890014648438,0.3999999999999986,127.141845703125
0.4100000000000001,10.99058723449707,0.4100000000000001,121.38851928710938,0.4100000000000001,8.095097541809082,0.4100000000000001,73.52873992919922,0.4100000000000001,127.13026428222656
0.4199999999999981,10.992756843566896,0.4199999999999981,121.38855743408205,0.4199999999999981,8.095489501953125,0.4200000000000017,73.5287857055664,0.4199999999999981,127.10980987548828
0.4299999999999997,10.99496078491211,0.4299999999999997,121.38886260986328,0.4299999999999997,8.097307205200195,0.4300000000000032,73.52812957763672,0.4299999999999997,127.08284759521484
0.4399999999999977,10.99759006500244,0.4399999999999977,121.38896942138672,0.4399999999999977,8.099010467529297,0.4400000000000013,73.52894592285156,0.4399999999999977,127.05301666259766
0.4499999999999993,11.000839233398438,0.4499999999999993,121.389404296875,0.4499999999999993,8.10089111328125,0.4500000000000028,73.5300064086914,0.4499999999999993,127.02478790283205
0.4599999999999973,11.005570411682127,0.4599999999999973,121.38973236083984,0.4599999999999973,8.100959777832031,0.4600000000000008,73.53157043457031,0.4599999999999973,126.996337890625
0.4699999999999988,11.01070785522461,0.4699999999999988,121.38921356201172,0.4699999999999988,8.101340293884277,0.4700000000000024,73.53533935546875,0.4699999999999988,126.96747589111328
0.4800000000000004,11.017298698425291,0.4800000000000004,121.38716888427734,0.4800000000000004,8.10021686553955,0.4800000000000004,73.53874206542969,0.4800000000000004,126.93832397460938
0.4899999999999984,11.023435592651367,0.4899999999999984,121.38468170166016,0.4899999999999984,8.098955154418945,0.490000000000002,73.54212188720703,0.4899999999999984,126.9082260131836
0.5,11.030773162841797,0.5,121.38198852539062,0.5,8.098128318786621,0.5,73.54464721679688,0.5,126.88040161132812
0.509999999999998,11.037036895751951,0.509999999999998,121.3779754638672,0.509999999999998,8.096451759338379,0.5100000000000016,73.5447769165039,0.509999999999998,126.85250854492188
0.5199999999999996,11.040287017822266,0.5199999999999996,121.37305450439452,0.5199999999999996,8.09473991394043,0.5200000000000031,73.544921875,0.5199999999999996,126.82686614990234
0.5299999999999976,11.041242599487305,0.5299999999999976,121.3690948486328,0.5299999999999976,8.093743324279785,0.5300000000000011,73.54606628417969,0.5299999999999976,126.80120086669922
0.5399999999999991,11.039846420288086,0.5399999999999991,121.364501953125,0.5399999999999991,8.091852188110352,0.5400000000000027,73.54661560058594,0.5399999999999991,126.77137756347656
0.5499999999999972,11.036219596862791,0.5499999999999972,121.3635482788086,0.5500000000000007,8.089734077453613,0.5500000000000007,73.54671478271484,0.5500000000000007,126.73605346679688
0.5599999999999987,11.033302307128906,0.5599999999999987,121.3620834350586,0.5599999999999987,8.08809757232666,0.5600000000000023,73.54767608642578,0.5599999999999987,126.69869232177734
0.5700000000000003,11.029946327209473,0.5700000000000003,121.36129760742188,0.5700000000000003,8.087986946105957,0.5700000000000003,73.5491714477539,0.5700000000000003,126.66262817382812
0.5799999999999983,11.026714324951172,0.5799999999999983,121.36097717285156,0.5799999999999983,8.090906143188477,0.5800000000000018,73.55028533935547,0.5799999999999983,126.62967681884766
0.5899999999999999,11.026180267333984,0.5899999999999999,121.36161041259766,0.5899999999999999,8.093154907226562,0.5900000000000034,73.5512466430664,0.5899999999999999,126.59798431396484
0.5999999999999979,11.024687767028809,0.5999999999999979,121.36212921142578,0.5999999999999979,8.09456729888916,0.6000000000000014,73.55249786376953,0.5999999999999979,126.56365966796876
0.6099999999999994,11.018837928771973,0.6099999999999994,121.36337280273438,0.6099999999999994,8.095659255981445,0.610000000000003,73.55306243896484,0.6099999999999994,126.52429962158205
0.6199999999999974,11.01524257659912,0.6199999999999974,121.36416625976562,0.6199999999999974,8.095518112182617,0.620000000000001,73.55421447753906,0.6199999999999974,126.47844696044922
0.629999999999999,11.01084804534912,0.629999999999999,121.36534118652344,0.629999999999999,8.09598445892334,0.6300000000000026,73.55301666259766,0.629999999999999,126.42733764648438
0.639999999999997,11.007943153381348,0.639999999999997,121.3669891357422,0.6400000000000006,8.097101211547852,0.6400000000000006,73.5535659790039,0.6400000000000006,126.3756103515625
0.6499999999999986,11.002094268798828,0.6499999999999986,121.36802673339844,0.6499999999999986,8.099281311035156,0.6500000000000021,73.55109405517578,0.6499999999999986,126.3250961303711
0.6600000000000001,10.996463775634766,0.6600000000000001,121.36957550048828,0.6600000000000001,8.102944374084473,0.6600000000000001,73.54988098144531,0.6600000000000001,126.2767333984375
0.6699999999999982,10.994391441345217,0.6699999999999982,121.37100982666016,0.6699999999999982,8.106627464294434,0.6700000000000017,73.54826354980469,0.6699999999999982,126.23235321044922
0.6799999999999997,10.99094009399414,0.6799999999999997,121.37242889404295,0.6799999999999997,8.10944938659668,0.6800000000000033,73.54730224609375,0.6799999999999997,126.18870544433594
0.6899999999999977,10.984434127807615,0.6899999999999977,121.3738784790039,0.6899999999999977,8.112873077392578,0.6900000000000013,73.54695129394531,0.6899999999999977,126.1443099975586
0.6999999999999993,10.984084129333496,0.6999999999999993,121.37503814697266,0.6999999999999993,8.116764068603516,0.7000000000000028,73.54651641845703,0.6999999999999993,126.1016616821289
0.7099999999999973,10.984776496887209,0.7099999999999973,121.37614440917967,0.7099999999999973,8.119588851928711,0.7100000000000009,73.54796600341797,0.7099999999999973,126.06336212158205
0.7199999999999989,10.983003616333008,0.7199999999999989,121.37723541259766,0.7199999999999989,8.121830940246582,0.7200000000000024,73.54812622070312,0.7199999999999989,126.03166961669922
0.7300000000000004,10.985017776489258,0.7300000000000004,121.37775421142578,0.7300000000000004,8.123669624328613,0.7300000000000004,73.54752349853516,0.7300000000000004,126.00580596923828
0.7399999999999984,10.984844207763672,0.7399999999999984,121.37704467773438,0.7399999999999984,8.123446464538574,0.740000000000002,73.54773712158203,0.7399999999999984,125.9832992553711
0.75,10.985916137695312,0.75,121.3764877319336,0.75,8.123167037963867,0.75,73.54898071289062,0.75,125.96268463134766
0.759999999999998,10.989296913146973,0.759999999999998,121.3759536743164,0.759999999999998,8.121549606323242,0.7600000000000016,73.55232238769531,0.759999999999998,125.9409637451172
0.7699999999999996,10.989418983459473,0.7699999999999996,121.37483215332033,0.7699999999999996,8.118513107299805,0.7700000000000031,73.55535125732422,0.7699999999999996,125.91622161865234
0.7799999999999976,10.990395545959473,0.7799999999999976,121.37458801269533,0.7799999999999976,8.114741325378418,0.7800000000000011,73.55619812011719,0.7799999999999976,125.88848114013672
0.7899999999999991,10.992846488952637,0.7899999999999991,121.37543487548828,0.7899999999999991,8.111333847045898,0.7900000000000027,73.55622100830078,0.7899999999999991,125.8598175048828
0.7999999999999972,10.99382495880127,0.7999999999999972,121.37557220458984,0.8000000000000007,8.109916687011719,0.8000000000000007,73.55691528320312,0.8000000000000007,125.83223724365234
0.8099999999999987,10.994163513183594,0.8099999999999987,121.37655639648438,0.8099999999999987,8.108850479125977,0.8100000000000023,73.55821990966797,0.8099999999999987,125.80810546875
0.8200000000000003,10.993528366088867,0.8200000000000003,121.37629699707033,0.8200000000000003,8.10787296295166,0.8200000000000003,73.5591049194336,0.8200000000000003,125.78620147705078
0.8299999999999983,10.993487358093262,0.8299999999999983,121.3766860961914,0.8299999999999983,8.10738754272461,0.8300000000000018,73.56136322021484,0.8299999999999983,125.764892578125
0.8399999999999999,10.994136810302734,0.8399999999999999,121.37711334228516,0.8399999999999999,8.107309341430664,0.8400000000000034,73.56399536132812,0.8399999999999999,125.7466049194336
0.8499999999999979,10.995352745056152,0.8499999999999979,121.37677001953124,0.8499999999999979,8.106273651123047,0.8500000000000014,73.56683349609375,0.8499999999999979,125.72809600830078
0.8599999999999994,10.9956636428833,0.8599999999999994,121.37612915039062,0.8599999999999994,8.104512214660645,0.860000000000003,73.56779479980469,0.8599999999999994,125.70808410644533
0.8699999999999974,10.997114181518556,0.8699999999999974,121.37593841552734,0.8699999999999974,8.103473663330078,0.870000000000001,73.56787109375,0.8699999999999974,125.69049835205078
0.879999999999999,10.999847412109377,0.879999999999999,121.3751220703125,0.879999999999999,8.10245418548584,0.8800000000000026,73.56868743896484,0.879999999999999,125.6744384765625
0.889999999999997,11.001774787902832,0.889999999999997,121.37428283691406,0.8900000000000006,8.100890159606934,0.8900000000000006,73.57099914550781,0.8900000000000006,125.65892791748048
0.8999999999999986,11.0020751953125,0.8999999999999986,121.37410736083984,0.8999999999999986,8.09851360321045,0.9000000000000021,73.57113647460938,0.8999999999999986,125.64170837402344
0.91,10.99919605255127,0.91,121.37293243408205,0.91,8.093053817749023,0.91,73.57189178466797,0.91,125.6245346069336
0.9199999999999982,10.997785568237305,0.9199999999999982,121.37125396728516,0.9199999999999982,8.08597183227539,0.9200000000000016,73.5735855102539,0.9199999999999982,125.60811614990234
0.9299999999999996,10.996387481689451,0.9299999999999996,121.37225341796876,0.9299999999999996,8.081355094909668,0.9300000000000032,73.57435607910156,0.9299999999999996,125.59308624267578
0.9399999999999976,10.99865436553955,0.9399999999999976,121.37353515625,0.9399999999999976,8.08102798461914,0.9400000000000012,73.57522583007812,0.9399999999999976,125.5784683227539
0.9499999999999992,11.001006126403809,0.9499999999999992,121.3746566772461,0.9499999999999992,8.08287525177002,0.9500000000000028,73.57566833496094,0.9499999999999992,125.5625457763672
0.9599999999999972,11.001161575317385,0.9599999999999972,121.37581634521484,0.9599999999999972,8.087603569030762,0.9600000000000009,73.57551574707031,0.9599999999999972,125.54605865478516
0.9699999999999988,10.998617172241213,0.9699999999999988,121.37682342529295,0.9699999999999988,8.093989372253418,0.9700000000000024,73.57518005371094,0.9699999999999988,125.529541015625
0.9800000000000004,10.99239730834961,0.9800000000000004,121.37740325927734,0.9800000000000004,8.097811698913574,0.9800000000000004,73.5763931274414,0.9800000000000004,125.5110321044922
0.9899999999999984,10.98578643798828,0.9899999999999984,121.3786849975586,0.9899999999999984,8.098535537719727,0.990000000000002,73.57691955566406,0.9899999999999984,125.49279022216795
1.0,10.9800386428833,1.0,121.37908172607422,1.0,8.09648323059082,1.0,73.5753402709961,1.0,125.47450256347656
1.009999999999998,10.97443962097168,1.009999999999998,121.37873840332033,1.009999999999998,8.096229553222656,1.0100000000000016,73.57428741455078,1.009999999999998,125.45891571044922
1.0199999999999996,10.972237586975098,1.0199999999999996,121.37901306152344,1.0199999999999996,8.095474243164062,1.0200000000000031,73.57413482666016,1.0199999999999996,125.44752502441406
1.0299999999999976,10.971983909606934,1.0299999999999976,121.38114166259766,1.0299999999999976,8.094095230102539,1.0300000000000011,73.57347869873047,1.0299999999999976,125.43905639648438
1.0399999999999991,10.973464965820312,1.0399999999999991,121.3835220336914,1.0399999999999991,8.092716217041016,1.0400000000000027,73.57211303710938,1.0399999999999991,125.43000793457033
1.0499999999999972,10.976974487304688,1.0499999999999972,121.38611602783205,1.0500000000000007,8.09277057647705,1.0500000000000007,73.57067108154297,1.0500000000000007,125.41766357421876
1.0599999999999987,10.977606773376465,1.0599999999999987,121.38970947265624,1.0599999999999987,8.095274925231934,1.0600000000000025,73.56976318359375,1.0599999999999987,125.40450286865234
1.0700000000000005,10.978060722351074,1.0700000000000005,121.3923568725586,1.0700000000000005,8.097633361816406,1.0700000000000005,73.56908416748047,1.0700000000000005,125.39603424072266
1.0799999999999983,10.978127479553224,1.0799999999999983,121.39392852783205,1.0799999999999983,8.100924491882324,1.0800000000000018,73.5677490234375,1.0799999999999983,125.3927993774414
1.09,10.97533893585205,1.09,121.39466857910156,1.09,8.105295181274414,1.0900000000000034,73.5686264038086,1.09,125.39281463623048
1.099999999999998,10.97238826751709,1.099999999999998,121.3957977294922,1.099999999999998,8.110183715820312,1.1000000000000014,73.56827545166016,1.099999999999998,125.39404296875
1.1099999999999994,10.969846725463867,1.1099999999999994,121.39712524414062,1.1099999999999994,8.11307430267334,1.110000000000003,73.56566619873047,1.1099999999999994,125.39405822753906
1.1199999999999974,10.966607093811035,1.1199999999999974,121.40068817138672,1.1199999999999974,8.115653991699219,1.120000000000001,73.56256866455078,1.1199999999999974,125.39756774902344
1.129999999999999,10.964592933654783,1.129999999999999,121.40341186523438,1.129999999999999,8.11481761932373,1.1300000000000026,73.5620346069336,1.129999999999999,125.40304565429688
1.139999999999997,10.96571445465088,1.139999999999997,121.40465545654295,1.1400000000000006,8.112557411193848,1.1400000000000006,73.56221771240234,1.1400000000000006,125.41024017333984
1.1499999999999986,10.968993186950684,1.1499999999999986,121.404541015625,1.1499999999999986,8.108701705932617,1.150000000000002,73.56356811523438,1.1499999999999986,125.41644287109376
1.16,10.97312068939209,1.16,121.40361785888672,1.16,8.105491638183594,1.16,73.56338500976562,1.16,125.42034912109376
1.1699999999999982,10.976545333862305,1.1699999999999982,121.4024658203125,1.1699999999999982,8.104073524475098,1.1700000000000017,73.56353759765625,1.1699999999999982,125.42428588867188
1.1799999999999995,10.97714900970459,1.1799999999999995,121.40225982666016,1.1799999999999995,8.102954864501953,1.1800000000000033,73.56326293945312,1.1799999999999995,125.42976379394533
1.1899999999999975,10.975224494934082,1.1899999999999975,121.40160369873048,1.1899999999999975,8.102349281311035,1.1900000000000013,73.56419372558594,1.1899999999999975,125.4352035522461
1.1999999999999993,10.978636741638184,1.1999999999999993,121.40185546875,1.1999999999999993,8.101845741271973,1.2000000000000028,73.56727600097656,1.1999999999999993,125.44037628173828
1.2099999999999973,10.984390258789062,1.2099999999999973,121.40171813964844,1.2099999999999973,8.101430892944336,1.2100000000000009,73.56874084472656,1.2099999999999973,125.4498291015625
1.2199999999999989,10.989849090576172,1.2199999999999989,121.40078735351562,1.2199999999999989,8.09984016418457,1.2200000000000024,73.56839752197266,1.2199999999999989,125.46197509765624
1.2300000000000004,10.99543285369873,1.2300000000000004,121.39937591552734,1.2300000000000004,8.097289085388184,1.2300000000000004,73.57002258300781,1.2300000000000004,125.47474670410156
1.2399999999999984,10.999497413635254,1.2399999999999984,121.39715576171876,1.2399999999999984,8.09350299835205,1.240000000000002,73.57101440429688,1.2399999999999984,125.48594665527344
1.25,11.000385284423828,1.25,121.39508819580078,1.25,8.0877046585083,1.25,73.57093811035156,1.25,125.4988021850586
1.259999999999998,10.997803688049316,1.259999999999998,121.39306640625,1.259999999999998,8.083357810974121,1.2600000000000016,73.57141876220703,1.259999999999998,125.5118637084961
1.2699999999999996,10.993884086608888,1.2699999999999996,121.39163208007812,1.2699999999999996,8.079474449157715,1.2700000000000031,73.57203674316406,1.2699999999999996,125.52452850341795
1.2799999999999976,10.987432479858398,1.2799999999999976,121.39160919189452,1.2799999999999976,8.07719898223877,1.2800000000000011,73.57077026367188,1.2799999999999976,125.53301239013672
1.2899999999999991,10.982439994812012,1.2899999999999991,121.3916473388672,1.2899999999999991,8.074828147888184,1.2900000000000027,73.57024383544922,1.2899999999999991,125.54046630859376
1.2999999999999972,10.980704307556152,1.2999999999999972,121.39273834228516,1.3000000000000007,8.07168960571289,1.3000000000000007,73.5709457397461,1.3000000000000007,125.54779052734376
1.3099999999999987,10.981612205505373,1.3099999999999987,121.39311981201172,1.3099999999999987,8.06875228881836,1.3100000000000025,73.57135009765625,1.3099999999999987,125.55691528320312
1.3200000000000005,10.982064247131348,1.3200000000000005,121.39216613769533,1.3200000000000005,8.066696166992188,1.3200000000000005,73.57168579101562,1.3200000000000005,125.56706237792967
1.3299999999999983,10.982467651367188,1.3299999999999983,121.3918685913086,1.3299999999999983,8.065828323364258,1.3300000000000018,73.57234191894531,1.3299999999999983,125.57827758789062
1.34,10.98087215423584,1.34,121.3915557861328,1.34,8.065011024475098,1.3400000000000034,73.57073974609375,1.34,125.5901107788086
1.349999999999998,10.977535247802734,1.349999999999998,121.39045715332033,1.349999999999998,8.064055442810059,1.3500000000000014,73.57076263427734,1.349999999999998,125.60232543945312
1.3599999999999994,10.973583221435549,1.3599999999999994,121.39022827148438,1.3599999999999994,8.063604354858398,1.360000000000003,73.5722427368164,1.3599999999999994,125.61582946777344
1.3699999999999974,10.968050956726074,1.3699999999999974,121.39076232910156,1.3699999999999974,8.062615394592285,1.370000000000001,73.57308197021484,1.3699999999999974,125.62899780273438
1.379999999999999,10.964479446411133,1.379999999999999,121.3919448852539,1.379999999999999,8.06027889251709,1.3800000000000026,73.57350158691406,1.379999999999999,125.64395904541016
1.389999999999997,10.961974143981934,1.389999999999997,121.3929443359375,1.3900000000000006,8.059863090515137,1.3900000000000006,73.57201385498047,1.3900000000000006,125.66017150878906
1.3999999999999986,10.962225914001465,1.3999999999999986,121.39496612548828,1.3999999999999986,8.058846473693848,1.400000000000002,73.57172393798828,1.3999999999999986,125.67606353759766
1.41,10.96173858642578,1.41,121.3957748413086,1.41,8.057287216186523,1.41,73.57134246826172,1.41,125.69450378417967
1.4199999999999982,10.961133003234863,1.4199999999999982,121.3963851928711,1.4199999999999982,8.054956436157227,1.4200000000000017,73.5717544555664,1.4199999999999982,125.7114028930664
1.4299999999999995,10.960362434387209,1.4299999999999995,121.39655303955078,1.4299999999999995,8.053927421569824,1.4300000000000033,73.5721664428711,1.4299999999999995,125.7255630493164
1.4399999999999975,10.960761070251465,1.4399999999999975,121.3973159790039,1.4399999999999975,8.053229331970215,1.4400000000000013,73.5730209350586,1.4399999999999975,125.7376937866211
1.4499999999999993,10.961183547973633,1.4499999999999993,121.39850616455078,1.4499999999999993,8.05286979675293,1.4500000000000028,73.5719985961914,1.4499999999999993,125.74942016601562
1.4599999999999973,10.959344863891602,1.4599999999999973,121.39976501464844,1.4599999999999973,8.053719520568848,1.4600000000000009,73.57345581054688,1.4599999999999973,125.76091766357422
1.4699999999999989,10.957533836364746,1.4699999999999989,121.4000244140625,1.4699999999999989,8.054871559143066,1.4700000000000024,73.57305145263672,1.4699999999999989,125.77515411376952
1.4800000000000004,10.956154823303224,1.4800000000000004,121.39983367919922,1.4800000000000004,8.056490898132324,1.4800000000000004,73.57416534423828,1.4800000000000004,125.78795623779295
1.4899999999999984,10.956500053405762,1.4899999999999984,121.39944458007812,1.4899999999999984,8.058310508728027,1.490000000000002,73.574951171875,1.4899999999999984,125.80001831054688
1.5,10.957524299621582,1.5,121.39913177490234,1.5,8.058941841125488,1.5,73.57575988769531,1.5,125.81004333496094
1.509999999999998,10.957197189331056,1.509999999999998,121.39957427978516,1.509999999999998,8.058856010437012,1.5100000000000016,73.57473754882812,1.509999999999998,125.82012176513672
1.5199999999999996,10.958562850952148,1.5199999999999996,121.40065002441406,1.5199999999999996,8.05807876586914,1.5200000000000031,73.57406616210938,1.5199999999999996,125.83064270019533
1.5299999999999976,10.960648536682127,1.5299999999999976,121.40309143066406,1.5299999999999976,8.05860424041748,1.5300000000000011,73.5731430053711,1.5299999999999976,125.8405303955078
1.5399999999999991,10.95748519897461,1.5399999999999991,121.40412139892578,1.5399999999999991,8.058389663696289,1.5400000000000027,73.5737533569336,1.5399999999999991,125.85143280029295
1.5499999999999972,10.95348072052002,1.5499999999999972,121.40605926513672,1.5500000000000007,8.057999610900879,1.5500000000000007,73.57582092285156,1.5500000000000007,125.86286926269533
1.5599999999999987,10.949874877929688,1.5599999999999987,121.40776824951172,1.5599999999999987,8.0582275390625,1.5600000000000025,73.57527160644531,1.5599999999999987,125.87350463867188
1.5700000000000005,10.948969841003418,1.5700000000000005,121.40865325927734,1.5700000000000005,8.05959415435791,1.5700000000000005,73.57514953613281,1.5700000000000005,125.88395690917967
1.5799999999999983,10.951078414916992,1.5799999999999983,121.40994262695312,1.5799999999999983,8.05928897857666,1.5800000000000018,73.57691955566406,1.5799999999999983,125.89459991455078
1.59,10.952693939208984,1.59,121.40975952148438,1.59,8.059442520141602,1.5900000000000034,73.57685089111328,1.59,125.90544891357422
1.599999999999998,10.954010009765623,1.599999999999998,121.4093780517578,1.599999999999998,8.060917854309082,1.6000000000000014,73.57664489746094,1.599999999999998,125.91584014892578
1.6099999999999994,10.952911376953123,1.6099999999999994,121.40946197509766,1.6099999999999994,8.06216049194336,1.610000000000003,73.57627868652344,1.6099999999999994,125.92489624023438
1.6199999999999974,10.951525688171388,1.6199999999999974,121.40917205810548,1.6199999999999974,8.062984466552734,1.620000000000001,73.57588958740234,1.6199999999999974,125.93425750732422
1.629999999999999,10.949460983276367,1.629999999999999,121.40772247314452,1.629999999999999,8.062044143676758,1.6300000000000026,73.57423400878906,1.629999999999999,125.94194793701172
1.639999999999997,10.94710636138916,1.639999999999997,121.40853118896484,1.6400000000000006,8.061237335205078,1.6400000000000006,73.57344055175781,1.6400000000000006,125.94817352294922
1.6499999999999986,10.946120262145996,1.6499999999999986,121.412109375,1.6499999999999986,8.062091827392578,1.650000000000002,73.5724868774414,1.6499999999999986,125.95352935791016
1.66,10.946282386779783,1.66,121.41392517089844,1.66,8.062458038330078,1.66,73.573486328125,1.66,125.9592514038086
1.6699999999999982,10.94983959197998,1.6699999999999982,121.41556549072266,1.6699999999999982,8.06033992767334,1.6700000000000017,73.5763931274414,1.6699999999999982,125.96519470214844
1.6799999999999995,10.954362869262695,1.6799999999999995,121.41638946533205,1.6799999999999995,8.057050704956055,1.6800000000000033,73.57958221435547,1.6799999999999995,125.97154998779295
1.6899999999999975,10.958229064941406,1.6899999999999975,121.41709899902344,1.6899999999999975,8.055258750915527,1.6900000000000013,73.58019256591797,1.6899999999999975,125.97708129882812
1.6999999999999993,10.961296081542969,1.6999999999999993,121.41651153564452,1.6999999999999993,8.053343772888184,1.7000000000000028,73.57957458496094,1.6999999999999993,125.98368072509766
1.7099999999999973,10.962467193603516,1.7099999999999973,121.41504669189452,1.7099999999999973,8.052501678466797,1.7100000000000009,73.57879638671875,1.7099999999999973,125.98979949951172
1.7199999999999989,10.96176052093506,1.7199999999999989,121.41358947753906,1.7199999999999989,8.052201271057129,1.7200000000000024,73.57841491699219,1.7199999999999989,125.99633026123048
1.7300000000000004,10.960277557373049,1.7300000000000004,121.41249084472656,1.7300000000000004,8.051556587219238,1.7300000000000004,73.5768051147461,1.7300000000000004,126.00056457519533
1.7399999999999984,10.956768035888672,1.7399999999999984,121.41307067871094,1.7399999999999984,8.050607681274414,1.740000000000002,73.57723236083984,1.7399999999999984,126.00284576416016
1.75,10.953941345214844,1.75,121.41378021240234,1.75,8.05055046081543,1.75,73.57837677001953,1.75,126.00426483154295
1.759999999999998,10.949824333190918,1.759999999999998,121.41703033447266,1.759999999999998,8.049848556518555,1.7600000000000016,73.57672882080078,1.759999999999998,126.00727081298828
1.7699999999999996,10.947339057922363,1.7699999999999996,121.41893005371094,1.7699999999999996,8.04951000213623,1.7700000000000031,73.57632446289062,1.7699999999999996,126.01023864746094
1.7799999999999976,10.946239471435549,1.7799999999999976,121.41978454589844,1.7799999999999976,8.048053741455078,1.7800000000000011,73.57730102539062,1.7799999999999976,126.01285552978516
1.7899999999999991,10.946540832519531,1.7899999999999991,121.42028045654295,1.7899999999999991,8.047160148620605,1.7900000000000027,73.57685089111328,1.7899999999999991,126.0166244506836
1.7999999999999972,10.947509765625,1.7999999999999972,121.42153930664062,1.8000000000000007,8.049473762512207,1.8000000000000007,73.5753402709961,1.8000000000000007,126.01837921142578
1.8099999999999987,10.947487831115724,1.8099999999999987,121.42272186279295,1.8099999999999987,8.050233840942383,1.8100000000000025,73.57393646240234,1.8099999999999987,126.02912902832033
1.8200000000000005,10.947687149047852,1.8200000000000005,121.4247055053711,1.8200000000000005,8.052141189575195,1.8200000000000005,73.57406616210938,1.8200000000000005,126.0379409790039
1.8299999999999983,10.947632789611816,1.8299999999999983,121.42682647705078,1.8299999999999983,8.052690505981445,1.8300000000000016,73.57442474365234,1.8299999999999983,126.0461883544922
1.84,10.945076942443848,1.84,121.42938995361328,1.84,8.053519248962402,1.840000000000004,73.57488250732422,1.84,126.05430603027344
1.8499999999999976,10.942985534667969,1.8499999999999976,121.4315185546875,1.8499999999999976,8.054427146911621,1.8500000000000008,73.5759048461914,1.8499999999999976,126.06319427490234
1.86,10.941880226135254,1.86,121.433349609375,1.86,8.056268692016602,1.860000000000003,73.57608795166016,1.86,126.07628631591795
1.8699999999999968,10.941513061523438,1.8699999999999968,121.434814453125,1.8699999999999968,8.057514190673828,1.870000000000001,73.5796127319336,1.8699999999999968,126.0894775390625
1.879999999999999,10.941999435424805,1.879999999999999,121.43560791015624,1.879999999999999,8.058711051940918,1.8800000000000023,73.57908630371094,1.879999999999999,126.1009292602539
1.889999999999997,10.943143844604492,1.889999999999997,121.43537139892578,1.8900000000000008,8.059691429138184,1.8900000000000008,73.57899475097656,1.8900000000000008,126.10958862304688
1.8999999999999984,10.943615913391112,1.8999999999999984,121.43482971191406,1.8999999999999984,8.0599365234375,1.900000000000002,73.57689666748047,1.8999999999999984,126.11380767822266
1.91,10.945167541503906,1.91,121.43484497070312,1.91,8.060779571533203,1.91,73.57640075683594,1.91,126.1150131225586
1.9199999999999984,10.94648265838623,1.9199999999999984,121.43592071533205,1.9199999999999984,8.060588836669922,1.9200000000000017,73.5746078491211,1.9199999999999984,126.11527252197266
1.93,10.947735786437988,1.93,121.4376983642578,1.93,8.060662269592285,1.9300000000000035,73.57708740234375,1.93,126.11565399169922
1.9399999999999973,10.949809074401855,1.9399999999999973,121.43903350830078,1.9399999999999973,8.058982849121094,1.9400000000000013,73.57642364501953,1.9399999999999973,126.11695098876952
1.9499999999999995,10.951618194580078,1.9499999999999995,121.4394073486328,1.9499999999999995,8.057989120483398,1.9500000000000028,73.57421112060547,1.9499999999999995,126.11788177490234
1.9599999999999973,10.95294189453125,1.9599999999999973,121.43966674804688,1.9599999999999973,8.057628631591797,1.9600000000000009,73.57530975341797,1.9599999999999973,126.1188507080078
1.9699999999999989,10.952383041381836,1.9699999999999989,121.43858337402344,1.9699999999999989,8.056856155395508,1.9700000000000024,73.57843017578125,1.9699999999999989,126.11821746826172
1.9800000000000004,10.953803062438965,1.9800000000000004,121.43866729736328,1.9800000000000004,8.056598663330078,1.9800000000000004,73.57775115966797,1.9800000000000004,126.1152114868164
1.9899999999999984,10.953774452209473,1.9899999999999984,121.43738555908205,1.9899999999999984,8.056196212768555,1.990000000000002,73.58023071289062,1.9899999999999984,126.1100616455078
2.0,10.954787254333496,2.0,121.43679809570312,2.0,8.056201934814453,2.0,73.58147430419922,2.0,126.10383605957033
2.009999999999998,10.956704139709473,2.009999999999998,121.43673706054688,2.009999999999998,8.057165145874023,2.0100000000000016,73.58174133300781,2.009999999999998,126.09976196289062
2.02,10.957552909851074,2.02,121.43597412109376,2.02,8.05842399597168,2.020000000000003,73.5817642211914,2.02,126.09526824951172
2.0299999999999976,10.957127571105955,2.0299999999999976,121.43504333496094,2.0299999999999976,8.059004783630371,2.030000000000001,73.58027648925781,2.0299999999999976,126.09049224853516
2.039999999999999,10.957331657409668,2.039999999999999,121.434814453125,2.039999999999999,8.058281898498535,2.0400000000000027,73.57921600341797,2.039999999999999,126.08849334716795
2.049999999999997,10.956494331359863,2.049999999999997,121.43377685546876,2.0500000000000007,8.055595397949219,2.0500000000000007,73.57889556884766,2.0500000000000007,126.08674621582033
2.0599999999999987,10.95530891418457,2.0599999999999987,121.4321517944336,2.0599999999999987,8.054034233093262,2.0600000000000023,73.57927703857422,2.0599999999999987,126.08441162109376
2.0700000000000003,10.95529079437256,2.0700000000000003,121.43206787109376,2.0700000000000003,8.052469253540039,2.0700000000000003,73.57781982421875,2.0700000000000003,126.08240509033205
2.0799999999999983,10.955923080444336,2.0799999999999983,121.43294525146484,2.0799999999999983,8.050769805908203,2.080000000000002,73.57814025878906,2.0799999999999983,126.0786590576172
2.09,10.957777976989746,2.09,121.43450164794922,2.09,8.051076889038086,2.0900000000000034,73.57919311523438,2.09,126.07485961914062
2.099999999999998,10.960421562194824,2.099999999999998,121.43526458740234,2.099999999999998,8.051151275634766,2.1000000000000014,73.57723999023438,2.099999999999998,126.07516479492188
2.1099999999999994,10.96109676361084,2.1099999999999994,121.43514251708984,2.1099999999999994,8.051002502441406,2.110000000000003,73.57742309570312,2.1099999999999994,126.07659912109376
2.119999999999997,10.959254264831545,2.119999999999997,121.43383026123048,2.119999999999997,8.050520896911621,2.120000000000001,73.57688903808594,2.119999999999997,126.07968139648438
2.129999999999999,10.957446098327637,2.129999999999999,121.43244934082033,2.129999999999999,8.050149917602539,2.1300000000000026,73.57772064208984,2.129999999999999,126.08363342285156
2.139999999999997,10.955297470092772,2.139999999999997,121.43135833740234,2.140000000000001,8.051094055175781,2.140000000000001,73.57772064208984,2.140000000000001,126.08650207519533
2.1499999999999986,10.95311164855957,2.1499999999999986,121.43075561523438,2.1499999999999986,8.051732063293457,2.150000000000002,73.57554626464844,2.1499999999999986,126.08859252929688
2.16,10.95310401916504,2.16,121.43132019042967,2.16,8.05313777923584,2.16,73.57474517822266,2.16,126.08953094482422
2.169999999999998,10.955037117004396,2.169999999999998,121.43277740478516,2.169999999999998,8.053200721740723,2.1700000000000017,73.57514953613281,2.169999999999998,126.08867645263672
2.18,10.952832221984863,2.18,121.43289184570312,2.18,8.052934646606445,2.180000000000004,73.57763671875,2.18,126.08755493164062
2.1899999999999977,10.95256233215332,2.1899999999999977,121.43269348144533,2.1899999999999977,8.052336692810059,2.1900000000000013,73.57740783691406,2.1899999999999977,126.08965301513672
2.2,10.953746795654297,2.2,121.43177032470705,2.2,8.051273345947266,2.200000000000003,73.5770034790039,2.2,126.09349822998048
2.2099999999999973,10.955711364746094,2.2099999999999973,121.43108367919922,2.2099999999999973,8.049552917480469,2.210000000000001,73.5777359008789,2.2099999999999973,126.09652709960938
2.219999999999999,10.956500053405762,2.219999999999999,121.4295425415039,2.219999999999999,8.04991340637207,2.2200000000000024,73.57772064208984,2.219999999999999,126.0983428955078
2.2300000000000004,10.959312438964844,2.2300000000000004,121.42776489257812,2.2300000000000004,8.048922538757324,2.2300000000000004,73.5784912109375,2.2300000000000004,126.09902954101562
2.2399999999999984,10.964404106140137,2.2399999999999984,121.4260711669922,2.2399999999999984,8.047929763793945,2.240000000000002,73.58013916015625,2.2399999999999984,126.10025787353516
2.25,10.966378211975098,2.25,121.42439270019533,2.25,8.046672821044922,2.25,73.58098602294922,2.25,126.1018524169922
2.259999999999998,10.964957237243652,2.259999999999998,121.4231185913086,2.259999999999998,8.045172691345215,2.2600000000000016,73.58123779296875,2.259999999999998,126.10298919677734
2.27,10.960501670837402,2.27,121.42112731933594,2.27,8.042919158935547,2.270000000000003,73.58157348632812,2.27,126.1046142578125
2.2799999999999976,10.960909843444824,2.2799999999999976,121.41907501220705,2.2799999999999976,8.040016174316406,2.280000000000001,73.58143615722656,2.2799999999999976,126.1064453125
2.289999999999999,10.959139823913574,2.289999999999999,121.41787719726562,2.289999999999999,8.038883209228516,2.2900000000000027,73.58042907714844,2.289999999999999,126.1090850830078
2.299999999999997,10.958244323730469,2.299999999999997,121.41776275634766,2.3000000000000007,8.038395881652832,2.3000000000000007,73.5805892944336,2.3000000000000007,126.1098861694336
2.3099999999999987,10.956807136535645,2.3099999999999987,121.41798400878906,2.3099999999999987,8.037979125976562,2.3100000000000023,73.58076477050781,2.3099999999999987,126.10980224609376
2.3200000000000003,10.95811367034912,2.3200000000000003,121.41912078857422,2.3200000000000003,8.037548065185547,2.3200000000000003,73.58241271972656,2.3200000000000003,126.10986328125
2.3299999999999983,10.95620822906494,2.3299999999999983,121.41893005371094,2.3299999999999983,8.0367431640625,2.330000000000002,73.58071899414062,2.3299999999999983,126.11144256591795
2.34,10.95384120941162,2.34,121.41764068603516,2.34,8.035888671875,2.3400000000000034,73.58074188232422,2.34,126.11285400390624
2.349999999999998,10.95165729522705,2.349999999999998,121.41649627685548,2.349999999999998,8.035045623779297,2.3500000000000014,73.58020782470703,2.349999999999998,126.11473846435548
2.3599999999999994,10.948716163635254,2.3599999999999994,121.41549682617188,2.3599999999999994,8.032856941223145,2.360000000000003,73.58008575439453,2.3599999999999994,126.11582946777344
2.369999999999997,10.949368476867676,2.369999999999997,121.4148941040039,2.369999999999997,8.031123161315918,2.370000000000001,73.57938385009766,2.369999999999997,126.1143569946289
2.379999999999999,10.94853973388672,2.379999999999999,121.4158935546875,2.379999999999999,8.030834197998047,2.3800000000000026,73.57819366455078,2.379999999999999,126.11375427246094
2.389999999999997,10.946234703063965,2.389999999999997,121.4170150756836,2.390000000000001,8.032182693481445,2.390000000000001,73.57889556884766,2.390000000000001,126.11306762695312
2.3999999999999986,10.941984176635742,2.3999999999999986,121.4188461303711,2.3999999999999986,8.032822608947754,2.400000000000002,73.58012390136719,2.3999999999999986,126.1132583618164
2.41,10.939702987670898,2.41,121.41981506347656,2.41,8.032439231872559,2.41,73.58163452148438,2.41,126.11380767822266
2.419999999999998,10.938252449035645,2.419999999999998,121.42145538330078,2.419999999999998,8.032143592834473,2.4200000000000017,73.5813217163086,2.419999999999998,126.11579895019533
2.43,10.938940048217772,2.43,121.42294311523438,2.43,8.031793594360352,2.430000000000004,73.58174133300781,2.43,126.11931610107422
2.4399999999999977,10.941272735595703,2.4399999999999977,121.42407989501952,2.4399999999999977,8.032620429992676,2.4400000000000013,73.58108520507812,2.4399999999999977,126.1207504272461
2.45,10.942861557006836,2.45,121.42638397216795,2.45,8.033781051635742,2.450000000000003,73.58168029785156,2.45,126.1208038330078
2.4599999999999973,10.945518493652344,2.4599999999999973,121.42735290527344,2.4599999999999973,8.033886909484863,2.460000000000001,73.58131408691406,2.4599999999999973,126.12141418457033
2.469999999999999,10.947322845458984,2.469999999999999,121.4287109375,2.469999999999999,8.035676956176758,2.4700000000000024,73.58003997802734,2.469999999999999,126.12081909179688
2.4800000000000004,10.946322441101074,2.4800000000000004,121.4286117553711,2.4800000000000004,8.036442756652832,2.4800000000000004,73.58091735839844,2.4800000000000004,126.1173858642578
2.4899999999999984,10.944243431091309,2.4899999999999984,121.42810821533205,2.4899999999999984,8.038749694824219,2.490000000000002,73.57959747314453,2.4899999999999984,126.11656951904295
2.5,10.941654205322266,2.5,121.42884826660156,2.5,8.039656639099121,2.5,73.57706451416016,2.5,126.11547088623048
2.509999999999998,10.938332557678224,2.509999999999998,121.43067169189452,2.509999999999998,8.041203498840332,2.5100000000000016,73.57565307617188,2.509999999999998,126.11697387695312
2.52,10.938429832458496,2.52,121.43269348144533,2.52,8.04279899597168,2.520000000000003,73.5760269165039,2.52,126.1191864013672
2.5299999999999976,10.941718101501465,2.5299999999999976,121.43511199951172,2.5299999999999976,8.042803764343262,2.530000000000001,73.57766723632812,2.5299999999999976,126.11544799804688
2.539999999999999,10.947196006774902,2.539999999999999,121.43697357177734,2.539999999999999,8.042835235595703,2.5400000000000027,73.5794448852539,2.539999999999999,126.10946655273438
2.549999999999997,10.952865600585938,2.549999999999997,121.438720703125,2.5500000000000007,8.043153762817383,2.5500000000000007,73.58108520507812,2.5500000000000007,126.10015869140624
2.5599999999999987,10.956432342529297,2.5599999999999987,121.43946075439452,2.5599999999999987,8.044177055358887,2.5600000000000023,73.58154296875,2.5599999999999987,126.09439849853516
2.5700000000000003,10.957496643066406,2.5700000000000003,121.44010162353516,2.5700000000000003,8.043183326721191,2.5700000000000003,73.57989501953125,2.5700000000000003,126.09458923339844
2.5799999999999983,10.956467628479004,2.5799999999999983,121.43993377685548,2.5799999999999983,8.0433349609375,2.580000000000002,73.57864379882812,2.5799999999999983,126.09759521484376
2.59,10.953129768371582,2.59,121.43929290771484,2.59,8.042398452758789,2.5900000000000034,73.577392578125,2.59,126.0996322631836
2.599999999999998,10.949539184570312,2.599999999999998,121.43946075439452,2.599999999999998,8.044017791748047,2.6000000000000014,73.5754165649414,2.599999999999998,126.09944915771484
2.6099999999999994,10.946500778198242,2.6099999999999994,121.43921661376952,2.6099999999999994,8.045065879821777,2.610000000000003,73.57501220703125,2.6099999999999994,126.10435485839844
2.619999999999997,10.944591522216797,2.619999999999997,121.4381332397461,2.619999999999997,8.046372413635254,2.620000000000001,73.57649993896484,2.619999999999997,126.11280822753906
2.629999999999999,10.942191123962402,2.629999999999999,121.44003295898438,2.629999999999999,8.04847240447998,2.6300000000000026,73.5748291015625,2.629999999999999,126.1187515258789
2.640000000000001,10.941999435424805,2.640000000000001,121.44093322753906,2.640000000000001,8.048598289489746,2.640000000000001,73.57473754882812,2.640000000000001,126.11939239501952
2.6499999999999986,10.944328308105469,2.6499999999999986,121.44039154052734,2.6499999999999986,8.048423767089844,2.650000000000002,73.57498931884766,2.6499999999999986,126.11707305908205
2.66,10.946208953857422,2.66,121.44007110595705,2.66,8.04844856262207,2.66,73.57755279541016,2.66,126.11175537109376
2.669999999999998,10.95344066619873,2.669999999999998,121.44164276123048,2.669999999999998,8.047741889953613,2.6700000000000017,73.57943725585938,2.669999999999998,126.10603332519533
2.68,10.95781421661377,2.68,121.44172668457033,2.68,8.046128273010254,2.680000000000004,73.5806655883789,2.68,126.1012954711914
2.6899999999999977,10.959967613220217,2.6899999999999977,121.4402084350586,2.6899999999999977,8.044450759887695,2.6900000000000013,73.58343505859375,2.6899999999999977,126.0977554321289
2.7,10.961933135986328,2.7,121.43732452392578,2.7,8.044041633605957,2.700000000000003,73.58364868164062,2.7,126.09654235839844
2.7099999999999973,10.963210105895996,2.7099999999999973,121.4336395263672,2.710000000000001,8.044170379638672,2.710000000000001,73.5848388671875,2.7099999999999973,126.09432983398438
2.719999999999999,10.963852882385254,2.719999999999999,121.43041229248048,2.719999999999999,8.045021057128906,2.7200000000000024,73.58483123779297,2.719999999999999,126.09528350830078
2.7300000000000004,10.962607383728027,2.7300000000000004,121.42750549316406,2.7300000000000004,8.04468059539795,2.7300000000000004,73.58560943603516,2.7300000000000004,126.09706115722656
2.7399999999999984,10.961966514587402,2.7399999999999984,121.42809295654295,2.7399999999999984,8.044516563415527,2.740000000000002,73.58515930175781,2.7399999999999984,126.09780883789062
2.75,10.96280002593994,2.75,121.4279556274414,2.75,8.042458534240723,2.750000000000004,73.58692932128906,2.75,126.0972137451172
2.759999999999998,10.962773323059082,2.759999999999998,121.42919921875,2.759999999999998,8.040122032165527,2.7600000000000016,73.58965301513672,2.759999999999998,126.09735107421876
2.77,10.962847709655762,2.77,121.42899322509766,2.77,8.038104057312012,2.770000000000003,73.59147644042969,2.77,126.09695434570312
2.7799999999999976,10.964567184448242,2.7799999999999976,121.4279327392578,2.7799999999999976,8.034598350524902,2.780000000000001,73.59302520751953,2.7799999999999976,126.0989761352539
2.789999999999999,10.965596199035645,2.789999999999999,121.42650604248048,2.789999999999999,8.031658172607422,2.7900000000000027,73.59283447265625,2.789999999999999,126.1001205444336
2.799999999999997,10.966431617736816,2.799999999999997,121.42527770996094,2.8000000000000007,8.028801918029785,2.8000000000000007,73.59220886230469,2.8000000000000007,126.1059799194336
2.8099999999999987,10.96419906616211,2.8099999999999987,121.4249496459961,2.8099999999999987,8.028336524963379,2.8100000000000023,73.59099578857422,2.8099999999999987,126.10850524902344
2.8200000000000003,10.960393905639648,2.8200000000000003,121.42525482177734,2.8200000000000003,8.026887893676758,2.8200000000000003,73.59111785888672,2.8200000000000003,126.11157989501952
2.8299999999999983,10.956223487854004,2.8299999999999983,121.42570495605467,2.8299999999999983,8.027172088623047,2.830000000000002,73.59056091308594,2.8299999999999983,126.11370086669922
2.84,10.952207565307615,2.84,121.42733001708984,2.84,8.029328346252441,2.8400000000000034,73.5888671875,2.84,126.11682891845705
2.849999999999998,10.9486665725708,2.849999999999998,121.4299087524414,2.849999999999998,8.033116340637207,2.8500000000000014,73.58856201171875,2.849999999999998,126.11883544921876
2.8599999999999994,10.943731307983398,2.8599999999999994,121.43269348144533,2.8599999999999994,8.033327102661133,2.860000000000003,73.58815002441406,2.8599999999999994,126.12075805664062
2.869999999999997,10.94386386871338,2.869999999999997,121.43458557128906,2.869999999999997,8.033905029296875,2.870000000000001,73.58740997314453,2.869999999999997,126.12305450439452
2.879999999999999,10.944843292236328,2.879999999999999,121.43634796142578,2.879999999999999,8.032793998718262,2.8800000000000026,73.58674621582031,2.879999999999999,126.12742614746094
2.890000000000001,10.943927764892578,2.890000000000001,121.43571472167967,2.890000000000001,8.032811164855957,2.890000000000001,73.58631134033203,2.890000000000001,126.1330108642578
2.8999999999999986,10.943621635437012,2.8999999999999986,121.4365463256836,2.8999999999999986,8.033462524414062,2.900000000000002,73.58815002441406,2.8999999999999986,126.13890075683594
2.91,10.942835807800291,2.91,121.43791198730467,2.91,8.033905982971191,2.91,73.5866470336914,2.91,126.1436538696289
2.919999999999998,10.942978858947754,2.919999999999998,121.43833923339844,2.919999999999998,8.035362243652344,2.9200000000000017,73.58539581298828,2.919999999999998,126.15007781982422
2.93,10.946166038513184,2.93,121.4385986328125,2.93,8.037398338317871,2.930000000000004,73.58596801757812,2.93,126.15734100341795
2.9399999999999977,10.952244758605955,2.9399999999999977,121.43939208984376,2.9399999999999977,8.038315773010254,2.9400000000000013,73.58604431152344,2.9399999999999977,126.16230010986328
2.95,10.952774047851562,2.95,121.43997955322266,2.95,8.039422035217285,2.950000000000003,73.5850830078125,2.95,126.16683959960938
2.9599999999999973,10.954258918762209,2.9599999999999973,121.43980407714844,2.960000000000001,8.040078163146973,2.960000000000001,73.58618927001953,2.960000000000001,126.16974639892578
2.969999999999999,10.957284927368164,2.969999999999999,121.43915557861328,2.969999999999999,8.04006576538086,2.9700000000000024,73.58966064453125,2.969999999999999,126.17306518554688
2.9800000000000004,10.959136962890623,2.9800000000000004,121.43739318847656,2.9800000000000004,8.038904190063477,2.9800000000000004,73.59170532226562,2.9800000000000004,126.17477416992188
2.9899999999999984,10.961908340454102,2.9899999999999984,121.43555450439452,2.9899999999999984,8.037599563598633,2.990000000000002,73.59202575683594,2.9899999999999984,126.17527770996094
3.0,10.966132164001465,3.0,121.43450164794922,3.0,8.035415649414062,3.000000000000004,73.5936050415039,3.0,126.17544555664062
3.009999999999998,10.966443061828612,3.009999999999998,121.43439483642578,3.009999999999998,8.034502983093262,3.0100000000000016,73.59378814697266,3.009999999999998,126.1781234741211
3.02,10.965215682983398,3.02,121.43386840820312,3.02,8.033130645751953,3.020000000000003,73.59219360351562,3.02,126.18189239501952
3.0299999999999976,10.966418266296388,3.0299999999999976,121.4333267211914,3.0299999999999976,8.034131050109863,3.030000000000001,73.59200286865234,3.0299999999999976,126.18792724609376
3.039999999999999,10.965479850769045,3.039999999999999,121.43328094482422,3.039999999999999,8.035272598266602,3.0400000000000027,73.59215545654297,3.039999999999999,126.19290161132812
3.049999999999997,10.965919494628906,3.049999999999997,121.43296813964844,3.0500000000000007,8.03570556640625,3.0500000000000007,73.59288787841797,3.0500000000000007,126.19832611083984
3.0599999999999987,10.965388298034668,3.0599999999999987,121.43360137939452,3.0599999999999987,8.036850929260254,3.0600000000000023,73.59303283691406,3.0599999999999987,126.20197296142578
3.0700000000000003,10.965145111083984,3.0700000000000003,121.43367004394533,3.0700000000000003,8.03571605682373,3.0700000000000003,73.59347534179688,3.0700000000000003,126.20415496826172
3.0799999999999983,10.96464729309082,3.0799999999999983,121.4336395263672,3.0799999999999983,8.035456657409668,3.080000000000002,73.59349060058594,3.0799999999999983,126.20377349853516
3.09,10.964622497558594,3.09,121.43498992919922,3.09,8.03443431854248,3.0900000000000034,73.5946044921875,3.09,126.20079803466795
3.099999999999998,10.964367866516112,3.099999999999998,121.43488311767578,3.099999999999998,8.034388542175293,3.1000000000000014,73.59490203857422,3.099999999999998,126.2036361694336
3.1099999999999994,10.964617729187012,3.1099999999999994,121.43531799316406,3.1099999999999994,8.033561706542969,3.110000000000003,73.59574127197266,3.1099999999999994,126.21075439453124
3.119999999999997,10.963787078857422,3.119999999999997,121.43578338623048,3.119999999999997,8.033900260925293,3.120000000000001,73.59447479248047,3.119999999999997,126.2164535522461
3.129999999999999,10.961993217468262,3.129999999999999,121.4358367919922,3.129999999999999,8.032153129577637,3.1300000000000026,73.59457397460938,3.129999999999999,126.22034454345705
3.140000000000001,10.959571838378906,3.140000000000001,121.43576049804688,3.140000000000001,8.032794952392578,3.140000000000001,73.59486389160156,3.140000000000001,126.22169494628906
3.1499999999999986,10.957149505615234,3.1499999999999986,121.43595123291016,3.1499999999999986,8.034110069274902,3.150000000000002,73.59410095214844,3.1499999999999986,126.22254180908205
3.16,10.955039978027344,3.16,121.43517303466795,3.16,8.035054206848145,3.16,73.59243774414062,3.16,126.22418212890624
3.169999999999998,10.952360153198242,3.169999999999998,121.43465423583984,3.169999999999998,8.034070014953613,3.1700000000000017,73.59210205078125,3.169999999999998,126.228271484375
3.18,10.95115852355957,3.18,121.43519592285156,3.18,8.033904075622559,3.180000000000004,73.5937271118164,3.18,126.23333740234376
3.1899999999999977,10.95344352722168,3.1899999999999977,121.4349136352539,3.1899999999999977,8.033698081970215,3.1900000000000013,73.5948715209961,3.1899999999999977,126.240234375
3.2,10.955750465393066,3.2,121.43474578857422,3.2,8.033426284790039,3.200000000000003,73.5959243774414,3.2,126.2470932006836
3.2099999999999973,10.958697319030762,3.2099999999999973,121.4338607788086,3.210000000000001,8.03271198272705,3.210000000000001,73.59585571289062,3.210000000000001,126.25328063964844
3.219999999999999,10.959819793701172,3.219999999999999,121.4342269897461,3.219999999999999,8.032875061035156,3.2200000000000024,73.59652709960938,3.219999999999999,126.25931549072266
3.2300000000000004,10.959185600280762,3.2300000000000004,121.43355560302734,3.2300000000000004,8.032529830932617,3.2300000000000004,73.59491729736328,3.2300000000000004,126.26449584960938
3.2399999999999984,10.957170486450195,3.2399999999999984,121.4327392578125,3.2399999999999984,8.033777236938477,3.240000000000002,73.59410858154297,3.2399999999999984,126.2685546875
3.25,10.954229354858398,3.25,121.4327392578125,3.25,8.034690856933594,3.250000000000004,73.59365844726562,3.25,126.27287292480467
3.259999999999998,10.95310115814209,3.259999999999998,121.43170166015624,3.259999999999998,8.032833099365234,3.2600000000000016,73.59310913085938,3.259999999999998,126.27877044677734
3.27,10.94996738433838,3.27,121.43170166015624,3.27,8.032220840454102,3.270000000000003,73.59200286865234,3.27,126.2834014892578
3.2799999999999976,10.948941230773926,3.2799999999999976,121.43306732177734,3.2799999999999976,8.031908988952637,3.280000000000001,73.5920639038086,3.2799999999999976,126.28497314453124
3.289999999999999,10.950427055358888,3.289999999999999,121.43439483642578,3.289999999999999,8.032442092895508,3.2900000000000027,73.58999633789062,3.289999999999999,126.2873077392578
3.299999999999997,10.95183277130127,3.299999999999997,121.43701171875,3.3000000000000007,8.033602714538574,3.3000000000000007,73.58815002441406,3.3000000000000007,126.29102325439452
3.3099999999999987,10.95176601409912,3.3099999999999987,121.4377212524414,3.3099999999999987,8.034751892089844,3.3100000000000023,73.5877456665039,3.3099999999999987,126.2958755493164
3.3200000000000003,10.949005126953123,3.3200000000000003,121.4389419555664,3.3200000000000003,8.035772323608398,3.3200000000000003,73.58856201171875,3.3200000000000003,126.30091094970705
3.3299999999999983,10.944701194763184,3.3299999999999983,121.43954467773438,3.3299999999999983,8.035130500793457,3.330000000000002,73.58948516845703,3.3299999999999983,126.30863189697266
3.34,10.944045066833496,3.34,121.44086456298828,3.34,8.03411865234375,3.3400000000000034,73.58909606933594,3.34,126.32099151611328
3.349999999999998,10.94537353515625,3.349999999999998,121.4422836303711,3.349999999999998,8.035964012145996,3.3500000000000014,73.5896224975586,3.349999999999998,126.3364486694336
3.3599999999999994,10.944647789001465,3.3599999999999994,121.44257354736328,3.3599999999999994,8.037108421325684,3.360000000000003,73.587890625,3.3599999999999994,126.35218048095705
3.369999999999997,10.94386863708496,3.369999999999997,121.44342041015624,3.369999999999997,8.039185523986816,3.370000000000001,73.58757781982422,3.369999999999997,126.3652114868164
3.379999999999999,10.942516326904297,3.379999999999999,121.4438018798828,3.379999999999999,8.039949417114258,3.3800000000000026,73.58748626708984,3.379999999999999,126.3729476928711
3.390000000000001,10.941611289978027,3.390000000000001,121.44359588623048,3.390000000000001,8.040694236755371,3.390000000000001,73.58671569824219,3.390000000000001,126.37887573242188
3.3999999999999986,10.94569206237793,3.3999999999999986,121.44466400146484,3.3999999999999986,8.042141914367676,3.400000000000002,73.58587646484375,3.3999999999999986,126.38288879394533
3.41,10.94449520111084,3.41,121.44500732421876,3.41,8.04251766204834,3.41,73.58407592773438,3.41,126.385009765625
3.419999999999998,10.944499969482422,3.419999999999998,121.44506072998048,3.419999999999998,8.040430068969727,3.4200000000000017,73.58468627929688,3.419999999999998,126.38907623291016
3.43,10.945718765258787,3.43,121.44444274902344,3.43,8.038520812988281,3.430000000000004,73.58492279052734,3.43,126.3927001953125
3.4399999999999977,10.948790550231934,3.4399999999999977,121.44223022460938,3.4399999999999977,8.0375394821167,3.4400000000000013,73.58670043945312,3.4399999999999977,126.39586639404295
3.45,10.951767921447754,3.45,121.44091033935548,3.45,8.035998344421387,3.450000000000003,73.5880126953125,3.45,126.40071868896484
3.4599999999999973,10.954534530639648,3.4599999999999973,121.4399642944336,3.460000000000001,8.0341796875,3.460000000000001,73.59017181396484,3.460000000000001,126.40575408935548
3.469999999999999,10.955621719360352,3.469999999999999,121.43885803222656,3.469999999999999,8.032103538513184,3.4700000000000024,73.58897399902344,3.469999999999999,126.40858459472656
3.4800000000000004,10.956071853637695,3.4800000000000004,121.43806457519533,3.4800000000000004,8.030860900878906,3.4800000000000004,73.58910369873047,3.4800000000000004,126.40967559814452
3.4899999999999984,10.955755233764648,3.4899999999999984,121.4368667602539,3.4899999999999984,8.030978202819824,3.490000000000002,73.5894546508789,3.4899999999999984,126.41200256347656
3.5,10.957609176635742,3.5,121.43657684326172,3.5,8.030616760253906,3.500000000000004,73.58905029296875,3.5,126.41421508789062
3.509999999999998,10.957672119140623,3.509999999999998,121.43467712402344,3.509999999999998,8.029626846313477,3.5100000000000016,73.58705139160156,3.509999999999998,126.41545867919922
3.52,10.95693302154541,3.52,121.43358612060548,3.52,8.02899169921875,3.520000000000003,73.58612060546875,3.52,126.4163818359375
3.5299999999999976,10.955551147460938,3.5299999999999976,121.43441772460938,3.5299999999999976,8.0303373336792,3.530000000000001,73.58625793457031,3.5299999999999976,126.42121887207033
3.539999999999999,10.953365325927734,3.539999999999999,121.43460845947266,3.539999999999999,8.030343055725098,3.5400000000000027,73.58522033691406,3.539999999999999,126.42648315429688
3.549999999999997,10.951992988586426,3.549999999999997,121.43624877929688,3.5500000000000007,8.03060531616211,3.5500000000000007,73.5853042602539,3.5500000000000007,126.4286117553711
3.5599999999999987,10.951711654663086,3.5599999999999987,121.43854522705078,3.5599999999999987,8.030208587646484,3.5600000000000023,73.58538055419922,3.5599999999999987,126.42868041992188
3.5700000000000003,10.951774597167969,3.5700000000000003,121.44001770019533,3.5700000000000003,8.030112266540527,3.5700000000000003,73.58502960205078,3.5700000000000003,126.42805480957033
3.5799999999999983,10.9522123336792,3.5799999999999983,121.4399642944336,3.5799999999999983,8.029912948608398,3.580000000000002,73.58428955078125,3.5799999999999983,126.42982482910156
3.59,10.952959060668944,3.59,121.44010162353516,3.59,8.02992057800293,3.5900000000000034,73.58523559570312,3.59,126.43376159667967
3.599999999999998,10.953245162963867,3.599999999999998,121.43980407714844,3.599999999999998,8.02950382232666,3.6000000000000014,73.58663940429688,3.599999999999998,126.4391860961914
3.61,10.952021598815918,3.61,121.43951416015624,3.61,8.02993392944336,3.610000000000003,73.58564758300781,3.61,126.44383239746094
3.619999999999997,10.950606346130373,3.619999999999997,121.44041442871094,3.619999999999997,8.031312942504883,3.620000000000001,73.58545684814453,3.619999999999997,126.44725799560548
3.629999999999999,10.949066162109377,3.629999999999999,121.440673828125,3.629999999999999,8.033113479614258,3.6300000000000026,73.58442687988281,3.629999999999999,126.4491958618164
3.640000000000001,10.94835090637207,3.640000000000001,121.4422836303711,3.640000000000001,8.036187171936035,3.640000000000001,73.58309936523438,3.640000000000001,126.45270538330078
3.649999999999999,10.945640563964844,3.649999999999999,121.44444274902344,3.649999999999999,8.038422584533691,3.650000000000002,73.58372497558594,3.649999999999999,126.45657348632812
3.66,10.942666053771973,3.66,121.44718933105467,3.66,8.039074897766113,3.66,73.58320617675781,3.66,126.46099853515624
3.669999999999998,10.942946434020996,3.669999999999998,121.4489288330078,3.669999999999998,8.039154052734375,3.6700000000000017,73.58386993408203,3.669999999999998,126.46527862548828
3.679999999999996,10.943886756896973,3.679999999999996,121.44977569580078,3.68,8.040607452392578,3.6800000000000033,73.58404541015625,3.68,126.46690368652344
3.690000000000001,10.94857692718506,3.690000000000001,121.45049285888672,3.6899999999999977,8.042661666870117,3.690000000000001,73.58478546142578,3.6899999999999977,126.468994140625
3.6999999999999993,10.951879501342772,3.6999999999999993,121.45015716552734,3.6999999999999993,8.043108940124512,3.700000000000003,73.5826187133789,3.6999999999999993,126.46984100341795
3.709999999999997,10.953868865966797,3.709999999999997,121.45004272460938,3.710000000000001,8.045440673828125,3.710000000000001,73.58160400390625,3.710000000000001,126.46987915039062
3.7199999999999953,10.95383071899414,3.7199999999999953,121.44943237304688,3.719999999999999,8.04666805267334,3.7200000000000015,73.58104705810547,3.719999999999999,126.4710693359375
3.73,10.952037811279297,3.73,121.4487075805664,3.73,8.047690391540527,3.73,73.58052062988281,3.73,126.47318267822266
3.7399999999999984,10.948776245117188,3.7399999999999984,121.44649505615234,3.7399999999999984,8.048799514770508,3.740000000000002,73.58002471923828,3.7399999999999984,126.47732543945312
3.749999999999997,10.94472885131836,3.749999999999997,121.44566345214844,3.749999999999997,8.048644065856934,3.750000000000004,73.5779800415039,3.75,126.4811782836914
3.7600000000000016,10.942964553833008,3.7600000000000016,121.44718933105467,3.7600000000000016,8.048599243164062,3.7600000000000016,73.57643127441406,3.759999999999998,126.48497772216795
3.77,10.944271087646484,3.77,121.44828033447266,3.77,8.049283981323242,3.770000000000003,73.57722473144531,3.77,126.48600006103516
3.7799999999999976,10.944284439086914,3.7799999999999976,121.4493637084961,3.7799999999999976,8.050474166870117,3.780000000000001,73.57801055908203,3.7799999999999976,126.4862823486328
3.789999999999996,10.946791648864746,3.789999999999996,121.45221710205078,3.789999999999996,8.05215072631836,3.789999999999999,73.5792236328125,3.789999999999999,126.48634338378906
3.8000000000000007,10.951321601867676,3.8000000000000007,121.45342254638672,3.8000000000000007,8.05270767211914,3.800000000000004,73.5808334350586,3.8000000000000007,126.48503112792967
3.809999999999999,10.953483581542969,3.809999999999999,121.4534912109375,3.809999999999999,8.051765441894531,3.8100000000000014,73.58130645751953,3.809999999999999,126.48594665527344
3.8199999999999967,10.9528169631958,3.8199999999999967,121.45199584960938,3.8199999999999967,8.049920082092285,3.82,73.5810546875,3.82,126.48680114746094
3.830000000000002,10.950892448425291,3.830000000000002,121.44976043701172,3.830000000000002,8.048200607299805,3.8299999999999983,73.58172607421875,3.8299999999999983,126.4874038696289
3.84,10.948741912841797,3.84,121.44710540771484,3.84,8.048966407775879,3.8400000000000034,73.58271026611328,3.84,126.48959350585938
3.849999999999998,10.945810317993164,3.849999999999998,121.44518280029295,3.849999999999998,8.049162864685059,3.8500000000000014,73.58146667480469,3.849999999999998,126.48897552490234
3.859999999999996,10.944084167480469,3.859999999999996,121.4434051513672,3.859999999999996,8.049701690673828,3.86,73.58129119873047,3.86,126.4875259399414
3.870000000000001,10.942530632019045,3.870000000000001,121.44141387939452,3.870000000000001,8.05033016204834,3.870000000000005,73.58200073242188,3.869999999999997,126.48699951171876
3.879999999999999,10.942628860473633,3.879999999999999,121.44065856933594,3.879999999999999,8.05053424835205,3.8800000000000026,73.5830078125,3.879999999999999,126.48613739013672
3.889999999999997,10.944826126098633,3.889999999999997,121.44156646728516,3.889999999999997,8.048938751220703,3.890000000000001,73.58206939697266,3.890000000000001,126.48587799072266
3.900000000000002,10.946062088012695,3.900000000000002,121.44300842285156,3.900000000000002,8.04608154296875,3.899999999999999,73.5833740234375,3.899999999999999,126.4847183227539
3.91,10.947328567504885,3.91,121.44454193115234,3.91,8.045361518859863,3.910000000000004,73.58538055419922,3.91,126.48206329345705
3.919999999999998,10.950644493103027,3.919999999999998,121.44645690917967,3.919999999999998,8.045355796813965,3.9200000000000017,73.58585357666016,3.919999999999998,126.48168182373048
3.929999999999996,10.951781272888184,3.929999999999996,121.44573974609376,3.929999999999996,8.046589851379395,3.93,73.58653259277344,3.93,126.48206329345705
3.940000000000001,10.95248317718506,3.940000000000001,121.4447021484375,3.940000000000001,8.045711517333984,3.940000000000005,73.5882797241211,3.9399999999999977,126.48294067382812
3.9499999999999993,10.952670097351074,3.9499999999999993,121.44351959228516,3.9499999999999993,8.045680046081543,3.950000000000003,73.58953094482422,3.9499999999999993,126.48308563232422
3.959999999999997,10.95221710205078,3.959999999999997,121.44224548339844,3.959999999999997,8.04652214050293,3.960000000000001,73.58766174316406,3.960000000000001,126.48210906982422
3.9699999999999953,10.950030326843262,3.9699999999999953,121.44129180908205,3.9700000000000015,8.048933982849121,3.969999999999999,73.5853500366211,3.969999999999999,126.48139190673828
3.98,10.945501327514648,3.98,121.44065856933594,3.98,8.050583839416504,3.980000000000004,73.58484649658203,3.98,126.4781265258789
3.9899999999999984,10.942453384399414,3.9899999999999984,121.44215393066406,3.9899999999999984,8.052760124206543,3.990000000000002,73.58436584472656,3.9899999999999984,126.4759750366211
3.999999999999997,10.93940544128418,3.999999999999997,121.44454193115234,3.999999999999997,8.054259300231934,4.0,73.58332824707031,3.999999999999997,126.47516632080078
4.010000000000002,10.93751335144043,4.010000000000002,121.4486083984375,4.010000000000002,8.055517196655273,4.010000000000005,73.58402252197266,4.010000000000002,126.47139739990234
4.02,10.93802547454834,4.02,121.45325469970705,4.02,8.056204795837402,4.020000000000003,73.58293151855469,4.02,126.46514129638672
4.029999999999998,10.941022872924805,4.029999999999998,121.4574203491211,4.029999999999998,8.057534217834473,4.030000000000001,73.58380126953125,4.029999999999998,126.45662689208984
4.039999999999996,10.943758010864258,4.039999999999996,121.45964813232422,4.039999999999996,8.059259414672852,4.039999999999999,73.58224487304688,4.039999999999996,126.44863891601562
4.050000000000001,10.945592880249023,4.050000000000001,121.46097564697266,4.050000000000001,8.061717987060547,4.050000000000004,73.58427429199219,4.050000000000001,126.44367980957033
4.059999999999999,10.946009635925291,4.059999999999999,121.46092987060548,4.059999999999999,8.06335163116455,4.060000000000002,73.58450317382812,4.059999999999999,126.44105529785156
4.069999999999997,10.943466186523438,4.069999999999997,121.46101379394533,4.069999999999997,8.066904067993164,4.07,73.58453369140625,4.069999999999997,126.4408950805664
4.080000000000002,10.940359115600586,4.080000000000002,121.46125793457033,4.080000000000002,8.067473411560059,4.079999999999998,73.5826644897461,4.080000000000002,126.44195556640624
4.09,10.936593055725098,4.09,121.46068572998048,4.09,8.069366455078125,4.090000000000003,73.58417510986328,4.09,126.44348907470705
4.099999999999998,10.934560775756836,4.099999999999998,121.46246337890624,4.099999999999998,8.071682929992676,4.100000000000001,73.58248901367188,4.099999999999998,126.44351196289062
4.109999999999996,10.933951377868652,4.109999999999996,121.46379852294922,4.109999999999996,8.072823524475098,4.109999999999999,73.58272552490234,4.109999999999996,126.43923950195312
4.120000000000001,10.935769081115724,4.120000000000001,121.46379089355467,4.120000000000001,8.074088096618652,4.1200000000000045,73.58171081542969,4.120000000000001,126.43177795410156
4.129999999999999,10.937939643859863,4.129999999999999,121.4647445678711,4.129999999999999,8.076127052307129,4.130000000000003,73.58231353759766,4.129999999999999,126.41903686523438
4.139999999999997,10.940082550048828,4.139999999999997,121.4649887084961,4.139999999999997,8.078584671020508,4.140000000000001,73.58228302001953,4.139999999999997,126.40309143066406
4.150000000000002,10.941536903381348,4.150000000000002,121.46444702148438,4.150000000000002,8.080218315124512,4.149999999999999,73.58218383789062,4.150000000000002,126.39031982421876
4.16,10.944462776184082,4.16,121.46379852294922,4.16,8.081449508666992,4.160000000000004,73.58342742919922,4.16,126.37920379638672
4.169999999999998,10.947529792785645,4.169999999999998,121.46369171142578,4.169999999999998,8.07959270477295,4.170000000000002,73.58512115478516,4.169999999999998,126.37103271484376
4.179999999999996,10.945343017578123,4.179999999999996,121.46314239501952,4.179999999999996,8.077878952026367,4.18,73.58756256103516,4.179999999999996,126.36392974853516
4.190000000000001,10.948020935058594,4.190000000000001,121.46311950683594,4.190000000000001,8.076647758483887,4.190000000000005,73.5912094116211,4.190000000000001,126.35549926757812
4.199999999999999,10.952098846435549,4.199999999999999,121.46186065673828,4.199999999999999,8.075185775756836,4.200000000000003,73.59314727783203,4.199999999999999,126.3447494506836
4.209999999999997,10.958044052124023,4.209999999999997,121.4593734741211,4.209999999999997,8.074492454528809,4.210000000000001,73.59424591064453,4.209999999999997,126.33171844482422
4.219999999999995,10.9623384475708,4.219999999999995,121.45646667480467,4.220000000000002,8.0740327835083,4.219999999999999,73.59440612792969,4.220000000000002,126.31744384765624
4.23,10.9639310836792,4.23,121.4536361694336,4.23,8.071501731872559,4.230000000000004,73.5956039428711,4.23,126.30541229248048
4.239999999999998,10.965349197387695,4.239999999999998,121.4510269165039,4.239999999999998,8.071453094482422,4.240000000000002,73.59427642822266,4.239999999999998,126.29306030273438
4.2499999999999964,10.964330673217772,4.2499999999999964,121.45022583007812,4.2499999999999964,8.072096824645996,4.25,73.59437561035156,4.2499999999999964,126.27916717529295
4.260000000000002,10.962382316589355,4.260000000000002,121.45187377929688,4.260000000000002,8.072781562805176,4.260000000000005,73.59442138671875,4.260000000000002,126.2637710571289
4.27,10.962676048278809,4.27,121.454345703125,4.27,8.074084281921387,4.270000000000003,73.59467315673828,4.27,126.24925231933594
4.279999999999998,10.957369804382324,4.279999999999998,121.4551239013672,4.279999999999998,8.071876525878906,4.280000000000001,73.59374237060547,4.279999999999998,126.23722839355467
4.289999999999996,10.956555366516112,4.289999999999996,121.45565795898438,4.289999999999996,8.07029914855957,4.289999999999999,73.59324645996094,4.289999999999996,126.2267074584961
4.300000000000001,10.953731536865234,4.300000000000001,121.45452880859376,4.300000000000001,8.068796157836914,4.300000000000004,73.59321594238281,4.300000000000001,126.21343231201172
4.309999999999999,10.953857421875,4.309999999999999,121.45415496826172,4.309999999999999,8.068826675415039,4.310000000000002,73.59208679199219,4.309999999999999,126.19808197021484
4.319999999999997,10.95194149017334,4.319999999999997,121.4546356201172,4.319999999999997,8.069538116455078,4.32,73.59233856201172,4.319999999999997,126.18059539794922
4.330000000000002,10.949725151062012,4.330000000000002,121.45413208007812,4.330000000000002,8.070662498474121,4.329999999999998,73.59404754638672,4.330000000000002,126.16366577148438
4.34,10.946925163269045,4.34,121.45465087890624,4.34,8.07476806640625,4.340000000000003,73.59429931640625,4.34,126.14817810058594
4.349999999999998,10.944692611694336,4.349999999999998,121.45565795898438,4.349999999999998,8.077672004699707,4.350000000000001,73.5960464477539,4.349999999999998,126.1319351196289
4.359999999999996,10.941561698913574,4.359999999999996,121.45641326904295,4.359999999999996,8.079660415649414,4.359999999999999,73.59854888916016,4.359999999999996,126.11647033691406
4.370000000000001,10.936476707458496,4.370000000000001,121.4570541381836,4.370000000000001,8.078381538391113,4.3700000000000045,73.59967803955078,4.370000000000001,126.0995635986328
4.379999999999999,10.934943199157717,4.379999999999999,121.45773315429688,4.379999999999999,8.079024314880371,4.380000000000003,73.59980010986328,4.379999999999999,126.08353424072266
4.389999999999997,10.93543815612793,4.389999999999997,121.4584503173828,4.389999999999997,8.07925796508789,4.390000000000001,73.59901428222656,4.389999999999997,126.06800842285156
4.400000000000002,10.93456745147705,4.400000000000002,121.45858001708984,4.400000000000002,8.080150604248047,4.399999999999999,73.59903717041016,4.400000000000002,126.05066680908205
4.41,10.93298625946045,4.41,121.45751953125,4.41,8.083324432373047,4.410000000000004,73.59771728515625,4.41,126.03227996826172
4.419999999999998,10.930070877075195,4.419999999999998,121.45769500732422,4.419999999999998,8.084022521972656,4.420000000000002,73.59548950195312,4.419999999999998,126.0144271850586
4.429999999999996,10.92679500579834,4.429999999999996,121.4574737548828,4.429999999999996,8.08515453338623,4.43,73.59415435791016,4.429999999999996,125.9988250732422
4.440000000000001,10.92307949066162,4.440000000000001,121.45753479003906,4.440000000000001,8.08486270904541,4.440000000000005,73.59170532226562,4.440000000000001,125.98580932617188
4.449999999999999,10.919478416442873,4.449999999999999,121.4609603881836,4.449999999999999,8.085603713989258,4.450000000000003,73.59072875976562,4.449999999999999,125.97293853759766
4.459999999999997,10.91631317138672,4.459999999999997,121.46403503417967,4.459999999999997,8.086396217346191,4.460000000000001,73.59349060058594,4.459999999999997,125.95983123779295
4.469999999999995,10.919867515563965,4.469999999999995,121.4652099609375,4.470000000000002,8.085504531860352,4.469999999999999,73.59520721435547,4.470000000000002,125.94300079345705
4.48,10.924922943115234,4.48,121.4649887084961,4.48,8.08614730834961,4.480000000000004,73.59599304199219,4.48,125.92330169677734
4.489999999999998,10.930046081542969,4.489999999999998,121.46436309814452,4.489999999999998,8.086906433105469,4.490000000000002,73.59720611572266,4.489999999999998,125.90174102783205
4.4999999999999964,10.93455982208252,4.4999999999999964,121.46270751953124,4.4999999999999964,8.088327407836914,4.5,73.59798431396484,4.4999999999999964,125.8799819946289
4.510000000000002,10.935532569885254,4.510000000000002,121.4604949951172,4.510000000000002,8.088308334350586,4.510000000000005,73.59845733642578,4.510000000000002,125.85891723632812
4.52,10.93458652496338,4.52,121.45787048339844,4.52,8.089460372924805,4.520000000000003,73.5979232788086,4.52,125.8408203125
4.529999999999998,10.932923316955566,4.529999999999998,121.4542236328125,4.529999999999998,8.089754104614258,4.530000000000001,73.59819030761719,4.529999999999998,125.8236312866211
4.539999999999996,10.931657791137695,4.539999999999996,121.45313262939452,4.539999999999996,8.090299606323242,4.539999999999999,73.60032653808594,4.539999999999996,125.8069839477539
4.550000000000001,10.933808326721191,4.550000000000001,121.45335388183594,4.550000000000001,8.08944034576416,4.550000000000004,73.59980773925781,4.550000000000001,125.79291534423828
4.559999999999999,10.936054229736328,4.559999999999999,121.45536041259766,4.559999999999999,8.089638710021973,4.560000000000002,73.60177612304688,4.559999999999999,125.77655029296876
4.569999999999997,10.938186645507812,4.569999999999997,121.45728302001952,4.569999999999997,8.088181495666504,4.57,73.60286712646484,4.569999999999997,125.75908660888672
4.580000000000002,10.939669609069824,4.580000000000002,121.4586944580078,4.580000000000002,8.08680248260498,4.579999999999998,73.60259246826172,4.580000000000002,125.73865509033205
4.59,10.942039489746094,4.59,121.45828247070312,4.59,8.085169792175293,4.590000000000003,73.60236358642578,4.59,125.71761322021484
4.599999999999998,10.943426132202148,4.599999999999998,121.45653533935548,4.599999999999998,8.084376335144043,4.600000000000001,73.60260009765625,4.599999999999998,125.6969223022461
4.609999999999996,10.943839073181152,4.609999999999996,121.45403289794922,4.609999999999996,8.085527420043945,4.609999999999999,73.60177612304688,4.609999999999996,125.67998504638672
4.620000000000001,10.941817283630373,4.620000000000001,121.45076751708984,4.620000000000001,8.0866060256958,4.6200000000000045,73.60287475585938,4.620000000000001,125.67024230957033
4.629999999999999,10.937923431396484,4.629999999999999,121.44843292236328,4.629999999999999,8.08902645111084,4.630000000000003,73.60045623779297,4.629999999999999,125.66106414794922
4.639999999999997,10.932966232299805,4.639999999999997,121.44760131835938,4.639999999999997,8.08863353729248,4.640000000000001,73.60291290283203,4.639999999999997,125.65159606933594
4.650000000000002,10.928844451904297,4.650000000000002,121.44691467285156,4.650000000000002,8.088171005249023,4.649999999999999,73.60415649414062,4.650000000000002,125.64086151123048
4.66,10.926628112792969,4.66,121.44772338867188,4.66,8.088228225708008,4.660000000000004,73.60409545898438,4.66,125.6279525756836
4.669999999999998,10.925692558288574,4.669999999999998,121.44837951660156,4.669999999999998,8.08831787109375,4.670000000000002,73.60295104980469,4.669999999999998,125.61449432373048
4.679999999999996,10.925910949707031,4.679999999999996,121.4492645263672,4.679999999999996,8.089625358581543,4.68,73.6030502319336,4.679999999999996,125.6019515991211
4.690000000000001,10.928013801574709,4.690000000000001,121.45062255859376,4.690000000000001,8.089178085327148,4.690000000000005,73.60246276855469,4.690000000000001,125.5894546508789
4.699999999999999,10.929280281066896,4.699999999999999,121.4504165649414,4.699999999999999,8.090473175048828,4.700000000000003,73.6031494140625,4.699999999999999,125.5777359008789
4.709999999999997,10.928995132446287,4.709999999999997,121.45036315917967,4.709999999999997,8.091632843017578,4.710000000000001,73.60466766357422,4.709999999999997,125.56394958496094
4.719999999999995,10.925064086914062,4.719999999999995,121.4500732421875,4.720000000000002,8.092340469360352,4.719999999999999,73.60484313964844,4.720000000000002,125.55030059814452
4.73,10.920598030090332,4.73,121.44967651367188,4.73,8.091646194458008,4.730000000000004,73.60414123535156,4.73,125.53472900390624
4.739999999999998,10.915034294128418,4.739999999999998,121.44953918457033,4.739999999999998,8.089373588562012,4.740000000000002,73.60354614257812,4.739999999999998,125.51734161376952
4.7499999999999964,10.915318489074709,4.7499999999999964,121.44872283935548,4.7499999999999964,8.086936950683594,4.75,73.60255432128906,4.7499999999999964,125.50310516357422
4.760000000000002,10.916927337646484,4.760000000000002,121.448486328125,4.760000000000002,8.08797550201416,4.760000000000005,73.60020446777344,4.760000000000002,125.48969268798828
4.77,10.918856620788574,4.77,121.44925689697266,4.77,8.089730262756348,4.770000000000003,73.59822082519531,4.77,125.47975158691406
4.779999999999998,10.922056198120115,4.779999999999998,121.4511947631836,4.779999999999998,8.091501235961914,4.780000000000001,73.59770965576172,4.779999999999998,125.46854400634766
4.789999999999996,10.925086975097656,4.789999999999996,121.4551239013672,4.789999999999996,8.094287872314453,4.789999999999999,73.59597778320312,4.789999999999996,125.45314025878906
4.800000000000001,10.927712440490724,4.800000000000001,121.45841979980467,4.800000000000001,8.097804069519043,4.800000000000004,73.59486389160156,4.800000000000001,125.43313598632812
4.809999999999999,10.92908000946045,4.809999999999999,121.46142578125,4.809999999999999,8.101523399353027,4.810000000000002,73.59563446044922,4.809999999999999,125.41455841064452
4.819999999999997,10.926473617553713,4.819999999999997,121.46463775634766,4.819999999999997,8.103801727294922,4.82,73.59738159179688,4.819999999999997,125.40109252929688
4.830000000000002,10.924079895019531,4.830000000000002,121.46732330322266,4.830000000000002,8.104239463806152,4.829999999999998,73.59710693359375,4.830000000000002,125.39153289794922
4.84,10.921392440795898,4.84,121.46849060058594,4.84,8.103975296020508,4.840000000000003,73.59688568115234,4.84,125.38382720947266
4.849999999999998,10.919025421142578,4.849999999999998,121.46826934814452,4.849999999999998,8.103731155395508,4.850000000000001,73.59671783447266,4.849999999999998,125.37664031982422
4.859999999999996,10.91903018951416,4.859999999999996,121.4679946899414,4.859999999999996,8.10236930847168,4.859999999999999,73.59577941894531,4.859999999999996,125.37069702148438
4.870000000000001,10.921581268310549,4.870000000000001,121.46686553955078,4.870000000000001,8.102446556091309,4.8700000000000045,73.59473419189453,4.870000000000001,125.36680603027344
4.879999999999999,10.924360275268556,4.879999999999999,121.46556091308594,4.879999999999999,8.104177474975586,4.880000000000003,73.59492492675781,4.879999999999999,125.3631591796875
4.889999999999997,10.926326751708984,4.889999999999997,121.46403503417967,4.889999999999997,8.103799819946289,4.890000000000001,73.59382629394531,4.889999999999997,125.36184692382812
4.900000000000002,10.931921005249023,4.900000000000002,121.463623046875,4.900000000000002,8.10511302947998,4.899999999999999,73.59241485595703,4.900000000000002,125.36322784423828
4.91,10.934944152832031,4.91,121.46392822265624,4.91,8.104995727539062,4.910000000000004,73.59510803222656,4.91,125.36575317382812
4.919999999999998,10.934880256652832,4.919999999999998,121.46403503417967,4.919999999999998,8.10524845123291,4.920000000000002,73.59825897216797,4.919999999999998,125.36930084228516
4.929999999999996,10.935901641845703,4.929999999999996,121.46355438232422,4.929999999999996,8.102716445922852,4.93,73.59939575195312,4.929999999999996,125.37345886230467
4.940000000000001,10.938819885253906,4.940000000000001,121.46257019042967,4.940000000000001,8.10094165802002,4.940000000000005,73.60002136230469,4.940000000000001,125.3793716430664
4.949999999999999,10.943282127380373,4.949999999999999,121.46109771728516,4.949999999999999,8.098264694213867,4.950000000000003,73.59994506835938,4.949999999999999,125.38490295410156
4.959999999999997,10.94680404663086,4.959999999999997,121.45928192138672,4.959999999999997,8.096236228942871,4.960000000000001,73.60034942626953,4.959999999999997,125.38916778564452
4.969999999999995,10.950127601623535,4.969999999999995,121.45719146728516,4.970000000000002,8.094889640808105,4.969999999999999,73.5999984741211,4.970000000000002,125.39447784423828
4.98,10.95148754119873,4.98,121.45499420166016,4.98,8.092451095581055,4.980000000000004,73.60047912597656,4.98,125.40023040771484
4.989999999999998,10.950803756713867,4.989999999999998,121.45291137695312,4.989999999999998,8.090628623962402,4.990000000000002,73.60106658935547,4.989999999999998,125.4099578857422
4.9999999999999964,10.950346946716309,4.9999999999999964,121.45162963867188,4.9999999999999964,8.089284896850586,5.0,73.60028839111328,4.9999999999999964,125.42119598388672
5.010000000000002,10.949132919311523,5.010000000000002,121.45140075683594,5.010000000000002,8.088441848754883,5.010000000000005,73.59990692138672,5.010000000000002,125.43083190917967
5.02,10.94793701171875,5.02,121.45081329345705,5.02,8.088299751281738,5.020000000000003,73.60016632080078,5.02,125.43755340576172
5.029999999999998,10.94452667236328,5.029999999999998,121.45000457763672,5.029999999999998,8.088568687438965,5.030000000000001,73.59961700439453,5.029999999999998,125.44320678710938
5.039999999999996,10.940404891967772,5.039999999999996,121.45011138916016,5.039999999999996,8.087394714355469,5.039999999999999,73.60054016113281,5.039999999999996,125.45025634765624
5.050000000000001,10.93742561340332,5.050000000000001,121.44963836669922,5.050000000000001,8.085745811462402,5.050000000000004,73.6004409790039,5.050000000000001,125.45655059814452
5.059999999999999,10.933187484741213,5.059999999999999,121.4506607055664,5.059999999999999,8.084809303283691,5.060000000000002,73.60154724121094,5.059999999999999,125.4638442993164
5.069999999999997,10.930197715759276,5.069999999999997,121.45154571533205,5.069999999999997,8.084362030029297,5.07,73.60055541992188,5.069999999999997,125.4731216430664
5.080000000000002,10.925244331359863,5.080000000000002,121.4529800415039,5.080000000000002,8.083330154418945,5.079999999999998,73.60015106201172,5.080000000000002,125.4823989868164
5.09,10.918691635131836,5.09,121.45538330078124,5.09,8.082684516906738,5.090000000000003,73.60447692871094,5.09,125.49288940429688
5.099999999999998,10.914839744567873,5.099999999999998,121.45841979980467,5.099999999999998,8.081088066101074,5.100000000000001,73.60413360595703,5.099999999999998,125.50496673583984
5.109999999999996,10.915733337402344,5.109999999999996,121.46028900146484,5.109999999999996,8.078795433044434,5.109999999999999,73.60433197021484,5.109999999999996,125.51609802246094
5.120000000000001,10.917558670043944,5.120000000000001,121.46228790283205,5.120000000000001,8.077766418457031,5.1200000000000045,73.60562133789062,5.120000000000001,125.53042602539062
5.129999999999999,10.918553352355955,5.129999999999999,121.4626922607422,5.129999999999999,8.077542304992676,5.130000000000003,73.606201171875,5.129999999999999,125.54338836669922
5.139999999999997,10.918329238891602,5.139999999999997,121.46318817138672,5.139999999999997,8.078757286071777,5.140000000000001,73.60710906982422,5.139999999999997,125.55599975585938
5.150000000000002,10.91771125793457,5.150000000000002,121.46216583251952,5.150000000000002,8.080524444580078,5.149999999999999,73.60647583007812,5.150000000000002,125.56743621826172
5.16,10.914968490600586,5.16,121.46249389648438,5.16,8.080166816711426,5.160000000000004,73.60535430908203,5.16,125.5804214477539
5.169999999999998,10.91282081604004,5.169999999999998,121.46288299560548,5.169999999999998,8.080720901489258,5.170000000000002,73.60528564453125,5.169999999999998,125.59221649169922
5.179999999999996,10.910676956176758,5.179999999999996,121.46405029296876,5.179999999999996,8.080531120300293,5.18,73.60391998291016,5.179999999999996,125.60115814208984
5.190000000000001,10.90954303741455,5.190000000000001,121.46710968017578,5.190000000000001,8.081554412841797,5.190000000000005,73.60460662841797,5.190000000000001,125.61074829101562
5.199999999999999,10.90920639038086,5.199999999999999,121.46920776367188,5.199999999999999,8.0819091796875,5.200000000000003,73.603759765625,5.199999999999999,125.62102508544922
5.209999999999997,10.910094261169434,5.209999999999997,121.47074127197266,5.209999999999997,8.083088874816895,5.210000000000001,73.60489654541016,5.209999999999997,125.63308715820312
5.219999999999995,10.910152435302734,5.219999999999995,121.4717788696289,5.220000000000002,8.083128929138184,5.219999999999999,73.60372161865234,5.220000000000002,125.64484405517578
5.23,10.911384582519531,5.23,121.47136688232422,5.23,8.08248233795166,5.230000000000004,73.6045913696289,5.23,125.65602111816406
5.239999999999998,10.913455963134766,5.239999999999998,121.47176361083984,5.239999999999998,8.081217765808105,5.240000000000002,73.6066665649414,5.239999999999998,125.66761779785156
5.2499999999999964,10.917006492614746,5.2499999999999964,121.47179412841795,5.2499999999999964,8.080117225646973,5.25,73.60673522949219,5.2499999999999964,125.67865753173828
5.260000000000002,10.91927719116211,5.260000000000002,121.47146606445312,5.260000000000002,8.080821990966797,5.260000000000005,73.60697174072266,5.260000000000002,125.68802642822266
5.27,10.92141342163086,5.27,121.4706573486328,5.27,8.081478118896484,5.270000000000003,73.60778045654297,5.27,125.69798278808594
5.279999999999998,10.9217529296875,5.279999999999998,121.46925354003906,5.279999999999998,8.082554817199707,5.280000000000001,73.6063003540039,5.279999999999998,125.70684051513672
5.289999999999996,10.920614242553713,5.289999999999996,121.46666717529295,5.289999999999996,8.083491325378418,5.289999999999999,73.60501861572266,5.289999999999996,125.71690368652344
5.300000000000001,10.918794631958008,5.300000000000001,121.46572875976562,5.300000000000001,8.084866523742676,5.300000000000004,73.60137939453125,5.300000000000001,125.7292709350586
5.309999999999999,10.914876937866213,5.309999999999999,121.46676635742188,5.309999999999999,8.084578514099121,5.310000000000002,73.59705352783203,5.309999999999999,125.74053955078124
5.319999999999997,10.911938667297363,5.319999999999997,121.4702606201172,5.319999999999997,8.083691596984863,5.32,73.5959701538086,5.319999999999997,125.75007629394533
5.330000000000002,10.911428451538086,5.330000000000002,121.47550964355467,5.330000000000002,8.083508491516113,5.329999999999998,73.595458984375,5.330000000000002,125.75951385498048
5.34,10.912691116333008,5.34,121.47803497314452,5.34,8.083833694458008,5.340000000000003,73.59884643554688,5.34,125.77015686035156
5.349999999999998,10.914624214172363,5.349999999999998,121.4794464111328,5.349999999999998,8.08226490020752,5.350000000000001,73.60150146484375,5.349999999999998,125.78087615966795
5.359999999999996,10.917370796203612,5.359999999999996,121.47930908203124,5.359999999999996,8.081384658813477,5.359999999999999,73.60325622558594,5.359999999999996,125.79183197021484
5.370000000000001,10.920677185058594,5.370000000000001,121.47956848144533,5.370000000000001,8.081299781799316,5.3700000000000045,73.60395812988281,5.370000000000001,125.80150604248048
5.379999999999999,10.924066543579102,5.379999999999999,121.4795913696289,5.379999999999999,8.079792976379395,5.380000000000003,73.60472106933594,5.379999999999999,125.810546875
5.389999999999997,10.923998832702637,5.389999999999997,121.4791030883789,5.389999999999997,8.07922649383545,5.390000000000001,73.60350799560547,5.389999999999997,125.81819915771484
5.400000000000002,10.92166233062744,5.400000000000002,121.47737884521484,5.400000000000002,8.079099655151367,5.399999999999999,73.60334014892578,5.400000000000002,125.82584381103516
5.41,10.917378425598145,5.41,121.4763412475586,5.41,8.079092979431152,5.410000000000004,73.60214233398438,5.41,125.83209228515624
5.419999999999998,10.91238021850586,5.419999999999998,121.47455596923828,5.419999999999998,8.080063819885254,5.420000000000002,73.60171508789062,5.419999999999998,125.83812713623048
5.429999999999996,10.907508850097656,5.429999999999996,121.47566223144533,5.429999999999996,8.080106735229492,5.43,73.6011734008789,5.429999999999996,125.84545135498048
5.440000000000001,10.902618408203123,5.440000000000001,121.47684478759766,5.440000000000001,8.08006763458252,5.440000000000005,73.6025161743164,5.440000000000001,125.8526382446289
5.449999999999999,10.898947715759276,5.449999999999999,121.48069763183594,5.449999999999999,8.079699516296387,5.450000000000003,73.60140228271484,5.449999999999999,125.86219787597656
5.459999999999997,10.896292686462402,5.459999999999997,121.48477172851562,5.459999999999997,8.079644203186035,5.460000000000001,73.60151672363281,5.459999999999997,125.8717041015625
5.469999999999995,10.897416114807127,5.469999999999995,121.48876190185548,5.470000000000002,8.07957649230957,5.469999999999999,73.60416412353516,5.470000000000002,125.87975311279295
5.48,10.89852809906006,5.48,121.4926528930664,5.48,8.07886028289795,5.480000000000004,73.60747528076172,5.48,125.88704681396484
5.489999999999998,10.89972686767578,5.489999999999998,121.49463653564452,5.489999999999998,8.077715873718262,5.490000000000002,73.6094741821289,5.489999999999998,125.89466857910156
5.4999999999999964,10.901726722717283,5.4999999999999964,121.49695587158205,5.4999999999999964,8.07613468170166,5.5,73.60971069335938,5.4999999999999964,125.90514373779295
5.510000000000002,10.900890350341797,5.510000000000002,121.4979248046875,5.510000000000002,8.077940940856934,5.510000000000005,73.61067199707031,5.510000000000002,125.91703033447266
5.52,10.89714241027832,5.52,121.50038146972656,5.52,8.079390525817871,5.520000000000003,73.61024475097656,5.52,125.93011474609376
5.529999999999998,10.890419960021973,5.529999999999998,121.50448608398438,5.529999999999998,8.079985618591309,5.530000000000001,73.61190795898438,5.529999999999998,125.9430923461914
5.539999999999996,10.880484580993652,5.539999999999996,121.51354217529295,5.539999999999996,8.080272674560547,5.539999999999999,73.61318969726562,5.539999999999996,125.95254516601562
5.550000000000001,10.86998462677002,5.550000000000001,121.52275848388672,5.550000000000001,8.082841873168945,5.550000000000004,73.61776733398438,5.550000000000001,125.9570541381836
5.559999999999999,10.857938766479492,5.559999999999999,121.53350830078124,5.559999999999999,8.084553718566895,5.560000000000002,73.62163543701172,5.559999999999999,125.95843505859376
5.569999999999997,10.845949172973633,5.569999999999997,121.5433578491211,5.569999999999997,8.08919620513916,5.57,73.6246109008789,5.569999999999997,125.96121978759766
5.580000000000002,10.8340425491333,5.580000000000002,121.55196380615234,5.580000000000002,8.09257698059082,5.579999999999998,73.62786102294922,5.580000000000002,125.96795654296876
5.59,10.818441390991213,5.59,121.55435943603516,5.59,8.092691421508789,5.590000000000003,73.63078308105469,5.59,125.97518157958984
5.599999999999998,10.7990140914917,5.599999999999998,121.55770111083984,5.599999999999998,8.088348388671875,5.600000000000001,73.63043212890625,5.599999999999998,125.98494720458984
5.609999999999996,10.774300575256348,5.609999999999996,121.57062530517578,5.609999999999996,8.090846061706543,5.609999999999999,73.6319351196289,5.609999999999996,125.99707794189452
5.620000000000001,10.743842124938965,5.620000000000001,121.59123992919922,5.620000000000001,8.10413646697998,5.6200000000000045,73.63313293457031,5.620000000000001,126.0124053955078
5.629999999999999,10.712525367736816,5.629999999999999,121.61756134033205,5.629999999999999,8.117605209350586,5.630000000000003,73.63262176513672,5.629999999999999,126.0277328491211
5.639999999999997,10.677712440490724,5.639999999999997,121.6445541381836,5.639999999999997,8.1361722946167,5.640000000000001,73.59551239013672,5.639999999999997,126.04053497314452
5.650000000000002,10.64089584350586,5.650000000000002,121.71176147460938,5.650000000000002,8.1647310256958,5.649999999999999,73.4745101928711,5.650000000000002,126.04857635498048
5.66,10.600977897644045,5.66,121.82391357421876,5.66,8.204943656921387,5.660000000000004,73.23455810546875,5.66,126.05408477783205
5.669999999999998,10.560094833374023,5.669999999999998,121.88634490966795,5.669999999999998,8.251620292663574,5.670000000000002,72.8919677734375,5.669999999999998,126.05655670166016
5.679999999999996,10.518634796142578,5.679999999999996,121.86780548095705,5.679999999999996,8.308870315551758,5.68,72.44971466064453,5.679999999999996,126.05992889404295
5.690000000000001,10.479320526123049,5.690000000000001,121.73776245117188,5.690000000000001,8.382525444030762,5.690000000000005,71.87025451660156,5.690000000000001,126.06248474121094
5.699999999999999,10.448737144470217,5.699999999999999,121.5305633544922,5.699999999999999,8.470332145690918,5.700000000000003,71.14592742919922,5.699999999999999,126.06192779541016
5.709999999999997,10.436158180236816,5.709999999999997,121.29715728759766,5.709999999999997,8.56256103515625,5.710000000000001,70.23027038574219,5.709999999999997,126.06288146972656
5.719999999999995,10.439924240112305,5.719999999999995,121.03541564941406,5.720000000000002,8.632026672363281,5.719999999999999,69.16603088378906,5.720000000000002,126.06800842285156
5.73,10.450040817260742,5.73,120.71134948730467,5.73,8.680183410644531,5.730000000000004,67.95945739746094,5.73,126.08031463623048
5.739999999999998,10.472895622253418,5.739999999999998,120.32429504394533,5.739999999999998,8.723305702209473,5.740000000000002,66.67974853515625,5.739999999999998,126.09390258789062
5.7499999999999964,10.50852394104004,5.7499999999999964,119.9816665649414,5.7499999999999964,8.77353286743164,5.75,65.48302459716797,5.7499999999999964,126.10838317871094
5.760000000000002,10.551413536071776,5.760000000000002,119.78667449951172,5.760000000000002,8.833769798278809,5.760000000000005,64.61759948730469,5.760000000000002,126.12931060791016
5.77,10.557448387145996,5.77,119.61324310302734,5.77,8.901471138000488,5.770000000000003,64.64908599853516,5.77,126.15772247314452
5.779999999999998,10.637724876403809,5.779999999999998,119.42138671875,5.779999999999998,8.967872619628906,5.780000000000001,65.31307983398438,5.779999999999998,126.18280792236328
5.789999999999996,10.550158500671388,5.789999999999996,119.19078063964844,5.789999999999996,9.024489402770996,5.789999999999999,66.54576110839844,5.789999999999996,126.19564819335938
5.800000000000001,10.243570327758787,5.800000000000001,118.95921325683594,5.800000000000001,9.071249961853027,5.800000000000004,67.77050018310547,5.800000000000001,126.2039794921875
5.809999999999999,9.832501411437988,5.809999999999999,118.75302124023438,5.809999999999999,9.092947006225586,5.810000000000002,68.71209716796875,5.809999999999999,126.2170639038086
5.819999999999997,9.272473335266112,5.819999999999997,118.65291595458984,5.819999999999997,9.091232299804688,5.82,69.47579193115234,5.819999999999997,126.23990631103516
5.830000000000002,8.507408142089844,5.830000000000002,118.68222045898438,5.830000000000002,9.06560516357422,5.829999999999998,70.2737045288086,5.830000000000002,126.28614807128906
5.84,7.694288730621338,5.84,118.74031829833984,5.84,9.024735450744627,5.840000000000003,71.1880874633789,5.84,126.34967803955078
5.849999999999998,6.935276031494141,5.849999999999998,118.7483367919922,5.849999999999998,8.979302406311035,5.850000000000001,72.14633178710938,5.849999999999998,126.423583984375
5.859999999999996,6.219229221343994,5.859999999999996,118.7136001586914,5.859999999999996,8.942623138427734,5.859999999999999,73.02452087402344,5.859999999999996,126.5084991455078
5.870000000000001,5.506763935089111,5.870000000000001,118.66901397705078,5.870000000000001,8.92017650604248,5.8700000000000045,73.75703430175781,5.870000000000001,126.58987426757812
5.879999999999999,4.832666397094727,5.879999999999999,118.64879608154295,5.879999999999999,8.914375305175781,5.880000000000003,74.28202819824219,5.879999999999999,126.63510131835938
5.889999999999997,4.19184160232544,5.889999999999997,118.6602020263672,5.889999999999997,8.913771629333496,5.890000000000001,74.62334442138672,5.889999999999997,126.6308364868164
5.900000000000002,3.5371811389923096,5.900000000000002,118.69497680664062,5.900000000000002,8.904934883117676,5.899999999999999,74.75643157958984,5.900000000000002,126.5784912109375
5.91,2.87373161315918,5.91,118.74087524414062,5.91,8.878969192504883,5.910000000000004,74.75238800048828,5.91,126.5167999267578
5.919999999999998,2.2043490409851074,5.919999999999998,118.7948760986328,5.919999999999998,8.830379486083984,5.920000000000002,74.63756561279297,5.919999999999998,126.46737670898438
5.929999999999996,1.5367624759674072,5.929999999999996,118.8446807861328,5.929999999999996,8.769721984863281,5.93,74.43355560302734,5.929999999999996,126.44269561767578
5.940000000000001,0.893152117729187,5.940000000000001,118.87092590332033,5.940000000000001,8.704119682312012,5.940000000000005,74.11534881591797,5.940000000000001,126.44022369384766
5.949999999999999,0.2925934791564941,5.949999999999999,118.8783950805664,5.949999999999999,8.643869400024414,5.950000000000003,73.67604064941406,5.949999999999999,126.4512176513672
5.959999999999997,-0.2398228198289871,5.959999999999997,118.83860778808594,5.959999999999997,8.595964431762695,5.960000000000001,73.107666015625,5.959999999999997,126.45714569091795
5.970000000000002,-0.7020101547241211,5.970000000000002,118.7550277709961,5.970000000000002,8.571415901184082,5.969999999999999,72.35273742675781,5.970000000000002,126.44590759277344
5.98,-1.090883493423462,5.98,118.63172912597656,5.98,8.563467979431152,5.980000000000004,71.40106201171875,5.98,126.43666076660156
5.989999999999998,-1.4174418449401855,5.989999999999998,118.47863006591795,5.989999999999998,8.56354808807373,5.990000000000002,70.21617126464844,5.989999999999998,126.43611145019533
5.9999999999999964,-1.6609832048416138,5.9999999999999964,118.3001937866211,5.9999999999999964,8.561330795288086,6.0,68.81109619140625,5.9999999999999964,126.4461898803711
6.010000000000002,-1.7899024486541748,6.010000000000002,118.10250091552734,6.010000000000002,8.567113876342773,6.010000000000005,67.13362121582031,6.010000000000002,126.46941375732422
6.02,-1.8093054294586184,6.02,117.8780517578125,6.02,8.583520889282227,6.020000000000003,65.26488494873047,6.02,126.50777435302734
6.029999999999998,-1.6987403631210327,6.029999999999998,117.61058807373048,6.029999999999998,8.598183631896973,6.030000000000001,63.42569351196289,6.029999999999998,126.54586029052734
6.039999999999996,-1.478888750076294,6.039999999999996,117.30545806884766,6.040000000000003,8.605637550354004,6.039999999999999,63.23218536376953,6.039999999999996,126.56716918945312
6.050000000000001,-1.1606216430664062,6.050000000000001,117.04997253417967,6.050000000000001,8.611798286437988,6.050000000000004,66.1218032836914,6.050000000000001,126.564697265625
6.059999999999999,-0.7240443229675293,6.059999999999999,117.22010803222656,6.059999999999999,8.62522029876709,6.060000000000002,68.58692932128906,6.059999999999999,126.53868865966795
6.069999999999997,-0.1561587750911712,6.069999999999997,118.00741577148438,6.069999999999997,8.652575492858887,6.07,69.97557067871094,6.069999999999997,126.4904556274414
6.080000000000002,0.5700523853302002,6.080000000000002,117.98597717285156,6.080000000000002,8.693467140197754,6.080000000000005,70.1202163696289,6.080000000000002,126.4286651611328
6.09,1.458516001701355,6.09,118.49127960205078,6.09,8.765399932861328,6.090000000000003,69.35897064208984,6.09,126.37039184570312
6.099999999999998,2.465093851089477,6.099999999999998,118.5153579711914,6.099999999999998,8.863022804260254,6.100000000000001,68.08541107177734,6.099999999999998,126.32902526855467
6.109999999999996,3.600165605545044,6.109999999999996,118.09453582763672,6.109999999999996,8.965017318725586,6.109999999999999,66.48645782470703,6.109999999999996,126.31122589111328
6.120000000000001,4.821584224700928,6.120000000000001,117.58509826660156,6.120000000000001,9.053296089172363,6.1200000000000045,64.64830017089844,6.120000000000001,126.3292465209961
6.129999999999999,6.120659351348877,6.129999999999999,117.3134765625,6.129999999999999,9.1292085647583,6.130000000000003,62.862911224365234,6.129999999999999,126.36830139160156
6.139999999999997,7.387809753417969,6.139999999999997,117.36067199707033,6.139999999999997,9.197588920593262,6.140000000000001,61.81583023071289,6.139999999999997,126.40638732910156
6.150000000000002,8.29677963256836,6.150000000000002,117.3802261352539,6.150000000000002,9.251014709472656,6.149999999999999,62.03904342651367,6.150000000000002,126.43892669677734
6.16,8.804210662841797,6.16,117.21056365966795,6.16,9.2778902053833,6.160000000000004,63.02896118164063,6.16,126.46358489990234
6.169999999999998,8.901182174682617,6.169999999999998,116.94518280029295,6.169999999999998,9.2880277633667,6.170000000000002,64.31599426269531,6.169999999999998,126.4853057861328
6.179999999999996,8.510766983032227,6.179999999999996,116.59357452392578,6.179999999999996,9.272239685058594,6.18,65.20711517333984,6.179999999999996,126.49121856689452
6.190000000000001,7.633455753326416,6.190000000000001,116.24310302734376,6.190000000000001,9.230183601379396,6.190000000000005,65.8179702758789,6.190000000000001,126.47990417480467
6.199999999999999,6.5120110511779785,6.199999999999999,116.08385467529295,6.199999999999999,9.168607711791992,6.200000000000003,66.33597564697266,6.199999999999999,126.51132202148438
6.209999999999997,5.340033054351807,6.209999999999997,116.14720916748048,6.209999999999997,9.097613334655762,6.210000000000001,66.74520874023438,6.209999999999997,126.54524230957033
6.220000000000002,4.331982612609863,6.220000000000002,116.30836486816406,6.220000000000002,9.034897804260254,6.219999999999999,66.869873046875,6.220000000000002,126.50155639648438
6.23,3.5439460277557373,6.23,116.52116394042967,6.23,8.996018409729004,6.230000000000004,66.63106536865234,6.23,126.41549682617188
6.239999999999998,2.96585750579834,6.239999999999998,116.67105865478516,6.239999999999998,8.974963188171387,6.240000000000002,66.12154388427734,6.239999999999998,126.32737731933594
6.2499999999999964,2.50968599319458,6.2499999999999964,116.73197174072266,6.2499999999999964,8.963390350341797,6.25,65.4791030883789,6.2499999999999964,126.24339294433594
6.260000000000002,2.149857759475708,6.260000000000002,116.7685546875,6.260000000000002,8.958613395690918,6.260000000000005,64.84291076660156,6.260000000000002,126.15780639648438
6.27,1.8018465042114256,6.27,116.77659606933594,6.27,8.9612455368042,6.270000000000003,64.15156555175781,6.27,126.11397552490234
6.279999999999998,1.4240078926086426,6.279999999999998,116.75102996826172,6.279999999999998,8.968050956726074,6.280000000000001,63.3312873840332,6.279999999999998,126.1301040649414
6.289999999999996,0.9794813990592957,6.289999999999996,116.70055389404295,6.290000000000003,8.97561264038086,6.289999999999999,62.34196853637695,6.290000000000003,126.2349090576172
6.300000000000001,0.5482548475265503,6.300000000000001,116.63510131835938,6.300000000000001,8.977118492126465,6.300000000000004,61.27638244628906,6.300000000000001,126.43313598632812
6.309999999999999,0.1704548746347427,6.309999999999999,116.5458755493164,6.309999999999999,8.964954376220703,6.310000000000002,60.210147857666016,6.309999999999999,126.6323699951172
6.319999999999997,-0.0988678336143493,6.319999999999997,116.42781829833984,6.319999999999997,8.929281234741211,6.32,59.60673141479492,6.319999999999997,126.72579193115234
6.330000000000002,-0.2234881073236465,6.330000000000002,116.27869415283205,6.330000000000002,8.87576675415039,6.330000000000005,60.237491607666016,6.330000000000002,126.66693115234376
6.34,-0.1860082298517227,6.34,116.1123504638672,6.34,8.818831443786621,6.340000000000003,62.42729187011719,6.34,126.44957733154295
6.349999999999998,0.0141517063602805,6.349999999999998,116.38504791259766,6.349999999999998,8.769009590148926,6.350000000000001,64.83002471923828,6.349999999999998,126.14287567138672
6.359999999999996,0.3236456513404846,6.359999999999996,116.971435546875,6.359999999999996,8.732304573059082,6.359999999999999,67.22047424316406,6.359999999999996,125.86744689941406
6.370000000000001,0.7322638034820557,6.370000000000001,117.89214324951172,6.370000000000001,8.708840370178223,6.3700000000000045,69.31744384765625,6.370000000000001,125.68951416015624
6.379999999999999,1.2354670763015747,6.379999999999999,118.30020904541016,6.379999999999999,8.697776794433594,6.380000000000003,71.33119201660156,6.379999999999999,125.62562561035156
6.389999999999997,1.8596503734588623,6.389999999999997,118.92831420898438,6.389999999999997,8.69665813446045,6.390000000000001,73.11934661865234,6.389999999999997,125.6886978149414
6.400000000000002,2.5922555923461914,6.400000000000002,119.60574340820312,6.400000000000002,8.699512481689453,6.399999999999999,74.13864135742188,6.400000000000002,125.84481048583984
6.41,3.4345076084136963,6.41,120.18889617919922,6.41,8.695064544677734,6.410000000000004,74.77379608154297,6.41,126.02059173583984
6.419999999999998,4.405832290649414,6.419999999999998,120.36848449707033,6.419999999999998,8.675358772277832,6.420000000000002,74.68911743164062,6.419999999999998,126.16535949707033
6.429999999999996,5.43100118637085,6.429999999999996,120.49193572998048,6.429999999999996,8.647217750549316,6.43,74.07566833496094,6.429999999999996,126.27125549316406
6.440000000000001,6.384145259857178,6.440000000000001,120.67678833007812,6.440000000000001,8.617254257202148,6.440000000000005,73.3918685913086,6.440000000000001,126.33458709716795
6.449999999999999,7.230974197387695,6.449999999999999,120.77572631835938,6.449999999999999,8.59761905670166,6.450000000000003,72.73829650878906,6.449999999999999,126.3576202392578
6.459999999999997,8.061266899108887,6.459999999999997,120.7190933227539,6.459999999999997,8.596237182617188,6.460000000000001,72.08771514892578,6.459999999999997,126.3430404663086
6.470000000000002,8.835891723632812,6.470000000000002,120.51371002197266,6.470000000000002,8.607477188110352,6.469999999999999,71.43024444580078,6.470000000000002,126.27483367919922
6.48,9.524210929870604,6.48,120.2274932861328,6.48,8.61652946472168,6.480000000000004,70.82405853271484,6.48,126.17840576171876
6.489999999999998,10.023993492126465,6.489999999999998,119.9123764038086,6.489999999999998,8.607940673828125,6.490000000000002,70.2972183227539,6.489999999999998,126.10333251953124
6.4999999999999964,10.176897048950195,6.4999999999999964,119.6273956298828,6.4999999999999964,8.586137771606445,6.5,69.86385345458984,6.4999999999999964,126.05594635009766
6.510000000000002,9.940177917480469,6.510000000000002,119.40872192382812,6.510000000000002,8.559826850891113,6.510000000000005,69.53913879394531,6.510000000000002,126.0388641357422
6.52,9.6619873046875,6.52,119.26136779785156,6.52,8.541424751281738,6.520000000000003,69.33206939697266,6.52,126.0671157836914
6.529999999999998,9.479255676269531,6.529999999999998,119.2000961303711,6.529999999999998,8.532831192016602,6.530000000000001,69.26583099365234,6.529999999999998,126.12554168701172
6.539999999999996,9.346880912780762,6.539999999999996,119.23698425292967,6.540000000000003,8.527833938598633,6.539999999999999,69.32225799560547,6.540000000000003,126.1788558959961
6.550000000000001,9.30210304260254,6.550000000000001,119.31158447265624,6.550000000000001,8.515192031860352,6.550000000000004,69.5058364868164,6.550000000000001,126.19319152832033
6.559999999999999,9.279378890991213,6.559999999999999,119.38523864746094,6.559999999999999,8.483857154846191,6.560000000000002,69.79369354248047,6.559999999999999,126.1858139038086
6.569999999999997,9.205650329589844,6.569999999999997,119.47355651855467,6.569999999999997,8.43820858001709,6.57,70.19963836669922,6.569999999999997,126.18096160888672
6.580000000000002,9.095964431762695,6.580000000000002,119.59913635253906,6.580000000000002,8.390389442443848,6.580000000000005,70.6991958618164,6.580000000000002,126.1480712890625
6.59,8.95936107635498,6.59,119.74227905273438,6.59,8.34997272491455,6.590000000000003,71.29745483398438,6.59,126.06838989257812
6.599999999999998,8.800848960876465,6.599999999999998,119.88446044921876,6.599999999999998,8.330487251281738,6.600000000000001,71.95721435546875,6.599999999999998,125.97026824951172
6.609999999999996,8.657146453857422,6.609999999999996,120.02789306640624,6.609999999999996,8.327265739440918,6.609999999999999,72.66867065429688,6.609999999999996,125.90253448486328
6.620000000000001,8.566298484802246,6.620000000000001,120.17057037353516,6.620000000000001,8.328750610351562,6.6200000000000045,73.39530944824219,6.620000000000001,125.89254760742188
6.629999999999999,8.56769847869873,6.629999999999999,120.30297088623048,6.629999999999999,8.325667381286621,6.630000000000003,73.94050598144531,6.629999999999999,125.93074798583984
6.639999999999997,8.625860214233398,6.639999999999997,120.4223861694336,6.639999999999997,8.311407089233398,6.640000000000001,74.30082702636719,6.639999999999997,126.00236511230467
6.650000000000002,8.716913223266602,6.650000000000002,120.45159149169922,6.650000000000002,8.282710075378418,6.649999999999999,74.33495330810547,6.650000000000002,126.0594253540039
6.66,8.82873249053955,6.66,120.3509750366211,6.66,8.243354797363281,6.660000000000004,74.11229705810547,6.66,126.0481185913086
6.669999999999998,8.983665466308594,6.669999999999998,120.29227447509766,6.669999999999998,8.197577476501465,6.670000000000002,73.8218994140625,6.669999999999998,125.94058227539062
6.679999999999996,9.198052406311035,6.679999999999996,120.27003479003906,6.679999999999996,8.149094581604004,6.68,73.54310607910156,6.679999999999996,125.80674743652344
6.690000000000001,9.45517635345459,6.690000000000001,120.2227020263672,6.690000000000001,8.104869842529297,6.690000000000005,73.2879638671875,6.690000000000001,125.7087631225586
6.699999999999999,9.727144241333008,6.699999999999999,120.11886596679688,6.699999999999999,8.074066162109375,6.700000000000003,73.0698471069336,6.699999999999999,125.67765808105467
6.709999999999997,9.979621887207031,6.709999999999997,120.00226593017578,6.709999999999997,8.053123474121094,6.710000000000001,72.88655090332031,6.709999999999997,125.68399810791016
6.720000000000002,10.18782901763916,6.720000000000002,119.91931915283205,6.720000000000002,8.041049003601074,6.719999999999999,72.73440551757812,6.720000000000002,125.7024383544922
6.73,10.265304565429688,6.73,119.87872314453124,6.73,8.033053398132324,6.730000000000004,72.62127685546875,6.73,125.72682189941406
6.739999999999998,10.172918319702148,6.739999999999998,119.85340881347656,6.739999999999998,8.032130241394043,6.740000000000002,72.560791015625,6.739999999999998,125.7584228515625
6.7499999999999964,9.992501258850098,6.7499999999999964,119.85845947265624,6.7499999999999964,8.038199424743652,6.75,72.544677734375,6.7499999999999964,125.79784393310548
6.760000000000002,9.812023162841797,6.760000000000002,119.90817260742188,6.760000000000002,8.048966407775879,6.760000000000005,72.57984161376953,6.760000000000002,125.83281707763672
6.77,9.63488483428955,6.77,119.96986389160156,6.77,8.064167022705078,6.770000000000003,72.65371704101562,6.77,125.8463363647461
6.779999999999998,9.47393035888672,6.779999999999998,120.01629638671876,6.779999999999998,8.07781982421875,6.780000000000001,72.75389862060547,6.779999999999998,125.83634948730467
6.789999999999996,9.35141944885254,6.789999999999996,120.0435562133789,6.790000000000003,8.087796211242676,6.789999999999999,72.8719711303711,6.790000000000003,125.80520629882812
6.800000000000001,9.267597198486328,6.800000000000001,120.05056762695312,6.800000000000001,8.091103553771973,6.800000000000004,72.99671173095703,6.800000000000001,125.75273895263672
6.809999999999999,9.227335929870604,6.809999999999999,120.04507446289062,6.809999999999999,8.090736389160156,6.810000000000002,73.126953125,6.809999999999999,125.6859130859375
6.819999999999997,9.224035263061523,6.819999999999997,120.03865814208984,6.819999999999997,8.090689659118652,6.82,73.25653076171875,6.819999999999997,125.62612915039062
6.830000000000002,9.254076957702637,6.830000000000002,120.03730010986328,6.830000000000002,8.092123031616211,6.830000000000005,73.37025451660156,6.830000000000002,125.5917510986328
6.84,9.29361629486084,6.84,120.04547119140624,6.84,8.091553688049316,6.840000000000003,73.46614074707031,6.84,125.59371948242188
6.849999999999998,9.34375,6.849999999999998,120.06399536132812,6.849999999999998,8.090096473693848,6.850000000000001,73.51649475097656,6.849999999999998,125.62007904052734
6.859999999999996,9.410869598388672,6.859999999999996,120.0822296142578,6.859999999999996,8.090529441833496,6.859999999999999,73.53264617919922,6.859999999999996,125.64278411865234
6.870000000000001,9.48940658569336,6.870000000000001,120.10550689697266,6.870000000000001,8.095243453979492,6.8700000000000045,73.51520538330078,6.870000000000001,125.66094970703124
6.879999999999999,9.568962097167969,6.879999999999999,120.13978576660156,6.879999999999999,8.103809356689453,6.880000000000003,73.47750091552734,6.879999999999999,125.66098022460938
6.889999999999997,9.650108337402344,6.889999999999997,120.17787170410156,6.889999999999997,8.116491317749023,6.890000000000001,73.4319076538086,6.889999999999997,125.62498474121094
6.900000000000002,9.72466278076172,6.900000000000002,120.2075653076172,6.900000000000002,8.127419471740723,6.899999999999999,73.38496398925781,6.900000000000002,125.55703735351562
6.91,9.769010543823242,6.91,120.22201538085938,6.91,8.129600524902344,6.910000000000004,73.34513092041016,6.91,125.48130798339844
6.919999999999998,9.778867721557615,6.919999999999998,120.22650146484376,6.919999999999998,8.125673294067383,6.920000000000002,73.31777954101562,6.919999999999998,125.4261703491211
6.929999999999996,9.746819496154783,6.929999999999996,120.22435760498048,6.929999999999996,8.11240291595459,6.93,73.3039779663086,6.929999999999996,125.39431762695312
6.940000000000001,9.68009090423584,6.940000000000001,120.21917724609376,6.940000000000001,8.090989112854004,6.940000000000005,73.30868530273438,6.940000000000001,125.3716278076172
6.949999999999999,9.595120429992676,6.949999999999999,120.21554565429688,6.949999999999999,8.085302352905273,6.950000000000003,73.32756805419922,6.949999999999999,125.3456039428711
6.959999999999997,9.511091232299805,6.959999999999997,120.21793365478516,6.959999999999997,8.088848114013672,6.960000000000001,73.36366271972656,6.959999999999997,125.30619049072266
6.970000000000002,9.442824363708496,6.970000000000002,120.22875213623048,6.970000000000002,8.106095314025879,6.969999999999999,73.4095458984375,6.970000000000002,125.2483139038086
6.98,9.394625663757324,6.98,120.24857330322266,6.98,8.131458282470703,6.980000000000004,73.45716857910156,6.98,125.18708801269533
6.989999999999998,9.372901916503906,6.989999999999998,120.27462768554688,6.989999999999998,8.167740821838379,6.990000000000002,73.49957275390625,6.989999999999998,125.13662719726562
6.9999999999999964,9.373229026794434,6.9999999999999964,120.30589294433594,6.9999999999999964,8.217036247253418,7.0,73.53050231933594,6.9999999999999964,125.09577941894533
7.010000000000002,9.398099899291992,7.010000000000002,120.34140014648438,7.010000000000002,8.26923656463623,7.010000000000005,73.55181121826172,7.010000000000002,125.05231475830078
7.02,9.436891555786133,7.02,120.3803939819336,7.02,8.313115119934082,7.020000000000003,73.5575180053711,7.02,124.98242950439452
7.029999999999998,9.486306190490724,7.029999999999998,120.4215850830078,7.029999999999998,8.341526985168457,7.030000000000001,73.5521011352539,7.029999999999998,124.89469909667967
7.039999999999996,9.541587829589844,7.039999999999996,120.46326446533205,7.040000000000003,8.354976654052734,7.039999999999999,73.5391616821289,7.040000000000003,124.79669952392578
7.050000000000001,9.596720695495604,7.050000000000001,120.50349426269533,7.050000000000001,8.360780715942383,7.050000000000004,73.52725219726562,7.050000000000001,124.70301818847656
7.059999999999999,9.643208503723145,7.059999999999999,120.54647827148438,7.059999999999999,8.371797561645508,7.060000000000002,73.51830291748047,7.059999999999999,124.6125717163086
7.069999999999997,9.677449226379396,7.069999999999997,120.58565521240234,7.069999999999997,8.391987800598145,7.07,73.5155029296875,7.069999999999997,124.5217056274414
7.080000000000002,9.699481010437012,7.080000000000002,120.61998748779295,7.080000000000002,8.416415214538574,7.080000000000005,73.520751953125,7.080000000000002,124.43138122558594
7.09,9.70387840270996,7.09,120.65202331542967,7.09,8.442645072937012,7.090000000000003,73.5331802368164,7.09,124.33234405517578
7.099999999999998,9.69576358795166,7.099999999999998,120.68247985839844,7.099999999999998,8.46934700012207,7.100000000000001,73.55033111572266,7.099999999999998,124.22657012939452
7.109999999999996,9.671703338623049,7.109999999999996,120.7095184326172,7.109999999999996,8.490730285644531,7.109999999999999,73.57025146484375,7.109999999999996,124.1256866455078
7.120000000000001,9.6361083984375,7.120000000000001,120.73514556884766,7.120000000000001,8.506402969360352,7.1200000000000045,73.58216094970703,7.120000000000001,124.0380859375
7.129999999999999,9.58774471282959,7.129999999999999,120.7595443725586,7.129999999999999,8.521677017211914,7.130000000000003,73.58731842041016,7.129999999999999,123.9482421875
7.139999999999997,9.531081199645996,7.139999999999997,120.78157806396484,7.139999999999997,8.54030990600586,7.140000000000001,73.58615112304688,7.139999999999997,123.8520736694336
7.150000000000002,9.478971481323242,7.150000000000002,120.8004913330078,7.150000000000002,8.562759399414062,7.149999999999999,73.57689666748047,7.150000000000002,123.75325012207033
7.16,9.440037727355955,7.16,120.81503295898438,7.16,8.589239120483398,7.160000000000004,73.56526184082031,7.16,123.65040588378906
7.169999999999998,9.418609619140623,7.169999999999998,120.82804870605467,7.169999999999998,8.612994194030762,7.170000000000002,73.5498046875,7.169999999999998,123.54852294921876
7.179999999999996,9.410944938659668,7.179999999999996,120.83746337890624,7.179999999999996,8.63437271118164,7.18,73.53440856933594,7.179999999999996,123.45345306396484
7.190000000000001,9.416558265686035,7.190000000000001,120.84481048583984,7.190000000000001,8.658557891845703,7.190000000000005,73.52182006835938,7.190000000000001,123.36554718017578
7.199999999999999,9.433499336242676,7.199999999999999,120.86199188232422,7.199999999999999,8.689423561096191,7.200000000000003,73.5140380859375,7.199999999999999,123.26950073242188
7.209999999999997,9.456387519836426,7.209999999999997,120.87897491455078,7.209999999999997,8.728864669799805,7.210000000000001,73.51289367675781,7.209999999999997,123.17013549804688
7.220000000000002,9.48449420928955,7.220000000000002,120.88872528076172,7.220000000000002,8.764968872070312,7.219999999999999,73.5184326171875,7.220000000000002,123.07735443115234
7.23,9.513860702514648,7.23,120.89210510253906,7.23,8.793298721313477,7.230000000000004,73.53018188476562,7.23,122.95770263671876
7.239999999999998,9.54171657562256,7.239999999999998,120.8861312866211,7.239999999999998,8.810503005981445,7.240000000000002,73.54490661621094,7.239999999999998,122.8633041381836
7.2499999999999964,9.566905975341797,7.2499999999999964,120.87042236328124,7.2499999999999964,8.802618980407715,7.25,73.55359649658203,7.2499999999999964,122.81883239746094
7.260000000000002,9.587356567382812,7.260000000000002,120.84912872314452,7.260000000000002,8.781111717224121,7.260000000000005,73.55896759033203,7.260000000000002,122.80945587158205
7.27,9.604329109191896,7.27,120.82096862792967,7.27,8.757978439331055,7.270000000000003,73.56084442138672,7.27,122.79810333251952
7.279999999999998,9.628910064697266,7.279999999999998,120.78802490234376,7.279999999999998,8.737048149108887,7.280000000000001,73.55976104736328,7.279999999999998,122.76712799072266
7.289999999999996,9.662296295166016,7.289999999999996,120.74876403808594,7.290000000000003,8.719789505004883,7.289999999999999,73.55282592773438,7.290000000000003,122.70696258544922
7.300000000000001,9.699230194091797,7.300000000000001,120.70025634765624,7.300000000000001,8.70629596710205,7.300000000000004,73.54685974121094,7.300000000000001,122.62694549560548
7.309999999999999,9.727563858032228,7.309999999999999,120.64420318603516,7.309999999999999,8.690389633178711,7.310000000000002,73.54251861572266,7.309999999999999,122.53643035888672
7.319999999999997,9.737752914428713,7.319999999999997,120.58355712890624,7.319999999999997,8.674887657165527,7.32,73.53553009033203,7.319999999999997,122.43190002441406
7.330000000000002,9.729827880859377,7.330000000000002,120.51854705810548,7.330000000000002,8.666501998901367,7.330000000000005,73.52818298339844,7.330000000000002,122.330078125
7.34,9.699188232421877,7.34,120.45818328857422,7.34,8.656004905700684,7.340000000000003,73.51805114746094,7.34,122.24224853515624
7.349999999999998,9.651118278503418,7.349999999999998,120.40180206298828,7.349999999999998,8.627191543579102,7.350000000000001,73.50221252441406,7.349999999999998,122.16429138183594
7.359999999999996,9.592488288879396,7.359999999999996,120.35272216796876,7.359999999999996,8.57619571685791,7.359999999999999,73.48350524902344,7.359999999999996,122.09561920166016
7.370000000000001,9.52889633178711,7.370000000000001,120.30794525146484,7.370000000000001,8.52074909210205,7.370000000000003,73.45808410644531,7.370000000000001,122.02967071533205
7.379999999999999,9.4636812210083,7.379999999999999,120.26175689697266,7.379999999999999,8.498830795288086,7.380000000000003,73.4301986694336,7.379999999999999,121.96507263183594
7.389999999999997,9.40084171295166,7.389999999999997,120.21753692626952,7.389999999999997,8.50557804107666,7.390000000000001,73.40565490722656,7.389999999999997,121.89021301269533
7.400000000000002,9.343100547790527,7.400000000000002,120.17633819580078,7.400000000000002,8.514138221740723,7.399999999999999,73.38265228271484,7.400000000000002,121.79930114746094
7.41,9.287944793701172,7.41,120.1406021118164,7.41,8.510037422180176,7.410000000000004,73.367431640625,7.41,121.69366455078124
7.419999999999998,9.24435329437256,7.419999999999998,120.10851287841795,7.419999999999998,8.490389823913574,7.420000000000002,73.36027526855469,7.419999999999998,121.58434295654295
7.429999999999996,9.218700408935549,7.429999999999996,120.0965347290039,7.429999999999996,8.471990585327148,7.43,73.36930084228516,7.429999999999996,121.48451232910156
7.440000000000001,9.209169387817385,7.440000000000001,120.11314392089844,7.440000000000001,8.45703411102295,7.440000000000005,73.39265441894531,7.440000000000001,121.3944854736328
7.449999999999999,9.190245628356934,7.449999999999999,120.1473617553711,7.449999999999999,8.44159984588623,7.450000000000003,73.43122100830078,7.449999999999999,121.31497192382812
7.459999999999997,9.149046897888184,7.459999999999997,120.19491577148438,7.459999999999997,8.43233585357666,7.460000000000001,73.47856140136719,7.459999999999997,121.24059295654295
7.470000000000002,9.096269607543944,7.470000000000002,120.25474548339844,7.470000000000002,8.426518440246582,7.469999999999999,73.53162384033203,7.470000000000002,121.19104766845705
7.48,9.046195030212402,7.48,120.3202667236328,7.48,8.41451358795166,7.480000000000004,73.5901107788086,7.48,121.15420532226562
7.489999999999998,9.005243301391602,7.489999999999998,120.39594268798828,7.489999999999998,8.391995429992676,7.490000000000002,73.65196990966797,7.489999999999998,121.11576080322266
7.4999999999999964,8.979043960571289,7.4999999999999964,120.47048950195312,7.4999999999999964,8.37423038482666,7.5,73.71900939941406,7.4999999999999964,121.04663848876952
7.510000000000002,8.956930160522461,7.510000000000002,120.54344940185548,7.510000000000002,8.35494327545166,7.510000000000005,73.79314422607422,7.510000000000002,120.94998168945312
7.52,8.950562477111816,7.52,120.6452865600586,7.52,8.35347843170166,7.520000000000003,73.88198852539062,7.52,120.8281707763672
7.529999999999998,8.960530281066895,7.529999999999998,120.78289794921876,7.529999999999998,8.363224029541016,7.530000000000001,73.98262786865234,7.529999999999998,120.69666290283205
7.539999999999996,8.980506896972656,7.539999999999996,120.93058013916016,7.540000000000003,8.395881652832031,7.539999999999999,74.09732055664062,7.540000000000003,120.57032775878906
7.550000000000001,9.005821228027344,7.550000000000001,121.06607818603516,7.550000000000001,8.45289134979248,7.550000000000004,74.21578979492188,7.550000000000001,120.45759582519533
7.559999999999999,9.026976585388184,7.559999999999999,121.1826171875,7.559999999999999,8.539690971374512,7.560000000000002,74.32425689697266,7.559999999999999,120.34524536132812
7.569999999999997,9.039998054504396,7.569999999999997,121.28267669677734,7.569999999999997,8.667264938354492,7.57,74.4117202758789,7.569999999999997,120.24340057373048
7.580000000000002,9.04225730895996,7.580000000000002,121.36756134033205,7.580000000000002,8.854558944702148,7.580000000000005,74.46378326416016,7.580000000000002,120.1562728881836
7.59,9.039124488830566,7.59,121.44452667236328,7.59,9.095369338989258,7.590000000000003,74.48943328857422,7.59,120.07955169677734
7.599999999999998,9.037875175476074,7.599999999999998,121.51434326171876,7.599999999999998,9.381017684936523,7.600000000000001,74.50003814697266,7.599999999999998,120.00515747070312
7.609999999999996,9.050396919250488,7.609999999999996,121.58483123779295,7.609999999999996,9.69395637512207,7.609999999999999,74.50016021728516,7.609999999999996,119.92031860351562
7.620000000000001,9.08077335357666,7.620000000000001,121.66817474365234,7.620000000000001,9.998076438903809,7.620000000000003,74.49915313720703,7.620000000000001,119.80198669433594
7.629999999999999,9.132291793823242,7.629999999999999,121.75838470458984,7.629999999999999,10.27635669708252,7.630000000000003,74.49848175048828,7.629999999999999,119.64485168457033
7.639999999999997,9.199280738830566,7.639999999999997,121.8418960571289,7.639999999999997,10.54098415374756,7.640000000000001,74.50375366210938,7.639999999999997,119.43267059326172
7.650000000000002,9.288900375366213,7.650000000000002,121.91487884521484,7.650000000000002,10.810486793518066,7.649999999999999,74.51594543457031,7.650000000000002,119.1895980834961
7.66,9.398774147033691,7.66,121.97686004638672,7.66,11.11156940460205,7.660000000000004,74.5329360961914,7.66,118.94371795654295
7.669999999999998,9.541160583496094,7.669999999999998,122.03326416015624,7.669999999999998,11.442803382873535,7.670000000000002,74.54548645019531,7.669999999999998,118.70262908935548
7.679999999999996,9.730019569396973,7.679999999999996,122.08554077148438,7.679999999999996,11.784668922424316,7.68,74.54580688476562,7.679999999999996,118.43193817138672
7.690000000000001,9.971295356750488,7.690000000000001,122.13736724853516,7.690000000000001,12.130229949951172,7.690000000000005,74.53143310546875,7.690000000000001,118.1621322631836
7.699999999999999,10.268709182739258,7.699999999999999,122.19377136230467,7.699999999999999,12.498006820678713,7.700000000000003,74.50460052490234,7.699999999999999,117.93316650390624
7.709999999999997,10.584579467773438,7.709999999999997,122.2437973022461,7.709999999999997,12.887124061584473,7.710000000000001,74.45506286621094,7.709999999999997,117.69334411621094
7.720000000000002,10.911402702331545,7.720000000000002,122.27398681640624,7.720000000000002,13.279963493347168,7.719999999999999,74.38903045654297,7.720000000000002,117.45919036865234
7.73,11.23893928527832,7.73,122.27972412109376,7.73,13.66808795928955,7.730000000000004,74.31372833251953,7.73,117.21449279785156
7.739999999999998,11.569585800170898,7.739999999999998,122.26512145996094,7.739999999999998,14.062642097473145,7.740000000000002,74.23423767089844,7.739999999999998,116.94548034667967
7.7499999999999964,11.931099891662598,7.7499999999999964,122.23886108398438,7.7499999999999964,14.47724723815918,7.75,74.1593017578125,7.7499999999999964,116.63507843017578
7.760000000000002,12.320009231567385,7.760000000000002,122.20626831054688,7.760000000000002,14.904887199401855,7.760000000000005,74.0965347290039,7.760000000000002,116.2948760986328
7.77,12.69649887084961,7.77,122.19120025634766,7.77,15.346771240234377,7.770000000000003,74.05277252197266,7.77,115.97388458251952
7.779999999999998,13.055960655212402,7.779999999999998,122.1871566772461,7.779999999999998,15.794034957885742,7.780000000000001,74.02432250976562,7.779999999999998,115.6908721923828
7.789999999999996,13.41721248626709,7.789999999999996,122.18214416503906,7.790000000000003,16.242979049682617,7.789999999999999,74.00810241699219,7.790000000000003,115.4061508178711
7.800000000000001,13.773557662963867,7.800000000000001,122.18103790283205,7.800000000000001,16.697467803955078,7.800000000000004,74.00439453125,7.800000000000001,115.07564544677734
7.809999999999999,14.117753028869627,7.809999999999999,122.1932373046875,7.809999999999999,17.1575870513916,7.810000000000002,74.01229095458984,7.809999999999999,114.56936645507812
7.819999999999997,14.464244842529297,7.819999999999997,122.21863555908205,7.819999999999997,17.624666213989258,7.82,74.02507019042969,7.819999999999997,113.8311004638672
7.830000000000002,14.825855255126951,7.830000000000002,122.25293731689452,7.830000000000002,18.099658966064453,7.830000000000005,74.03018951416016,7.830000000000002,113.0615005493164
7.84,15.197857856750488,7.84,122.29532623291016,7.84,18.57954406738281,7.840000000000003,74.02474212646484,7.84,112.3376007080078
7.849999999999998,15.581014633178713,7.849999999999998,122.34269714355467,7.849999999999998,19.070941925048828,7.850000000000001,74.01050567626953,7.849999999999998,111.66278076171876
7.859999999999996,15.974751472473145,7.859999999999996,122.39227294921876,7.859999999999996,19.585697174072266,7.859999999999999,73.98169708251953,7.859999999999996,111.09588623046876
7.870000000000001,16.390581130981445,7.870000000000001,122.4364242553711,7.870000000000001,20.1210994720459,7.870000000000003,73.94586181640625,7.870000000000001,110.63899230957033
7.879999999999999,16.851715087890625,7.879999999999999,122.4709930419922,7.879999999999999,20.6820068359375,7.880000000000003,73.90742492675781,7.879999999999999,110.21549987792967
7.889999999999997,17.35987091064453,7.889999999999997,122.4901351928711,7.889999999999997,21.26289939880371,7.890000000000001,73.86759948730469,7.889999999999997,109.71581268310548
7.900000000000002,17.910202026367188,7.900000000000002,122.4978256225586,7.900000000000002,21.846586227416992,7.899999999999999,73.82923126220703,7.900000000000002,109.07530975341795
7.91,18.501293182373047,7.91,122.4977569580078,7.91,22.43090057373047,7.910000000000004,73.79043579101562,7.91,108.37449645996094
7.919999999999998,19.11702919006348,7.919999999999998,122.48927307128906,7.919999999999998,23.017391204833984,7.920000000000002,73.75298309326172,7.919999999999998,107.74646759033205
7.929999999999996,19.73831558227539,7.929999999999996,122.4729995727539,7.929999999999996,23.62140846252441,7.93,73.71285247802734,7.929999999999996,107.26482391357422
7.940000000000001,20.3669548034668,7.940000000000001,122.4510269165039,7.940000000000001,24.2549057006836,7.940000000000005,73.66545104980469,7.940000000000001,106.90496063232422
7.949999999999999,21.00907325744629,7.949999999999999,122.42716979980467,7.949999999999999,24.913799285888672,7.950000000000003,73.61457824707031,7.949999999999999,106.5541534423828
7.959999999999997,21.67221450805664,7.959999999999997,122.40506744384766,7.959999999999997,25.59190368652344,7.960000000000001,73.56134796142578,7.959999999999997,106.18224334716795
7.970000000000002,22.349090576171875,7.970000000000002,122.3847427368164,7.970000000000002,26.284055709838867,7.969999999999999,73.50332641601562,7.970000000000002,105.8075714111328
7.98,23.033172607421875,7.98,122.36467742919922,7.98,26.99133682250977,7.980000000000004,73.43779754638672,7.98,105.45486450195312
7.989999999999998,23.71754264831543,7.989999999999998,122.34198760986328,7.989999999999998,27.712305068969727,7.990000000000002,73.36656188964844,7.989999999999998,105.13038635253906
7.9999999999999964,24.406211853027344,7.9999999999999964,122.31231689453124,7.9999999999999964,28.458480834960938,8.0,73.29637145996094,7.9999999999999964,104.83680725097656
8.010000000000002,25.104204177856445,8.010000000000002,122.2768096923828,8.010000000000002,29.236114501953125,8.010000000000005,73.22399139404297,8.010000000000002,104.57638549804688
8.02,25.8159236907959,8.02,122.23602294921876,8.02,30.04871940612793,8.020000000000003,73.15260314941406,8.02,104.35801696777344
8.029999999999998,26.542070388793945,8.029999999999998,122.1910400390625,8.029999999999998,30.900850296020508,8.030000000000001,73.08354187011719,8.029999999999998,104.1688003540039
8.039999999999996,27.28997802734375,8.039999999999996,122.14346313476562,8.040000000000003,31.76903533935547,8.04,73.02030944824219,8.040000000000003,103.9839859008789
8.05,28.05865859985352,8.05,122.09268188476562,8.05,32.643333435058594,8.050000000000004,72.95823669433594,8.05,103.79273223876952
8.059999999999999,28.84844970703125,8.059999999999999,122.02923583984376,8.059999999999999,33.51725006103516,8.060000000000002,72.89717102050781,8.059999999999999,103.58251953125
8.069999999999997,29.64716148376465,8.069999999999997,121.95472717285156,8.069999999999997,34.38301086425781,8.07,72.84077453613281,8.069999999999997,103.32846069335938
8.080000000000002,30.44381523132324,8.080000000000002,121.8730697631836,8.080000000000002,35.23567199707031,8.080000000000005,72.79057312011719,8.080000000000002,103.056640625
8.09,31.23988342285156,8.09,121.78630828857422,8.09,36.07462692260742,8.090000000000003,72.74787139892578,8.09,102.79254150390624
8.099999999999998,32.047218322753906,8.099999999999998,121.699951171875,8.099999999999998,36.89898681640625,8.100000000000001,72.71430969238281,8.099999999999998,102.5429229736328
8.109999999999996,32.88011169433594,8.109999999999996,121.61253356933594,8.109999999999996,37.71662521362305,8.11,72.68630981445312,8.109999999999996,102.3078155517578
8.120000000000001,33.75131607055664,8.120000000000001,121.51900482177734,8.120000000000001,38.53208923339844,8.120000000000005,72.66747283935547,8.120000000000001,102.09881591796876
8.129999999999999,34.64613723754883,8.129999999999999,121.4186019897461,8.129999999999999,39.34912109375,8.130000000000003,72.65557098388672,8.129999999999999,101.90585327148438
8.139999999999997,35.5599479675293,8.139999999999997,121.30448150634766,8.139999999999997,40.16276168823242,8.14,72.64950561523438,8.139999999999997,101.72909545898438
8.150000000000002,36.48816680908203,8.150000000000002,121.1741180419922,8.150000000000002,40.97060012817383,8.149999999999999,72.65043640136719,8.150000000000002,101.57855224609376
8.16,37.4259033203125,8.16,121.03498840332033,8.16,41.76952362060547,8.160000000000004,72.6603775024414,8.16,101.44813537597656
8.169999999999998,38.37380599975586,8.169999999999998,120.88446807861328,8.169999999999998,42.56769561767578,8.170000000000002,72.67510986328125,8.169999999999998,101.33248901367188
8.179999999999996,39.33341979980469,8.179999999999996,120.72612762451172,8.179999999999996,43.36931991577149,8.18,72.69612121582031,8.179999999999996,101.23909759521484
8.190000000000001,40.28662490844727,8.190000000000001,120.5633773803711,8.190000000000001,44.18905258178711,8.190000000000005,72.72650146484375,8.190000000000001,101.18418884277344
8.2,41.2218017578125,8.2,120.3968734741211,8.2,45.01178741455078,8.200000000000003,72.75965118408203,8.2,101.12635040283205
8.209999999999997,42.12424850463867,8.209999999999997,120.22330474853516,8.209999999999997,45.830848693847656,8.21,72.79315948486328,8.209999999999997,101.04281616210938
8.220000000000002,42.99728012084961,8.220000000000002,120.04317474365234,8.220000000000002,46.65126800537109,8.219999999999999,72.82942962646484,8.220000000000002,100.93994140625
8.23,43.860050201416016,8.23,119.85923767089844,8.23,47.47686004638672,8.230000000000004,72.8627700805664,8.23,100.82186889648438
8.239999999999998,44.71889114379883,8.239999999999998,119.66168212890624,8.239999999999998,48.29433822631836,8.240000000000002,72.8987045288086,8.239999999999998,100.70686340332033
8.249999999999996,45.58626174926758,8.249999999999996,119.45572662353516,8.249999999999996,49.09893035888672,8.25,72.93893432617188,8.249999999999996,100.62332916259766
8.260000000000002,46.45188903808594,8.260000000000002,119.24217224121094,8.260000000000002,49.901397705078125,8.260000000000005,72.97327423095703,8.260000000000002,100.59194946289062
8.27,47.296913146972656,8.27,119.0119171142578,8.27,50.69369888305664,8.270000000000003,73.00088500976562,8.27,100.59412384033205
8.279999999999998,48.13549423217773,8.279999999999998,118.76773834228516,8.279999999999998,51.47399139404297,8.280000000000001,73.02770233154297,8.279999999999998,100.56329345703124
8.289999999999996,48.96296691894531,8.289999999999996,118.50911712646484,8.290000000000003,52.2485580444336,8.29,73.05249786376953,8.290000000000003,100.54048919677734
8.3,49.80159759521485,8.3,118.2332763671875,8.3,53.0223503112793,8.300000000000004,73.07691192626953,8.3,100.53124237060548
8.309999999999999,50.64240264892578,8.309999999999999,117.93938446044922,8.309999999999999,53.80668640136719,8.310000000000002,73.10308074951172,8.309999999999999,100.54403686523438
8.319999999999997,51.46623611450195,8.319999999999997,117.64070129394533,8.319999999999997,54.61754989624024,8.32,73.12938690185547,8.319999999999997,100.5752410888672
8.330000000000002,52.28081130981445,8.330000000000002,117.33113861083984,8.330000000000002,55.44792938232422,8.330000000000005,73.1545181274414,8.330000000000002,100.59898376464844
8.34,53.09025955200195,8.34,117.0079116821289,8.34,56.28032302856445,8.340000000000003,73.1776351928711,8.34,100.62576293945312
8.349999999999998,53.896427154541016,8.349999999999998,116.67384338378906,8.349999999999998,57.13927459716797,8.350000000000001,73.19576263427734,8.349999999999998,100.6989974975586
8.359999999999996,54.69352722167969,8.359999999999996,116.32587432861328,8.359999999999996,58.01940155029297,8.36,73.2154541015625,8.359999999999996,100.85173034667967
8.370000000000001,55.49737930297852,8.370000000000001,115.9586944580078,8.370000000000001,58.90569305419922,8.370000000000005,73.23604583740234,8.370000000000001,101.06822204589844
8.379999999999999,56.30638885498047,8.379999999999999,115.57424926757812,8.379999999999999,59.83294677734375,8.380000000000003,73.25383758544922,8.379999999999999,101.28002166748048
8.389999999999997,57.11875534057617,8.389999999999997,115.17483520507812,8.389999999999997,60.78092193603516,8.39,73.27373504638672,8.389999999999997,101.46536254882812
8.400000000000002,57.947566986083984,8.400000000000002,114.75650024414062,8.400000000000002,61.72774124145508,8.399999999999999,73.29281616210938,8.400000000000002,101.60942840576172
8.41,58.79316711425781,8.41,114.32259368896484,8.41,62.67695999145508,8.410000000000004,73.31444549560547,8.41,101.72930908203124
8.419999999999998,59.672401428222656,8.419999999999998,113.87869262695312,8.419999999999998,63.65125274658203,8.420000000000002,73.33572387695312,8.419999999999998,101.8314208984375
8.429999999999996,60.57525634765625,8.429999999999996,113.42386627197266,8.429999999999996,64.64363098144531,8.43,73.35603332519531,8.429999999999996,101.90153503417967
8.440000000000001,61.4815559387207,8.440000000000001,112.94789123535156,8.440000000000001,65.64474487304688,8.440000000000005,73.37156677246094,8.440000000000001,101.95930480957033
8.45,62.39085006713867,8.45,112.4665069580078,8.45,66.66830444335938,8.450000000000003,73.3831558227539,8.45,101.97598266601562
8.459999999999997,63.301944732666016,8.459999999999997,111.9844741821289,8.459999999999997,67.70939636230469,8.46,73.38834381103516,8.459999999999997,101.97303009033205
8.470000000000002,64.2159423828125,8.470000000000002,111.4972152709961,8.470000000000002,68.75968170166016,8.469999999999999,73.3853988647461,8.470000000000002,101.97594451904295
8.48,65.12149810791016,8.48,111.00650787353516,8.48,69.80560302734375,8.480000000000004,73.37898254394531,8.48,102.03394317626952
8.489999999999998,66.03569793701172,8.489999999999998,110.51716613769533,8.489999999999998,70.86217498779297,8.490000000000002,73.36698150634766,8.489999999999998,102.17449188232422
8.499999999999996,66.96867370605469,8.499999999999996,110.02011108398438,8.499999999999996,71.93363952636719,8.5,73.34849548339844,8.499999999999996,102.39022827148438
8.510000000000002,67.9087905883789,8.510000000000002,109.52033233642578,8.510000000000002,73.01195526123047,8.510000000000005,73.32232666015625,8.510000000000002,102.65216064453124
8.52,68.86470031738281,8.52,109.02892303466795,8.52,74.0997314453125,8.520000000000003,73.2900161743164,8.52,102.9465103149414
8.529999999999998,69.81585693359375,8.529999999999998,108.53758239746094,8.529999999999998,75.1511001586914,8.530000000000001,73.25066375732422,8.529999999999998,103.2469482421875
8.539999999999996,70.73849487304688,8.539999999999996,108.05845642089844,8.540000000000003,76.14188385009766,8.54,73.20586395263672,8.540000000000003,103.55886840820312
8.55,71.61449432373047,8.55,107.5943832397461,8.55,77.10983276367188,8.550000000000004,73.15826416015625,8.55,103.8800811767578
8.559999999999999,72.50531768798828,8.559999999999999,107.13751220703124,8.559999999999999,78.02660369873047,8.560000000000002,73.11458587646484,8.559999999999999,104.1856918334961
8.569999999999997,73.3636245727539,8.569999999999997,106.70110321044922,8.569999999999997,78.88501739501953,8.57,73.07781219482422,8.569999999999997,104.4577407836914
8.580000000000002,74.14185333251953,8.580000000000002,106.2962417602539,8.580000000000002,79.6575927734375,8.580000000000005,73.05448150634766,8.580000000000002,104.74382019042967
8.59,74.88314819335938,8.59,105.9210433959961,8.59,80.32939910888672,8.590000000000003,73.04716491699219,8.59,105.00397491455078
8.599999999999998,75.5792465209961,8.599999999999998,105.57770538330078,8.599999999999998,80.93497467041016,8.600000000000001,73.05238342285156,8.599999999999998,105.2618179321289
8.609999999999996,76.23905944824219,8.609999999999996,105.27147674560548,8.609999999999996,81.51908874511719,8.61,73.06509399414062,8.609999999999996,105.5677261352539
8.620000000000001,76.89253997802734,8.620000000000001,105.01433563232422,8.620000000000001,82.10496520996094,8.620000000000005,73.08074951171875,8.620000000000001,105.90354919433594
8.629999999999999,77.56654357910156,8.629999999999999,104.79914093017578,8.629999999999999,82.70243835449219,8.630000000000003,73.10038757324219,8.629999999999999,106.2503890991211
8.639999999999997,78.20864868164062,8.639999999999997,104.63794708251952,8.639999999999997,83.2641372680664,8.64,73.11481475830078,8.639999999999997,106.61012268066406
8.650000000000002,78.77708435058594,8.650000000000002,104.52127838134766,8.650000000000002,83.79658508300781,8.649999999999999,73.13179779052734,8.650000000000002,106.9809799194336
8.66,79.31257629394531,8.66,104.4516372680664,8.66,84.31082916259766,8.660000000000004,73.15249633789062,8.66,107.35637664794922
8.669999999999998,79.7890396118164,8.669999999999998,104.40843200683594,8.669999999999998,84.8126220703125,8.670000000000002,73.1717529296875,8.669999999999998,107.733154296875
8.679999999999996,80.18458557128906,8.679999999999996,104.38585662841795,8.679999999999996,85.2708740234375,8.68,73.1928482055664,8.679999999999996,108.05372619628906
8.690000000000001,80.5462875366211,8.690000000000001,104.3558578491211,8.690000000000001,85.70709228515625,8.690000000000005,73.2136001586914,8.690000000000001,108.37574768066406
8.7,80.83856964111328,8.7,104.34925079345705,8.7,86.11457061767578,8.700000000000003,73.23600769042969,8.7,108.69292449951172
8.709999999999997,81.0755615234375,8.709999999999997,104.35569763183594,8.709999999999997,86.46837615966797,8.71,73.25599670410156,8.709999999999997,109.00662994384766
8.720000000000002,81.30774688720703,8.720000000000002,104.36416625976562,8.720000000000002,86.79429626464844,8.719999999999999,73.27041625976562,8.720000000000002,109.27558135986328
8.73,81.502685546875,8.73,104.365478515625,8.73,87.10379791259766,8.730000000000004,73.27658081054688,8.73,109.49650573730467
8.739999999999998,81.66697692871094,8.739999999999998,104.3616180419922,8.739999999999998,87.38809967041016,8.740000000000002,73.27417755126953,8.739999999999998,109.65412139892578
8.749999999999996,81.78555297851562,8.749999999999996,104.34452056884766,8.749999999999996,87.64619445800781,8.75,73.26338958740234,8.749999999999996,109.75444793701172
8.760000000000002,81.86749267578125,8.760000000000002,104.31306457519533,8.760000000000002,87.8555908203125,8.760000000000005,73.2493667602539,8.760000000000002,109.82749938964844
8.77,81.9291763305664,8.77,104.26487731933594,8.77,88.04074096679688,8.770000000000003,73.23309326171875,8.77,109.8836898803711
8.779999999999998,81.95635986328125,8.779999999999998,104.19950103759766,8.779999999999998,88.19973754882812,8.780000000000001,73.21908569335938,8.779999999999998,109.90113830566406
8.789999999999996,82.00344848632812,8.789999999999996,104.11021423339844,8.790000000000003,88.33869171142578,8.79,73.21202850341797,8.790000000000003,109.86701202392578
8.8,82.01294708251953,8.8,103.9986572265625,8.8,88.494873046875,8.800000000000004,73.2088623046875,8.8,109.7795639038086
8.809999999999999,82.05359649658203,8.809999999999999,103.86720275878906,8.809999999999999,88.66960906982422,8.810000000000002,73.21311950683594,8.809999999999999,109.66488647460938
8.819999999999997,82.08564758300781,8.819999999999997,103.71444702148438,8.819999999999997,88.88005065917969,8.82,73.21810150146484,8.819999999999997,109.53858947753906
8.830000000000002,82.1146011352539,8.830000000000002,103.54706573486328,8.830000000000002,89.09649658203125,8.830000000000005,73.22466278076172,8.830000000000002,109.44148254394533
8.84,82.13988494873047,8.84,103.36553955078124,8.84,89.30827331542969,8.840000000000003,73.228759765625,8.84,109.42957305908205
8.849999999999998,82.17400360107422,8.849999999999998,103.180419921875,8.849999999999998,89.52540588378906,8.850000000000001,73.23410034179688,8.849999999999998,109.52719116210938
8.859999999999996,82.22982788085938,8.859999999999996,102.99535369873048,8.859999999999996,89.74995422363281,8.86,73.2388687133789,8.859999999999996,109.66008758544922
8.870000000000001,82.31946563720703,8.870000000000001,102.81039428710938,8.870000000000001,89.98065185546875,8.870000000000005,73.24942016601562,8.870000000000001,109.7978515625
8.879999999999999,82.43123626708984,8.879999999999999,102.62914276123048,8.879999999999999,90.20624542236328,8.880000000000003,73.26866149902344,8.879999999999999,109.92831420898438
8.889999999999997,82.5810546875,8.889999999999997,102.450439453125,8.889999999999997,90.43183135986328,8.89,73.2862548828125,8.889999999999997,110.0516128540039
8.900000000000002,82.76075744628906,8.900000000000002,102.2762680053711,8.900000000000002,90.65068817138672,8.899999999999999,73.31273651123047,8.900000000000002,110.13525390625
8.91,83.09951782226562,8.91,102.10836029052734,8.91,90.86840057373048,8.910000000000004,73.3356704711914,8.91,110.1845474243164
8.919999999999998,83.26554870605469,8.919999999999998,101.94636535644533,8.919999999999998,91.08565521240234,8.920000000000002,73.3622817993164,8.919999999999998,110.23064422607422
8.929999999999996,83.4110107421875,8.929999999999996,101.7920150756836,8.929999999999996,91.293701171875,8.93,73.3840560913086,8.929999999999996,110.2973861694336
8.940000000000001,83.63886260986328,8.940000000000001,101.64273071289062,8.940000000000001,91.5099868774414,8.940000000000005,73.40412902832031,8.940000000000001,110.3928451538086
8.95,83.84264373779297,8.95,101.4985809326172,8.95,91.71968841552734,8.950000000000003,73.422607421875,8.95,110.51190948486328
8.959999999999997,84.07610321044922,8.959999999999997,101.35580444335938,8.959999999999997,91.9111785888672,8.96,73.43803405761719,8.959999999999997,110.6223373413086
8.970000000000002,84.29761505126953,8.970000000000002,101.2151870727539,8.970000000000002,92.09679412841795,8.969999999999999,73.448486328125,8.970000000000002,110.71029663085938
8.98,84.49816131591797,8.98,101.08978271484376,8.98,92.25938415527344,8.980000000000004,73.44927215576172,8.98,110.7811050415039
8.989999999999998,84.692138671875,8.989999999999998,100.9763412475586,8.989999999999998,92.4071807861328,8.990000000000002,73.44096374511719,8.989999999999998,110.84618377685548
8.999999999999996,84.88996887207031,8.999999999999996,100.87952423095705,8.999999999999996,92.54395294189452,9.0,73.42456817626953,8.999999999999996,110.8769989013672
9.010000000000002,85.07441711425781,9.010000000000002,100.80908203125,9.010000000000002,92.6507797241211,9.010000000000003,73.40094757080078,9.010000000000002,110.8670425415039
9.02,85.26435089111328,9.02,100.76409149169922,9.02,92.7475357055664,9.020000000000003,73.37319946289062,9.02,110.80377197265624
9.029999999999998,85.4493179321289,9.029999999999998,100.7421417236328,9.029999999999998,92.83153533935548,9.03,73.35003662109375,9.029999999999998,110.67665100097656
9.039999999999996,85.63375091552734,9.039999999999996,100.7335968017578,9.040000000000004,92.89441680908205,9.04,73.32716369628906,9.040000000000004,110.50405883789062
9.05,85.80972290039062,9.05,100.72722625732422,9.05,92.9451904296875,9.050000000000004,73.30558776855469,9.05,110.27552032470705
9.06,85.95658111572266,9.06,100.72083282470705,9.06,92.98721313476562,9.060000000000002,73.28312683105469,9.06,110.03951263427734
9.069999999999997,86.06828308105469,9.069999999999997,100.71939849853516,9.069999999999997,93.00108337402344,9.07,73.2603759765625,9.069999999999997,109.81644439697266
9.080000000000002,86.16864776611328,9.080000000000002,100.7206802368164,9.080000000000002,93.01378631591795,9.080000000000004,73.24019622802734,9.080000000000002,109.61837768554688
9.09,86.21698760986328,9.09,100.73126220703124,9.09,93.04722595214844,9.090000000000003,73.22467041015625,9.09,109.45489501953124
9.099999999999998,86.24063110351562,9.099999999999998,100.75098419189452,9.099999999999998,93.0969696044922,9.1,73.21501922607422,9.099999999999998,109.32605743408205
9.109999999999996,86.26409912109375,9.109999999999996,100.75074005126952,9.109999999999996,93.15502166748048,9.11,73.20964050292969,9.109999999999996,109.21129608154295
9.12,86.27916717529297,9.12,100.7465362548828,9.12,93.20294189453124,9.120000000000005,73.20503997802734,9.12,109.09243774414062
9.13,86.29813385009766,9.13,100.74710845947266,9.13,93.2496566772461,9.130000000000004,73.22062683105469,9.13,108.96985626220705
9.139999999999995,86.31267547607422,9.139999999999995,100.73681640625,9.139999999999995,93.28914642333984,9.14,73.2392349243164,9.139999999999995,108.86907196044922
9.150000000000002,86.29862976074219,9.150000000000002,100.71451568603516,9.150000000000002,93.32044219970705,9.15,73.24235534667969,9.150000000000002,108.80107879638672
9.16,86.29158020019531,9.16,100.6901397705078,9.16,93.34394073486328,9.160000000000004,73.2453842163086,9.16,108.77423858642578
9.169999999999998,86.29756927490234,9.169999999999998,100.66495513916016,9.169999999999998,93.36994934082033,9.170000000000002,73.25161743164062,9.169999999999998,108.80706787109376
9.179999999999996,86.30426025390625,9.179999999999996,100.63983154296876,9.179999999999996,93.39481353759766,9.18,73.25881958007812,9.179999999999996,108.88284301757812
9.19,86.32404327392578,9.19,100.61605072021484,9.19,93.41368103027344,9.190000000000005,73.26864624023438,9.19,108.97940826416016
9.2,86.35932922363281,9.2,100.5972900390625,9.2,93.4317398071289,9.200000000000005,73.29212188720703,9.2,109.0722198486328
9.209999999999996,86.39716339111328,9.209999999999996,100.58483123779295,9.209999999999996,93.45122528076172,9.21,73.30894470214844,9.209999999999996,109.14839935302734
9.220000000000002,86.44290161132812,9.220000000000002,100.57901000976562,9.220000000000002,93.45425415039062,9.22,73.3276138305664,9.220000000000002,109.20682525634766
9.23,86.48847198486328,9.23,100.57939910888672,9.23,93.44554138183594,9.230000000000004,73.33268737792969,9.23,109.26194763183594
9.239999999999998,86.51547241210938,9.239999999999998,100.5831527709961,9.239999999999998,93.43872833251952,9.240000000000002,73.3380355834961,9.239999999999998,109.31008911132812
9.249999999999996,86.53951263427734,9.249999999999996,100.59449005126952,9.249999999999996,93.43862915039062,9.25,73.34233856201172,9.249999999999996,109.35289001464844
9.260000000000002,86.56843566894531,9.260000000000002,100.60791015625,9.260000000000002,93.43807983398438,9.260000000000003,73.34395599365234,9.260000000000002,109.38907623291016
9.27,86.5789794921875,9.27,100.61934661865234,9.27,93.43017578125,9.270000000000003,73.34619140625,9.27,109.42000579833984
9.279999999999998,86.5768051147461,9.279999999999998,100.6269760131836,9.279999999999998,93.41812133789062,9.28,73.35362243652344,9.279999999999998,109.44569396972656
9.289999999999996,86.57335662841797,9.289999999999996,100.63581085205078,9.290000000000004,93.39989471435548,9.29,73.36320495605469,9.290000000000004,109.46836853027344
9.3,86.57355499267578,9.3,100.6499252319336,9.3,93.3774185180664,9.300000000000004,73.37384796142578,9.3,109.48562622070312
9.31,86.57372283935547,9.31,100.6591796875,9.31,93.3424301147461,9.310000000000002,73.38208770751953,9.31,109.49342346191406
9.319999999999997,86.56048583984375,9.319999999999997,100.66191864013672,9.319999999999997,93.31999206542967,9.32,73.39427947998047,9.319999999999997,109.49015808105467
9.330000000000002,86.54171752929688,9.330000000000002,100.66031646728516,9.330000000000002,93.29651641845705,9.330000000000004,73.3982925415039,9.330000000000002,109.47496795654295
9.34,86.51480102539062,9.34,100.65181732177734,9.34,93.27310943603516,9.340000000000003,73.405029296875,9.34,109.44425964355467
9.349999999999998,86.48416900634766,9.349999999999998,100.6377944946289,9.349999999999998,93.24436950683594,9.35,73.41571044921875,9.349999999999998,109.40172576904295
9.359999999999996,86.45755767822266,9.359999999999996,100.61802673339844,9.359999999999996,93.2041244506836,9.36,73.42706298828125,9.359999999999996,109.35848236083984
9.37,86.43024444580078,9.37,100.59416198730467,9.37,93.14959716796876,9.370000000000005,73.43856811523438,9.37,109.32672119140624
9.38,86.40447998046875,9.38,100.56855010986328,9.38,93.10613250732422,9.380000000000004,73.45103454589844,9.38,109.30460357666016
9.389999999999995,86.39352416992188,9.389999999999995,100.53954315185548,9.389999999999995,93.08360290527344,9.39,73.46475219726562,9.389999999999995,109.29073333740234
9.400000000000002,86.38002014160156,9.400000000000002,100.51182556152344,9.400000000000002,93.08187103271484,9.4,73.47834777832031,9.400000000000002,109.28389739990234
9.41,86.36366271972656,9.41,100.48137664794922,9.41,93.09111785888672,9.410000000000004,73.49150085449219,9.41,109.27334594726562
9.419999999999998,86.35946655273438,9.419999999999998,100.44794464111328,9.419999999999998,93.09596252441406,9.420000000000002,73.50624084472656,9.419999999999998,109.25978088378906
9.429999999999996,86.36813354492188,9.429999999999996,100.41362762451172,9.429999999999996,93.11164855957033,9.43,73.51884460449219,9.429999999999996,109.24724578857422
9.44,86.36682891845703,9.44,100.37686157226562,9.44,93.1081771850586,9.440000000000005,73.53099060058594,9.44,109.23639678955078
9.45,86.38048553466797,9.45,100.33831787109376,9.45,93.09503936767578,9.450000000000005,73.53985595703125,9.45,109.2210922241211
9.459999999999996,86.39376831054688,9.459999999999996,100.3025131225586,9.459999999999996,93.08323669433594,9.46,73.54730987548828,9.459999999999996,109.20394134521484
9.470000000000002,86.40809631347656,9.470000000000002,100.27093505859376,9.470000000000002,93.07366180419922,9.47,73.55369567871094,9.470000000000002,109.19098663330078
9.48,86.42236328125,9.48,100.23977661132812,9.48,93.06793975830078,9.480000000000004,73.56141662597656,9.48,109.17765808105467
9.489999999999998,86.42699432373047,9.489999999999998,100.20970153808594,9.489999999999998,93.06880950927734,9.490000000000002,73.57611083984375,9.489999999999998,109.1628189086914
9.499999999999996,86.43656158447266,9.499999999999996,100.18209075927734,9.499999999999996,93.07345581054688,9.5,73.587890625,9.499999999999996,109.1452178955078
9.510000000000002,86.45390319824219,9.510000000000002,100.15216827392578,9.510000000000002,93.08197021484376,9.510000000000003,73.59870910644531,9.510000000000002,109.1238784790039
9.52,86.46144104003906,9.52,100.1212387084961,9.52,93.08819580078124,9.520000000000003,73.60765838623047,9.52,109.10163116455078
9.529999999999998,86.46539306640625,9.529999999999998,100.0932846069336,9.529999999999998,93.09228515625,9.53,73.61428833007812,9.529999999999998,109.08258056640624
9.539999999999996,86.4512710571289,9.539999999999996,100.06903076171876,9.540000000000004,93.09760284423828,9.54,73.6194076538086,9.540000000000004,109.06743621826172
9.55,86.42390441894531,9.55,100.04788970947266,9.55,93.1006851196289,9.550000000000004,73.62577056884766,9.55,109.05638885498048
9.56,86.40474700927734,9.56,100.0270004272461,9.56,93.1112823486328,9.560000000000002,73.63440704345703,9.56,109.043212890625
9.569999999999997,86.4027328491211,9.569999999999997,100.00627899169922,9.569999999999997,93.1245346069336,9.57,73.64299011230469,9.569999999999997,109.01927185058594
9.580000000000002,86.39977264404297,9.580000000000002,99.9830093383789,9.580000000000002,93.1353988647461,9.580000000000004,73.65194702148438,9.580000000000002,108.98300170898438
9.59,86.39469909667969,9.59,99.9591827392578,9.59,93.15123748779295,9.590000000000003,73.65852355957031,9.59,108.93495178222656
9.599999999999998,86.39378356933594,9.599999999999998,99.936279296875,9.599999999999998,93.16175842285156,9.6,73.66488647460938,9.599999999999998,108.88306427001952
9.609999999999996,86.39521026611328,9.609999999999996,99.91631317138672,9.609999999999996,93.1634292602539,9.61,73.67049407958984,9.609999999999996,108.83219909667967
9.62,86.3836441040039,9.62,99.89591979980467,9.62,93.16040802001952,9.620000000000005,73.67395782470703,9.62,108.79447174072266
9.63,86.36986541748047,9.63,99.8788070678711,9.63,93.14727020263672,9.630000000000004,73.67599487304688,9.63,108.76498413085938
9.639999999999995,86.3677749633789,9.639999999999995,99.86495971679688,9.639999999999995,93.13471221923828,9.64,73.67654418945312,9.639999999999995,108.74261474609376
9.650000000000002,86.3625717163086,9.650000000000002,99.85218811035156,9.650000000000002,93.12427520751952,9.65,73.67961883544922,9.650000000000002,108.71873474121094
9.66,86.35537719726562,9.66,99.8388442993164,9.66,93.10797119140624,9.660000000000004,73.68061065673828,9.66,108.69019317626952
9.669999999999998,86.35810089111328,9.669999999999998,99.82518005371094,9.669999999999998,93.08771514892578,9.670000000000002,73.67900848388672,9.669999999999998,108.65856170654295
9.679999999999996,86.34879302978516,9.679999999999996,99.80780029296876,9.679999999999996,93.05814361572266,9.68,73.67428588867188,9.679999999999996,108.62740325927734
9.69,86.3424072265625,9.69,99.7854232788086,9.69,93.0216064453125,9.690000000000005,73.66511535644531,9.69,108.60475158691406
9.7,86.34337615966797,9.7,99.75819396972656,9.7,92.98126220703124,9.700000000000005,73.65066528320312,9.7,108.58617401123048
9.709999999999996,86.32780456542969,9.709999999999996,99.73379516601562,9.709999999999996,92.93052673339844,9.71,73.63127899169922,9.709999999999996,108.56698608398438
9.720000000000002,86.32196044921875,9.720000000000002,99.71859741210938,9.720000000000002,92.86808013916016,9.72,73.604248046875,9.720000000000002,108.54566192626952
9.73,86.30933380126953,9.73,99.72199249267578,9.73,92.79418182373048,9.730000000000004,73.57183837890625,9.73,108.52064514160156
9.739999999999998,86.28298950195312,9.739999999999998,99.7458267211914,9.739999999999998,92.69863891601562,9.740000000000002,73.53663635253906,9.739999999999998,108.49264526367188
9.749999999999996,86.24735260009766,9.749999999999996,99.79388427734376,9.749999999999996,92.58307647705078,9.75,73.49433898925781,9.749999999999996,108.46646881103516
9.760000000000002,86.1965560913086,9.760000000000002,99.86539459228516,9.760000000000002,92.44296264648438,9.760000000000003,73.44979858398438,9.760000000000002,108.44493103027344
9.77,86.12257385253906,9.77,99.96469116210938,9.77,92.27783203125,9.770000000000003,73.40656280517578,9.77,108.42776489257812
9.779999999999998,86.04108428955078,9.779999999999998,100.08192443847656,9.779999999999998,92.08917999267578,9.78,73.36812591552734,9.779999999999998,108.41474151611328
9.789999999999996,85.93804168701172,9.789999999999996,100.21240997314452,9.790000000000004,91.8928451538086,9.79,73.33367919921875,9.790000000000004,108.40872192382812
9.8,85.8073959350586,9.8,100.34909057617188,9.8,91.68816375732422,9.800000000000004,73.30364990234375,9.8,108.40191650390624
9.81,85.65874481201172,9.81,100.48563385009766,9.81,91.47537231445312,9.810000000000002,73.27127075195312,9.81,108.39124298095705
9.819999999999997,85.52445220947266,9.819999999999997,100.62422943115234,9.819999999999997,91.24407958984376,9.82,73.23600769042969,9.819999999999997,108.37667846679688
9.830000000000002,85.386474609375,9.830000000000002,100.77154541015624,9.830000000000002,90.98926544189452,9.830000000000004,73.20406341552734,9.830000000000002,108.3631362915039
9.84,85.25206756591797,9.84,100.92745971679688,9.84,90.71765899658205,9.840000000000003,73.17884826660156,9.84,108.3498077392578
9.849999999999998,85.1094970703125,9.849999999999998,101.09001159667967,9.849999999999998,90.4242706298828,9.85,73.15918731689453,9.849999999999998,108.33647918701172
9.859999999999996,84.95510864257812,9.859999999999996,101.26033782958984,9.859999999999996,90.11446380615234,9.86,73.14468383789062,9.859999999999996,108.3294906616211
9.87,84.80156707763672,9.87,101.43411254882812,9.87,89.77362823486328,9.870000000000005,73.13069152832031,9.87,108.33580017089844
9.88,84.64678955078125,9.88,101.62403106689452,9.88,89.41134643554688,9.880000000000004,73.12188720703125,9.88,108.361328125
9.889999999999995,84.47834014892578,9.889999999999995,101.83179473876952,9.889999999999995,89.03346252441406,9.89,73.1159439086914,9.889999999999995,108.41545104980467
9.900000000000002,84.30149841308594,9.900000000000002,102.07137298583984,9.900000000000002,88.61687469482422,9.9,73.11540985107422,9.900000000000002,108.49610137939452
9.91,84.12171936035156,9.91,102.3461456298828,9.91,88.15506744384766,9.910000000000004,73.12248992919922,9.91,108.60053253173828
9.919999999999998,83.94598388671875,9.919999999999998,102.65177917480467,9.919999999999998,87.65653991699219,9.920000000000002,73.13885498046875,9.919999999999998,108.72720336914062
9.929999999999996,83.79737854003906,9.929999999999996,102.97969818115234,9.929999999999996,87.14370727539062,9.93,73.15717315673828,9.929999999999996,108.87013244628906
9.94,83.64440155029297,9.94,103.32584381103516,9.94,86.62376403808594,9.940000000000005,73.15885925292969,9.94,109.0335922241211
9.95,83.4560317993164,9.95,103.68316650390624,9.95,86.0853042602539,9.950000000000005,73.14506530761719,9.95,109.21905517578124
9.959999999999996,83.24230194091797,9.959999999999996,104.05509948730467,9.959999999999996,85.51428985595703,9.96,73.1255111694336,9.959999999999996,109.4180679321289
9.970000000000002,82.9868392944336,9.970000000000002,104.44782257080078,9.970000000000002,84.87487030029297,9.97,73.10222625732422,9.970000000000002,109.63311767578124
9.98,82.70783996582031,9.98,104.84213256835938,9.98,84.19544219970703,9.980000000000004,73.07979583740234,9.98,109.84761810302734
9.989999999999998,82.4503402709961,9.989999999999998,105.25012969970705,9.989999999999998,83.49182891845703,9.990000000000002,73.07698059082031,9.989999999999998,110.03587341308594
9.999999999999996,82.19579315185547,9.999999999999996,105.6636734008789,9.999999999999996,82.75145721435547,10.0,73.10140991210938,9.999999999999996,110.1810073852539
10.010000000000002,81.90398406982422,10.010000000000002,106.07101440429688,10.010000000000002,82.04209899902344,10.010000000000003,73.15790557861328,10.010000000000002,110.27474212646484
10.02,81.5613021850586,10.02,106.47687530517578,10.02,81.37024688720703,10.020000000000003,73.25111389160156,10.02,110.31295013427734
10.029999999999998,81.18946075439453,10.029999999999998,106.89350128173828,10.029999999999998,80.69329833984375,10.03,73.365478515625,10.029999999999998,110.31605529785156
10.039999999999996,80.80207061767578,10.039999999999996,107.31612396240234,10.040000000000004,80.01761627197266,10.04,73.45865631103516,10.040000000000004,110.28816986083984
10.05,80.38258361816406,10.05,107.7453842163086,10.05,79.33875274658203,10.050000000000004,73.51945495605469,10.05,110.24803161621094
10.06,79.94719696044922,10.06,108.18980407714844,10.06,78.67362213134766,10.060000000000002,73.54133605957031,10.06,110.20685577392578
10.069999999999997,79.53785705566406,10.069999999999997,108.62847900390624,10.069999999999997,77.98021697998047,10.07,73.53192901611328,10.069999999999997,110.16311645507812
10.080000000000002,79.00450134277344,10.080000000000002,109.0665512084961,10.080000000000002,77.2503433227539,10.080000000000004,73.51071166992188,10.080000000000002,110.13146209716795
10.09,78.60908508300781,10.09,109.49868774414062,10.09,76.57102966308594,10.090000000000003,73.50083923339844,10.09,110.13451385498048
10.099999999999998,78.24658203125,10.099999999999998,109.91304779052734,10.099999999999998,75.96206665039062,10.1,73.51457977294922,10.099999999999998,110.18780517578124
10.109999999999996,77.8466567993164,10.109999999999996,110.3050765991211,10.109999999999996,75.34945678710938,10.11,73.5400161743164,10.109999999999996,110.30973815917967
10.12,77.42599487304688,10.12,110.68269348144533,10.12,74.65048217773438,10.120000000000005,73.57103729248047,10.12,110.51836395263672
10.13,77.02123260498047,10.13,111.0621109008789,10.13,73.88273620605469,10.130000000000004,73.59963989257812,10.13,110.7957992553711
10.139999999999995,76.5852279663086,10.139999999999995,111.4443130493164,10.139999999999995,73.10218811035156,10.14,73.614990234375,10.139999999999995,111.12415313720705
10.150000000000002,76.05093383789062,10.150000000000002,111.80953979492188,10.150000000000002,72.2938232421875,10.15,73.6184310913086,10.150000000000002,111.45868682861328
10.16,75.49713897705078,10.16,112.16775512695312,10.16,71.46943664550781,10.160000000000004,73.6133041381836,10.16,111.72216033935548
10.169999999999998,74.942138671875,10.169999999999998,112.52458190917967,10.169999999999998,70.68952178955078,10.170000000000002,73.60360717773438,10.169999999999998,111.8549575805664
10.179999999999996,74.39341735839844,10.179999999999996,112.87255096435548,10.179999999999996,70.01091766357422,10.18,73.60163116455078,10.179999999999996,111.8741455078125
10.19,73.90740203857422,10.19,113.2081069946289,10.19,69.36331176757812,10.190000000000005,73.61245727539062,10.19,111.82447814941406
10.2,73.44969177246094,10.2,113.5381088256836,10.2,68.68310546875,10.200000000000005,73.62799072265625,10.2,111.76802825927734
10.209999999999996,72.9876708984375,10.209999999999996,113.8567886352539,10.209999999999996,67.98758697509766,10.21,73.64598846435547,10.209999999999996,111.71858215332033
10.220000000000002,72.5127182006836,10.220000000000002,114.17156219482422,10.220000000000002,67.30799102783203,10.22,73.6668472290039,10.220000000000002,111.68289184570312
10.23,72.00362396240234,10.23,114.48200988769533,10.23,66.65066528320312,10.230000000000004,73.69257354736328,10.23,111.70731353759766
10.239999999999998,71.48236846923828,10.239999999999998,114.78549194335938,10.239999999999998,66.00582122802734,10.240000000000002,73.71990966796875,10.239999999999998,111.84723663330078
10.249999999999996,70.91838836669922,10.249999999999996,115.07518768310548,10.249999999999996,65.3330307006836,10.25,73.75001525878906,10.249999999999996,112.07502746582033
10.260000000000002,70.32880401611328,10.260000000000002,115.35153198242188,10.260000000000002,64.67194366455078,10.260000000000003,73.783935546875,10.260000000000002,112.35752868652344
10.27,69.72409057617188,10.27,115.63214874267578,10.27,64.03608703613281,10.270000000000003,73.81806945800781,10.27,112.65402221679688
10.279999999999998,69.1245346069336,10.279999999999998,115.90538024902344,10.279999999999998,63.40462875366211,10.28,73.85073852539062,10.279999999999998,112.92931365966795
10.289999999999996,68.55899047851562,10.289999999999996,116.1604461669922,10.290000000000004,62.77914810180664,10.29,73.8805923461914,10.290000000000004,113.14934539794922
10.3,67.99522399902344,10.3,116.4022216796875,10.3,62.13663864135742,10.300000000000004,73.90499114990234,10.3,113.29216003417967
10.31,67.42794799804688,10.31,116.62718200683594,10.31,61.44987487792969,10.310000000000002,73.91903686523438,10.31,113.36685180664062
10.319999999999997,66.88217163085938,10.319999999999997,116.83348083496094,10.319999999999997,60.74021911621094,10.32,73.92742156982422,10.319999999999997,113.40189361572266
10.330000000000002,66.37427520751953,10.330000000000002,117.02947998046876,10.330000000000002,60.0445671081543,10.330000000000004,73.9374008178711,10.330000000000002,113.4645767211914
10.34,65.85520935058594,10.34,117.23391723632812,10.34,59.3385009765625,10.340000000000003,73.9539794921875,10.34,113.57615661621094
10.349999999999998,65.31382751464844,10.349999999999998,117.46461486816406,10.349999999999998,58.64144515991211,10.35,73.9774398803711,10.349999999999998,113.71876525878906
10.359999999999996,64.77330017089844,10.359999999999996,117.7126922607422,10.359999999999996,57.99288558959961,10.36,74.0013656616211,10.359999999999996,113.86239624023438
10.37,64.19715118408203,10.37,117.9521255493164,10.37,57.37350463867188,10.370000000000005,74.01983642578125,10.37,114.01891326904295
10.38,63.6005744934082,10.38,118.1714859008789,10.38,56.73627853393555,10.380000000000004,74.02784729003906,10.38,114.20421600341795
10.389999999999995,62.97613525390625,10.389999999999995,118.377197265625,10.389999999999995,56.06242370605469,10.39,74.01646423339844,10.389999999999995,114.3353271484375
10.400000000000002,62.35295867919922,10.400000000000002,118.5697250366211,10.400000000000002,55.37005615234375,10.4,73.9871826171875,10.400000000000002,114.33810424804688
10.41,61.72577667236328,10.41,118.74258422851562,10.41,54.7158317565918,10.410000000000004,73.95682525634766,10.41,114.18610382080078
10.419999999999998,61.09858703613281,10.419999999999998,118.90586853027344,10.419999999999998,54.05428695678711,10.420000000000002,73.93533325195312,10.419999999999998,113.89079284667967
10.429999999999996,60.49041366577149,10.429999999999996,119.05854034423828,10.429999999999996,53.367279052734375,10.43,73.92440032958984,10.429999999999996,113.53536987304688
10.44,59.87809371948242,10.44,119.1897964477539,10.44,52.67659378051758,10.440000000000005,73.91668701171875,10.44,113.19214630126952
10.45,59.24863815307617,10.45,119.29688262939452,10.45,52.0252685546875,10.450000000000005,73.89710998535156,10.45,112.9047622680664
10.459999999999996,58.60429763793945,10.459999999999996,119.38656616210938,10.459999999999996,51.403297424316406,10.46,73.86779022216797,10.459999999999996,112.69637298583984
10.470000000000002,57.97148132324219,10.470000000000002,119.46944427490234,10.470000000000002,50.77344512939453,10.47,73.8340835571289,10.470000000000002,112.5788116455078
10.48,57.31842422485352,10.48,119.55510711669922,10.48,50.079376220703125,10.480000000000004,73.79700469970703,10.48,112.49793243408205
10.489999999999998,56.66136169433594,10.489999999999998,119.63873291015624,10.489999999999998,49.390419006347656,10.490000000000002,73.75995635986328,10.489999999999998,112.41414642333984
10.499999999999996,56.01176452636719,10.499999999999996,119.72062683105467,10.499999999999996,48.71345138549805,10.5,73.73055267333984,10.499999999999996,112.29313659667967
10.510000000000002,55.38131332397461,10.510000000000002,119.82496643066406,10.510000000000002,48.04046249389648,10.510000000000003,73.71295166015625,10.510000000000002,112.1329116821289
10.52,54.739070892333984,10.52,119.9406967163086,10.52,47.37460708618164,10.520000000000003,73.70234680175781,10.52,111.94688415527344
10.529999999999998,54.08434295654297,10.529999999999998,120.04138946533205,10.529999999999998,46.71316146850586,10.53,73.68701934814453,10.529999999999998,111.75460052490234
10.539999999999996,53.41640853881836,10.539999999999996,120.12408447265624,10.540000000000004,46.020652770996094,10.54,73.66322326660156,10.540000000000004,111.58615112304688
10.55,52.7373161315918,10.55,120.19995880126952,10.55,45.26835250854492,10.550000000000004,73.6312255859375,10.55,111.42865753173828
10.56,52.02714920043945,10.56,120.27056884765624,10.56,44.471187591552734,10.560000000000002,73.59881591796875,10.56,111.24903106689452
10.569999999999997,51.29335021972656,10.569999999999997,120.33514404296876,10.569999999999997,43.63218688964844,10.57,73.57198333740234,10.569999999999997,111.0158233642578
10.580000000000002,50.51378631591797,10.580000000000002,120.39120483398438,10.580000000000002,42.75066757202149,10.580000000000004,73.54183197021484,10.580000000000002,110.74481964111328
10.59,49.74749374389648,10.59,120.42777252197266,10.59,41.89985275268555,10.590000000000003,73.51264190673828,10.59,110.46295166015624
10.599999999999998,48.99209213256836,10.599999999999998,120.46427154541016,10.599999999999998,41.03945541381836,10.6,73.4942626953125,10.599999999999998,110.1936264038086
10.609999999999996,48.215240478515625,10.609999999999996,120.49330139160156,10.609999999999996,40.14297866821289,10.61,73.49707794189453,10.609999999999996,109.9420928955078
10.62,47.41395568847656,10.62,120.51327514648438,10.62,39.239776611328125,10.620000000000005,73.51698303222656,10.62,109.72846221923828
10.63,46.57194137573242,10.63,120.52877807617188,10.63,38.34550857543945,10.630000000000004,73.53446960449219,10.63,109.54558563232422
10.639999999999995,45.70761489868164,10.639999999999995,120.54175567626952,10.639999999999995,37.46474075317383,10.64,73.53844451904297,10.639999999999995,109.368408203125
10.650000000000002,44.82709884643555,10.650000000000002,120.55577087402344,10.650000000000002,36.57567596435547,10.65,73.53229522705078,10.650000000000002,109.17850494384766
10.66,43.91109085083008,10.66,120.56771087646484,10.66,35.66971969604492,10.660000000000004,73.52127838134766,10.66,108.9791488647461
10.669999999999998,42.95499420166016,10.669999999999998,120.58876037597656,10.669999999999998,34.71860122680664,10.670000000000002,73.51744079589844,10.669999999999998,108.78556060791016
10.679999999999996,42.01176834106445,10.679999999999996,120.63745880126952,10.679999999999996,33.72779846191406,10.68,73.51631927490234,10.679999999999996,108.6176528930664
10.69,41.05887985229492,10.69,120.68505096435548,10.69,32.72045135498047,10.690000000000005,73.51692962646484,10.69,108.47371673583984
10.7,40.12519836425781,10.7,120.70307159423828,10.7,31.73149681091309,10.700000000000005,73.52872467041016,10.7,108.30248260498048
10.709999999999996,39.23929977416992,10.709999999999996,120.70252227783205,10.709999999999996,30.75541114807129,10.71,73.55368041992188,10.709999999999996,108.08822631835938
10.720000000000002,38.33257675170898,10.720000000000002,120.68586730957033,10.720000000000002,29.80557441711425,10.72,73.59140014648438,10.720000000000002,107.8582000732422
10.73,37.378299713134766,10.73,120.64868927001952,10.73,28.88448905944824,10.730000000000004,73.63107299804688,10.73,107.65950012207033
10.739999999999998,36.350128173828125,10.739999999999998,120.590087890625,10.739999999999998,28.01218032836914,10.740000000000002,73.66033172607422,10.739999999999998,107.51399230957033
10.749999999999996,35.28407287597656,10.749999999999996,120.51844787597656,10.749999999999996,27.186317443847656,10.75,73.6854476928711,10.749999999999996,107.38330841064452
10.760000000000002,34.223270416259766,10.760000000000002,120.44756317138672,10.760000000000002,26.372373580932617,10.760000000000003,73.70986938476562,10.760000000000002,107.24241638183594
10.77,33.18242263793945,10.77,120.37985229492188,10.77,25.5528507232666,10.770000000000003,73.73312377929688,10.77,107.12122344970705
10.779999999999998,32.15480422973633,10.779999999999998,120.3092803955078,10.779999999999998,24.718448638916016,10.78,73.7571792602539,10.779999999999998,107.06672668457033
10.789999999999996,31.14122772216797,10.789999999999996,120.2450942993164,10.790000000000004,23.878904342651367,10.79,73.78688049316406,10.790000000000004,107.10760498046876
10.8,30.16541290283203,10.8,120.18698120117188,10.8,23.050355911254883,10.800000000000004,73.81941986083984,10.8,107.19002532958984
10.81,29.2203426361084,10.81,120.12045288085938,10.81,22.25508499145508,10.810000000000002,73.85504913330078,10.81,107.27629089355467
10.819999999999997,28.27043533325196,10.819999999999997,120.0466079711914,10.819999999999997,21.493019104003903,10.82,73.89604949951172,10.819999999999997,107.35254669189452
10.830000000000002,27.3135986328125,10.830000000000002,119.96734619140624,10.830000000000002,20.777568817138672,10.830000000000004,73.94039916992188,10.830000000000002,107.39920806884766
10.84,26.346023559570312,10.84,119.88311767578124,10.84,20.08749389648437,10.840000000000003,73.98446655273438,10.84,107.44432067871094
10.849999999999998,25.38485336303711,10.849999999999998,119.79175567626952,10.849999999999998,19.408594131469727,10.85,74.02166748046875,10.849999999999998,107.5756378173828
10.859999999999996,24.439912796020508,10.859999999999996,119.6965560913086,10.859999999999996,18.74077796936035,10.86,74.05066680908203,10.859999999999996,107.80429077148438
10.87,23.50431251525879,10.87,119.60700225830078,10.87,18.073617935180664,10.870000000000005,74.06739044189453,10.87,108.11575317382812
10.88,22.59028434753418,10.88,119.52593994140624,10.88,17.391742706298828,10.880000000000004,74.07388305664062,10.88,108.4709243774414
10.889999999999995,21.702192306518555,10.889999999999995,119.45120239257812,10.889999999999995,16.68452262878418,10.89,74.0779037475586,10.889999999999995,108.82843780517578
10.900000000000002,20.817401885986328,10.900000000000002,119.39453125,10.900000000000002,15.953472137451172,10.9,74.0886001586914,10.900000000000002,109.16655731201172
10.91,19.920473098754883,10.91,119.36730194091795,10.91,15.225096702575684,10.910000000000004,74.11431121826172,10.91,109.50469970703124
10.919999999999998,19.011661529541016,10.919999999999998,119.36992645263672,10.919999999999998,14.52385711669922,10.920000000000002,74.15518951416016,10.919999999999998,109.85638427734376
10.929999999999996,18.11199951171875,10.929999999999996,119.35990142822266,10.929999999999996,13.851545333862305,10.93,74.20105743408203,10.929999999999996,110.236328125
10.94,17.267963409423828,10.94,119.33106231689452,10.94,13.228353500366213,10.940000000000005,74.24506378173828,10.94,110.60282135009766
10.95,16.475162506103516,10.95,119.2905044555664,10.95,12.690899848937988,10.950000000000005,74.28466796875,10.95,110.93635559082033
10.959999999999996,15.718690872192385,10.959999999999996,119.24195861816406,10.959999999999996,12.250554084777832,10.96,74.31790161132812,10.959999999999996,111.1942138671875
10.970000000000002,14.966707229614258,10.970000000000002,119.18199920654295,10.970000000000002,11.951980590820312,10.97,74.35106658935547,10.970000000000002,111.35334014892578
10.98,14.221076965332031,10.98,119.10696411132812,10.98,11.742572784423828,10.980000000000004,74.39366149902344,10.98,111.49214935302734
10.989999999999998,13.521965026855469,10.989999999999998,119.01692962646484,10.989999999999998,11.580432891845703,10.990000000000002,74.44373321533203,10.989999999999998,111.6918487548828
10.999999999999996,12.880919456481934,10.999999999999996,118.91728973388672,10.999999999999996,11.416316032409668,11.0,74.49327087402344,10.999999999999996,112.00846862792967
11.010000000000002,12.30894947052002,11.010000000000002,118.8000717163086,11.010000000000002,11.235566139221191,11.010000000000003,74.53739929199219,11.010000000000002,112.46976470947266
11.02,11.856151580810549,11.02,118.66722106933594,11.02,11.022305488586426,11.020000000000003,74.58275604248047,11.02,113.06876373291016
11.029999999999998,11.475663185119627,11.029999999999998,118.50859832763672,11.029999999999998,10.80082893371582,11.03,74.6306381225586,11.029999999999998,113.76808166503906
11.039999999999996,11.134151458740234,11.039999999999996,118.3366241455078,11.040000000000004,10.60738468170166,11.04,74.68043518066406,11.040000000000004,114.49169158935548
11.05,10.836527824401855,11.05,118.15116119384766,11.05,10.438898086547852,11.050000000000004,74.72968292236328,11.05,115.09314727783205
11.06,10.603876113891602,11.06,117.95962524414062,11.06,10.29749870300293,11.060000000000002,74.77751159667969,11.06,115.525390625
11.069999999999997,10.43130111694336,11.069999999999997,117.7757339477539,11.069999999999997,10.158576965332031,11.07,74.82373809814453,11.069999999999997,115.8531265258789
11.080000000000002,10.284878730773926,11.080000000000002,117.58557891845705,11.080000000000002,9.996026992797852,11.080000000000004,74.86736297607422,11.080000000000002,116.09182739257812
11.09,10.15450382232666,11.09,117.40143585205078,11.09,9.761151313781738,11.090000000000003,74.92037200927734,11.09,116.34636688232422
11.099999999999998,10.032149314880373,11.099999999999998,117.232666015625,11.099999999999998,9.449149131774902,11.1,74.97981262207031,11.099999999999998,116.65939331054688
11.109999999999996,9.908218383789062,11.109999999999996,117.07801818847656,11.109999999999996,9.08205509185791,11.11,75.038330078125,11.109999999999996,117.03394317626952
11.12,9.779119491577148,11.12,116.93348693847656,11.12,8.73663330078125,11.120000000000005,75.08744812011719,11.12,117.4542236328125
11.13,9.64216136932373,11.13,116.79351043701172,11.13,8.481224060058594,11.130000000000004,75.12445068359375,11.13,117.92334747314452
11.139999999999995,9.498477935791016,11.139999999999995,116.66525268554688,11.139999999999995,8.30650806427002,11.14,75.1467056274414,11.139999999999995,118.52145385742188
11.150000000000002,9.335559844970703,11.150000000000002,116.55101013183594,11.150000000000002,8.156097412109375,11.15,75.15807342529297,11.150000000000002,119.22669982910156
11.16,9.137182235717772,11.16,116.4559326171875,11.16,8.005267143249512,11.160000000000004,75.16024780273438,11.16,119.99547576904295
11.169999999999998,8.88879680633545,11.169999999999998,116.38215637207033,11.169999999999998,7.853340148925781,11.170000000000002,75.1500244140625,11.169999999999998,120.78459167480467
11.179999999999996,8.617874145507812,11.179999999999996,116.3222427368164,11.179999999999996,7.723433971405029,11.18,75.12631225585938,11.179999999999996,121.5137710571289
11.19,8.341764450073242,11.19,116.26969909667967,11.19,7.632189750671387,11.190000000000005,75.08793640136719,11.19,122.1149673461914
11.2,8.08779239654541,11.2,116.22502136230467,11.2,7.599390983581543,11.200000000000005,75.03604125976562,11.2,122.5448989868164
11.209999999999996,7.858727931976318,11.209999999999996,116.1913604736328,11.209999999999996,7.610184192657471,11.21,74.97821044921875,11.209999999999996,122.8330078125
11.220000000000002,7.6604743003845215,11.220000000000002,116.16948699951172,11.220000000000002,7.654164791107178,11.22,74.91816711425781,11.220000000000002,123.09461975097656
11.23,7.480494499206543,11.23,116.16438293457033,11.23,7.725771903991699,11.230000000000004,74.85980987548828,11.23,123.39387512207033
11.239999999999998,7.334498405456543,11.239999999999998,116.1686553955078,11.239999999999998,7.804091930389404,11.240000000000002,74.80391693115234,11.239999999999998,123.67314910888672
11.249999999999996,7.232964038848877,11.249999999999996,116.17668914794922,11.249999999999996,7.8655104637146,11.25,74.7494125366211,11.249999999999996,123.87358856201172
11.260000000000002,7.161838054656982,11.260000000000002,116.189697265625,11.260000000000002,7.909605503082275,11.260000000000003,74.69705200195312,11.260000000000002,124.03227996826172
11.27,7.131017684936523,11.27,116.2102279663086,11.27,7.938850402832031,11.270000000000003,74.64830017089844,11.27,124.1995086669922
11.279999999999998,7.134169578552246,11.279999999999998,116.24261474609376,11.279999999999998,7.955625534057617,11.28,74.60639190673828,11.279999999999998,124.42800903320312
11.289999999999996,7.147939205169678,11.289999999999996,116.28780364990234,11.290000000000004,7.959684371948242,11.29,74.5714111328125,11.290000000000004,124.6999053955078
11.3,7.161742687225342,11.3,116.34156799316406,11.3,7.950541019439697,11.300000000000004,74.54004669189453,11.3,124.95357513427734
11.31,7.172313690185547,11.31,116.39940643310548,11.31,7.93217134475708,11.310000000000002,74.51254272460938,11.31,125.1720199584961
11.319999999999997,7.182122707366943,11.319999999999997,116.46063232421876,11.319999999999997,7.90971565246582,11.32,74.48577880859375,11.319999999999997,125.37975311279295
11.330000000000002,7.195481777191162,11.330000000000002,116.52642059326172,11.330000000000002,7.8974175453186035,11.330000000000004,74.46221923828125,11.330000000000002,125.59769439697266
11.34,7.211612224578857,11.34,116.59742736816406,11.34,7.915235042572021,11.340000000000003,74.43922424316406,11.34,125.79158782958984
11.349999999999998,7.232268333435059,11.349999999999998,116.67127990722656,11.349999999999998,7.961713790893555,11.35,74.41680908203125,11.349999999999998,125.92316436767578
11.359999999999996,7.251743793487549,11.359999999999996,116.74434661865234,11.359999999999996,8.02080249786377,11.36,74.39202117919922,11.359999999999996,125.97325897216795
11.37,7.269258975982666,11.37,116.81343841552734,11.37,8.085309028625488,11.370000000000005,74.36117553710938,11.37,125.92555236816406
11.38,7.291538238525391,11.38,116.87753295898438,11.38,8.144184112548828,11.380000000000004,74.33132934570312,11.38,125.80662536621094
11.389999999999995,7.325095653533935,11.389999999999995,116.93739318847656,11.389999999999995,8.189533233642578,11.39,74.30107879638672,11.389999999999995,125.63573455810548
11.400000000000002,7.369729995727539,11.400000000000002,116.9958724975586,11.400000000000002,8.218039512634277,11.4,74.27330780029297,11.400000000000002,125.5117416381836
11.41,7.421095848083496,11.41,117.0518798828125,11.41,8.238261222839355,11.410000000000004,74.24897766113281,11.41,125.52468872070312
11.419999999999998,7.4757561683654785,11.419999999999998,117.10603332519533,11.419999999999998,8.260963439941406,11.420000000000002,74.22388458251953,11.419999999999998,125.6932601928711
11.429999999999996,7.53120756149292,11.429999999999996,117.16451263427734,11.429999999999996,8.288650512695312,11.43,74.20111846923828,11.429999999999996,125.93610382080078
11.44,7.591150283813477,11.44,117.21792602539062,11.44,8.31833267211914,11.440000000000005,74.18518829345703,11.44,126.1758270263672
11.45,7.648295879364014,11.45,117.26991271972656,11.45,8.348040580749512,11.450000000000005,74.17436218261719,11.45,126.34709930419922
11.459999999999996,7.703232765197754,11.459999999999996,117.3178939819336,11.459999999999996,8.383413314819336,11.46,74.16775512695312,11.459999999999996,126.4146499633789
11.470000000000002,7.754727363586426,11.470000000000002,117.36123657226562,11.470000000000002,8.438559532165527,11.47,74.1663818359375,11.470000000000002,126.36506652832033
11.48,7.797621726989746,11.48,117.40547943115234,11.48,8.472293853759766,11.480000000000004,74.17076110839844,11.48,126.23519134521484
11.489999999999998,7.83387565612793,11.489999999999998,117.43739318847656,11.489999999999998,8.471843719482422,11.490000000000002,74.17684173583984,11.489999999999998,126.05522918701172
11.499999999999996,7.872766017913818,11.499999999999996,117.46025848388672,11.499999999999996,8.452958106994629,11.5,74.17980194091797,11.499999999999996,125.87618255615234
11.510000000000002,7.91849422454834,11.510000000000002,117.47947692871094,11.510000000000002,8.43388843536377,11.510000000000003,74.1806869506836,11.510000000000002,125.73444366455078
11.52,7.970161914825439,11.52,117.49554443359376,11.52,8.417226791381836,11.520000000000003,74.17985534667969,11.52,125.64263153076172
11.529999999999998,8.01424503326416,11.529999999999998,117.51223754882812,11.529999999999998,8.40185260772705,11.53,74.17889404296875,11.529999999999998,125.58079528808594
11.539999999999996,8.03580379486084,11.539999999999996,117.52860260009766,11.540000000000004,8.392499923706055,11.54,74.17601776123047,11.540000000000004,125.52091979980467
11.55,8.052818298339844,11.55,117.54674530029295,11.55,8.391688346862793,11.550000000000004,74.1725845336914,11.55,125.44189453125
11.56,8.064070701599121,11.56,117.56494140625,11.56,8.394464492797852,11.560000000000002,74.16646575927734,11.56,125.3452606201172
11.569999999999997,8.073509216308594,11.569999999999997,117.58409118652344,11.569999999999997,8.399266242980957,11.57,74.15845489501953,11.569999999999997,125.23394012451172
11.580000000000002,8.082646369934082,11.580000000000002,117.60289001464844,11.580000000000002,8.403156280517578,11.580000000000004,74.15062713623047,11.580000000000002,125.11643981933594
11.59,8.0889253616333,11.59,117.62210845947266,11.59,8.405996322631836,11.590000000000003,74.14129638671875,11.59,124.98756408691406
11.599999999999998,8.093430519104004,11.599999999999998,117.6421356201172,11.599999999999998,8.405585289001465,11.6,74.13483428955078,11.599999999999998,124.8661117553711
11.609999999999996,8.100119590759277,11.609999999999996,117.66551971435548,11.609999999999996,8.407166481018066,11.61,74.12908935546875,11.609999999999996,124.7796401977539
11.62,8.108621597290039,11.62,117.68569946289062,11.62,8.404627799987793,11.620000000000005,74.127197265625,11.62,124.72525787353516
11.63,8.123356819152832,11.63,117.7008285522461,11.63,8.401347160339355,11.630000000000004,74.12449645996094,11.63,124.67926025390624
11.639999999999995,8.144876480102539,11.639999999999995,117.71063995361328,11.639999999999995,8.404142379760742,11.64,74.12352752685547,11.639999999999995,124.6293487548828
11.650000000000002,8.170149803161621,11.650000000000002,117.71736145019533,11.650000000000002,8.417797088623047,11.65,74.12283325195312,11.650000000000002,124.56783294677734
11.66,8.201866149902344,11.66,117.72734832763672,11.66,8.441235542297363,11.660000000000004,74.12639617919922,11.66,124.47386932373048
11.669999999999998,8.240653991699219,11.669999999999998,117.7303237915039,11.669999999999998,8.471672058105469,11.670000000000002,74.12907409667969,11.669999999999998,124.34758758544922
11.679999999999996,8.280468940734863,11.679999999999996,117.7267608642578,11.679999999999996,8.503698348999023,11.68,74.1275634765625,11.679999999999996,124.21772003173828
11.69,8.31613826751709,11.69,117.71936798095705,11.69,8.523812294006348,11.690000000000005,74.12378692626953,11.69,124.12287902832033
11.7,8.346917152404785,11.7,117.70742797851562,11.7,8.534344673156738,11.700000000000005,74.12134552001953,11.7,124.07942199707033
11.709999999999996,8.369500160217285,11.709999999999996,117.69147491455078,11.709999999999996,8.531730651855469,11.71,74.11945343017578,11.709999999999996,124.07339477539062
11.720000000000002,8.389521598815918,11.720000000000002,117.67481231689452,11.720000000000002,8.515946388244629,11.72,74.12008666992188,11.720000000000002,124.08277130126952
11.73,8.409170150756836,11.73,117.65677642822266,11.73,8.489150047302246,11.730000000000004,74.1207275390625,11.73,124.087646484375
11.739999999999998,8.433295249938965,11.739999999999998,117.63861083984376,11.739999999999998,8.456533432006836,11.740000000000002,74.12342834472656,11.739999999999998,124.083740234375
11.749999999999996,8.45706558227539,11.749999999999996,117.62194061279295,11.749999999999996,8.422750473022461,11.75,74.1262435913086,11.749999999999996,124.07435607910156
11.760000000000002,8.474963188171387,11.760000000000002,117.6080093383789,11.760000000000002,8.384913444519043,11.760000000000003,74.12995910644531,11.760000000000002,124.06184387207033
11.77,8.490874290466309,11.77,117.59380340576172,11.77,8.34819221496582,11.770000000000003,74.1410140991211,11.77,124.04779815673828
11.779999999999998,8.50550651550293,11.779999999999998,117.57876586914062,11.779999999999998,8.311362266540527,11.78,74.14537048339844,11.779999999999998,124.03457641601562
11.789999999999996,8.511789321899414,11.789999999999996,117.56171417236328,11.790000000000004,8.280533790588379,11.79,74.14952850341797,11.790000000000004,124.02194213867188
11.8,8.513264656066895,11.8,117.54228973388672,11.8,8.250659942626953,11.800000000000004,74.15296173095703,11.8,124.0126495361328
11.81,8.510817527770996,11.81,117.52117156982422,11.81,8.218437194824219,11.810000000000002,74.15499877929688,11.81,124.00418090820312
11.819999999999997,8.507033348083496,11.819999999999997,117.49979400634766,11.819999999999997,8.193345069885254,11.82,74.15908813476562,11.819999999999997,123.98907470703124
11.830000000000002,8.505456924438477,11.830000000000002,117.47862243652344,11.830000000000002,8.172218322753906,11.830000000000004,74.16101837158203,11.830000000000002,123.96772003173828
11.84,8.501021385192871,11.84,117.45759582519533,11.84,8.15272045135498,11.840000000000003,74.16341400146484,11.84,123.9301986694336
11.849999999999998,8.491456985473633,11.849999999999998,117.4387435913086,11.849999999999998,8.13856315612793,11.85,74.1654281616211,11.849999999999998,123.8875503540039
11.859999999999996,8.479164123535156,11.859999999999996,117.4225845336914,11.859999999999996,8.125038146972656,11.86,74.16950225830078,11.859999999999996,123.85203552246094
11.87,8.461966514587402,11.87,117.4070281982422,11.87,8.105870246887207,11.870000000000005,74.17112731933594,11.87,123.83734893798828
11.88,8.445666313171387,11.88,117.39236450195312,11.88,8.08885383605957,11.880000000000004,74.1746597290039,11.88,123.81808471679688
11.889999999999995,8.429808616638184,11.889999999999995,117.38178253173828,11.889999999999995,8.070801734924316,11.89,74.1757583618164,11.889999999999995,123.78101348876952
11.900000000000002,8.401827812194824,11.900000000000002,117.37769317626952,11.900000000000002,8.050806045532227,11.9,74.1774673461914,11.900000000000002,123.73499298095705
11.91,8.387632369995117,11.91,117.37691497802734,11.91,8.026846885681152,11.910000000000004,74.1783447265625,11.91,123.69307708740234
11.919999999999998,8.384050369262695,11.919999999999998,117.37921142578124,11.919999999999998,8.001327514648438,11.920000000000002,74.17807006835938,11.919999999999998,123.6616439819336
11.929999999999996,8.381885528564453,11.929999999999996,117.382080078125,11.929999999999996,7.970302581787109,11.93,74.17616271972656,11.929999999999996,123.64776611328124
11.94,8.374804496765137,11.94,117.38327026367188,11.94,7.938083648681641,11.940000000000005,74.1769790649414,11.94,123.66060638427734
11.95,8.366069793701172,11.95,117.38430786132812,11.95,7.91068696975708,11.950000000000005,74.18013000488281,11.95,123.67390441894533
11.959999999999996,8.357933044433594,11.959999999999996,117.38429260253906,11.959999999999996,7.889508247375488,11.96,74.18216705322266,11.959999999999996,123.67513275146484
11.970000000000002,8.353167533874512,11.970000000000002,117.38292694091795,11.970000000000002,7.872568607330322,11.97,74.18419647216797,11.970000000000002,123.66625213623048
11.98,8.348602294921875,11.98,117.38111114501952,11.98,7.861917018890381,11.980000000000004,74.18465423583984,11.98,123.65137481689452
11.989999999999998,8.320103645324707,11.989999999999998,117.3798828125,11.989999999999998,7.857645511627197,11.990000000000002,74.18606567382812,11.989999999999998,123.63331604003906
11.999999999999996,8.320371627807617,11.999999999999996,117.38067626953124,11.999999999999996,7.853460311889648,12.0,74.18606567382812,11.999999999999996,123.61750030517578
12.010000000000002,8.328564643859863,12.010000000000002,117.38249206542967,12.010000000000002,7.846923828125,12.010000000000003,74.18990325927734,12.010000000000002,123.6034927368164
12.02,8.343404769897461,12.02,117.38479614257812,12.02,7.843955993652344,12.020000000000003,74.19187927246094,12.02,123.58847045898438
12.029999999999998,8.359118461608887,12.029999999999998,117.38909912109376,12.029999999999998,7.84726095199585,12.03,74.19904327392578,12.029999999999998,123.57494354248048
12.039999999999996,8.377480506896973,12.039999999999996,117.39529418945312,12.040000000000004,7.849157333374023,12.04,74.19914245605469,12.040000000000004,123.5710220336914
12.05,8.392186164855957,12.05,117.40103912353516,12.05,7.849477291107178,12.050000000000004,74.1996841430664,12.05,123.56554412841795
12.06,8.402548789978027,12.06,117.40547943115234,12.06,7.849857330322266,12.060000000000002,74.19911193847656,12.06,123.55572509765624
12.069999999999997,8.41019058227539,12.069999999999997,117.40929412841795,12.069999999999997,7.847229480743408,12.07,74.2002944946289,12.069999999999997,123.54016876220705
12.080000000000002,8.411311149597168,12.080000000000002,117.41246032714844,12.080000000000002,7.838120460510254,12.080000000000004,74.20135498046875,12.080000000000002,123.5199203491211
12.09,8.40959358215332,12.09,117.416015625,12.09,7.822578430175781,12.090000000000003,74.2042465209961,12.09,123.49520874023438
12.099999999999998,8.397143363952637,12.099999999999998,117.4183120727539,12.099999999999998,7.808771133422852,12.1,74.20690155029297,12.099999999999998,123.4725570678711
12.109999999999996,8.378260612487793,12.109999999999996,117.42210388183594,12.109999999999996,7.794382572174072,12.11,74.21150970458984,12.109999999999996,123.4564971923828
12.12,8.387345314025879,12.12,117.42822265625,12.12,7.779837608337402,12.120000000000005,74.21573638916016,12.12,123.44476318359376
12.13,8.398883819580078,12.13,117.43181610107422,12.13,7.770293235778809,12.130000000000004,74.21710205078125,12.13,123.43220520019533
12.139999999999995,8.409053802490234,12.139999999999995,117.43248748779295,12.139999999999995,7.765984535217285,12.14,74.21990966796875,12.139999999999995,123.41136169433594
12.150000000000002,8.42419719696045,12.150000000000002,117.43172454833984,12.150000000000002,7.764954566955566,12.15,74.22087860107422,12.150000000000002,123.3826904296875
12.16,8.440947532653809,12.16,117.43058776855467,12.16,7.76601505279541,12.160000000000004,74.22107696533203,12.16,123.34894561767578
12.169999999999998,8.45578670501709,12.169999999999998,117.42737579345705,12.169999999999998,7.769880294799805,12.170000000000002,74.22135925292969,12.169999999999998,123.31465911865234
12.179999999999996,8.465126037597656,12.179999999999996,117.42471313476562,12.179999999999996,7.777684688568115,12.18,74.22399139404297,12.179999999999996,123.28099060058594
12.19,8.464519500732422,12.19,117.42322540283205,12.19,7.788577079772949,12.190000000000005,74.22472381591797,12.19,123.2508773803711
12.2,8.46057415008545,12.2,117.42195892333984,12.2,7.803636074066162,12.200000000000005,74.22833251953125,12.2,123.22418975830078
12.209999999999996,8.464689254760742,12.209999999999996,117.4214096069336,12.209999999999996,7.815714359283447,12.21,74.23684692382812,12.209999999999996,123.19973754882812
12.220000000000002,8.46020221710205,12.220000000000002,117.42189025878906,12.220000000000002,7.822573184967041,12.22,74.23788452148438,12.220000000000002,123.18000793457033
12.23,8.45226764678955,12.23,117.4284439086914,12.23,7.826542377471924,12.230000000000004,74.24159240722656,12.23,123.16393280029295
12.239999999999998,8.444011688232422,12.239999999999998,117.4325180053711,12.239999999999998,7.827362060546875,12.240000000000002,74.24446868896484,12.239999999999998,123.14777374267578
12.249999999999996,8.428584098815918,12.249999999999996,117.43165588378906,12.249999999999996,7.826087474822998,12.25,74.24700927734375,12.249999999999996,123.13226318359376
12.260000000000002,8.411972045898438,12.260000000000002,117.4305191040039,12.260000000000002,7.822043418884277,12.260000000000003,74.24971008300781,12.260000000000002,123.11663818359376
12.27,8.39521598815918,12.27,117.43162536621094,12.27,7.815716743469238,12.270000000000003,74.25243377685547,12.27,123.10385131835938
12.279999999999998,8.380879402160645,12.279999999999998,117.43283081054688,12.279999999999998,7.809865951538086,12.28,74.25495147705078,12.279999999999998,123.09228515625
12.289999999999996,8.37321662902832,12.289999999999996,117.43329620361328,12.290000000000004,7.802196502685547,12.29,74.26313018798828,12.290000000000004,123.0774917602539
12.3,8.372711181640625,12.3,117.43243408203124,12.3,7.793513298034668,12.300000000000004,74.2650146484375,12.3,123.05956268310548
12.31,8.368964195251465,12.31,117.4301528930664,12.31,7.785609245300293,12.310000000000002,74.26553344726562,12.31,123.03970336914062
12.319999999999997,8.364709854125977,12.319999999999997,117.42675018310548,12.319999999999997,7.779130935668945,12.32,74.26785278320312,12.319999999999997,123.02202606201172
12.330000000000002,8.362508773803711,12.330000000000002,117.42272186279295,12.330000000000002,7.770378112792969,12.330000000000004,74.26864624023438,12.330000000000002,123.00398254394533
12.34,8.359827041625977,12.34,117.41726684570312,12.34,7.759346961975098,12.340000000000003,74.2677993774414,12.34,122.98297119140624
12.349999999999998,8.3549222946167,12.349999999999998,117.41154479980467,12.349999999999998,7.749029159545898,12.35,74.26958465576172,12.349999999999998,122.9599838256836
12.359999999999996,8.34667682647705,12.359999999999996,117.40724182128906,12.359999999999996,7.737663269042969,12.36,74.26976013183594,12.359999999999996,122.93815612792967
12.37,8.33605670928955,12.37,117.40357208251952,12.37,7.72552490234375,12.370000000000005,74.26679229736328,12.37,122.9240951538086
12.38,8.32101058959961,12.38,117.40172576904295,12.38,7.710058689117432,12.380000000000004,74.26441955566406,12.38,122.917236328125
12.389999999999995,8.306547164916992,12.389999999999995,117.40367889404295,12.389999999999995,7.6950531005859375,12.39,74.25926971435547,12.389999999999995,122.91281127929688
12.400000000000002,8.297504425048828,12.400000000000002,117.40924835205078,12.400000000000002,7.68393087387085,12.4,74.26048278808594,12.400000000000002,122.90831756591795
12.41,8.292457580566406,12.41,117.41587829589844,12.41,7.67807149887085,12.410000000000004,74.26514434814453,12.41,122.8990707397461
12.419999999999998,8.287945747375488,12.419999999999998,117.42318725585938,12.419999999999998,7.672436237335205,12.420000000000002,74.26669311523438,12.419999999999998,122.88490295410156
12.429999999999996,8.259027481079102,12.429999999999996,117.42887878417967,12.429999999999996,7.665155410766602,12.43,74.27030181884766,12.429999999999996,122.87020874023438
12.44,8.247967720031738,12.44,117.43523406982422,12.44,7.657905101776123,12.440000000000005,74.27183532714844,12.44,122.85457611083984
12.45,8.24894905090332,12.45,117.43894958496094,12.45,7.65313196182251,12.450000000000005,74.27235412597656,12.45,122.83739471435548
12.459999999999996,8.25170612335205,12.459999999999996,117.44259643554688,12.459999999999996,7.653302669525146,12.46,74.27129364013672,12.459999999999996,122.82202911376952
12.470000000000002,8.252330780029297,12.470000000000002,117.44520568847656,12.470000000000002,7.656529903411865,12.47,74.26868438720703,12.470000000000002,122.80937957763672
12.48,8.247450828552246,12.48,117.4458236694336,12.48,7.660231113433838,12.480000000000004,74.2626953125,12.48,122.8012924194336
12.489999999999998,8.241268157958984,12.489999999999998,117.4462432861328,12.489999999999998,7.666240692138672,12.490000000000002,74.25637817382812,12.489999999999998,122.79314422607422
12.499999999999996,8.233880043029785,12.499999999999996,117.44774627685548,12.499999999999996,7.67703914642334,12.5,74.24894714355469,12.499999999999996,122.78871154785156
12.510000000000002,8.221001625061035,12.510000000000002,117.45410919189452,12.510000000000002,7.686366558074951,12.510000000000003,74.24239349365234,12.510000000000002,122.78858184814452
12.52,8.210783004760742,12.52,117.46543884277344,12.52,7.69582986831665,12.520000000000003,74.2342529296875,12.52,122.78854370117188
12.529999999999998,8.204201698303223,12.529999999999998,117.48087310791016,12.529999999999998,7.703965663909912,12.53,74.22920989990234,12.529999999999998,122.7924346923828
12.539999999999996,8.204024314880371,12.539999999999996,117.49182891845705,12.540000000000004,7.710017681121826,12.54,74.22476959228516,12.540000000000004,122.80219268798828
12.55,8.20653247833252,12.55,117.50090026855467,12.55,7.717641830444336,12.550000000000004,74.22119903564453,12.55,122.81363677978516
12.56,8.209898948669434,12.56,117.50237274169922,12.56,7.724110126495361,12.560000000000002,74.22040557861328,12.56,122.81852722167967
12.569999999999997,8.215319633483887,12.569999999999997,117.4996566772461,12.569999999999997,7.731293201446533,12.57,74.2223129272461,12.569999999999997,122.82108306884766
12.580000000000002,8.219366073608398,12.580000000000002,117.49079132080078,12.580000000000002,7.739236354827881,12.580000000000004,74.2213363647461,12.580000000000002,122.82239532470705
12.59,8.220141410827637,12.59,117.48033905029295,12.59,7.750706195831299,12.590000000000003,74.22237396240234,12.59,122.8210678100586
12.599999999999998,8.226436614990234,12.599999999999998,117.47119903564452,12.599999999999998,7.759675979614258,12.6,74.2245864868164,12.599999999999998,122.81674194335938
12.609999999999996,8.230425834655762,12.609999999999996,117.46060180664062,12.609999999999996,7.765285015106201,12.61,74.2252426147461,12.609999999999996,122.81324005126952
12.62,8.233978271484375,12.62,117.44744873046876,12.62,7.768475532531738,12.620000000000005,74.22421264648438,12.62,122.80929565429688
12.63,8.238974571228027,12.63,117.43292236328124,12.63,7.769840717315674,12.630000000000004,74.22238159179688,12.63,122.8089370727539
12.639999999999995,8.245315551757812,12.639999999999995,117.41986846923828,12.639999999999995,7.772409915924072,12.64,74.2250747680664,12.639999999999995,122.81067657470705
12.650000000000002,8.248655319213867,12.650000000000002,117.40829467773438,12.650000000000002,7.774878978729248,12.65,74.22669982910156,12.650000000000002,122.80860900878906
12.66,8.246053695678711,12.66,117.3947296142578,12.66,7.775442600250244,12.660000000000004,74.22960662841797,12.66,122.81000518798828
12.669999999999998,8.240802764892578,12.669999999999998,117.37955474853516,12.669999999999998,7.778016567230225,12.670000000000002,74.23112487792969,12.669999999999998,122.8146514892578
12.679999999999996,8.231321334838867,12.679999999999996,117.36293029785156,12.679999999999996,7.783783912658691,12.68,74.23279571533203,12.679999999999996,122.82186126708984
12.69,8.21978759765625,12.69,117.34593200683594,12.69,7.789325714111328,12.690000000000005,74.23545837402344,12.69,122.83100128173828
12.7,8.20793342590332,12.7,117.32772827148438,12.7,7.794373989105225,12.700000000000005,74.23641204833984,12.7,122.83946990966795
12.709999999999996,8.196364402770996,12.709999999999996,117.31053924560548,12.709999999999996,7.798316955566406,12.71,74.23505401611328,12.709999999999996,122.84709167480467
12.720000000000002,8.185980796813965,12.720000000000002,117.29540252685548,12.720000000000002,7.797488689422607,12.72,74.2331314086914,12.720000000000002,122.85758209228516
12.73,8.175216674804688,12.73,117.28465270996094,12.73,7.795797348022461,12.730000000000004,74.22784423828125,12.73,122.87225341796876
12.739999999999998,8.168192863464355,12.739999999999998,117.27766418457033,12.739999999999998,7.794095993041992,12.740000000000002,74.22125244140625,12.739999999999998,122.88573455810548
12.749999999999996,8.161848068237305,12.749999999999996,117.27234649658205,12.749999999999996,7.790816307067871,12.75,74.21315002441406,12.749999999999996,122.8973617553711
12.760000000000002,8.157234191894531,12.760000000000002,117.26961517333984,12.760000000000002,7.785891056060791,12.760000000000003,74.20393371582031,12.760000000000002,122.90705871582033
12.77,8.152952194213867,12.77,117.2662124633789,12.77,7.782450199127197,12.770000000000003,74.19125366210938,12.77,122.91554260253906
12.779999999999998,8.145237922668457,12.779999999999998,117.25919342041016,12.779999999999998,7.770077228546143,12.78,74.17333221435547,12.779999999999998,122.9267349243164
12.789999999999996,8.135808944702148,12.789999999999996,117.2454071044922,12.790000000000004,7.729348182678223,12.79,74.15017700195312,12.790000000000004,122.94135284423828
12.8,8.121444702148438,12.8,117.2207489013672,12.8,7.690049171447754,12.800000000000004,74.12841033935547,12.8,122.95958709716795
12.81,8.102605819702148,12.81,117.20123291015624,12.81,7.679495334625244,12.810000000000002,74.10792541503906,12.81,122.9791488647461
12.819999999999997,8.082221984863281,12.819999999999997,117.20165252685548,12.819999999999997,7.68055248260498,12.82,74.09197998046875,12.819999999999997,122.99712371826172
12.830000000000002,8.066987037658691,12.830000000000002,117.21336364746094,12.830000000000002,7.681159496307373,12.830000000000004,74.08158874511719,12.830000000000002,123.01651000976562
12.84,8.057557106018066,12.84,117.20939636230467,12.84,7.678988456726074,12.840000000000003,74.08088684082031,12.84,123.0441436767578
12.849999999999998,8.049386978149414,12.849999999999998,117.21023559570312,12.849999999999998,7.677453994750977,12.85,74.08390808105469,12.849999999999998,123.07672119140624
12.859999999999996,8.043697357177734,12.859999999999996,117.21414184570312,12.859999999999996,7.675428867340088,12.86,74.09413146972656,12.859999999999996,123.10716247558594
12.87,8.034122467041016,12.87,117.2330322265625,12.87,7.6653733253479,12.870000000000005,74.11084747314453,12.87,123.1216812133789
12.88,8.019432067871094,12.88,117.26555633544922,12.88,7.65089750289917,12.880000000000004,74.13432312011719,12.88,123.12128448486328
12.889999999999995,7.996489524841309,12.889999999999995,117.31404876708984,12.889999999999995,7.636898040771484,12.89,74.16285705566406,12.889999999999995,123.1013641357422
12.900000000000002,7.967257499694824,12.900000000000002,117.36734008789062,12.900000000000002,7.620261669158935,12.9,74.19647216796875,12.900000000000002,123.06612396240234
12.91,7.930028438568115,12.91,117.41397857666016,12.91,7.5955328941345215,12.910000000000004,74.23616790771484,12.91,123.0203094482422
12.919999999999998,7.896347999572754,12.919999999999998,117.44249725341795,12.919999999999998,7.566386699676514,12.920000000000002,74.27790832519531,12.919999999999998,122.97923278808594
12.929999999999996,7.876916885375977,12.929999999999996,117.45308685302734,12.929999999999996,7.53825044631958,12.93,74.31719970703125,12.929999999999996,122.94637298583984
12.94,7.857626914978027,12.94,117.45270538330078,12.94,7.512848854064941,12.940000000000005,74.35455322265625,12.94,122.91973876953124
12.95,7.832586288452148,12.95,117.4553451538086,12.95,7.489209651947021,12.950000000000005,74.38822937011719,12.95,122.88642120361328
12.959999999999996,7.801727771759033,12.959999999999996,117.45759582519533,12.959999999999996,7.469141960144043,12.96,74.41746520996094,12.959999999999996,122.83702850341795
12.970000000000002,7.776360988616943,12.970000000000002,117.45875549316406,12.970000000000002,7.4535040855407715,12.97,74.44266510009766,12.970000000000002,122.76817321777344
12.98,7.760276794433594,12.98,117.46150207519533,12.98,7.4409637451171875,12.980000000000004,74.46320343017578,12.98,122.69120025634766
12.989999999999998,7.751640796661377,12.989999999999998,117.46438598632812,12.989999999999998,7.428103446960449,12.990000000000002,74.47807312011719,12.989999999999998,122.60424041748048
12.999999999999996,7.738836288452148,12.999999999999996,117.45781707763672,12.999999999999996,7.413296699523926,13.0,74.4930191040039,12.999999999999996,122.50225067138672
13.010000000000002,7.722324848175049,13.010000000000002,117.4685516357422,13.010000000000002,7.394097805023193,13.010000000000003,74.51362609863281,13.010000000000002,122.3943328857422
13.02,7.705615043640137,13.02,117.4822769165039,13.02,7.370439529418945,13.020000000000003,74.5353775024414,13.02,122.3150634765625
13.029999999999998,7.68341588973999,13.029999999999998,117.49266052246094,13.029999999999998,7.351703643798828,13.03,74.553466796875,13.029999999999998,122.2867431640625
13.039999999999996,7.6493706703186035,13.039999999999996,117.50081634521484,13.040000000000004,7.338233470916748,13.04,74.5718765258789,13.040000000000004,122.31644439697266
13.05,7.612311363220215,13.05,117.5184555053711,13.05,7.334800720214844,13.050000000000004,74.58917236328125,13.05,122.35176849365234
13.06,7.574708461761475,13.06,117.54167175292967,13.06,7.335586071014404,13.060000000000002,74.60897064208984,13.06,122.36156463623048
13.069999999999997,7.533833026885986,13.069999999999997,117.56672668457033,13.069999999999997,7.340685844421387,13.07,74.6324462890625,13.069999999999997,122.32754516601562
13.080000000000002,7.502739429473877,13.080000000000002,117.59140014648438,13.080000000000002,7.347997188568115,13.080000000000004,74.65672302246094,13.080000000000002,122.25392150878906
13.09,7.495999813079834,13.09,117.62105560302734,13.09,7.363560676574707,13.090000000000003,74.6851806640625,13.09,122.13442993164062
13.099999999999998,7.4917311668396,13.099999999999998,117.64972686767578,13.099999999999998,7.382443904876709,13.1,74.71770477294922,13.099999999999998,121.9884796142578
13.109999999999996,7.48187780380249,13.109999999999996,117.6800537109375,13.109999999999996,7.400980949401855,13.11,74.75318145751953,13.109999999999996,121.84003448486328
13.12,7.466744422912598,13.12,117.70965576171876,13.12,7.4123148918151855,13.120000000000005,74.78654479980469,13.12,121.71466064453124
13.13,7.454823017120361,13.13,117.73242950439452,13.13,7.415334701538086,13.130000000000004,74.8172836303711,13.13,121.62175750732422
13.139999999999995,7.44685173034668,13.139999999999995,117.74722290039062,13.139999999999995,7.407875061035156,13.14,74.83897399902344,13.139999999999995,121.5601043701172
13.150000000000002,7.441717147827148,13.150000000000002,117.75201416015624,13.150000000000002,7.399829864501953,13.15,74.8492431640625,13.150000000000002,121.51062774658205
13.16,7.434875011444092,13.16,117.74227905273438,13.16,7.391708850860596,13.160000000000004,74.8409652709961,13.16,121.45126342773438
13.169999999999998,7.423571586608887,13.169999999999998,117.72380828857422,13.169999999999998,7.384518146514893,13.170000000000002,74.81915283203125,13.169999999999998,121.38692474365234
13.179999999999996,7.406196594238281,13.179999999999996,117.70243072509766,13.179999999999996,7.391629695892334,13.18,74.78997802734375,13.179999999999996,121.33422088623048
13.19,7.383308410644531,13.19,117.6885757446289,13.19,7.417367458343506,13.190000000000005,74.7646255493164,13.19,121.28728485107422
13.2,7.360010623931885,13.2,117.6854476928711,13.2,7.459127902984619,13.200000000000005,74.75128936767578,13.2,121.2366943359375
13.209999999999996,7.348074436187744,13.209999999999996,117.68704986572266,13.209999999999996,7.517027378082275,13.21,74.74934387207031,13.209999999999996,121.15850830078124
13.220000000000002,7.360185623168945,13.220000000000002,117.6910400390625,13.220000000000002,7.587869167327881,13.22,74.75341796875,13.220000000000002,121.05506896972656
13.23,7.420104503631592,13.23,117.6954116821289,13.23,7.689421653747559,13.230000000000004,74.7528305053711,13.23,120.94745635986328
13.239999999999998,7.545066356658935,13.239999999999998,117.6980209350586,13.239999999999998,7.839210033416748,13.240000000000002,74.74119567871094,13.239999999999998,120.85070037841795
13.249999999999996,7.735321998596191,13.249999999999996,117.70214080810548,13.249999999999996,8.032388687133789,13.25,74.72766876220703,13.249999999999996,120.76060485839844
13.260000000000002,7.918929576873779,13.260000000000002,117.71632385253906,13.260000000000002,8.279704093933105,13.260000000000003,74.72285461425781,13.260000000000002,120.64580535888672
13.27,8.039468765258789,13.27,117.7365951538086,13.27,8.612138748168945,13.270000000000003,74.72286987304688,13.27,120.48564910888672
13.279999999999998,8.13943862915039,13.279999999999998,117.74787902832033,13.279999999999998,9.037187576293944,13.28,74.72151184082031,13.279999999999998,120.2635726928711
13.289999999999996,8.244499206542969,13.289999999999996,117.75502014160156,13.290000000000004,9.49212646484375,13.29,74.7174072265625,13.290000000000004,119.96247100830078
13.3,8.356225967407227,13.3,117.76439666748048,13.3,9.93210506439209,13.300000000000004,74.71144104003906,13.3,119.6212387084961
13.31,8.479231834411621,13.31,117.77996826171876,13.31,10.353049278259276,13.310000000000002,74.69954681396484,13.31,119.24990844726562
13.319999999999997,8.606242179870605,13.319999999999997,117.79955291748048,13.319999999999997,10.75659465789795,13.32,74.68385314941406,13.319999999999997,118.85563659667967
13.330000000000002,8.751956939697266,13.330000000000002,117.82640075683594,13.330000000000002,11.15956687927246,13.330000000000004,74.66429901123047,13.330000000000002,118.44507598876952
13.34,8.922089576721191,13.34,117.8589096069336,13.34,11.557246208190918,13.340000000000003,74.6427230834961,13.34,118.02330017089844
13.349999999999998,9.124448776245115,13.349999999999998,117.8941421508789,13.349999999999998,11.964810371398926,13.35,74.61604309082031,13.349999999999998,117.61832427978516
13.359999999999996,9.392341613769531,13.359999999999996,117.93834686279295,13.359999999999996,12.40097999572754,13.36,74.58743286132812,13.359999999999996,117.23811340332033
13.37,9.682087898254396,13.37,117.98966979980467,13.37,12.867670059204102,13.370000000000005,74.54950714111328,13.37,116.84310913085938
13.38,9.96388053894043,13.38,118.04351806640624,13.38,13.36545753479004,13.380000000000004,74.5030517578125,13.38,116.4586410522461
13.389999999999995,10.244524955749512,13.389999999999995,118.10333251953124,13.389999999999995,13.893168449401855,13.39,74.4515380859375,13.389999999999995,116.10210418701172
13.400000000000002,10.538188934326172,13.400000000000002,118.1743392944336,13.400000000000002,14.438706398010254,13.4,74.38839721679688,13.400000000000002,115.72539520263672
13.41,10.848196983337402,13.41,118.25474548339844,13.41,14.990227699279783,13.410000000000004,74.31584167480469,13.41,115.32439422607422
13.419999999999998,11.168928146362305,13.419999999999998,118.32846069335938,13.419999999999998,15.54431438446045,13.420000000000002,74.24394989013672,13.419999999999998,114.9019546508789
13.429999999999996,11.499213218688965,13.429999999999996,118.39535522460938,13.429999999999996,16.087507247924805,13.43,74.17884826660156,13.429999999999996,114.44657135009766
13.44,11.84672737121582,13.44,118.46842193603516,13.44,16.614891052246094,13.440000000000005,74.12268829345703,13.44,113.86852264404295
13.45,12.217646598815918,13.45,118.54535675048828,13.45,17.122812271118164,13.450000000000005,74.07058715820312,13.45,113.20194244384766
13.459999999999996,12.60869026184082,13.459999999999996,118.62249755859376,13.459999999999996,17.608243942260742,13.46,74.0198745727539,13.459999999999996,112.4743881225586
13.470000000000002,13.006535530090332,13.470000000000002,118.703369140625,13.470000000000002,18.05062294006348,13.47,73.9592056274414,13.470000000000002,111.72715759277344
13.48,13.422396659851074,13.48,118.78179168701172,13.48,18.478981018066406,13.480000000000004,73.88838195800781,13.48,110.97672271728516
13.489999999999998,13.86318016052246,13.489999999999998,118.8515853881836,13.489999999999998,18.933149337768555,13.490000000000002,73.81336212158203,13.489999999999998,110.21431732177734
13.499999999999996,14.326093673706056,13.499999999999996,118.92511749267578,13.499999999999996,19.419736862182617,13.5,73.7432861328125,13.499999999999996,109.51649475097656
13.510000000000002,14.816156387329102,13.510000000000002,119.01217651367188,13.510000000000002,19.93887519836425,13.510000000000003,73.67782592773438,13.510000000000002,108.90605926513672
13.52,15.334651947021484,13.52,119.1023178100586,13.52,20.485151290893555,13.520000000000003,73.61674499511719,13.52,108.30940246582033
13.529999999999998,15.877079963684082,13.529999999999998,119.18463897705078,13.529999999999998,21.052854537963867,13.53,73.56059265136719,13.529999999999998,107.68524169921876
13.539999999999996,16.43923568725586,13.539999999999996,119.25997161865234,13.540000000000004,21.63041114807129,13.54,73.50931549072266,13.540000000000004,107.02598571777344
13.55,17.017173767089844,13.55,119.33232879638672,13.55,22.20796775817871,13.550000000000004,73.46341705322266,13.55,106.35012817382812
13.56,17.60279083251953,13.56,119.40096282958984,13.56,22.78704643249512,13.560000000000002,73.42527770996094,13.56,105.68740844726562
13.569999999999997,18.18548011779785,13.569999999999997,119.46568298339844,13.569999999999997,23.37192916870117,13.57,73.39508056640625,13.569999999999997,105.07117462158205
13.580000000000002,18.766128540039062,13.580000000000002,119.52886199951172,13.580000000000002,23.96052932739257,13.580000000000004,73.3675765991211,13.580000000000002,104.54512786865234
13.59,19.352140426635746,13.59,119.58830261230467,13.59,24.55113983154297,13.590000000000003,73.34051513671875,13.59,104.1136474609375
13.599999999999998,19.955581665039062,13.599999999999998,119.63949584960938,13.599999999999998,25.145299911499023,13.6,73.31092834472656,13.599999999999998,103.74635314941406
13.609999999999996,20.55802154541016,13.609999999999996,119.6897964477539,13.609999999999996,25.74581527709961,13.61,73.27857208251953,13.609999999999996,103.43392181396484
13.62,21.158790588378903,13.62,119.7376937866211,13.62,26.350954055786133,13.620000000000005,73.24174499511719,13.62,103.13214874267578
13.63,21.76326942443848,13.63,119.7848892211914,13.63,26.96940040588379,13.630000000000004,73.19556427001953,13.63,102.79061889648438
13.639999999999995,22.376867294311523,13.639999999999995,119.82816314697266,13.639999999999995,27.6171932220459,13.64,73.14395904541016,13.639999999999995,102.37650299072266
13.650000000000002,23.00815391540528,13.650000000000002,119.87053680419922,13.650000000000002,28.311655044555664,13.65,73.08493041992188,13.650000000000002,101.94097137451172
13.66,23.661163330078125,13.66,119.9110107421875,13.66,29.04936408996582,13.660000000000004,73.02017974853516,13.66,101.53225708007812
13.669999999999998,24.330841064453125,13.669999999999998,119.93975067138672,13.669999999999998,29.81476783752441,13.670000000000002,72.949951171875,13.669999999999998,101.1643295288086
13.679999999999996,25.02046775817871,13.679999999999996,119.9581298828125,13.679999999999996,30.598501205444336,13.68,72.8791275024414,13.679999999999996,100.82194519042967
13.69,25.725696563720703,13.69,119.96929168701172,13.69,31.38534545898437,13.690000000000005,72.81475830078125,13.69,100.46880340576172
13.7,26.44358253479004,13.7,119.9746322631836,13.7,32.1594123840332,13.700000000000005,72.76112365722656,13.7,100.0840072631836
13.709999999999996,27.176788330078125,13.709999999999996,119.97389221191406,13.709999999999996,32.92694091796875,13.71,72.71404266357422,13.709999999999996,99.68045043945312
13.720000000000002,27.92413330078125,13.720000000000002,119.9688491821289,13.720000000000002,33.699798583984375,13.72,72.67850494384766,13.720000000000002,99.28217315673828
13.73,28.680543899536133,13.73,119.95744323730467,13.73,34.47877502441406,13.730000000000004,72.64820861816406,13.73,98.90426635742188
13.739999999999998,29.448699951171875,13.739999999999998,119.93572235107422,13.739999999999998,35.25772476196289,13.740000000000002,72.62178802490234,13.739999999999998,98.5666961669922
13.749999999999996,30.229951858520508,13.749999999999996,119.89842987060548,13.749999999999996,36.03951644897461,13.75,72.5965805053711,13.749999999999996,98.26681518554688
13.760000000000002,31.03597450256348,13.760000000000002,119.8520278930664,13.760000000000002,36.8203353881836,13.760000000000003,72.57679748535156,13.760000000000002,98.00753784179688
13.77,31.87041282653809,13.77,119.7947769165039,13.77,37.59103393554688,13.770000000000003,72.56144714355469,13.77,97.79014587402344
13.779999999999998,32.7276611328125,13.779999999999998,119.72442626953124,13.779999999999998,38.35997772216797,13.78,72.55270385742188,13.779999999999998,97.60282135009766
13.789999999999996,33.613677978515625,13.789999999999996,119.64261627197266,13.790000000000004,39.13283920288086,13.79,72.5531997680664,13.790000000000004,97.42710876464844
13.8,34.5084114074707,13.8,119.54522705078124,13.8,39.921165466308594,13.800000000000004,72.55561065673828,13.8,97.25493621826172
13.81,35.40415954589844,13.81,119.4333267211914,13.81,40.73201751708984,13.810000000000002,72.56151580810547,13.81,97.10836029052734
13.819999999999997,36.3084716796875,13.819999999999997,119.30025482177734,13.819999999999997,41.57361602783203,13.82,72.57386779785156,13.819999999999997,97.01038360595705
13.830000000000002,37.205665588378906,13.830000000000002,119.15335083007812,13.830000000000002,42.43220138549805,13.830000000000004,72.59123992919922,13.830000000000002,96.94563293457033
13.84,38.09738159179688,13.84,118.98892211914062,13.84,43.29681015014648,13.840000000000003,72.61016082763672,13.84,96.88795471191406
13.849999999999998,38.98479843139648,13.849999999999998,118.80384063720705,13.849999999999998,44.16047286987305,13.85,72.62747192382812,13.849999999999998,96.83413696289062
13.859999999999996,39.8686408996582,13.859999999999996,118.60157012939452,13.859999999999996,45.02000427246094,13.86,72.65037536621094,13.859999999999996,96.7817840576172
13.87,40.75321960449219,13.87,118.38312530517578,13.87,45.87480926513672,13.870000000000005,72.67707824707031,13.87,96.72714233398438
13.88,41.63966751098633,13.88,118.15095520019533,13.88,46.720848083496094,13.880000000000004,72.70438385009766,13.88,96.66873168945312
13.889999999999995,42.52156829833984,13.889999999999995,117.90271759033205,13.889999999999995,47.55197143554688,13.89,72.73572540283203,13.889999999999995,96.6116714477539
13.900000000000002,43.3942756652832,13.900000000000002,117.6430206298828,13.900000000000002,48.37104797363281,13.9,72.77735137939453,13.900000000000002,96.56239318847656
13.91,44.264793395996094,13.91,117.37347412109376,13.91,49.18562698364258,13.910000000000004,72.83185577392578,13.91,96.52393341064452
13.919999999999998,45.13901901245117,13.919999999999998,117.09365844726562,13.919999999999998,49.99696350097656,13.920000000000002,72.89470672607422,13.919999999999998,96.50887298583984
13.929999999999996,46.015625,13.929999999999996,116.79750061035156,13.929999999999996,50.81477737426758,13.93,72.95777130126953,13.929999999999996,96.54690551757812
13.94,46.89599609375,13.94,116.48485565185548,13.94,51.64517593383789,13.940000000000005,73.01423645019531,13.94,96.62230682373048
13.95,47.78012466430664,13.95,116.1567153930664,13.95,52.48754501342773,13.950000000000005,73.06731414794922,13.95,96.71807861328124
13.959999999999996,48.66283798217773,13.959999999999996,115.81848907470705,13.959999999999996,53.32754135131836,13.96,73.11415100097656,13.959999999999996,96.84618377685548
13.970000000000002,49.53599166870117,13.970000000000002,115.46446228027344,13.970000000000002,54.16742706298828,13.97,73.15728759765625,13.970000000000002,96.94981384277344
13.98,50.401126861572266,13.98,115.10123443603516,13.98,55.00474166870117,13.980000000000004,73.1964111328125,13.98,97.01564025878906
13.989999999999998,51.26618576049805,13.989999999999998,114.72836303710938,13.989999999999998,55.82642364501953,13.990000000000002,73.23485565185547,13.989999999999998,97.01663970947266
13.999999999999996,52.12856674194336,13.999999999999996,114.3442153930664,13.999999999999996,56.65444946289063,14.0,73.27728271484375,13.999999999999996,96.9638214111328
14.010000000000002,52.99848937988281,14.010000000000002,113.95445251464844,14.010000000000002,57.49827194213867,14.010000000000003,73.32199096679688,14.010000000000002,96.88540649414062
14.02,53.88070297241211,14.02,113.54981231689452,14.02,58.3455696105957,14.020000000000003,73.36698150634766,14.02,96.8180160522461
14.029999999999998,54.76811599731445,14.029999999999998,113.13972473144533,14.029999999999998,59.22291946411133,14.03,73.40879821777344,14.029999999999998,96.79332733154295
14.039999999999996,55.642578125,14.039999999999996,112.71625518798828,14.040000000000004,60.11999130249024,14.04,73.44267272949219,14.040000000000004,96.83636474609376
14.05,56.49740219116211,14.05,112.27225494384766,14.05,61.041629791259766,14.050000000000004,73.4720230102539,14.05,96.9017105102539
14.06,57.33501434326172,14.06,111.8137664794922,14.06,62.00282669067383,14.060000000000002,73.5008773803711,14.06,96.99675750732422
14.069999999999997,58.170997619628906,14.069999999999997,111.3418960571289,14.069999999999997,62.983924865722656,14.07,73.52618408203125,14.069999999999997,97.14183044433594
14.080000000000002,59.00420379638672,14.080000000000002,110.85266876220705,14.080000000000002,63.98574066162109,14.080000000000004,73.546875,14.080000000000002,97.31208038330078
14.09,59.83516693115234,14.09,110.34996795654295,14.09,65.01324462890625,14.090000000000003,73.55928802490234,14.09,97.4811553955078
14.099999999999998,60.67131042480469,14.099999999999998,109.8406219482422,14.099999999999998,66.05026245117188,14.1,73.56108093261719,14.099999999999998,97.61441802978516
14.109999999999996,61.5219612121582,14.109999999999996,109.31526184082033,14.109999999999996,67.08821105957031,14.11,73.55065155029297,14.109999999999996,97.71770477294922
14.12,62.38480758666992,14.12,108.78829956054688,14.12,68.17694091796875,14.120000000000005,73.53239440917969,14.12,97.77191925048828
14.13,63.25681686401367,14.13,108.2638702392578,14.13,69.33399963378906,14.130000000000004,73.50651550292969,14.13,97.82215118408205
14.139999999999995,64.13739013671875,14.139999999999995,107.7414093017578,14.139999999999995,70.51166534423828,14.14,73.47560119628906,14.139999999999995,97.86534881591795
14.150000000000002,65.0156021118164,14.150000000000002,107.21868896484376,14.150000000000002,71.69117736816406,14.15,73.44514465332031,14.150000000000002,97.93357849121094
14.16,65.90501403808594,14.16,106.69556427001952,14.16,72.87861633300781,14.160000000000004,73.41907501220703,14.16,98.06292724609376
14.169999999999998,66.81364440917969,14.169999999999998,106.16705322265624,14.169999999999998,74.04557800292969,14.170000000000002,73.39634704589844,14.169999999999998,98.2432098388672
14.179999999999996,67.72811126708984,14.179999999999996,105.64143371582033,14.179999999999996,75.21868133544922,14.18,73.37686920166016,14.179999999999996,98.47787475585938
14.19,68.61997985839844,14.19,105.1230010986328,14.19,76.40087127685547,14.190000000000005,73.35912322998047,14.19,98.80973052978516
14.2,69.50265502929688,14.2,104.61075592041016,14.2,77.56556701660156,14.200000000000005,73.34957885742188,14.2,99.20838165283205
14.209999999999996,70.35909271240234,14.209999999999996,104.10971069335938,14.209999999999996,78.69432830810547,14.21,73.35345458984375,14.209999999999996,99.64990997314452
14.220000000000002,71.19503784179688,14.220000000000002,103.63378143310548,14.220000000000002,79.79727172851562,14.22,73.36856079101562,14.220000000000002,100.09024047851562
14.23,72.0008773803711,14.23,103.16725158691406,14.23,80.88292694091797,14.230000000000004,73.3886947631836,14.23,100.5057144165039
14.239999999999998,72.76659393310547,14.239999999999998,102.70523071289062,14.239999999999998,81.93277740478516,14.240000000000002,73.4142074584961,14.239999999999998,100.86898803710938
14.249999999999996,73.48876190185547,14.249999999999996,102.26537322998048,14.249999999999996,82.99485778808594,14.25,73.44125366210938,14.249999999999996,101.19950103759766
14.260000000000002,74.19975280761719,14.260000000000002,101.84922790527344,14.260000000000002,83.9998779296875,14.260000000000003,73.4649429321289,14.260000000000002,101.50048828125
14.27,74.9107894897461,14.27,101.45404052734376,14.27,84.93309783935547,14.270000000000003,73.4831771850586,14.27,101.81011199951172
14.279999999999998,75.6054458618164,14.279999999999998,101.08665466308594,14.279999999999998,85.84175872802734,14.28,73.50341033935547,14.279999999999998,102.1347885131836
14.289999999999996,76.30469512939453,14.289999999999996,100.7507095336914,14.290000000000004,86.73450469970703,14.29,73.53005981445312,14.290000000000004,102.4345703125
14.3,76.99541473388672,14.3,100.4366683959961,14.3,87.59425354003906,14.300000000000004,73.55394744873047,14.3,102.73057556152344
14.31,77.62332916259766,14.31,100.15077209472656,14.31,88.39266967773438,14.310000000000002,73.57438659667969,14.31,103.03771209716795
14.319999999999997,78.20852661132812,14.319999999999997,99.89391326904295,14.319999999999997,89.13444519042969,14.32,73.59320068359375,14.319999999999997,103.3633270263672
14.330000000000002,78.79652404785156,14.330000000000002,99.6714859008789,14.330000000000002,89.8079833984375,14.330000000000004,73.608642578125,14.330000000000002,103.69187927246094
14.34,79.3966064453125,14.34,99.48221588134766,14.34,90.45089721679688,14.340000000000003,73.61690521240234,14.34,103.99641418457033
14.349999999999998,80.09734344482422,14.349999999999998,99.32772827148438,14.349999999999998,91.03105926513672,14.35,73.6197738647461,14.349999999999998,104.27232360839844
14.359999999999996,80.61188507080078,14.359999999999996,99.20460510253906,14.359999999999996,91.53553009033205,14.36,73.6209716796875,14.359999999999996,104.52642059326172
14.37,81.1618423461914,14.37,99.10435485839844,14.37,91.9933624267578,14.370000000000005,73.61971282958984,14.37,104.72760772705078
14.38,81.61949920654297,14.38,99.01863098144533,14.38,92.37869262695312,14.380000000000004,73.61636352539062,14.38,104.91051483154295
14.389999999999995,82.04190063476562,14.389999999999995,98.94842529296876,14.389999999999995,92.730224609375,14.39,73.60797119140625,14.389999999999995,105.06829071044922
14.400000000000002,82.5102767944336,14.400000000000002,98.89151000976562,14.400000000000002,93.06228637695312,14.4,73.59782409667969,14.400000000000002,105.13752746582033
14.41,82.94862365722656,14.41,98.84211730957033,14.41,93.37928009033205,14.410000000000004,73.5816879272461,14.41,105.12155151367188
14.419999999999998,83.31425476074219,14.419999999999998,98.80752563476562,14.419999999999998,93.69273376464844,14.420000000000002,73.55802917480469,14.419999999999998,105.04347229003906
14.429999999999996,83.63246154785156,14.429999999999996,98.78514862060548,14.429999999999996,93.9785385131836,14.43,73.52940368652344,14.429999999999996,104.88241577148438
14.44,83.95201873779297,14.44,98.77188873291016,14.44,94.21703338623048,14.440000000000005,73.49853515625,14.44,104.66632843017578
14.45,84.24962615966797,14.45,98.7612075805664,14.45,94.417724609375,14.450000000000005,73.46941375732422,14.45,104.43727111816406
14.459999999999996,84.52470397949219,14.459999999999996,98.74763488769533,14.459999999999996,94.58553314208984,14.46,73.44204711914062,14.459999999999996,104.1836395263672
14.470000000000002,84.79006958007812,14.470000000000002,98.72932434082033,14.470000000000002,94.7390594482422,14.47,73.41728210449219,14.470000000000002,103.91539764404295
14.48,85.011474609375,14.48,98.71143341064452,14.48,94.86782836914062,14.480000000000004,73.3973617553711,14.48,103.69222259521484
14.489999999999998,85.1871337890625,14.489999999999998,98.68816375732422,14.489999999999998,94.99115753173828,14.490000000000002,73.3840103149414,14.489999999999998,103.53435516357422
14.499999999999996,85.3365707397461,14.499999999999996,98.65028381347656,14.499999999999996,95.10679626464844,14.5,73.37447357177734,14.499999999999996,103.4352569580078
14.510000000000002,85.47985076904297,14.510000000000002,98.59657287597656,14.510000000000002,95.22185516357422,14.510000000000003,73.3680419921875,14.510000000000002,103.42887878417967
14.52,85.61881256103516,14.52,98.53675079345705,14.52,95.3280258178711,14.520000000000003,73.3630142211914,14.52,103.50791931152344
14.529999999999998,85.74514770507812,14.529999999999998,98.47787475585938,14.529999999999998,95.41938018798828,14.53,73.36087799072266,14.529999999999998,103.61988830566406
14.539999999999996,85.83320617675781,14.539999999999996,98.42230987548828,14.540000000000004,95.5053253173828,14.54,73.36314392089844,14.540000000000004,103.71954345703124
14.55,85.93788146972656,14.55,98.3739013671875,14.55,95.57789611816406,14.550000000000004,73.37057495117188,14.55,103.813720703125
14.56,86.08264923095703,14.56,98.33248901367188,14.56,95.66083526611328,14.560000000000002,73.38484954833984,14.56,103.89449310302734
14.569999999999997,86.25747680664062,14.569999999999997,98.2958526611328,14.569999999999997,95.74898529052734,14.57,73.40242004394531,14.569999999999997,103.97792053222656
14.580000000000002,86.44415283203125,14.580000000000002,98.26114654541016,14.580000000000002,95.83576202392578,14.580000000000004,73.42369079589844,14.580000000000002,104.0729751586914
14.59,86.61821746826172,14.59,98.22189331054688,14.59,95.91893768310548,14.590000000000003,73.4476318359375,14.59,104.19419860839844
14.599999999999998,86.77998352050781,14.599999999999998,98.18101501464844,14.599999999999998,95.99002838134766,14.6,73.46672058105469,14.599999999999998,104.31501770019533
14.609999999999996,86.9055404663086,14.609999999999996,98.1419677734375,14.609999999999996,96.04826354980467,14.61,73.47847747802734,14.609999999999996,104.40686798095705
14.62,86.99726104736328,14.62,98.11788940429688,14.62,96.09768676757812,14.620000000000005,73.48457336425781,14.62,104.45136260986328
14.63,87.09490966796875,14.63,98.10198211669922,14.63,96.137451171875,14.630000000000004,73.48450469970703,14.63,104.47124481201172
14.639999999999995,87.21309661865234,14.639999999999995,98.09391784667967,14.639999999999995,96.18196105957033,14.64,73.47969055175781,14.639999999999995,104.48249053955078
14.650000000000002,87.33763122558594,14.650000000000002,98.09129333496094,14.650000000000002,96.2361068725586,14.65,73.47290802001953,14.650000000000002,104.4886703491211
14.66,87.45430755615234,14.66,98.09352111816406,14.66,96.28729248046876,14.660000000000004,73.465576171875,14.66,104.50275421142578
14.669999999999998,87.586669921875,14.669999999999998,98.09988403320312,14.669999999999998,96.3235855102539,14.670000000000002,73.4604721069336,14.669999999999998,104.51936340332033
14.679999999999996,87.72180938720703,14.679999999999996,98.10826110839844,14.679999999999996,96.3322525024414,14.68,73.4554214477539,14.679999999999996,104.53836822509766
14.69,87.81774139404297,14.69,98.12088775634766,14.69,96.33645629882812,14.690000000000005,73.44925689697266,14.69,104.5579605102539
14.7,87.88682556152344,14.7,98.13809967041016,14.7,96.33499145507812,14.700000000000005,73.44503021240234,14.7,104.58818817138672
14.709999999999996,87.90615844726562,14.709999999999996,98.15686798095705,14.709999999999996,96.3265609741211,14.71,73.439697265625,14.709999999999996,104.62991333007812
14.720000000000002,87.88458251953125,14.720000000000002,98.17572784423828,14.720000000000002,96.3228759765625,14.72,73.43248748779297,14.720000000000002,104.670166015625
14.73,87.8603286743164,14.73,98.19537353515624,14.73,96.3125228881836,14.730000000000004,73.42591094970703,14.73,104.69076538085938
14.739999999999998,87.86051177978516,14.739999999999998,98.2134246826172,14.739999999999998,96.3066177368164,14.740000000000002,73.41974639892578,14.739999999999998,104.70164489746094
14.749999999999996,87.86356353759766,14.749999999999996,98.23187255859376,14.749999999999996,96.33097839355467,14.75,73.41698455810547,14.749999999999996,104.70375061035156
14.760000000000002,87.85458374023438,14.760000000000002,98.25887298583984,14.760000000000002,96.36579895019533,14.760000000000003,73.41519927978516,14.760000000000002,104.6962432861328
14.77,87.82166290283203,14.77,98.26847076416016,14.77,96.39987182617188,14.770000000000003,73.41572570800781,14.77,104.69541931152344
14.779999999999998,87.77181243896484,14.779999999999998,98.26925659179688,14.779999999999998,96.4190444946289,14.78,73.41783905029297,14.779999999999998,104.67403411865234
14.789999999999996,87.70570373535156,14.789999999999996,98.26876068115234,14.790000000000004,96.42729949951172,14.79,73.42447662353516,14.790000000000004,104.62954711914062
14.8,87.65494537353516,14.8,98.2573699951172,14.8,96.43157958984376,14.800000000000004,73.43417358398438,14.8,104.61219024658205
14.81,87.61962127685547,14.81,98.23997497558594,14.81,96.44203186035156,14.810000000000002,73.44630432128906,14.81,104.63217163085938
14.819999999999997,87.55807495117188,14.819999999999997,98.22061157226562,14.819999999999997,96.46194458007812,14.82,73.45671081542969,14.819999999999997,104.68104553222656
14.830000000000002,87.49761962890625,14.830000000000002,98.19915771484376,14.830000000000002,96.4776840209961,14.830000000000004,73.47090148925781,14.830000000000002,104.74088287353516
14.84,87.45878601074219,14.84,98.1752471923828,14.84,96.48614501953124,14.840000000000003,73.48199462890625,14.84,104.79564666748048
14.849999999999998,87.42700958251953,14.849999999999998,98.15113830566406,14.849999999999998,96.4888687133789,14.85,73.4942398071289,14.849999999999998,104.8478546142578
14.859999999999996,87.42076873779297,14.859999999999996,98.12565612792967,14.859999999999996,96.48336029052734,14.86,73.50395202636719,14.859999999999996,104.8896713256836
14.87,87.40898895263672,14.87,98.09971618652344,14.87,96.48330688476562,14.870000000000005,73.51301574707031,14.87,104.93147277832033
14.88,87.38959503173828,14.88,98.0751495361328,14.88,96.47946166992188,14.880000000000004,73.52024841308594,14.88,104.96416473388672
14.889999999999995,87.40450286865234,14.889999999999995,98.05318450927734,14.889999999999995,96.4708251953125,14.89,73.5243911743164,14.889999999999995,104.98611450195312
14.900000000000002,87.41292572021484,14.900000000000002,98.03533935546876,14.900000000000002,96.46652221679688,14.9,73.52760314941406,14.900000000000002,105.01384735107422
14.91,87.4049072265625,14.91,98.02234649658205,14.91,96.46160888671876,14.910000000000004,73.53034973144531,14.91,105.04950714111328
14.919999999999998,87.39246368408203,14.919999999999998,98.0107421875,14.919999999999998,96.45355987548828,14.920000000000002,73.53282928466797,14.919999999999998,105.07648468017578
14.929999999999996,87.37844848632812,14.929999999999996,98.00028228759766,14.929999999999996,96.44790649414062,14.93,73.53648376464844,14.929999999999996,105.08694458007812
14.94,87.35650634765625,14.94,97.99034881591795,14.94,96.45975494384766,14.940000000000005,73.54097747802734,14.94,105.07185363769533
14.95,87.33967590332031,14.95,97.98126220703124,14.95,96.46946716308594,14.950000000000005,73.5438461303711,14.95,105.04946899414062
14.959999999999996,87.32494354248047,14.959999999999996,97.9687957763672,14.959999999999996,96.47996520996094,14.96,73.54871368408203,14.959999999999996,105.0233917236328
14.970000000000002,87.3015365600586,14.970000000000002,97.95264434814452,14.970000000000002,96.4789581298828,14.97,73.5532455444336,14.970000000000002,104.99853515625
14.98,87.26819610595703,14.98,97.9347686767578,14.98,96.47428894042967,14.980000000000004,73.55748748779297,14.98,104.97262573242188
14.989999999999998,87.240478515625,14.989999999999998,97.91415405273438,14.989999999999998,96.46183776855467,14.990000000000002,73.56202697753906,14.989999999999998,104.95549011230467
14.999999999999996,87.21095275878906,14.999999999999996,97.88786315917967,14.999999999999996,96.4455795288086,15.0,73.56549835205078,14.999999999999996,104.94969940185548
15.010000000000002,87.18274688720703,15.010000000000002,97.8606414794922,15.010000000000002,96.43083953857422,15.010000000000003,73.57440948486328,15.010000000000002,104.95411682128906
15.02,87.17129516601562,15.02,97.8314437866211,15.02,96.425048828125,15.020000000000003,73.58582305908203,15.02,104.97139739990234
15.029999999999998,87.1944580078125,15.029999999999998,97.7964859008789,15.029999999999998,96.41822814941406,15.03,73.5958251953125,15.029999999999998,104.9858169555664
15.039999999999996,87.21780395507812,15.039999999999996,97.7590789794922,15.040000000000004,96.4041976928711,15.04,73.60699462890625,15.040000000000004,104.98722076416016
15.05,87.24200439453125,15.05,97.71916961669922,15.05,96.38954162597656,15.050000000000004,73.61578369140625,15.05,104.98184204101562
15.06,87.2680892944336,15.06,97.67841339111328,15.06,96.36872863769533,15.060000000000002,73.62675476074219,15.06,104.97985076904295
15.069999999999997,87.28945922851562,15.069999999999997,97.64173126220705,15.069999999999997,96.34925079345705,15.07,73.63549041748047,15.069999999999997,104.99525451660156
15.080000000000002,87.3223876953125,15.080000000000002,97.60697174072266,15.080000000000002,96.33172607421876,15.080000000000004,73.64474487304688,15.080000000000002,104.9957504272461
15.09,87.36744689941406,15.09,97.57560729980467,15.09,96.3036651611328,15.090000000000003,73.65531158447266,15.09,104.99578857421876
15.099999999999998,87.41681671142578,15.099999999999998,97.54698181152344,15.099999999999998,96.27130126953124,15.1,73.66626739501953,15.099999999999998,105.00340270996094
15.109999999999996,87.47328186035156,15.109999999999996,97.51856994628906,15.109999999999996,96.23709869384766,15.11,73.67692565917969,15.109999999999996,105.01722717285156
15.12,87.53182983398438,15.12,97.48983001708984,15.12,96.197021484375,15.120000000000005,73.68758392333984,15.12,105.0359878540039
15.13,87.59740447998047,15.13,97.46680450439452,15.13,96.16614532470705,15.130000000000004,73.6983413696289,15.13,105.054931640625
15.139999999999995,87.67010498046875,15.139999999999995,97.4492645263672,15.139999999999995,96.14295959472656,15.14,73.70773315429688,15.139999999999995,105.07662200927734
15.150000000000002,87.72566223144531,15.150000000000002,97.43589782714844,15.150000000000002,96.11801147460938,15.15,73.71753692626953,15.150000000000002,105.0986557006836
15.16,87.77383422851562,15.16,97.42620086669922,15.16,96.08794403076172,15.160000000000004,73.72400665283203,15.16,105.1163330078125
15.169999999999998,87.83425903320312,15.169999999999998,97.42264556884766,15.169999999999998,96.05848693847656,15.170000000000002,73.72863006591797,15.169999999999998,105.13833618164062
15.179999999999996,87.8874740600586,15.179999999999996,97.4241714477539,15.179999999999996,96.0305633544922,15.18,73.73072814941406,15.179999999999996,105.16004180908205
15.19,87.9180908203125,15.19,97.4339828491211,15.19,96.00274658203124,15.190000000000005,73.73416900634766,15.19,105.17996215820312
15.2,87.951904296875,15.2,97.44932556152344,15.2,95.97269439697266,15.200000000000005,73.73773956298828,15.2,105.20043182373048
15.209999999999996,87.97909545898438,15.209999999999996,97.46539306640624,15.209999999999996,95.94100952148438,15.21,73.73848724365234,15.209999999999996,105.22112274169922
15.220000000000002,87.97826385498047,15.220000000000002,97.48323822021484,15.220000000000002,95.91441345214844,15.22,73.73931884765625,15.220000000000002,105.24295806884766
15.23,87.96935272216797,15.23,97.50540161132812,15.23,95.8808364868164,15.230000000000004,73.74050903320312,15.23,105.26175689697266
15.239999999999998,87.95219421386719,15.239999999999998,97.52721405029295,15.239999999999998,95.84650421142578,15.240000000000002,73.7419662475586,15.239999999999998,105.27371215820312
15.249999999999996,87.9303207397461,15.249999999999996,97.54781341552734,15.249999999999996,95.81855010986328,15.25,73.7442398071289,15.249999999999996,105.28307342529295
15.260000000000002,87.90935516357422,15.260000000000002,97.5673599243164,15.260000000000002,95.7994613647461,15.260000000000003,73.7451171875,15.260000000000002,105.29692840576172
15.27,87.88361358642578,15.27,97.5853042602539,15.27,95.775390625,15.270000000000003,73.75055694580078,15.27,105.3193359375
15.279999999999998,87.8515853881836,15.279999999999998,97.60289764404295,15.279999999999998,95.7433090209961,15.28,73.75465393066406,15.279999999999998,105.35128784179688
15.289999999999996,87.8277359008789,15.289999999999996,97.61693572998048,15.290000000000004,95.7079086303711,15.29,73.7627182006836,15.290000000000004,105.38707733154295
15.3,87.811279296875,15.3,97.6244888305664,15.3,95.67149353027344,15.300000000000004,73.771240234375,15.3,105.4228057861328
15.31,87.81724548339844,15.31,97.62772369384766,15.31,95.6353988647461,15.310000000000002,73.77821350097656,15.31,105.45221710205078
15.319999999999997,87.81517028808594,15.319999999999997,97.63092041015624,15.319999999999997,95.60120391845705,15.32,73.78736877441406,15.319999999999997,105.47655487060548
15.330000000000002,87.80148315429688,15.330000000000002,97.62583923339844,15.330000000000002,95.57371520996094,15.330000000000004,73.79855346679688,15.330000000000002,105.49795532226562
15.34,87.79261016845703,15.34,97.61334991455078,15.34,95.5489730834961,15.340000000000003,73.80852508544922,15.34,105.51988220214844
15.349999999999998,87.77651977539062,15.349999999999998,97.59832000732422,15.349999999999998,95.52638244628906,15.35,73.81771087646484,15.349999999999998,105.53994750976562
15.359999999999996,87.75936126708984,15.359999999999996,97.5826187133789,15.359999999999996,95.51431274414062,15.36,73.82742309570312,15.359999999999996,105.55563354492188
15.37,87.75968170166016,15.37,97.56623840332033,15.37,95.51508331298828,15.370000000000005,73.837646484375,15.37,105.57571411132812
15.38,87.77375030517578,15.38,97.54913330078124,15.38,95.51637268066406,15.380000000000004,73.84599304199219,15.38,105.60266876220705
15.389999999999995,87.79014587402344,15.389999999999995,97.53018188476562,15.389999999999995,95.51917266845705,15.39,73.854736328125,15.389999999999995,105.6356430053711
15.400000000000002,87.81330871582031,15.400000000000002,97.51026916503906,15.400000000000002,95.50857543945312,15.4,73.86189270019531,15.400000000000002,105.67598724365234
15.41,87.83472442626953,15.41,97.49008178710938,15.41,95.49175262451172,15.410000000000004,73.8709945678711,15.41,105.71574401855467
15.419999999999998,87.85302734375,15.419999999999998,97.4688949584961,15.419999999999998,95.4783706665039,15.420000000000002,73.87934875488281,15.419999999999998,105.75267028808594
15.429999999999996,87.87420654296875,15.429999999999996,97.44635772705078,15.429999999999996,95.45943450927734,15.43,73.8853988647461,15.429999999999996,105.78407287597656
15.44,87.8835220336914,15.44,97.42375946044922,15.44,95.4347152709961,15.440000000000005,73.89154052734375,15.44,105.81251525878906
15.45,87.88456726074219,15.45,97.40021514892578,15.45,95.40477752685548,15.450000000000005,73.8976058959961,15.45,105.84061431884766
15.459999999999996,87.89652252197266,15.459999999999996,97.38225555419922,15.459999999999996,95.37358856201172,15.46,73.90282440185547,15.459999999999996,105.86569213867188
15.470000000000002,87.91047668457031,15.470000000000002,97.36814880371094,15.470000000000002,95.34840393066406,15.47,73.91259765625,15.470000000000002,105.88780212402344
15.48,87.91824340820312,15.48,97.35526275634766,15.48,95.33099365234376,15.480000000000004,73.91874694824219,15.48,105.90853118896484
15.489999999999998,87.9213638305664,15.489999999999998,97.34263610839844,15.489999999999998,95.31455993652344,15.490000000000002,73.9263687133789,15.489999999999998,105.9262237548828
15.499999999999996,87.92843627929688,15.499999999999996,97.3291473388672,15.499999999999996,95.29512786865234,15.5,73.93437957763672,15.499999999999996,105.94117736816406
15.510000000000002,87.94043731689453,15.510000000000002,97.31097412109376,15.510000000000002,95.2748794555664,15.510000000000003,73.94286346435547,15.510000000000002,105.9532699584961
15.52,87.95488739013672,15.52,97.2917938232422,15.52,95.25662994384766,15.520000000000003,73.95044708251953,15.52,105.96090698242188
15.529999999999998,87.9549331665039,15.529999999999998,97.2708511352539,15.529999999999998,95.23641967773438,15.53,73.95732879638672,15.529999999999998,105.9616928100586
15.539999999999996,87.93728637695312,15.539999999999996,97.2497329711914,15.540000000000004,95.2177734375,15.54,73.96631622314453,15.540000000000004,105.95333862304688
15.55,87.92603302001953,15.55,97.22883605957033,15.55,95.1920394897461,15.550000000000004,73.97357940673828,15.55,105.9415283203125
15.56,87.92390441894531,15.56,97.20987701416016,15.56,95.1672821044922,15.560000000000002,73.97742462158203,15.56,105.92974090576172
15.569999999999997,87.9337387084961,15.569999999999997,97.19393920898438,15.569999999999997,95.1512680053711,15.57,73.984375,15.569999999999997,105.91620635986328
15.580000000000002,87.94834899902344,15.580000000000002,97.1785888671875,15.580000000000002,95.13359832763672,15.580000000000004,73.99047088623047,15.580000000000002,105.91227722167967
15.59,87.9575424194336,15.59,97.16322326660156,15.59,95.1106414794922,15.590000000000003,73.99690246582031,15.59,105.91732025146484
15.599999999999998,87.96434020996094,15.599999999999998,97.14749908447266,15.599999999999998,95.08456420898438,15.6,74.00249481201172,15.599999999999998,105.9283218383789
15.609999999999996,87.96009063720703,15.609999999999996,97.13020324707033,15.609999999999996,95.06396484375,15.61,74.0062255859375,15.609999999999996,105.94498443603516
15.62,87.9460220336914,15.62,97.1156005859375,15.62,95.04325103759766,15.620000000000005,74.0121078491211,15.62,105.96329498291016
15.63,87.93861389160156,15.63,97.0967788696289,15.63,95.01400756835938,15.630000000000004,74.01531982421875,15.63,105.9783706665039
15.639999999999995,87.9403305053711,15.639999999999995,97.08394622802734,15.639999999999995,94.99657440185548,15.64,74.01817321777344,15.639999999999995,105.99388122558594
15.650000000000002,87.93717193603516,15.650000000000002,97.07782745361328,15.650000000000002,94.9807586669922,15.65,74.02190399169922,15.650000000000002,106.0090560913086
15.66,87.9264144897461,15.66,97.07369232177734,15.66,94.95825958251952,15.660000000000004,74.02519226074219,15.66,106.02532958984376
15.669999999999998,87.91287994384766,15.669999999999998,97.07024383544922,15.669999999999998,94.934326171875,15.670000000000002,74.02886199951172,15.669999999999998,106.04336547851562
15.679999999999996,87.89146423339844,15.679999999999996,97.0648193359375,15.679999999999996,94.92172241210938,15.68,74.03384399414062,15.679999999999996,106.05987548828124
15.69,87.86947631835938,15.69,97.05917358398438,15.69,94.90453338623048,15.690000000000005,74.03668975830078,15.69,106.07583618164062
15.7,87.85086822509766,15.7,97.0503387451172,15.7,94.8834228515625,15.700000000000005,74.04017639160156,15.7,106.09284210205078
15.709999999999996,87.8338851928711,15.709999999999996,97.0393524169922,15.709999999999996,94.86619567871094,15.71,74.04248809814453,15.709999999999996,106.11241149902344
15.720000000000002,87.81369018554688,15.720000000000002,97.0269012451172,15.720000000000002,94.84351348876952,15.72,74.04415893554688,15.720000000000002,106.13687896728516
15.73,87.79643249511719,15.73,97.01634216308594,15.73,94.82427978515624,15.730000000000004,74.04531860351562,15.73,106.1612548828125
15.739999999999998,87.774169921875,15.739999999999998,97.00980377197266,15.739999999999998,94.81096649169922,15.740000000000002,74.04489135742188,15.739999999999998,106.1824188232422
15.749999999999996,87.7494888305664,15.749999999999996,97.00756072998048,15.749999999999996,94.79676818847656,15.75,74.04470825195312,15.749999999999996,106.19803619384766
15.760000000000002,87.73440551757812,15.760000000000002,97.0037841796875,15.760000000000002,94.7884292602539,15.760000000000003,74.04347229003906,15.760000000000002,106.21393585205078
15.77,87.71635437011719,15.77,97.00047302246094,15.77,94.77972412109376,15.770000000000003,74.0399398803711,15.77,106.22914123535156
15.779999999999998,87.69424438476562,15.779999999999998,96.99641418457033,15.779999999999998,94.77071380615234,15.78,74.03694915771484,15.779999999999998,106.2476577758789
15.789999999999996,87.67566680908203,15.789999999999996,96.99143981933594,15.790000000000004,94.7647476196289,15.79,74.03643798828125,15.790000000000004,106.27188110351562
15.8,87.6584701538086,15.8,96.98761749267578,15.8,94.76260375976562,15.800000000000004,74.03488159179688,15.8,106.30224609375
15.81,87.63772583007812,15.81,96.98387145996094,15.81,94.76487731933594,15.810000000000002,74.03258514404297,15.81,106.33283996582033
15.819999999999997,87.62651062011719,15.819999999999997,96.9811019897461,15.819999999999997,94.76398468017578,15.82,74.03104400634766,15.819999999999997,106.362060546875
15.830000000000002,87.61505889892578,15.830000000000002,96.97811889648438,15.830000000000002,94.75093841552734,15.830000000000004,74.02969360351562,15.830000000000002,106.39014434814452
15.84,87.59895324707031,15.84,96.97370147705078,15.84,94.73651123046876,15.840000000000003,74.02503204345703,15.84,106.41622161865234
15.849999999999998,87.58679962158203,15.849999999999998,96.96525573730467,15.849999999999998,94.7255401611328,15.85,74.01932525634766,15.849999999999998,106.4410171508789
15.859999999999996,87.57202911376953,15.859999999999996,96.9500732421875,15.859999999999996,94.72013092041016,15.86,74.01302337646484,15.859999999999996,106.46226501464844
15.87,87.55021667480469,15.87,96.92813873291016,15.87,94.7183609008789,15.870000000000005,74.00643157958984,15.87,106.48470306396484
15.88,87.53135681152344,15.88,96.8985595703125,15.88,94.7212905883789,15.880000000000004,73.99718475341797,15.88,106.5108413696289
15.889999999999995,87.51090240478516,15.889999999999995,96.86358642578124,15.889999999999995,94.72582244873048,15.89,73.99129486083984,15.889999999999995,106.53787231445312
15.900000000000002,87.49857330322266,15.900000000000002,96.8267059326172,15.900000000000002,94.7360610961914,15.9,73.98836517333984,15.900000000000002,106.5701141357422
15.91,87.48704528808594,15.91,96.78941345214844,15.91,94.74954223632812,15.910000000000004,73.98273468017578,15.91,106.59947204589844
15.919999999999998,87.47052001953125,15.919999999999998,96.7539520263672,15.919999999999998,94.76164245605467,15.920000000000002,73.97943115234375,15.919999999999998,106.62744903564452
15.929999999999996,87.4605712890625,15.929999999999996,96.7210922241211,15.929999999999996,94.7704086303711,15.93,73.97892761230469,15.929999999999996,106.65457153320312
15.94,87.45282745361328,15.94,96.68651580810548,15.94,94.77828979492188,15.940000000000005,73.9769287109375,15.94,106.68064880371094
15.95,87.47416687011719,15.95,96.65178680419922,15.95,94.7869873046875,15.950000000000005,73.9747314453125,15.95,106.70753479003906
15.959999999999996,87.4892349243164,15.959999999999996,96.61822509765624,15.959999999999996,94.78718566894533,15.96,73.9715805053711,15.959999999999996,106.7361831665039
15.970000000000002,87.46028137207031,15.970000000000002,96.5850601196289,15.970000000000002,94.779052734375,15.97,73.97037506103516,15.970000000000002,106.76642608642578
15.98,87.43921661376953,15.98,96.5517807006836,15.98,94.76872253417967,15.980000000000004,73.96697998046875,15.98,106.7978515625
15.989999999999998,87.47273254394531,15.989999999999998,96.5182876586914,15.989999999999998,94.75098419189452,15.990000000000002,73.9628677368164,15.989999999999998,106.82742309570312
15.999999999999996,87.46747589111328,15.999999999999996,96.48796081542967,15.999999999999996,94.7262725830078,16.0,73.95685577392578,15.999999999999996,106.85594177246094
16.01,87.46998596191406,16.01,96.46231842041016,16.01,94.70060729980467,16.010000000000005,73.95165252685547,16.01,106.88082885742188
16.02,87.49674987792969,16.02,96.43961334228516,16.02,94.6621551513672,16.020000000000003,73.9471435546875,16.02,106.8983154296875
16.029999999999998,87.50720977783203,16.029999999999998,96.4210433959961,16.029999999999998,94.61515808105467,16.03,73.94222259521484,16.029999999999998,106.91651153564452
16.039999999999996,87.5234375,16.039999999999996,96.42047882080078,16.040000000000003,94.55557250976562,16.04,73.93670654296875,16.040000000000003,106.93626403808594
16.05,87.53520202636719,16.05,96.42414855957033,16.05,94.4879913330078,16.050000000000004,73.92973327636719,16.05,106.95211791992188
16.06,87.53241729736328,16.06,96.44893646240234,16.06,94.40950775146484,16.060000000000002,73.92450714111328,16.06,106.9630355834961
16.069999999999997,87.53099060058594,16.069999999999997,96.4850616455078,16.069999999999997,94.3210678100586,16.07,73.9178237915039,16.069999999999997,106.9700927734375
16.080000000000002,87.520751953125,16.080000000000002,96.53469848632812,16.080000000000002,94.21514892578124,16.080000000000005,73.91012573242188,16.080000000000002,106.97823333740234
16.09,87.50370788574219,16.09,96.59725952148438,16.09,94.07535552978516,16.090000000000003,73.89698028564453,16.09,106.98788452148438
16.099999999999998,87.48358154296875,16.099999999999998,96.6837387084961,16.099999999999998,93.91513061523438,16.1,73.87946319580078,16.099999999999998,106.99879455566406
16.109999999999996,87.45263671875,16.109999999999996,96.79444122314452,16.109999999999996,93.75655364990234,16.11,73.85456848144531,16.109999999999996,107.0115203857422
16.12,87.39057922363281,16.12,96.92657470703124,16.12,93.5813980102539,16.120000000000005,73.82495880126953,16.12,107.02106475830078
16.13,87.31499481201172,16.13,97.08082580566406,16.13,93.36700439453124,16.130000000000003,73.79344940185547,16.13,107.02751159667967
16.139999999999997,87.2182388305664,16.139999999999997,97.24976348876952,16.139999999999997,93.10358428955078,16.14,73.77081298828125,16.139999999999997,107.03379821777344
16.150000000000002,87.10313415527344,16.150000000000002,97.43832397460938,16.150000000000002,92.81798553466795,16.15,73.76167297363281,16.150000000000002,107.04151916503906
16.16,86.96044158935547,16.16,97.64551544189452,16.16,92.48126220703124,16.160000000000004,73.76458740234375,16.16,107.04935455322266
16.169999999999998,86.7477035522461,16.169999999999998,97.88262176513672,16.169999999999998,92.09073638916016,16.17,73.77421569824219,16.169999999999998,107.05606842041016
16.179999999999996,86.49613189697266,16.179999999999996,98.13896942138672,16.179999999999996,91.65409088134766,16.18,73.78096771240234,16.179999999999996,107.0610809326172
16.19,86.25851440429688,16.19,98.40924835205078,16.19,91.1926727294922,16.190000000000005,73.78063201904297,16.19,107.0596923828125
16.2,85.97323608398438,16.2,98.69002532958984,16.2,90.69174194335938,16.200000000000003,73.77576446533203,16.2,107.0497055053711
16.209999999999997,85.63443756103516,16.209999999999997,98.98313903808594,16.209999999999997,90.1318817138672,16.21,73.76362609863281,16.209999999999997,107.03284454345705
16.220000000000002,85.27580261230469,16.220000000000002,99.2951202392578,16.220000000000002,89.53900146484375,16.22,73.7418441772461,16.220000000000002,107.0199203491211
16.23,84.91307830810547,16.23,99.6174545288086,16.23,88.93197631835938,16.230000000000004,73.72015380859375,16.23,107.01671600341795
16.24,84.5347900390625,16.24,99.94945526123048,16.24,88.30258178710938,16.240000000000002,73.71002960205078,16.24,107.02814483642578
16.249999999999996,84.12098693847656,16.249999999999996,100.27854919433594,16.249999999999996,87.62101745605469,16.25,73.71009826660156,16.249999999999996,107.0747299194336
16.26,83.6819839477539,16.26,100.60474395751952,16.26,86.88842010498047,16.260000000000005,73.73252868652344,16.26,107.20538330078124
16.27,83.21675109863281,16.27,100.93072509765624,16.27,86.11729431152344,16.270000000000003,73.77940368652344,16.27,107.43411254882812
16.279999999999998,82.7273941040039,16.279999999999998,101.24478912353516,16.279999999999998,85.31658172607422,16.28,73.85023498535156,16.279999999999998,107.73621368408205
16.289999999999996,82.25079345703125,16.289999999999996,101.55282592773438,16.290000000000003,84.45663452148438,16.29,73.94107055664062,16.290000000000003,108.11058807373048
16.3,81.76564025878906,16.3,101.86600494384766,16.3,83.52368927001953,16.300000000000004,74.03303527832031,16.3,108.5300521850586
16.31,81.26124572753906,16.31,102.18965911865234,16.31,82.60039520263672,16.310000000000002,74.10128021240234,16.31,108.97542572021484
16.319999999999997,80.78630828857422,16.319999999999997,102.5293426513672,16.319999999999997,81.73668670654297,16.32,74.12935638427734,16.319999999999997,109.38592529296876
16.330000000000002,80.29545593261719,16.330000000000002,102.8797607421875,16.330000000000002,80.90876007080078,16.330000000000005,74.12054443359375,16.330000000000002,109.73804473876952
16.34,79.78942108154297,16.34,103.2304458618164,16.34,80.09496307373047,16.340000000000003,74.10667419433594,16.34,109.97132110595705
16.349999999999998,79.29769897460938,16.349999999999998,103.57586669921876,16.349999999999998,79.29564666748047,16.35,74.09676361083984,16.349999999999998,110.12775421142578
16.359999999999996,78.76422882080078,16.359999999999996,103.9165267944336,16.359999999999996,78.51654815673828,16.36,74.09660339355469,16.359999999999996,110.2378158569336
16.37,78.28482818603516,16.37,104.24138641357422,16.37,77.74427032470703,16.370000000000005,74.11451721191406,16.37,110.34327697753906
16.38,77.78327941894531,16.38,104.56241607666016,16.38,77.00870513916016,16.380000000000003,74.14483642578125,16.38,110.48273468017578
16.389999999999997,77.27505493164062,16.389999999999997,104.88692474365234,16.389999999999997,76.29708099365234,16.39,74.18558502197266,16.389999999999997,110.65143585205078
16.400000000000002,76.82454681396484,16.400000000000002,105.2125473022461,16.400000000000002,75.60433197021484,16.4,74.23228454589844,16.400000000000002,110.83689880371094
16.41,76.36405944824219,16.41,105.53905487060548,16.41,74.84750366210938,16.410000000000004,74.27893829345703,16.41,111.00702667236328
16.419999999999998,75.82095336914062,16.419999999999998,105.863525390625,16.419999999999998,74.05625915527344,16.42,74.32298278808594,16.419999999999998,111.1272430419922
16.429999999999996,75.21906280517578,16.429999999999996,106.18424224853516,16.429999999999996,73.22992706298828,16.43,74.3607406616211,16.429999999999996,111.17647552490234
16.44,74.61907958984375,16.44,106.4890365600586,16.44,72.40618896484375,16.440000000000005,74.3915786743164,16.44,111.1324691772461
16.45,74.03352355957031,16.45,106.77351379394533,16.45,71.58751678466797,16.450000000000003,74.41191864013672,16.45,111.04044342041016
16.459999999999997,73.49730682373047,16.459999999999997,107.04401397705078,16.459999999999997,70.6697006225586,16.46,74.42475891113281,16.459999999999997,110.97113800048828
16.470000000000002,72.99602508544922,16.470000000000002,107.3257064819336,16.470000000000002,69.74943542480469,16.47,74.43794250488281,16.470000000000002,110.9341812133789
16.48,72.47493743896484,16.48,107.62565612792967,16.48,68.852294921875,16.480000000000004,74.45716857910156,16.48,110.94741821289062
16.49,71.90013122558594,16.49,107.92453002929688,16.49,67.93219757080078,16.490000000000002,74.48568725585938,16.49,111.06295776367188
16.499999999999996,71.27738189697266,16.499999999999996,108.23204040527344,16.499999999999996,67.00869750976562,16.5,74.52378845214844,16.499999999999996,111.3000259399414
16.51,70.60335540771484,16.51,108.5450668334961,16.51,66.12054443359375,16.510000000000005,74.56233215332031,16.51,111.60824584960938
16.52,69.9382095336914,16.52,108.86082458496094,16.52,65.28180694580078,16.520000000000003,74.60979461669922,16.52,111.83547973632812
16.529999999999998,69.27954864501953,16.529999999999998,109.1688232421875,16.529999999999998,64.50579071044922,16.53,74.65738677978516,16.529999999999998,111.94330596923828
16.539999999999996,68.59356689453125,16.539999999999996,109.45975494384766,16.540000000000003,63.766357421875,16.54,74.68179321289062,16.540000000000003,111.93484497070312
16.55,67.9328384399414,16.55,109.72956848144533,16.55,63.025272369384766,16.550000000000004,74.67904663085938,16.55,111.783935546875
16.56,67.33202362060547,16.56,109.98894500732422,16.56,62.22398376464844,16.560000000000002,74.65823364257812,16.56,111.4043960571289
16.569999999999997,66.79580688476562,16.569999999999997,110.23395538330078,16.569999999999997,61.344520568847656,16.57,74.63262939453125,16.569999999999997,110.80756378173828
16.580000000000002,66.25753784179688,16.580000000000002,110.47427368164062,16.580000000000002,60.48538589477539,16.580000000000005,74.60698699951172,16.580000000000002,110.09323120117188
16.59,65.68819427490234,16.59,110.72356414794922,16.59,59.61347961425781,16.590000000000003,74.58340454101562,16.59,109.36024475097656
16.599999999999998,65.11941528320312,16.599999999999998,110.97737884521484,16.599999999999998,58.78242111206055,16.6,74.5599136352539,16.599999999999998,108.6920394897461
16.609999999999996,64.53643035888672,16.609999999999996,111.23896026611328,16.609999999999996,57.958740234375,16.61,74.53599548339844,16.609999999999996,108.20632934570312
16.62,63.8721809387207,16.62,111.51485443115234,16.62,57.14938354492188,16.620000000000005,74.51290130615234,16.62,107.94364166259766
16.63,63.177284240722656,16.63,111.79791259765624,16.63,56.339805603027344,16.630000000000003,74.49687957763672,16.63,107.78753662109376
16.639999999999997,62.45896911621094,16.639999999999997,112.0943832397461,16.639999999999997,55.57567596435547,16.64,74.48639678955078,16.639999999999997,107.64962768554688
16.650000000000002,61.73326110839844,16.650000000000002,112.39767456054688,16.650000000000002,54.87972640991211,16.65,74.4803237915039,16.650000000000002,107.38741302490234
16.66,61.01683044433594,16.66,112.69292449951172,16.66,54.17677688598633,16.660000000000004,74.47418975830078,16.66,106.97187042236328
16.669999999999998,60.29191207885742,16.669999999999998,112.96298217773438,16.669999999999998,53.44107055664063,16.67,74.47465515136719,16.669999999999998,106.3991928100586
16.679999999999996,59.58908081054688,16.679999999999996,113.20006561279295,16.679999999999996,52.69155502319336,16.68,74.47665405273438,16.679999999999996,105.71469116210938
16.69,58.92119216918945,16.69,113.4287567138672,16.69,51.94185256958008,16.690000000000005,74.4731216430664,16.69,104.96906280517578
16.7,58.28907012939453,16.7,113.6532211303711,16.7,51.21440505981445,16.700000000000003,74.45278930664062,16.7,104.26721954345705
16.709999999999997,57.67597961425781,16.709999999999997,113.86156463623048,16.709999999999997,50.51959991455078,16.71,74.41764831542969,16.709999999999997,103.68119049072266
16.720000000000002,57.05584335327149,16.720000000000002,114.05105590820312,16.720000000000002,49.81245803833008,16.72,74.38249206542969,16.720000000000002,103.21376037597656
16.73,56.4145393371582,16.73,114.2237319946289,16.73,49.054595947265625,16.730000000000004,74.35626220703125,16.73,102.80662536621094
16.74,55.74564743041992,16.74,114.38679504394533,16.74,48.29094314575195,16.740000000000002,74.32829284667969,16.74,102.44960021972656
16.749999999999996,55.05808639526367,16.749999999999996,114.54451751708984,16.749999999999996,47.5301399230957,16.75,74.29839324951172,16.749999999999996,102.13835906982422
16.76,54.37799835205078,16.76,114.70693969726562,16.76,46.7845573425293,16.760000000000005,74.27499389648438,16.76,101.85721588134766
16.77,53.67039489746094,16.77,114.88788604736328,16.77,46.06452178955078,16.770000000000003,74.26799011230469,16.77,101.58779907226562
16.779999999999998,52.90956497192383,16.779999999999998,115.08399200439452,16.779999999999998,45.3124885559082,16.78,74.2771224975586,16.779999999999998,101.31057739257812
16.789999999999996,52.11717987060547,16.789999999999996,115.28114318847656,16.790000000000003,44.55939102172852,16.79,74.29320526123047,16.790000000000003,101.02364349365234
16.8,51.31560134887695,16.8,115.46465301513672,16.8,43.83415985107422,16.800000000000004,74.3087387084961,16.8,100.7327651977539
16.81,50.53076171875,16.81,115.6379623413086,16.81,43.11993789672852,16.810000000000002,74.32059478759766,16.81,100.41943359375
16.819999999999997,49.76093673706055,16.819999999999997,115.80795288085938,16.819999999999997,42.38433074951172,16.82,74.32643127441406,16.819999999999997,100.0712890625
16.830000000000002,49.002662658691406,16.830000000000002,115.98046112060548,16.830000000000002,41.62565612792969,16.830000000000005,74.32298278808594,16.830000000000002,99.7049789428711
16.84,48.27428817749024,16.84,116.15084075927734,16.84,40.85465621948242,16.840000000000003,74.31414794921875,16.84,99.34388732910156
16.849999999999998,47.564247131347656,16.849999999999998,116.31512451171876,16.849999999999998,40.070682525634766,16.85,74.30321502685547,16.849999999999998,98.97905731201172
16.859999999999996,46.85891342163086,16.859999999999996,116.46099090576172,16.859999999999996,39.26847839355469,16.86,74.29732513427734,16.859999999999996,98.59286499023438
16.87,46.15324020385742,16.87,116.59649658203124,16.87,38.44984436035156,16.870000000000005,74.29540252685547,16.87,98.1953353881836
16.88,45.44756317138672,16.88,116.72325134277344,16.88,37.62600326538086,16.880000000000003,74.28700256347656,16.88,97.82888793945312
16.889999999999997,44.734153747558594,16.889999999999997,116.83816528320312,16.889999999999997,36.81803894042969,16.89,74.2598648071289,16.889999999999997,97.54784393310548
16.900000000000002,44.00019073486328,16.900000000000002,116.94779205322266,16.900000000000002,36.023048400878906,16.9,74.22402954101562,16.900000000000002,97.36006927490234
16.91,43.23505401611328,16.91,117.0587921142578,16.91,35.21467590332031,16.910000000000004,74.1924057006836,16.91,97.21926879882812
16.919999999999998,42.438720703125,16.919999999999998,117.19681549072266,16.919999999999998,34.40164566040039,16.92,74.16995239257812,16.919999999999998,97.0906753540039
16.929999999999996,41.635162353515625,16.929999999999996,117.37882995605467,16.929999999999996,33.6142692565918,16.93,74.15499877929688,16.929999999999996,96.95958709716795
16.94,40.82785415649414,16.94,117.56485748291016,16.94,32.85421371459961,16.940000000000005,74.14618682861328,16.94,96.83250427246094
16.95,40.01490020751953,16.95,117.7354507446289,16.95,32.117530822753906,16.950000000000003,74.14643096923828,16.95,96.71351623535156
16.959999999999997,39.200103759765625,16.959999999999997,117.88574981689452,16.959999999999997,31.39910125732422,16.96,74.15270233154297,16.959999999999997,96.6181411743164
16.970000000000002,38.37360763549805,16.970000000000002,118.02100372314452,16.970000000000002,30.6872673034668,16.97,74.14783477783203,16.970000000000002,96.57178497314452
16.98,37.53418731689453,16.98,118.14094543457033,16.98,29.99310111999512,16.980000000000004,74.12773895263672,16.98,96.56607818603516
16.99,36.67202758789063,16.99,118.24446105957033,16.99,29.27208137512207,16.990000000000002,74.097900390625,16.99,96.56092834472656
16.999999999999996,35.77930450439453,16.999999999999996,118.33751678466795,16.999999999999996,28.502153396606445,17.0,74.06304931640625,16.999999999999996,96.54034423828124
17.01,34.86902618408203,17.01,118.41690826416016,17.01,27.701324462890625,17.010000000000005,74.0301742553711,17.01,96.51252746582033
17.02,33.94334411621094,17.02,118.50341796875,17.02,26.90646743774414,17.020000000000003,74.00492858886719,17.02,96.5039520263672
17.029999999999998,33.0345573425293,17.029999999999998,118.60010528564452,17.029999999999998,26.11973571777344,17.03,73.98210144042969,17.029999999999998,96.53727722167967
17.039999999999996,32.128570556640625,17.039999999999996,118.6885986328125,17.040000000000003,25.31739997863769,17.04,73.96034240722656,17.040000000000003,96.6734390258789
17.05,31.20647430419922,17.05,118.77437591552734,17.05,24.51836204528809,17.050000000000004,73.94480895996094,17.05,96.87462615966795
17.06,30.285457611083984,17.06,118.85238647460938,17.06,23.72389411926269,17.060000000000002,73.93424224853516,17.06,97.11321258544922
17.069999999999997,29.36752700805664,17.069999999999997,118.91754913330078,17.069999999999997,22.957853317260746,17.07,73.92870330810547,17.069999999999997,97.37006378173828
17.080000000000002,28.44350814819336,17.080000000000002,118.97087860107422,17.080000000000002,22.21787643432617,17.080000000000005,73.92394256591797,17.080000000000002,97.62454986572266
17.09,27.50820541381836,17.09,119.00970458984376,17.09,21.500343322753903,17.090000000000003,73.91815185546875,17.09,97.84810638427734
17.099999999999998,26.572416305541992,17.099999999999998,119.02828979492188,17.099999999999998,20.7910270690918,17.1,73.91120910644531,17.099999999999998,98.04556274414062
17.109999999999996,25.657609939575195,17.109999999999996,119.03217315673828,17.109999999999996,20.1038875579834,17.11,73.90556335449219,17.109999999999996,98.24466705322266
17.12,24.770984649658203,17.12,119.02037048339844,17.12,19.45405960083008,17.120000000000005,73.8992691040039,17.12,98.46989440917967
17.13,23.905426025390625,17.13,118.98235321044922,17.13,18.85664749145508,17.130000000000003,73.8939437866211,17.13,98.73560333251952
17.139999999999997,23.05371856689453,17.139999999999997,118.91893005371094,17.139999999999997,18.315977096557617,17.14,73.88886260986328,17.139999999999997,99.04856872558594
17.150000000000002,22.22329330444336,17.150000000000002,118.83496856689452,17.150000000000002,17.828271865844727,17.15,73.88102722167969,17.150000000000002,99.40589904785156
17.16,21.433269500732425,17.16,118.73888397216795,17.16,17.403301239013672,17.160000000000004,73.87638854980469,17.16,99.79655456542967
17.169999999999998,20.675350189208984,17.169999999999998,118.62525939941406,17.169999999999998,17.00888442993164,17.17,73.88140869140625,17.169999999999998,100.20567321777344
17.179999999999996,19.93146324157715,17.179999999999996,118.4996109008789,17.179999999999996,16.63362693786621,17.18,73.89334869384766,17.179999999999996,100.5737075805664
17.19,19.19576835632324,17.19,118.36141967773438,17.19,16.265031814575195,17.190000000000005,73.91297912597656,17.19,100.8867416381836
17.2,18.47713661193848,17.2,118.21316528320312,17.2,15.905656814575195,17.200000000000003,73.93694305419922,17.2,101.12918090820312
17.209999999999997,17.792659759521484,17.209999999999997,118.05743408203124,17.209999999999997,15.538484573364258,17.21,73.96227264404297,17.209999999999997,101.28003692626952
17.220000000000002,17.14008140563965,17.220000000000002,117.89979553222656,17.220000000000002,15.147552490234377,17.22,73.98861694335938,17.220000000000002,101.41669464111328
17.23,16.533918380737305,17.23,117.74696350097656,17.23,14.72718620300293,17.230000000000004,74.02314758300781,17.23,101.55535125732422
17.24,15.946398735046388,17.24,117.60899353027344,17.24,14.314583778381348,17.240000000000002,74.0600357055664,17.24,101.69428253173828
17.249999999999996,15.36076545715332,17.249999999999996,117.47162628173828,17.249999999999996,13.918987274169922,17.25,74.0980453491211,17.249999999999996,101.8424301147461
17.26,14.79330062866211,17.26,117.33489990234376,17.26,13.531357765197754,17.260000000000005,74.13822174072266,17.26,102.05941772460938
17.27,14.251203536987305,17.27,117.20349884033205,17.27,13.129307746887209,17.270000000000003,74.17930603027344,17.27,102.41732788085938
17.279999999999998,13.742255210876465,17.279999999999998,117.07477569580078,17.279999999999998,12.686352729797363,17.28,74.225830078125,17.279999999999998,102.85266876220705
17.289999999999996,13.264666557312012,17.289999999999996,116.94634246826172,17.290000000000003,12.208324432373049,17.29,74.27412414550781,17.290000000000003,103.3515167236328
17.3,12.807990074157717,17.3,116.81068420410156,17.3,11.71937084197998,17.300000000000004,74.31644439697266,17.3,103.8954086303711
17.31,12.363096237182615,17.31,116.66988372802734,17.31,11.24240779876709,17.310000000000002,74.35333251953125,17.31,104.25294494628906
17.319999999999997,11.945926666259766,17.319999999999997,116.52117919921876,17.319999999999997,10.805490493774414,17.32,74.39248657226562,17.319999999999997,104.44950103759766
17.330000000000002,11.549674034118652,17.330000000000002,116.36900329589844,17.330000000000002,10.432363510131836,17.330000000000005,74.43680572509766,17.330000000000002,104.65908813476562
17.34,11.162593841552734,17.34,116.22003173828124,17.34,10.144745826721191,17.340000000000003,74.48605346679688,17.34,105.0245590209961
17.349999999999998,10.782891273498535,17.349999999999998,116.08307647705078,17.349999999999998,9.93215560913086,17.35,74.54002380371094,17.349999999999998,105.53031158447266
17.359999999999996,10.40466022491455,17.359999999999996,115.9631118774414,17.359999999999996,9.757529258728027,17.36,74.60140228271484,17.359999999999996,106.16558837890624
17.37,10.03013515472412,17.37,115.85752868652344,17.37,9.586047172546388,17.370000000000005,74.66288757324219,17.37,106.8756332397461
17.38,9.679754257202148,17.38,115.76559448242188,17.38,9.376262664794922,17.380000000000003,74.71695709228516,17.38,107.61581420898438
17.389999999999997,9.36806869506836,17.389999999999997,115.689453125,17.389999999999997,9.109307289123535,17.39,74.7672348022461,17.389999999999997,108.33161926269533
17.400000000000002,9.08979320526123,17.400000000000002,115.62769317626952,17.400000000000002,8.805625915527344,17.4,74.82051849365234,17.400000000000002,108.99486541748048
17.41,8.841985702514648,17.41,115.58299255371094,17.41,8.510680198669434,17.410000000000004,74.87360382080078,17.41,109.57308197021484
17.419999999999998,8.614540100097656,17.419999999999998,115.54984283447266,17.419999999999998,8.261602401733398,17.42,74.91355895996094,17.419999999999998,110.0391616821289
17.429999999999996,8.408556938171387,17.429999999999996,115.51637268066406,17.429999999999996,8.056571006774902,17.43,74.93286895751953,17.429999999999996,110.39954376220705
17.44,8.215254783630371,17.44,115.48275756835938,17.44,7.887784481048584,17.440000000000005,74.94219970703125,17.44,110.7264633178711
17.45,8.025411605834961,17.45,115.45559692382812,17.45,7.741320610046387,17.450000000000003,74.94951629638672,17.45,111.10990142822266
17.459999999999997,7.841488838195801,17.459999999999997,115.4386978149414,17.459999999999997,7.611186504364014,17.46,74.95753479003906,17.459999999999997,111.5843734741211
17.470000000000002,7.669461727142334,17.470000000000002,115.42910766601562,17.470000000000002,7.502560138702393,17.47,74.97152709960938,17.470000000000002,112.10128021240234
17.48,7.507386684417725,17.48,115.42505645751952,17.48,7.421968936920166,17.480000000000004,74.98888397216797,17.48,112.62403869628906
17.49,7.345609188079834,17.49,115.42488861083984,17.49,7.369020462036133,17.490000000000002,75.00914001464844,17.49,113.13850402832033
17.499999999999996,7.200387477874756,17.499999999999996,115.43001556396484,17.499999999999996,7.332129955291748,17.5,75.0269546508789,17.499999999999996,113.63097381591795
17.51,7.084168910980225,17.51,115.4361572265625,17.51,7.312926769256592,17.510000000000005,75.04376983642578,17.51,114.08363342285156
17.52,7.009840488433838,17.52,115.44932556152344,17.52,7.303329467773437,17.520000000000003,75.06101989746094,17.52,114.4983367919922
17.529999999999998,6.960861206054688,17.529999999999998,115.4631118774414,17.529999999999998,7.300549983978271,17.53,75.07415008544922,17.529999999999998,114.88643646240234
17.539999999999996,6.913283348083496,17.539999999999996,115.4743423461914,17.540000000000003,7.296158790588379,17.54,75.08365631103516,17.540000000000003,115.2575912475586
17.55,6.861534118652344,17.55,115.49176025390624,17.55,7.295300006866455,17.550000000000004,75.0896987915039,17.55,115.60901641845705
17.56,6.821512699127197,17.56,115.51294708251952,17.56,7.301079750061035,17.560000000000002,75.09291076660156,17.56,115.9601821899414
17.569999999999997,6.792562007904053,17.569999999999997,115.53455352783205,17.569999999999997,7.305903911590576,17.57,75.09012603759766,17.569999999999997,116.33180236816406
17.580000000000002,6.768178462982178,17.580000000000002,115.55223083496094,17.580000000000002,7.309600830078125,17.580000000000005,75.08394622802734,17.580000000000002,116.71971893310548
17.59,6.749445915222168,17.59,115.56292724609376,17.59,7.307171821594238,17.590000000000003,75.07879638671875,17.59,117.09561920166016
17.599999999999998,6.732100009918213,17.599999999999998,115.56938934326172,17.599999999999998,7.293458938598633,17.6,75.07806396484375,17.599999999999998,117.42598724365234
17.609999999999996,6.718825340270996,17.609999999999996,115.57908630371094,17.609999999999996,7.277645587921143,17.61,75.07466888427734,17.609999999999996,117.68113708496094
17.62,6.716536045074463,17.62,115.5908660888672,17.62,7.268290042877197,17.620000000000005,75.07044219970703,17.62,117.88085174560548
17.63,6.72809362411499,17.63,115.60415649414062,17.63,7.2698564529418945,17.630000000000003,75.06185913085938,17.63,118.03335571289062
17.639999999999997,6.755345344543457,17.639999999999997,115.61957550048828,17.639999999999997,7.275744438171387,17.64,75.04741668701172,17.639999999999997,118.14920806884766
17.650000000000002,6.805502414703369,17.650000000000002,115.63998413085938,17.650000000000002,7.287909507751465,17.65,75.03591918945312,17.650000000000002,118.2357177734375
17.66,6.866282939910889,17.66,115.66651153564452,17.66,7.304115295410156,17.660000000000004,75.02886199951172,17.66,118.3175811767578
17.669999999999998,6.926229476928711,17.669999999999998,115.69439697265624,17.669999999999998,7.313893318176269,17.67,75.02361297607422,17.669999999999998,118.4138641357422
17.679999999999996,6.977414131164551,17.679999999999996,115.72557067871094,17.679999999999996,7.303641319274902,17.68,75.02063751220703,17.679999999999996,118.53123474121094
17.69,7.013155460357666,17.69,115.75316619873048,17.69,7.271399974822998,17.690000000000005,75.01361846923828,17.69,118.6710433959961
17.7,7.036234378814697,17.7,115.77635955810548,17.7,7.22455358505249,17.700000000000003,75.0018310546875,17.7,118.82575225830078
17.709999999999997,7.050417423248291,17.709999999999997,115.7988739013672,17.709999999999997,7.177396297454834,17.71,74.9888687133789,17.709999999999997,118.98451232910156
17.720000000000002,7.05441427230835,17.720000000000002,115.82560729980467,17.720000000000002,7.138039588928223,17.72,74.97434997558594,17.720000000000002,119.1513214111328
17.73,7.050763130187988,17.73,115.8529281616211,17.73,7.105512619018555,17.730000000000004,74.9564437866211,17.73,119.31761932373048
17.74,7.049956321716309,17.74,115.87834930419922,17.74,7.089550495147705,17.740000000000002,74.937255859375,17.74,119.4323272705078
17.749999999999996,7.035844326019287,17.749999999999996,115.90026092529295,17.749999999999996,7.0859479904174805,17.75,74.91574096679688,17.749999999999996,119.4918975830078
17.76,7.033980846405029,17.76,115.92062377929688,17.76,7.103000164031982,17.760000000000005,74.89303588867188,17.76,119.56608581542967
17.77,7.03889799118042,17.77,115.94303894042967,17.77,7.135281562805176,17.770000000000003,74.87030029296875,17.77,119.65859985351562
17.779999999999998,7.050970554351807,17.779999999999998,115.97775268554688,17.779999999999998,7.169373512268066,17.78,74.85066223144531,17.779999999999998,119.7531967163086
17.789999999999996,7.0675578117370605,17.789999999999996,116.01847839355467,17.790000000000003,7.19363260269165,17.79,74.83430480957031,17.790000000000003,119.83171081542967
17.8,7.084175109863281,17.8,116.0606460571289,17.8,7.197056293487549,17.800000000000004,74.81993103027344,17.8,119.88337707519533
17.81,7.103634357452393,17.81,116.09776306152344,17.81,7.183913230895996,17.810000000000002,74.80743408203125,17.81,119.9031753540039
17.819999999999997,7.124300003051758,17.819999999999997,116.1276626586914,17.819999999999997,7.163737773895264,17.82,74.7947998046875,17.819999999999997,119.89891052246094
17.830000000000002,7.14863395690918,17.830000000000002,116.15122985839844,17.830000000000002,7.142688751220703,17.830000000000005,74.781005859375,17.830000000000002,119.89990997314452
17.84,7.175920009613037,17.84,116.16883087158205,17.84,7.128037929534912,17.840000000000003,74.76699829101562,17.84,119.91512298583984
17.849999999999998,7.20851469039917,17.849999999999998,116.1799545288086,17.849999999999998,7.125077724456787,17.85,74.75391387939453,17.849999999999998,119.9291534423828
17.859999999999996,7.244484901428223,17.859999999999996,116.18655395507812,17.859999999999996,7.144618511199951,17.86,74.73944091796875,17.859999999999996,119.9434814453125
17.87,7.282541275024414,17.87,116.1894073486328,17.87,7.174613952636719,17.870000000000005,74.72312927246094,17.87,119.96737670898438
17.88,7.318713665008545,17.88,116.18833923339844,17.88,7.214032649993896,17.880000000000003,74.70660400390625,17.88,119.99746704101562
17.889999999999997,7.352770805358887,17.889999999999997,116.18502044677734,17.889999999999997,7.256528377532959,17.89,74.69515991210938,17.889999999999997,120.02229309082033
17.900000000000002,7.392429351806641,17.900000000000002,116.17987060546876,17.900000000000002,7.305244445800781,17.9,74.68486022949219,17.900000000000002,120.04959869384766
17.91,7.438368320465088,17.91,116.17150115966795,17.91,7.355779647827148,17.910000000000004,74.67640686035156,17.91,120.08326721191406
17.919999999999998,7.485785484313965,17.919999999999998,116.1588897705078,17.919999999999998,7.381103515625,17.92,74.67151641845703,17.919999999999998,120.12800598144533
17.929999999999996,7.532504558563232,17.929999999999996,116.14698791503906,17.929999999999996,7.375633239746094,17.93,74.67062377929688,17.929999999999996,120.1903305053711
17.94,7.588496208190918,17.94,116.13034057617188,17.94,7.365622520446777,17.940000000000005,74.66569519042969,17.94,120.2671127319336
17.95,7.642899513244629,17.95,116.1105728149414,17.95,7.35574197769165,17.950000000000003,74.66092681884766,17.95,120.35669708251952
17.959999999999997,7.688934803009033,17.959999999999997,116.0931396484375,17.959999999999997,7.354105472564697,17.96,74.65758514404297,17.959999999999997,120.45924377441406
17.970000000000002,7.717344760894775,17.970000000000002,116.07571411132812,17.970000000000002,7.351892948150635,17.97,74.65728759765625,17.970000000000002,120.5868911743164
17.98,7.720274925231934,17.98,116.05506896972656,17.98,7.342582702636719,17.980000000000004,74.65868377685547,17.98,120.72630310058594
17.99,7.711158275604248,17.99,116.02845764160156,17.99,7.329719066619873,17.990000000000002,74.65998077392578,17.99,120.84657287597656
17.999999999999996,7.699594020843506,17.999999999999996,115.99722290039062,17.999999999999996,7.315889358520508,18.0,74.66132354736328,17.999999999999996,120.95148468017578
18.01,7.687811374664307,18.01,115.962646484375,18.01,7.296328544616699,18.010000000000005,74.6609878540039,18.01,121.0404815673828
18.02,7.667655467987059,18.02,115.92810821533205,18.02,7.266866683959961,18.020000000000003,74.65999603271484,18.02,121.1214599609375
18.03,7.640347480773926,18.03,115.89278411865234,18.03,7.237438678741455,18.03,74.65706634521484,18.03,121.20205688476562
18.04,7.617541313171387,18.04,115.85822296142578,18.040000000000003,7.208919525146484,18.04,74.65512084960938,18.040000000000003,121.28538513183594
18.05,7.602067470550537,18.05,115.82476806640624,18.05,7.180972099304199,18.050000000000004,74.65071105957031,18.05,121.37394714355467
18.06,7.592601776123047,18.06,115.79474639892578,18.06,7.146924018859863,18.06,74.64470672607422,18.06,121.4580535888672
18.07,7.584608554840088,18.07,115.7663345336914,18.07,7.098766326904297,18.07,74.64007568359375,18.07,121.52645111083984
18.08,7.567471981048584,18.08,115.74126434326172,18.08,7.045010089874268,18.080000000000005,74.63394927978516,18.08,121.57352447509766
18.09,7.543182849884033,18.09,115.7154769897461,18.09,6.999118804931641,18.090000000000003,74.62845611572266,18.09,121.59381866455078
18.1,7.515224456787109,18.1,115.68766021728516,18.1,6.965986251831055,18.1,74.6246566772461,18.1,121.59278106689452
18.11,7.476621150970459,18.11,115.66239166259766,18.11,6.941883563995361,18.11,74.61921691894531,18.11,121.57584381103516
18.12,7.441375255584717,18.12,115.64324951171876,18.12,6.921828269958496,18.120000000000005,74.61506652832031,18.12,121.5537567138672
18.13,7.41108512878418,18.13,115.6310806274414,18.13,6.901564121246338,18.130000000000003,74.61005401611328,18.13,121.53461456298828
18.14,7.380661964416504,18.14,115.62042236328124,18.14,6.880202293395996,18.14,74.6050796508789,18.14,121.52301788330078
18.15,7.346480846405029,18.15,115.6078872680664,18.15,6.856502532958984,18.15,74.5990219116211,18.15,121.51702117919922
18.16,7.325172424316406,18.16,115.59368133544922,18.16,6.836451530456543,18.160000000000004,74.59082794189453,18.16,121.53070831298828
18.17,7.308741569519043,18.17,115.57979583740234,18.17,6.826545715332031,18.17,74.5864486694336,18.17,121.56388854980467
18.18,7.289872646331787,18.18,115.56755828857422,18.18,6.817144393920898,18.18,74.58106994628906,18.18,121.6191635131836
18.19,7.275067329406738,18.19,115.55575561523438,18.19,6.80613374710083,18.190000000000005,74.57514190673828,18.19,121.69751739501952
18.2,7.268989086151123,18.2,115.54393005371094,18.2,6.794689178466797,18.200000000000003,74.56884765625,18.2,121.78079223632812
18.21,7.267223358154297,18.21,115.53565979003906,18.21,6.780932903289795,18.21,74.56497192382812,18.21,121.84774017333984
18.22,7.262460231781006,18.22,115.52999114990234,18.22,6.762627601623535,18.22,74.56031799316406,18.22,121.89126586914062
18.23,7.260384082794189,18.23,115.52474975585938,18.23,6.74075174331665,18.230000000000004,74.55731201171875,18.23,121.92164611816406
18.24,7.264584541320801,18.24,115.51791381835938,18.24,6.721130847930908,18.24,74.55536651611328,18.24,121.9439468383789
18.25,7.272366046905518,18.25,115.51004791259766,18.25,6.706265926361084,18.25,74.55254364013672,18.25,121.96324920654295
18.26,7.27183723449707,18.26,115.50178527832033,18.26,6.695584774017334,18.260000000000005,74.55252838134766,18.26,121.9849853515625
18.27,7.266156196594238,18.27,115.49456024169922,18.27,6.683958053588867,18.270000000000003,74.55155181884766,18.27,122.00404357910156
18.28,7.260833263397217,18.28,115.48875427246094,18.28,6.673826694488525,18.28,74.55197143554688,18.28,122.01991271972656
18.29,7.258070468902588,18.29,115.48287963867188,18.290000000000003,6.663256645202637,18.29,74.55106353759766,18.290000000000003,122.0342025756836
18.3,7.255491733551025,18.3,115.4815673828125,18.3,6.648391246795654,18.300000000000004,74.54727935791016,18.3,122.04823303222656
18.31,7.2496161460876465,18.31,115.47730255126952,18.31,6.631559371948242,18.31,74.54518127441406,18.31,122.0555419921875
18.32,7.243009567260742,18.32,115.47225189208984,18.32,6.618966102600098,18.32,74.54444885253906,18.32,122.05587005615234
18.33,7.239292144775391,18.33,115.46601104736328,18.33,6.613885402679443,18.330000000000005,74.5418472290039,18.33,122.0551300048828
18.34,7.235695362091064,18.34,115.45924377441406,18.34,6.610116958618164,18.340000000000003,74.54142761230469,18.34,122.0555419921875
18.35,7.230429172515869,18.35,115.45182800292967,18.35,6.605642795562744,18.35,74.5405502319336,18.35,122.0589599609375
18.36,7.226953506469727,18.36,115.44610595703124,18.36,6.59990930557251,18.36,74.5390625,18.36,122.06157684326172
18.37,7.228702068328857,18.37,115.44450378417967,18.37,6.591879367828369,18.370000000000005,74.53600311279297,18.37,122.05972290039062
18.38,7.237685680389404,18.38,115.44650268554688,18.38,6.580831527709961,18.380000000000003,74.53826904296875,18.38,122.0599136352539
18.39,7.251798629760742,18.39,115.45269012451172,18.39,6.568580627441406,18.39,74.54010772705078,18.39,122.06639862060548
18.4,7.271180152893066,18.4,115.45811462402344,18.4,6.553574562072754,18.4,74.54122161865234,18.4,122.07823181152344
18.41,7.286867141723633,18.41,115.4618682861328,18.41,6.538759231567383,18.410000000000004,74.54222869873047,18.41,122.09449005126952
18.42,7.296418190002441,18.42,115.46292114257812,18.42,6.526259899139404,18.42,74.54299926757812,18.42,122.10888671875
18.43,7.302329063415527,18.43,115.46359252929688,18.43,6.512701988220215,18.43,74.54174041748047,18.43,122.11701202392578
18.44,7.307073593139648,18.44,115.46256256103516,18.44,6.495081424713135,18.440000000000005,74.5394515991211,18.44,122.11996459960938
18.45,7.310513496398926,18.45,115.4608154296875,18.45,6.476346492767334,18.450000000000003,74.53775787353516,18.45,122.1241455078125
18.46,7.311696529388428,18.46,115.45935821533205,18.46,6.4616379737854,18.46,74.53523254394531,18.46,122.13624572753906
18.47,7.311652183532715,18.47,115.46046447753906,18.47,6.447896957397461,18.47,74.5348892211914,18.47,122.1556167602539
18.48,7.314096450805664,18.48,115.47061157226562,18.48,6.432568550109863,18.480000000000004,74.5356674194336,18.48,122.17522430419922
18.49,7.312489986419678,18.49,115.47503662109376,18.49,6.421609878540039,18.49,74.53612518310547,18.49,122.1902847290039
18.5,7.310942649841309,18.5,115.4759292602539,18.5,6.417166233062744,18.5,74.53605651855469,18.5,122.19915008544922
18.51,7.307232856750488,18.51,115.47565460205078,18.51,6.418690204620361,18.510000000000005,74.5362548828125,18.51,122.2003936767578
18.52,7.302370071411133,18.52,115.4755859375,18.52,6.420833110809326,18.520000000000003,74.53741455078125,18.52,122.20291137695312
18.53,7.302107810974121,18.53,115.4774169921875,18.53,6.4219255447387695,18.53,74.53821563720703,18.53,122.20706176757812
18.54,7.30388879776001,18.54,115.47965240478516,18.540000000000003,6.42543363571167,18.54,74.5374984741211,18.540000000000003,122.21404266357422
18.55,7.303608894348144,18.55,115.4819107055664,18.55,6.428479671478272,18.550000000000004,74.53533935546875,18.55,122.2245635986328
18.56,7.300836563110352,18.56,115.48146057128906,18.56,6.435823917388916,18.56,74.53218841552734,18.56,122.24200439453124
18.57,7.295116424560547,18.57,115.4799575805664,18.57,6.446404933929443,18.57,74.52754974365234,18.57,122.26129150390624
18.58,7.288731575012207,18.58,115.47962951660156,18.58,6.45625114440918,18.580000000000005,74.5250015258789,18.58,122.27413177490234
18.59,7.283387184143066,18.59,115.48322296142578,18.59,6.465154647827148,18.590000000000003,74.52433013916016,18.59,122.28009033203124
18.6,7.276786804199219,18.6,115.48564910888672,18.6,6.473716735839844,18.6,74.52465057373047,18.6,122.27569580078124
18.61,7.270742893218994,18.61,115.48595428466795,18.61,6.483412742614746,18.61,74.52494812011719,18.61,122.26177215576172
18.62,7.267879009246826,18.62,115.48308563232422,18.62,6.49398136138916,18.620000000000005,74.52388763427734,18.62,122.24498748779295
18.63,7.26988410949707,18.63,115.47899627685548,18.63,6.5045166015625,18.630000000000003,74.52096557617188,18.63,122.23117065429688
18.64,7.273801803588867,18.64,115.47351837158205,18.64,6.5113606452941895,18.64,74.5174331665039,18.64,122.22959899902344
18.65,7.280526161193848,18.65,115.46484375,18.65,6.514251708984375,18.65,74.51386260986328,18.65,122.23664093017578
18.66,7.289045810699463,18.66,115.4574737548828,18.66,6.515990734100342,18.660000000000004,74.51060485839844,18.66,122.24786376953124
18.67,7.2957763671875,18.67,115.45088958740234,18.67,6.517512798309326,18.67,74.50715637207031,18.67,122.26570892333984
18.68,7.297879219055176,18.68,115.43939971923828,18.68,6.514805793762207,18.68,74.50379180908203,18.68,122.28399658203124
18.69,7.292263031005859,18.69,115.4253387451172,18.69,6.513197422027588,18.690000000000005,74.49967956542969,18.69,122.29533386230467
18.7,7.290725231170654,18.7,115.40928649902344,18.7,6.5184173583984375,18.700000000000003,74.4940414428711,18.7,122.2983856201172
18.71,7.292439937591553,18.71,115.38915252685548,18.71,6.539583683013916,18.71,74.4876937866211,18.71,122.2901840209961
18.72,7.2971577644348145,18.72,115.36833953857422,18.72,6.556450843811035,18.72,74.47950744628906,18.72,122.27734375
18.73,7.306981086730957,18.73,115.3449249267578,18.73,6.565239429473877,18.730000000000004,74.4730224609375,18.73,122.25695037841795
18.74,7.314503192901611,18.74,115.32041931152344,18.74,6.560800075531006,18.74,74.4688720703125,18.74,122.23602294921876
18.75,7.310972690582275,18.75,115.30455780029295,18.75,6.537448883056641,18.75,74.46963500976562,18.75,122.2254638671875
18.76,7.302262306213379,18.76,115.29230499267578,18.76,6.510229587554932,18.760000000000005,74.47834014892578,18.76,122.22447967529295
18.77,7.294885158538818,18.77,115.28778076171876,18.77,6.48855447769165,18.770000000000003,74.49018096923828,18.77,122.22982025146484
18.78,7.286330223083496,18.78,115.2884750366211,18.78,6.474226951599121,18.78,74.51189422607422,18.78,122.2411880493164
18.79,7.276707172393799,18.79,115.29704284667967,18.790000000000003,6.472962379455566,18.79,74.53706359863281,18.790000000000003,122.25931549072266
18.8,7.264281272888184,18.8,115.2915267944336,18.8,6.4692792892456055,18.800000000000004,74.55878448486328,18.8,122.2736587524414
18.81,7.251019954681396,18.81,115.27015686035156,18.81,6.458486557006836,18.81,74.57975006103516,18.81,122.2729721069336
18.82,7.238583087921143,18.82,115.23999786376952,18.82,6.4441680908203125,18.82,74.59359741210938,18.82,122.2532196044922
18.83,7.224493980407715,18.83,115.19558715820312,18.83,6.410746574401856,18.830000000000005,74.5984878540039,18.83,122.2114486694336
18.84,7.205384731292725,18.84,115.14971923828124,18.84,6.353034019470215,18.840000000000003,74.60343170166016,18.84,122.15129852294922
18.85,7.177260398864746,18.85,115.11127471923828,18.85,6.288973808288574,18.85,74.60772705078125,18.85,122.0852279663086
18.86,7.1395769119262695,18.86,115.0756607055664,18.86,6.222107887268066,18.86,74.61644744873047,18.86,122.0186996459961
18.87,7.096785068511963,18.87,115.04141998291016,18.87,6.162290573120117,18.870000000000005,74.63286590576172,18.87,121.95510864257812
18.88,7.052769660949707,18.88,115.00435638427734,18.88,6.111272811889648,18.880000000000003,74.65204620361328,18.88,121.8826141357422
18.89,7.007570266723633,18.89,114.9687042236328,18.89,6.070938587188721,18.89,74.67488098144531,18.89,121.79361724853516
18.9,6.959695816040039,18.9,114.93364715576172,18.9,6.040918350219727,18.9,74.69499969482422,18.9,121.69683074951172
18.91,6.91180419921875,18.91,114.89595794677734,18.91,6.012044906616211,18.910000000000004,74.71439361572266,18.91,121.59607696533205
18.92,6.861696243286133,18.92,114.86277770996094,18.92,5.982502937316895,18.92,74.7313003540039,18.92,121.49552154541016
18.93,6.80774450302124,18.93,114.83489990234376,18.93,5.947846412658691,18.93,74.74483489990234,18.93,121.39324951171876
18.94,6.751823902130127,18.94,114.8101577758789,18.94,5.917029857635498,18.940000000000005,74.75316619873047,18.94,121.30221557617188
18.95,6.696985244750977,18.95,114.78558349609376,18.95,5.886912345886231,18.950000000000003,74.7614974975586,18.95,121.2266845703125
18.96,6.647629261016846,18.96,114.7741241455078,18.96,5.854501247406006,18.96,74.76930236816406,18.96,121.17382049560548
18.97,6.600821495056152,18.97,114.76494598388672,18.97,5.821438312530518,18.97,74.77458190917969,18.97,121.14043426513672
18.98,6.54754114151001,18.98,114.7607879638672,18.98,5.79327917098999,18.980000000000004,74.7839584350586,18.98,121.12107849121094
18.99,6.493400096893311,18.99,114.75691223144533,18.99,5.770583152770996,18.99,74.79518127441406,18.99,121.10480499267578
19.0,6.436392307281494,19.0,114.75513458251952,19.0,5.7494330406188965,19.0,74.8079605102539,19.0,121.08309936523438
19.01,6.385016918182373,19.01,114.7536163330078,19.01,5.738593578338623,19.010000000000005,74.81904602050781,19.01,121.02803802490234
19.02,6.343784809112549,19.02,114.74696350097656,19.02,5.741436958312988,19.020000000000003,74.83209228515625,19.02,120.94320678710938
19.03,6.310223579406738,19.03,114.75726318359376,19.03,5.752840042114258,19.03,74.84371948242188,19.03,120.8300323486328
19.04,6.286292552947998,19.04,114.7895050048828,19.040000000000003,5.766229152679443,19.04,74.8661117553711,19.040000000000003,120.70490264892578
19.05,6.2691969871521,19.05,114.84962463378906,19.05,5.782318592071533,19.050000000000004,74.89722442626953,19.05,120.5948486328125
19.06,6.251697540283203,19.06,114.92139434814452,19.06,5.803488254547119,19.06,74.93508911132812,19.06,120.51451110839844
19.07,6.232361316680908,19.07,115.01838684082033,19.07,5.825440406799316,19.07,74.98052978515625,19.07,120.46514892578124
19.08,6.209847927093506,19.08,115.13508605957033,19.08,5.851805210113525,19.080000000000005,75.03500366210938,19.08,120.42481994628906
19.09,6.184557914733887,19.09,115.2646255493164,19.09,5.880435466766357,19.090000000000003,75.0926742553711,19.09,120.37046813964844
19.1,6.156931400299072,19.1,115.39614868164062,19.1,5.911644458770752,19.1,75.14045715332031,19.1,120.28768157958984
19.11,6.132718563079834,19.11,115.51801300048828,19.11,5.948010444641113,19.11,75.17625427246094,19.11,120.15731048583984
19.12,6.1139116287231445,19.12,115.63835906982422,19.12,6.002238750457764,19.120000000000005,75.20071411132812,19.12,119.98741912841795
19.13,6.115069389343262,19.13,115.75946044921876,19.13,6.087436199188232,19.130000000000003,75.21443176269531,19.13,119.77073669433594
19.14,6.15653657913208,19.14,115.87982177734376,19.14,6.205806255340576,19.14,75.22171020507812,19.14,119.51828002929688
19.15,6.233605861663818,19.15,116.01177978515624,19.15,6.344571590423584,19.15,75.2247543334961,19.15,119.24617767333984
19.16,6.331451892852783,19.16,116.1642837524414,19.16,6.504560470581055,19.160000000000004,75.23033142089844,19.16,118.9649658203125
19.17,6.450313568115234,19.17,116.3197784423828,19.17,6.718940258026123,19.17,75.23728942871094,19.17,118.67867279052734
19.18,6.594464302062988,19.18,116.47079467773438,19.18,7.039629936218262,19.18,75.24321746826172,19.18,118.3987274169922
19.19,6.740779876708984,19.19,116.61517333984376,19.19,7.475584506988525,19.190000000000005,75.23967742919922,19.19,118.1255874633789
19.2,6.874513149261475,19.2,116.76470184326172,19.2,7.927128314971924,19.200000000000003,75.22628784179688,19.2,117.85308074951172
19.21,6.996990203857422,19.21,116.91869354248048,19.21,8.374353408813477,19.21,75.19819641113281,19.21,117.5724105834961
19.22,7.130980014801025,19.22,117.0714340209961,19.22,8.837740898132324,19.22,75.16096496582031,19.22,117.25767517089844
19.23,7.287195682525635,19.23,117.22203826904295,19.23,9.296649932861328,19.230000000000004,75.11515045166016,19.23,116.90570068359376
19.24,7.494446754455566,19.24,117.37914276123048,19.24,9.751913070678713,19.24,75.066650390625,19.24,116.47480010986328
19.25,7.755331993103027,19.25,117.54052734375,19.25,10.21006965637207,19.25,75.0221939086914,19.25,115.98521423339844
19.26,8.083914756774902,19.26,117.70856475830078,19.26,10.682626724243164,19.260000000000005,74.99291229248047,19.26,115.45079040527344
19.27,8.43393611907959,19.27,117.89054870605467,19.27,11.165816307067873,19.270000000000003,74.97865295410156,19.27,114.9044418334961
19.28,8.772077560424805,19.28,118.07563018798828,19.28,11.646028518676758,19.28,74.97012329101562,19.28,114.3452377319336
19.29,9.125752449035645,19.29,118.25922393798828,19.290000000000003,12.126012802124023,19.29,74.95870971679688,19.290000000000003,113.7633285522461
19.3,9.50794506072998,19.3,118.43946075439452,19.3,12.622401237487791,19.300000000000004,74.94534301757812,19.3,113.1734390258789
19.31,9.931419372558594,19.31,118.62310028076172,19.31,13.129505157470703,19.31,74.92735290527344,19.31,112.56610870361328
19.32,10.369152069091797,19.32,118.80914306640624,19.32,13.636184692382812,19.32,74.90564727783203,19.32,111.97206115722656
19.33,10.786433219909668,19.33,118.99221801757812,19.33,14.13736343383789,19.330000000000005,74.87822723388672,19.33,111.38850402832033
19.34,11.205720901489258,19.34,119.1688003540039,19.34,14.646050453186035,19.340000000000003,74.84497833251953,19.34,110.77909088134766
19.35,11.630732536315918,19.35,119.33863067626952,19.35,15.166241645812988,19.35,74.80160522460938,19.35,110.1505355834961
19.36,12.060379981994627,19.36,119.49885559082033,19.36,15.678083419799805,19.36,74.74179077148438,19.36,109.51155853271484
19.37,12.505900382995604,19.37,119.64714813232422,19.37,16.183637619018555,19.370000000000005,74.66728210449219,19.37,108.8720245361328
19.38,12.976594924926758,19.38,119.78040313720705,19.38,16.67011070251465,19.380000000000003,74.58663177490234,19.38,108.2211456298828
19.39,13.47491455078125,19.39,119.90496063232422,19.39,17.14863395690918,19.39,74.50411224365234,19.39,107.59405517578124
19.4,13.981315612792969,19.4,120.02375030517578,19.4,17.631528854370117,19.4,74.42813110351562,19.4,106.9950714111328
19.41,14.489147186279297,19.41,120.13578033447266,19.41,18.13267517089844,19.410000000000004,74.35880279541016,19.41,106.38463592529295
19.42,15.000218391418455,19.42,120.24069213867188,19.42,18.646953582763672,19.42,74.2861099243164,19.42,105.76820373535156
19.43,15.499653816223145,19.43,120.34072875976562,19.43,19.16802215576172,19.43,74.20442962646484,19.43,105.12020874023438
19.44,15.988109588623049,19.44,120.4375,19.44,19.68044090270996,19.440000000000005,74.10806274414062,19.44,104.44525909423828
19.45,16.481367111206055,19.45,120.52906036376952,19.45,20.17998313903809,19.450000000000003,73.99127197265625,19.45,103.7763214111328
19.46,16.96915626525879,19.46,120.62456512451172,19.46,20.67405128479004,19.46,73.87116241455078,19.46,103.17098236083984
19.47,17.448026657104492,19.47,120.72510528564452,19.47,21.15517807006836,19.47,73.7541275024414,19.47,102.56568145751952
19.48,17.909622192382812,19.48,120.83068084716795,19.48,21.62887954711914,19.480000000000004,73.6396713256836,19.48,101.91361236572266
19.49,18.340505599975582,19.49,120.94410705566406,19.49,22.100950241088867,19.49,73.53455352783203,19.49,101.18665313720705
19.5,18.76077079772949,19.5,121.06657409667967,19.5,22.58194923400879,19.5,73.43513488769531,19.5,100.40613555908205
19.51,19.1944637298584,19.51,121.18199157714844,19.51,23.089067459106445,19.510000000000005,73.34585571289062,19.51,99.6396255493164
19.52,19.661151885986328,19.52,121.28023529052734,19.52,23.64486122131348,19.520000000000003,73.26411437988281,19.52,98.97604370117188
19.53,20.1529541015625,19.53,121.3634262084961,19.53,24.244009017944336,19.53,73.18536376953125,19.53,98.42005920410156
19.540000000000003,20.689434051513672,19.540000000000003,121.43006134033205,19.540000000000003,24.87804412841797,19.54,73.10719299316406,19.540000000000003,97.95726776123048
19.55,21.26714134216309,19.55,121.4752197265625,19.55,25.53691864013672,19.550000000000004,73.02976989746094,19.55,97.51537322998048
19.56,21.86471176147461,19.56,121.49530029296876,19.56,26.21443748474121,19.56,72.96180725097656,19.56,97.05860900878906
19.57,22.46571922302246,19.57,121.49828338623048,19.57,26.90327262878418,19.57,72.90904235839844,19.57,96.57601165771484
19.58,23.067047119140625,19.58,121.48784637451172,19.58,27.59971237182617,19.580000000000005,72.8747787475586,19.58,96.06993103027344
19.59,23.671613693237305,19.59,121.46915435791016,19.59,28.297758102416992,19.590000000000003,72.852294921875,19.59,95.55712127685548
19.6,24.299211502075195,19.6,121.42603302001952,19.6,28.991060256958008,19.6,72.84280395507812,19.6,95.0457534790039
19.61,24.950416564941406,19.61,121.35708618164062,19.610000000000003,29.691261291503903,19.61,72.84124755859375,19.61,94.52810668945312
19.62,25.62149810791016,19.62,121.26896667480467,19.62,30.403564453125,19.620000000000005,72.83978271484375,19.62,94.00057220458984
19.63,26.29488182067871,19.63,121.16293334960938,19.63,31.129121780395508,19.630000000000003,72.8440170288086,19.63,93.47917938232422
19.64,26.966699600219727,19.64,121.05016326904295,19.64,31.85807037353516,19.64,72.84426879882812,19.64,92.99118041992188
19.65,27.62849807739257,19.65,120.92465209960938,19.65,32.586082458496094,19.65000000000001,72.84225463867188,19.65,92.50204467773438
19.66,28.3033447265625,19.66,120.7881317138672,19.66,33.334266662597656,19.660000000000004,72.84453582763672,19.66,91.98892211914062
19.67,28.97972297668457,19.67,120.64666748046876,19.67,34.10013198852539,19.67,72.84451293945312,19.67,91.46688842773438
19.68,29.658632278442383,19.68,120.49417114257812,19.68,34.879295349121094,19.68,72.8454818725586,19.68,90.95823669433594
19.69,30.343441009521484,19.69,120.32717895507812,19.69,35.66926574707031,19.690000000000005,72.84706115722656,19.69,90.50724029541016
19.7,31.04318046569824,19.7,120.15296936035156,19.7,36.46385955810547,19.700000000000003,72.85311889648438,19.7,90.08878326416016
19.71,31.76120376586914,19.71,119.96588897705078,19.71,37.26017379760742,19.71,72.858642578125,19.71,89.6861801147461
19.72,32.50879669189453,19.72,119.7663116455078,19.72,38.060977935791016,19.72,72.86566162109375,19.72,89.28545379638672
19.73,33.28561019897461,19.73,119.55921936035156,19.73,38.86412811279297,19.730000000000004,72.873779296875,19.73,88.87771606445312
19.74,34.08576202392578,19.74,119.34459686279295,19.74,39.65997314453125,19.74,72.87667846679688,19.74,88.46168518066406
19.75,34.907257080078125,19.75,119.11878204345705,19.75,40.44649124145508,19.75,72.878173828125,19.75,88.02753448486328
19.76,35.72771453857422,19.76,118.88457489013672,19.76,41.21670913696289,19.760000000000005,72.8812026977539,19.76,87.59418487548828
19.77,36.54094696044922,19.77,118.6436004638672,19.77,41.98165512084961,19.770000000000003,72.88231658935547,19.77,87.17466735839844
19.78,37.35127639770508,19.78,118.3917999267578,19.78,42.747703552246094,19.78,72.87944793701172,19.78,86.76004028320312
19.790000000000003,38.16097640991211,19.790000000000003,118.12952423095705,19.790000000000003,43.50932693481445,19.79,72.88341522216797,19.790000000000003,86.35269927978516
19.8,38.97103500366211,19.8,117.85694122314452,19.8,44.27227783203125,19.800000000000004,72.88920593261719,19.8,85.94951629638672
19.81,39.78192901611328,19.81,117.57344818115234,19.81,45.02912139892578,19.81,72.90283966064453,19.81,85.55284118652344
19.82,40.59848403930664,19.82,117.27861785888672,19.82,45.77714920043945,19.82,72.92359924316406,19.82,85.15518188476562
19.83,41.41515350341797,19.83,116.97382354736328,19.83,46.52383804321289,19.830000000000005,72.94185638427734,19.83,84.74925231933594
19.84,42.23189926147461,19.84,116.65674591064452,19.84,47.28207778930664,19.840000000000003,72.96023559570312,19.84,84.3353500366211
19.85,43.04842376708984,19.85,116.33228302001952,19.85,48.0569953918457,19.85,72.98410034179688,19.85,83.93002319335938
19.86,43.865352630615234,19.86,116.00303649902344,19.860000000000003,48.83218383789063,19.86,73.00823974609375,19.860000000000003,83.54694366455078
19.87,44.67658233642578,19.87,115.6675796508789,19.87,49.588478088378906,19.870000000000005,73.04348754882812,19.87,83.17660522460938
19.88,45.4796257019043,19.88,115.33367919921876,19.88,50.342918395996094,19.880000000000003,73.08968353271484,19.88,82.8062973022461
19.89,46.28239822387695,19.89,114.9917221069336,19.89,51.09523010253906,19.89,73.142333984375,19.89,82.4345703125
19.9,47.07940673828125,19.9,114.64111328125,19.9,51.84542846679688,19.90000000000001,73.19302368164062,19.9,82.085693359375
19.91,47.873233795166016,19.91,114.28467559814452,19.91,52.6066780090332,19.910000000000004,73.23855590820312,19.91,81.77401733398438
19.92,48.664024353027344,19.92,113.9137725830078,19.92,53.35906600952149,19.92,73.28169250488281,19.92,81.50823211669922
19.93,49.460296630859375,19.93,113.52863311767578,19.93,54.10326385498047,19.93,73.32567596435547,19.93,81.27654266357422
19.94,50.2509994506836,19.94,113.14041900634766,19.94,54.85332489013672,19.940000000000005,73.36738586425781,19.94,81.08663940429688
19.95,51.035282135009766,19.95,112.75051879882812,19.95,55.60487747192383,19.950000000000003,73.40699005126953,19.95,80.91549682617188
19.96,51.81085968017578,19.96,112.36315155029295,19.96,56.34445190429688,19.96,73.44402313232422,19.96,80.75503540039062
19.97,52.5867805480957,19.97,111.9809112548828,19.97,57.07914352416992,19.97,73.48542022705078,19.97,80.61711120605469
19.98,53.3664665222168,19.98,111.60018157958984,19.98,57.80667495727539,19.980000000000004,73.52567291259766,19.98,80.5079345703125
19.99,54.13019180297852,19.99,111.21746826171876,19.99,58.52937698364258,19.99,73.56356811523438,19.99,80.43587493896484
20.0,54.87766647338867,20.0,110.83430480957033,20.0,59.26347732543945,20.0,73.59878540039062,20.0,80.38672637939453
20.01,55.62434387207031,20.01,110.45711517333984,20.01,60.004695892333984,20.010000000000005,73.63192749023438,20.01,80.34524536132812
20.02,56.36719512939453,20.02,110.07657623291016,20.02,60.74835586547852,20.020000000000003,73.65970611572266,20.02,80.31776428222656
20.03,57.10517120361328,20.03,109.6967544555664,20.03,61.52082824707031,20.03,73.68147277832031,20.03,80.30255889892578
20.040000000000003,57.84637069702149,20.040000000000003,109.31983947753906,20.040000000000003,62.30935287475586,20.04,73.70049285888672,20.040000000000003,80.27819061279297
20.05,58.59489822387695,20.05,108.94410705566406,20.05,63.10611724853516,20.050000000000004,73.71536254882812,20.05,80.2331314086914
20.06,59.34796142578125,20.06,108.57240295410156,20.06,63.91603088378906,20.06,73.72442626953125,20.06,80.22373962402344
20.07,60.09724044799805,20.07,108.20955657958984,20.07,64.7232437133789,20.07,73.72918701171875,20.07,80.24675750732422
20.08,60.83513259887695,20.08,107.85550689697266,20.08,65.50888061523438,20.080000000000005,73.73371124267578,20.08,80.32424926757812
20.09,61.56093597412109,20.09,107.5150909423828,20.09,66.30000305175781,20.090000000000003,73.73494720458984,20.09,80.43793487548828
20.1,62.28187561035156,20.1,107.19318389892578,20.1,67.11140441894531,20.1,73.73322296142578,20.1,80.59182739257812
20.11,63.02133941650391,20.11,106.88915252685548,20.110000000000003,67.91390228271484,20.11,73.72456359863281,20.110000000000003,80.79080200195312
20.12,63.76460647583008,20.12,106.5979461669922,20.12,68.71566009521484,20.120000000000005,73.71116638183594,20.12,81.01469421386719
20.13,64.4980697631836,20.13,106.3314437866211,20.13,69.53392791748047,20.130000000000003,73.6991958618164,20.13,81.23039245605469
20.14,65.23937225341797,20.14,106.07772064208984,20.14,70.3399429321289,20.14,73.68367767333984,20.14,81.46363067626953
20.15,65.98710632324219,20.15,105.8311767578125,20.15,71.12355041503906,20.15000000000001,73.66747283935547,20.15,81.72195434570312
20.16,66.7295150756836,20.16,105.59609985351562,20.16,71.92057800292969,20.160000000000004,73.6546859741211,20.16,81.99201202392578
20.17,67.46250915527344,20.17,105.36231994628906,20.17,72.70967864990234,20.17,73.64350128173828,20.17,82.2956771850586
20.18,68.20326232910156,20.18,105.12727355957033,20.18,73.48910522460938,20.18,73.63641357421875,20.18,82.60466766357422
20.19,68.93888092041016,20.19,104.89968872070312,20.19,74.2684326171875,20.190000000000005,73.63188934326172,20.19,82.93998718261719
20.2,69.66495513916016,20.2,104.67617797851562,20.2,75.07766723632812,20.200000000000003,73.62543487548828,20.2,83.27606964111328
20.21,70.3884506225586,20.21,104.45726776123048,20.21,75.91316986083984,20.21,73.62093353271484,20.21,83.61779022216797
20.22,71.10843658447266,20.22,104.24058532714844,20.22,76.7691650390625,20.22,73.618408203125,20.22,83.9682388305664
20.23,71.83287811279297,20.23,104.0153579711914,20.23,77.63177490234375,20.230000000000004,73.61866760253906,20.23,84.31182861328125
20.24,72.54790496826172,20.24,103.78599548339844,20.24,78.4737777709961,20.24,73.61952209472656,20.24,84.64219665527344
20.25,73.2477798461914,20.25,103.54225158691406,20.25,79.3029556274414,20.25,73.61882781982422,20.25,84.98809814453125
20.26,73.95117950439453,20.26,103.2887954711914,20.26,80.12655639648438,20.260000000000005,73.62010955810547,20.26,85.37156677246094
20.27,74.6768569946289,20.27,103.03085327148438,20.27,80.95122528076172,20.270000000000003,73.62423706054688,20.27,85.77865600585938
20.28,75.42378234863281,20.28,102.76924896240234,20.28,81.79166412353516,20.28,73.62627410888672,20.28,86.2297592163086
20.290000000000003,76.19676971435547,20.290000000000003,102.5010223388672,20.290000000000003,82.6505126953125,20.29,73.63053131103516,20.290000000000003,86.75245666503906
20.3,76.94420623779297,20.3,102.23745727539062,20.3,83.52011108398438,20.300000000000004,73.63771057128906,20.3,87.32869720458984
20.31,77.69235229492188,20.31,101.97296905517578,20.31,84.39491271972656,20.31,73.64904022216797,20.31,87.96195220947266
20.32,78.48514556884766,20.32,101.69733428955078,20.32,85.22427368164062,20.32,73.66155242919922,20.32,88.59845733642578
20.33,79.21195983886719,20.33,101.40739440917967,20.33,86.01863098144531,20.330000000000005,73.67655944824219,20.33,89.1858901977539
20.34,79.99813079833984,20.34,101.10807800292967,20.34,86.79493713378906,20.340000000000003,73.69530487060547,20.34,89.71307373046875
20.35,80.73662567138672,20.35,100.79735565185548,20.35,87.5434799194336,20.35,73.71832275390625,20.35,90.20770263671876
20.36,81.43856048583984,20.36,100.47506713867188,20.360000000000003,88.25492858886719,20.36,73.74649810791016,20.360000000000003,90.6446762084961
20.37,82.13512420654297,20.37,100.14590454101562,20.37,88.93363952636719,20.370000000000005,73.77377319335938,20.37,91.02799224853516
20.38,82.83911895751953,20.38,99.81835174560548,20.38,89.58149719238281,20.380000000000003,73.79756927490234,20.38,91.37779998779295
20.39,83.4994125366211,20.39,99.4937973022461,20.39,90.19953918457033,20.39,73.8194808959961,20.39,91.70061492919922
20.4,84.10896301269531,20.4,99.17650604248048,20.4,90.84014892578124,20.40000000000001,73.84193420410156,20.4,91.99388122558594
20.41,84.80070495605469,20.41,98.87034606933594,20.41,91.49784088134766,20.410000000000004,73.86572265625,20.41,92.2972183227539
20.42,85.59432983398438,20.42,98.58302307128906,20.42,92.14220428466795,20.42,73.888671875,20.42,92.63810729980467
20.43,86.36105346679688,20.43,98.31082153320312,20.43,92.78204345703124,20.43,73.91131591796875,20.43,93.02320861816406
20.44,87.0548095703125,20.44,98.06639099121094,20.44,93.42879486083984,20.440000000000005,73.93053436279297,20.44,93.40658569335938
20.45,87.77239990234375,20.45,97.8556137084961,20.45,94.03985595703124,20.450000000000003,73.94654083251953,20.45,93.7822265625
20.46,88.47357940673828,20.46,97.6822509765625,20.46,94.59422302246094,20.46,73.95262908935547,20.46,94.1082000732422
20.47,89.14303588867188,20.47,97.5531768798828,20.47,95.1109848022461,20.47,73.94956970214844,20.47,94.40411376953124
20.48,89.82626342773438,20.48,97.4652328491211,20.48,95.59168243408205,20.480000000000004,73.9322738647461,20.48,94.66535949707033
20.49,90.4747543334961,20.49,97.42575073242188,20.49,96.04297637939452,20.49,73.90829467773438,20.49,94.8496322631836
20.5,91.09039306640624,20.5,97.42341613769533,20.5,96.44498443603516,20.5,73.8758544921875,20.5,94.9715576171875
20.51,91.67630004882812,20.51,97.46029663085938,20.51,96.80584716796876,20.510000000000005,73.8368148803711,20.51,94.98477172851562
20.52,92.19654846191406,20.52,97.52311706542967,20.52,97.12731170654295,20.520000000000003,73.7986831665039,20.52,94.91507720947266
20.53,92.63877868652344,20.53,97.61278533935548,20.53,97.42174530029295,20.53,73.763916015625,20.53,94.80828857421876
20.540000000000003,93.01607513427734,20.540000000000003,97.7237777709961,20.540000000000003,97.67948150634766,20.54,73.73237609863281,20.540000000000003,94.6603012084961
20.55,93.35741424560548,20.55,97.85508728027344,20.55,97.87415313720705,20.550000000000004,73.70130920410156,20.55,94.4775161743164
20.56,93.65380859375,20.56,98.00289916992188,20.56,98.01806640625,20.56,73.66770935058594,20.56,94.22473907470705
20.57,93.88228607177734,20.57,98.16407775878906,20.57,98.11166381835938,20.57,73.62973022460938,20.57,93.93993377685548
20.58,94.05774688720705,20.58,98.33631134033205,20.58,98.1852798461914,20.580000000000005,73.58624267578125,20.58,93.69189453125
20.59,94.1661376953125,20.59,98.50621795654295,20.59,98.2328643798828,20.590000000000003,73.54094696044922,20.59,93.53288269042967
20.6,94.22872924804688,20.6,98.66336822509766,20.6,98.2472686767578,20.6,73.49711608886719,20.6,93.51162719726562
20.61,94.24522399902344,20.61,98.80514526367188,20.610000000000003,98.2331314086914,20.61,73.45384216308594,20.610000000000003,93.63481903076172
20.62,94.22396087646484,20.62,98.92446899414062,20.62,98.20977020263672,20.620000000000005,73.41494750976562,20.62,93.79801177978516
20.63,94.19023895263672,20.63,99.0241928100586,20.63,98.1810531616211,20.630000000000003,73.3809585571289,20.63,93.94564819335938
20.64,94.14706420898438,20.64,99.1108169555664,20.64,98.16357421875,20.64,73.3552017211914,20.64,94.06948852539062
20.65,94.07543182373048,20.65,99.19408416748048,20.65,98.16585540771484,20.65000000000001,73.33663940429688,20.65,94.16837310791016
20.66,93.9707260131836,20.66,99.25930786132812,20.66,98.18524932861328,20.660000000000004,73.32223510742188,20.66,94.23406219482422
20.67,93.87896728515624,20.67,99.31366729736328,20.67,98.20821380615234,20.67,73.31261444091797,20.67,94.27306365966795
20.68,93.7836456298828,20.68,99.3608856201172,20.68,98.19766235351562,20.68,73.30867767333984,20.68,94.28504180908205
20.69,93.67821502685548,20.69,99.40387725830078,20.69,98.18224334716795,20.690000000000005,73.30595397949219,20.69,94.38165283203124
20.7,93.591064453125,20.7,99.42649841308594,20.7,98.20545196533205,20.700000000000003,73.30522155761719,20.7,94.58075714111328
20.71,93.52824401855467,20.71,99.43465423583984,20.71,98.24649810791016,20.71,73.3108901977539,20.71,94.90342712402344
20.72,93.50892639160156,20.72,99.43496704101562,20.72,98.31336975097656,20.72,73.31983947753906,20.72,95.27230072021484
20.73,93.4897689819336,20.73,99.42537689208984,20.73,98.36278533935548,20.730000000000004,73.32489776611328,20.73,95.67219543457033
20.74,93.46092224121094,20.74,99.40814208984376,20.74,98.4233856201172,20.74,73.32911682128906,20.74,96.08248138427734
20.75,93.4320297241211,20.75,99.38356018066406,20.75,98.48429107666016,20.75,73.33393096923828,20.75,96.48418426513672
20.76,93.4049072265625,20.76,99.35326385498048,20.76,98.54296112060548,20.760000000000005,73.33692169189453,20.76,96.85831451416016
20.77,93.39498901367188,20.77,99.31734466552734,20.77,98.60491180419922,20.770000000000003,73.34090423583984,20.77,97.19195556640624
20.78,93.39549255371094,20.78,99.2794189453125,20.78,98.6646499633789,20.78,73.34424591064453,20.78,97.4827117919922
20.790000000000003,93.3912353515625,20.790000000000003,99.23973846435548,20.790000000000003,98.7082290649414,20.79,73.34825134277344,20.790000000000003,97.7150650024414
20.8,93.38896942138672,20.8,99.20213317871094,20.8,98.7376480102539,20.800000000000004,73.35147857666016,20.8,97.93314361572266
20.81,93.396728515625,20.81,99.16757202148438,20.81,98.75308227539062,20.81,73.35655212402344,20.81,98.14134216308594
20.82,93.40766143798828,20.82,99.1324691772461,20.82,98.74996185302734,20.82,73.36052703857422,20.82,98.3354263305664
20.83,93.42591094970705,20.83,99.09484100341795,20.83,98.7314682006836,20.830000000000005,73.36385345458984,20.83,98.48973083496094
20.84,93.4498519897461,20.84,99.05719757080078,20.84,98.70822143554688,20.840000000000003,73.37064361572266,20.84,98.59833526611328
20.85,93.46892547607422,20.85,99.0198211669922,20.85,98.67461395263672,20.85,73.37689208984375,20.85,98.66153717041016
20.86,93.48191833496094,20.86,98.98097229003906,20.860000000000003,98.6323013305664,20.86,73.38133239746094,20.860000000000003,98.67951965332033
20.87,93.48680114746094,20.87,98.9426727294922,20.87,98.58695220947266,20.870000000000005,73.38973999023438,20.87,98.66917419433594
20.88,93.50376892089844,20.88,98.90682220458984,20.88,98.54924774169922,20.880000000000003,73.39727020263672,20.88,98.63024139404295
20.89,93.52046966552734,20.89,98.87419891357422,20.89,98.51849365234376,20.89,73.40584564208984,20.89,98.5758285522461
20.9,93.5345687866211,20.9,98.84487915039062,20.9,98.48677825927734,20.90000000000001,73.41399383544922,20.9,98.51751708984376
20.91,93.54005432128906,20.91,98.82096862792967,20.91,98.46263885498048,20.910000000000004,73.4189453125,20.91,98.4714813232422
20.92,93.53612518310548,20.92,98.80345153808594,20.92,98.45590209960938,20.92,73.42587280273438,20.92,98.43354034423828
20.93,93.52017974853516,20.93,98.79279327392578,20.93,98.4487762451172,20.93,73.43235778808594,20.93,98.40391540527344
20.94,93.49954986572266,20.94,98.78327941894533,20.94,98.44290924072266,20.940000000000005,73.43751525878906,20.94,98.38217163085938
20.95,93.47515869140624,20.95,98.7704620361328,20.95,98.43902587890624,20.950000000000003,73.44306945800781,20.95,98.3656005859375
20.96,93.44989013671876,20.96,98.75387573242188,20.96,98.4380111694336,20.96,73.44912719726562,20.96,98.35952758789062
20.97,93.4361801147461,20.97,98.73323059082033,20.97,98.44010925292967,20.97,73.45486450195312,20.97,98.35639190673828
20.98,93.42078399658205,20.98,98.70939636230467,20.98,98.44036865234376,20.980000000000004,73.46036529541016,20.98,98.35676574707033
20.99,93.39099884033205,20.99,98.68663024902344,20.99,98.44436645507812,20.99,73.46757507324219,20.99,98.36297607421876
21.0,93.3578872680664,21.0,98.66622924804688,21.0,98.45430755615234,21.0,73.47515869140625,21.0,98.37860870361328
21.01,93.31682586669922,21.01,98.64458465576172,21.01,98.46353149414062,21.010000000000005,73.48147583007812,21.01,98.40936279296876
21.02,93.27043151855467,21.02,98.62114715576172,21.02,98.47318267822266,21.020000000000003,73.490478515625,21.02,98.4537124633789
21.03,93.2392349243164,21.03,98.59719848632812,21.03,98.47792053222656,21.03,73.49928283691406,21.03,98.50267791748048
21.040000000000003,93.21372985839844,21.040000000000003,98.5692138671875,21.040000000000003,98.47908020019533,21.04,73.5052719116211,21.040000000000003,98.54330444335938
21.05,93.18657684326172,21.05,98.54061889648438,21.05,98.48513793945312,21.050000000000004,73.51063537597656,21.05,98.5712661743164
21.06,93.16046142578124,21.06,98.51305389404295,21.06,98.49114227294922,21.06,73.5146484375,21.06,98.58995056152344
21.07,93.12805938720705,21.07,98.48696899414062,21.07,98.49943542480467,21.07,73.5187759399414,21.07,98.60458374023438
21.08,93.09835815429688,21.08,98.46261596679688,21.08,98.50091552734376,21.080000000000005,73.52168273925781,21.08,98.60620880126952
21.09,93.08968353271484,21.09,98.44078063964844,21.09,98.49337005615234,21.090000000000003,73.52873229980469,21.09,98.59439086914062
21.1,93.08507537841795,21.1,98.41400146484376,21.1,98.47721862792967,21.1,73.53579711914062,21.1,98.57355499267578
21.11,93.071533203125,21.11,98.3904037475586,21.110000000000003,98.45301818847656,21.11,73.53987884521484,21.110000000000003,98.53114318847656
21.12,93.04776000976562,21.12,98.36859893798828,21.12,98.43013763427734,21.120000000000005,73.54342651367188,21.12,98.4811019897461
21.13,93.03047943115234,21.13,98.34879302978516,21.13,98.41132354736328,21.130000000000003,73.54610443115234,21.13,98.43376159667967
21.14,93.01654815673828,21.14,98.33250427246094,21.14,98.39450073242188,21.14,73.54863739013672,21.14,98.3952178955078
21.15,93.00548553466795,21.15,98.31871795654295,21.15,98.37029266357422,21.15000000000001,73.55073547363281,21.15,98.3659210205078
21.16,92.9968032836914,21.16,98.30435943603516,21.16,98.3487548828125,21.160000000000004,73.55488586425781,21.16,98.34503936767578
21.17,92.99864959716795,21.17,98.29206085205078,21.17,98.3193817138672,21.17,73.55776977539062,21.17,98.32785034179688
21.18,92.99999237060548,21.18,98.2812728881836,21.18,98.30103302001952,21.18,73.5617904663086,21.18,98.3169174194336
21.19,92.99250793457033,21.19,98.26864624023438,21.19,98.2941665649414,21.190000000000005,73.56494140625,21.19,98.30504608154295
21.2,92.97952270507812,21.2,98.25772857666016,21.2,98.28742980957033,21.200000000000003,73.57070922851562,21.2,98.29564666748048
21.21,92.95244598388672,21.21,98.24658203125,21.21,98.28038787841795,21.21,73.57485961914062,21.21,98.28743743896484
21.22,92.92720794677734,21.22,98.23503112792967,21.22,98.25923919677734,21.22,73.57963562011719,21.22,98.28050231933594
21.23,92.91102600097656,21.23,98.22351837158205,21.23,98.2446746826172,21.230000000000004,73.5868911743164,21.23,98.27568817138672
21.24,92.89729309082033,21.24,98.21160888671876,21.24,98.23817443847656,21.24,73.59453582763672,21.24,98.26625061035156
21.25,92.87873840332033,21.25,98.19572448730467,21.25,98.23593139648438,21.25,73.60200500488281,21.25,98.25214385986328
21.26,92.85635375976562,21.26,98.18009185791016,21.26,98.2309112548828,21.260000000000005,73.61305236816406,21.26,98.23741149902344
21.27,92.84342956542967,21.27,98.16316986083984,21.27,98.2245864868164,21.270000000000003,73.62663269042969,21.27,98.2275848388672
21.28,92.8288116455078,21.28,98.14308166503906,21.28,98.21671295166016,21.28,73.64089965820312,21.28,98.2301788330078
21.290000000000003,92.80810546875,21.290000000000003,98.11993408203124,21.290000000000003,98.21300506591795,21.29,73.65433502197266,21.290000000000003,98.24359130859376
21.3,92.79306030273438,21.3,98.0948257446289,21.3,98.21074676513672,21.300000000000004,73.66756439208984,21.3,98.2552261352539
21.31,92.7756805419922,21.31,98.06927490234376,21.31,98.21101379394533,21.31,73.67909240722656,21.31,98.26334381103516
21.32,92.76168060302734,21.32,98.04369354248048,21.32,98.21762084960938,21.32,73.69026184082031,21.32,98.27346801757812
21.42,92.70832824707033,21.33,98.01656341552734,21.33,98.2266082763672,21.330000000000005,73.7021255493164,21.33,98.28857421875
21.43,92.70904541015624,21.34,97.9889678955078,21.34,98.2309799194336,21.340000000000003,73.71245574951172,21.34,98.31217193603516
21.44,92.71822357177734,21.35,97.9607391357422,21.35,98.22865295410156,21.35,73.71995544433594,21.35,98.34471130371094
21.45,92.7137222290039,21.36,97.93378448486328,21.360000000000003,98.23182678222656,21.36,73.72413635253906,21.360000000000003,98.3851089477539
21.46,92.692626953125,21.37,97.90715789794922,21.37,98.2382583618164,21.370000000000005,73.72854614257812,21.37,98.4284210205078
21.47,92.67547607421876,21.38,97.88111114501952,21.38,98.24465942382812,21.380000000000003,73.73123931884766,21.38,98.46782684326172
21.48,92.66880798339844,21.39,97.85507202148438,21.39,98.24559783935548,21.39,73.73298645019531,21.39,98.50552368164062
21.49,92.66753387451172,21.4,97.83037567138672,21.4,98.24668884277344,21.40000000000001,73.73699951171875,21.4,98.54462432861328
21.5,92.6746826171875,21.41,97.80592346191406,21.41,98.24433135986328,21.410000000000004,73.73957824707031,21.41,98.5877456665039
21.51,92.683349609375,21.42,97.78571319580078,21.42,98.2406234741211,21.42,73.741943359375,21.42,98.62663269042967
21.52,92.6884994506836,21.43,97.76589965820312,21.43,98.22676849365234,21.43,73.7446517944336,21.43,98.6621551513672
21.53,92.68464660644533,21.44,97.7486801147461,21.44,98.20730590820312,21.440000000000005,73.74688720703125,21.44,98.69149780273438
21.540000000000003,92.65843200683594,21.45,97.73332977294922,21.45,98.19309997558594,21.450000000000003,73.74871826171875,21.45,98.71490478515624
21.55,92.62083435058594,21.46,97.7175750732422,21.46,98.1722183227539,21.46,73.74951934814453,21.46,98.73342895507812
21.56,92.5894775390625,21.47,97.69913482666016,21.47,98.1530990600586,21.47,73.75019836425781,21.47,98.75164031982422
21.57,92.54320526123048,21.48,97.66783142089844,21.48,98.13018798828124,21.480000000000004,73.74906158447266,21.48,98.7654800415039
21.58,92.48950958251952,21.49,97.66024017333984,21.49,98.1064682006836,21.49,73.74359130859375,21.49,98.77581787109376
21.59,92.42572784423828,21.5,97.64734649658205,21.5,98.07826232910156,21.5,73.73126983642578,21.5,98.78063201904295
21.6,92.3396987915039,21.51,97.6568374633789,21.51,98.04515075683594,21.510000000000005,73.71483612060547,21.51,98.78206634521484
21.61,92.23191833496094,21.52,97.67890167236328,21.52,97.99959564208984,21.520000000000003,73.69304656982422,21.52,98.78462982177734
21.62,92.10689544677734,21.53,97.70758819580078,21.53,97.93647003173828,21.53,73.66665649414062,21.53,98.7959213256836
21.63,91.9635009765625,21.540000000000003,97.74417114257812,21.540000000000003,97.86027526855467,21.54,73.63725280761719,21.540000000000003,98.81684112548828
21.64,91.80621337890624,21.55,97.79373931884766,21.55,97.77635192871094,21.550000000000004,73.60840606689453,21.55,98.84033966064452
21.65,91.6410903930664,21.56,97.84898376464844,21.56,97.68490600585938,21.56,73.58000946044922,21.56,98.86213684082033
21.66,91.47689056396484,21.57,97.90715789794922,21.57,97.5829620361328,21.57,73.55014038085938,21.57,98.88050079345705
21.67,91.30340576171876,21.58,97.96990966796876,21.58,97.47171020507812,21.580000000000005,73.52178192138672,21.58,98.89141082763672
21.93,81.69847869873047,21.59,98.04073333740234,21.59,97.35208892822266,21.590000000000003,73.49382781982422,21.59,98.8936996459961
21.94,81.26561737060547,21.6,98.1222152709961,21.6,97.21369934082033,21.6,73.46871185302734,21.6,98.88938903808594
21.95,80.90674591064453,21.61,98.21121978759766,21.610000000000003,97.05278778076172,21.61,73.44685363769531,21.610000000000003,98.87844848632812
21.96,80.48370361328125,21.62,98.3074722290039,21.62,96.85897827148438,21.620000000000005,73.42939758300781,21.62,98.86251068115234
21.97,80.01737976074219,21.63,98.40926361083984,21.63,96.64347076416016,21.630000000000003,73.4150161743164,21.63,98.84075164794922
21.98,79.53129577636719,21.64,98.51578521728516,21.64,96.40380096435548,21.64,73.4005355834961,21.64,98.81573486328124
21.99,79.01940155029297,21.65,98.62545013427734,21.65,96.14129638671876,21.65000000000001,73.3856201171875,21.65,98.79269409179688
22.0,78.53194427490234,21.66,98.74168395996094,21.66,95.84734344482422,21.660000000000004,73.3759536743164,21.66,98.77193450927734
22.01,78.06708526611328,21.67,98.86441040039062,21.67,95.51313018798828,21.67,73.37619018554688,21.67,98.74054718017578
22.02,77.58158111572266,21.68,98.99547576904295,21.68,95.13475036621094,21.68,73.38863372802734,21.68,98.68360900878906
22.03,77.0101318359375,21.69,99.14070892333984,21.69,94.70960235595705,21.690000000000005,73.42145538330078,21.69,98.59803009033205
22.040000000000003,76.38951110839844,21.7,99.30540466308594,21.7,94.24807739257812,21.700000000000003,73.47616577148438,21.7,98.49048614501952
22.05,75.75566101074219,21.71,99.50233459472656,21.71,93.76139831542967,21.71,73.553955078125,21.71,98.36431884765624
22.06,75.06904602050781,21.72,99.73360443115234,21.72,93.28158569335938,21.72,73.63986206054688,21.72,98.2529525756836
22.07,74.36803436279297,21.73,100.00374603271484,21.73,92.81910705566406,21.730000000000004,73.6989517211914,21.73,98.17266845703124
22.08,73.6268539428711,21.74,100.28790283203124,21.74,92.3817138671875,21.74,73.72762298583984,21.74,98.14254760742188
22.09,72.87769317626953,21.75,100.57913970947266,21.75,91.95321655273438,21.75,73.73869323730469,21.75,98.16242218017578
22.1,72.17788696289062,21.76,100.88353729248048,21.76,91.5163803100586,21.760000000000005,73.72772216796875,21.76,98.23031616210938
22.11,71.5240707397461,21.77,101.1884536743164,21.77,91.05044555664062,21.770000000000003,73.70610046386719,21.77,98.30887603759766
22.12,70.92984008789062,21.78,101.48503875732422,21.78,90.54327392578124,21.78,73.6878433227539,21.78,98.38003540039062
22.13,70.38426208496094,21.790000000000003,101.77275848388672,21.790000000000003,89.99971008300781,21.79,73.6806869506836,21.790000000000003,98.41615295410156
22.14,69.83336639404297,21.8,102.0508041381836,21.8,89.4306869506836,21.800000000000004,73.6888427734375,21.8,98.40052032470705
22.15,69.2706298828125,21.81,102.32518768310548,21.81,88.81556701660156,21.81,73.708984375,21.81,98.34342193603516
22.16,68.71849822998047,21.82,102.59540557861328,21.82,88.1482162475586,21.82,73.74529266357422,21.82,98.24642181396484
22.17,68.17379760742188,21.83,102.86190032958984,21.83,87.43279266357422,21.830000000000005,73.79885864257812,21.83,98.1365737915039
22.18,67.62744140625,21.84,103.13187408447266,21.84,86.68109893798828,21.840000000000003,73.86585235595703,21.84,98.02548217773438
22.19,67.05035400390625,21.85,103.40126037597656,21.85,85.94772338867188,21.85,73.93041229248047,21.85,97.91849517822266
22.2,66.45793914794922,21.86,103.67068481445312,21.860000000000003,85.25093078613281,21.86,73.97062683105469,21.860000000000003,97.83687591552734
22.21,65.86849212646484,21.87,103.93569946289062,21.87,84.57125091552734,21.870000000000005,73.98727416992188,21.87,97.79967498779295
22.22,65.27571868896484,21.88,104.18313598632812,21.88,83.88372802734375,21.880000000000003,73.98489379882812,21.88,97.8385772705078
22.23,64.70060729980469,21.89,104.4306869506836,21.89,83.16828918457031,21.89,73.97652435302734,21.89,97.9621810913086
22.24,64.14671325683594,21.9,104.68034362792967,21.9,82.40672302246094,21.90000000000001,73.96611022949219,21.9,98.1734848022461
22.25,63.61277389526367,21.91,104.92412567138672,21.91,81.63666534423828,21.910000000000004,73.9663314819336,21.91,98.50269317626952
22.26,63.09576797485352,21.92,105.17745208740234,21.92,80.8699722290039,21.92,73.97730255126953,21.92,98.91387939453124
22.27,62.59036636352539,21.93,105.44371795654295,21.93,80.1051025390625,21.93,73.99791717529297,21.93,99.37635040283205
22.28,62.094993591308594,21.94,105.72250366210938,21.94,79.31468200683594,21.940000000000005,74.027099609375,21.94,99.83485412597656
22.290000000000003,61.60389709472656,21.95,106.00529479980467,21.95,78.53206634521484,21.950000000000003,74.06031036376953,21.95,100.23316955566406
22.3,61.13190460205078,21.96,106.2857666015625,21.96,77.86161804199219,21.96,74.0938491821289,21.96,100.51080322265624
22.31,60.685245513916016,21.97,106.568115234375,21.97,77.30525207519531,21.97,74.11863708496094,21.97,100.71682739257812
22.32,60.24383544921875,21.98,106.84584045410156,21.98,76.72896575927734,21.980000000000004,74.12533569335938,21.98,100.89981842041016
22.33,59.78634262084961,21.99,107.11034393310548,21.99,76.03617858886719,21.99,74.10035705566406,21.99,101.07682037353516
22.34,59.30921936035156,22.0,107.3669204711914,22.0,75.27718353271484,22.0,74.06475067138672,22.0,101.26377868652344
22.35,58.8344955444336,22.01,107.61895751953124,22.01,74.49095153808594,22.010000000000005,74.02632904052734,22.01,101.4190902709961
22.36,58.372745513916016,22.02,107.86233520507812,22.02,73.71588897705078,22.020000000000003,73.99861145019531,22.02,101.49368286132812
22.37,57.902679443359375,22.03,108.0987548828125,22.03,72.96709442138672,22.03,73.98634338378906,22.03,101.42759704589844
22.38,57.42407989501953,22.040000000000003,108.3268051147461,22.040000000000003,72.22626495361328,22.04,73.9871597290039,22.040000000000003,101.2199249267578
22.39,56.92221832275391,22.05,108.55641174316406,22.05,71.4729232788086,22.050000000000004,73.9949951171875,22.05,100.99422454833984
22.4,56.40045928955078,22.06,108.77681732177734,22.06,70.71735382080078,22.06,74.00447082519531,22.06,100.8115005493164
22.41,55.87394332885742,22.07,108.98574829101562,22.07,69.98052215576172,22.07,74.01197814941406,22.07,100.69737243652344
22.42,55.36891174316406,22.08,109.17912292480467,22.08,69.19355773925781,22.080000000000005,74.01985168457031,22.08,100.67333221435548
22.43,54.87799835205078,22.09,109.35753631591795,22.09,68.40199279785156,22.090000000000003,74.02578735351562,22.09,100.7492904663086
22.44,54.39211654663086,22.1,109.52533721923828,22.1,67.64495849609375,22.1,74.03028106689453,22.1,100.82818603515624
22.45,53.883602142333984,22.11,109.68706512451172,22.110000000000003,66.99230194091797,22.11,74.03791809082031,22.110000000000003,100.67536163330078
22.46,53.35665130615234,22.12,109.83267211914062,22.12,66.41393280029297,22.120000000000005,74.05577087402344,22.12,100.32484436035156
22.47,52.82244873046875,22.13,109.9565887451172,22.13,65.8587646484375,22.130000000000003,74.08387756347656,22.13,99.86605834960938
22.48,52.29461669921875,22.14,110.06680297851562,22.14,65.2943344116211,22.14,74.11547088623047,22.14,99.38127136230467
22.49,51.75084686279297,22.15,110.16352081298828,22.15,64.74525451660156,22.15000000000001,74.13912200927734,22.15,98.9143524169922
22.5,51.1762809753418,22.16,110.2471923828125,22.16,64.22735595703125,22.160000000000004,74.15314483642578,22.16,98.45555114746094
22.51,50.59749984741211,22.17,110.32722473144533,22.17,63.70518493652344,22.17,74.15821838378906,22.17,98.03374481201172
22.52,50.02509689331055,22.18,110.41056823730467,22.18,63.18814086914063,22.18,74.15776062011719,22.18,97.67657470703124
22.53,49.45602798461914,22.19,110.49187469482422,22.19,62.68219375610352,22.190000000000005,74.15306854248047,22.19,97.3747329711914
22.540000000000003,48.882755279541016,22.2,110.5748519897461,22.2,62.19401168823242,22.200000000000003,74.142822265625,22.2,97.07170867919922
22.55,48.27603912353516,22.21,110.66563415527344,22.21,61.71044921875,22.21,74.12957763671875,22.21,96.72740173339844
22.56,47.64324951171875,22.22,110.7529067993164,22.22,61.22124862670898,22.22,74.1168212890625,22.22,96.3132781982422
22.57,47.01231384277344,22.23,110.8300552368164,22.23,60.709266662597656,22.230000000000004,74.1087646484375,22.23,95.79725646972656
22.58,46.36630630493164,22.24,110.8898696899414,22.24,60.179046630859375,22.24,74.0997314453125,22.24,95.21477508544922
22.59,45.71158218383789,22.25,110.94506072998048,22.25,59.644287109375,22.25,74.09272766113281,22.25,94.65020751953124
22.6,45.019527435302734,22.26,111.00804138183594,22.26,59.13113021850586,22.260000000000005,74.0921859741211,22.26,94.20335388183594
22.61,44.28205871582031,22.27,111.0778579711914,22.27,58.637332916259766,22.270000000000003,74.092041015625,22.27,93.81378173828124
22.62,43.51607131958008,22.28,111.1351318359375,22.28,58.15697479248047,22.28,74.08733367919922,22.28,93.49199676513672
22.63,42.75152206420898,22.290000000000003,111.192138671875,22.290000000000003,57.680419921875,22.29,74.07675170898438,22.290000000000003,93.2075424194336
22.64,41.98908233642578,22.3,111.25289154052734,22.3,57.20631408691406,22.300000000000004,74.06192016601562,22.3,92.90425872802734
22.65,41.22283554077149,22.31,111.31317901611328,22.31,56.74075698852539,22.31,74.04296112060547,22.31,92.4905242919922
22.66,40.46129608154297,22.32,111.38072204589844,22.32,56.24114227294922,22.32,74.023681640625,22.32,91.96366119384766
22.67,39.69301223754883,22.33,111.45780181884766,22.33,55.71932601928711,22.330000000000005,74.00133514404297,22.33,91.36891174316406
22.68,38.87683868408203,22.34,111.5339813232422,22.34,55.19210052490234,22.340000000000003,73.98643493652344,22.34,90.77667999267578
22.69,38.0219955444336,22.35,111.61222076416016,22.35,54.66219711303711,22.35,73.98003387451172,22.35,90.23101806640624
22.7,37.13130569458008,22.36,111.69758605957033,22.360000000000003,54.1237678527832,22.36,73.9732666015625,22.360000000000003,89.72184753417969
22.71,36.20006561279297,22.37,111.7955322265625,22.37,53.58797836303711,22.370000000000005,73.96033477783203,22.37,89.22743225097656
22.72,35.24827194213867,22.38,111.91019439697266,22.38,53.06620788574219,22.380000000000003,73.94166564941406,22.38,88.74465942382812
22.73,34.28919982910156,22.39,112.02729034423828,22.39,52.57897567749024,22.39,73.9180908203125,22.39,88.2784423828125
22.74,33.334373474121094,22.4,112.13957214355467,22.4,52.11810302734375,22.40000000000001,73.893310546875,22.4,87.8199691772461
22.75,32.38713836669922,22.41,112.2685546875,22.41,51.6650619506836,22.410000000000004,73.87136840820312,22.41,87.38395690917969
22.76,31.45566177368164,22.42,112.40581512451172,22.42,51.19190979003906,22.42,73.8524169921875,22.42,87.00019073486328
22.77,30.524751663208008,22.43,112.54949188232422,22.43,50.67575454711914,22.43,73.83816528320312,22.43,86.71857452392578
22.78,29.5911922454834,22.44,112.68743896484376,22.44,50.09318923950195,22.440000000000005,73.83261108398438,22.44,86.53480529785156
22.790000000000003,28.65079498291016,22.45,112.812744140625,22.45,49.46772766113281,22.450000000000003,73.83193969726562,22.45,86.37264251708984
22.8,27.7026309967041,22.46,112.92820739746094,22.46,48.823333740234375,22.46,73.83202362060547,22.46,86.16825866699219
22.81,26.74734115600586,22.47,113.04469299316406,22.47,48.17594528198242,22.47,73.83182525634766,22.47,85.92131805419922
22.82,25.79403114318848,22.48,113.17203521728516,22.48,47.51909637451172,22.480000000000004,73.8336181640625,22.48,85.63768768310547
22.83,24.85516929626465,22.49,113.31146240234376,22.49,46.84842300415039,22.49,73.84085845947266,22.49,85.3475341796875
22.84,23.932832717895508,22.5,113.45719146728516,22.5,46.18275833129883,22.5,73.8465576171875,22.5,85.07369232177734
22.85,23.036527633666992,22.51,113.6032257080078,22.51,45.51457214355469,22.510000000000005,73.8508071899414,22.51,84.84660339355469
22.86,22.163650512695312,22.52,113.7567138671875,22.52,44.81381988525391,22.520000000000003,73.85824584960938,22.52,84.66939544677734
22.87,21.293302536010746,22.53,113.92105865478516,22.53,44.05179214477539,22.53,73.8750991821289,22.53,84.54618835449219
22.88,20.42464256286621,22.540000000000003,114.09558868408205,22.540000000000003,43.26775360107422,22.54,73.90145874023438,22.540000000000003,84.46003723144531
22.89,19.55099296569824,22.55,114.28187561035156,22.55,42.508914947509766,22.550000000000004,73.93733215332031,22.55,84.38006591796875
22.9,18.663379669189453,22.56,114.47148895263672,22.56,41.77740859985352,22.56,73.97721862792969,22.56,84.2878646850586
22.91,17.781147003173828,22.57,114.65960693359376,22.57,41.04915618896485,22.57,74.00802612304688,22.57,84.17755889892578
22.92,16.913434982299805,22.58,114.8358383178711,22.58,40.31972122192383,22.580000000000005,74.0339584350586,22.58,84.0419692993164
22.93,16.076393127441406,22.59,115.00686645507812,22.59,39.585296630859375,22.590000000000003,74.06394958496094,22.59,83.89622497558594
22.94,15.277850151062012,22.6,115.1802978515625,22.6,38.8522834777832,22.6,74.0933609008789,22.6,83.77275848388672
22.95,14.503663063049316,22.61,115.34866333007812,22.610000000000003,38.13019561767578,22.61,74.11882019042969,22.610000000000003,83.72003173828125
22.96,13.726531982421877,22.62,115.50797271728516,22.62,37.36015701293945,22.620000000000005,74.14008331298828,22.62,83.70903015136719
22.97,12.97116756439209,22.63,115.6590576171875,22.63,36.51887512207031,22.630000000000003,74.15950775146484,22.63,83.74436950683594
22.98,12.273710250854492,22.64,115.81426239013672,22.64,35.62071990966797,22.64,74.18523406982422,22.64,83.81620025634766
22.99,11.630001068115234,22.65,115.97844696044922,22.65,34.72584915161133,22.65000000000001,74.2085952758789,22.65,83.91238403320312
23.0,11.043620109558104,22.66,116.13059997558594,22.66,33.84423065185547,22.660000000000004,74.2297134399414,22.66,84.03396606445312
23.01,10.523414611816406,22.67,116.26876068115234,22.67,32.98439025878906,22.67,74.243896484375,22.67,84.1644515991211
23.02,10.07620620727539,22.68,116.38566589355467,22.68,32.13050079345703,22.68,74.25092315673828,22.68,84.28594970703125
23.03,9.705360412597656,22.69,116.49308013916016,22.69,31.261159896850582,22.690000000000005,74.2498550415039,22.69,84.38390350341797
23.040000000000003,9.402124404907228,22.7,116.58197784423828,22.7,30.3759765625,22.700000000000003,74.24076080322266,22.7,84.43840789794922
23.05,9.15036392211914,22.71,116.65283203125,22.71,29.47965812683105,22.71,74.22956848144531,22.71,84.43923950195312
23.06,8.921309471130371,22.72,116.703857421875,22.72,28.56340789794922,22.72,74.2212905883789,22.72,84.41939544677734
23.07,8.695231437683105,22.73,116.74214935302734,22.73,27.610971450805664,22.730000000000004,74.22090911865234,22.73,84.4171371459961
23.08,8.469012260437012,22.74,116.78961944580078,22.74,26.6421127319336,22.74,74.23075103759766,22.74,84.47596740722656
23.09,8.246898651123047,22.75,116.86154174804688,22.75,25.6719970703125,22.75,74.24494934082031,22.75,84.6252670288086
23.1,8.01494312286377,22.76,116.9477081298828,22.76,24.72460556030273,22.760000000000005,74.26236724853516,22.76,84.87196350097656
23.11,7.788657188415527,22.77,117.03507995605467,22.77,23.814424514770508,22.770000000000003,74.28043365478516,22.77,85.15406799316406
23.12,7.566505432128906,22.78,117.110595703125,22.78,22.950023651123047,22.78,74.29560089111328,22.78,85.4171371459961
23.13,7.341861248016357,22.790000000000003,117.15892791748048,22.790000000000003,22.14432144165039,22.79,74.30658721923828,22.790000000000003,85.62055206298828
23.14,7.104726314544678,22.8,117.18573760986328,22.8,21.372154235839844,22.800000000000004,74.31715393066406,22.8,85.78534698486328
23.15,6.841813087463379,22.81,117.1994857788086,22.81,20.60307884216309,22.81,74.32278442382812,22.81,85.92262268066406
23.16,6.570699691772461,22.82,117.20154571533205,22.82,19.81974029541016,22.82,74.32711791992188,22.82,86.05303955078125
23.17,6.300495624542236,22.83,117.19268035888672,22.83,19.015560150146484,22.830000000000005,74.32943725585938,22.83,86.22486877441406
23.18,6.038747310638428,22.84,117.1691436767578,22.84,18.207660675048828,22.840000000000003,74.33045196533203,22.84,86.484619140625
23.19,5.791267395019531,22.85,117.13213348388672,22.85,17.42383575439453,22.85,74.33148956298828,22.85,86.87197875976562
23.2,5.575642108917236,22.86,117.086181640625,22.860000000000003,16.685344696044922,22.86,74.33565521240234,22.860000000000003,87.41011810302734
23.21,5.411261558532715,22.87,117.03363037109376,22.87,15.991456031799316,22.870000000000005,74.34505462646484,22.87,88.00981903076172
23.22,5.314100742340088,22.88,116.98280334472656,22.88,15.33937931060791,22.880000000000003,74.36951446533203,22.88,88.63209533691406
23.23,5.274793148040772,22.89,116.95762634277344,22.89,14.697473526000977,22.89,74.4161605834961,22.89,89.23942565917969
23.24,5.289953708648682,22.9,116.93868255615234,22.9,14.039690017700195,22.90000000000001,74.47854614257812,22.9,89.81187438964844
23.25,5.347426414489746,22.91,116.9275894165039,22.91,13.38528537750244,22.910000000000004,74.54293823242188,22.91,90.33208465576172
23.26,5.430609703063965,22.92,116.88314819335938,22.92,12.776023864746094,22.92,74.60396575927734,22.92,90.84856414794922
23.27,5.535243034362793,22.93,116.82237243652344,22.93,12.247563362121582,22.93,74.66085052490234,22.93,91.39087677001952
23.28,5.650626659393311,22.94,116.74958038330078,22.94,11.79403591156006,22.940000000000005,74.71478271484375,22.94,92.01143646240234
23.290000000000003,5.756082534790039,22.95,116.65436553955078,22.95,11.38558578491211,22.950000000000003,74.77397918701172,22.95,92.75159454345705
23.3,5.829196453094482,22.96,116.52906036376952,22.96,10.981080055236816,22.96,74.83870697021484,22.96,93.61072540283205
23.31,5.876422882080078,22.97,116.37068176269533,22.97,10.587616920471191,22.97,74.9079818725586,22.97,94.45735931396484
23.32,5.9089860916137695,22.98,116.1935043334961,22.98,10.237836837768556,22.980000000000004,74.98155975341797,22.98,95.26105499267578
23.33,5.935539722442627,22.99,115.9983139038086,22.99,9.953139305114746,22.99,75.05764770507812,22.99,96.06251525878906
23.34,5.957492351531982,23.0,115.7900848388672,23.0,9.729186058044434,23.0,75.13292694091797,23.0,96.80967712402344
23.35,5.9691901206970215,23.01,115.56062316894533,23.01,9.526511192321776,23.010000000000005,75.20292663574219,23.01,97.39393615722656
23.36,5.975398540496826,23.02,115.3116455078125,23.02,9.32701301574707,23.020000000000003,75.25716400146484,23.02,97.90475463867188
23.37,5.975508689880371,23.03,115.045654296875,23.03,9.1183500289917,23.03,75.29164123535156,23.03,98.40896606445312
23.38,5.978906631469727,23.040000000000003,114.76842498779295,23.040000000000003,8.884622573852539,23.04,75.306640625,23.040000000000003,98.88270568847656
23.39,5.985479831695557,23.05,114.49481964111328,23.05,8.595224380493164,23.050000000000004,75.30902862548828,23.05,99.32872009277344
23.4,5.983770847320557,23.06,114.24366760253906,23.06,8.262574195861816,23.06,75.30890655517578,23.06,99.89647674560548
23.41,5.979086875915527,23.07,114.0241928100586,23.07,7.899790287017822,23.07,75.3061294555664,23.07,100.6267547607422
23.42,5.96300745010376,23.08,113.8388900756836,23.08,7.536652088165283,23.080000000000005,75.30101776123047,23.08,101.45561981201172
23.43,5.9431586265563965,23.09,113.67739868164062,23.09,7.189339637756348,23.090000000000003,75.29434204101562,23.09,102.2608642578125
23.44,5.928708553314209,23.1,113.5458755493164,23.1,6.856507301330566,23.1,75.28641510009766,23.1,103.03868103027344
23.45,5.9217681884765625,23.11,113.435791015625,23.110000000000003,6.53957986831665,23.11,75.27911376953125,23.110000000000003,103.83873748779295
23.46,5.920989036560059,23.12,113.34761810302734,23.12,6.245229244232178,23.120000000000005,75.27490234375,23.12,104.7110824584961
23.47,5.927108287811279,23.13,113.27783966064452,23.13,5.987846374511719,23.130000000000003,75.27184295654297,23.13,105.67993927001952
23.48,5.938694000244141,23.14,113.22686004638672,23.14,5.802457332611084,23.14,75.26478576660156,23.14,106.6940460205078
23.49,5.952668190002441,23.15,113.19393157958984,23.15,5.665051460266113,23.15000000000001,75.2563247680664,23.15,107.64805603027344
23.5,5.957383155822754,23.16,113.17626190185548,23.16,5.560113906860352,23.160000000000004,75.2442855834961,23.16,108.42919158935548
23.51,5.949005126953125,23.17,113.17916870117188,23.17,5.45939826965332,23.17,75.22499084472656,23.17,109.05307006835938
23.52,5.931663513183594,23.18,113.1948013305664,23.18,5.409514904022217,23.18,75.19886016845703,23.18,109.55675506591795
23.53,5.908069133758545,23.19,113.22042846679688,23.19,5.406007289886475,23.190000000000005,75.17008209228516,23.19,110.0125732421875
23.540000000000003,5.8841872215271,23.2,113.24932861328124,23.2,5.420443058013916,23.200000000000003,75.14610290527344,23.2,110.43868255615234
23.55,5.864159107208252,23.21,113.2856903076172,23.21,5.437622547149658,23.21,75.12694549560547,23.21,110.82962799072266
23.56,5.852716445922852,23.22,113.32650756835938,23.22,5.463431358337402,23.22,75.1106185913086,23.22,111.17755889892578
23.57,5.846706867218018,23.23,113.36193084716795,23.23,5.491584300994873,23.230000000000004,75.09894561767578,23.23,111.49524688720705
23.58,5.847193241119385,23.24,113.3899383544922,23.24,5.533356189727783,23.24,75.08776092529297,23.24,111.81043243408205
23.59,5.833315372467041,23.25,113.4101791381836,23.25,5.599087715148926,23.25,75.07816314697266,23.25,112.15425872802734
23.6,5.812160015106201,23.26,113.4267349243164,23.26,5.656525135040283,23.260000000000005,75.07373046875,23.26,112.53401947021484
23.61,5.784130573272705,23.27,113.44245147705078,23.27,5.696908950805664,23.270000000000003,75.0743179321289,23.27,112.94222259521484
23.62,5.761840343475342,23.28,113.45314025878906,23.28,5.724015712738037,23.28,75.07325744628906,23.28,113.353759765625
23.63,5.73984432220459,23.290000000000003,113.45274353027344,23.290000000000003,5.745887279510498,23.29,75.06665802001953,23.290000000000003,113.75233459472656
23.64,5.714942455291748,23.3,113.43484497070312,23.3,5.756756782531738,23.300000000000004,75.05722045898438,23.3,114.11912536621094
23.65,5.698022365570068,23.31,113.40795135498048,23.31,5.753096580505371,23.31,75.05116271972656,23.31,114.45458984375
23.66,5.680782318115234,23.32,113.37789916992188,23.32,5.7481794357299805,23.32,75.04995727539062,23.32,114.77848052978516
23.67,5.681768894195557,23.33,113.3473663330078,23.33,5.761061191558838,23.330000000000005,75.0486831665039,23.33,115.12490844726562
23.68,5.687586307525635,23.34,113.3174819946289,23.34,5.734679222106934,23.340000000000003,75.0469741821289,23.34,115.52767181396484
23.69,5.677595615386963,23.35,113.28688049316406,23.35,5.698006629943848,23.35,75.04273986816406,23.35,115.9831085205078
23.7,5.657776355743408,23.36,113.25506591796876,23.360000000000003,5.660629749298096,23.36,75.03636169433594,23.360000000000003,116.48422241210938
23.71,5.632012367248535,23.37,113.2250747680664,23.37,5.629594802856445,23.370000000000005,75.02883911132812,23.37,116.97672271728516
23.72,5.619502067565918,23.38,113.19677734375,23.38,5.611196994781494,23.380000000000003,75.01972961425781,23.38,117.40885162353516
23.73,5.632613658905029,23.39,113.1693878173828,23.39,5.603532791137695,23.39,75.00829315185547,23.39,117.76073455810548
23.74,5.6541619300842285,23.4,113.14024353027344,23.4,5.6022491455078125,23.40000000000001,74.99629211425781,23.4,118.0591049194336
23.75,5.682093620300293,23.41,113.1109619140625,23.41,5.600754737854004,23.410000000000004,74.982177734375,23.41,118.29360961914062
23.76,5.70943021774292,23.42,113.0868911743164,23.42,5.59212064743042,23.42,74.97005462646484,23.42,118.48307800292967
23.77,5.731354236602783,23.43,113.06888580322266,23.43,5.579517841339111,23.43,74.96171569824219,23.43,118.63311004638672
23.78,5.748176097869873,23.44,113.05156707763672,23.44,5.559189319610596,23.440000000000005,74.9554214477539,23.44,118.74752044677734
23.790000000000003,5.764659404754639,23.45,113.0331802368164,23.45,5.532540798187256,23.450000000000003,74.95172882080078,23.45,118.83493041992188
23.8,5.785608291625977,23.46,113.01438903808594,23.46,5.500031471252441,23.46,74.94989776611328,23.46,118.91143035888672
23.81,5.810667991638184,23.47,112.99268341064452,23.47,5.461086273193359,23.47,74.95406341552734,23.47,118.9951400756836
23.82,5.837410926818848,23.48,112.9728546142578,23.48,5.424275875091553,23.480000000000004,74.95793914794922,23.48,118.68907928466795
23.83,5.861537456512451,23.49,112.9541473388672,23.49,5.384708881378174,23.49,74.96307373046875,23.49,118.24207305908205
23.84,5.88255786895752,23.5,112.93711853027344,23.5,5.351176738739014,23.5,74.97056579589844,23.5,117.88650512695312
23.85,5.904560089111328,23.51,112.92145538330078,23.51,5.323800086975098,23.510000000000005,74.97776794433594,23.51,117.5361328125
23.86,5.923669815063477,23.52,112.9024429321289,23.52,5.297343730926514,23.520000000000003,74.98399353027344,23.52,117.10321807861328
23.87,5.934708595275879,23.53,112.88180541992188,23.53,5.268476486206055,23.53,74.98988342285156,23.53,116.6117172241211
23.88,5.936033725738525,23.540000000000003,112.86290740966795,23.540000000000003,5.242805004119873,23.54,74.99469757080078,23.540000000000003,116.08302307128906
23.89,5.924951076507568,23.55,112.8472671508789,23.55,5.2255859375,23.550000000000004,75.00440216064453,23.55,115.50965118408205
23.9,5.910437107086182,23.56,112.8351821899414,23.56,5.216644287109375,23.56,75.00879669189453,23.56,114.88955688476562
23.91,5.888823509216309,23.57,112.82567596435548,23.57,5.227603435516357,23.57,75.01392364501953,23.57,114.22626495361328
23.92,5.862119197845459,23.58,112.81754302978516,23.58,5.338192462921143,23.580000000000005,75.0187759399414,23.58,113.5255889892578
23.93,5.843857765197754,23.59,112.8116683959961,23.59,5.491487979888916,23.590000000000003,75.02427673339844,23.59,112.80925750732422
23.94,5.83549690246582,23.6,112.8056411743164,23.6,5.553594589233398,23.6,75.02836608886719,23.6,112.10397338867188
23.95,5.8302388191223145,23.61,112.79904174804688,23.610000000000003,5.514727115631104,23.61,75.02664947509766,23.610000000000003,111.41744232177734
23.96,5.832787036895752,23.62,112.7942123413086,23.62,5.420505046844482,23.620000000000005,75.02320861816406,23.62,110.7511978149414
23.97,5.840047836303711,23.63,112.7896499633789,23.63,5.341913223266602,23.630000000000003,75.02181243896484,23.63,110.1046371459961
23.98,5.842780113220215,23.64,112.78609466552734,23.64,5.289470195770264,23.64,75.01687622070312,23.64,109.51286315917967
23.99,5.842143058776856,23.65,112.79131317138672,23.65,5.2603254318237305,23.65000000000001,75.0118408203125,23.65,108.99543762207033
24.0,5.837924480438232,23.66,112.80116271972656,23.66,5.257348537445068,23.660000000000004,75.00773620605469,23.66,108.54764556884766
24.01,5.827465057373047,23.67,112.81507873535156,23.67,5.284317493438721,23.67,75.00674438476562,23.67,108.13933563232422
24.02,5.815135478973389,23.68,112.83082580566406,23.68,5.323311805725098,23.68,75.00727081298828,23.68,107.77710723876952
24.03,5.801003932952881,23.69,112.84578704833984,23.69,5.360124111175537,23.690000000000005,75.00863647460938,23.69,107.4901351928711
24.040000000000003,5.782902240753174,23.7,112.85993957519533,23.7,5.373310089111328,23.700000000000003,75.0099868774414,23.7,107.22093963623048
24.05,5.765291690826416,23.71,112.87291717529295,23.71,5.35568380355835,23.71,75.0097885131836,23.71,106.94145965576172
24.06,5.747593402862549,23.72,112.8834228515625,23.72,5.31656551361084,23.72,75.00820922851562,23.72,106.66576385498048
24.07,5.727485656738281,23.73,112.89234924316406,23.73,5.269638538360596,23.730000000000004,75.00499725341797,23.73,106.37963104248048
24.08,5.70583438873291,23.74,112.90029907226562,23.74,5.222509384155273,23.74,75.00514221191406,23.74,106.03218841552734
24.09,5.686468124389648,23.75,112.90543365478516,23.75,5.176331996917725,23.75,75.0054931640625,23.75,105.65643310546876
24.1,5.667975902557373,23.76,112.90798950195312,23.76,5.144309997558594,23.760000000000005,75.00566864013672,23.76,105.28108978271484
24.11,5.651389598846436,23.77,112.90792846679688,23.77,5.124418258666992,23.770000000000003,75.00774383544922,23.77,104.91120910644533
24.12,5.638535976409912,23.78,112.9024887084961,23.78,5.1272382736206055,23.78,75.00996398925781,23.78,104.54312133789062
24.13,5.628387451171875,23.790000000000003,112.89274597167967,23.790000000000003,5.15041446685791,23.79,75.01136016845703,23.790000000000003,104.18739318847656
24.14,5.621081829071045,23.8,112.88180541992188,23.8,5.189739227294922,23.800000000000004,75.01478576660156,23.8,103.82711029052734
24.15,5.612412452697754,23.81,112.87250518798828,23.81,5.229373931884766,23.81,75.01554870605469,23.81,103.47769927978516
24.16,5.60429573059082,23.82,112.86833190917967,23.82,5.25792121887207,23.82,75.02023315429688,23.82,103.11701965332033
24.17,5.596523284912109,23.83,112.86906433105467,23.83,5.273377418518066,23.830000000000005,75.02429962158203,23.83,102.75955200195312
24.18,5.583723545074463,23.84,112.86945343017578,23.84,5.289030075073242,23.840000000000003,75.02679443359375,23.84,102.4111785888672
24.19,5.558371067047119,23.85,112.86939239501952,23.85,5.304110527038574,23.85,75.02798461914062,23.85,102.1123504638672
24.2,5.538603782653809,23.86,112.8679428100586,23.860000000000003,5.332176208496094,23.86,75.0284423828125,23.860000000000003,101.84991455078124
24.21,5.521609306335449,23.87,112.86315155029295,23.87,5.3506364822387695,23.870000000000005,75.02922821044922,23.87,101.62035369873048
24.22,5.523105144500732,23.88,112.85761260986328,23.88,5.355259895324707,23.880000000000003,75.02841186523438,23.88,101.43840789794922
24.23,5.529615879058838,23.89,112.8495864868164,23.89,5.353803634643555,23.89,75.02410888671875,23.89,101.30256652832033
24.24,5.52454948425293,23.9,112.83942413330078,23.9,5.351683139801025,23.90000000000001,75.01927947998047,23.9,101.22085571289062
24.25,5.519752502441406,23.91,112.83193969726562,23.91,5.348621845245361,23.910000000000004,75.01634979248047,23.91,101.18923950195312
24.26,5.5138349533081055,23.92,112.82655334472656,23.92,5.350006580352783,23.92,75.01397705078125,23.92,101.18572998046876
24.27,5.506339550018311,23.93,112.8246078491211,23.93,5.359981060028076,23.93,75.01248168945312,23.93,101.1845245361328
24.28,5.501128196716309,23.94,112.8212890625,23.94,5.373659610748291,23.940000000000005,75.01067352294922,23.94,101.17063903808594
24.290000000000003,5.500434398651123,23.95,112.81736755371094,23.95,5.388267517089844,23.950000000000003,75.01177978515625,23.95,101.13229370117188
24.3,5.497150897979736,23.96,112.81346130371094,23.96,5.40134859085083,23.96,75.01518249511719,23.96,101.0601043701172
24.31,5.49419641494751,23.97,112.81087493896484,23.97,5.412819862365723,23.97,75.0178451538086,23.97,100.9515151977539
24.32,5.48922061920166,23.98,112.808349609375,23.98,5.424330234527588,23.980000000000004,75.01921081542969,23.98,100.81192779541016
24.33,5.483579158782959,23.99,112.80533599853516,23.99,5.436819076538086,23.99,75.02023315429688,23.99,100.64405822753906
24.34,5.479774475097656,24.0,112.8019561767578,24.0,5.447521209716797,24.0,75.02227020263672,24.0,100.45904541015624
24.35,5.474369525909424,24.01,112.79827880859376,24.01,5.454174041748047,24.010000000000005,75.02062225341797,24.01,100.26587677001952
24.36,5.466226577758789,24.02,112.79486846923828,24.02,5.458709716796875,24.020000000000003,75.02051544189453,24.02,100.07769775390624
24.37,5.456733226776123,24.03,112.79108428955078,24.03,5.459745407104492,24.03,75.02106475830078,24.03,99.90270233154295
24.38,5.4454665184021,24.040000000000003,112.78833770751952,24.040000000000003,5.457849979400635,24.04,75.01943969726562,24.040000000000003,99.74005126953124
24.39,5.43071985244751,24.05,112.78736877441406,24.05,5.457102298736572,24.050000000000004,75.0173110961914,24.05,99.5988540649414
24.4,5.414925575256348,24.06,112.78778076171876,24.06,5.459603309631348,24.06,75.0163345336914,24.06,99.48828887939452
24.41,5.401757717132568,24.07,112.78842163085938,24.07,5.459414482116699,24.07,75.01414489746094,24.07,99.39979553222656
24.42,5.388713359832764,24.08,112.78987884521484,24.08,5.455689907073975,24.080000000000005,75.01217651367188,24.08,99.3251724243164
24.43,5.371962070465088,24.09,112.79417419433594,24.09,5.446516513824463,24.090000000000003,75.01078033447266,24.09,99.25813293457033
24.44,5.3557562828063965,24.1,112.80086517333984,24.1,5.433933258056641,24.1,75.00959014892578,24.1,99.19319915771484
24.45,5.340132236480713,24.11,112.80542755126952,24.110000000000003,5.419972896575928,24.11,75.00760650634766,24.110000000000003,99.1313018798828
24.46,5.330545902252197,24.12,112.80653381347656,24.12,5.408876419067383,24.120000000000005,75.0063705444336,24.12,99.0682373046875
24.47,5.330029010772705,24.13,112.80757904052734,24.13,5.397968769073486,24.130000000000003,75.00387573242188,24.13,98.99858856201172
24.48,5.331779956817627,24.14,112.81399536132812,24.14,5.38914155960083,24.14,75.00141143798828,24.14,98.9207534790039
24.49,5.336710453033447,24.15,112.82164764404295,24.15,5.37562370300293,24.15000000000001,74.99861145019531,24.15,98.83871459960938
24.5,5.344313621520996,24.16,112.82653045654295,24.16,5.358128547668457,24.160000000000004,74.99825286865234,24.16,98.76036071777344
24.51,5.348884582519531,24.17,112.82949829101562,24.17,5.348484516143799,24.17,74.9997787475586,24.17,98.69375610351562
24.52,5.356156826019287,24.18,112.83317565917967,24.18,5.343323707580566,24.18,74.99980926513672,24.18,98.64505767822266
24.53,5.362716197967529,24.19,112.83679962158205,24.19,5.338287830352783,24.190000000000005,75.00035858154297,24.19,98.61233520507812
24.540000000000003,5.365875244140625,24.2,112.84105682373048,24.2,5.3348541259765625,24.200000000000003,75.00099182128906,24.2,98.59318542480467
24.55,5.368197441101074,24.21,112.8450927734375,24.21,5.334932804107666,24.21,75.00340270996094,24.21,98.59596252441406
24.56,5.370378494262695,24.22,112.84969329833984,24.22,5.337584018707275,24.22,75.00458526611328,24.22,98.62586975097656
24.57,5.371180057525635,24.23,112.85260009765624,24.23,5.339177131652832,24.230000000000004,75.00813293457031,24.23,98.63947296142578
24.58,5.366216659545898,24.24,112.85482025146484,24.24,5.337140083312988,24.24,75.00991821289062,24.24,98.65823364257812
24.59,5.363138198852539,24.25,112.8558349609375,24.25,5.330970764160156,24.25,75.00982666015625,24.25,98.6897201538086
24.6,5.364585876464844,24.26,112.85609436035156,24.26,5.320750236511231,24.260000000000005,75.01046752929688,24.26,98.71186065673828
24.61,5.367987632751465,24.27,112.85613250732422,24.27,5.304970741271973,24.270000000000003,75.0104751586914,24.27,98.7293472290039
24.62,5.375016689300537,24.28,112.85824584960938,24.28,5.285738468170166,24.28,75.01097869873047,24.28,98.74539184570312
24.63,5.382804393768311,24.290000000000003,112.86248016357422,24.290000000000003,5.271285057067871,24.29,75.01289367675781,24.290000000000003,98.7525863647461
24.64,5.3935723304748535,24.3,112.8658218383789,24.3,5.263804912567139,24.300000000000004,75.01332092285156,24.3,98.76271057128906
24.65,5.410863399505615,24.31,112.86834716796876,24.31,5.2605881690979,24.31,75.01746368408203,24.31,98.77943420410156
24.66,5.4369797706604,24.32,112.86715698242188,24.32,5.256455421447754,24.32,75.02047729492188,24.32,98.80184173583984
24.67,5.459515571594238,24.33,112.86817932128906,24.33,5.248244285583496,24.330000000000005,75.02386474609375,24.33,98.83187866210938
24.68,5.473242282867432,24.34,112.86813354492188,24.34,5.238681793212891,24.340000000000003,75.02623748779297,24.34,98.86736297607422
24.69,5.4791646003723145,24.35,112.86722564697266,24.35,5.225666999816895,24.35,75.02594757080078,24.35,98.9010238647461
24.7,5.4809112548828125,24.36,112.86652374267578,24.360000000000003,5.210585594177246,24.36,75.02662658691406,24.360000000000003,98.93814086914062
24.71,5.475076675415039,24.37,112.86563873291016,24.37,5.196462631225586,24.370000000000005,75.02720642089844,24.37,98.97969818115234
24.72,5.470161437988281,24.38,112.866455078125,24.38,5.181130409240723,24.380000000000003,75.02709197998047,24.38,99.02889251708984
24.73,5.464645385742188,24.39,112.86882781982422,24.39,5.167458534240723,24.39,75.02532958984375,24.39,99.08394622802734
24.74,5.456732749938965,24.4,112.87264251708984,24.4,5.15841817855835,24.40000000000001,75.02523803710938,24.4,99.14000701904295
24.75,5.439465045928955,24.41,112.8770523071289,24.41,5.154595851898193,24.410000000000004,75.02525329589844,24.41,99.19483184814452
24.76,5.419196605682373,24.42,112.8831787109375,24.42,5.153180122375488,24.42,75.024169921875,24.42,99.24468231201172
24.77,5.403797626495361,24.43,112.88957977294922,24.43,5.14914608001709,24.43,75.02281188964844,24.43,99.28974151611328
24.78,5.38450813293457,24.44,112.8945770263672,24.44,5.140863418579102,24.440000000000005,75.02229309082031,24.44,99.32968139648438
24.790000000000003,5.375307083129883,24.45,112.90215301513672,24.45,5.1191182136535645,24.450000000000003,75.02204895019531,24.45,99.3638153076172
24.8,5.366950035095215,24.46,112.91020965576172,24.46,5.111674785614014,24.46,75.02046966552734,24.46,99.39591217041016
24.81,5.354249000549316,24.47,112.91657257080078,24.47,5.111542701721191,24.47,75.02058410644531,24.47,99.42115020751952
24.82,5.344005107879639,24.48,112.92384338378906,24.48,5.116308212280273,24.480000000000004,75.02033233642578,24.48,99.4460678100586
24.83,5.337194919586182,24.49,112.93181610107422,24.49,5.125363826751709,24.49,75.02075958251953,24.49,99.4696273803711
24.84,5.334639549255371,24.5,112.93820190429688,24.5,5.138202667236328,24.5,75.02143096923828,24.5,99.496337890625
24.85,5.330370903015137,24.51,112.9440689086914,24.51,5.150799751281738,24.510000000000005,75.02064514160156,24.51,99.52584075927734
24.86,5.322048187255859,24.52,112.9482879638672,24.52,5.1591339111328125,24.520000000000003,75.02074432373047,24.52,99.55365753173828
24.87,5.312167644500732,24.53,112.95034790039062,24.53,5.162203311920166,24.53,75.01859283447266,24.53,99.57941436767578
24.88,5.304311275482178,24.540000000000003,112.9515609741211,24.540000000000003,5.161050796508789,24.54,75.01719665527344,24.540000000000003,99.60163116455078
24.89,5.296339988708496,24.55,112.95086669921876,24.55,5.156561374664307,24.550000000000004,75.01724243164062,24.55,99.61947631835938
24.9,5.286666870117188,24.56,112.94905853271484,24.56,5.1505866050720215,24.56,75.01536560058594,24.56,99.63418579101562
24.91,5.280219554901123,24.57,112.94550323486328,24.57,5.146866798400879,24.57,75.0143814086914,24.57,99.6509017944336
24.92,5.28075122833252,24.58,112.94083404541016,24.58,5.146089553833008,24.580000000000005,75.01289367675781,24.58,99.6680908203125
24.93,5.285190582275391,24.59,112.9353485107422,24.59,5.14585542678833,24.590000000000003,75.0133285522461,24.59,99.68464660644533
24.94,5.290931701660156,24.6,112.93079376220705,24.6,5.146707534790039,24.6,75.01211547851562,24.6,99.70181274414062
24.95,5.298230171203613,24.61,112.92759704589844,24.610000000000003,5.14485502243042,24.61,75.01929473876953,24.610000000000003,99.71783447265624
24.96,5.300219058990479,24.62,112.9214859008789,24.62,5.1412224769592285,24.620000000000005,75.0211410522461,24.62,99.72960662841795
24.97,5.299317359924316,24.63,112.91510772705078,24.63,5.132421016693115,24.630000000000003,75.02468872070312,24.63,99.73455047607422
24.98,5.300469875335693,24.64,112.9075698852539,24.64,5.123293399810791,24.64,75.02445220947266,24.64,99.73284149169922
24.99,5.300760746002197,24.65,112.90088653564452,24.65,5.11489725112915,24.65000000000001,75.0248031616211,24.65,99.73174285888672
25.0,5.302970886230469,24.66,112.89495086669922,24.66,5.108471870422363,24.660000000000004,75.02751159667969,24.66,99.72565460205078
25.01,5.304987907409668,24.67,112.888427734375,24.67,5.1025495529174805,24.67,75.0301284790039,24.67,99.72126007080078
25.02,5.307979106903076,24.68,112.88101196289062,24.68,5.098026275634766,24.68,75.03160095214844,24.68,99.7187957763672
25.03,5.313817501068115,24.69,112.87232208251952,24.69,5.091210842132568,24.690000000000005,75.03326416015625,24.69,99.72306823730467
25.040000000000003,5.323450565338135,24.7,112.86339569091795,24.7,5.087809085845947,24.700000000000003,75.03368377685547,24.7,99.73290252685548
25.05,5.331296443939209,24.71,112.85589599609376,24.71,5.086175918579102,24.71,75.03242492675781,24.71,99.74695587158205
25.06,5.332877159118652,24.72,112.84844207763672,24.72,5.08452033996582,24.72,75.0314712524414,24.72,99.7646026611328
25.07,5.3312764167785645,24.73,112.84191131591795,24.73,5.080869674682617,24.730000000000004,75.03080749511719,24.73,99.78307342529295
25.08,5.329335689544678,24.74,112.8362808227539,24.74,5.073005676269531,24.74,75.03036499023438,24.74,99.80037689208984
25.09,5.327984809875488,24.75,112.83466339111328,24.75,5.067510604858398,24.75,75.03038024902344,24.75,99.81493377685548
25.1,5.328012466430664,24.76,112.83135223388672,24.76,5.060970306396484,24.760000000000005,75.03269958496094,24.76,99.8249282836914
25.11,5.328049182891846,24.77,112.82893371582033,24.77,5.058091640472412,24.770000000000003,75.03289794921875,24.77,99.83263397216795
25.12,5.325743675231934,24.78,112.8282470703125,24.78,5.058910846710205,24.78,75.03353118896484,24.78,99.8373031616211
25.13,5.32246732711792,24.790000000000003,112.82633972167967,24.790000000000003,5.061347484588623,24.79,75.03136444091797,24.790000000000003,99.83980560302734
25.14,5.315693378448486,24.8,112.82469940185548,24.8,5.063395977020264,24.800000000000004,75.02867889404297,24.8,99.84314727783205
25.15,5.305093765258789,24.81,112.8236312866211,24.81,5.064279556274414,24.81,75.02864074707031,24.81,99.84882354736328
25.16,5.301470279693604,24.82,112.8259048461914,24.82,5.065117359161377,24.82,75.02769470214844,24.82,99.84618377685548
25.17,5.301802635192871,24.83,112.82916259765624,24.83,5.065586566925049,24.830000000000005,75.0265884399414,24.83,99.84976196289062
25.18,5.301534652709961,24.84,112.83267974853516,24.84,5.065705299377441,24.840000000000003,75.02641296386719,24.84,99.86011505126952
25.19,5.305426597595215,24.85,112.83804321289062,24.85,5.064523696899414,24.85,75.02394104003906,24.85,99.8662338256836
25.2,5.307764530181885,24.86,112.84416198730467,24.860000000000003,5.0625433921813965,24.86,75.0218505859375,24.860000000000003,99.87493896484376
25.21,5.3098464012146,24.87,112.85030364990234,24.87,5.057671546936035,24.870000000000005,75.0236587524414,24.87,99.8865966796875
25.22,5.313377380371094,24.88,112.85587310791016,24.88,5.058573722839356,24.880000000000003,75.02201080322266,24.88,99.89793395996094
25.23,5.314906120300293,24.89,112.85990142822266,24.89,5.062547206878662,24.89,75.02078247070312,24.89,99.91354370117188
25.24,5.314793109893799,24.9,112.86483001708984,24.9,5.067324161529541,24.90000000000001,75.02043151855469,24.9,99.92748260498048
25.25,5.319383144378662,24.91,112.87101745605467,24.91,5.070196151733398,24.910000000000004,75.01934051513672,24.91,99.94440460205078
25.26,5.31912088394165,24.92,112.87731170654295,24.92,5.069785118103027,24.92,75.02179718017578,24.92,99.9644546508789
25.27,5.316404819488525,24.93,112.88375091552734,24.93,5.069928646087647,24.93,75.02375793457031,24.93,99.98737335205078
25.28,5.322681903839111,24.94,112.89080810546876,24.94,5.069276809692383,24.940000000000005,75.02560424804688,24.94,100.01493072509766
25.290000000000003,5.327816009521484,24.95,112.8966064453125,24.95,5.070662498474121,24.950000000000003,75.02471923828125,24.95,100.04460906982422
25.3,5.3325066566467285,24.96,112.8993148803711,24.96,5.075427532196045,24.96,75.02539825439453,24.96,100.07740020751952
25.31,5.336811065673828,24.97,112.90204620361328,24.97,5.077554702758789,24.97,75.02642059326172,24.97,100.11314392089844
25.32,5.347304344177246,24.98,112.90331268310548,24.98,5.080262184143066,24.980000000000004,75.02649688720703,24.98,100.15459442138672
25.33,5.348147869110107,24.99,112.90296173095705,24.99,5.083088397979736,24.99,75.02590942382812,24.99,100.20032501220705
25.34,5.342878818511963,25.0,112.90208435058594,25.0,5.085936546325684,25.0,75.02635192871094,25.0,100.24980926513672
25.35,5.333824634552002,25.01,112.90448760986328,25.01,5.086766242980957,25.010000000000005,75.02941131591797,25.01,100.30516815185548
25.36,5.318749904632568,25.02,112.9120101928711,25.02,5.085429668426514,25.020000000000003,75.02933502197266,25.02,100.3652114868164
25.37,5.2927350997924805,25.03,112.91313934326172,25.03,5.081565856933594,25.03,75.02926635742188,25.03,100.42913818359376
25.38,5.258344650268555,25.040000000000003,112.91419982910156,25.040000000000003,5.0788254737854,25.04,75.03043365478516,25.040000000000003,100.49500274658205
25.39,5.216007232666016,25.05,112.91549682617188,25.05,5.078421592712402,25.050000000000004,75.03125,25.05,100.55524444580078
25.4,5.163782596588135,25.06,112.91639709472656,25.06,5.081558227539063,25.06,75.03134155273438,25.06,100.61441040039062
25.41,5.102389812469482,25.07,112.91653442382812,25.07,5.085367202758789,25.07,75.02984619140625,25.07,100.66944885253906
25.42,5.040670871734619,25.08,112.91656494140624,25.08,5.0871124267578125,25.080000000000005,75.02790832519531,25.08,100.71849822998048
25.43,4.988901615142822,25.09,112.9181671142578,25.09,5.089341163635254,25.090000000000003,75.02552032470703,25.09,100.76350402832033
25.44,4.9485602378845215,25.1,112.91902923583984,25.1,5.093933582305908,25.1,75.02461242675781,25.1,100.8053970336914
25.45,4.910951614379883,25.11,112.92111206054688,25.110000000000003,5.102220058441162,25.11,75.0230484008789,25.110000000000003,100.84637451171876
25.46,4.8732523918151855,25.12,112.92366790771484,25.12,5.110777854919434,25.120000000000005,75.0239028930664,25.12,100.88724517822266
25.47,4.8346757888793945,25.13,112.92681121826172,25.13,5.118621826171875,25.130000000000003,75.023193359375,25.13,100.92872619628906
25.48,4.787284851074219,25.14,112.92648315429688,25.14,5.123868942260742,25.14,75.02218627929688,25.14,100.97377014160156
25.49,4.745405673980713,25.15,112.92634582519533,25.15,5.129210472106934,25.15000000000001,75.02205657958984,25.15,101.02295684814452
25.5,4.706080436706543,25.16,112.9256820678711,25.16,5.136552810668945,25.160000000000004,75.0185775756836,25.16,101.07371520996094
25.51,4.667757511138916,25.17,112.92635345458984,25.17,5.145243167877197,25.17,75.01790618896484,25.17,101.12712860107422
25.52,4.6252851486206055,25.18,112.92718505859376,25.18,5.152224063873291,25.18,75.0174789428711,25.18,101.17356872558594
25.53,4.5926361083984375,25.19,112.92605590820312,25.19,5.158068656921387,25.190000000000005,75.0140609741211,25.19,101.2166976928711
25.540000000000003,4.567920207977295,25.2,112.92151641845705,25.2,5.168083190917969,25.200000000000003,75.0099105834961,25.2,101.2537612915039
25.55,4.550063133239746,25.21,112.91544342041016,25.21,5.181488990783691,25.21,75.00438690185547,25.21,101.2894515991211
25.56,4.546772003173828,25.22,112.90860748291016,25.22,5.195872783660889,25.22,74.99464416503906,25.22,101.32413482666016
25.57,4.54620361328125,25.23,112.89871215820312,25.23,5.206142902374268,25.230000000000004,74.9807357788086,25.23,101.363037109375
25.58,4.54779577255249,25.24,112.88343811035156,25.24,5.209746360778809,25.24,74.96525573730469,25.24,101.40719604492188
25.59,4.554503440856934,25.25,112.86554718017578,25.25,5.2139081954956055,25.25,74.94934844970703,25.25,101.45416259765624
25.6,4.569365978240967,25.26,112.84608459472656,25.26,5.217626094818115,25.260000000000005,74.93360137939453,25.26,101.51040649414062
25.61,4.590498447418213,25.27,112.82461547851562,25.27,5.199149131774902,25.270000000000003,74.9193344116211,25.27,101.57283020019533
25.62,4.616157531738281,25.28,112.7969970703125,25.28,5.180572032928467,25.28,74.90432739257812,25.28,101.6386489868164
25.63,4.641360282897949,25.290000000000003,112.76160430908205,25.290000000000003,5.162999153137207,25.29,74.8893051147461,25.290000000000003,101.7039794921875
25.64,4.668058395385742,25.3,112.72476196289062,25.3,5.137318134307861,25.300000000000004,74.87540435791016,25.3,101.77571105957033
25.65,4.692155361175537,25.31,112.68850708007812,25.31,5.098011493682861,25.31,74.86266326904297,25.31,101.85220336914062
25.66,4.712390422821045,25.32,112.65530395507812,25.32,5.048777580261231,25.32,74.8536605834961,25.32,101.92871856689452
25.67,4.7220330238342285,25.33,112.6187515258789,25.33,5.005912780761719,25.330000000000005,74.84638977050781,25.33,102.01016998291016
25.68,4.724949359893799,25.34,112.5829086303711,25.34,4.973690032958984,25.340000000000003,74.84113311767578,25.34,102.1012191772461
25.69,4.726189136505127,25.35,112.54950714111328,25.35,4.931065559387207,25.35,74.841064453125,25.35,102.21072387695312
25.7,4.724046230316162,25.36,112.5195770263672,25.360000000000003,4.872493743896484,25.36,74.84674835205078,25.360000000000003,102.36029815673828
25.71,4.7269673347473145,25.37,112.4892578125,25.37,4.804094314575195,25.370000000000005,74.85614776611328,25.37,102.54037475585938
25.72,4.736825466156006,25.38,112.46053314208984,25.38,4.735065460205078,25.380000000000003,74.86756134033203,25.38,102.76785278320312
25.73,4.750305652618408,25.39,112.43162536621094,25.39,4.667659282684326,25.39,74.88239288330078,25.39,103.03217315673828
25.74,4.769016265869141,25.4,112.40453338623048,25.4,4.595926761627197,25.40000000000001,74.89752960205078,25.4,103.31910705566406
25.75,4.790670871734619,25.41,112.3778839111328,25.41,4.518364906311035,25.410000000000004,74.90888977050781,25.41,103.63320922851562
25.76,4.819955825805664,25.42,112.35772705078124,25.42,4.454752445220947,25.42,74.91751861572266,25.42,103.96612548828124
25.77,4.858149528503418,25.43,112.34270477294922,25.43,4.416405200958252,25.43,74.92679595947266,25.43,104.3753662109375
25.78,4.911095142364502,25.44,112.33685302734376,25.44,4.393607139587402,25.440000000000005,74.93527221679688,25.44,104.8455047607422
25.790000000000003,4.974743366241455,25.45,112.3467788696289,25.45,4.366733074188232,25.450000000000003,74.94601440429688,25.45,105.33118438720705
25.8,5.046997547149658,25.46,112.36296844482422,25.46,4.328935146331787,25.46,74.96150970458984,25.46,105.87796783447266
25.81,5.132541179656982,25.47,112.38348388671876,25.47,4.283314228057861,25.47,74.97774505615234,25.47,106.51327514648438
25.82,5.227610111236572,25.48,112.4032211303711,25.48,4.230093955993652,25.480000000000004,74.98924255371094,25.48,107.2382354736328
25.83,5.332212924957275,25.49,112.42343139648438,25.49,4.199868679046631,25.49,75.0046157836914,25.49,108.03279876708984
25.84,5.448596954345703,25.5,112.44940948486328,25.5,4.178516864776611,25.5,75.01858520507812,25.5,108.86524963378906
25.85,5.587625026702881,25.51,112.47693634033205,25.51,4.17489767074585,25.510000000000005,75.02726745605469,25.51,109.74584197998048
25.86,5.751962661743164,25.52,112.50203704833984,25.52,4.190150260925293,25.520000000000003,75.03172302246094,25.52,110.57813262939452
25.87,5.951047420501709,25.53,112.52584075927734,25.53,4.214319705963135,25.53,75.0325927734375,25.53,111.337890625
25.88,6.176806926727295,25.540000000000003,112.55301666259766,25.540000000000003,4.239335060119629,25.54,75.02544403076172,25.540000000000003,111.87853240966795
25.89,6.407506942749023,25.55,112.58116149902344,25.55,4.265626907348633,25.550000000000004,75.01190948486328,25.55,112.16412353515624
25.9,6.649942874908447,25.56,112.60408020019533,25.56,4.292420387268066,25.56,74.9982681274414,25.56,112.26404571533205
25.91,6.92598819732666,25.57,112.62805938720705,25.57,4.31974983215332,25.57,74.98540496826172,25.57,112.25039672851562
25.92,7.261526107788086,25.58,112.66402435302734,25.58,4.355882167816162,25.580000000000005,74.97793579101562,25.58,112.17621612548828
25.93,7.658606052398682,25.59,112.7021255493164,25.59,4.404791831970215,25.590000000000003,74.98146057128906,25.59,112.08738708496094
25.94,8.13253116607666,25.6,112.73800659179688,25.6,4.461682319641113,25.6,74.99520874023438,25.6,112.02790832519533
25.95,8.63479995727539,25.61,112.77381896972656,25.610000000000003,4.520513534545898,25.61,75.01846313476562,25.610000000000003,112.01314544677734
25.96,9.136796951293944,25.62,112.8112564086914,25.62,4.582021713256836,25.620000000000005,75.04635620117188,25.62,112.03204345703124
25.97,9.64462661743164,25.63,112.84693908691406,25.63,4.641852378845215,25.630000000000003,75.0766372680664,25.63,112.05501556396484
25.98,10.15822696685791,25.64,112.8803482055664,25.64,4.701743125915527,25.64,75.10450744628906,25.64,112.0415496826172
25.99,10.702826499938965,25.65,112.91419219970705,25.65,4.7659196853637695,25.65000000000001,75.12702178955078,25.65,111.96826934814452
26.0,11.280116081237791,25.66,112.9524383544922,25.66,4.834880828857422,25.660000000000004,75.14375305175781,25.66,111.82990264892578
26.01,11.8867769241333,25.67,112.99262237548828,25.67,4.901403427124023,25.67,75.15814208984375,25.67,111.64308166503906
26.02,12.508602142333984,25.68,113.03866577148438,25.68,4.960154533386231,25.68,75.17289733886719,25.68,111.4055633544922
26.03,13.11228084564209,25.69,113.0954818725586,25.69,5.0195512771606445,25.690000000000005,75.18826293945312,25.69,111.13976287841795
26.040000000000003,13.694790840148926,25.7,113.15982818603516,25.7,5.088999271392822,25.700000000000003,75.2054672241211,25.7,110.84542846679688
26.05,14.25641918182373,25.71,113.23737335205078,25.71,5.175236225128174,25.71,75.22675323486328,25.71,110.53475189208984
26.06,14.80276584625244,25.72,113.32435607910156,25.72,5.268125057220459,25.72,75.2503890991211,25.72,110.24430084228516
26.07,15.32201862335205,25.73,113.41676330566406,25.73,5.3829755783081055,25.730000000000004,75.27623748779297,25.73,109.98412322998048
26.08,15.808942794799805,25.74,113.51565551757812,25.74,5.529012203216553,25.74,75.29881286621094,25.74,109.75214385986328
26.09,16.255840301513672,25.75,113.6191864013672,25.75,5.745412826538086,25.75,75.32208251953125,25.75,109.55274200439452
26.1,16.664751052856445,25.76,113.73023986816406,25.76,6.0306010246276855,25.760000000000005,75.3418197631836,25.76,109.38020324707033
26.11,17.043628692626953,25.77,113.84782409667967,25.77,6.371458530426025,25.770000000000003,75.35804748535156,25.77,109.21671295166016
26.12,17.408470153808594,25.78,113.97281646728516,25.78,6.785747528076172,25.78,75.37551879882812,25.78,109.0219268798828
26.13,17.789121627807617,25.790000000000003,114.10554504394533,25.790000000000003,7.246679306030273,25.79,75.39537048339844,25.790000000000003,108.8139877319336
26.14,18.210851669311523,25.8,114.24942779541016,25.8,7.733313083648682,25.800000000000004,75.40821838378906,25.8,108.60456848144533
26.15,18.673763275146484,25.81,114.40421295166016,25.81,8.20227336883545,25.81,75.41305541992188,25.81,108.36570739746094
26.16,19.194128036499023,25.82,114.56414031982422,25.82,8.639460563659668,25.82,75.41910552978516,25.82,108.09944152832033
26.17,19.73974800109864,25.83,114.7292938232422,25.83,9.049588203430176,25.830000000000005,75.42694854736328,25.83,107.8217544555664
26.18,20.2963981628418,25.84,114.90277862548828,25.84,9.408329010009766,25.840000000000003,75.43816375732422,25.84,107.53290557861328
26.19,20.84443473815918,25.85,115.07864379882812,25.85,9.761451721191406,25.85,75.44129943847656,25.85,107.22781372070312
26.2,21.397520065307617,25.86,115.25428771972656,25.860000000000003,10.14726448059082,25.86,75.42509460449219,25.860000000000003,106.8615493774414
26.21,21.96634292602539,25.87,115.43278503417967,25.87,10.583849906921388,25.870000000000005,75.37601470947266,25.87,106.43364715576172
26.22,22.55610656738281,25.88,115.60894775390624,25.88,11.051887512207031,25.880000000000003,75.30599212646484,25.88,105.96018981933594
26.23,23.1739501953125,25.89,115.78434753417967,25.89,11.503669738769531,25.89,75.21775817871094,25.89,105.47422790527344
26.24,23.812650680541992,25.9,115.95481872558594,25.9,11.936773300170898,25.90000000000001,75.1155776977539,25.9,105.0083999633789
26.25,24.47590446472168,25.91,116.1164093017578,25.91,12.384830474853516,25.910000000000004,75.00785827636719,25.91,104.57112121582033
26.26,25.150224685668945,25.92,116.27171325683594,25.92,12.851903915405272,25.92,74.90302276611328,25.92,104.16741180419922
26.27,25.831392288208008,25.93,116.42401123046876,25.93,13.334582328796388,25.93,74.79529571533203,25.93,103.76551055908205
26.28,26.519323348999023,25.94,116.57408142089844,25.94,13.819011688232422,25.940000000000005,74.68460845947266,25.94,103.35933685302734
26.290000000000003,27.21186065673828,25.95,116.71529388427734,25.95,14.287402153015137,25.950000000000003,74.58382415771484,25.95,102.9642562866211
26.3,27.90693473815918,25.96,116.85454559326172,25.96,14.7251615524292,25.96,74.49638366699219,25.96,102.57059478759766
26.31,28.59770393371582,25.97,117.0002899169922,25.97,15.155905723571776,25.97,74.4277114868164,25.97,102.22332763671876
26.32,29.29385757446289,25.98,117.1578598022461,25.98,15.599781036376951,25.980000000000004,74.37537384033203,25.98,101.8935546875
26.33,30.00506401062012,25.99,117.31585693359376,25.99,16.055355072021484,25.99,74.33430480957031,25.99,101.52581024169922
26.34,30.725265502929688,26.0,117.4610366821289,26.0,16.52696418762207,26.0,74.29983520507812,26.0,101.09947204589844
26.35,31.452856063842773,26.01,117.58879089355467,26.01,17.02884292602539,26.010000000000005,74.27108001708984,26.01,100.6034698486328
26.36,32.186893463134766,26.02,117.70203399658205,26.02,17.564189910888672,26.020000000000003,74.24281311035156,26.02,100.0063018798828
26.37,32.93997573852539,26.03,117.809326171875,26.03,18.12224006652832,26.03,74.2197494506836,26.03,99.26224517822266
26.38,33.71491241455078,26.040000000000003,117.91403198242188,26.040000000000003,18.679140090942383,26.04,74.19363403320312,26.040000000000003,98.42371368408205
26.39,34.5036735534668,26.05,118.013916015625,26.05,19.22616004943848,26.050000000000004,74.16960144042969,26.05,97.59211730957033
26.4,35.31708526611328,26.06,118.11146545410156,26.06,19.77238845825196,26.06,74.14283752441406,26.06,96.82366943359376
26.41,36.15633010864258,26.07,118.2190933227539,26.07,20.307924270629883,26.07,74.1099853515625,26.07,96.17549896240234
26.42,37.00573348999024,26.08,118.32982635498048,26.08,20.817121505737305,26.080000000000005,74.06884765625,26.08,95.64842987060548
26.43,37.86581802368164,26.09,118.4489288330078,26.09,21.313758850097656,26.090000000000003,74.01882934570312,26.09,95.1654281616211
26.44,38.73178863525391,26.1,118.5796890258789,26.1,21.80192756652832,26.1,73.96072387695312,26.1,94.65584564208984
26.45,39.58981704711914,26.11,118.71448516845705,26.110000000000003,22.29461669921875,26.11,73.89556121826172,26.110000000000003,94.08511352539062
26.46,40.43415832519531,26.12,118.84883880615234,26.12,22.798152923583984,26.120000000000005,73.82894134521484,26.12,93.4931869506836
26.47,41.26522064208984,26.13,118.9797134399414,26.13,23.31841468811035,26.130000000000003,73.76445007324219,26.13,92.90348052978516
26.48,42.0895881652832,26.14,119.10696411132812,26.14,23.85365867614746,26.14,73.70243072509766,26.14,92.3232192993164
26.49,42.90578079223633,26.15,119.2343292236328,26.15,24.409448623657227,26.15000000000001,73.64164733886719,26.15,91.75416564941406
26.5,43.7172737121582,26.16,119.3576202392578,26.16,24.98804473876953,26.160000000000004,73.58280181884766,26.16,91.1839599609375
26.51,44.51462173461914,26.17,119.47362518310548,26.17,25.59320831298828,26.17,73.52881622314453,26.17,90.61824798583984
26.52,45.29074096679688,26.18,119.58099365234376,26.18,26.205055236816406,26.18,73.47962951660156,26.18,90.06317901611328
26.53,46.05811309814453,26.19,119.67837524414062,26.19,26.81203842163086,26.190000000000005,73.4332046508789,26.19,89.50192260742188
26.540000000000003,46.8154296875,26.2,119.76663970947266,26.2,27.43358039855957,26.200000000000003,73.38543701171875,26.2,88.93760681152344
26.55,47.57150650024414,26.21,119.84578704833984,26.21,28.07881736755371,26.21,73.33377075195312,26.21,88.39476776123047
26.56,48.33401870727539,26.22,119.91413879394533,26.22,28.741899490356445,26.22,73.28129577636719,26.22,87.88014221191406
26.57,49.09404373168945,26.23,119.97987365722656,26.23,29.41708755493164,26.230000000000004,73.23416900634766,26.23,87.43223571777344
26.58,49.8451042175293,26.24,120.04642486572266,26.24,30.111730575561523,26.24,73.19416046142578,26.24,87.0309066772461
26.59,50.59327697753906,26.25,120.10874938964844,26.25,30.824996948242188,26.25,73.15625762939453,26.25,86.6542739868164
26.6,51.34020233154297,26.26,120.16036987304688,26.26,31.55006217956543,26.260000000000005,73.11830139160156,26.26,86.28134155273438
26.61,52.08051300048828,26.27,120.19902801513672,26.27,32.284603118896484,26.270000000000003,73.0829086303711,26.27,85.90520477294922
26.62,52.81545639038086,26.28,120.22864532470705,26.28,33.0239372253418,26.28,73.04984283447266,26.28,85.55775451660156
26.63,53.54961013793945,26.290000000000003,120.24447631835938,26.290000000000003,33.759090423583984,26.29,73.01704406738281,26.290000000000003,85.26891326904297
26.64,54.273197174072266,26.3,120.25186920166016,26.3,34.48929977416992,26.300000000000004,72.98543548583984,26.3,85.05171203613281
26.65,54.98452377319336,26.31,120.24801635742188,26.31,35.20479965209961,26.31,72.95711517333984,26.31,84.88585662841797
26.66,55.687644958496094,26.32,120.23170471191406,26.32,35.91193771362305,26.32,72.93378448486328,26.32,84.73772430419922
26.67,56.38610076904297,26.33,120.20639038085938,26.33,36.62486267089844,26.330000000000005,72.91378021240234,26.33,84.58216857910156
26.68,57.08437728881836,26.34,120.16719818115234,26.34,37.34193801879883,26.340000000000003,72.90061950683594,26.34,84.40354919433594
26.69,57.77754211425781,26.35,120.11373138427734,26.35,38.06060028076172,26.35,72.88957214355469,26.35,84.18679809570312
26.7,58.4631462097168,26.36,120.04682159423828,26.360000000000003,38.770538330078125,26.36,72.8816909790039,26.360000000000003,83.93196105957031
26.71,59.1469841003418,26.37,119.96658325195312,26.37,39.477569580078125,26.370000000000005,72.87458801269531,26.37,83.6782455444336
26.72,59.83252334594727,26.38,119.87190246582033,26.38,40.193206787109375,26.380000000000003,72.8680419921875,26.38,83.41834259033203
26.73,60.51029586791992,26.39,119.76577758789062,26.39,40.91615676879883,26.39,72.86865234375,26.39,83.14256286621094
26.74,61.18868255615234,26.4,119.6494598388672,26.4,41.64973068237305,26.40000000000001,72.87347412109375,26.4,82.86274719238281
26.75,61.867488861083984,26.41,119.5219955444336,26.41,42.39860534667969,26.410000000000004,72.88304901123047,26.41,82.60726928710938
26.76,62.55086898803711,26.42,119.37896728515624,26.42,43.156620025634766,26.42,72.89347839355469,26.42,82.39559173583984
26.77,63.23087692260742,26.43,119.22164154052734,26.43,43.93748474121094,26.43,72.9091567993164,26.43,82.24463653564453
26.78,63.95003128051758,26.44,119.04969787597656,26.44,44.73252487182617,26.440000000000005,72.92495727539062,26.44,82.13455200195312
26.790000000000003,64.66741180419922,26.45,118.86019134521484,26.45,45.53044509887695,26.450000000000003,72.9423828125,26.45,82.0479507446289
26.8,65.33741760253906,26.46,118.6547622680664,26.46,46.322059631347656,26.46,72.9622802734375,26.46,81.96977996826172
26.81,66.02408599853516,26.47,118.43204498291016,26.47,47.09775161743164,26.47,72.9880142211914,26.47,81.87446594238281
26.82,66.6966323852539,26.48,118.196044921875,26.48,47.85982894897461,26.480000000000004,73.01913452148438,26.48,81.7638168334961
26.83,67.3624496459961,26.49,117.9494400024414,26.49,48.61942672729492,26.49,73.0522689819336,26.49,81.68048095703125
26.84,68.09162139892578,26.5,117.6909408569336,26.5,49.37076568603516,26.5,73.08149719238281,26.5,81.65234375
26.85,68.833251953125,26.51,117.42332458496094,26.51,50.1099967956543,26.510000000000005,73.10475158691406,26.51,81.66165161132812
26.86,69.55968475341797,26.52,117.147216796875,26.52,50.840370178222656,26.520000000000003,73.11872863769531,26.52,81.63043975830078
26.87,70.306640625,26.53,116.86280822753906,26.53,51.56394577026367,26.53,73.13040924072266,26.53,81.50053405761719
26.88,71.0241928100586,26.540000000000003,116.57024383544922,26.540000000000003,52.272586822509766,26.54,73.14275360107422,26.540000000000003,81.29631805419922
26.89,71.67616271972656,26.55,116.27556610107422,26.55,52.96979904174805,26.550000000000004,73.15859985351562,26.55,81.04438018798828
26.9,72.36027526855469,26.56,115.9792709350586,26.56,53.659027099609375,26.56,73.17247772216797,26.56,80.76575469970703
26.91,73.05674743652344,26.57,115.67678833007812,26.57,54.341609954833984,26.57,73.18461608886719,26.57,80.50590515136719
26.92,73.7673110961914,26.58,115.37017059326172,26.58,55.02931213378906,26.580000000000005,73.19745635986328,26.58,80.27772521972656
26.93,74.48273468017578,26.59,115.05438995361328,26.59,55.71171188354492,26.590000000000003,73.21055603027344,26.59,80.10403442382812
26.94,75.2135238647461,26.6,114.73102569580078,26.6,56.3839111328125,26.6,73.22439575195312,26.6,80.02517700195312
26.95,75.93579864501953,26.61,114.40399169921876,26.610000000000003,57.06379699707031,26.61,73.23574829101562,26.610000000000003,80.07103729248047
26.96,76.66817474365234,26.62,114.07229614257812,26.62,57.73804473876953,26.620000000000005,73.24759674072266,26.62,80.1961669921875
26.97,77.3594970703125,26.63,113.73951721191406,26.63,58.42858505249024,26.630000000000003,73.26224517822266,26.63,80.35650634765625
26.98,78.03721618652344,26.64,113.41088104248048,26.64,59.131103515625,26.64,73.27814483642578,26.64,80.4935531616211
26.99,78.70530700683594,26.65,113.08100128173828,26.65,59.814483642578125,26.65000000000001,73.29429626464844,26.65,80.59505462646484
27.0,79.34880065917969,26.66,112.75218963623048,26.66,60.48682022094727,26.660000000000004,73.30936431884766,26.66,80.69186401367188
27.01,79.9718017578125,26.67,112.42623901367188,26.67,61.170555114746094,26.67,73.3241958618164,26.67,80.78355407714844
27.02,80.58574676513672,26.68,112.09951782226562,26.68,61.86642074584961,26.68,73.34101867675781,26.68,80.86668395996094
27.03,81.15248107910156,26.69,111.76808166503906,26.69,62.573673248291016,26.690000000000005,73.364013671875,26.69,80.95238494873047
27.040000000000003,81.69168090820312,26.7,111.4396514892578,26.7,63.28850936889648,26.700000000000003,73.39253997802734,26.7,81.00724792480469
27.05,82.25341796875,26.71,111.10885620117188,26.71,64.01771545410156,26.71,73.42333984375,26.71,81.03655242919922
27.06,82.81207275390625,26.72,110.7720947265625,26.72,64.77290344238281,26.72,73.45706939697266,26.72,81.04916381835938
27.07,83.3902359008789,26.73,110.43179321289062,26.73,65.54181671142578,26.730000000000004,73.49730682373047,26.73,81.06881713867188
27.08,83.963134765625,26.74,110.08621978759766,26.74,66.28318786621094,26.74,73.53695678710938,26.74,81.07489776611328
27.09,84.44912719726562,26.75,109.7310791015625,26.75,67.00248718261719,26.75,73.57156372070312,26.75,81.09454345703125
27.1,84.92776489257812,26.76,109.36870574951172,26.76,67.77454376220703,26.760000000000005,73.61093139648438,26.76,81.1418228149414
27.11,85.3633804321289,26.77,109.00494384765624,26.77,68.56936645507812,26.770000000000003,73.65042114257812,26.77,81.21747589111328
27.12,85.76528930664062,26.78,108.6316146850586,26.78,69.29466247558594,26.78,73.6833267211914,26.78,81.33122253417969
27.13,86.1377182006836,26.790000000000003,108.2533950805664,26.790000000000003,70.10897827148438,26.79,73.70899200439453,26.790000000000003,81.50337982177734
27.14,86.48395538330078,26.8,107.8604965209961,26.8,70.88734436035156,26.800000000000004,73.72966766357422,26.8,81.72223663330078
27.15,86.77886962890625,26.81,107.44342803955078,26.81,71.62666320800781,26.81,73.74935913085938,26.81,81.9576416015625
27.16,87.04668426513672,26.82,107.00699615478516,26.82,72.41510772705078,26.82,73.77156066894531,26.82,82.23281860351562
27.17,87.31916046142578,26.83,106.55209350585938,26.83,73.2063980102539,26.830000000000005,73.79405975341797,26.83,82.53986358642578
27.18,87.53684997558594,26.84,106.0838394165039,26.84,73.96514129638672,26.840000000000003,73.81497955322266,26.84,82.85711669921875
27.19,87.76558685302734,26.85,105.60948181152344,26.85,74.70555114746094,26.85,73.836181640625,26.85,83.16989135742188
27.2,87.95577239990234,26.86,105.1320571899414,26.860000000000003,75.47160339355469,26.86,73.8575210571289,26.860000000000003,83.44768524169922
27.21,88.09535217285156,26.87,104.65811920166016,26.87,76.28821563720703,26.870000000000005,73.88147735595703,26.87,83.70999145507812
27.22,88.18295288085938,26.88,104.19805908203124,26.88,77.12362670898438,26.880000000000003,73.91024780273438,26.88,83.97886657714844
27.23,88.27594757080078,26.89,103.75385284423828,26.89,77.97946166992188,26.89,73.94187927246094,26.89,84.25496673583984
27.24,88.38252258300781,26.9,103.31188201904295,26.9,78.86811065673828,26.90000000000001,73.9712142944336,26.9,84.47941589355469
27.25,88.51378631591797,26.91,102.88459014892578,26.91,79.75701904296875,26.910000000000004,73.99635314941406,26.91,84.6640853881836
27.26,88.65706634521484,26.92,102.46881866455078,26.92,80.62551879882812,26.92,74.01673889160156,26.92,84.90293884277344
27.27,88.80320739746094,26.93,102.06734466552734,26.93,81.46408081054688,26.93,74.03165435791016,26.93,85.14414978027344
27.28,88.92196655273438,26.94,101.6835708618164,26.94,82.2953109741211,26.940000000000005,74.04347229003906,26.94,85.35388946533203
27.290000000000003,89.0304183959961,26.95,101.31005859375,26.95,83.1326675415039,26.950000000000003,74.0561294555664,26.95,85.54264068603516
27.3,89.16744232177734,26.96,100.95446014404295,26.96,83.9266586303711,26.96,74.06525421142578,26.96,85.7494125366211
27.31,89.33597564697266,26.97,100.62737274169922,26.97,84.67924499511719,26.97,74.07325744628906,26.97,85.967529296875
27.32,89.49105072021484,26.98,100.32662200927734,26.98,85.4336929321289,26.980000000000004,74.08399963378906,26.98,86.20613098144531
27.33,89.62242126464844,26.99,100.05126953125,26.99,86.1768798828125,26.99,74.08633422851562,26.99,86.44232177734375
27.34,89.74263763427734,27.0,99.80482482910156,27.0,86.89742279052734,27.0,74.09339141845703,27.0,86.68363189697266
27.35,89.84270477294922,27.01,99.57311248779295,27.01,87.58529663085938,27.010000000000005,74.1006088256836,27.01,86.86994934082031
27.36,89.94256591796875,27.02,99.3612289428711,27.02,88.2547607421875,27.020000000000003,74.10963439941406,27.02,86.9692611694336
27.37,90.0325698852539,27.03,99.17151641845705,27.03,88.9441909790039,27.03,74.1244888305664,27.03,86.99614715576172
27.38,90.13439178466795,27.040000000000003,98.99903869628906,27.040000000000003,89.64724731445312,27.04,74.13671875,27.040000000000003,87.02377319335938
27.39,90.2382354736328,27.05,98.84825897216795,27.05,90.35526275634766,27.050000000000004,74.14562225341797,27.05,87.06817626953125
27.4,90.34310913085938,27.06,98.7193832397461,27.06,91.0078582763672,27.06,74.1519546508789,27.06,87.13087463378906
27.41,90.45410919189452,27.07,98.61328887939452,27.07,91.5994644165039,27.07,74.1573715209961,27.07,87.22051239013672
27.42,90.55028533935548,27.08,98.52942657470705,27.08,92.1398696899414,27.080000000000005,74.15742492675781,27.08,87.37065124511719
27.43,90.63475036621094,27.09,98.46931457519533,27.09,92.6447982788086,27.090000000000003,74.15474700927734,27.09,87.57756805419922
27.44,90.69920349121094,27.1,98.4277114868164,27.1,93.10092163085938,27.1,74.1452865600586,27.1,87.84125518798828
27.45,90.74439239501952,27.11,98.3907470703125,27.110000000000003,93.4977569580078,27.11,74.13016510009766,27.110000000000003,88.15623474121094
27.46,90.7824935913086,27.12,98.36032104492188,27.12,93.82154846191406,27.120000000000005,74.11209106445312,27.12,88.49388122558594
27.47,90.80985260009766,27.13,98.37580871582033,27.13,94.07288360595705,27.130000000000003,74.09538269042969,27.13,88.8438720703125
27.48,90.85277557373048,27.14,98.40206146240234,27.14,94.28947448730467,27.14,74.07832336425781,27.14,89.2009048461914
27.49,90.88681030273438,27.15,98.4345474243164,27.15,94.46131896972656,27.15000000000001,74.06341552734375,27.15,89.61067962646484
27.5,90.90544891357422,27.16,98.46906280517578,27.16,94.61209869384766,27.160000000000004,74.05523681640625,27.16,90.06651306152344
27.51,90.91649627685548,27.17,98.50221252441406,27.17,94.72834014892578,27.17,74.05522155761719,27.17,90.51217651367188
27.52,90.92313385009766,27.18,98.5203094482422,27.18,94.824462890625,27.18,74.05198669433594,27.18,90.9221649169922
27.53,90.93212127685548,27.19,98.52352142333984,27.19,94.91747283935548,27.190000000000005,74.0489273071289,27.19,91.30842590332033
27.540000000000003,90.9480209350586,27.2,98.51676940917967,27.2,95.00114440917967,27.200000000000003,74.04484558105469,27.2,91.68427276611328
27.55,90.9698486328125,27.21,98.5072250366211,27.21,95.07986450195312,27.21,74.04523468017578,27.21,92.04850006103516
27.56,90.99966430664062,27.22,98.49258422851562,27.22,95.15432739257812,27.22,74.04633331298828,27.22,92.39482879638672
27.57,91.0331573486328,27.23,98.47181701660156,27.23,95.22553253173828,27.230000000000004,74.04621887207031,27.23,92.64163208007812
27.58,91.0633316040039,27.24,98.44495391845705,27.24,95.28630065917967,27.24,74.04130554199219,27.24,92.7896957397461
27.59,91.08126068115234,27.25,98.416259765625,27.25,95.32809448242188,27.25,74.0378189086914,27.25,92.87100982666016
27.6,91.10671997070312,27.26,98.38675689697266,27.26,95.35675048828124,27.260000000000005,74.03524780273438,27.26,92.91239166259766
27.61,91.1234893798828,27.27,98.35785675048828,27.27,95.38690948486328,27.270000000000003,74.0306625366211,27.27,92.92845153808594
27.62,91.1401824951172,27.28,98.33267974853516,27.28,95.43209075927734,27.28,74.02851867675781,27.28,92.89117431640624
27.63,91.1706314086914,27.290000000000003,98.3072509765625,27.290000000000003,95.4933090209961,27.29,74.02883911132812,27.290000000000003,92.8292999267578
27.64,91.19667053222656,27.3,98.28382110595705,27.3,95.55158233642578,27.300000000000004,74.03015899658203,27.3,92.76595306396484
27.65,91.22562408447266,27.31,98.25951385498048,27.31,95.6094741821289,27.31,74.0358657836914,27.31,92.71443939208984
27.66,91.2517318725586,27.32,98.2341079711914,27.32,95.6689682006836,27.32,74.042724609375,27.32,92.6592254638672
27.67,91.2832489013672,27.33,98.21363067626952,27.33,95.73782348632812,27.330000000000005,74.0467300415039,27.33,92.60651397705078
27.68,91.33151245117188,27.34,98.19762420654295,27.34,95.79647064208984,27.340000000000003,74.04993438720703,27.34,92.57901763916016
27.69,91.38485717773438,27.35,98.1819305419922,27.35,95.85504913330078,27.35,74.05621337890625,27.35,92.60135650634766
27.7,91.42534637451172,27.36,98.1627426147461,27.360000000000003,95.92017364501952,27.36,74.06353759765625,27.360000000000003,92.67218780517578
27.71,91.45317840576172,27.37,98.14380645751952,27.37,95.98859405517578,27.370000000000005,74.06788635253906,27.37,92.77814483642578
27.72,91.4716339111328,27.38,98.12987518310548,27.38,96.0466079711914,27.380000000000003,74.0718002319336,27.38,92.89686584472656
27.73,91.48356628417967,27.39,98.1162338256836,27.39,96.0891571044922,27.39,74.07423400878906,27.39,92.99922943115234
27.74,91.48942565917967,27.4,98.10569763183594,27.4,96.12200927734376,27.40000000000001,74.07685089111328,27.4,93.0729522705078
27.75,91.50064086914062,27.41,98.09735107421876,27.41,96.1631088256836,27.410000000000004,74.07691955566406,27.41,93.12109375
27.76,91.51397705078124,27.42,98.08856964111328,27.42,96.2079086303711,27.42,74.07491302490234,27.42,93.1566162109375
27.77,91.5214385986328,27.43,98.0807113647461,27.43,96.24158477783205,27.43,74.0703125,27.43,93.18251037597656
27.78,91.51215362548828,27.44,98.07451629638672,27.44,96.26828002929688,27.440000000000005,74.06440734863281,27.44,93.22620391845705
27.790000000000003,91.49113464355467,27.45,98.0732192993164,27.45,96.28960418701172,27.450000000000003,74.05697631835938,27.45,93.30792236328124
27.8,91.46622467041016,27.46,98.07553100585938,27.46,96.31070709228516,27.46,74.05027770996094,27.46,93.41645050048828
27.81,91.4506378173828,27.47,98.08660888671876,27.47,96.3376235961914,27.47,74.0450668334961,27.47,93.5352783203125
27.82,91.43724822998048,27.48,98.09124755859376,27.48,96.3691177368164,27.480000000000004,74.03942108154297,27.48,93.67560577392578
27.83,91.40995025634766,27.49,98.08241271972656,27.49,96.403076171875,27.49,74.03559112548828,27.49,93.79569244384766
27.84,91.3843231201172,27.5,98.07083892822266,27.5,96.4416046142578,27.5,74.03450775146484,27.5,93.88225555419922
27.85,91.37313842773438,27.51,98.05667877197266,27.51,96.48541259765624,27.510000000000005,74.03417205810547,27.51,93.94249725341795
27.86,91.36924743652344,27.52,98.03980255126952,27.52,96.52531433105467,27.520000000000003,74.03667449951172,27.52,93.98899841308594
27.87,91.3581085205078,27.53,98.02415466308594,27.53,96.56031799316406,27.53,74.03962707519531,27.53,94.03423309326172
27.88,91.34596252441406,27.540000000000003,98.00743103027344,27.540000000000003,96.59288787841795,27.54,74.03955841064453,27.540000000000003,94.06868743896484
27.89,91.35543823242188,27.55,97.98770904541016,27.55,96.6291961669922,27.550000000000004,74.03582763671875,27.55,94.08184051513672
27.9,91.38631439208984,27.56,97.96617889404295,27.56,96.66925811767578,27.56,74.03201293945312,27.56,94.06334686279295
27.91,91.41486358642578,27.57,97.94168853759766,27.57,96.70349884033205,27.57,74.02980041503906,27.57,94.02318572998048
27.92,91.42594146728516,27.58,97.9143524169922,27.58,96.72813415527344,27.580000000000005,74.02536010742188,27.58,94.00264739990234
27.93,91.44559478759766,27.59,97.88703155517578,27.59,96.76544189453124,27.590000000000003,74.02325439453125,27.59,94.0087661743164
27.94,91.46084594726562,27.6,97.8602523803711,27.6,96.8094253540039,27.6,74.02079772949219,27.6,94.03700256347656
27.95,91.4605941772461,27.61,97.83269500732422,27.610000000000003,96.84095764160156,27.61,74.0179672241211,27.610000000000003,94.08302307128906
27.96,91.46929168701172,27.62,97.80681610107422,27.62,96.8624496459961,27.620000000000005,74.0162124633789,27.62,94.1404037475586
27.97,91.48707580566406,27.63,97.77951049804688,27.63,96.87815856933594,27.630000000000003,74.015625,27.63,94.20830535888672
27.98,91.5028305053711,27.64,97.7484359741211,27.64,96.8903350830078,27.64,74.01535034179688,27.64,94.28714752197266
27.99,91.5201644897461,27.65,97.71672058105467,27.65,96.90082550048828,27.65000000000001,74.02269744873047,27.65,94.3697509765625
28.0,91.5452651977539,27.66,97.68822479248048,27.66,96.91251373291016,27.660000000000004,74.02885437011719,27.66,94.44670104980467
28.01,91.57177734375,27.67,97.6645050048828,27.67,96.91757202148438,27.67,74.02830505371094,27.67,94.51498413085938
28.02,91.6058120727539,27.68,97.64476013183594,27.68,96.9152374267578,27.68,74.0311279296875,27.68,94.5638198852539
28.03,91.62828063964844,27.69,97.62479400634766,27.69,96.91127014160156,27.690000000000005,74.03863525390625,27.69,94.58805084228516
28.040000000000003,91.64554595947266,27.7,97.61170959472656,27.7,96.91007995605467,27.700000000000003,74.04566955566406,27.7,94.59693145751952
28.05,91.66545104980467,27.71,97.61125946044922,27.71,96.9020004272461,27.71,74.04627227783203,27.71,94.6001205444336
28.06,91.67832946777344,27.72,97.6176528930664,27.72,96.8920440673828,27.72,74.0472412109375,27.72,94.60401153564452
28.07,91.68511962890624,27.73,97.6255340576172,27.73,96.88782501220705,27.730000000000004,74.04530334472656,27.73,94.61135864257812
28.08,91.67977142333984,27.74,97.63883209228516,27.74,96.88655090332033,27.74,74.0430679321289,27.74,94.62865447998048
28.09,91.6621322631836,27.75,97.6565399169922,27.75,96.88721466064452,27.75,74.04059600830078,27.75,94.65608215332033
28.1,91.6549301147461,27.76,97.67530822753906,27.76,96.89306640625,27.760000000000005,74.04017639160156,27.76,94.69032287597656
28.11,91.6447982788086,27.77,97.69245910644533,27.77,96.90298461914062,27.770000000000003,74.0395278930664,27.77,94.7325668334961
28.12,91.63463592529295,27.78,97.70730590820312,27.78,96.91265106201172,27.78,74.03777313232422,27.78,94.77198791503906
28.13,91.6335678100586,27.790000000000003,97.72244262695312,27.790000000000003,96.9241180419922,27.79,74.0351791381836,27.790000000000003,94.80291748046876
28.14,91.6310043334961,27.8,97.73504638671876,27.8,96.93134307861328,27.800000000000004,74.0338134765625,27.8,94.82952117919922
28.15,91.62046813964844,27.81,97.75048065185548,27.81,96.94224548339844,27.81,74.03269958496094,27.81,94.85885620117188
28.16,91.60945892333984,27.82,97.7635726928711,27.82,96.95549011230467,27.82,74.03229522705078,27.82,94.89238739013672
28.17,91.592041015625,27.83,97.77436065673828,27.83,96.97990417480467,27.830000000000005,74.03156280517578,27.83,94.92532348632812
28.18,91.565185546875,27.84,97.7840347290039,27.84,97.00469970703124,27.840000000000003,74.03050231933594,27.84,94.9555435180664
28.19,91.5380859375,27.85,97.79249572753906,27.85,97.02769470214844,27.85,74.02992248535156,27.85,94.98395538330078
28.2,91.51009368896484,27.86,97.79832458496094,27.860000000000003,97.04598999023438,27.86,74.03014373779297,27.860000000000003,95.0130615234375
28.21,91.4969711303711,27.87,97.80184173583984,27.87,97.07112121582033,27.870000000000005,74.02984619140625,27.87,95.04379272460938
28.22,91.48419189453124,27.88,97.80231475830078,27.88,97.09876251220705,27.880000000000003,74.03081512451172,27.88,95.07659149169922
28.23,91.46104431152344,27.89,97.7993621826172,27.89,97.11705780029295,27.89,74.03044128417969,27.89,95.1203155517578
28.24,91.435791015625,27.9,97.79377746582033,27.9,97.12296295166016,27.90000000000001,74.03118896484375,27.9,95.1666488647461
28.25,91.4118881225586,27.91,97.78583526611328,27.91,97.11509704589844,27.910000000000004,74.03191375732422,27.91,95.21424865722656
28.26,91.37894439697266,27.92,97.7749481201172,27.92,97.1082534790039,27.92,74.03143310546875,27.92,95.25890350341795
28.27,91.3413543701172,27.93,97.76360321044922,27.93,97.10749816894533,27.93,74.02984619140625,27.93,95.29785919189452
28.28,91.31210327148438,27.94,97.7519073486328,27.94,97.10675811767578,27.940000000000005,74.0291748046875,27.94,95.34139251708984
28.290000000000003,91.28260803222656,27.95,97.74002075195312,27.95,97.09337615966795,27.950000000000003,74.02674102783203,27.95,95.39473724365234
28.3,91.25033569335938,27.96,97.72795867919922,27.96,97.08130645751952,27.96,74.02430725097656,27.96,95.4758758544922
28.31,91.21043395996094,27.97,97.71788024902344,27.97,97.07464599609376,27.97,74.02483367919922,27.97,95.57069396972656
28.32,91.1645278930664,27.98,97.70933532714844,27.98,97.06529235839844,27.980000000000004,74.02629852294922,27.98,95.67601776123048
28.33,91.12326049804688,27.99,97.69985961914062,27.99,97.05036163330078,27.99,74.02621459960938,27.99,95.77212524414062
28.34,91.08098602294922,28.0,97.6873550415039,28.0,97.04259490966795,28.0,74.02696228027344,28.0,95.8512191772461
28.35,91.03121185302734,28.01,97.67769622802734,28.01,97.03690338134766,28.010000000000005,74.02628326416016,28.01,95.88538360595705
28.36,90.97882843017578,28.02,97.66991424560548,28.02,97.03314971923828,28.020000000000003,74.02679443359375,28.02,95.87548828125
28.37,90.92607879638672,28.03,97.6611328125,28.03,97.0294189453125,28.03,74.02787780761719,28.03,95.82656860351562
28.38,90.8674545288086,28.040000000000003,97.65076446533205,28.040000000000003,97.0185317993164,28.04,74.02983093261719,28.040000000000003,95.7495346069336
28.39,90.80701446533205,28.05,97.64439392089844,28.05,97.00243377685548,28.050000000000004,74.03263854980469,28.05,95.67170715332033
28.4,90.7405014038086,28.06,97.64016723632812,28.06,96.98657989501952,28.06,74.03617858886719,28.06,95.60368347167967
28.41,90.67229461669922,28.07,97.6366195678711,28.07,96.9702606201172,28.07,74.03890991210938,28.07,95.54633331298828
28.42,90.60041809082033,28.08,97.63493347167967,28.08,96.9544448852539,28.080000000000005,74.04019927978516,28.08,95.50473022460938
28.43,90.5324478149414,28.09,97.6360321044922,28.09,96.9408950805664,28.090000000000003,74.04148864746094,28.09,95.47513580322266
28.44,90.46007537841795,28.1,97.63948059082033,28.1,96.9340362548828,28.1,74.04627227783203,28.1,95.45431518554688
28.45,90.38672637939452,28.11,97.64879608154295,28.110000000000003,96.92974090576172,28.11,74.04997253417969,28.110000000000003,95.44513702392578
28.46,90.30778503417967,28.12,97.65521240234376,28.12,96.9227523803711,28.120000000000005,74.0527114868164,28.12,95.43995666503906
28.47,90.22884368896484,28.13,97.66117095947266,28.13,96.91011810302734,28.130000000000003,74.0568618774414,28.13,95.4397430419922
28.48,90.1430435180664,28.14,97.66212463378906,28.14,96.90032196044922,28.14,74.06298828125,28.14,95.4451675415039
28.49,90.05306243896484,28.15,97.6617431640625,28.15,96.8930892944336,28.15000000000001,74.0661849975586,28.15,95.45621490478516
28.5,89.96961975097656,28.16,97.66195678710938,28.16,96.88359832763672,28.160000000000004,74.0696029663086,28.16,95.47173309326172
28.51,89.87263488769531,28.17,97.66081237792967,28.17,96.87208557128906,28.17,74.07374572753906,28.17,95.48400115966795
28.52,89.77091217041016,28.18,97.65949249267578,28.18,96.853759765625,28.18,74.0771484375,28.18,95.4891128540039
28.53,89.66822814941406,28.19,97.65543365478516,28.19,96.83335876464844,28.190000000000005,74.08065032958984,28.19,95.49030303955078
28.540000000000003,89.56354522705078,28.2,97.64994049072266,28.2,96.81211853027344,28.200000000000003,74.08309936523438,28.2,95.4921417236328
28.55,89.45584869384766,28.21,97.65171813964844,28.21,96.7911148071289,28.21,74.08590698242188,28.21,95.4933624267578
28.56,89.33887481689453,28.22,97.65692138671876,28.22,96.77162170410156,28.22,74.08832550048828,28.22,95.49755096435548
28.57,89.20388793945312,28.23,97.66077423095705,28.23,96.7636489868164,28.230000000000004,74.08897399902344,28.23,95.5075454711914
28.58,89.05400085449219,28.24,97.66522979736328,28.24,96.75850677490234,28.24,74.09141540527344,28.24,95.51782989501952
28.59,88.89144897460938,28.25,97.67053985595705,28.25,96.73792266845705,28.25,74.09603118896484,28.25,95.52516174316406
28.6,88.70298767089844,28.26,97.6753387451172,28.26,96.71221160888672,28.260000000000005,74.09965515136719,28.26,95.52639770507812
28.61,88.48573303222656,28.27,97.67700958251952,28.27,96.6870346069336,28.270000000000003,74.1004638671875,28.27,95.5245132446289
28.62,88.2481460571289,28.28,97.6759796142578,28.28,96.65435028076172,28.28,74.10236358642578,28.28,95.52490234375
28.63,87.98110961914062,28.290000000000003,97.6758804321289,28.290000000000003,96.6228256225586,28.29,74.10479736328125,28.290000000000003,95.5296401977539
28.64,87.7020492553711,28.3,97.68362426757812,28.3,96.5938949584961,28.300000000000004,74.10564422607422,28.3,95.53480529785156
28.65,87.40563201904297,28.31,97.69514465332033,28.31,96.56047821044922,28.31,74.10528564453125,28.31,95.53932189941406
28.66,87.09082794189453,28.32,97.7079849243164,28.32,96.52061462402344,28.32,74.10414123535156,28.32,95.5401611328125
28.67,86.76642608642578,28.33,97.72110748291016,28.33,96.478759765625,28.330000000000005,74.1034164428711,28.33,95.54281616210938
28.68,86.39244842529297,28.34,97.73433685302734,28.34,96.43595886230467,28.340000000000003,74.10367584228516,28.34,95.54613494873048
28.69,86.00633239746094,28.35,97.74601745605467,28.35,96.3870086669922,28.35,74.1036148071289,28.35,95.55175018310548
28.7,85.61455535888672,28.36,97.7580108642578,28.360000000000003,96.33578491210938,28.36,74.10385131835938,28.360000000000003,95.55921936035156
28.71,85.19458770751953,28.37,97.77051544189452,28.37,96.28504943847656,28.370000000000005,74.10257720947266,28.37,95.56761932373048
28.72,84.74649810791016,28.38,97.78216552734376,28.38,96.22299194335938,28.380000000000003,74.104736328125,28.38,95.57160186767578
28.73,84.27827453613281,28.39,97.79059600830078,28.39,96.15062713623048,28.39,74.10488891601562,28.39,95.57030487060548
28.74,83.78899383544922,28.4,97.80069732666016,28.4,96.06412506103516,28.40000000000001,74.10697174072266,28.4,95.56621551513672
28.75,83.31012725830078,28.41,97.81828308105467,28.41,95.96930694580078,28.410000000000004,74.10910034179688,28.41,95.56450653076172
28.76,82.8680191040039,28.42,97.82456970214844,28.42,95.8678970336914,28.42,74.11023712158203,28.42,95.56370544433594
28.77,82.45675659179688,28.43,97.82355499267578,28.43,95.7679214477539,28.43,74.11219024658203,28.43,95.56777954101562
28.78,81.99668884277344,28.44,97.82190704345705,28.44,95.66552734375,28.440000000000005,74.11328125,28.44,95.57354736328124
28.790000000000003,81.48888397216797,28.45,97.818359375,28.45,95.55270385742188,28.450000000000003,74.11736297607422,28.45,95.586181640625
28.8,80.98237609863281,28.46,97.81219482421876,28.46,95.42655181884766,28.46,74.1232681274414,28.46,95.6014633178711
28.81,80.46784973144531,28.47,97.80409240722656,28.47,95.30127716064452,28.47,74.12841033935547,28.47,95.6166000366211
28.82,79.93402099609375,28.48,97.7939224243164,28.48,95.18031311035156,28.480000000000004,74.13155364990234,28.48,95.63743591308594
28.83,79.4008560180664,28.49,97.7807388305664,28.49,95.05304718017578,28.49,74.1347427368164,28.49,95.66289520263672
28.84,78.81791687011719,28.5,97.7700653076172,28.5,94.91442108154295,28.5,74.13707733154297,28.5,95.69359588623048
28.85,78.29862976074219,28.51,97.7752914428711,28.51,94.75143432617188,28.510000000000005,74.1383056640625,28.51,95.72203826904295
28.86,77.75273895263672,28.52,97.79193115234376,28.52,94.57139587402344,28.520000000000003,74.13397979736328,28.52,95.74365234375
28.87,77.29119873046875,28.53,97.82411193847656,28.53,94.3756866455078,28.53,74.12843322753906,28.53,95.74842071533205
28.88,76.78335571289062,28.540000000000003,97.87320709228516,28.540000000000003,94.163818359375,28.54,74.12220764160156,28.540000000000003,95.7332000732422
28.89,76.27592468261719,28.55,97.9434814453125,28.55,93.93031311035156,28.550000000000004,74.11547088623047,28.55,95.69635772705078
28.9,75.73613739013672,28.56,98.03143310546876,28.56,93.67608642578124,28.56,74.10828399658203,28.56,95.65025329589844
28.91,75.12028503417969,28.57,98.13653564453124,28.57,93.40071868896484,28.57,74.1020736694336,28.57,95.60651397705078
28.92,74.44957733154297,28.58,98.25699615478516,28.58,93.10408020019533,28.580000000000005,74.09127807617188,28.58,95.56224060058594
28.93,73.727294921875,28.59,98.39118194580078,28.59,92.80223846435548,28.590000000000003,74.08084106445312,28.59,95.51504516601562
28.94,72.99683380126953,28.6,98.5378646850586,28.6,92.47261810302734,28.6,74.07286834716797,28.6,95.46562957763672
28.95,72.2757339477539,28.61,98.69285583496094,28.610000000000003,92.11891174316406,28.61,74.06681823730469,28.610000000000003,95.4140625
28.96,71.54478454589844,28.62,98.86048889160156,28.62,91.74561309814452,28.620000000000005,74.05789184570312,28.62,95.36031341552734
28.97,70.77291107177734,28.63,99.03530883789062,28.63,91.35769653320312,28.630000000000003,74.04633331298828,28.63,95.30103302001952
28.98,69.9869384765625,28.64,99.22201538085938,28.64,90.96438598632812,28.64,74.03347778320312,28.64,95.2319107055664
28.99,69.26209259033203,28.65,99.42382049560548,28.65,90.53528594970705,28.65000000000001,74.02362060546875,28.65,95.1483383178711
29.0,68.58197784423828,28.66,99.64519500732422,28.66,90.0747299194336,28.660000000000004,74.02156829833984,28.66,95.05069732666016
29.01,67.94092559814453,28.67,99.88497161865234,28.67,89.57453155517578,28.67,74.01496887207031,28.67,94.95050811767578
29.02,67.30858612060547,28.68,100.13866424560548,28.68,89.0550308227539,28.68,73.9939956665039,28.68,94.85797119140624
29.03,66.64643096923828,28.69,100.39874267578124,28.69,88.50305938720703,28.690000000000005,73.96003723144531,28.69,94.76221466064452
29.040000000000003,65.9337158203125,28.7,100.65814971923828,28.7,87.87657928466797,28.700000000000003,73.925048828125,28.7,94.6676788330078
29.05,65.20565795898438,28.71,100.91072845458984,28.71,87.22853088378906,28.71,73.89095306396484,28.71,94.5909194946289
29.06,64.42664337158203,28.72,101.15756225585938,28.72,86.5450439453125,28.72,73.85791015625,28.72,94.53142547607422
29.07,63.62109756469727,28.73,101.39796447753906,28.73,85.82209777832031,28.730000000000004,73.8289566040039,28.73,94.49845886230467
29.08,62.80144119262695,28.74,101.6338882446289,28.74,85.06645202636719,28.74,73.80875396728516,28.74,94.50154113769533
29.09,61.99085998535156,28.75,101.86946868896484,28.75,84.26519012451172,28.75,73.79901885986328,28.75,94.5335922241211
29.1,61.237266540527344,28.76,102.10663604736328,28.76,83.40815734863281,28.760000000000005,73.80077362060547,28.76,94.57501220703124
29.11,60.49850463867188,28.77,102.34778594970705,28.77,82.49173736572266,28.770000000000003,73.81835174560547,28.77,94.61280822753906
29.12,59.777381896972656,28.78,102.59405517578124,28.78,81.5938720703125,28.78,73.86343383789062,28.78,94.63378143310548
29.13,59.06596374511719,28.790000000000003,102.8435287475586,28.790000000000003,80.79216766357422,28.79,73.93138122558594,28.790000000000003,94.66063690185548
29.14,58.32263946533203,28.8,103.0967788696289,28.8,80.03410339355469,28.800000000000004,74.00244903564453,28.8,94.69349670410156
29.15,57.58925628662109,28.81,103.35669708251952,28.81,79.3203353881836,28.81,74.06183624267578,28.81,94.72779846191406
29.16,56.890281677246094,28.82,103.61800384521484,28.82,78.6100082397461,28.82,74.09540557861328,28.82,94.7573471069336
29.17,56.22728729248047,28.83,103.88142395019533,28.83,77.869873046875,28.830000000000005,74.10388946533203,28.83,94.81293487548828
29.18,55.5737419128418,28.84,104.15280151367188,28.84,77.06712341308594,28.840000000000003,74.09809875488281,28.84,94.9492416381836
29.19,54.95458984375,28.85,104.44093322753906,28.85,76.22669219970703,28.85,74.08528900146484,28.85,95.18611145019533
29.2,54.33477020263672,28.86,104.74317932128906,28.860000000000003,75.37240600585938,28.86,74.07632446289062,28.860000000000003,95.52685546875
29.21,53.702274322509766,28.87,105.04976654052734,28.87,74.4966049194336,28.870000000000005,74.07717895507812,28.87,95.91053771972656
29.22,53.08351516723633,28.88,105.35787200927734,28.88,73.59382629394531,28.880000000000003,74.08504486083984,28.88,96.26311492919922
29.23,52.46809768676758,28.89,105.66512298583984,28.89,72.69489288330078,28.89,74.0975570678711,28.89,96.55365753173828
29.24,51.86653518676758,28.9,105.9700927734375,28.9,71.84536743164062,28.90000000000001,74.12728881835938,28.9,96.7255859375
29.25,51.26534652709961,28.91,106.2702178955078,28.91,70.9803466796875,28.910000000000004,74.177978515625,28.91,96.72147369384766
29.26,50.653602600097656,28.92,106.5594482421875,28.92,70.11138916015625,28.92,74.23661041259766,28.92,96.62450408935548
29.27,50.043113708496094,28.93,106.82740783691406,28.93,69.19528198242188,28.93,74.28961181640625,28.93,96.51417541503906
29.28,49.431583404541016,28.94,107.08228302001952,28.94,68.29996490478516,28.940000000000005,74.3349838256836,28.94,96.42617797851562
29.290000000000003,48.81035232543945,28.95,107.33191680908205,28.95,67.5289535522461,28.950000000000003,74.37715911865234,28.95,96.35157775878906
29.3,48.203155517578125,28.96,107.57577514648438,28.96,66.80994415283203,28.96,74.4180908203125,28.96,96.33753967285156
29.31,47.60658645629883,28.97,107.81170654296876,28.97,65.98828887939453,28.97,74.45987701416016,28.97,96.39124298095705
29.32,46.99518966674805,28.98,108.02605438232422,28.98,65.06466674804688,28.980000000000004,74.50567626953125,28.98,96.47157287597656
29.33,46.34732055664063,28.99,108.22208404541016,28.99,64.17317199707031,28.99,74.55988311767578,28.99,96.47389221191406
29.34,45.64901351928711,29.0,108.42082214355467,29.0,63.2279167175293,29.0,74.61605072021484,29.0,96.32795715332033
29.35,44.93266677856445,29.01,108.60189056396484,29.01,62.317508697509766,29.010000000000005,74.66507720947266,29.01,96.02984619140624
29.36,44.21014404296875,29.02,108.76599884033205,29.02,61.49373245239258,29.020000000000003,74.70976257324219,29.02,95.64064025878906
29.37,43.47465133666992,29.03,108.9160385131836,29.03,60.69863128662109,29.03,74.74375915527344,29.03,95.20629119873048
29.38,42.72896957397461,29.040000000000003,109.04528045654295,29.040000000000003,59.93207931518555,29.04,74.76727294921875,29.040000000000003,94.79569244384766
29.39,41.9810676574707,29.05,109.1633071899414,29.05,59.24869918823242,29.050000000000004,74.78620910644531,29.05,94.39391326904295
29.4,41.256961822509766,29.06,109.2824249267578,29.06,58.622894287109375,29.06,74.7984390258789,29.06,93.97628784179688
29.41,40.55952453613281,29.07,109.3939437866211,29.07,58.00931930541992,29.07,74.81071472167969,29.07,93.5664291381836
29.42,39.86150360107422,29.08,109.49262237548828,29.08,57.40321350097656,29.080000000000005,74.82481384277344,29.08,93.21461486816406
29.43,39.14582824707031,29.09,109.57881927490234,29.09,56.7766227722168,29.090000000000003,74.83712768554688,29.09,92.90798950195312
29.44,38.419395446777344,29.1,109.65319061279295,29.1,56.13179016113281,29.1,74.84735870361328,29.1,92.54298400878906
29.45,37.69081497192383,29.11,109.72193145751952,29.110000000000003,55.54299545288086,29.11,74.85880279541016,29.110000000000003,92.01280975341795
29.46,36.95242691040039,29.12,109.78702545166016,29.12,54.92535400390625,29.120000000000005,74.86006164550781,29.12,91.31023406982422
29.47,36.19684600830078,29.13,109.85665130615234,29.13,54.27593231201172,29.130000000000003,74.85865783691406,29.13,90.45086669921876
29.48,35.4336051940918,29.14,109.93622589111328,29.14,53.60693359375,29.14,74.8566665649414,29.14,89.50270080566406
29.49,34.667205810546875,29.15,110.02908325195312,29.15,52.92866897583008,29.15000000000001,74.84851837158203,29.15,88.4754867553711
29.5,33.88913345336914,29.16,110.13420104980467,29.16,52.29458618164063,29.160000000000004,74.8403549194336,29.16,87.40120697021484
29.51,33.04864883422852,29.17,110.25694274902344,29.17,51.71944808959961,29.17,74.83573150634766,29.17,86.38128662109375
29.52,32.216346740722656,29.18,110.39694213867188,29.18,51.1366081237793,29.18,74.83387756347656,29.18,85.596923828125
29.53,31.353466033935547,29.19,110.54602813720705,29.19,50.51626586914063,29.190000000000005,74.8423843383789,29.19,85.09253692626953
29.540000000000003,30.491804122924805,29.2,110.70752716064452,29.2,49.91062927246094,29.200000000000003,74.85968780517578,29.2,84.79925537109375
29.55,29.64934730529785,29.21,110.8743896484375,29.21,49.32096099853516,29.21,74.88123321533203,29.21,84.51227569580078
29.56,28.813182830810547,29.22,111.04129028320312,29.22,48.72669982910156,29.22,74.90361022949219,29.22,84.14627838134766
29.57,27.987768173217773,29.23,111.20164489746094,29.23,48.1205940246582,29.230000000000004,74.93086242675781,29.23,83.70426177978516
29.58,27.159772872924805,29.24,111.35655975341795,29.24,47.49627685546875,29.24,74.95336151123047,29.24,83.2613525390625
29.59,26.32235336303711,29.25,111.51226806640624,29.25,46.85898208618164,29.25,74.96333312988281,29.25,82.8720703125
29.6,25.494443893432617,29.26,111.666015625,29.26,46.22631072998047,29.260000000000005,74.95891571044922,29.26,82.53620147705078
29.61,24.67241859436035,29.27,111.81327056884766,29.27,45.57161712646485,29.270000000000003,74.94509887695312,29.27,82.22245788574219
29.62,23.846237182617188,29.28,111.96190643310548,29.28,44.86221694946289,29.28,74.92728424072266,29.28,81.9444808959961
29.63,23.04201889038086,29.290000000000003,112.11788177490234,29.290000000000003,44.11106491088867,29.29,74.9063491821289,29.290000000000003,81.70293426513672
29.64,22.27997398376465,29.3,112.2720718383789,29.3,43.34347152709961,29.300000000000004,74.88309478759766,29.3,81.49964904785156
29.65,21.54338455200196,29.31,112.41790771484376,29.31,42.56646347045898,29.31,74.85887145996094,29.31,81.3012924194336
29.66,20.81204414367676,29.32,112.55508422851562,29.32,41.80016326904297,29.32,74.83881378173828,29.32,81.07357788085938
29.67,20.090246200561523,29.33,112.69353485107422,29.33,41.06811141967773,29.330000000000005,74.81703186035156,29.33,80.78240966796875
29.68,19.373855590820312,29.34,112.83450317382812,29.34,40.37044525146485,29.340000000000003,74.79493713378906,29.34,80.41349792480469
29.69,18.676483154296875,29.35,112.98314666748048,29.35,39.70942306518555,29.35,74.76609802246094,29.35,79.94957733154297
29.7,18.007108688354492,29.36,113.13523864746094,29.360000000000003,39.05099487304688,29.36,74.73214721679688,29.360000000000003,79.41401672363281
29.71,17.368125915527344,29.37,113.30470275878906,29.37,38.35561752319336,29.370000000000005,74.69770050048828,29.37,78.88955688476562
29.72,16.752500534057617,29.38,113.48809814453124,29.38,37.62663650512695,29.380000000000003,74.6642074584961,29.38,78.48159790039062
29.73,16.145465850830078,29.39,113.68279266357422,29.39,36.88164520263672,29.39,74.62680053710938,29.39,78.22847747802734
29.74,15.551542282104492,29.4,113.88864135742188,29.4,36.121219635009766,29.40000000000001,74.58306121826172,29.4,78.15299224853516
29.75,14.934011459350586,29.41,114.11824035644533,29.41,35.3299560546875,29.410000000000004,74.528076171875,29.41,78.19544982910156
29.76,14.337162017822266,29.42,114.33992004394533,29.42,34.50405502319336,29.42,74.45515441894531,29.42,78.26515197753906
29.77,13.775635719299316,29.43,114.54533386230467,29.43,33.703948974609375,29.43,74.37230682373047,29.43,78.31375885009766
29.78,13.244705200195312,29.44,114.74559020996094,29.44,32.95742416381836,29.440000000000005,74.26698303222656,29.44,78.33277130126953
29.790000000000003,12.751235961914062,29.45,114.93500518798828,29.45,32.232017517089844,29.450000000000003,74.14387512207031,29.45,78.34317779541016
29.8,12.29160976409912,29.46,115.10589599609376,29.46,31.499446868896484,29.46,74.0200424194336,29.46,78.35484313964844
29.81,11.855929374694824,29.47,115.26666259765624,29.47,30.780536651611328,29.47,73.90766143798828,29.47,78.35453796386719
29.82,11.4463529586792,29.48,115.42483520507812,29.48,30.065723419189453,29.480000000000004,73.81044006347656,29.48,78.33405303955078
29.83,11.05807876586914,29.49,115.60064697265624,29.49,29.317365646362305,29.49,73.73298645019531,29.49,78.32965850830078
29.84,10.687000274658203,29.5,115.79300689697266,29.5,28.52088737487793,29.5,73.66674041748047,29.5,78.3745346069336
29.85,10.33844757080078,29.51,115.99473571777344,29.51,27.698144912719727,29.510000000000005,73.61779022216797,29.51,78.48076629638672
29.86,10.023746490478516,29.52,116.1842041015625,29.52,26.8739070892334,29.520000000000003,73.57986450195312,29.52,78.62261962890625
29.87,9.744199752807615,29.53,116.34735107421876,29.53,26.06639289855957,29.53,73.55047607421875,29.53,78.79437255859375
29.88,9.499577522277832,29.540000000000003,116.50179290771484,29.540000000000003,25.28569221496582,29.54,73.53124237060547,29.540000000000003,78.97779846191406
29.89,9.276399612426758,29.55,116.65170288085938,29.55,24.52620887756348,29.550000000000004,73.5180435180664,29.55,79.17163848876953
29.9,9.06023406982422,29.56,116.78753662109376,29.56,23.810829162597656,29.56,73.50714874267578,29.56,79.37659454345703
29.91,8.843831062316895,29.57,116.90335083007812,29.57,23.10857582092285,29.57,73.49723815917969,29.57,79.56442260742188
29.92,8.616680145263672,29.58,117.00101470947266,29.58,22.406688690185547,29.580000000000005,73.48686981201172,29.58,79.73860168457031
29.93,8.37562084197998,29.59,117.07589721679688,29.59,21.722959518432617,29.590000000000003,73.47881317138672,29.59,79.94279479980469
29.94,8.129648208618164,29.6,117.1317138671875,29.6,21.05788803100586,29.6,73.4737319946289,29.6,80.1965560913086
29.95,7.880859851837158,29.61,117.1634750366211,29.610000000000003,20.375438690185547,29.61,73.47315979003906,29.610000000000003,80.50642395019531
29.96,7.638556003570557,29.62,117.17356872558594,29.62,19.702367782592773,29.620000000000005,73.47953796386719,29.62,80.86598205566406
29.97,7.410660266876221,29.63,117.16290283203124,29.63,19.075559616088867,29.630000000000003,73.49506378173828,29.63,81.28970336914062
29.98,7.207120418548584,29.64,117.13275146484376,29.64,18.515039443969727,29.64,73.51901245117188,29.64,81.76210021972656
29.99,7.025491237640381,29.65,117.08688354492188,29.65,17.97964859008789,29.65000000000001,73.54866027832031,29.65,82.27942657470703
30.0,6.867541790008545,29.66,117.0247802734375,29.66,17.46877670288086,29.660000000000004,73.58409118652344,29.66,82.7964096069336
30.01,6.729645252227783,29.67,116.95008850097656,29.67,16.971927642822266,29.67,73.62999725341797,29.67,83.28291320800781
30.02,6.612082481384277,29.68,116.8688735961914,29.68,16.495906829833984,29.68,73.68882751464844,29.68,83.74078369140625
30.03,6.51646614074707,29.69,116.78882598876952,29.69,16.031728744506836,29.690000000000005,73.7541275024414,29.69,84.2327880859375
30.040000000000003,6.435520172119141,29.7,116.71044158935548,29.7,15.56471824645996,29.700000000000003,73.82290649414062,29.7,84.81343078613281
30.05,6.37151575088501,29.71,116.62944793701172,29.71,15.100473403930664,29.71,73.89216613769531,29.71,85.4732894897461
30.06,6.323459148406982,29.72,116.54975128173828,29.72,14.656291007995604,29.72,73.96240997314453,29.72,86.17118835449219
30.07,6.292033672332764,29.73,116.46954345703124,29.73,14.244582176208496,29.730000000000004,74.03568267822266,29.73,86.9107666015625
30.08,6.275676727294922,29.74,116.38680267333984,29.74,13.85477352142334,29.74,74.11934661865234,29.74,87.66099548339844
30.09,6.261112213134766,29.75,116.29741668701172,29.75,13.473278999328612,29.75,74.20968627929688,29.75,88.38578796386719
30.1,6.2346696853637695,29.76,116.1969223022461,29.76,13.0811767578125,29.760000000000005,74.30223846435547,29.76,89.058349609375
30.11,6.187704086303711,29.77,116.08695220947266,29.77,12.685239791870115,29.770000000000003,74.3951644897461,29.77,89.7200698852539
30.12,6.128561973571777,29.78,115.97190856933594,29.78,12.305971145629885,29.78,74.48631286621094,29.78,90.4087905883789
30.13,6.069694519042969,29.790000000000003,115.8536605834961,29.790000000000003,11.968286514282228,29.79,74.57552337646484,29.790000000000003,91.01226043701172
30.14,6.007673740386963,29.8,115.73353576660156,29.8,11.690644264221191,29.800000000000004,74.661865234375,29.8,91.4812469482422
30.15,5.9396491050720215,29.81,115.61338806152344,29.81,11.467276573181152,29.81,74.74095916748047,29.81,91.92413330078124
30.16,5.880886077880859,29.82,115.4916763305664,29.82,11.273958206176758,29.82,74.80921936035156,29.82,92.4057846069336
30.17,5.833106994628906,29.83,115.36988067626952,29.83,11.086929321289062,29.830000000000005,74.86918640136719,29.83,92.91141510009766
30.18,5.802483558654785,29.84,115.25366973876952,29.84,10.871332168579102,29.840000000000003,74.9226303100586,29.84,93.4154815673828
30.19,5.793732166290283,29.85,115.14299774169922,29.85,10.613986015319824,29.85,74.96924591064453,29.85,93.95960235595705
30.2,5.808623313903809,29.86,115.03966522216795,29.860000000000003,10.324827194213867,29.86,75.01005554199219,29.860000000000003,94.59148406982422
30.21,5.841300964355469,29.87,114.94325256347656,29.87,10.026756286621094,29.870000000000005,75.04304504394531,29.87,95.30723571777344
30.22,5.874845027923584,29.88,114.85741424560548,29.88,9.741086959838867,29.880000000000003,75.06501770019531,29.88,96.07746124267578
30.23,5.913480281829834,29.89,114.77899932861328,29.89,9.492524147033691,29.89,75.07835388183594,29.89,96.82418823242188
30.24,5.938636779785156,29.9,114.711669921875,29.9,9.27907657623291,29.90000000000001,75.08463287353516,29.9,97.48255157470705
30.25,5.947780609130859,29.91,114.6601791381836,29.91,9.091571807861328,29.910000000000004,75.0911636352539,29.91,98.04886627197266
30.26,5.940552234649658,29.92,114.62167358398438,29.92,8.920021057128906,29.92,75.09658813476562,29.92,98.58000183105467
30.27,5.9223408699035645,29.93,114.59317779541016,29.93,8.76253890991211,29.93,75.10411834716797,29.93,99.14226531982422
30.28,5.897021770477295,29.94,114.5726089477539,29.94,8.631991386413574,29.940000000000005,75.1080093383789,29.94,99.7632064819336
30.290000000000003,5.856929779052734,29.95,114.5545654296875,29.95,8.53081226348877,29.950000000000003,75.109130859375,29.95,100.41104888916016
30.3,5.847897052764893,29.96,114.53339385986328,29.96,8.45524787902832,29.96,75.11183166503906,29.96,101.03204345703124
30.31,5.860190391540527,29.97,114.51293182373048,29.97,8.388203620910645,29.97,75.11450958251953,29.97,101.58952331542967
30.32,5.884415149688721,29.98,114.492919921875,29.98,8.31589126586914,29.980000000000004,75.12138366699219,29.98,102.13706970214844
30.33,5.92067289352417,29.99,114.4688720703125,29.99,8.234448432922363,29.99,75.127197265625,29.99,102.67269897460938
30.34,5.967710018157959,30.0,114.44647216796876,30.0,8.148594856262207,30.0,75.12822723388672,30.0,103.1744384765625
30.35,6.022455215454102,30.01,114.42343139648438,30.01,8.070462226867676,30.010000000000005,75.13102722167969,30.01,103.67341613769533
30.36,6.085371971130371,30.02,114.40193176269533,30.02,8.008917808532715,30.020000000000003,75.13465881347656,30.02,104.17681884765624
30.37,6.147721290588379,30.03,114.38341522216795,30.03,7.968211650848389,30.03,75.13932037353516,30.03,104.64647674560548
30.38,6.204293727874756,30.040000000000003,114.3653335571289,30.040000000000003,7.945478439331055,30.04,75.1472396850586,30.040000000000003,105.0945053100586
30.39,6.249461650848389,30.05,114.34969329833984,30.05,7.922787666320801,30.050000000000004,75.1544418334961,30.05,105.56096649169922
30.4,6.284999370574951,30.06,114.3402099609375,30.06,7.897552013397217,30.06,75.16425323486328,30.06,106.06887817382812
30.41,6.315310955047607,30.07,114.33428192138672,30.07,7.866612911224365,30.07,75.17582702636719,30.07,106.59478759765624
30.42,6.332690238952637,30.08,114.32684326171876,30.08,7.826893329620361,30.080000000000005,75.18775177001953,30.08,107.07080078125
30.43,6.3325910568237305,30.09,114.31773376464844,30.09,7.77772045135498,30.090000000000003,75.1969985961914,30.09,107.4641571044922
30.44,6.322142124176025,30.1,114.30584716796876,30.1,7.720816612243652,30.1,75.20503997802734,30.1,107.79017639160156
30.45,6.313019752502441,30.11,114.29227447509766,30.110000000000003,7.661995887756348,30.11,75.21361541748047,30.110000000000003,108.09049987792967
30.46,6.304051876068115,30.12,114.27870178222656,30.12,7.606090545654297,30.120000000000005,75.22267150878906,30.12,108.37492370605467
30.47,6.297049522399902,30.13,114.26329040527344,30.13,7.555668354034424,30.130000000000003,75.22989654541016,30.13,108.65803527832033
30.48,6.28974199295044,30.14,114.24371337890624,30.14,7.507046699523926,30.14,75.23514556884766,30.14,108.9526824951172
30.49,6.276206970214844,30.15,114.2197494506836,30.15,7.462759971618652,30.15000000000001,75.23918151855469,30.15,109.25946807861328
30.5,6.258139133453369,30.16,114.194580078125,30.16,7.422770977020264,30.160000000000004,75.2435302734375,30.16,109.57709503173828
30.51,6.234332084655762,30.17,114.17159271240234,30.17,7.383806228637695,30.17,75.24361419677734,30.17,109.90364837646484
30.52,6.216311931610107,30.18,114.15138244628906,30.18,7.368178844451904,30.18,75.23934173583984,30.18,110.23474884033205
30.53,6.197587013244629,30.19,114.1350326538086,30.19,7.335165977478027,30.190000000000005,75.23384094238281,30.19,110.54935455322266
30.540000000000003,6.182076930999756,30.2,114.12035369873048,30.2,7.3239593505859375,30.200000000000003,75.22863006591797,30.2,110.8368682861328
30.55,6.176252841949463,30.21,114.10769653320312,30.21,7.279630661010742,30.21,75.22056579589844,30.21,111.1105499267578
30.56,6.185046672821045,30.22,114.0953598022461,30.22,7.159756660461426,30.22,75.2119140625,30.22,111.3863525390625
30.57,6.211911678314209,30.23,114.08541870117188,30.23,7.04358434677124,30.230000000000004,75.20429229736328,30.23,111.64049530029295
30.58,6.245039463043213,30.24,114.08428955078124,30.24,6.949649810791016,30.24,75.19508361816406,30.24,111.88352966308594
30.59,6.2784271240234375,30.25,114.08782196044922,30.25,6.892350196838379,30.25,75.18437194824219,30.25,112.10964965820312
30.6,6.30998420715332,30.26,114.09354400634766,30.26,6.893110752105713,30.260000000000005,75.172119140625,30.26,112.29940795898438
30.61,6.332965850830078,30.27,114.09581756591795,30.27,6.911205291748047,30.270000000000003,75.16111755371094,30.27,112.44824981689452
30.62,6.343320846557617,30.28,114.09744262695312,30.28,6.939861297607422,30.28,75.14822387695312,30.28,112.56098175048828
30.63,6.341456413269043,30.290000000000003,114.097412109375,30.290000000000003,6.967862129211426,30.29,75.13458251953125,30.290000000000003,112.64474487304688
30.64,6.329782962799072,30.3,114.09593963623048,30.3,6.992508411407471,30.300000000000004,75.12300872802734,30.3,112.70162963867188
30.65,6.31196403503418,30.31,114.09156036376952,30.31,7.016616344451904,30.31,75.10997772216797,30.31,112.74365997314452
30.66,6.290008068084717,30.32,114.0858154296875,30.32,7.02838945388794,30.32,75.0942153930664,30.32,112.77547454833984
30.67,6.266250133514404,30.33,114.07511138916016,30.33,7.027520656585693,30.330000000000005,75.08071899414062,30.33,112.80634307861328
30.68,6.255860328674316,30.34,114.06207275390624,30.34,7.023687362670898,30.340000000000003,75.06806945800781,30.34,112.85066223144533
30.69,6.252786159515381,30.35,114.0459213256836,30.35,7.029502868652344,30.35,75.05674743652344,30.35,112.92669677734376
30.7,6.249624252319336,30.36,114.0274429321289,30.360000000000003,7.040694713592529,30.36,75.04934692382812,30.360000000000003,113.0363998413086
30.71,6.21640682220459,30.37,114.00691223144533,30.37,7.056975841522217,30.370000000000005,75.043212890625,30.37,113.17066955566406
30.72,6.205582618713379,30.38,113.9809799194336,30.38,7.068277835845947,30.380000000000003,75.03721618652344,30.38,113.3226318359375
30.73,6.193026065826416,30.39,113.95030212402344,30.39,7.078615188598633,30.39,75.03231811523438,30.39,113.4794692993164
30.74,6.177995204925537,30.4,113.91841888427734,30.4,7.098006725311279,30.40000000000001,75.02713012695312,30.4,113.6291046142578
30.75,6.15705156326294,30.41,113.88961791992188,30.41,7.125362396240234,30.410000000000004,75.02339172363281,30.41,113.77525329589844
30.76,6.13551139831543,30.42,113.8635482788086,30.42,7.143445491790772,30.42,75.01763916015625,30.42,113.9303970336914
30.77,6.125162124633789,30.43,113.8414535522461,30.43,7.144887924194336,30.43,75.01334381103516,30.43,114.08091735839844
30.78,6.120410919189453,30.44,113.8275146484375,30.44,7.131388187408447,30.440000000000005,75.01118469238281,30.44,114.20569610595705
30.790000000000003,6.107437610626221,30.45,113.8179931640625,30.45,7.109816074371338,30.450000000000003,75.00908660888672,30.45,114.31812286376952
30.8,6.095794200897217,30.46,113.80894470214844,30.46,7.081113815307617,30.46,75.00566101074219,30.46,114.44831085205078
30.81,6.093976974487305,30.47,113.80198669433594,30.47,7.0550537109375,30.47,75.0024185180664,30.47,114.61018371582033
30.82,6.095905303955078,30.48,113.79320526123048,30.48,7.028984069824219,30.480000000000004,74.99712371826172,30.48,114.7936553955078
30.83,6.0944013595581055,30.49,113.78070068359376,30.49,7.000373840332031,30.49,74.99015808105469,30.49,114.9688491821289
30.84,6.088346481323242,30.5,113.76454162597656,30.5,6.974467277526856,30.5,74.98286437988281,30.5,115.11392211914062
30.85,6.077607154846191,30.51,113.74720001220705,30.51,6.956136703491211,30.510000000000005,74.97602844238281,30.51,115.2094497680664
30.86,6.065143585205078,30.52,113.73157501220705,30.52,6.95225191116333,30.520000000000003,74.97083282470703,30.52,115.25831604003906
30.87,6.050273895263672,30.53,113.71431732177734,30.53,6.962861061096191,30.53,74.96891784667969,30.53,115.25990295410156
30.88,6.0340423583984375,30.540000000000003,113.69573211669922,30.540000000000003,6.976465225219727,30.54,74.96785736083984,30.540000000000003,115.23941040039062
30.89,6.01759672164917,30.55,113.67713928222656,30.55,6.993021011352539,30.550000000000004,74.96926879882812,30.55,115.20445251464844
30.9,6.009289264678955,30.56,113.66301727294922,30.56,7.004792213439941,30.56,74.97460174560547,30.56,115.17984771728516
30.91,6.008517265319824,30.57,113.65032196044922,30.57,7.012297630310059,30.57,74.97897338867188,30.57,115.1871566772461
30.92,6.0083088874816895,30.58,113.64006042480467,30.58,7.011020660400391,30.580000000000005,74.98224639892578,30.58,115.24271392822266
30.93,6.001019477844238,30.59,113.62973022460938,30.59,6.997244358062744,30.590000000000003,74.98470306396484,30.59,115.3323974609375
30.94,5.998321533203125,30.6,113.62020111083984,30.6,6.976385593414307,30.6,74.98617553710938,30.6,115.44971466064452
30.95,5.999744415283203,30.61,113.60916900634766,30.610000000000003,6.9507975578308105,30.61,74.98570251464844,30.610000000000003,115.58944702148438
30.96,6.000482559204102,30.62,113.59831237792967,30.62,6.926473140716553,30.620000000000005,74.98458099365234,30.62,115.73384857177734
30.97,6.001120090484619,30.63,113.58570098876952,30.63,6.903801918029785,30.630000000000003,74.98220825195312,30.63,115.88258361816406
30.98,5.9994635581970215,30.64,113.5755844116211,30.64,6.886712551116943,30.64,74.9789810180664,30.64,116.0207290649414
30.99,5.9969401359558105,30.65,113.5687026977539,30.65,6.870423793792725,30.65000000000001,74.9759521484375,30.65,116.13768768310548
31.0,5.994123458862305,30.66,113.56486511230467,30.66,6.851696014404297,30.660000000000004,74.97343444824219,30.66,116.21720886230467
31.01,5.988227367401123,30.67,113.56137084960938,30.67,6.826021671295166,30.67,74.97142028808594,30.67,116.25518035888672
31.02,5.980287551879883,30.68,113.56331634521484,30.68,6.791563510894775,30.68,74.96823120117188,30.68,116.26507568359376
31.03,5.974775314331055,30.69,113.56236267089844,30.69,6.755317211151123,30.690000000000005,74.96492767333984,30.69,116.27676391601562
31.040000000000003,5.972505569458008,30.7,113.55814361572266,30.7,6.725438117980957,30.700000000000003,74.96326446533203,30.7,116.31524658203124
31.05,5.969324111938477,30.71,113.552734375,30.71,6.706387996673584,30.71,74.9620132446289,30.71,116.37692260742188
31.06,5.968955993652344,30.72,113.54788970947266,30.72,6.70140266418457,30.72,74.95928955078125,30.72,116.44608306884766
31.07,5.9710693359375,30.73,113.54251861572266,30.73,6.705556869506836,30.730000000000004,74.95702362060547,30.73,116.50823974609376
31.08,5.976627349853516,30.74,113.5387954711914,30.74,6.714052677154541,30.74,74.95562744140625,30.74,116.55783081054688
31.09,5.985433101654053,30.75,113.53823852539062,30.75,6.725691795349121,30.75,74.95421600341797,30.75,116.5992431640625
31.1,5.992594242095947,30.76,113.54020690917967,30.76,6.733972549438477,30.760000000000005,74.95195007324219,30.76,116.63697814941406
31.11,5.99485969543457,30.77,113.54312896728516,30.77,6.738407611846924,30.770000000000003,74.95060729980469,30.77,116.67131805419922
31.12,5.991949558258057,30.78,113.54535675048828,30.78,6.737592697143555,30.78,74.94759368896484,30.78,116.71170043945312
31.13,5.9906005859375,30.790000000000003,113.5523910522461,30.790000000000003,6.731777191162109,30.79,74.94237518310547,30.790000000000003,116.75715637207033
31.14,5.985904216766357,30.8,113.55997467041016,30.8,6.721499443054199,30.800000000000004,74.93412780761719,30.8,116.7990264892578
31.15,5.974569797515869,30.81,113.57194519042967,30.81,6.706990718841553,30.81,74.92115783691406,30.81,116.835693359375
31.16,5.962971210479736,30.82,113.58648681640624,30.82,6.659238815307617,30.82,74.9058609008789,30.82,116.87110137939452
31.17,5.949354648590088,30.83,113.6087646484375,30.83,6.637994289398193,30.830000000000005,74.88842010498047,30.83,116.90567779541016
31.18,5.932507514953613,30.84,113.63819122314452,30.84,6.637468338012695,30.840000000000003,74.8717041015625,30.84,116.93799591064452
31.19,5.914829730987549,30.85,113.67278289794922,30.85,6.644565105438232,30.85,74.8572998046875,30.85,116.97296905517578
31.2,5.9028191566467285,30.86,113.70646667480467,30.860000000000003,6.6593194007873535,30.86,74.84849548339844,30.860000000000003,117.01061248779295
31.21,5.902767181396484,30.87,113.7367706298828,30.87,6.679334163665772,30.870000000000005,74.84310150146484,30.87,117.04650115966795
31.22,5.9011664390563965,30.88,113.76368713378906,30.88,6.7009053230285645,30.880000000000003,74.83935546875,30.88,117.07435607910156
31.23,5.897771835327148,30.89,113.7842254638672,30.89,6.7196149826049805,30.89,74.83711242675781,30.89,117.09494018554688
31.24,5.902323246002197,30.9,113.79827117919922,30.9,6.732129096984863,30.90000000000001,74.83200073242188,30.9,117.1097640991211
31.25,5.907883167266846,30.91,113.80692291259766,30.91,6.738039493560791,30.910000000000004,74.82910919189453,30.91,117.12213897705078
31.26,5.91298246383667,30.92,113.8194580078125,30.92,6.741906642913818,30.92,74.82633972167969,30.92,117.14292907714844
31.27,5.922603607177734,30.93,113.83234405517578,30.93,6.745156764984131,30.93,74.82543182373047,30.93,117.17539978027344
31.28,5.93533992767334,30.94,113.84371185302734,30.94,6.746467113494873,30.940000000000005,74.82888793945312,30.94,117.19205474853516
31.290000000000003,5.944535732269287,30.95,113.85469818115234,30.95,6.747837543487549,30.950000000000003,74.83184814453125,30.95,117.20652770996094
31.3,5.955038547515869,30.96,113.86563873291016,30.96,6.7521562576293945,30.96,74.83295440673828,30.96,117.22855377197266
31.31,5.961379051208496,30.97,113.87541961669922,30.97,6.75821590423584,30.97,74.83425903320312,30.97,117.24996948242188
31.32,5.967456340789795,30.98,113.88713073730467,30.98,6.764747142791748,30.980000000000004,74.83353424072266,30.98,117.26441192626952
31.33,5.970013618469238,30.99,113.89830017089844,30.99,6.772562503814697,30.99,74.83283996582031,30.99,117.2708969116211
31.34,5.968831062316895,31.0,113.9092025756836,31.0,6.778326034545898,31.0,74.8336181640625,31.0,117.26904296875
31.35,5.963437080383301,31.01,113.91837310791016,31.01,6.7777485847473145,31.010000000000005,74.83573150634766,31.01,117.2607192993164
31.36,5.953472137451172,31.02,113.92398071289062,31.02,6.776028156280518,31.020000000000003,74.83815002441406,31.02,117.25534057617188
31.37,5.945075511932373,31.03,113.9244613647461,31.03,6.772005558013916,31.03,74.8402328491211,31.03,117.25608825683594
31.38,5.940886497497559,31.040000000000003,113.92339324951172,31.040000000000003,6.767149925231934,31.04,74.84183502197266,31.040000000000003,117.25513458251952
31.39,5.945590496063232,31.05,113.9242172241211,31.05,6.758934020996094,31.050000000000004,74.84166717529297,31.05,117.2547378540039
31.4,5.954337596893311,31.06,113.92813873291016,31.06,6.749403953552246,31.06,74.84052276611328,31.06,117.25579071044922
31.41,5.961747169494629,31.07,113.93365478515624,31.07,6.735109806060791,31.07,74.8411865234375,31.07,117.25537872314452
31.42,5.9619340896606445,31.08,113.94054412841795,31.08,6.715299606323242,31.080000000000005,74.84368896484375,31.08,117.25236511230467
31.43,5.9458723068237305,31.09,113.94513702392578,31.09,6.700235366821289,31.090000000000003,74.84425354003906,31.09,117.25110626220705
31.44,5.917571067810059,31.1,113.94965362548828,31.1,6.688621044158936,31.1,74.84406280517578,31.1,117.24886322021484
31.45,5.886091232299805,31.11,113.95269012451172,31.110000000000003,6.674472808837891,31.11,74.844482421875,31.110000000000003,117.24768829345705
31.46,5.848160266876221,31.12,113.95759582519533,31.12,6.670001983642578,31.120000000000005,74.84332275390625,31.12,117.2475128173828
31.47,5.807676315307617,31.13,113.96033477783205,31.13,6.676733016967773,31.130000000000003,74.83918762207031,31.13,117.2459945678711
31.48,5.768054008483887,31.14,113.96259307861328,31.14,6.684934616088867,31.14,74.8338394165039,31.14,117.24226379394533
31.49,5.72454833984375,31.15,113.96380615234376,31.15,6.697703361511231,31.15000000000001,74.83200073242188,31.15,117.23479461669922
31.5,5.679928302764893,31.16,113.9659423828125,31.16,6.709268093109131,31.160000000000004,74.82830810546875,31.16,117.22209167480467
31.51,5.6415863037109375,31.17,113.96687316894533,31.17,6.712816715240479,31.17,74.82477569580078,31.17,117.20455169677734
31.52,5.606945991516113,31.18,113.96648406982422,31.18,6.718201637268066,31.18,74.81948852539062,31.18,117.18352508544922
31.53,5.579314231872559,31.19,113.96467590332033,31.19,6.723819255828857,31.190000000000005,74.81283569335938,31.19,117.15796661376952
31.540000000000003,5.55402421951294,31.2,113.96489715576172,31.2,6.733423233032227,31.200000000000003,74.80735778808594,31.2,117.1292953491211
31.55,5.52172327041626,31.21,113.96541595458984,31.21,6.736496448516846,31.21,74.80261993408203,31.21,117.09954071044922
31.56,5.491772651672363,31.22,113.96438598632812,31.22,6.738566875457764,31.22,74.79763793945312,31.22,117.06649780273438
31.57,5.468705177307129,31.23,113.96028137207033,31.23,6.739937782287598,31.230000000000004,74.79277801513672,31.23,117.04383850097656
31.58,5.443032264709473,31.24,113.95580291748048,31.24,6.726113319396973,31.24,74.78716278076172,31.24,117.0352554321289
31.59,5.418449878692627,31.25,113.9498519897461,31.25,6.705698490142822,31.25,74.78375244140625,31.25,117.0355453491211
31.6,5.401910781860352,31.26,113.94342041015624,31.26,6.685626983642578,31.260000000000005,74.78156280517578,31.26,117.03543853759766
31.61,5.39215612411499,31.27,113.93443298339844,31.27,6.659584999084473,31.270000000000003,74.77937316894531,31.27,117.02925872802734
31.62,5.389944076538086,31.28,113.92101287841795,31.28,6.63561487197876,31.28,74.77584838867188,31.28,117.01378631591795
31.63,5.388315200805664,31.290000000000003,113.90746307373048,31.290000000000003,6.5995869636535645,31.29,74.77190399169922,31.290000000000003,116.98907470703124
31.64,5.381962299346924,31.3,113.8939208984375,31.3,6.5582804679870605,31.300000000000004,74.76901245117188,31.3,116.95777893066406
31.65,5.365089416503906,31.31,113.8814926147461,31.31,6.513183116912842,31.31,74.76696014404297,31.31,116.92204284667967
31.66,5.339022159576416,31.32,113.87043762207033,31.32,6.4624223709106445,31.32,74.7689437866211,31.32,116.88044738769533
31.67,5.305104732513428,31.33,113.86188507080078,31.33,6.407087326049805,31.330000000000005,74.7737808227539,31.33,116.83417510986328
31.68,5.267178058624268,31.34,113.85003662109376,31.34,6.3582024574279785,31.340000000000003,74.78043365478516,31.34,116.78768920898438
31.69,5.226315975189209,31.35,113.83316802978516,31.35,6.321916103363037,31.35,74.78868103027344,31.35,116.74405670166016
31.7,5.181400299072266,31.36,113.81379699707033,31.360000000000003,6.306437969207764,31.36,74.79631805419922,31.360000000000003,116.70335388183594
31.71,5.135132789611816,31.37,113.79132843017578,31.37,6.291329860687256,31.370000000000005,74.80345916748047,31.37,116.66912078857422
31.72,5.0918684005737305,31.38,113.7645263671875,31.38,6.264900207519531,31.380000000000003,74.80937194824219,31.38,116.64010620117188
31.73,5.055663585662842,31.39,113.73477935791016,31.39,6.238501071929932,31.39,74.8157730102539,31.39,116.6113510131836
31.74,5.030882835388184,31.4,113.70223999023438,31.4,6.213535785675049,31.40000000000001,74.82012176513672,31.4,116.58013153076172
31.75,5.027947902679443,31.41,113.6698760986328,31.41,6.185704231262207,31.410000000000004,74.82527923583984,31.41,116.54180145263672
31.76,5.046924114227295,31.42,113.64128112792967,31.42,6.154790878295898,31.42,74.83096313476562,31.42,116.49935913085938
31.77,5.090398788452148,31.43,113.61595916748048,31.43,6.119018077850342,31.43,74.83780670166016,31.43,116.45085144042967
31.78,5.158297538757324,31.44,113.59425354003906,31.44,6.084142208099365,31.440000000000005,74.84551239013672,31.44,116.39324951171876
31.790000000000003,5.2413740158081055,31.45,113.57361602783205,31.45,6.055142879486084,31.450000000000003,74.8538589477539,31.45,116.32341766357422
31.8,5.343475818634033,31.46,113.55321502685548,31.46,6.025046348571777,31.46,74.8630142211914,31.46,116.24153137207033
31.81,5.458549976348877,31.47,113.5373992919922,31.47,5.997961521148682,31.47,74.87247467041016,31.47,116.15016174316406
31.82,5.583564281463623,31.48,113.5235366821289,31.48,5.971705913543701,31.480000000000004,74.88326263427734,31.48,116.052734375
31.83,5.722712516784668,31.49,113.51185607910156,31.49,5.950536251068115,31.49,74.89376831054688,31.49,115.95100402832033
31.84,5.879249572753906,31.5,113.50374603271484,31.5,5.940804958343506,31.5,74.90330505371094,31.5,115.83971405029295
31.85,6.059121131896973,31.51,113.50017547607422,31.51,5.940103530883789,31.510000000000005,74.91255950927734,31.51,115.73023986816406
31.86,6.286418437957764,31.52,113.4995346069336,31.52,5.937023639678955,31.520000000000003,74.92279052734375,31.52,115.62114715576172
31.87,6.575132369995117,31.53,113.49805450439452,31.53,5.9251322746276855,31.53,74.93278503417969,31.53,115.5061264038086
31.88,6.917417049407959,31.540000000000003,113.49315643310548,31.540000000000003,5.9047675132751465,31.54,74.94381713867188,31.540000000000003,115.3857650756836
31.89,7.297158718109131,31.55,113.4842529296875,31.55,5.875233173370361,31.550000000000004,74.95549774169922,31.55,115.26486206054688
31.9,7.681437969207764,31.56,113.47549438476562,31.56,5.845761775970459,31.56,74.96800994873047,31.56,115.14421081542967
31.91,8.063023567199707,31.57,113.46894073486328,31.57,5.83397912979126,31.57,74.98444366455078,31.57,115.03663635253906
31.92,8.492944717407227,31.58,113.46418762207033,31.58,5.835727214813232,31.580000000000005,75.00484466552734,31.58,114.94355010986328
31.93,8.966388702392578,31.59,113.46084594726562,31.59,5.839239597320557,31.590000000000003,75.02769470214844,31.59,114.8485870361328
31.94,9.457808494567873,31.6,113.45560455322266,31.6,5.83687686920166,31.6,75.05078125,31.6,114.7364730834961
31.95,9.962066650390623,31.61,113.44789123535156,31.610000000000003,5.832087993621826,31.61,75.07576751708984,31.610000000000003,114.60162353515624
31.96,10.52949333190918,31.62,113.44132232666016,31.62,5.830827236175537,31.620000000000005,75.10142517089844,31.62,114.43158721923828
31.97,11.15129852294922,31.63,113.43997955322266,31.63,5.834723472595215,31.630000000000003,75.12577056884766,31.63,114.22914123535156
31.98,11.73814296722412,31.64,113.44273376464844,31.64,5.840319633483887,31.64,75.15140533447266,31.64,114.01934814453124
31.99,12.278509140014648,31.65,113.44854736328124,31.65,5.847817897796631,31.65000000000001,75.17507934570312,31.65,113.8274154663086
32.0,12.80685329437256,31.66,113.46244049072266,31.66,5.864572048187256,31.660000000000004,75.19483947753906,31.66,113.67797088623048
32.010000000000005,13.334532737731934,31.67,113.4920883178711,31.67,5.893946170806885,31.67,75.21529388427734,31.67,113.57237243652344
32.02,13.858988761901855,31.68,113.53485107421876,31.68,5.929102897644043,31.68,75.23677825927734,31.68,113.54437255859376
32.03,14.393261909484863,31.69,113.59005737304688,31.69,5.96173095703125,31.690000000000005,75.26153564453125,31.69,113.55582427978516
32.040000000000006,14.928661346435549,31.7,113.65321350097656,31.7,5.99552583694458,31.700000000000003,75.28657531738281,31.7,113.57984161376952
32.05,15.45029640197754,31.71,113.7214584350586,31.71,6.036036014556885,31.71,75.31172180175781,31.71,113.57242584228516
32.06,15.967880249023438,31.72,113.8001480102539,31.72,6.09375,31.72,75.33935546875,31.72,113.5036849975586
32.06999999999999,16.486515045166016,31.73,113.88591766357422,31.73,6.179855346679688,31.730000000000004,75.36832427978516,31.73,113.33678436279295
32.08,17.006267547607422,31.74,113.97837829589844,31.74,6.286352157592773,31.74,75.39124298095703,31.74,113.10575103759766
32.09,17.545757293701172,31.75,114.07586669921876,31.75,6.419797897338867,31.75,75.40538787841797,31.75,112.83361053466795
32.099999999999994,18.111560821533203,31.76,114.18224334716795,31.76,6.578868389129639,31.760000000000005,75.4103775024414,31.76,112.51618957519533
32.11,18.716035842895508,31.77,114.3001480102539,31.77,6.762774467468262,31.770000000000003,75.40802001953125,31.77,112.16841888427734
32.120000000000005,19.357725143432617,31.78,114.43971252441406,31.78,6.968507766723633,31.78,75.40674591064453,31.78,111.78913116455078
32.129999999999995,20.02913475036621,31.790000000000003,114.6007308959961,31.790000000000003,7.184826850891113,31.79,75.40528106689453,31.790000000000003,111.40070343017578
32.14,20.71633529663086,31.8,114.77733612060548,31.8,7.435567855834961,31.800000000000004,75.39950561523438,31.8,111.01383972167967
32.150000000000006,21.40852928161621,31.81,114.96467590332033,31.81,7.733737468719482,31.81,75.38336944580078,31.81,110.63555908203124
32.16,22.09836196899414,31.82,115.15386962890624,31.82,8.085018157958984,31.82,75.3461685180664,31.82,110.2667465209961
32.17,22.78926658630371,31.83,115.33415985107422,31.83,8.493830680847168,31.830000000000005,75.2809066772461,31.83,109.907958984375
32.17999999999999,23.489990234375,31.84,115.50238800048828,31.84,8.95301628112793,31.840000000000003,75.19967651367188,31.84,109.552978515625
32.19,24.19560813903809,31.85,115.66094207763672,31.85,9.42232608795166,31.85,75.12413024902344,31.85,109.1878433227539
32.2,24.91156768798828,31.86,115.8188018798828,31.860000000000003,9.871270179748535,31.86,75.06146240234375,31.860000000000003,108.80011749267578
32.209999999999994,25.645795822143555,31.87,115.97966766357422,31.87,10.304506301879885,31.870000000000005,75.00191497802734,31.87,108.376220703125
32.22,26.39094924926757,31.88,116.13320922851562,31.88,10.732356071472168,31.880000000000003,74.94415283203125,31.88,107.89300537109376
32.230000000000004,27.132959365844727,31.89,116.26620483398438,31.89,11.160720825195312,31.89,74.8875503540039,31.89,107.3674774169922
32.239999999999995,27.89899253845215,31.9,116.39032745361328,31.9,11.615099906921388,31.90000000000001,74.83838653564453,31.9,106.82894134521484
32.25,28.679079055786133,31.91,116.5271987915039,31.91,12.109976768493652,31.910000000000004,74.79475402832031,31.91,106.31706237792967
32.260000000000005,29.47732925415039,31.92,116.6818618774414,31.92,12.659597396850586,31.92,74.75514221191406,31.92,105.84676361083984
32.27,30.2893123626709,31.93,116.83968353271484,31.93,13.231996536254885,31.93,74.70999908447266,31.93,105.4005889892578
32.28,31.107500076293945,31.94,116.98430633544922,31.94,13.801173210144045,31.940000000000005,74.6600341796875,31.94,104.93999481201172
32.290000000000006,31.939321517944336,31.95,117.1189956665039,31.95,14.356585502624512,31.950000000000003,74.60446166992188,31.95,104.42557525634766
32.3,32.786014556884766,31.96,117.24923706054688,31.96,14.905592918395996,31.96,74.53978729248047,31.96,103.85678100585938
32.31,33.644432067871094,31.97,117.36832427978516,31.97,15.46930694580078,31.97,74.47881317138672,31.97,103.26873779296876
32.31999999999999,34.49930953979492,31.98,117.47371673583984,31.98,16.040191650390625,31.980000000000004,74.42393493652344,31.98,102.71588897705078
32.33,35.35065841674805,31.99,117.5703582763672,31.99,16.593416213989258,31.99,74.37480926513672,31.99,102.1975326538086
32.34,36.1940803527832,32.0,117.65647888183594,32.0,17.126142501831055,32.0,74.33061981201172,32.0,101.68397521972656
32.349999999999994,37.02726745605469,32.010000000000005,117.73147583007812,32.010000000000005,17.63811492919922,32.010000000000005,74.29129791259766,32.010000000000005,101.15003967285156
32.36,37.84507369995117,32.02,117.80238342285156,32.02,18.143245697021484,32.02,74.25592803955078,32.02,100.58592224121094
32.370000000000005,38.640167236328125,32.03,117.8680648803711,32.03,18.655908584594727,32.03,74.22100830078125,32.03,99.99081420898438
32.379999999999995,39.41423416137695,32.040000000000006,117.93248748779295,32.040000000000006,19.19207000732422,32.04,74.18341064453125,32.040000000000006,99.32566833496094
32.39,40.17621612548828,32.05,117.99600219726562,32.05,19.74430084228516,32.050000000000004,74.14344787597656,32.05,98.61202239990234
32.400000000000006,40.93128967285156,32.06,118.05872344970705,32.06,20.309606552124023,32.06,74.10005950927734,32.06,97.89382934570312
32.41,41.67776107788086,32.06999999999999,118.1091537475586,32.06999999999999,20.883878707885746,32.07,74.0555191040039,32.06999999999999,97.2108383178711
32.42,42.41954803466797,32.08,118.14710235595705,32.08,21.46519660949707,32.080000000000005,74.01282501220703,32.08,96.58971405029295
32.42999999999999,43.16559982299805,32.09,118.18223571777344,32.09,22.05443000793457,32.09,73.97373962402344,32.09,96.00700378417967
32.44,43.93307113647461,32.099999999999994,118.21932220458984,32.099999999999994,22.653684616088867,32.1,73.93865966796875,32.099999999999994,95.45309448242188
32.45,44.71492004394531,32.11,118.24798583984376,32.11,23.26411819458008,32.11,73.9072494506836,32.11,94.90560150146484
32.459999999999994,45.50508499145508,32.120000000000005,118.27015686035156,32.120000000000005,23.88532257080078,32.120000000000005,73.87966918945312,32.120000000000005,94.33456420898438
32.47,46.30479049682617,32.129999999999995,118.29056549072266,32.129999999999995,24.530500411987305,32.13,73.8548583984375,32.129999999999995,93.74401092529295
32.480000000000004,47.112491607666016,32.14,118.29940032958984,32.14,25.210628509521484,32.14,73.830322265625,32.14,93.13765716552734
32.489999999999995,47.93170547485352,32.150000000000006,118.29817199707033,32.150000000000006,25.94204902648925,32.150000000000006,73.80723571777344,32.150000000000006,92.48353576660156
32.5,48.76078796386719,32.16,118.28616333007812,32.16,26.7178955078125,32.160000000000004,73.78184509277344,32.16,91.8096160888672
32.510000000000005,49.58393478393555,32.17,118.26395416259766,32.17,27.517559051513672,32.17,73.7569351196289,32.17,91.15193939208984
32.52,50.39213180541992,32.17999999999999,118.2244873046875,32.17999999999999,28.325910568237305,32.18,73.7298583984375,32.17999999999999,90.56755828857422
32.53,51.186405181884766,32.19,118.173095703125,32.19,29.12773704528809,32.190000000000005,73.69788360595703,32.19,90.04053497314453
32.540000000000006,51.96175003051758,32.2,118.10923767089844,32.2,29.92451477050781,32.2,73.65887451171875,32.2,89.5722885131836
32.55,52.71940994262695,32.209999999999994,118.03121185302734,32.209999999999994,30.719587326049805,32.21,73.62017822265625,32.209999999999994,89.16831970214844
32.56,53.46660614013672,32.22,117.94619750976562,32.22,31.516921997070312,32.22,73.58700561523438,32.22,88.79696655273438
32.56999999999999,54.18971252441406,32.230000000000004,117.85828399658205,32.230000000000004,32.31045150756836,32.230000000000004,73.5576171875,32.230000000000004,88.4320068359375
32.58,54.88399124145508,32.239999999999995,117.7644500732422,32.239999999999995,33.08788299560547,32.24,73.53251647949219,32.239999999999995,88.03955841064453
32.59,55.55801010131836,32.25,117.6662826538086,32.25,33.84079360961914,32.25,73.50908660888672,32.25,87.5980453491211
32.599999999999994,56.22211837768555,32.260000000000005,117.56166076660156,32.260000000000005,34.585079193115234,32.260000000000005,73.4842300415039,32.260000000000005,87.11408233642578
32.61,56.88703918457031,32.27,117.45450592041016,32.27,35.34531784057617,32.27,73.46102905273438,32.27,86.60355377197266
32.620000000000005,57.55560302734375,32.28,117.3483657836914,32.28,36.125606536865234,32.28,73.4366683959961,32.28,86.06945037841797
32.629999999999995,58.211692810058594,32.290000000000006,117.24114990234376,32.290000000000006,36.901798248291016,32.29,73.41132354736328,32.290000000000006,85.52835845947266
32.64,58.87720489501953,32.3,117.12913513183594,32.3,37.675540924072266,32.300000000000004,73.3868637084961,32.3,85.00023651123047
32.650000000000006,59.54994201660156,32.31,117.0177993774414,32.31,38.46415328979492,32.31,73.36347961425781,32.31,84.48635864257812
32.66,60.22150802612305,32.31999999999999,116.90802764892578,32.31999999999999,39.25749206542969,32.32,73.33557891845703,32.31999999999999,83.98332214355469
32.67,60.904815673828125,32.33,116.80078887939452,32.33,40.04264450073242,32.330000000000005,73.29822540283203,32.33,83.485107421875
32.67999999999999,61.6083984375,32.34,116.6858367919922,32.34,40.81507873535156,32.34,73.25344848632812,32.34,82.99307250976562
32.69,62.333621978759766,32.349999999999994,116.56595611572266,32.349999999999994,41.57267379760742,32.35,73.20767974853516,32.349999999999994,82.53418731689453
32.7,63.07706069946289,32.36,116.4397201538086,32.36,42.31076049804688,32.36,73.16130065917969,32.36,82.1628646850586
32.709999999999994,63.83769607543945,32.370000000000005,116.30591583251952,32.370000000000005,43.05118942260742,32.370000000000005,73.11969757080078,32.370000000000005,81.86638641357422
32.72,64.6100082397461,32.379999999999995,116.1612548828125,32.379999999999995,43.814083099365234,32.38,73.08289337158203,32.379999999999995,81.59198760986328
32.730000000000004,65.3857192993164,32.39,116.0080795288086,32.39,44.59437942504883,32.39,73.04319763183594,32.39,81.3168716430664
32.739999999999995,66.162109375,32.400000000000006,115.84000396728516,32.400000000000006,45.37277603149414,32.400000000000006,73.00530242919922,32.400000000000006,81.04692077636719
32.75,66.94744873046875,32.41,115.65785217285156,32.41,46.14672088623047,32.410000000000004,72.97607421875,32.41,80.8030014038086
32.760000000000005,67.74822235107422,32.42,115.46794891357422,32.42,46.926151275634766,32.42,72.95851135253906,32.42,80.57889556884766
32.77,68.55992126464844,32.42999999999999,115.27167510986328,32.42999999999999,47.70644378662109,32.43,72.94877624511719,32.42999999999999,80.3553466796875
32.78,69.37189483642578,32.44,115.06653594970705,32.44,48.47143173217773,32.440000000000005,72.94792938232422,32.44,80.1112060546875
32.790000000000006,70.18819427490234,32.45,114.8468246459961,32.45,49.23396301269531,32.45,72.94763946533203,32.45,79.8512954711914
32.8,70.99510955810547,32.459999999999994,114.6079330444336,32.459999999999994,49.98643112182617,32.46,72.94329833984375,32.459999999999994,79.60013580322266
32.81,71.77288055419922,32.47,114.35015106201172,32.47,50.73371124267578,32.47,72.94469451904297,32.47,79.36213684082031
32.81999999999999,72.55577087402344,32.480000000000004,114.08295440673828,32.480000000000004,51.49040222167969,32.480000000000004,72.95321655273438,32.480000000000004,79.14611053466797
32.83,73.37035369873047,32.489999999999995,113.8092269897461,32.489999999999995,52.243289947509766,32.49,72.96683502197266,32.489999999999995,78.95172882080078
32.84,74.18733978271484,32.5,113.52754974365234,32.5,52.98947525024414,32.5,72.9865493774414,32.5,78.78612518310547
32.849999999999994,75.02847290039062,32.510000000000005,113.23946380615234,32.510000000000005,53.74370956420898,32.510000000000005,73.00762939453125,32.510000000000005,78.66338348388672
32.86,75.88717651367188,32.52,112.9447784423828,32.52,54.49877166748047,32.52,73.03193664550781,32.52,78.56525421142578
32.870000000000005,76.74297332763672,32.53,112.63818359375,32.53,55.24173355102539,32.53,73.0568618774414,32.53,78.48812103271484
32.879999999999995,77.59485626220703,32.540000000000006,112.32360076904295,32.540000000000006,55.98017501831055,32.54,73.08465576171875,32.540000000000006,78.44302368164062
32.89,78.42871856689453,32.55,112.00359344482422,32.55,56.72582626342773,32.550000000000004,73.11814880371094,32.55,78.42046356201172
32.900000000000006,79.25666809082031,32.56,111.67538452148438,32.56,57.47496032714844,32.56,73.15238189697266,32.56,78.41768646240234
32.91,80.12353515625,32.56999999999999,111.34187316894533,32.56999999999999,58.22218322753906,32.57,73.1822738647461,32.56999999999999,78.42160034179688
32.92,80.98599243164062,32.58,110.99623107910156,32.58,58.97467803955078,32.580000000000005,73.20883178710938,32.58,78.42806243896484
32.92999999999999,81.72908020019531,32.59,110.63903045654295,32.59,59.71464538574219,32.59,73.23416137695312,32.59,78.45712280273438
32.94,82.51300811767578,32.599999999999994,110.27155303955078,32.599999999999994,60.44336700439453,32.6,73.2599105834961,32.599999999999994,78.5245590209961
32.95,83.30154418945312,32.61,109.90409088134766,32.61,61.19994735717773,32.61,73.28813934326172,32.61,78.62106323242188
32.959999999999994,84.00338745117188,32.620000000000005,109.52926635742188,32.620000000000005,61.98556900024414,32.620000000000005,73.31275177001953,32.620000000000005,78.72099304199219
32.97,84.7133560180664,32.629999999999995,109.14630889892578,32.629999999999995,62.77799224853516,32.63,73.33553314208984,32.629999999999995,78.83767700195312
32.980000000000004,85.37840270996094,32.64,108.75643920898438,32.64,63.58498001098633,32.64,73.35834503173828,32.64,78.95696258544922
32.989999999999995,85.9153060913086,32.650000000000006,108.35588073730467,32.650000000000006,64.40607452392578,32.650000000000006,73.3791732788086,32.650000000000006,79.07545471191406
33.0,86.40982818603516,32.66,107.94393157958984,32.66,65.23056030273438,32.660000000000004,73.40242004394531,32.66,79.19479370117188
33.010000000000005,86.89071655273438,32.67,107.5281753540039,32.67,66.07728576660156,32.67,73.43218994140625,32.67,79.34432220458984
33.02,87.27974700927734,32.67999999999999,107.10973358154295,32.67999999999999,66.94850158691406,32.68,73.4669418334961,32.67999999999999,79.53131103515625
33.03,87.63243103027344,32.69,106.6827163696289,32.69,67.84435272216797,32.690000000000005,73.50169372558594,32.69,79.749755859375
33.040000000000006,87.9169921875,32.7,106.24976348876952,32.7,68.72205352783203,32.7,73.53388977050781,32.7,79.98823547363281
33.05,88.10540008544922,32.709999999999994,105.81110382080078,32.709999999999994,69.62029266357422,32.71,73.56388092041016,32.709999999999994,80.21903228759766
33.06,88.27693176269531,32.72,105.36536407470705,32.72,70.56763458251953,32.72,73.593994140625,32.72,80.43144989013672
33.06999999999999,88.39005279541016,32.730000000000004,104.90386199951172,32.730000000000004,71.5377197265625,32.730000000000004,73.62291717529297,32.730000000000004,80.63628387451172
33.08,88.44873046875,32.739999999999995,104.4359359741211,32.739999999999995,72.5098648071289,32.74,73.65156555175781,32.739999999999995,80.84107971191406
33.09,88.4797134399414,32.75,103.96442413330078,32.75,73.48304748535156,32.75,73.67953491210938,32.75,81.04904174804688
33.099999999999994,88.50178527832031,32.760000000000005,103.4792022705078,32.760000000000005,74.46792602539062,32.760000000000005,73.7078628540039,32.760000000000005,81.27153015136719
33.11,88.52877807617188,32.77,102.98473358154295,32.77,75.46922302246094,32.77,73.73753356933594,32.77,81.54741668701172
33.120000000000005,88.5594482421875,32.78,102.49056243896484,32.78,76.46867370605469,32.78,73.76876068115234,32.78,81.8614730834961
33.129999999999995,88.5708236694336,32.790000000000006,102.0008544921875,32.790000000000006,77.4615707397461,32.79,73.79672241210938,32.790000000000006,82.21330261230469
33.14,88.56080627441406,32.8,101.53155517578124,32.8,78.41497039794922,32.800000000000004,73.82075500488281,32.8,82.62049102783203
33.150000000000006,88.56391906738281,32.81,101.08374786376952,32.81,79.31739044189453,32.81,73.84383392333984,32.81,83.05281066894531
33.16,88.56529235839844,32.81999999999999,100.6511688232422,32.81999999999999,80.20713806152344,32.82,73.86443328857422,32.81999999999999,83.47944641113281
33.17,88.59751892089844,32.83,100.23255920410156,32.83,81.0522689819336,32.830000000000005,73.8902359008789,32.83,83.884521484375
33.17999999999999,88.64764404296875,32.84,99.82621002197266,32.84,81.89390563964844,32.84,73.92778015136719,32.84,84.26395416259766
33.19,88.7278060913086,32.849999999999994,99.43347930908205,32.849999999999994,82.74555969238281,32.85,73.96867370605469,32.849999999999994,84.64917755126953
33.2,88.84188079833984,32.86,99.0551300048828,32.86,83.61833190917969,32.86,74.0063247680664,32.86,85.01667785644531
33.209999999999994,88.97749328613281,32.870000000000005,98.70069122314452,32.870000000000005,84.47516632080078,32.870000000000005,74.03924560546875,32.870000000000005,85.37215423583984
33.22,89.12250518798828,32.879999999999995,98.37004089355467,32.879999999999995,85.312255859375,32.88,74.0657958984375,32.879999999999995,85.69669342041016
33.230000000000004,89.26097106933594,32.89,98.07825469970705,32.89,86.14476013183594,32.89,74.08881378173828,32.89,85.9547348022461
33.239999999999995,89.41474914550781,32.900000000000006,97.8147201538086,32.900000000000006,86.87162017822266,32.900000000000006,74.10977172851562,32.900000000000006,86.1905517578125
33.25,89.56217193603516,32.91,97.58859252929688,32.91,87.50980377197266,32.910000000000004,74.12254333496094,32.91,86.3959732055664
33.260000000000005,89.70594787597656,32.92,97.40191650390624,32.92,88.16169738769531,32.92,74.13011169433594,32.92,86.58892822265625
33.27,89.85035705566406,32.92999999999999,97.2623291015625,32.92999999999999,88.8445816040039,32.93,74.13337707519531,32.92999999999999,86.77294158935547
33.28,90.00176239013672,32.94,97.1695327758789,32.94,89.47215270996094,32.940000000000005,74.13024139404297,32.94,87.00027465820312
33.290000000000006,90.16192626953124,32.95,97.11984252929688,32.95,90.02308654785156,32.95,74.12173461914062,32.95,87.222900390625
33.3,90.33136749267578,32.959999999999994,97.11294555664062,32.959999999999994,90.53723907470705,32.96,74.10737609863281,32.959999999999994,87.47986602783203
33.31,90.48910522460938,32.97,97.1279525756836,32.97,91.02286529541016,32.97,74.08678436279297,32.97,87.78887176513672
33.31999999999999,90.62550354003906,32.980000000000004,97.18482208251952,32.980000000000004,91.49432373046876,32.980000000000004,74.06854248046875,32.980000000000004,88.10816955566406
33.33,90.73412322998048,32.989999999999995,97.27371215820312,32.989999999999995,91.9500732421875,32.99,74.05274963378906,32.989999999999995,88.43828582763672
33.34,90.85687255859376,33.0,97.39423370361328,33.0,92.3933334350586,33.0,74.03865814208984,33.0,88.79773712158203
33.349999999999994,90.96768951416016,33.010000000000005,97.53319549560548,33.010000000000005,92.79541015625,33.010000000000005,74.02355194091797,33.010000000000005,89.2147216796875
33.36,91.0659408569336,33.02,97.68286895751952,33.02,93.13247680664062,33.02,74.00606536865234,33.02,89.66974639892578
33.370000000000005,91.15128326416016,33.03,97.83700561523438,33.03,93.41365051269533,33.03,73.98332977294922,33.03,90.08984375
33.379999999999995,91.23682403564452,33.040000000000006,97.98931884765624,33.040000000000006,93.6651611328125,33.04,73.95811462402344,33.040000000000006,90.46249389648438
33.39,91.32243347167967,33.05,98.1334228515625,33.05,93.90348815917967,33.050000000000004,73.92948150634766,33.05,90.7784652709961
33.400000000000006,91.39665985107422,33.06,98.26681518554688,33.06,94.11016845703124,33.06,73.8982925415039,33.06,91.02567291259766
33.41,91.45108795166016,33.06999999999999,98.3844757080078,33.06999999999999,94.29026794433594,33.07,73.86642456054688,33.06999999999999,91.21398162841795
33.42,91.50341033935548,33.08,98.48505401611328,33.08,94.44408416748048,33.080000000000005,73.84176635742188,33.08,91.32968139648438
33.42999999999999,91.52975463867188,33.09,98.56539154052734,33.09,94.59781646728516,33.09,73.82086944580078,33.09,91.3975067138672
33.44,91.54950714111328,33.099999999999994,98.62448120117188,33.099999999999994,94.76728057861328,33.1,73.7990951538086,33.099999999999994,91.4342803955078
33.45,91.55744171142578,33.11,98.65821075439452,33.11,94.95265197753906,33.11,73.78260040283203,33.11,91.47188568115234
33.459999999999994,91.55099487304688,33.120000000000005,98.67018127441406,33.120000000000005,95.13253021240234,33.120000000000005,73.77290344238281,33.120000000000005,91.51348114013672
33.47,91.54293060302734,33.129999999999995,98.6601333618164,33.129999999999995,95.3007583618164,33.13,73.76785278320312,33.129999999999995,91.60723876953124
33.480000000000004,91.5312957763672,33.14,98.62907409667967,33.14,95.4482421875,33.14,73.76994323730469,33.14,91.70777893066406
33.489999999999995,91.51107025146484,33.150000000000006,98.58051300048828,33.150000000000006,95.58722686767578,33.150000000000006,73.76875305175781,33.150000000000006,91.78656768798828
33.5,91.48426055908205,33.16,98.5182876586914,33.16,95.7064437866211,33.160000000000004,73.77052307128906,33.16,91.84072875976562
33.510000000000005,91.46131896972656,33.17,98.44637298583984,33.17,95.79653930664062,33.17,73.7734146118164,33.17,91.86170959472656
33.52,91.4556655883789,33.17999999999999,98.36412811279295,33.17999999999999,95.87841033935548,33.18,73.7802734375,33.17999999999999,91.8909149169922
33.53,91.4583969116211,33.19,98.27935791015624,33.19,95.95689392089844,33.190000000000005,73.78997039794922,33.19,91.97073364257812
33.540000000000006,91.44998168945312,33.2,98.18359375,33.2,96.03330993652344,33.2,73.80374145507812,33.2,92.08550262451172
33.55,91.43802642822266,33.209999999999994,98.08499908447266,33.209999999999994,96.10526275634766,33.21,73.82048797607422,33.209999999999994,92.23334503173828
33.56,91.41535186767578,33.22,97.98389434814452,33.22,96.17255401611328,33.22,73.8367919921875,33.22,92.4179458618164
33.56999999999999,91.38358306884766,33.230000000000004,97.88178253173828,33.230000000000004,96.2223663330078,33.230000000000004,73.8516616821289,33.230000000000004,92.6476058959961
33.58,91.3676528930664,33.239999999999995,97.77863311767578,33.239999999999995,96.27227020263672,33.24,73.8683090209961,33.239999999999995,92.91058349609376
33.59,91.34515380859376,33.25,97.67723083496094,33.25,96.33126831054688,33.25,73.88298034667969,33.25,93.17634582519533
33.599999999999994,91.32355499267578,33.260000000000005,97.5788803100586,33.260000000000005,96.41175079345705,33.260000000000005,73.89756774902344,33.260000000000005,93.42164611816406
33.61,91.28870391845705,33.27,97.48460388183594,33.27,96.4891357421875,33.27,73.91238403320312,33.27,93.6246109008789
33.620000000000005,91.2648696899414,33.28,97.39423370361328,33.28,96.55612182617188,33.28,73.92354583740234,33.28,93.80738830566406
33.629999999999995,91.2523193359375,33.290000000000006,97.3063507080078,33.290000000000006,96.61734771728516,33.29,73.9323959350586,33.290000000000006,93.97142028808594
33.64,91.23360443115234,33.3,97.22471618652344,33.3,96.66943359375,33.300000000000004,73.93806457519531,33.3,94.09214782714844
33.650000000000006,91.22250366210938,33.31,97.14881134033205,33.31,96.70841217041016,33.31,73.9443588256836,33.31,94.1759033203125
33.66,91.21186065673828,33.31999999999999,97.0815887451172,33.31999999999999,96.73159790039062,33.32,73.95152282714844,33.31999999999999,94.21826171875
33.67,91.1902084350586,33.33,97.02455139160156,33.33,96.75387573242188,33.330000000000005,73.95790100097656,33.33,94.19015502929688
33.67999999999999,91.15878295898438,33.34,96.97566223144533,33.34,96.78047943115234,33.34,73.96715545654297,33.34,94.14600372314452
33.69,91.1422348022461,33.349999999999994,96.93455505371094,33.349999999999994,96.80889892578124,33.35,73.97907257080078,33.349999999999994,94.10340118408205
33.7,91.13453674316406,33.36,96.9000015258789,33.36,96.8299789428711,33.36,73.98834228515625,33.36,94.07496643066406
33.709999999999994,91.1166000366211,33.370000000000005,96.86604309082033,33.370000000000005,96.83870697021484,33.370000000000005,73.9963150024414,33.370000000000005,94.06385803222656
33.72,91.09049987792967,33.379999999999995,96.83914947509766,33.379999999999995,96.83566284179688,33.38,74.00315856933594,33.379999999999995,94.06169891357422
33.730000000000004,91.0462417602539,33.39,96.8211441040039,33.39,96.83099365234376,33.39,74.00794219970703,33.39,94.06775665283205
33.739999999999995,90.96642303466795,33.400000000000006,96.8023910522461,33.400000000000006,96.83065032958984,33.400000000000006,74.01517486572266,33.400000000000006,94.0894012451172
33.75,90.93157958984376,33.41,96.78754425048828,33.41,96.82872772216795,33.410000000000004,74.0227279663086,33.41,94.1339874267578
33.760000000000005,90.9182586669922,33.42,96.77481842041016,33.42,96.82422637939452,33.42,74.02896118164062,33.42,94.18875122070312
33.77,90.8998031616211,33.42999999999999,96.76887512207033,33.43000000000001,96.81619262695312,33.43,74.03550720214844,33.42999999999999,94.2367706298828
33.78,90.87274169921876,33.44,96.76007843017578,33.44,96.80916595458984,33.440000000000005,74.04479217529297,33.44,94.26994323730467
33.790000000000006,90.84236907958984,33.45,96.74496459960938,33.45,96.79439544677734,33.45,74.05584716796875,33.45,94.29723358154295
33.8,90.81327056884766,33.459999999999994,96.7263412475586,33.459999999999994,96.78634643554688,33.46,74.06554412841797,33.459999999999994,94.29666900634766
33.81,90.7933578491211,33.47,96.7102279663086,33.47,96.77031707763672,33.470000000000006,74.07634735107422,33.47,94.2503662109375
33.81999999999999,90.77666473388672,33.480000000000004,96.69542694091795,33.480000000000004,96.75118255615234,33.480000000000004,74.08685302734375,33.480000000000004,94.22566986083984
33.83,90.76325988769533,33.489999999999995,96.68565368652344,33.489999999999995,96.7353515625,33.49,74.09335327148438,33.489999999999995,94.21852111816406
33.84,90.74850463867188,33.5,96.67731475830078,33.5,96.7158432006836,33.5,74.1015853881836,33.5,94.2228546142578
33.849999999999994,90.72541809082033,33.510000000000005,96.66637420654295,33.510000000000005,96.6906280517578,33.510000000000005,74.11003112792969,33.510000000000005,94.22855377197266
33.86,90.70831298828124,33.52,96.65098571777344,33.52,96.65229034423828,33.52,74.11933135986328,33.52,94.23987579345705
33.870000000000005,90.69490051269533,33.53,96.63194274902344,33.53,96.62043762207033,33.53,74.12646484375,33.53,94.25235748291016
33.879999999999995,90.6822509765625,33.540000000000006,96.61180114746094,33.540000000000006,96.58795166015624,33.54,74.1332015991211,33.540000000000006,94.26799774169922
33.89,90.66178894042967,33.55,96.59320831298828,33.55,96.55950164794922,33.550000000000004,74.13976287841797,33.55,94.28846740722656
33.900000000000006,90.63867950439452,33.56,96.5743179321289,33.56,96.53199768066406,33.56,74.14507293701172,33.56,94.31063079833984
33.91,90.62442779541016,33.56999999999999,96.55599212646484,33.56999999999999,96.5084991455078,33.57,74.15296936035156,33.56999999999999,94.33330535888672
33.92,90.61318969726562,33.58,96.5373077392578,33.58,96.48640441894533,33.580000000000005,74.15828704833984,33.58,94.35516357421876
33.92999999999999,90.610595703125,33.59,96.5176239013672,33.59,96.45476531982422,33.59,74.16487121582031,33.59,94.37205505371094
33.94,90.62090301513672,33.599999999999994,96.49661254882812,33.599999999999994,96.42269134521484,33.6,74.16887664794922,33.599999999999994,94.38392639160156
33.95,90.62873077392578,33.61,96.47972106933594,33.61,96.38848114013672,33.61,74.17147064208984,33.61,94.39412689208984
33.959999999999994,90.63715362548828,33.620000000000005,96.46929168701172,33.620000000000005,96.35101318359376,33.620000000000005,74.173583984375,33.620000000000005,94.4030303955078
33.97,90.6517333984375,33.629999999999995,96.46393585205078,33.629999999999995,96.31448364257812,33.63,74.17583465576172,33.629999999999995,94.41544342041016
33.980000000000004,90.67032623291016,33.64,96.4534912109375,33.64,96.27301025390624,33.64,74.17621612548828,33.64,94.43074798583984
33.989999999999995,90.68607330322266,33.650000000000006,96.4435806274414,33.650000000000006,96.22035217285156,33.650000000000006,74.1788330078125,33.650000000000006,94.43993377685548
34.0,90.69425964355467,33.66,96.43216705322266,33.66,96.16315460205078,33.660000000000004,74.17835998535156,33.66,94.44730377197266
34.010000000000005,90.69847869873048,33.67,96.42292785644533,33.67,96.11334228515624,33.67,74.17512512207031,33.67,94.4561538696289
34.02,90.70272827148438,33.67999999999999,96.41490936279295,33.68000000000001,96.06039428710938,33.68,74.16877746582031,33.68000000000001,94.46725463867188
34.03,90.70348358154295,33.69,96.40738677978516,33.69,96.01319885253906,33.690000000000005,74.16214752197266,33.69,94.48639678955078
34.040000000000006,90.69686126708984,33.7,96.39997863769533,33.7,95.97956848144533,33.7,74.15614318847656,33.7,94.50875091552734
34.05,90.68585205078124,33.709999999999994,96.39061737060548,33.709999999999994,95.95382690429688,33.71,74.14830780029297,33.709999999999994,94.52886199951172
34.06,90.6809539794922,33.72,96.38248443603516,33.72,95.93097686767578,33.720000000000006,74.1427001953125,33.72,94.54529571533205
34.06999999999999,90.67020416259766,33.730000000000004,96.3756332397461,33.730000000000004,95.9222183227539,33.730000000000004,74.13643646240234,33.730000000000004,94.55674743652344
34.08,90.65738677978516,33.739999999999995,96.36914825439452,33.739999999999995,95.9272918701172,33.74,74.13123321533203,33.739999999999995,94.55941772460938
34.09,90.64636993408205,33.75,96.36370849609376,33.75,95.93714904785156,33.75,74.12564849853516,33.75,94.5572738647461
34.099999999999994,90.62995147705078,33.760000000000005,96.35956573486328,33.760000000000005,95.95280456542967,33.760000000000005,74.11996459960938,33.760000000000005,94.54905700683594
34.11,90.60961151123048,33.77,96.35750579833984,33.77,95.95822143554688,33.77,74.11225891113281,33.77,94.54090881347656
34.120000000000005,90.58898162841795,33.78,96.35899353027344,33.78,95.96092987060548,33.78,74.10282135009766,33.78,94.53821563720705
34.129999999999995,90.55198669433594,33.790000000000006,96.3650360107422,33.790000000000006,95.9635772705078,33.79,74.09283447265625,33.790000000000006,94.54417419433594
34.14,90.50840759277344,33.8,96.37409210205078,33.8,95.9604949951172,33.800000000000004,74.08308410644531,33.8,94.5648193359375
34.150000000000006,90.46568298339844,33.81,96.38429260253906,33.81,95.9613265991211,33.81,74.07390594482422,33.81,94.59630584716795
34.16,90.4214096069336,33.81999999999999,96.39713287353516,33.81999999999999,95.95906066894533,33.82,74.06512451171875,33.81999999999999,94.63121032714844
34.17,90.37223815917967,33.83,96.40947723388672,33.83,95.9583969116211,33.830000000000005,74.05712890625,33.83,94.66605377197266
34.17999999999999,90.31279754638672,33.84,96.42224884033205,33.84,95.95516967773438,33.84,74.04991149902344,33.84,94.70669555664062
34.19,90.25384521484376,33.849999999999994,96.43303680419922,33.849999999999994,95.94570922851562,33.85,74.04122924804688,33.849999999999994,94.7524642944336
34.2,90.17761993408205,33.86,96.44743347167967,33.86,95.92810821533205,33.86,74.03376770019531,33.86,94.80160522460938
34.209999999999994,90.0959014892578,33.870000000000005,96.4616928100586,33.870000000000005,95.90774536132812,33.870000000000005,74.02918243408203,33.870000000000005,94.85784149169922
34.22,90.01617431640625,33.879999999999995,96.467529296875,33.879999999999995,95.8786163330078,33.88,74.02519989013672,33.879999999999995,94.90575408935548
34.230000000000004,89.94422912597656,33.89,96.4669418334961,33.89,95.84855651855467,33.89,74.01881408691406,33.89,94.94587707519533
34.239999999999995,89.8956527709961,33.900000000000006,96.46106719970705,33.900000000000006,95.82635498046876,33.900000000000006,74.0126953125,33.900000000000006,94.9863052368164
34.25,89.8641586303711,33.91,96.4549560546875,33.91,95.8082504272461,33.910000000000004,74.00545501708984,33.91,95.00936126708984
34.260000000000005,89.84439849853516,33.92,96.44900512695312,33.92,95.78746032714844,33.92,73.99710845947266,33.92,95.0124053955078
34.27,89.84747314453125,33.92999999999999,96.44593048095705,33.93000000000001,95.77143096923828,33.93,73.98826599121094,33.93000000000001,95.00225067138672
34.28,89.88349151611328,33.94,96.44535064697266,33.94,95.75406646728516,33.940000000000005,73.9801025390625,33.94,94.98311614990234
34.290000000000006,89.90780639648438,33.95,96.44401550292967,33.95,95.73773193359376,33.95,73.97369384765625,33.95,94.95293426513672
34.3,89.9143295288086,33.959999999999994,96.44300079345705,33.959999999999994,95.72235107421876,33.96,73.96245574951172,33.959999999999994,94.91704559326172
34.31,89.91036987304688,33.97,96.44393157958984,33.97,95.71148681640624,33.970000000000006,73.95375061035156,33.97,94.88059997558594
34.31999999999999,89.89173889160156,33.980000000000004,96.44278717041016,33.980000000000004,95.6938705444336,33.980000000000004,73.94508361816406,33.980000000000004,94.84803009033205
34.33,89.86322784423828,33.989999999999995,96.43878936767578,33.989999999999995,95.67385864257812,33.99,73.93795776367188,33.989999999999995,94.82251739501952
34.34,89.81023406982422,34.0,96.4346160888672,34.0,95.65782165527344,34.0,73.9268798828125,34.0,94.80426025390624
34.349999999999994,89.7410888671875,34.010000000000005,96.43490600585938,34.010000000000005,95.65264129638672,34.010000000000005,73.91596221923828,34.010000000000005,94.7870635986328
34.36,89.66383361816406,34.02,96.43915557861328,34.02,95.64905548095705,34.02,73.9061050415039,34.02,94.76422882080078
34.370000000000005,89.56352233886719,34.03,96.44709014892578,34.03,95.6435546875,34.03,73.89312744140625,34.03,94.73404693603516
34.379999999999995,89.43859100341797,34.040000000000006,96.4601058959961,34.040000000000006,95.6355972290039,34.04,73.87823486328125,34.040000000000006,94.7001724243164
34.39,89.28636932373047,34.05,96.4762725830078,34.05,95.61921691894533,34.050000000000004,73.86418914794922,34.05,94.6651382446289
34.400000000000006,89.10498809814453,34.06,96.4932098388672,34.06,95.59138488769533,34.06,73.85047149658203,34.06,94.63648223876952
34.41,88.89302062988281,34.06999999999999,96.51089477539062,34.06999999999999,95.56160736083984,34.07,73.83765411376953,34.06999999999999,94.61615753173828
34.42,88.63518524169922,34.08,96.52855682373048,34.08,95.52610778808594,34.080000000000005,73.82584381103516,34.08,94.6085205078125
34.42999999999999,88.35784912109375,34.09,96.54942321777344,34.09,95.49424743652344,34.09,73.81617736816406,34.09,94.61080169677734
34.44,88.05472564697266,34.099999999999994,96.5706558227539,34.099999999999994,95.46107482910156,34.1,73.80321502685547,34.099999999999994,94.62345886230467
34.45,87.7388916015625,34.11,96.5945053100586,34.11,95.42247772216795,34.11,73.78917694091797,34.11,94.6364288330078
34.459999999999994,87.39051055908203,34.120000000000005,96.62077331542967,34.120000000000005,95.38664245605467,34.120000000000005,73.77222442626953,34.120000000000005,94.648193359375
34.47,87.02413177490234,34.129999999999995,96.65079498291016,34.129999999999995,95.34844207763672,34.13,73.75324249267578,34.129999999999995,94.6565170288086
34.480000000000004,86.67729187011719,34.14,96.67974853515624,34.14,95.29627990722656,34.14,73.73384094238281,34.14,94.66233825683594
34.489999999999995,86.287109375,34.150000000000006,96.7039031982422,34.150000000000006,95.24446868896484,34.150000000000006,73.71575164794922,34.150000000000006,94.66026306152344
34.5,85.81806945800781,34.16,96.71805572509766,34.16,95.19464874267578,34.160000000000004,73.69816589355469,34.16,94.65168762207033
34.510000000000005,85.3201904296875,34.17,96.72010040283205,34.17,95.145263671875,34.17,73.68235778808594,34.17,94.6393585205078
34.52,84.83157348632812,34.17999999999999,96.70790100097656,34.18000000000001,95.10153198242188,34.18,73.67256164550781,34.18000000000001,94.62828063964844
34.53,84.36557006835938,34.19,96.68413543701172,34.19,95.06878662109376,34.190000000000005,73.6665267944336,34.19,94.61781311035156
34.540000000000006,83.93321990966797,34.2,96.65072631835938,34.2,95.0443344116211,34.2,73.66181182861328,34.2,94.60492706298828
34.55,83.5025863647461,34.209999999999994,96.61293029785156,34.209999999999994,95.01941680908205,34.21,73.6610336303711,34.209999999999994,94.5879898071289
34.56,83.06826782226562,34.22,96.57444763183594,34.22,95.0051727294922,34.220000000000006,73.66026306152344,34.22,94.55950164794922
34.56999999999999,82.59830474853516,34.230000000000004,96.53240203857422,34.230000000000004,94.99144744873048,34.230000000000004,73.66218566894531,34.230000000000004,94.52179718017578
34.58,82.10734558105469,34.239999999999995,96.4886245727539,34.239999999999995,94.97815704345705,34.24,73.6667251586914,34.239999999999995,94.4883041381836
34.59,81.6313247680664,34.25,96.44861602783205,34.25,94.96024322509766,34.25,73.66856384277344,34.25,94.4560775756836
34.599999999999994,81.17567443847656,34.260000000000005,96.40786743164062,34.260000000000005,94.92925262451172,34.260000000000005,73.66956329345703,34.260000000000005,94.418212890625
34.61,80.69087219238281,34.27,96.36579132080078,34.27,94.88687133789062,34.27,73.66619110107422,34.27,94.3917236328125
34.620000000000005,80.18701934814453,34.28,96.33163452148438,34.28,94.82989501953124,34.28,73.65988159179688,34.28,94.37146759033205
34.629999999999995,79.6815185546875,34.290000000000006,96.30570220947266,34.290000000000006,94.75597381591795,34.29,73.65220642089844,34.290000000000006,94.34973907470705
34.64,79.14598846435547,34.3,96.291015625,34.3,94.65857696533205,34.300000000000004,73.6424789428711,34.3,94.3262710571289
34.650000000000006,78.53450012207031,34.31,96.29093933105467,34.31,94.54498291015624,34.31,73.63262939453125,34.31,94.30503845214844
34.66,77.93373107910156,34.31999999999999,96.3032455444336,34.31999999999999,94.40972900390624,34.32,73.62406921386719,34.31999999999999,94.29109191894533
34.67,77.38460540771484,34.33,96.329345703125,34.33,94.25440979003906,34.330000000000005,73.61347961425781,34.33,94.28848266601562
34.67999999999999,76.74771881103516,34.34,96.36800384521484,34.34,94.0774917602539,34.34,73.60529327392578,34.34,94.30013275146484
34.69,76.12654876708984,34.349999999999994,96.42010498046876,34.349999999999994,93.8662567138672,34.35,73.60686492919922,34.349999999999994,94.3271942138672
34.7,75.54110717773438,34.36,96.48831939697266,34.36,93.65792846679688,34.36,73.62079620361328,34.36,94.36213684082033
34.709999999999994,74.96790313720703,34.370000000000005,96.57530975341795,34.370000000000005,93.44294738769533,34.370000000000005,73.65258026123047,34.370000000000005,94.3915786743164
34.72,74.40898132324219,34.379999999999995,96.68270874023438,34.379999999999995,93.21036529541016,34.38,73.69831085205078,34.379999999999995,94.39680480957033
34.730000000000004,73.82475280761719,34.39,96.81439208984376,34.39,92.95843505859376,34.39,73.74405670166016,34.39,94.36724090576172
34.739999999999995,73.21160888671875,34.400000000000006,96.97618865966795,34.400000000000006,92.64716339111328,34.400000000000006,73.7697982788086,34.400000000000006,94.29659271240234
34.75,72.58381652832031,34.41,97.14759826660156,34.41,92.31620025634766,34.410000000000004,73.7791976928711,34.41,94.1974639892578
34.760000000000005,71.86808013916016,34.42,97.32872009277344,34.42,91.97576141357422,34.42,73.77818298339844,34.42,94.0732192993164
34.77,71.09664916992188,34.42999999999999,97.51771545410156,34.43000000000001,91.60922241210938,34.43,73.77001190185547,34.43000000000001,93.92390441894533
34.78,70.32368469238281,34.44,97.7084503173828,34.44,91.22349548339844,34.440000000000005,73.75814056396484,34.44,93.76266479492188
34.790000000000006,69.57756042480469,34.45,97.89759826660156,34.45,90.7879867553711,34.45,73.74514770507812,34.45,93.59700012207033
34.8,68.9102554321289,34.459999999999994,98.09791564941406,34.459999999999994,90.28416442871094,34.46,73.73384094238281,34.459999999999994,93.44302368164062
34.81,68.30096435546875,34.47,98.3115005493164,34.47,89.73406219482422,34.470000000000006,73.72794342041016,34.47,93.30848693847656
34.81999999999999,67.67528533935547,34.480000000000004,98.53692626953124,34.480000000000004,89.15507507324219,34.480000000000004,73.73030090332031,34.480000000000004,93.19447326660156
34.83,67.04981231689453,34.489999999999995,98.77159881591795,34.489999999999995,88.5259780883789,34.49,73.74298095703125,34.489999999999995,93.10840606689452
34.84,66.38174438476562,34.5,99.01654052734376,34.5,87.86375427246094,34.5,73.76737213134766,34.5,93.06402587890624
34.849999999999994,65.70011138916016,34.510000000000005,99.27473449707033,34.510000000000005,87.17122650146484,34.510000000000005,73.80451965332031,34.510000000000005,93.08002471923828
34.86,65.04962921142578,34.52,99.54727935791016,34.52,86.42481994628906,34.52,73.84477233886719,34.52,93.1636962890625
34.870000000000005,64.39566040039062,34.53,99.8314208984375,34.53,85.65789794921875,34.53,73.87398529052734,34.53,93.30734252929688
34.879999999999995,63.74485397338867,34.540000000000006,100.1224136352539,34.540000000000006,84.89231872558594,34.54,73.89076232910156,34.540000000000006,93.4649658203125
34.89,63.10565185546875,34.55,100.41117095947266,34.55,84.15924835205078,34.550000000000004,73.89421081542969,34.55,93.5773468017578
34.900000000000006,62.47101593017578,34.56,100.69641876220705,34.56,83.45050811767578,34.56,73.89006805419922,34.56,93.6265869140625
34.91,61.87474822998047,34.56999999999999,100.97974395751952,34.56999999999999,82.72228240966797,34.57,73.8797378540039,34.56999999999999,93.60610961914062
34.92,61.30571746826172,34.58,101.26603698730467,34.58,81.93647003173828,34.580000000000005,73.86835479736328,34.58,93.5155258178711
34.92999999999999,60.768653869628906,34.59,101.55786895751952,34.59,81.15170288085938,34.59,73.86430358886719,34.59,93.38688659667967
34.94,60.235477447509766,34.599999999999994,101.85362243652344,34.599999999999994,80.3824234008789,34.6,73.87060546875,34.599999999999994,93.27645111083984
34.95,59.67837142944336,34.61,102.15628814697266,34.61,79.61751556396484,34.61,73.89510345458984,34.61,93.2337875366211
34.959999999999994,59.10274887084961,34.620000000000005,102.47096252441406,34.620000000000005,78.8462142944336,34.620000000000005,73.93645477294922,34.620000000000005,93.31000518798828
34.97,58.50278854370117,34.629999999999995,102.79232025146484,34.629999999999995,78.02391052246094,34.63,73.9916763305664,34.629999999999995,93.5642547607422
34.980000000000004,57.88958740234375,34.64,103.125732421875,34.64,77.1737289428711,34.64,74.06071472167969,34.64,93.9717788696289
34.989999999999995,57.26501083374024,34.650000000000006,103.46797943115234,34.650000000000006,76.29359436035156,34.650000000000006,74.11116027832031,34.650000000000006,94.52113342285156
35.0,56.63221740722656,34.66,103.81935119628906,34.66,75.40835571289062,34.660000000000004,74.12592315673828,34.66,95.16250610351562
35.010000000000005,55.999298095703125,34.67,104.17719268798828,34.67,74.58062744140625,34.67,74.12812042236328,34.67,95.80574798583984
35.02,55.40561294555664,34.67999999999999,104.53390502929688,34.68000000000001,73.80657958984375,34.68,74.12606048583984,34.68000000000001,96.33816528320312
35.03,54.83794784545898,34.69,104.8889617919922,34.69,73.0317153930664,34.690000000000005,74.12261199951172,34.69,96.66638946533205
35.040000000000006,54.25393295288086,34.7,105.2376708984375,34.7,72.2264175415039,34.7,74.13079833984375,34.7,96.75778198242188
35.05,53.658729553222656,34.709999999999994,105.58321380615234,34.709999999999994,71.4027099609375,34.71,74.1478500366211,34.709999999999994,96.7479476928711
35.06,53.04460144042969,34.72,105.91715240478516,34.72,70.57007598876953,34.720000000000006,74.17340850830078,34.72,96.73298645019533
35.06999999999999,52.44310760498047,34.730000000000004,106.25636291503906,34.730000000000004,69.73214721679688,34.730000000000004,74.20789337158203,34.730000000000004,96.77023315429688
35.08,51.87058639526367,34.739999999999995,106.5999526977539,34.739999999999995,68.80445098876953,34.74,74.25214385986328,34.739999999999995,96.83422088623048
35.09,51.32206344604492,34.75,106.95243072509766,34.75,67.8373794555664,34.75,74.30615234375,34.75,96.90110778808594
35.099999999999994,50.79834365844727,34.760000000000005,107.30130004882812,34.760000000000005,66.93052673339844,34.760000000000005,74.36792755126953,34.760000000000005,96.92718505859376
35.11,50.28078079223633,34.77,107.62065887451172,34.77,66.09336853027344,34.77,74.43553924560547,34.77,96.92565155029295
35.120000000000005,49.7587776184082,34.78,107.9088897705078,34.78,65.32737731933594,34.78,74.50669860839844,34.78,96.87159729003906
35.129999999999995,49.22105407714844,34.790000000000006,108.17131805419922,34.790000000000006,64.62532806396484,34.79,74.56969451904297,34.790000000000006,96.68711853027344
35.14,48.66268157958984,34.8,108.40763092041016,34.8,63.97368621826172,34.800000000000004,74.61860656738281,34.8,96.34407043457033
35.150000000000006,48.08402633666992,34.81,108.63064575195312,34.81,63.33934020996094,34.81,74.6525650024414,34.81,95.87533569335938
35.16,47.51068115234375,34.81999999999999,108.8475112915039,34.81999999999999,62.67588806152344,34.82,74.67538452148438,34.81999999999999,95.37283325195312
35.17,46.923805236816406,34.83,109.06874084472656,34.83,61.9974250793457,34.830000000000005,74.693603515625,34.83,94.89678955078124
35.17999999999999,46.31957244873047,34.84,109.30946350097656,34.84,61.30278778076172,34.84,74.70872497558594,34.84,94.48065948486328
35.19,45.68863296508789,34.849999999999994,109.56690979003906,34.849999999999994,60.610233306884766,34.85,74.71597290039062,34.849999999999994,94.16461944580078
35.2,45.015384674072266,34.86,109.82164001464844,34.86,59.87797546386719,34.86,74.72111511230469,34.86,93.96347045898438
35.209999999999994,44.29039764404297,34.870000000000005,110.0594253540039,34.870000000000005,59.098262786865234,34.870000000000005,74.720947265625,34.870000000000005,93.93472290039062
35.22,43.54626083374024,34.879999999999995,110.27208709716795,34.879999999999995,58.28268432617188,34.88,74.72189331054688,34.879999999999995,94.07543182373048
35.230000000000004,42.79891586303711,34.89,110.47675323486328,34.89,57.51560592651367,34.89,74.72329711914062,34.89,94.30490112304688
35.239999999999995,42.05583190917969,34.900000000000006,110.69001007080078,34.900000000000006,56.83267593383789,34.900000000000006,74.72600555419922,34.900000000000006,94.5306625366211
35.25,41.33237457275391,34.91,110.91017150878906,34.91,56.20620727539063,34.910000000000004,74.7340316772461,34.91,94.62706756591795
35.260000000000005,40.620361328125,34.92,111.13513946533205,34.92,55.58051681518555,34.92,74.74342346191406,34.92,94.52720642089844
35.27,39.87870788574219,34.92999999999999,111.33502960205078,34.93000000000001,54.96859359741211,34.93,74.75293731689453,34.93000000000001,94.18782043457033
35.28,39.12223052978516,34.94,111.51057434082033,34.94,54.43714904785156,34.940000000000005,74.76993560791016,34.94,93.6784439086914
35.290000000000006,38.33843612670898,34.95,111.6678695678711,34.95,53.90901565551758,34.95,74.79024505615234,34.95,93.10873413085938
35.3,37.52164840698242,34.959999999999994,111.81259155273438,34.959999999999994,53.34074020385742,34.96,74.80509185791016,34.959999999999994,92.5711669921875
35.31,36.691253662109375,34.97,111.93730926513672,34.97,52.75465393066406,34.970000000000006,74.81394958496094,34.97,92.12667846679688
35.31999999999999,35.854331970214844,34.980000000000004,112.04460906982422,34.980000000000004,52.19423294067383,34.980000000000004,74.81397247314453,34.980000000000004,91.77627563476562
35.33,35.03105545043945,34.989999999999995,112.13593292236328,34.989999999999995,51.66272735595703,34.99,74.80621337890625,34.989999999999995,91.43844604492188
35.34,34.22515106201172,35.0,112.21549987792967,35.0,51.17618179321289,35.0,74.79657745361328,35.0,91.06458282470705
35.349999999999994,33.43024826049805,35.010000000000005,112.28459167480467,35.010000000000005,50.69977569580078,35.010000000000005,74.78446960449219,35.010000000000005,90.67098236083984
35.36,32.64535140991211,35.02,112.3450164794922,35.02,50.19647979736328,35.02,74.77198028564453,35.02,90.27606201171876
35.370000000000005,31.858510971069336,35.03,112.40567016601562,35.03,49.6826286315918,35.03,74.76248168945312,35.03,89.88981628417969
35.379999999999995,31.041542053222656,35.040000000000006,112.4741439819336,35.040000000000006,49.1816635131836,35.04,74.75746154785156,35.040000000000006,89.49677276611328
35.39,30.194643020629883,35.05,112.55115509033205,35.05,48.65755844116211,35.050000000000004,74.74842071533203,35.05,89.11099243164062
35.400000000000006,29.32717514038086,35.06,112.64407348632812,35.06,48.12918472290039,35.06,74.72689056396484,35.06,88.76285552978516
35.41,28.4416446685791,35.06999999999999,112.74677276611328,35.06999999999999,47.61809539794922,35.07,74.6786117553711,35.06999999999999,88.46058654785156
35.42,27.557205200195312,35.08,112.85800170898438,35.08,47.10585403442383,35.080000000000005,74.60987854003906,35.08,88.20072937011719
35.42999999999999,26.69180679321289,35.09,112.97218322753906,35.09,46.56385040283203,35.09,74.53916931152344,35.09,87.95404815673828
35.44,25.840553283691406,35.099999999999994,113.09668731689452,35.099999999999994,46.00032043457031,35.1,74.4716567993164,35.099999999999994,87.67149353027344
35.45,25.01582717895508,35.11,113.23741149902344,35.11,45.43230438232422,35.11,74.41082000732422,35.11,87.34770965576172
35.459999999999994,24.21916580200196,35.120000000000005,113.38977813720705,35.120000000000005,44.83430099487305,35.120000000000005,74.34952545166016,35.120000000000005,86.98772430419922
35.47,23.43568420410156,35.129999999999995,113.55050659179688,35.129999999999995,44.1831169128418,35.13,74.28752899169922,35.129999999999995,86.59251403808594
35.480000000000004,22.66507339477539,35.14,113.7253189086914,35.14,43.46129608154297,35.14,74.23274993896484,35.14,86.15723419189453
35.489999999999995,21.92343139648437,35.150000000000006,113.91668701171876,35.150000000000006,42.7074089050293,35.150000000000006,74.19078826904297,35.150000000000006,85.70182037353516
35.5,21.202789306640625,35.16,114.14756774902344,35.16,41.957462310791016,35.160000000000004,74.15340423583984,35.16,85.27772521972656
35.510000000000005,20.49362564086914,35.17,114.38968658447266,35.17,41.251312255859375,35.17,74.1146011352539,35.17,84.95408630371094
35.52,19.80218315124512,35.17999999999999,114.6183853149414,35.18000000000001,40.58732986450195,35.18,74.07215118408203,35.18000000000001,84.76907348632812
35.53,19.127347946166992,35.19,114.83074951171876,35.19,39.91796112060547,35.190000000000005,74.02536010742188,35.19,84.68197631835938
35.540000000000006,18.47529602050781,35.2,115.0299835205078,35.2,39.22188949584961,35.2,73.97352600097656,35.2,84.62142181396484
35.55,17.85688018798828,35.209999999999994,115.21857452392578,35.209999999999994,38.51602554321289,35.21,73.91571044921875,35.209999999999994,84.5349349975586
35.56,17.275165557861328,35.22,115.40386962890624,35.22,37.802490234375,35.220000000000006,73.85327911376953,35.22,84.40682220458984
35.56999999999999,16.725202560424805,35.230000000000004,115.59553527832033,35.230000000000004,37.07309722900391,35.230000000000004,73.79497528076172,35.230000000000004,84.25066375732422
35.58,16.200435638427734,35.239999999999995,115.78620910644533,35.239999999999995,36.31095504760742,35.24,73.74971771240234,35.239999999999995,84.09703826904297
35.59,15.675491333007812,35.25,115.97612762451172,35.25,35.53767395019531,35.25,73.71576690673828,35.25,83.97866821289062
35.599999999999994,15.162729263305664,35.260000000000005,116.16828918457033,35.260000000000005,34.76140213012695,35.260000000000005,73.6927261352539,35.260000000000005,83.89443969726562
35.61,14.680071830749512,35.27,116.35211944580078,35.27,33.9725341796875,35.27,73.67420196533203,35.27,83.84061431884766
35.620000000000005,14.234420776367188,35.28,116.52198028564452,35.28,33.16744613647461,35.28,73.66072082519531,35.28,83.79766082763672
35.629999999999995,13.821066856384276,35.290000000000006,116.6831512451172,35.290000000000006,32.343536376953125,35.29,73.65026092529297,35.290000000000006,83.76771545410156
35.64,13.399216651916504,35.3,116.8237533569336,35.3,31.504552841186523,35.300000000000004,73.6384048461914,35.3,83.75089263916016
35.650000000000006,12.971227645874023,35.31,116.9517822265625,35.31,30.648658752441406,35.31,73.62162017822266,35.31,83.71444702148438
35.66,12.556297302246094,35.31999999999999,117.06454467773438,35.31999999999999,29.77897453308105,35.32,73.59571075439453,35.31999999999999,83.66049194335938
35.67,12.1628999710083,35.33,117.15763854980467,35.33,28.905174255371094,35.330000000000005,73.57109832763672,35.33,83.62067413330078
35.68000000000001,11.789708137512209,35.34,117.23370361328124,35.34,28.03009414672852,35.34,73.55375671386719,35.34,83.63936614990234
35.69,11.428184509277344,35.349999999999994,117.29830169677734,35.349999999999994,27.20155906677246,35.35,73.54479217529297,35.349999999999994,83.74556732177734
35.7,11.070042610168455,35.36,117.38726043701172,35.36,26.42361068725586,35.36,73.54944610595703,35.36,83.90652465820312
35.71000000000001,10.724616050720217,35.370000000000005,117.4932632446289,35.370000000000005,25.660303115844727,35.370000000000005,73.562744140625,35.370000000000005,84.08776092529297
35.72,10.395062446594238,35.379999999999995,117.58751678466795,35.379999999999995,24.91983795166016,35.38,73.5774917602539,35.379999999999995,84.23723602294922
35.730000000000004,10.084395408630373,35.39,117.6590347290039,35.39,24.18193244934082,35.39,73.59623718261719,35.39,84.33834838867188
35.74000000000001,9.80334758758545,35.400000000000006,117.71176147460938,35.400000000000006,23.41760635375977,35.400000000000006,73.61595916748047,35.400000000000006,84.40084838867188
35.75,9.55652904510498,35.41,117.7564468383789,35.41,22.63876914978028,35.410000000000004,73.63135528564453,35.41,84.4345932006836
35.760000000000005,9.331685066223145,35.42,117.79624938964844,35.42,21.856107711791992,35.42,73.63861083984375,35.42,84.47453308105469
35.77,9.121834754943848,35.42999999999999,117.82567596435548,35.43000000000001,21.090208053588867,35.43,73.64047241210938,35.43000000000001,84.57685089111328
35.78,8.922947883605957,35.44,117.84114074707033,35.44,20.340784072875977,35.440000000000005,73.63652801513672,35.44,84.73885345458984
35.790000000000006,8.719971656799316,35.45,117.84407806396484,35.45,19.59580039978028,35.45,73.63495635986328,35.45,84.9816665649414
35.8,8.504658699035645,35.459999999999994,117.82861328125,35.459999999999994,18.865861892700195,35.46,73.63394927978516,35.459999999999994,85.27178955078125
35.81,8.282635688781738,35.47,117.7994613647461,35.47,18.18196678161621,35.470000000000006,73.63658905029297,35.47,85.58008575439453
35.82000000000001,8.058614730834961,35.480000000000004,117.77959442138672,35.480000000000004,17.5413818359375,35.480000000000004,73.64079284667969,35.480000000000004,85.90886688232422
35.83,7.846645355224609,35.489999999999995,117.76671600341795,35.489999999999995,16.95562744140625,35.49,73.65213012695312,35.489999999999995,86.22272491455078
35.84,7.658286094665527,35.5,117.74922943115234,35.5,16.415861129760742,35.5,73.67269897460938,35.5,86.52035522460938
35.85000000000001,7.491731643676758,35.510000000000005,117.72591400146484,35.510000000000005,15.89964771270752,35.510000000000005,73.7031021118164,35.510000000000005,86.81278991699219
35.86,7.351579666137695,35.52,117.6905746459961,35.52,15.402509689331056,35.52,73.74947357177734,35.52,87.12405395507812
35.870000000000005,7.230162143707275,35.53,117.64241027832033,35.53,14.927189826965332,35.53,73.81105041503906,35.53,87.56027221679688
35.88000000000001,7.131830215454102,35.540000000000006,117.58392333984376,35.540000000000006,14.475693702697754,35.54,73.87939453125,35.540000000000006,88.17757415771484
35.89,7.058431148529053,35.55,117.50959777832033,35.55,14.04604721069336,35.550000000000004,73.94601440429688,35.55,89.01004028320312
35.900000000000006,7.009127616882324,35.56,117.42313385009766,35.56,13.642849922180176,35.56,74.01268768310547,35.56,89.89030456542969
35.91,6.978275775909424,35.56999999999999,117.3308563232422,35.56999999999999,13.26307201385498,35.57,74.08089447021484,35.56999999999999,90.6690673828125
35.92,6.949010372161865,35.58,117.2397003173828,35.58,12.911903381347656,35.580000000000005,74.15286254882812,35.58,91.34408569335938
35.93000000000001,6.9164228439331055,35.59,117.13701629638672,35.59,12.587191581726074,35.59,74.22511291503906,35.59,91.99141693115234
35.94,6.876215934753418,35.599999999999994,117.01753997802734,35.599999999999994,12.27358341217041,35.6,74.2895736694336,35.599999999999994,92.6739730834961
35.95,6.833338260650635,35.61,116.89111328125,35.61,11.938058853149414,35.61,74.34688568115234,35.61,93.38229370117188
35.96000000000001,6.792562007904053,35.620000000000005,116.77256774902344,35.620000000000005,11.564903259277344,35.620000000000005,74.39983367919922,35.620000000000005,94.06568908691406
35.97,6.759534358978272,35.629999999999995,116.65618133544922,35.629999999999995,11.142334938049316,35.63,74.45319366455078,35.629999999999995,94.68634796142578
35.980000000000004,6.733597755432129,35.64,116.54637908935548,35.64,10.698613166809082,35.64,74.51052856445312,35.64,95.17871856689452
35.99000000000001,6.716479301452637,35.650000000000006,116.44359588623048,35.650000000000006,10.265973091125488,35.650000000000006,74.57273864746094,35.650000000000006,95.54418182373048
36.0,6.706031322479248,35.66,116.34285736083984,35.66,9.879940032958984,35.660000000000004,74.6370620727539,35.66,95.9207000732422
36.010000000000005,6.7071733474731445,35.67,116.24864959716795,35.67,9.553017616271973,35.67,74.70658111572266,35.67,96.37003326416016
36.02,6.7113800048828125,35.68000000000001,116.1625747680664,35.68000000000001,9.29621696472168,35.68,74.77770233154297,35.68000000000001,96.86443328857422
36.03,6.716344833374023,35.69,116.08287048339844,35.69,9.07605266571045,35.690000000000005,74.84319305419922,35.69,97.4220733642578
36.040000000000006,6.725113391876221,35.7,116.01018524169922,35.7,8.866250991821289,35.7,74.90216064453125,35.7,98.05728912353516
36.05,6.734823703765869,35.71000000000001,115.9443817138672,35.709999999999994,8.637345314025879,35.71,74.95321655273438,35.709999999999994,98.74671936035156
36.06,6.743468761444092,35.72,115.88571166992188,35.72,8.379562377929688,35.720000000000006,74.9984359741211,35.72,99.4580307006836
36.07000000000001,6.754415512084961,35.730000000000004,115.83518981933594,35.730000000000004,8.103031158447266,35.730000000000004,75.03580474853516,35.730000000000004,100.1612319946289
36.08,6.763750076293945,35.74000000000001,115.79972076416016,35.739999999999995,7.840597629547119,35.74,75.069091796875,35.739999999999995,100.80461883544922
36.09,6.767033576965332,35.75,115.77066040039062,35.75,7.626968860626221,35.75,75.10185241699219,35.75,101.38710021972656
36.10000000000001,6.763250827789307,35.760000000000005,115.74541473388672,35.75999999999999,7.457296371459961,35.760000000000005,75.13274383544922,35.760000000000005,101.92040252685548
36.11,6.745523452758789,35.77,115.72232818603516,35.77,7.316779136657715,35.77,75.1624526977539,35.77,102.44432067871094
36.120000000000005,6.726380825042725,35.78,115.69695281982422,35.78,7.19276237487793,35.78,75.19279479980469,35.78,102.98738098144533
36.13000000000001,6.717401504516602,35.790000000000006,115.66657257080078,35.78999999999999,7.075986862182617,35.790000000000006,75.21966552734375,35.790000000000006,103.55908966064452
36.14,6.720925807952881,35.8,115.63666534423828,35.8,6.983032703399658,35.8,75.2423324584961,35.8,104.1624755859375
36.150000000000006,6.731656074523926,35.81,115.61206817626952,35.81,6.912810325622559,35.81,75.26105499267578,35.81,104.77323150634766
36.16,6.7480082511901855,35.82000000000001,115.59166717529295,35.81999999999999,6.871333122253418,35.82000000000001,75.27765655517578,35.81999999999999,105.35671997070312
36.17,6.775405883789063,35.83,115.57144165039062,35.83,6.851731300354004,35.83,75.29067993164062,35.83,105.90415954589844
36.18000000000001,6.805191993713379,35.84,115.55233001708984,35.83999999999999,6.842455387115479,35.84,75.30011749267578,35.84,106.42459106445312
36.19,6.831925868988037,35.85000000000001,115.53995513916016,35.849999999999994,6.830129146575928,35.85000000000001,75.30718231201172,35.849999999999994,106.8987045288086
36.2,6.852683544158936,35.86,115.53548431396484,35.86,6.809566020965576,35.86,75.31239318847656,35.86,107.33024597167967
36.21000000000001,6.865516662597656,35.870000000000005,115.53205871582033,35.86999999999999,6.782925605773926,35.870000000000005,75.314453125,35.870000000000005,107.7254638671875
36.22,6.875494956970215,35.88000000000001,115.53598022460938,35.879999999999995,6.763713359832764,35.879999999999995,75.31593322753906,35.879999999999995,108.08413696289062
36.23,6.887446880340576,35.89,115.54045867919922,35.89,6.749391078948975,35.89,75.31745147705078,35.89,108.45668029785156
36.24000000000001,6.8961029052734375,35.900000000000006,115.54205322265624,35.89999999999999,6.727165222167969,35.900000000000006,75.31939697265625,35.900000000000006,108.89283752441406
36.25,6.907829761505127,35.91,115.54589080810548,35.91,6.705460548400879,35.91,75.32172393798828,35.91,109.38671112060548
36.260000000000005,6.922070503234863,35.92,115.54816436767578,35.92,6.685399532318115,35.92,75.3248291015625,35.92,109.9088897705078
36.27,6.933627128601074,35.93000000000001,115.5460433959961,35.92999999999999,6.661036491394043,35.93000000000001,75.32613372802734,35.93000000000001,110.39547729492188
36.28,6.942012786865234,35.94,115.53784942626952,35.94,6.629772663116455,35.94,75.32677459716797,35.94,110.8128433227539
36.290000000000006,6.948505401611328,35.95,115.52366638183594,35.95,6.594408988952637,35.95,75.32089233398438,35.95,111.14117431640624
36.3,6.951184272766113,35.96000000000001,115.5052261352539,35.959999999999994,6.560452461242676,35.96000000000001,75.3158187866211,35.959999999999994,111.4157485961914
36.31,6.9526214599609375,35.97,115.48127746582033,35.97,6.537648677825928,35.97,75.30599212646484,35.97,111.66160583496094
36.32000000000001,6.955363750457764,35.980000000000004,115.45578002929688,35.97999999999999,6.524879455566406,35.980000000000004,75.29542541503906,35.980000000000004,111.8810577392578
36.33,6.959019184112549,35.99000000000001,115.43043518066406,35.989999999999995,6.51776933670044,35.99000000000001,75.28759002685547,35.989999999999995,112.05567932128906
36.34,6.9585280418396,36.0,115.40617370605467,36.0,6.521789073944092,36.0,75.28057861328125,36.0,112.17994689941406
36.35000000000001,6.956238269805908,36.010000000000005,115.3828582763672,36.00999999999999,6.532370567321777,36.010000000000005,75.27581024169922,36.00999999999999,112.31853485107422
36.36,6.952369213104248,36.02,115.3635711669922,36.02,6.540286540985107,36.02,75.2682876586914,36.02,112.51675415039062
36.370000000000005,6.94626522064209,36.03,115.35266876220705,36.03,6.539805889129639,36.03,75.27143859863281,36.03,112.78003692626952
36.38000000000001,6.941460609436035,36.040000000000006,115.34422302246094,36.03999999999999,6.533858299255371,36.040000000000006,75.27361297607422,36.03999999999999,113.08152770996094
36.39,6.938436508178711,36.05,115.34105682373048,36.05,6.520669460296631,36.05,75.27082061767578,36.05,113.373291015625
36.400000000000006,6.939074516296387,36.06,115.3368911743164,36.06,6.49993896484375,36.06,75.26644897460938,36.06,113.63834381103516
36.41,6.940433025360107,36.07000000000001,115.3314971923828,36.06999999999999,6.47529935836792,36.07000000000001,75.26129150390625,36.06999999999999,113.87815856933594
36.42,6.943667888641357,36.08,115.3272476196289,36.08,6.444284915924072,36.08,75.25394439697266,36.08,114.08284759521484
36.43000000000001,6.95094108581543,36.09,115.32752990722656,36.08999999999999,6.409804344177246,36.09,75.24498748779297,36.08999999999999,114.27670288085938
36.44,6.96674919128418,36.10000000000001,115.3291015625,36.1,6.371223449707031,36.10000000000001,75.23883056640625,36.1,114.46294403076172
36.45,6.991645812988281,36.11,115.33528900146484,36.11,6.333839416503906,36.11,75.232421875,36.11,114.63533782958984
36.46000000000001,7.023200035095215,36.120000000000005,115.3418197631836,36.11999999999999,6.298212051391602,36.120000000000005,75.22834777832031,36.11999999999999,114.78823852539062
36.47,7.04924201965332,36.13000000000001,115.34622192382812,36.13,6.271241188049316,36.13,75.2223129272461,36.13,114.91989135742188
36.48,7.064121723175049,36.14,115.3461685180664,36.14,6.25645637512207,36.14,75.21768951416016,36.14,115.02693939208984
36.49000000000001,7.078486919403076,36.150000000000006,115.34392547607422,36.14999999999999,6.249667644500732,36.150000000000006,75.21214294433594,36.14999999999999,115.09774017333984
36.5,7.095327377319336,36.16,115.34202575683594,36.16,6.244180202484131,36.16,75.20632934570312,36.16,115.14933013916016
36.510000000000005,7.105920314788818,36.17,115.3412857055664,36.17,6.234510898590088,36.17,75.1998519897461,36.17,115.19140625
36.52,7.114107131958008,36.18000000000001,115.33619689941406,36.17999999999999,6.223453044891357,36.18000000000001,75.195556640625,36.17999999999999,115.24485778808594
36.53,7.119503498077393,36.19,115.33331298828124,36.19,6.21388578414917,36.19,75.19131469726562,36.19,115.30663299560548
36.540000000000006,7.123180389404297,36.2,115.33361053466795,36.2,6.205663681030273,36.2,75.18731689453125,36.2,115.37596893310548
36.55,7.121641635894775,36.21000000000001,115.3314971923828,36.21,6.196855068206787,36.21000000000001,75.18231201171875,36.21,115.45526123046876
36.56,7.1178178787231445,36.22,115.33056640625,36.22,6.191734790802002,36.22,75.17935180664062,36.22,115.55205535888672
36.57000000000001,7.107945442199707,36.23,115.3293914794922,36.22999999999999,6.188028812408447,36.23,75.17517852783203,36.22999999999999,115.6646728515625
36.58,7.092059135437012,36.24000000000001,115.32671356201172,36.24,6.183521270751953,36.24000000000001,75.1698226928711,36.24,115.78825378417967
36.59,7.075906753540039,36.25,115.32270050048828,36.25,6.180477142333984,36.25,75.16547393798828,36.25,115.9145050048828
36.60000000000001,7.065191745758057,36.260000000000005,115.3181381225586,36.25999999999999,6.173679351806641,36.260000000000005,75.16390228271484,36.25999999999999,116.03911590576172
36.61,7.059231281280518,36.27,115.3134765625,36.27,6.164409637451172,36.27,75.16063690185547,36.27,116.15599060058594
36.620000000000005,7.058380603790283,36.28,115.30889892578124,36.28,6.152515411376953,36.28,75.15708923339844,36.28,116.26570129394533
36.63000000000001,7.055954933166504,36.290000000000006,115.30242156982422,36.28999999999999,6.141594409942627,36.290000000000006,75.15180969238281,36.28999999999999,116.36811065673828
36.64,7.049502372741699,36.3,115.29865264892578,36.3,6.131071090698242,36.3,75.14688110351562,36.3,116.46533203125
36.650000000000006,7.037482261657715,36.31,115.29759216308594,36.31,6.120283603668213,36.31,75.140869140625,36.31,116.56279754638672
36.66,7.019084453582764,36.32000000000001,115.30148315429688,36.31999999999999,6.113099575042725,36.32000000000001,75.13560485839844,36.31999999999999,116.66340637207033
36.67,6.994310855865479,36.33,115.30577087402344,36.33,6.113691329956055,36.33,75.1280746459961,36.33,116.76498413085938
36.68000000000001,6.97402286529541,36.34,115.30742645263672,36.33999999999999,6.120850086212158,36.34,75.11968994140625,36.33999999999999,116.85482788085938
36.69,6.958367824554443,36.35000000000001,115.30653381347656,36.35,6.129514694213867,36.35000000000001,75.11145782470703,36.35,116.91985321044922
36.7,6.952427864074707,36.36,115.30502319335938,36.36,6.138298034667969,36.36,75.10386657714844,36.36,116.96241760253906
36.71000000000001,6.9545087814331055,36.370000000000005,115.30138397216795,36.36999999999999,6.143326759338379,36.370000000000005,75.09703063964844,36.36999999999999,116.97917938232422
36.72,6.957903861999512,36.38000000000001,115.29757690429688,36.38,6.142341613769531,36.38,75.09070587158203,36.38,116.9778289794922
36.73,6.958978176116943,36.39,115.30079650878906,36.39,6.136040210723877,36.39,75.08623504638672,36.39,116.97480010986328
36.74000000000001,6.959282398223877,36.400000000000006,115.3094711303711,36.39999999999999,6.128462791442871,36.400000000000006,75.07927703857422,36.39999999999999,116.9701690673828
36.75,6.956711292266846,36.41,115.31168365478516,36.41,6.122821807861328,36.41,75.07292938232422,36.41,116.9516143798828
36.760000000000005,6.953978538513184,36.42,115.30976104736328,36.42,6.119353294372559,36.42,75.06632232666016,36.42,116.93959045410156
36.77,6.957338809967041,36.43000000000001,115.31031036376952,36.42999999999999,6.116320610046387,36.43000000000001,75.06189727783203,36.42999999999999,116.94463348388672
36.78,6.969296455383301,36.44,115.31209564208984,36.44,6.114153861999512,36.44,75.0631103515625,36.44,116.96566009521484
36.790000000000006,6.986391067504883,36.45,115.31100463867188,36.45,6.113227844238281,36.45,75.06209564208984,36.45,116.99666595458984
36.8,7.004750728607178,36.46000000000001,115.30682373046876,36.46,6.112653255462647,36.46000000000001,75.0620346069336,36.46,117.03390502929688
36.81,7.022103309631348,36.47,115.29937744140624,36.47,6.112551212310791,36.47,75.06018829345703,36.47,117.07489776611328
36.82000000000001,7.041016101837158,36.48,115.2893524169922,36.47999999999999,6.111333847045898,36.48,75.056640625,36.47999999999999,117.1147918701172
36.83,7.058925628662109,36.49000000000001,115.27706146240234,36.49,6.108743667602539,36.49000000000001,75.05325317382812,36.49,117.15238189697266
36.84,7.084133625030518,36.5,115.26636505126952,36.5,6.10288667678833,36.5,75.05152130126953,36.5,117.18540954589844
36.85000000000001,7.098923683166504,36.510000000000005,115.2597198486328,36.50999999999999,6.094884395599365,36.510000000000005,75.0511474609375,36.50999999999999,117.21627044677734
36.86,7.113218784332275,36.52,115.25674438476562,36.52,6.087423324584961,36.52,75.05072784423828,36.52,117.2415008544922
36.870000000000005,7.122400283813477,36.53,115.25454711914062,36.53,6.079323768615723,36.53,75.05193328857422,36.53,117.26055908203124
36.88000000000001,7.12059211730957,36.540000000000006,115.25435638427734,36.53999999999999,6.067413330078125,36.540000000000006,75.05278015136719,36.53999999999999,117.27531433105467
36.89,7.128142356872559,36.55,115.250244140625,36.55,6.052219867706299,36.55,75.05123901367188,36.55,117.28368377685548
36.900000000000006,7.134275436401367,36.56,115.24713134765624,36.56,6.036935806274414,36.56,75.04967498779297,36.56,117.29634857177734
36.91,7.135814189910889,36.57000000000001,115.24790954589844,36.56999999999999,6.024209976196289,36.57000000000001,75.05072784423828,36.56999999999999,117.3164291381836
36.92,7.135229110717773,36.58,115.2436752319336,36.58,6.013651847839356,36.58,75.05188751220703,36.58,117.3350067138672
36.93000000000001,7.125032901763916,36.59,115.24685668945312,36.58999999999999,6.003331661224365,36.59,75.05139923095703,36.58999999999999,117.35023498535156
36.94,7.1119256019592285,36.60000000000001,115.25047302246094,36.6,5.994901657104492,36.60000000000001,75.0502700805664,36.6,117.36134338378906
36.95,7.095211505889893,36.61,115.25482177734376,36.61,5.988502502441406,36.61,75.0469970703125,36.61,117.3670654296875
36.96000000000001,7.074489116668701,36.620000000000005,115.260009765625,36.61999999999999,5.986225128173828,36.620000000000005,75.04601287841797,36.61999999999999,117.36764526367188
36.97,7.052976608276367,36.63000000000001,115.26555633544922,36.63,5.981258392333984,36.63,75.04314422607422,36.63,117.3606185913086
36.98,7.03010892868042,36.64,115.27405548095705,36.64,5.971350193023682,36.64,75.04046630859375,36.64,117.34991455078124
36.99000000000001,7.004523277282715,36.650000000000006,115.28482818603516,36.64999999999999,5.964262962341309,36.650000000000006,75.03593444824219,36.64999999999999,117.33082580566406
37.0,6.983283996582031,36.66,115.2934112548828,36.66,5.958910942077637,36.66,75.0305404663086,36.66,117.31062316894533
37.010000000000005,6.968488693237305,36.67,115.29943084716795,36.67,5.95253324508667,36.67,75.02710723876953,36.67,117.29417419433594
37.02,6.951127529144287,36.68000000000001,115.30701446533205,36.67999999999999,5.9406914710998535,36.68000000000001,75.02098846435547,36.67999999999999,117.28077697753906
37.03,6.929928302764893,36.69,115.31802368164062,36.69,5.922269821166992,36.69,75.01374053955078,36.69,117.28062438964844
37.040000000000006,6.903818130493164,36.7,115.32759857177734,36.7,5.915614128112793,36.7,75.00666046142578,36.7,117.29327392578124
37.05,6.8733673095703125,36.71000000000001,115.3389663696289,36.71,5.91366720199585,36.71000000000001,75.00148010253906,36.71,117.29029846191406
37.06,6.841343879699707,36.72,115.35171508789062,36.72,5.919425964355469,36.72,75.00164031982422,36.72,117.27542114257812
37.07000000000001,6.8093366622924805,36.73,115.3632583618164,36.72999999999999,5.930400848388672,36.73,74.99769592285156,36.72999999999999,117.25824737548828
37.08,6.778056621551514,36.74000000000001,115.3713836669922,36.74,5.94217586517334,36.74000000000001,74.99147033691406,36.74,117.24269104003906
37.09,6.7521796226501465,36.75,115.37632751464844,36.75,5.953865051269531,36.75,74.98068237304688,36.75,117.22603607177734
37.10000000000001,6.7303466796875,36.760000000000005,115.37904357910156,36.75999999999999,5.96491813659668,36.760000000000005,74.97024536132812,36.75999999999999,117.21206665039062
37.11,6.714372158050537,36.77,115.38273620605467,36.77,5.979458808898926,36.77,74.96125030517578,36.77,117.20389556884766
37.120000000000005,6.718137741088867,36.78,115.39328002929688,36.78,6.00784158706665,36.78,74.95478820800781,36.78,117.19420623779295
37.13000000000001,6.727702617645264,36.790000000000006,115.4253387451172,36.78999999999999,6.03187370300293,36.790000000000006,74.95006561279297,36.78999999999999,117.18389892578124
37.14,6.743027210235596,36.8,115.45327758789062,36.8,6.061637878417969,36.8,74.94831848144531,36.8,117.16956329345705
37.150000000000006,6.765290260314941,36.81,115.46112823486328,36.81,6.083820343017578,36.81,74.94983673095703,36.81,117.1486358642578
37.16,6.796567440032959,36.82000000000001,115.45763397216795,36.81999999999999,6.091401100158691,36.82000000000001,74.9516830444336,36.81999999999999,117.11959838867188
37.17,6.837639331817627,36.83,115.45032501220705,36.83,6.093840599060059,36.83,74.9534912109375,36.83,117.0866470336914
37.18000000000001,6.885605812072754,36.84,115.44202423095705,36.83999999999999,6.085962295532227,36.84,74.95556640625,36.83999999999999,117.0600128173828
37.19,6.930401802062988,36.85000000000001,115.43435668945312,36.85,6.073818206787109,36.85000000000001,74.95658111572266,36.85,117.0414047241211
37.2,6.961880683898926,36.86,115.42578887939452,36.86,6.061625957489014,36.86,74.95603942871094,36.86,117.02320861816406
37.21000000000001,6.979375839233398,36.870000000000005,115.41859436035156,36.86999999999999,6.051046848297119,36.870000000000005,74.95649719238281,36.86999999999999,117.0032958984375
37.22,6.9899516105651855,36.88000000000001,115.41748809814452,36.88,6.038392543792725,36.88,74.95720672607422,36.88,116.98352813720705
37.23,7.007223129272461,36.89,115.41536712646484,36.89,6.025059223175049,36.89,74.96131134033203,36.89,116.96842956542967
37.24000000000001,7.008877754211426,36.900000000000006,115.4084701538086,36.89999999999999,6.010438442230225,36.900000000000006,74.96786499023438,36.89999999999999,116.94649505615234
37.25,7.010985374450684,36.91,115.39762115478516,36.91,5.991377353668213,36.91,74.97318267822266,36.91,116.91204071044922
37.260000000000005,7.0167622566223145,36.92,115.38536834716795,36.92,5.966373443603516,36.92,74.97911071777344,36.92,116.86846160888672
37.27,7.02217960357666,36.93000000000001,115.37409973144533,36.92999999999999,5.939291477203369,36.93000000000001,74.98509216308594,36.92999999999999,116.8149871826172
37.28,7.031803607940674,36.94,115.36669921875,36.94,5.911019325256348,36.94,74.99054718017578,36.94,116.75228118896484
37.290000000000006,7.041347503662109,36.95,115.35839080810548,36.95,5.88027286529541,36.95,74.9937744140625,36.95,116.68633270263672
37.3,7.0529375076293945,36.96000000000001,115.3466339111328,36.96,5.850803852081299,36.96000000000001,74.99781799316406,36.96,116.62162017822266
37.31,7.078938484191895,36.97,115.32244873046876,36.97,5.821560382843018,36.97,75.00040435791016,36.97,116.56241607666016
37.32000000000001,7.082023620605469,36.98,115.30735778808594,36.97999999999999,5.796366214752197,36.98,75.00299835205078,36.97999999999999,116.5081024169922
37.33,7.069319725036621,36.99000000000001,115.30542755126952,36.99,5.77924919128418,36.99000000000001,75.00373840332031,36.99,116.45734405517578
37.34,7.048590660095215,37.0,115.31153869628906,37.0,5.772021293640137,37.0,75.00304412841797,37.0,116.4070053100586
37.35000000000001,7.025873184204102,37.010000000000005,115.32437896728516,37.00999999999999,5.771790981292725,37.010000000000005,74.99935150146484,37.00999999999999,116.35789489746094
37.36,7.00294828414917,37.02,115.33780670166016,37.02,5.774655342102051,37.02,74.99385833740234,37.02,116.30796813964844
37.370000000000005,6.977964401245117,37.03,115.35768127441406,37.03,5.7797393798828125,37.03,74.98626708984375,37.03,116.25633239746094
37.38000000000001,6.952899932861328,37.040000000000006,115.38037109375,37.03999999999999,5.789995193481445,37.040000000000006,74.97434997558594,37.03999999999999,116.20801544189452
37.39,6.929961204528809,37.05,115.40340423583984,37.05,5.807265758514404,37.05,74.96392822265625,37.05,116.16405487060548
37.400000000000006,6.912718772888184,37.06,115.4263687133789,37.06,5.829985618591309,37.06,74.95170593261719,37.06,116.11458587646484
37.41,6.898437023162842,37.07000000000001,115.44995880126952,37.06999999999999,5.853906154632568,37.07000000000001,74.94136047363281,37.06999999999999,116.04967498779295
37.42,6.88457727432251,37.08,115.47579956054688,37.08,5.877326965332031,37.08,74.93270111083984,37.08,115.95970916748048
37.43000000000001,6.873192310333252,37.09,115.49929809570312,37.08999999999999,5.903678894042969,37.09,74.92578125,37.08999999999999,115.85782623291016
37.44,6.862184047698975,37.10000000000001,115.5208511352539,37.1,5.937952041625977,37.10000000000001,74.9229965209961,37.1,115.75525665283205
37.45,6.854837894439697,37.11,115.54141235351562,37.11,5.975683212280273,37.11,74.91789245605469,37.11,115.65411376953124
37.46000000000001,6.847779750823975,37.120000000000005,115.562255859375,37.11999999999999,6.011380672454834,37.120000000000005,74.91417694091797,37.11999999999999,115.56527709960938
37.47,6.836271286010742,37.13000000000001,115.58221435546876,37.13,6.04311466217041,37.13,74.9135513305664,37.13,115.4925765991211
37.48,6.820841312408447,37.14,115.5995635986328,37.14,6.072456359863281,37.14,74.91043090820312,37.14,115.437744140625
37.49000000000001,6.801621437072754,37.150000000000006,115.6138916015625,37.14999999999999,6.0977783203125,37.150000000000006,74.90914916992188,37.14999999999999,115.40338897705078
37.5,6.782183647155762,37.16,115.62554931640624,37.16,6.124190807342529,37.16,74.91252136230469,37.16,115.3775405883789
37.510000000000005,6.764617443084717,37.17,115.63372802734376,37.17,6.150813579559326,37.17,74.91453552246094,37.17,115.34855651855467
37.52,6.750933170318604,37.18000000000001,115.6386489868164,37.17999999999999,6.179174423217773,37.18000000000001,74.91578674316406,37.17999999999999,115.31556701660156
37.53,6.744930744171143,37.19,115.63799285888672,37.19,6.205422878265381,37.19,74.91607666015625,37.19,115.28436279296876
37.540000000000006,6.747913837432861,37.2,115.6328582763672,37.2,6.224101543426514,37.2,74.91761779785156,37.2,115.24098205566406
37.55,6.75255012512207,37.21000000000001,115.6233367919922,37.21,6.2352070808410645,37.21000000000001,74.9209213256836,37.21,115.18983459472656
37.56,6.752611637115479,37.22,115.61072540283205,37.22,6.2487897872924805,37.22,74.92213439941406,37.22,115.130126953125
37.57000000000001,6.75528621673584,37.23,115.59798431396484,37.22999999999999,6.26784086227417,37.23,74.92402648925781,37.22999999999999,115.05787658691406
37.58,6.75678014755249,37.24000000000001,115.58739471435548,37.24,6.277139663696289,37.24000000000001,74.92610931396484,37.24,114.97966003417967
37.59,6.759463787078857,37.25,115.57659912109376,37.25,6.277212142944336,37.25,74.9282455444336,37.25,114.89906311035156
37.60000000000001,6.762259483337402,37.260000000000005,115.56552124023438,37.25999999999999,6.271725654602051,37.260000000000005,74.93047332763672,37.25999999999999,114.8165512084961
37.61,6.759984493255615,37.27,115.5527114868164,37.27,6.262290954589844,37.27,74.93142700195312,37.27,114.7459945678711
37.620000000000005,6.752913951873779,37.28,115.53971862792967,37.28,6.248495101928711,37.28,74.93427276611328,37.28,114.6919174194336
37.63000000000001,6.743891716003418,37.290000000000006,115.5263214111328,37.28999999999999,6.233847141265869,37.290000000000006,74.9360122680664,37.28999999999999,114.6438980102539
37.64,6.7338056564331055,37.3,115.51380920410156,37.3,6.218212604522705,37.3,74.93743133544922,37.3,114.60088348388672
37.650000000000006,6.724461078643799,37.31,115.49932861328124,37.31,6.201853275299072,37.31,74.93944549560547,37.31,114.56243896484376
37.66,6.715238094329834,37.32000000000001,115.48543548583984,37.31999999999999,6.182507991790772,37.32000000000001,74.94017791748047,37.31999999999999,114.52162170410156
37.67,6.706037998199463,37.33,115.4713363647461,37.33,6.164538860321045,37.33,74.94267272949219,37.33,114.47573852539062
37.68000000000001,6.699957370758057,37.34,115.4557647705078,37.33999999999999,6.149405002593994,37.34,74.94356536865234,37.33999999999999,114.43347930908205
37.69,6.698373794555664,37.35000000000001,115.44107818603516,37.35,6.136084079742432,37.35000000000001,74.94458770751953,37.35,114.39127349853516
37.7,6.69782018661499,37.36,115.42630767822266,37.36,6.129532814025879,37.36,74.9435806274414,37.36,114.34777069091795
37.71000000000001,6.696398735046387,37.370000000000005,115.41207885742188,37.36999999999999,6.123283863067627,37.370000000000005,74.94409942626953,37.36999999999999,114.30281066894533
37.72,6.70054292678833,37.38000000000001,115.39730834960938,37.38,6.11749792098999,37.38,74.94383239746094,37.38,114.2557373046875
37.73,6.700516700744629,37.39,115.38445281982422,37.39,6.109978675842285,37.39,74.94239044189453,37.39,114.21090698242188
37.74000000000001,6.698099613189697,37.400000000000006,115.3733367919922,37.39999999999999,6.099046230316162,37.400000000000006,74.94054412841797,37.39999999999999,114.17106628417967
37.75,6.694418907165527,37.41,115.36317443847656,37.41,6.086245536804199,37.41,74.93736267089844,37.41,114.14298248291016
37.760000000000005,6.6853437423706055,37.42,115.3528060913086,37.42,6.071437835693359,37.42,74.93749237060547,37.42,114.1249008178711
37.77,6.676523208618164,37.43000000000001,115.34309387207033,37.42999999999999,6.056018352508545,37.43000000000001,74.93711853027344,37.42999999999999,114.11675262451172
37.78,6.66765022277832,37.44,115.33488464355467,37.44,6.042057037353516,37.44,74.93585205078125,37.44,114.1167449951172
37.790000000000006,6.656764030456543,37.45,115.32937622070312,37.45,6.027883052825928,37.45,74.93534851074219,37.45,114.12484741210938
37.8,6.644194602966309,37.46000000000001,115.32283020019533,37.46,6.01173210144043,37.46000000000001,74.93438720703125,37.46,114.13611602783205
37.81,6.630961894989014,37.47,115.31544494628906,37.47,6.001223087310791,37.47,74.93128204345703,37.47,114.1483154296875
37.82000000000001,6.617196083068848,37.48,115.30770111083984,37.47999999999999,5.993974208831787,37.48,74.92962646484375,37.47999999999999,114.15889739990234
37.83,6.599699974060059,37.49000000000001,115.3009262084961,37.49,5.98797082901001,37.49000000000001,74.92737579345703,37.49,114.1652603149414
37.84,6.585131168365479,37.5,115.2940673828125,37.5,5.982081413269043,37.5,74.92634582519531,37.5,114.17529296875
37.85000000000001,6.57813835144043,37.510000000000005,115.28775024414062,37.50999999999999,5.976080417633057,37.510000000000005,74.92369079589844,37.50999999999999,114.19033813476562
37.86,6.572442054748535,37.52,115.28350830078124,37.52,5.96989107131958,37.52,74.92094421386719,37.52,114.20545959472656
37.870000000000005,6.566498756408691,37.53,115.27824401855467,37.53,5.96394681930542,37.53,74.91783905029297,37.53,114.2123031616211
37.88000000000001,6.561969757080078,37.540000000000006,115.2742691040039,37.53999999999999,5.956982612609863,37.540000000000006,74.91468811035156,37.53999999999999,114.22209930419922
37.89,6.560081958770752,37.55,115.2704849243164,37.55,5.945703029632568,37.55,74.91363525390625,37.55,114.23754119873048
37.900000000000006,6.556067943572998,37.56,115.26495361328124,37.56,5.934300422668457,37.56,74.91419219970703,37.56,114.26126098632812
37.91,6.552992343902588,37.57000000000001,115.25794982910156,37.56999999999999,5.924759864807129,37.57000000000001,74.91180419921875,37.56999999999999,114.28710174560548
37.92,6.546690464019775,37.58,115.2503662109375,37.58,5.9190778732299805,37.58,74.91156768798828,37.58,114.30447387695312
37.93000000000001,6.5379157066345215,37.59,115.242431640625,37.58999999999999,5.910440921783447,37.59,74.90853118896484,37.58999999999999,114.31419372558594
37.94,6.529908180236816,37.60000000000001,115.23500061035156,37.6,5.900661945343018,37.60000000000001,74.90727233886719,37.6,114.32003784179688
37.95,6.523710250854492,37.61,115.22633361816406,37.61,5.889735698699951,37.61,74.90567016601562,37.61,114.32341766357422
37.96000000000001,6.518460750579834,37.620000000000005,115.21707153320312,37.61999999999999,5.880441665649414,37.620000000000005,74.90674591064453,37.61999999999999,114.32928466796876
37.97,6.5147624015808105,37.63000000000001,115.20801544189452,37.63,5.87472677230835,37.63,74.90550994873047,37.63,114.34221649169922
37.98,6.510640621185303,37.64,115.1985092163086,37.64,5.867810249328613,37.64,74.90283203125,37.64,114.35826873779295
37.99000000000001,6.510013580322266,37.650000000000006,115.19010925292967,37.64999999999999,5.86212158203125,37.650000000000006,74.90218353271484,37.64999999999999,114.37911224365234
38.0,6.50543212890625,37.66,115.18146514892578,37.66,5.857322692871094,37.66,74.90158081054688,37.66,114.40367126464844
38.010000000000005,6.501378059387207,37.67,115.17593383789062,37.67,5.852298736572266,37.67,74.90149688720703,37.67,114.43138885498048
38.02,6.500850200653076,37.68000000000001,115.17272186279295,37.67999999999999,5.845230102539063,37.68000000000001,74.90156555175781,37.67999999999999,114.45838928222656
38.03,6.501371383666992,37.69,115.16766357421876,37.69,5.836563587188721,37.69,74.90402221679688,37.69,114.48078918457033
38.040000000000006,6.503037452697754,37.7,115.16080474853516,37.7,5.828166961669922,37.7,74.9053955078125,37.7,114.49851989746094
38.05,6.506401538848877,37.71000000000001,115.15464782714844,37.71,5.81913948059082,37.71000000000001,74.90785217285156,37.71,114.51787567138672
38.06,6.506781101226807,37.72,115.14862060546876,37.72,5.808680534362793,37.72,74.9083480834961,37.72,114.53507995605467
38.07000000000001,6.506689548492432,37.73,115.1435546875,37.72999999999999,5.792802333831787,37.73,74.90862274169922,37.72999999999999,114.5486297607422
38.08,6.509672164916992,37.74000000000001,115.1384048461914,37.74,5.775627613067627,37.74000000000001,74.90890502929688,37.74,114.5583724975586
38.09,6.510026931762695,37.75,115.13275146484376,37.75,5.764928817749023,37.75,74.90916442871094,37.75,114.56668090820312
38.10000000000001,6.507106304168701,37.760000000000005,115.1274871826172,37.75999999999999,5.757778644561768,37.760000000000005,74.90827178955078,37.75999999999999,114.57716369628906
38.11,6.507495880126953,37.77,115.12220001220705,37.77,5.751826763153076,37.77,74.90904235839844,37.77,114.59207153320312
38.120000000000005,6.507190227508545,37.78,115.11996459960938,37.78,5.747776985168457,37.78,74.90872955322266,37.78,114.61066436767578
38.13000000000001,6.508310317993164,37.790000000000006,115.11756134033205,37.78999999999999,5.743796348571777,37.790000000000006,74.91004943847656,37.78999999999999,114.63202667236328
38.14,6.510682582855225,37.8,115.11669921875,37.8,5.741342544555664,37.8,74.91091918945312,37.8,114.65585327148438
38.150000000000006,6.513407230377197,37.81,115.11489868164062,37.81,5.740904808044434,37.81,74.91035461425781,37.81,114.6783676147461
38.16,6.514164447784424,37.82000000000001,115.1125030517578,37.81999999999999,5.738072395324707,37.82000000000001,74.90983581542969,37.81999999999999,114.70406341552734
38.17,6.516969203948975,37.83,115.1104965209961,37.83,5.734489917755127,37.83,74.90934753417969,37.83,114.73346710205078
38.18000000000001,6.514313697814941,37.84,115.10902404785156,37.83999999999999,5.728403568267822,37.84,74.90897369384766,37.83999999999999,114.76325988769533
38.19,6.510860443115234,37.85000000000001,115.10939025878906,37.85,5.72272539138794,37.85000000000001,74.90843963623047,37.85,114.7861557006836
38.2,6.507122993469238,37.86,115.10843658447266,37.86,5.716925144195557,37.86,74.9072494506836,37.86,114.80609893798828
38.21000000000001,6.503172397613525,37.870000000000005,115.1088409423828,37.86999999999999,5.7120537757873535,37.870000000000005,74.9063491821289,37.86999999999999,114.82024383544922
38.22,6.498398780822754,37.88000000000001,115.10740661621094,37.88,5.707003593444824,37.88,74.90648651123047,37.88,114.82850646972656
38.23,6.4878249168396,37.89,115.10719299316406,37.89,5.7041544914245605,37.89,74.90567779541016,37.89,114.83544158935548
38.24000000000001,6.484878063201904,37.900000000000006,115.10736846923828,37.89999999999999,5.7046332359313965,37.900000000000006,74.9053726196289,37.89999999999999,114.83877563476562
38.25,6.4874796867370605,37.91,115.11060333251952,37.91,5.704421520233154,37.91,74.9036636352539,37.91,114.8553237915039
38.260000000000005,6.489200115203857,37.92,115.11289978027344,37.92,5.703861713409424,37.92,74.90220642089844,37.92,114.86485290527344
38.27,6.486857891082764,37.93000000000001,115.1170425415039,37.92999999999999,5.702654838562012,37.93000000000001,74.90097045898438,37.92999999999999,114.8697738647461
38.28,6.479829788208008,37.94,115.12198638916016,37.94,5.701634407043457,37.94,74.9006118774414,37.94,114.87261199951172
38.290000000000006,6.472314357757568,37.95,115.12530517578124,37.95,5.702261447906494,37.95,74.89889526367188,37.95,114.8749771118164
38.3,6.463520526885986,37.96000000000001,115.1285400390625,37.96,5.704087257385254,37.96000000000001,74.89735412597656,37.96,114.87943267822266
38.31,6.452784538269043,37.97,115.134033203125,37.97,5.706110954284668,37.97,74.89632415771484,37.97,114.88253021240234
38.32000000000001,6.441843032836914,37.98,115.14034271240234,37.97999999999999,5.711688041687012,37.98,74.89772033691406,37.97999999999999,114.8825454711914
38.33,6.427256107330322,37.99000000000001,115.14564514160156,37.99,5.719736099243164,37.99000000000001,74.89631652832031,37.99,114.87996673583984
38.34,6.408801078796387,38.0,115.14896392822266,38.0,5.727299213409424,38.0,74.8961181640625,38.0,114.87744903564452
38.35000000000001,6.3893561363220215,38.010000000000005,115.15222930908205,38.00999999999999,5.732963562011719,38.010000000000005,74.89683532714844,38.00999999999999,114.87554168701172
38.36,6.376108169555664,38.02,115.1544952392578,38.02,5.735748767852783,38.02,74.89799499511719,38.02,114.87589263916016
38.370000000000005,6.365677356719971,38.03,115.1581573486328,38.03,5.736626625061035,38.03,74.89929962158203,38.03,114.8751449584961
38.38000000000001,6.358341217041016,38.040000000000006,115.16120147705078,38.03999999999999,5.736759662628174,38.040000000000006,74.89889526367188,38.03999999999999,114.87362670898438
38.39,6.349107265472412,38.05,115.16249084472656,38.05,5.738038539886475,38.05,74.89971923828125,38.05,114.8673858642578
38.400000000000006,6.337253570556641,38.06,115.16145324707033,38.06,5.738542556762695,38.06,74.9000473022461,38.06,114.85607147216795
38.41,6.322795867919922,38.07000000000001,115.160888671875,38.06999999999999,5.736940860748291,38.07000000000001,74.89869689941406,38.06999999999999,114.84049987792967
38.42,6.31073522567749,38.08,115.1585693359375,38.08,5.73524808883667,38.08,74.89728546142578,38.08,114.8205108642578
38.43000000000001,6.316800594329834,38.09,115.15604400634766,38.08999999999999,5.7337646484375,38.09,74.89774322509766,38.08999999999999,114.79733276367188
38.44,6.329934120178223,38.10000000000001,115.15242004394533,38.1,5.730592250823975,38.10000000000001,74.89804077148438,38.1,114.77423095703124
38.45,6.343384742736816,38.11,115.15109252929688,38.11,5.725183486938477,38.11,74.89799499511719,38.11,114.75076293945312
38.46000000000001,6.344531536102295,38.120000000000005,115.15250396728516,38.11999999999999,5.716675281524658,38.120000000000005,74.89832305908203,38.11999999999999,114.72955322265624
38.47,6.338852882385254,38.13000000000001,115.15235137939452,38.13,5.712404727935791,38.13,74.89934539794922,38.13,114.70980072021484
38.48,6.333054542541504,38.14,115.1498794555664,38.14,5.710566520690918,38.14,74.89926147460938,38.14,114.6900405883789
38.49000000000001,6.333627223968506,38.150000000000006,115.14791107177734,38.14999999999999,5.709187984466553,38.150000000000006,74.8983383178711,38.14999999999999,114.67101287841795
38.5,6.335639476776123,38.16,115.1447982788086,38.16,5.704966068267822,38.16,74.89836883544922,38.16,114.65514373779295
38.510000000000005,6.337372779846191,38.17,115.14080810546876,38.17,5.701094150543213,38.17,74.8994140625,38.17,114.64071655273438
38.52,6.339415550231934,38.18000000000001,115.1373291015625,38.17999999999999,5.696655750274658,38.18000000000001,74.90110778808594,38.17999999999999,114.6287078857422
38.53,6.341094970703125,38.19,115.13253021240234,38.19,5.692631721496582,38.19,74.90263366699219,38.19,114.61612701416016
38.540000000000006,6.342382431030273,38.2,115.1300048828125,38.2,5.691153049468994,38.2,74.90431213378906,38.2,114.60472106933594
38.55,6.341497898101807,38.21000000000001,115.12689971923828,38.21,5.69090461730957,38.21000000000001,74.90542602539062,38.21,114.59080505371094
38.56,6.341014385223389,38.22,115.12269592285156,38.22,5.690523624420166,38.22,74.9061508178711,38.22,114.5750961303711
38.57000000000001,6.343276500701904,38.23,115.11880493164062,38.22999999999999,5.688702583312988,38.23,74.90667724609375,38.22999999999999,114.55998229980467
38.58,6.346648216247559,38.24000000000001,115.11583709716795,38.24,5.682949066162109,38.24000000000001,74.90917205810547,38.24,114.5478515625
38.59,6.352725505828857,38.25,115.1114501953125,38.25,5.676933765411377,38.25,74.90963745117188,38.25,114.5422592163086
38.60000000000001,6.3638596534729,38.260000000000005,115.10733032226562,38.25999999999999,5.671961784362793,38.260000000000005,74.91072082519531,38.25999999999999,114.53978729248048
38.61,6.377617835998535,38.27,115.10337829589844,38.27,5.663270473480225,38.27,74.91239929199219,38.27,114.53334045410156
38.620000000000005,6.396032333374023,38.28,115.1001434326172,38.28,5.650507926940918,38.28,74.91344451904297,38.28,114.52410125732422
38.63000000000001,6.415904521942139,38.290000000000006,115.09967803955078,38.28999999999999,5.653830051422119,38.290000000000006,74.91475677490234,38.28999999999999,114.51224517822266
38.64,6.433106422424316,38.3,115.10114288330078,38.3,5.65850305557251,38.3,74.91665649414062,38.3,114.50065612792967
38.650000000000006,6.453552722930908,38.31,115.10366821289062,38.31,5.667072772979736,38.31,74.92007446289062,38.31,114.49252319335938
38.66,6.477197170257568,38.32000000000001,115.1076431274414,38.31999999999999,5.699989318847656,38.32000000000001,74.92227935791016,38.31999999999999,114.4836654663086
38.67,6.496094703674316,38.33,115.11228942871094,38.33,5.755643844604492,38.33,74.92781829833984,38.33,114.48174285888672
38.68000000000001,6.511513710021973,38.34,115.11904907226562,38.33999999999999,5.82042407989502,38.34,74.93297576904297,38.33999999999999,114.48563385009766
38.69,6.520286083221436,38.35000000000001,115.12689208984376,38.35,5.83336353302002,38.35000000000001,74.9392318725586,38.35,114.49234771728516
38.7,6.523820877075195,38.36,115.13653564453124,38.36,5.690909862518311,38.36,74.94325256347656,38.36,114.5033187866211
38.71000000000001,6.524638652801514,38.370000000000005,115.14557647705078,38.36999999999999,5.469292163848877,38.370000000000005,74.94916534423828,38.36999999999999,114.51510620117188
38.72,6.521579742431641,38.38000000000001,115.152587890625,38.38,5.51861047744751,38.38,74.9540786743164,38.38,114.52880096435548
38.73,6.516139984130859,38.39,115.1580047607422,38.39,5.622256278991699,38.39,74.95877838134766,38.39,114.53711700439452
38.74000000000001,6.510695934295654,38.400000000000006,115.16162872314452,38.39999999999999,5.666718006134033,38.400000000000006,74.9618911743164,38.39999999999999,114.53675842285156
38.75,6.504270076751709,38.41,115.16422271728516,38.41,5.675597667694092,38.41,74.9639663696289,38.41,114.53218841552734
38.760000000000005,6.499814033508301,38.42,115.1685791015625,38.42,5.665489196777344,38.42,74.96290588378906,38.42,114.52747344970705
38.77,6.495655536651611,38.43000000000001,115.17752838134766,38.42999999999999,5.62709379196167,38.43000000000001,74.96117401123047,38.42999999999999,114.52755737304688
38.78,6.4906535148620605,38.44,115.19042205810548,38.44,5.593143463134766,38.44,74.96186065673828,38.44,114.53980255126952
38.790000000000006,6.481824398040772,38.45,115.20028686523438,38.45,5.574763298034668,38.45,74.96566009521484,38.45,114.55099487304688
38.8,6.474617958068848,38.46000000000001,115.20755004882812,38.46,5.567427158355713,38.46000000000001,74.96893310546875,38.46,114.56663513183594
38.81,6.467024326324463,38.47,115.21662139892578,38.47,5.581284046173096,38.47,74.97187805175781,38.47,114.5756378173828
38.82000000000001,6.45562219619751,38.48,115.22952270507812,38.47999999999999,5.599946975708008,38.48,74.97517395019531,38.47999999999999,114.55819702148438
38.83,6.441886901855469,38.49000000000001,115.24205780029295,38.49,5.610886096954346,38.49000000000001,74.97887420654297,38.49,114.51985931396484
38.84,6.425337314605713,38.5,115.25338745117188,38.5,5.618785858154297,38.5,74.98124694824219,38.5,114.45668029785156
38.85000000000001,6.404760360717773,38.510000000000005,115.2678680419922,38.50999999999999,5.623631954193115,38.510000000000005,74.98202514648438,38.50999999999999,114.38233947753906
38.86,6.382934093475342,38.52,115.2799835205078,38.52,5.628637790679932,38.52,74.98387145996094,38.52,114.31812286376952
38.870000000000005,6.363327503204346,38.53,115.28713989257812,38.53,5.633445739746094,38.53,74.98480224609375,38.53,114.28748321533205
38.88000000000001,6.341688632965088,38.540000000000006,115.2938995361328,38.53999999999999,5.639595985412598,38.540000000000006,74.98622131347656,38.53999999999999,114.28772735595705
38.89,6.325475692749023,38.55,115.30196380615234,38.55,5.645650863647461,38.55,74.9841079711914,38.55,114.31089782714844
38.900000000000006,6.305778503417969,38.56,115.3083267211914,38.56,5.654326915740967,38.56,74.98263549804688,38.56,114.34220886230467
38.91,6.277080059051514,38.57000000000001,115.31321716308594,38.56999999999999,5.660980224609375,38.57000000000001,74.9794692993164,38.56999999999999,114.3745574951172
38.92,6.270033836364746,38.58,115.31617736816406,38.58,5.666085243225098,38.58,74.9780044555664,38.58,114.40422058105467
38.93000000000001,6.273212432861328,38.59,115.31918334960938,38.58999999999999,5.667557239532471,38.59,74.97462463378906,38.58999999999999,114.43431854248048
38.94,6.282859802246094,38.60000000000001,115.32093811035156,38.6,5.6629509925842285,38.60000000000001,74.97276306152344,38.6,114.46463775634766
38.95,6.295758247375488,38.61,115.3222885131836,38.61,5.652466297149658,38.61,74.97320556640625,38.61,114.49259948730467
38.96000000000001,6.305527210235596,38.620000000000005,115.31977081298828,38.61999999999999,5.643686294555664,38.620000000000005,74.97553253173828,38.61999999999999,114.52082824707033
38.97,6.31035041809082,38.63000000000001,115.3135757446289,38.63,5.643540382385254,38.63,74.98045349121094,38.63,114.55318450927734
38.98,6.314121723175049,38.64,115.30634307861328,38.64,5.650275230407715,38.64,74.98343658447266,38.64,114.5900650024414
38.99000000000001,6.314614772796631,38.650000000000006,115.29450225830078,38.64999999999999,5.663043975830078,38.650000000000006,74.98644256591797,38.64999999999999,114.63455200195312
39.0,6.312596321105957,38.66,115.28136444091795,38.66,5.66865873336792,38.66,74.98883056640625,38.66,114.6895523071289
39.010000000000005,6.310046672821045,38.67,115.26472473144533,38.67,5.674252986907959,38.67,74.9910659790039,38.67,114.74617767333984
39.02,6.3096022605896,38.68000000000001,115.24674224853516,38.67999999999999,5.677091598510742,38.68000000000001,74.99412536621094,38.67999999999999,114.80502319335938
39.03,6.306516647338867,38.69,115.22767639160156,38.69,5.678478717803955,38.69,74.99530792236328,38.69,114.86184692382812
39.040000000000006,6.3056840896606445,38.7,115.20789337158205,38.7,5.676690101623535,38.7,74.99856567382812,38.7,114.91981506347656
39.05,6.308547019958496,38.71000000000001,115.18699645996094,38.71,5.676229476928711,38.71000000000001,75.00166320800781,38.71,114.97848510742188
39.06,6.312747001647949,38.72,115.1661605834961,38.72,5.677492141723633,38.72,75.00486755371094,38.72,115.03644561767578
39.07000000000001,6.322757720947266,38.73,115.14594268798828,38.72999999999999,5.666045665740967,38.73,75.00824737548828,38.72999999999999,115.08956909179688
39.08,6.337615013122559,38.74000000000001,115.12673950195312,38.74,5.650474548339844,38.74000000000001,75.01194763183594,38.74,115.13748931884766
39.09,6.359127998352051,38.75,115.10712432861328,38.75,5.629954814910889,38.75,75.0145263671875,38.75,115.18019104003906
39.10000000000001,6.393807411193848,38.760000000000005,115.08977508544922,38.75999999999999,5.608265399932861,38.760000000000005,75.01834869384766,38.75999999999999,115.21617126464844
39.11,6.4256792068481445,38.77,115.07515716552734,38.77,5.587246894836426,38.77,75.02064514160156,38.77,115.24739837646484
39.120000000000005,6.43750524520874,38.78,115.065185546875,38.78,5.566332817077637,38.78,75.02387237548828,38.78,115.27395629882812
39.13000000000001,6.435373783111572,38.790000000000006,115.05504608154295,38.78999999999999,5.545383930206299,38.790000000000006,75.02658081054688,38.78999999999999,115.30217742919922
39.14,6.434755802154541,38.8,115.0452651977539,38.8,5.5239081382751465,38.8,75.02882385253906,38.8,115.3280258178711
39.150000000000006,6.418146133422852,38.81,115.03568267822266,38.81,5.501596450805664,38.81,75.03030395507812,38.81,115.35531616210938
39.16,6.408772468566895,38.82000000000001,115.0282211303711,38.81999999999999,5.48085355758667,38.82000000000001,75.03028869628906,38.81999999999999,115.38524627685548
39.17,6.42655086517334,38.83,115.0202178955078,38.83,5.462529182434082,38.83,75.03153228759766,38.83,115.42259216308594
39.18000000000001,6.461185455322266,38.84,115.01070404052734,38.83999999999999,5.448216438293457,38.84,75.03157806396484,38.83999999999999,115.46256256103516
39.19,6.503934860229492,38.85000000000001,115.00350952148438,38.85,5.438004016876221,38.85000000000001,75.03134155273438,38.85,115.50211334228516
39.2,6.536799430847168,38.86,114.99685668945312,38.86,5.426239013671875,38.86,75.02897644042969,38.86,115.5433120727539
39.21000000000001,6.552038669586182,38.870000000000005,114.99148559570312,38.86999999999999,5.416534423828125,38.870000000000005,75.02953338623047,38.86999999999999,115.58696746826172
39.22,6.548950672149658,38.88000000000001,114.98577880859376,38.88,5.409509658813477,38.88,75.02781677246094,38.88,115.63638305664062
39.23,6.53801965713501,38.89,114.97962951660156,38.89,5.401825428009033,38.89,75.02555847167969,38.89,115.68856048583984
39.24000000000001,6.531038761138916,38.900000000000006,114.97523498535156,38.89999999999999,5.396205425262451,38.900000000000006,75.02633666992188,38.89999999999999,115.74041748046876
39.25,6.519326686859131,38.91,114.9713897705078,38.91,5.392239093780518,38.91,75.02572631835938,38.91,115.79118347167967
39.260000000000005,6.507885456085205,38.92,114.9685516357422,38.92,5.387952327728272,38.92,75.02378845214844,38.92,115.84037017822266
39.27,6.500694274902344,38.93000000000001,114.9683074951172,38.92999999999999,5.387642860412598,38.93000000000001,75.02204132080078,38.92999999999999,115.88509368896484
39.28,6.499731063842773,38.94,114.97148895263672,38.94,5.397775650024414,38.94,75.02017974853516,38.94,115.92748260498048
39.290000000000006,6.500669956207275,38.95,114.97610473632812,38.95,5.414783477783203,38.95,75.01913452148438,38.95,115.96615600585938
39.3,6.5002946853637695,38.96000000000001,114.98181915283205,38.96,5.43334436416626,38.96000000000001,75.01679229736328,38.96,116.00354766845705
39.31,6.495671272277832,38.97,114.98921966552734,38.97,5.450850009918213,38.97,75.01444244384766,38.97,116.04385375976562
39.32000000000001,6.487549781799316,38.98,115.00016021728516,38.97999999999999,5.466920852661133,38.98,75.01337432861328,38.97999999999999,116.09049224853516
39.33,6.4774322509765625,38.99000000000001,115.01170349121094,38.99,5.484157562255859,38.99000000000001,75.01158142089844,38.99,116.14300537109376
39.34,6.468244552612305,39.0,115.02259063720705,39.0,5.502871036529541,39.0,75.00198364257812,39.0,116.19678497314452
39.35000000000001,6.458095073699951,39.010000000000005,115.03546142578124,39.00999999999999,5.521233081817627,39.010000000000005,74.99923706054688,39.00999999999999,116.244140625
39.36,6.446531772613525,39.02,115.04962921142578,39.02,5.543548107147217,39.02,75.00983428955078,39.02,116.2777328491211
39.370000000000005,6.437021732330322,39.03,115.06463623046876,39.03,5.5695013999938965,39.03,75.0030288696289,39.03,116.29917907714844
39.38000000000001,6.43403434753418,39.040000000000006,115.07437896728516,39.03999999999999,5.593499183654785,39.040000000000006,75.00537872314453,39.03999999999999,116.31465911865234
39.39,6.438711643218994,39.05,115.08030700683594,39.05,5.6078619956970215,39.05,74.99786376953125,39.05,116.32195281982422
39.400000000000006,6.447054862976074,39.06,115.08470916748048,39.06,5.600011825561523,39.06,74.9889907836914,39.06,116.32398986816406
39.41,6.453701972961426,39.07000000000001,115.0916976928711,39.06999999999999,5.584906101226807,39.07000000000001,74.98979949951172,39.06999999999999,116.32329559326172
39.42,6.452681541442871,39.08,115.10025024414062,39.08,5.5734686851501465,39.08,74.98428344726562,39.08,116.32445526123048
39.43000000000001,6.443552970886231,39.09,115.11007690429688,39.08999999999999,5.571029186248779,39.09,74.98368835449219,39.08999999999999,116.33147430419922
39.44,6.431222438812256,39.10000000000001,115.11549377441406,39.1,5.564781665802002,39.10000000000001,74.97923278808594,39.1,116.34320831298828
39.45,6.41671085357666,39.11,115.11930847167967,39.11,5.561530113220215,39.11,74.96633911132812,39.11,116.34759521484376
39.46000000000001,6.404018878936768,39.120000000000005,115.12378692626952,39.11999999999999,5.566926956176758,39.120000000000005,74.96543884277344,39.11999999999999,116.34345245361328
39.47,6.392719268798828,39.13000000000001,115.12630462646484,39.13,5.573218822479248,39.13,74.9635238647461,39.13,116.3343734741211
39.48,6.381772994995117,39.14,115.12560272216795,39.14,5.562390327453613,39.14,74.967041015625,39.14,116.33080291748048
39.49000000000001,6.37080717086792,39.150000000000006,115.1216812133789,39.14999999999999,5.535017013549805,39.150000000000006,74.97279357910156,39.14999999999999,116.32699584960938
39.5,6.360036373138428,39.16,115.11827087402344,39.16,5.510692596435547,39.16,74.97693634033203,39.16,116.3214340209961
39.510000000000005,6.345501899719238,39.17,115.11418151855467,39.17,5.493760108947754,39.17,74.97898864746094,39.17,116.32147216796876
39.52,6.328061103820801,39.18000000000001,115.10759735107422,39.17999999999999,5.487517356872559,39.18000000000001,74.97891998291016,39.17999999999999,116.34226989746094
39.53,6.302266597747803,39.19,115.09764099121094,39.19,5.487605571746826,39.19,74.97915649414062,39.19,116.39411926269533
39.540000000000006,6.270388603210449,39.2,115.0837631225586,39.2,5.486011981964111,39.2,74.979248046875,39.2,116.48314666748048
39.55,6.237830638885498,39.21000000000001,115.06861114501952,39.21,5.484053134918213,39.21000000000001,74.97838592529297,39.21,116.56363677978516
39.56,6.21159029006958,39.22,115.05215454101562,39.22,5.487579345703125,39.22,74.97852325439453,39.22,116.62007904052734
39.57000000000001,6.192647457122803,39.23,115.0364990234375,39.22999999999999,5.497289657592773,39.23,74.98155212402344,39.22999999999999,116.6492691040039
39.58,6.1790080070495605,39.24000000000001,115.02118682861328,39.24,5.498458385467529,39.24000000000001,74.9825439453125,39.24,116.65705871582033
39.59,6.165855407714844,39.25,115.0044937133789,39.25,5.477574348449707,39.25,74.98322296142578,39.25,116.64900970458984
39.60000000000001,6.152962684631348,39.260000000000005,114.98614501953124,39.25999999999999,5.445260524749756,39.260000000000005,74.98395538330078,39.25999999999999,116.65839385986328
39.61,6.137101650238037,39.27,114.9683074951172,39.27,5.422446250915527,39.27,74.98472595214844,39.27,116.6992416381836
39.620000000000005,6.123001575469971,39.28,114.95008087158205,39.28,5.418671131134033,39.28,74.98746490478516,39.28,116.75393676757812
39.63000000000001,6.1146087646484375,39.290000000000006,114.93209075927734,39.28999999999999,5.4284515380859375,39.290000000000006,74.98934173583984,39.28999999999999,116.80667877197266
39.64,6.110575675964356,39.3,114.91413879394533,39.3,5.44193696975708,39.3,74.99181365966797,39.3,116.84796142578124
39.650000000000006,6.100362300872803,39.31,114.89635467529295,39.31,5.466359615325928,39.31,74.99383544921875,39.31,116.88772583007812
39.66,6.108612537384033,39.32000000000001,114.8760986328125,39.31999999999999,5.469167709350586,39.32000000000001,74.99321746826172,39.31999999999999,116.93083953857422
39.67,6.126285552978516,39.33,114.8546905517578,39.33,5.461588382720947,39.33,74.9941177368164,39.33,116.974853515625
39.68000000000001,6.149137020111084,39.34,114.8308563232422,39.33999999999999,5.455590724945068,39.34,74.99372100830078,39.33999999999999,117.01142120361328
39.69,6.17383337020874,39.35000000000001,114.80538177490234,39.35,5.455260753631592,39.35000000000001,74.99437713623047,39.35,117.037841796875
39.7,6.195488452911377,39.36,114.77920532226562,39.36,5.4587507247924805,39.36,74.99539184570312,39.36,117.06178283691406
39.71000000000001,6.215083599090576,39.370000000000005,114.75214385986328,39.36999999999999,5.46220588684082,39.370000000000005,74.99623107910156,39.36999999999999,117.0909652709961
39.72,6.235465049743652,39.38000000000001,114.7248077392578,39.38,5.465920925140381,39.38,74.9949722290039,39.38,117.1247329711914
39.73,6.255080699920654,39.39,114.6976089477539,39.39,5.470417022705078,39.39,74.99382019042969,39.39,117.16520690917967
39.74000000000001,6.270691394805908,39.400000000000006,114.66997528076172,39.39999999999999,5.476426124572754,39.400000000000006,74.99542236328125,39.39999999999999,117.2200164794922
39.75,6.284850597381592,39.41,114.64313507080078,39.41,5.48686408996582,39.41,74.99596405029297,39.41,117.29095458984376
39.760000000000005,6.297545909881592,39.42,114.6155776977539,39.42,5.498316764831543,39.42,74.9992904663086,39.42,117.37127685546876
39.77,6.305357933044434,39.43000000000001,114.58558654785156,39.42999999999999,5.507819652557373,39.43000000000001,75.00337219238281,39.42999999999999,117.4537124633789
39.78,6.312107563018799,39.44,114.55496978759766,39.44,5.508200645446777,39.44,75.00634002685547,39.44,117.53062438964844
39.790000000000006,6.317609786987305,39.45,114.52439880371094,39.45,5.503074169158936,39.45,75.00980377197266,39.45,117.59456634521484
39.8,6.320852279663086,39.46000000000001,114.49268341064452,39.46,5.493075370788574,39.46000000000001,75.01252746582031,39.46,117.65017700195312
39.81,6.324408531188965,39.47,114.4596176147461,39.47,5.4792094230651855,39.47,75.0134048461914,39.47,117.70349884033205
39.82000000000001,6.3287353515625,39.48,114.4276123046875,39.47999999999999,5.463260173797607,39.48,75.0132827758789,39.47999999999999,117.76522827148438
39.83,6.333958148956299,39.49000000000001,114.39813232421876,39.49,5.451206207275391,39.49000000000001,75.01322174072266,39.49,117.83867645263672
39.84,6.337779998779297,39.5,114.3725357055664,39.5,5.443304538726807,39.5,75.01163482666016,39.5,117.9204330444336
39.85000000000001,6.338288307189941,39.510000000000005,114.35235595703124,39.50999999999999,5.432454109191895,39.510000000000005,75.01171875,39.50999999999999,118.00350189208984
39.86,6.338967800140381,39.52,114.33419799804688,39.52,5.424022197723389,39.52,75.01094818115234,39.52,118.0833740234375
39.870000000000005,6.336369037628174,39.53,114.31926727294922,39.53,5.419050216674805,39.53,75.01123809814453,39.53,118.1538543701172
39.88000000000001,6.33066463470459,39.540000000000006,114.30878448486328,39.53999999999999,5.41600227355957,39.540000000000006,75.01184844970703,39.53999999999999,118.21446228027344
39.89,6.322796821594238,39.55,114.298095703125,39.55,5.411999225616455,39.55,75.01134490966797,39.55,118.26039123535156
39.900000000000006,6.314159393310547,39.56,114.26459503173828,39.56,5.402804851531982,39.56,75.0097427368164,39.56,118.29165649414062
39.91,6.306563377380371,39.57000000000001,114.25495910644533,39.56999999999999,5.384615421295166,39.57000000000001,75.00646209716797,39.56999999999999,118.3058624267578
39.92,6.29787015914917,39.58,114.25580596923828,39.58,5.366830825805664,39.58,75.00535583496094,39.58,118.31968688964844
39.93000000000001,6.28388786315918,39.59,114.26172637939452,39.58999999999999,5.34838342666626,39.59,75.00228881835938,39.58999999999999,118.33624267578124
39.94,6.263483047485352,39.60000000000001,114.26990509033205,39.6,5.334639549255371,39.60000000000001,74.99787902832031,39.6,118.36701965332033
39.95,6.238157272338867,39.61,114.28067016601562,39.61,5.324459552764893,39.61,74.99401092529297,39.61,118.41104888916016
39.96000000000001,6.205753326416016,39.620000000000005,114.29212188720705,39.61999999999999,5.31733512878418,39.620000000000005,74.99040985107422,39.61999999999999,118.462890625
39.97,6.165935039520264,39.63000000000001,114.30667114257812,39.63,5.314624309539795,39.63,74.98579406738281,39.63,118.50739288330078
39.98,6.120197296142578,39.64,114.32513427734376,39.64,5.311305999755859,39.64,74.98259735107422,39.64,118.53538513183594
39.99000000000001,6.066984176635742,39.650000000000006,114.34588623046876,39.64999999999999,5.309926509857178,39.650000000000006,74.98224639892578,39.64999999999999,118.55330657958984
40.0,6.013176441192627,39.66,114.36642456054688,39.66,5.314265727996826,39.66,74.98023223876953,39.66,118.58184814453124
40.010000000000005,5.95842170715332,39.67,114.3857192993164,39.67,5.3250226974487305,39.67,74.97679138183594,39.67,118.6093292236328
40.02000000000001,5.905861854553223,39.68000000000001,114.4029541015625,39.67999999999999,5.334920406341553,39.68000000000001,74.97541809082031,39.67999999999999,118.63794708251952
40.03,5.861629962921143,39.69,114.4195785522461,39.69,5.34439754486084,39.69,74.97441864013672,39.69,118.67536163330078
40.040000000000006,5.829817295074463,39.7,114.43449401855467,39.7,5.350012302398682,39.7,74.97394561767578,39.7,118.71926879882812
40.05,5.812545776367188,39.71000000000001,114.4474639892578,39.71,5.350226879119873,39.71000000000001,74.97333526611328,39.71,118.75847625732422
40.06,5.801953315734863,39.72,114.45693969726562,39.72,5.349472999572754,39.72,74.97390747070312,39.72,118.78893280029295
40.07000000000001,5.801647186279297,39.73,114.46531677246094,39.72999999999999,5.344746112823486,39.73,74.9749526977539,39.72999999999999,118.81011199951172
40.08,5.810551643371582,39.74000000000001,114.47261810302734,39.74,5.328690528869629,39.74000000000001,74.97525024414062,39.74,118.82412719726562
40.09,5.820917129516602,39.75,114.47787475585938,39.75,5.307304859161377,39.75,74.97613525390625,39.75,118.82576751708984
40.10000000000001,5.82943868637085,39.760000000000005,114.48223876953124,39.75999999999999,5.293745517730713,39.760000000000005,74.97753143310547,39.75999999999999,118.82528686523438
40.11,5.835082054138184,39.77,114.48441314697266,39.77,5.279740810394287,39.77,74.97891235351562,39.77,118.81664276123048
40.120000000000005,5.838972568511963,39.78,114.48567962646484,39.78,5.255232334136963,39.78,74.98100280761719,39.78,118.80873107910156
40.13000000000001,5.839940071105957,39.790000000000006,114.4865951538086,39.78999999999999,5.218851089477539,39.790000000000006,74.98289489746094,39.78999999999999,118.80953216552734
40.14,5.847107887268066,39.8,114.48602294921876,39.8,5.175703048706055,39.8,74.98368835449219,39.8,118.81980895996094
40.150000000000006,5.863619327545166,39.81,114.4872589111328,39.81,5.117763519287109,39.81,74.98544311523438,39.81,118.84099578857422
40.16,5.884897232055664,39.82000000000001,114.4875030517578,39.81999999999999,5.042041301727295,39.82000000000001,74.98605346679688,39.81999999999999,118.87028503417967
40.17,5.919735908508301,39.83,114.48715209960938,39.83,4.961969375610352,39.83,74.9896240234375,39.83,118.90223693847656
40.18000000000001,5.96071195602417,39.84,114.486083984375,39.83999999999999,4.881341457366943,39.84,74.9937973022461,39.83999999999999,118.92971801757812
40.19,6.002265930175781,39.85000000000001,114.4837417602539,39.85,4.807260036468506,39.85000000000001,74.99874877929688,39.85,118.95852661132812
40.2,6.041313648223877,39.86,114.48080444335938,39.86,4.744481563568115,39.86,75.00424194335938,39.86,118.98814392089844
40.21000000000001,6.076100826263428,39.870000000000005,114.475830078125,39.86999999999999,4.689635276794434,39.870000000000005,75.01150512695312,39.86999999999999,119.01856994628906
40.22,6.106190204620361,39.88000000000001,114.4714813232422,39.88,4.642411231994629,39.88,75.01673889160156,39.88,119.04841613769533
40.23,6.134064674377441,39.89,114.46820831298828,39.89,4.602760314941406,39.89,75.02140045166016,39.89,119.07565307617188
40.24000000000001,6.1629509925842285,39.900000000000006,114.4652862548828,39.89999999999999,4.566660404205322,39.900000000000006,75.02698516845703,39.89999999999999,119.0960464477539
40.25,6.1906352043151855,39.91,114.46554565429688,39.91,4.538642406463623,39.91,75.03316497802734,39.91,119.0979232788086
40.260000000000005,6.217619895935059,39.92,114.46764373779295,39.92,4.521068096160889,39.92,75.03864288330078,39.92,119.09547424316406
40.27000000000001,6.239073753356934,39.93000000000001,114.46891784667967,39.92999999999999,4.526083469390869,39.93000000000001,75.04410552978516,39.92999999999999,119.10745239257812
40.28,6.264737129211426,39.94,114.47135162353516,39.94,4.554632663726807,39.94,75.04907989501953,39.94,119.1265106201172
40.290000000000006,6.286066055297852,39.95,114.47530364990234,39.95,4.605546474456787,39.95,75.05233764648438,39.95,119.14299774169922
40.3,6.296761989593506,39.96000000000001,114.47911071777344,39.96,4.675026893615723,39.96000000000001,75.0552978515625,39.96,119.15705871582033
40.31,6.30357551574707,39.97,114.484130859375,39.97,4.757566928863525,39.97,75.05801391601562,39.97,119.15977478027344
40.32000000000001,6.312233924865723,39.98,114.48883819580078,39.97999999999999,4.856493949890137,39.98,75.06046295166016,39.97999999999999,119.09984588623048
40.33,6.317555904388428,39.99000000000001,114.4927749633789,39.99,4.957676410675049,39.99000000000001,75.05960083007812,39.99,118.90137481689452
40.34,6.323935508728027,40.0,114.49710845947266,40.0,5.053860187530518,40.0,75.05675506591797,40.0,118.70526885986328
40.35000000000001,6.327096462249756,40.010000000000005,114.50173950195312,40.00999999999999,5.126147270202637,40.010000000000005,75.05573272705078,40.00999999999999,118.51791381835938
40.36,6.323500633239746,40.02000000000001,114.50743103027344,40.02,5.142280101776123,40.02,75.05327606201172,40.02,118.26799774169922
40.370000000000005,6.3157219886779785,40.03,114.51412963867188,40.03,5.102550029754639,40.03,75.04931640625,40.03,117.9722900390625
40.38000000000001,6.305521011352539,40.040000000000006,114.52507019042967,40.03999999999999,5.052649021148682,40.040000000000006,75.044677734375,40.03999999999999,117.7113265991211
40.39,6.297009944915772,40.05,114.54124450683594,40.05,5.016197204589844,40.05,75.0400161743164,40.05,117.53588104248048
40.400000000000006,6.283204078674316,40.06,114.56170654296876,40.06,4.984705448150635,40.06,75.03443908691406,40.06,117.38567352294922
40.41,6.268977165222168,40.07000000000001,114.58638763427734,40.06999999999999,4.963236331939697,40.07000000000001,75.02957916259766,40.06999999999999,117.21212005615234
40.42,6.255082130432129,40.08,114.61351776123048,40.08,4.961182117462158,40.08,75.02210998535156,40.08,117.0439453125
40.43000000000001,6.235414028167725,40.09,114.64366912841795,40.09,4.984733581542969,40.09,75.01596069335938,40.08999999999999,116.87028503417967
40.44,6.213810443878174,40.10000000000001,114.6747817993164,40.1,5.027317047119141,40.10000000000001,75.00904083251953,40.1,116.6647491455078
40.45,6.1900315284729,40.11,114.7050552368164,40.11,5.081089496612549,40.11,75.00348663330078,40.11,116.47444152832033
40.46000000000001,6.163293838500977,40.120000000000005,114.734619140625,40.11999999999999,5.140133857727051,40.120000000000005,74.99885559082031,40.11999999999999,116.28156280517578
40.47,6.144246578216553,40.13000000000001,114.76232147216795,40.13,5.198145389556885,40.13000000000001,74.99388885498047,40.13,116.1258316040039
40.48,6.140859127044678,40.14,114.78729248046876,40.14,5.241424560546875,40.14,74.99039459228516,40.14,115.99517059326172
40.49000000000001,6.139603614807129,40.150000000000006,114.80909729003906,40.14999999999999,5.272161483764648,40.150000000000006,74.98702239990234,40.14999999999999,115.90655517578124
40.5,6.142634868621826,40.16,114.82875061035156,40.16,5.293728828430176,40.16,74.98406982421875,40.16,115.82653045654295
40.510000000000005,6.150627136230469,40.17,114.84504699707033,40.17,5.305030345916748,40.17,74.9825439453125,40.17,115.75709533691406
40.52000000000001,6.156534671783447,40.18000000000001,114.85992431640624,40.17999999999999,5.305157661437988,40.18000000000001,74.98052978515625,40.17999999999999,115.69711303710938
40.53,6.165186882019043,40.19,114.87272644042967,40.19,5.294445037841797,40.19,74.97747802734375,40.19,115.6463623046875
40.540000000000006,6.173678874969482,40.2,114.88575744628906,40.2,5.281930923461914,40.2,74.97819519042969,40.2,115.62105560302734
40.55,6.1821818351745605,40.21000000000001,114.8956069946289,40.21,5.273108959197998,40.21000000000001,74.97728729248047,40.21,115.62830352783205
40.56,6.188791275024414,40.22,114.90345001220705,40.22,5.26880407333374,40.22,74.97638702392578,40.22,115.67222595214844
40.57000000000001,6.191401958465576,40.23,114.91114044189452,40.22999999999999,5.26718807220459,40.23,74.9777603149414,40.22999999999999,115.74879455566406
40.58,6.190874099731445,40.24000000000001,114.91541290283205,40.24,5.261471748352051,40.24000000000001,74.9764633178711,40.24,115.84553527832033
40.59,6.191068172454834,40.25,114.91681671142578,40.25,5.25465202331543,40.25,74.97677612304688,40.25,115.95469665527344
40.60000000000001,6.192816734313965,40.260000000000005,114.91664123535156,40.25999999999999,5.24441385269165,40.260000000000005,74.97764587402344,40.25999999999999,116.07658386230467
40.61,6.197274208068848,40.27000000000001,114.91641235351562,40.27,5.23500394821167,40.27,74.97974395751953,40.27,116.2075653076172
40.620000000000005,6.204353332519531,40.28,114.91619110107422,40.28,5.224837779998779,40.28,74.98272705078125,40.28,116.34528350830078
40.63000000000001,6.213779449462891,40.290000000000006,114.91571044921876,40.28999999999999,5.216186046600342,40.290000000000006,74.98560333251953,40.28999999999999,116.47566223144533
40.64,6.222458839416504,40.3,114.91553497314452,40.3,5.208330154418945,40.3,74.9902572631836,40.3,116.5718002319336
40.650000000000006,6.227946758270264,40.31,114.91220092773438,40.31,5.201988220214844,40.31,74.99480438232422,40.31,116.62144470214844
40.66,6.231834411621094,40.32000000000001,114.90808868408205,40.31999999999999,5.196630954742432,40.32000000000001,74.99887084960938,40.31999999999999,116.6104736328125
40.67,6.234508037567139,40.33,114.90348815917967,40.33,5.192874908447266,40.33,75.00347137451172,40.33,116.55854034423828
40.68000000000001,6.233582973480225,40.34,114.89820098876952,40.34,5.186432361602783,40.34,75.00655364990234,40.34,116.49493408203124
40.69,6.22872257232666,40.35000000000001,114.892822265625,40.35,5.178742408752441,40.35000000000001,75.00938415527344,40.35,116.44193267822266
40.7,6.223416328430176,40.36,114.88836669921876,40.36,5.168192863464356,40.36,75.01132202148438,40.36,116.40354919433594
40.71000000000001,6.216006755828857,40.370000000000005,114.8836898803711,40.36999999999999,5.157408714294434,40.370000000000005,75.0145263671875,40.36999999999999,116.3686294555664
40.72,6.207297801971436,40.38000000000001,114.88040161132812,40.38,5.152721881866455,40.38000000000001,75.01398468017578,40.38,116.32913970947266
40.73,6.19835090637207,40.39,114.87618255615234,40.39,5.15479850769043,40.39,75.01520538330078,40.39,116.2887191772461
40.74000000000001,6.189206123352051,40.400000000000006,114.87229919433594,40.39999999999999,5.156774044036865,40.400000000000006,75.01758575439453,40.39999999999999,116.24391174316406
40.75,6.181132316589356,40.41,114.87115478515624,40.41,5.156521797180176,40.41,75.0185546875,40.41,116.19827270507812
40.760000000000005,6.172577381134033,40.42,114.87156677246094,40.42,5.152292728424072,40.42,75.01863098144531,40.42,116.15460205078124
40.77000000000001,6.165525436401367,40.43000000000001,114.87407684326172,40.42999999999999,5.147768497467041,40.43000000000001,75.01896667480469,40.42999999999999,116.11639404296876
40.78,6.158940315246582,40.44,114.8773956298828,40.44,5.142107963562012,40.44,75.0193099975586,40.44,116.08193969726562
40.790000000000006,6.152698993682861,40.45,114.8832550048828,40.45,5.1384758949279785,40.45,75.0186538696289,40.45,116.05036163330078
40.8,6.146359920501709,40.46000000000001,114.8893051147461,40.46,5.135624408721924,40.46000000000001,75.01727294921875,40.46,116.01886749267578
40.81,6.1389594078063965,40.47,114.89552307128906,40.47,5.13202714920044,40.47,75.01908874511719,40.47,115.98458099365234
40.82000000000001,6.132457256317139,40.48,114.90287017822266,40.47999999999999,5.130650043487549,40.48,75.0204849243164,40.47999999999999,115.945556640625
40.83,6.1268391609191895,40.49000000000001,114.9088134765625,40.49,5.131777763366699,40.49000000000001,75.02058410644531,40.49,115.9004898071289
40.84,6.116719722747803,40.5,114.915771484375,40.5,5.133103370666504,40.5,75.02203369140625,40.5,115.85910034179688
40.85000000000001,6.109392166137695,40.510000000000005,114.92259979248048,40.50999999999999,5.135622978210449,40.510000000000005,75.0234146118164,40.50999999999999,115.82579803466795
40.86,6.102622032165527,40.52000000000001,114.92835235595705,40.52,5.140485286712647,40.52,75.02460479736328,40.52,115.80245971679688
40.870000000000005,6.093602657318115,40.53,114.93267822265624,40.53,5.1467719078063965,40.53,75.02587127685547,40.53,115.7792510986328
40.88000000000001,6.08473539352417,40.540000000000006,114.93675231933594,40.53999999999999,5.156007289886475,40.540000000000006,75.02610778808594,40.53999999999999,115.75257873535156
40.89,6.076151371002197,40.55,114.94053649902344,40.55,5.167234420776367,40.55,75.02677917480469,40.55,115.71674346923828
40.900000000000006,6.065580368041992,40.56,114.94361114501952,40.56,5.176482677459717,40.56,75.0273666381836,40.56,115.6755828857422
40.91,6.056163311004639,40.57000000000001,114.94549560546876,40.56999999999999,5.182024002075195,40.57000000000001,75.0277328491211,40.56999999999999,115.62814331054688
40.92,6.049278736114502,40.58,114.9476547241211,40.58,5.186311721801758,40.58,75.02836608886719,40.58,115.57868194580078
40.93000000000001,6.039707183837891,40.59,114.94947052001952,40.59,5.191270351409912,40.59,75.0287857055664,40.59,115.52960968017578
40.94,6.027629375457764,40.60000000000001,114.95128631591795,40.6,5.195986747741699,40.60000000000001,75.02787780761719,40.6,115.48445129394533
40.95,6.013713359832764,40.61,114.95452117919922,40.61,5.205337524414063,40.61,75.0287857055664,40.61,115.44498443603516
40.96000000000001,6.00193977355957,40.620000000000005,114.96046447753906,40.61999999999999,5.215320587158203,40.620000000000005,75.02920532226562,40.61999999999999,115.4135513305664
40.97,5.995222568511963,40.63000000000001,114.96527099609376,40.63,5.224678039550781,40.63000000000001,75.02886199951172,40.63,115.38854217529295
40.98,5.988235950469971,40.64,114.97067260742188,40.64,5.229556560516357,40.64,75.02962493896484,40.64,115.36553955078124
40.99000000000001,5.982848644256592,40.650000000000006,114.97615814208984,40.64999999999999,5.230650901794434,40.650000000000006,75.03199768066406,40.64999999999999,115.34078216552734
41.0,5.981279373168945,40.66,114.98175048828124,40.66,5.227971076965332,40.66,75.03028106689453,40.66,115.31373596191406
41.010000000000005,5.984499454498291,40.67,114.98690032958984,40.67,5.223508358001709,40.67,75.03172302246094,40.67,115.28787994384766
41.02000000000001,5.996186256408691,40.68000000000001,114.99252319335938,40.67999999999999,5.219343185424805,40.68000000000001,75.03337097167969,40.67999999999999,115.2620849609375
41.03,6.011174201965332,40.69,114.99789428710938,40.69,5.218699932098389,40.69,75.03465270996094,40.69,115.2357177734375
41.040000000000006,6.027632236480713,40.7,115.0027847290039,40.7,5.218980312347412,40.7,75.03597259521484,40.7,115.2053680419922
41.05,6.043629169464111,40.71000000000001,115.00740051269533,40.71,5.216977596282959,40.71000000000001,75.03583526611328,40.71,115.1700439453125
41.06,6.054372310638428,40.72,115.01213073730467,40.72,5.217024326324463,40.72,75.03488159179688,40.72,115.1328582763672
41.07000000000001,6.0582709312438965,40.73,115.01692199707033,40.72999999999999,5.21698522567749,40.73,75.03485870361328,40.72999999999999,115.09612274169922
41.08,6.059720516204834,40.74000000000001,115.02167510986328,40.74,5.21593713760376,40.74000000000001,75.03742980957031,40.74,115.06098175048828
41.09,6.061385154724121,40.75,115.0254364013672,40.75,5.213258743286133,40.75,75.03963470458984,40.75,115.02824401855467
41.10000000000001,6.063194274902344,40.760000000000005,115.02903747558594,40.75999999999999,5.211862564086914,40.760000000000005,75.04170989990234,40.75999999999999,114.99929809570312
41.11,6.06406307220459,40.77000000000001,115.03233337402344,40.77,5.211009502410889,40.77,75.04319763183594,40.77,114.971923828125
41.120000000000005,6.064702033996582,40.78,115.03556823730467,40.78,5.211533069610596,40.78,75.04373168945312,40.78,114.94828033447266
41.13000000000001,6.063939571380615,40.790000000000006,115.03717041015624,40.78999999999999,5.21175479888916,40.790000000000006,75.04454040527344,40.78999999999999,114.92535400390624
41.14,6.06050443649292,40.8,115.03703308105467,40.8,5.209937572479248,40.8,75.0467758178711,40.8,114.9095230102539
41.150000000000006,6.055984020233154,40.81,115.03656768798828,40.81,5.207974910736084,40.81,75.0483627319336,40.81,114.89595794677734
41.16,6.050234794616699,40.82000000000001,115.0369644165039,40.81999999999999,5.203454494476318,40.82000000000001,75.04911041259766,40.81999999999999,114.88556671142578
41.17,6.045727252960205,40.83,115.03630828857422,40.83,5.197640419006348,40.83,75.05134582519531,40.83,114.8747329711914
41.18000000000001,6.044346332550049,40.84,115.0356903076172,40.84,5.189276695251465,40.84,75.05253601074219,40.84,114.86870574951172
41.19,6.043044090270996,40.85000000000001,115.0343246459961,40.85,5.182418823242188,40.85000000000001,75.05328369140625,40.85,114.8722152709961
41.2,6.042473316192627,40.86,115.03456115722656,40.86,5.175425052642822,40.86,75.05413055419922,40.86,114.8775863647461
41.21000000000001,6.028253555297852,40.870000000000005,115.0356216430664,40.86999999999999,5.170303821563721,40.870000000000005,75.05626678466797,40.86999999999999,114.8842544555664
41.22,6.015193462371826,40.88000000000001,115.03736114501952,40.88,5.1665544509887695,40.88000000000001,75.05679321289062,40.88,114.8906021118164
41.23,6.010946273803711,40.89,115.04024505615234,40.89,5.166829109191895,40.89,75.05635833740234,40.89,114.89718627929688
41.24000000000001,6.01142168045044,40.900000000000006,115.04476165771484,40.89999999999999,5.16606330871582,40.900000000000006,75.0560531616211,40.89999999999999,114.9078598022461
41.25,6.010655879974365,40.91,115.04928588867188,40.91,5.165337085723877,40.91,75.05618286132812,40.91,114.92001342773438
41.260000000000005,6.008516788482666,40.92,115.05503845214844,40.92,5.1662116050720215,40.92,75.05570220947266,40.92,114.93187713623048
41.27000000000001,6.00460147857666,40.93000000000001,115.0615005493164,40.92999999999999,5.168184280395508,40.93000000000001,75.05402374267578,40.92999999999999,114.94342803955078
41.28,5.998680114746094,40.94,115.06761932373048,40.94,5.170854091644287,40.94,75.05487823486328,40.94,114.94799041748048
41.290000000000006,5.985677719116211,40.95,115.072998046875,40.95,5.170922756195068,40.95,75.05400085449219,40.95,114.94805908203124
41.3,5.976976871490479,40.96000000000001,115.07646942138672,40.96,5.169523239135742,40.96000000000001,75.05244445800781,40.96,114.94550323486328
41.31,5.977240562438965,40.97,115.07866668701172,40.97,5.168010711669922,40.97,75.05254364013672,40.97,114.93811798095705
41.32000000000001,5.981736183166504,40.98,115.08039093017578,40.97999999999999,5.162067413330078,40.98,75.0517807006836,40.97999999999999,114.92984008789062
41.33,5.988184452056885,40.99000000000001,115.0828857421875,40.99,5.158422946929932,40.99000000000001,75.05220031738281,40.99,114.92595672607422
41.34,5.996224403381348,41.0,115.08516693115234,41.0,5.154152870178223,41.0,75.054931640625,41.0,114.9258804321289
41.35000000000001,6.002315044403076,41.010000000000005,115.08633422851562,41.00999999999999,5.151502132415772,41.010000000000005,75.05592346191406,41.00999999999999,114.92628479003906
41.36,6.008153915405273,41.02000000000001,115.08683776855467,41.02,5.148492813110352,41.02,75.057861328125,41.02,114.92938995361328
41.370000000000005,6.012643337249756,41.03,115.0866470336914,41.03,5.149867057800293,41.03,75.0582046508789,41.03,114.93585205078124
41.38000000000001,6.016363620758057,41.040000000000006,115.08582305908205,41.03999999999999,5.153517246246338,41.040000000000006,75.05934143066406,41.03999999999999,114.94498443603516
41.39,6.022458553314209,41.05,115.0847625732422,41.05,5.159464359283447,41.05,75.05921173095703,41.05,114.9546890258789
41.400000000000006,6.037191390991211,41.06,115.08313751220705,41.06,5.164043426513672,41.06,75.06031799316406,41.06,114.96512603759766
41.41,6.049356460571289,41.07000000000001,115.08170318603516,41.06999999999999,5.168097972869873,41.07000000000001,75.0644760131836,41.06999999999999,114.9771728515625
41.42,6.062094211578369,41.08,115.07980346679688,41.08,5.17046594619751,41.08,75.06573486328125,41.08,114.98894500732422
41.43000000000001,6.069982528686523,41.09,115.07740020751952,41.09,5.171411037445068,41.09,75.06626892089844,41.09,115.00347900390624
41.44,6.071987152099609,41.10000000000001,115.07624816894533,41.1,5.169227123260498,41.10000000000001,75.068115234375,41.1,115.01820373535156
41.45,6.071976184844971,41.11,115.0731201171875,41.11,5.164726734161377,41.11,75.06909942626953,41.11,115.0299835205078
41.46000000000001,6.068018913269043,41.120000000000005,115.07064819335938,41.11999999999999,5.158446311950684,41.120000000000005,75.06853485107422,41.11999999999999,115.03794860839844
41.47,6.061110496520996,41.13000000000001,115.06798553466795,41.13,5.153543472290039,41.13000000000001,75.0671615600586,41.13,115.05380249023438
41.48,6.055587768554688,41.14,115.06551361083984,41.14,5.15170431137085,41.14,75.06646728515625,41.14,115.07254791259766
41.49000000000001,6.047839164733887,41.150000000000006,115.06478881835938,41.14999999999999,5.151670455932617,41.150000000000006,75.06703186035156,41.14999999999999,115.0935287475586
41.5,6.038626670837402,41.16,115.06776428222656,41.16,5.154204368591309,41.16,75.066650390625,41.16,115.11367797851562
41.510000000000005,6.032486915588379,41.17,115.07306671142578,41.17,5.157022953033447,41.17,75.06678009033203,41.17,115.13102722167967
41.52000000000001,6.029440402984619,41.18000000000001,115.07611083984376,41.17999999999999,5.160954475402832,41.18000000000001,75.06710815429688,41.17999999999999,115.14601135253906
41.53,6.031037330627441,41.19,115.0777359008789,41.19,5.162200927734375,41.19,75.06777954101562,41.19,115.15850067138672
41.540000000000006,6.0333333015441895,41.2,115.08001708984376,41.2,5.163002967834473,41.2,75.06818389892578,41.2,115.1678695678711
41.55,6.0346527099609375,41.21000000000001,115.08296966552734,41.21,5.160767078399658,41.21000000000001,75.06841278076172,41.21,115.1759033203125
41.56,6.038501739501953,41.22,115.08614349365234,41.22,5.157110691070557,41.22,75.06688690185547,41.22,115.18270874023438
41.57000000000001,6.04195499420166,41.23,115.08981323242188,41.22999999999999,5.151935577392578,41.23,75.06460571289062,41.22999999999999,115.18744659423828
41.58,6.042788505554199,41.24000000000001,115.0927505493164,41.24,5.1461100578308105,41.24000000000001,75.06288146972656,41.24,115.19092559814452
41.59,6.042129039764404,41.25,115.0970687866211,41.25,5.138283729553223,41.25,75.06375122070312,41.25,115.19641876220705
41.60000000000001,6.041234016418457,41.260000000000005,115.09912872314452,41.25999999999999,5.129794120788574,41.260000000000005,75.06244659423828,41.25999999999999,115.2034149169922
41.61,6.036746025085449,41.27000000000001,115.10159301757812,41.27,5.123361110687256,41.27,75.06192016601562,41.27,115.21047973632812
41.620000000000005,6.031337261199951,41.28,115.10553741455078,41.28,5.117445945739746,41.28,75.060546875,41.28,115.22154235839844
41.63000000000001,6.029096603393555,41.290000000000006,115.10897064208984,41.28999999999999,5.113234519958496,41.290000000000006,75.05943298339844,41.28999999999999,115.23428344726562
41.64,6.031517505645752,41.3,115.11087799072266,41.3,5.110560417175293,41.3,75.05899047851562,41.3,115.24497985839844
41.650000000000006,6.0386247634887695,41.31,115.11351776123048,41.31,5.110539436340332,41.31,75.05755615234375,41.31,115.25399780273438
41.66,6.047848224639893,41.32000000000001,115.11534881591795,41.31999999999999,5.113261699676514,41.32000000000001,75.0561294555664,41.31999999999999,115.25868225097656
41.67,6.050745964050293,41.33,115.11761474609376,41.33,5.116103172302246,41.33,75.05561828613281,41.33,115.25946044921876
41.68000000000001,6.050897121429443,41.34,115.11951446533205,41.34,5.11811113357544,41.34,75.0572280883789,41.34,115.25745391845705
41.69,6.052196502685547,41.35000000000001,115.12005615234376,41.35,5.117855548858643,41.35000000000001,75.05883026123047,41.35,115.25540924072266
41.7,6.048886299133301,41.36,115.1205062866211,41.36,5.115932464599609,41.36,75.05889892578125,41.36,115.25176239013672
41.71000000000001,6.043184757232666,41.370000000000005,115.11988067626952,41.36999999999999,5.1126627922058105,41.370000000000005,75.06107330322266,41.36999999999999,115.25180053710938
41.72,6.039571285247803,41.38000000000001,115.11705017089844,41.38,5.110347747802734,41.38000000000001,75.0617904663086,41.38,115.25767517089844
41.73,6.034859657287598,41.39,115.11550903320312,41.39,5.108593463897705,41.39,75.06501007080078,41.39,115.26773071289062
41.74000000000001,6.029650688171387,41.400000000000006,115.11400604248048,41.39999999999999,5.107054233551025,41.400000000000006,75.06550598144531,41.39999999999999,115.2804718017578
41.75,6.026004791259766,41.41,115.11307525634766,41.41,5.104191780090332,41.41,75.06637573242188,41.41,115.2951431274414
41.760000000000005,6.020251750946045,41.42,115.11194610595705,41.42,5.102964401245117,41.42,75.06707763671875,41.42,115.30958557128906
41.77000000000001,6.012486457824707,41.43000000000001,115.11029052734376,41.42999999999999,5.103861331939697,41.43000000000001,75.06793212890625,41.42999999999999,115.3213348388672
41.78,6.001596927642822,41.44,115.1082000732422,41.44,5.10717248916626,41.44,75.06779479980469,41.44,115.3309097290039
41.790000000000006,5.987270832061768,41.45,115.10636138916016,41.45,5.11164665222168,41.45,75.06808471679688,41.45,115.33634185791016
41.8,5.981079578399658,41.46000000000001,115.10610961914062,41.46,5.1136393547058105,41.46000000000001,75.06743621826172,41.46,115.3404312133789
41.81,5.973625183105469,41.47,115.1062469482422,41.47,5.114495277404785,41.47,75.06803894042969,41.47,115.34493255615234
41.82000000000001,5.974784851074219,41.48,115.10449981689452,41.47999999999999,5.113251686096191,41.48,75.0703125,41.47999999999999,115.35145568847656
41.83,5.977776527404785,41.49000000000001,115.10359954833984,41.49,5.111562252044678,41.49000000000001,75.06963348388672,41.49,115.36044311523438
41.84,5.977976799011231,41.5,115.10242462158205,41.5,5.108942031860352,41.5,75.06889343261719,41.5,115.3705062866211
41.85000000000001,5.978426933288574,41.510000000000005,115.10455322265624,41.50999999999999,5.10614538192749,41.510000000000005,75.06938171386719,41.50999999999999,115.3796615600586
41.86,5.979938983917236,41.52000000000001,115.105712890625,41.52,5.102457046508789,41.52,75.0698471069336,41.52,115.39144897460938
41.870000000000005,5.982319355010986,41.53,115.10597229003906,41.53,5.099885940551758,41.53,75.07202911376953,41.53,115.40338897705078
41.88000000000001,5.9862165451049805,41.540000000000006,115.10657501220705,41.53999999999999,5.098878860473633,41.540000000000006,75.07275390625,41.53999999999999,115.4150161743164
41.89,5.993016242980957,41.55,115.10555267333984,41.55,5.098169803619385,41.55,75.07322692871094,41.55,115.42513275146484
41.900000000000006,6.003150463104248,41.56,115.103759765625,41.56,5.0976338386535645,41.56,75.07499694824219,41.56,115.43445587158205
41.91,6.012943267822266,41.57000000000001,115.10116577148438,41.56999999999999,5.096440315246582,41.57000000000001,75.07600402832031,41.56999999999999,115.44729614257812
41.92,6.022408962249756,41.58,115.09827423095705,41.58,5.095616340637207,41.58,75.07660675048828,41.58,115.4627456665039
41.93000000000001,6.031900405883789,41.59,115.09371948242188,41.59,5.093075752258301,41.59,75.07599639892578,41.59,115.4787139892578
41.94,6.042053699493408,41.60000000000001,115.0893783569336,41.6,5.091299057006836,41.60000000000001,75.0773696899414,41.6,115.49480438232422
41.95,6.053569793701172,41.61,115.0832977294922,41.61,5.090470790863037,41.61,75.07735443115234,41.61,115.51044464111328
41.96000000000001,6.0644850730896,41.620000000000005,115.0770263671875,41.61999999999999,5.087076663970947,41.620000000000005,75.07646179199219,41.61999999999999,115.52767181396484
41.97,6.0753021240234375,41.63000000000001,115.07108306884766,41.63,5.081839084625244,41.63000000000001,75.07740020751953,41.63,115.54510498046876
41.98,6.085631370544434,41.64,115.06722259521484,41.64,5.076478004455566,41.64,75.07783508300781,41.64,115.56153869628906
41.99000000000001,6.096982955932617,41.650000000000006,115.06521606445312,41.64999999999999,5.069292545318604,41.650000000000006,75.07933044433594,41.64999999999999,115.5768051147461
42.0,6.111971855163574,41.66,115.06458282470705,41.66,5.063201427459717,41.66,75.08008575439453,41.66,115.59266662597656
42.010000000000005,6.125460147857666,41.67,115.06452941894533,41.67,5.059085369110107,41.67,75.08012390136719,41.67,115.6077880859375
42.02000000000001,6.136528491973877,41.68000000000001,115.06423950195312,41.67999999999999,5.057273387908936,41.68000000000001,75.08072662353516,41.67999999999999,115.6225814819336
42.03,6.142822265625,41.69,115.06320190429688,41.69,5.058375835418701,41.69,75.08267211914062,41.69,115.63744354248048
42.040000000000006,6.145196437835693,41.7,115.06204223632812,41.7,5.06135368347168,41.7,75.08397674560547,41.7,115.65064239501952
42.05,6.144857406616211,41.71000000000001,115.06029510498048,41.71,5.0641632080078125,41.71000000000001,75.08623504638672,41.71,115.66436767578124
42.06,6.141656398773193,41.72,115.05891418457033,41.72,5.065627098083496,41.72,75.08757019042969,41.72,115.68364715576172
42.07000000000001,6.13829231262207,41.73,115.05722045898438,41.72999999999999,5.065182209014893,41.73,75.08718872070312,41.72999999999999,115.70891571044922
42.08,6.132308483123779,41.74000000000001,115.05720520019533,41.74,5.063952445983887,41.74000000000001,75.08524322509766,41.74,115.73625183105467
42.09,6.125669002532959,41.75,115.0566177368164,41.75,5.061342716217041,41.75,75.08575439453125,41.75,115.76811981201172
42.10000000000001,6.125509738922119,41.760000000000005,115.05760192871094,41.75999999999999,5.059503555297852,41.760000000000005,75.08525085449219,41.75999999999999,115.80567169189452
42.11,6.134429931640625,41.77000000000001,115.06053924560548,41.77,5.058663845062256,41.77,75.0827865600586,41.77,115.84994506835938
42.120000000000005,6.149526119232178,41.78,115.06475830078124,41.78,5.059898853302002,41.78,75.08201599121094,41.78,115.89378356933594
42.13000000000001,6.172204971313477,41.790000000000006,115.06952667236328,41.78999999999999,5.060357093811035,41.790000000000006,75.08199310302734,41.78999999999999,115.9333038330078
42.14,6.195537567138672,41.8,115.07432556152344,41.8,5.061580657958984,41.8,75.08055114746094,41.8,115.96880340576172
42.150000000000006,6.221128463745117,41.81,115.07861328125,41.81,5.062481880187988,41.81,75.07868957519531,41.81,115.99942016601562
42.16,6.245406150817871,41.82000000000001,115.08485412597656,41.81999999999999,5.060966968536377,41.82000000000001,75.07818603515625,41.81999999999999,116.0225601196289
42.17,6.266388893127441,41.83,115.09324645996094,41.83,5.059703350067139,41.83,75.07899475097656,41.83,116.04296875
42.18000000000001,6.286791324615479,41.84,115.10194396972656,41.84,5.056230545043945,41.84,75.08028411865234,41.84,116.06571197509766
42.19,6.304784774780273,41.85000000000001,115.1098403930664,41.85,5.052285671234131,41.85000000000001,75.08424377441406,41.85,116.08867645263672
42.2,6.32090950012207,41.86,115.11600494384766,41.86,5.050877094268799,41.86,75.0870132446289,41.86,116.11223602294922
42.21000000000001,6.3382344245910645,41.870000000000005,115.12146759033205,41.86999999999999,5.052468299865723,41.870000000000005,75.08843231201172,41.86999999999999,116.13629913330078
42.22,6.3525896072387695,41.88000000000001,115.1255340576172,41.88,5.05264949798584,41.88000000000001,75.08920288085938,41.88,116.1574935913086
42.23,6.363793849945068,41.89,115.12784576416016,41.89,5.052795886993408,41.89,75.08850860595703,41.89,116.17813873291016
42.24000000000001,6.370048999786377,41.900000000000006,115.13008880615234,41.89999999999999,5.0508880615234375,41.900000000000006,75.08865356445312,41.89999999999999,116.19731903076172
42.25,6.370844841003418,41.91,115.13067626953124,41.91,5.048704147338867,41.91,75.0860366821289,41.91,116.2164535522461
42.260000000000005,6.363961696624756,41.92,115.13086700439452,41.92,5.046184062957764,41.92,75.0850601196289,41.92,116.23575592041016
42.27000000000001,6.357434272766113,41.93000000000001,115.130615234375,41.92999999999999,5.0455522537231445,41.93000000000001,75.08311462402344,41.92999999999999,116.2521743774414
42.28,6.349860668182373,41.94,115.12964630126952,41.94,5.043381690979004,41.94,75.08174133300781,41.94,116.26537322998048
42.290000000000006,6.337981224060059,41.95,115.1284637451172,41.95,5.040167808532715,41.95,75.0804214477539,41.95,116.27677917480467
42.3,6.323136329650879,41.96000000000001,115.12712097167967,41.96,5.037970066070557,41.96000000000001,75.08023071289062,41.96,116.28887176513672
42.31,6.305142402648926,41.97,115.1241683959961,41.97,5.0357279777526855,41.97,75.08097839355469,41.97,116.29914093017578
42.32000000000001,6.286428928375244,41.98,115.1207275390625,41.97999999999999,5.034657955169678,41.98,75.0801010131836,41.97999999999999,116.30754089355467
42.33,6.270275115966797,41.99000000000001,115.1190185546875,41.99,5.0317583084106445,41.99000000000001,75.07758331298828,41.99,116.31427764892578
42.34,6.252538681030273,42.0,115.11664581298828,42.0,5.027239799499512,42.0,75.07647705078125,42.0,116.31916809082033
42.35000000000001,6.23033332824707,42.010000000000005,115.1160125732422,42.00999999999999,5.022822380065918,42.010000000000005,75.07506561279297,42.00999999999999,116.32395935058594
42.36,6.206361770629883,42.02000000000001,115.11619567871094,42.02,5.017273902893066,42.02,75.07093048095703,42.02,116.32625579833984
42.370000000000005,6.181091785430908,42.03,115.11829376220705,42.03,5.012272357940674,42.03,75.06475830078125,42.03,116.3265151977539
42.38000000000001,6.154047012329102,42.040000000000006,115.12063598632812,42.03999999999999,5.007814407348633,42.040000000000006,75.05925750732422,42.03999999999999,116.32913970947266
42.39,6.127160549163818,42.05,115.1229248046875,42.05,5.003001689910889,42.05,75.05279541015625,42.05,116.33197784423828
42.400000000000006,6.098235607147217,42.06,115.12618255615234,42.06,4.999779224395752,42.06,75.04801177978516,42.06,116.33353424072266
42.41,6.0663275718688965,42.07000000000001,115.12940216064452,42.06999999999999,4.996744155883789,42.07000000000001,75.04176330566406,42.06999999999999,116.33349609375
42.42,6.031123638153076,42.08,115.13339233398438,42.08,4.994234561920166,42.08,75.03731536865234,42.08,116.32991790771484
42.43000000000001,5.9962568283081055,42.09,115.13809204101562,42.09,4.991742134094238,42.09,75.03392028808594,42.09,116.32032775878906
42.44,5.960992336273193,42.10000000000001,115.14381408691406,42.1,4.991300582885742,42.10000000000001,75.0294189453125,42.1,116.30329132080078
42.45,5.928465366363525,42.11,115.14913177490234,42.11,4.99470329284668,42.11,75.02501678466797,42.11,116.28424072265624
42.46000000000001,5.899674892425537,42.120000000000005,115.15222930908205,42.11999999999999,5.0049896240234375,42.120000000000005,75.02293395996094,42.11999999999999,116.26608276367188
42.47,5.870577812194824,42.13000000000001,115.1551513671875,42.13,5.019551753997803,42.13000000000001,75.01960754394531,42.13,116.24909973144533
42.48,5.843831539154053,42.14,115.1559066772461,42.14,5.040061473846436,42.14,75.01679992675781,42.14,116.23712158203124
42.49000000000001,5.818141937255859,42.150000000000006,115.15323638916016,42.14999999999999,5.067107200622559,42.150000000000006,75.01579284667969,42.14999999999999,116.23004913330078
42.5,5.794187545776367,42.16,115.14840698242188,42.16,5.09988260269165,42.16,75.01683044433594,42.16,116.22884368896484
42.510000000000005,5.7719340324401855,42.17,115.14006805419922,42.17,5.127114772796631,42.17,75.0188217163086,42.17,116.23442840576172
42.52000000000001,5.748109817504883,42.18000000000001,115.12715911865234,42.17999999999999,5.150341033935547,42.18000000000001,75.021728515625,42.17999999999999,116.2391586303711
42.53,5.723209857940674,42.19,115.11018371582033,42.19,5.159612655639648,42.19,75.02378845214844,42.19,116.23957061767578
42.540000000000006,5.6969146728515625,42.2,115.08992767333984,42.2,5.161087989807129,42.2,75.02733612060547,42.2,116.23722839355467
42.55,5.674796581268311,42.21000000000001,115.06902313232422,42.21,5.160274982452393,42.21000000000001,75.03160095214844,42.21,116.2270278930664
42.56,5.6657257080078125,42.22,115.04742431640624,42.22,5.159052848815918,42.22,75.0383529663086,42.22,116.20862579345705
42.57000000000001,5.6689863204956055,42.23,115.02384948730467,42.22999999999999,5.151759624481201,42.23,75.04373168945312,42.22999999999999,116.18264770507812
42.58,5.675181865692139,42.24000000000001,114.99734497070312,42.24,5.1364569664001465,42.24000000000001,75.0489273071289,42.24,116.1635513305664
42.59,5.67853307723999,42.25,114.97016143798828,42.25,5.118232727050781,42.25,75.05352783203125,42.25,116.15965270996094
42.60000000000001,5.680818557739258,42.260000000000005,114.94145965576172,42.25999999999999,5.093851566314697,42.260000000000005,75.05902862548828,42.25999999999999,116.16851806640624
42.61,5.687528133392334,42.27000000000001,114.91190338134766,42.27,5.065605640411377,42.27,75.06224060058594,42.27,116.18708801269533
42.620000000000005,5.699597358703613,42.28,114.87873840332033,42.28,5.036365985870361,42.28,75.0660629272461,42.28,116.20328521728516
42.63000000000001,5.713683128356934,42.290000000000006,114.84407806396484,42.28999999999999,5.008996963500977,42.290000000000006,75.07018280029297,42.28999999999999,116.20843505859376
42.64,5.726076602935791,42.3,114.80811309814452,42.3,4.984290599822998,42.3,75.07534790039062,42.3,116.21037292480467
42.650000000000006,5.734651565551758,42.31,114.7721939086914,42.31,4.961835861206055,42.31,75.08058166503906,42.31,116.2083511352539
42.66,5.743603706359863,42.32000000000001,114.73942565917967,42.31999999999999,4.941715717315674,42.32000000000001,75.0838623046875,42.31999999999999,116.20511627197266
42.67,5.754874229431152,42.33,114.71076965332033,42.33,4.921605110168457,42.33,75.08818054199219,42.33,116.22183990478516
42.68000000000001,5.763209342956543,42.34,114.6842269897461,42.34,4.902580261230469,42.34,75.09323120117188,42.34,116.25049591064452
42.69,5.767390727996826,42.35000000000001,114.656005859375,42.35,4.88369607925415,42.35000000000001,75.09807586669922,42.35,116.28363800048828
42.7,5.770859718322754,42.36,114.62744903564452,42.36,4.865963935852051,42.36,75.10394287109375,42.36,116.32167053222656
42.71000000000001,5.774826049804688,42.370000000000005,114.59901428222656,42.36999999999999,4.850594520568848,42.370000000000005,75.10894775390625,42.36999999999999,116.36622619628906
42.72,5.780115604400635,42.38000000000001,114.56957244873048,42.38,4.839987754821777,42.38000000000001,75.11286926269531,42.38,116.41849517822266
42.73,5.7882490158081055,42.39,114.54043579101562,42.39,4.832533836364746,42.39,75.11689758300781,42.39,116.48131561279295
42.74000000000001,5.7943925857543945,42.400000000000006,114.51231384277344,42.39999999999999,4.825674533843994,42.400000000000006,75.12003326416016,42.39999999999999,116.5303192138672
42.75,5.799742221832275,42.41,114.48712921142578,42.41,4.821617603302002,42.41,75.12063598632812,42.41,116.21123504638672
42.760000000000005,5.80737829208374,42.42,114.464111328125,42.42,4.819927215576172,42.42,75.12553405761719,42.42,115.9524383544922
42.77000000000001,5.804856777191162,42.43000000000001,114.44377136230467,42.42999999999999,4.822752952575684,42.43000000000001,75.12889099121094,42.42999999999999,115.78260040283205
42.78,5.799779891967773,42.44,114.42546844482422,42.44,4.825918197631836,42.44,75.13053894042969,42.44,115.56307983398438
42.790000000000006,5.792057514190674,42.45,114.4087371826172,42.45,4.834930896759033,42.45,75.13176727294922,42.45,115.32937622070312
42.8,5.785031795501709,42.46000000000001,114.39400482177734,42.46,4.847945690155029,42.46000000000001,75.1307373046875,42.46,115.05530548095705
42.81,5.7834954261779785,42.47,114.38146209716795,42.47,4.861548900604248,42.47,75.12747192382812,42.47,114.73503875732422
42.82000000000001,5.783102512359619,42.48,114.3774871826172,42.47999999999999,4.869207859039307,42.48,75.12468719482422,42.47999999999999,114.35281372070312
42.83,5.782126426696777,42.49000000000001,114.3847427368164,42.49,4.871792316436768,42.49000000000001,75.12232208251953,42.49,113.99164581298828
42.84,5.778010368347168,42.5,114.39620208740234,42.5,4.872748851776123,42.5,75.12027740478516,42.5,113.74725341796876
42.85000000000001,5.767192363739014,42.510000000000005,114.40856170654295,42.50999999999999,4.876471996307373,42.510000000000005,75.11779022216797,42.50999999999999,113.54950714111328
42.86,5.754881858825684,42.52000000000001,114.42228698730467,42.52,4.883193492889404,42.52,75.11380767822266,42.52,113.3686294555664
42.870000000000005,5.741001129150391,42.53,114.43605041503906,42.53,4.894803047180176,42.53,75.11003112792969,42.53,113.21202850341795
42.88000000000001,5.725221633911133,42.540000000000006,114.45050048828124,42.53999999999999,4.909973621368408,42.540000000000006,75.10748291015625,42.53999999999999,113.09233856201172
,,42.55,114.46671295166016,42.55,4.93094539642334,42.55,75.1039810180664,42.55,113.00756072998048
,,42.56,114.48564910888672,42.56,4.956373691558838,42.56,75.10087585449219,42.56,112.88893127441406
,,42.57000000000001,114.50537109375,42.56999999999999,4.974093914031982,42.57000000000001,75.09954833984375,42.56999999999999,112.72909545898438
,,42.58,114.52418518066406,42.58,4.984264373779297,42.58,75.09758758544922,42.58,112.58453369140624
,,42.59,114.54287719726562,42.59,4.989254474639893,42.59,75.09535217285156,42.59,112.50135040283205
,,42.60000000000001,114.55934143066406,42.6,4.998020172119141,42.60000000000001,75.0946273803711,42.6,112.46670532226562
,,42.61,114.57353973388672,42.61,5.011137008666992,42.61,75.09246826171875,42.61,112.4311752319336
,,42.620000000000005,114.58586120605467,42.61999999999999,5.01906681060791,42.620000000000005,75.09021759033203,42.61999999999999,112.38819885253906
,,42.63000000000001,114.59680938720705,42.63,5.023754596710205,42.63000000000001,75.08882904052734,42.63,112.3371124267578
,,42.64,114.60748291015624,42.64,5.027534008026123,42.64,75.08863067626953,42.64,112.2839813232422
,,42.650000000000006,114.61676788330078,42.64999999999999,5.032872200012207,42.650000000000006,75.08924102783203,42.64999999999999,112.2339859008789
,,42.66,114.6234893798828,42.66,5.032384872436523,42.66,75.08939361572266,42.66,112.17618560791016
,,42.67,114.62877655029295,42.67,5.028138160705566,42.67,75.09054565429688,42.67,112.12279510498048
,,42.68000000000001,114.63148498535156,42.67999999999999,5.022634506225586,42.68000000000001,75.09381866455078,42.67999999999999,112.07960510253906
,,42.69,114.6302490234375,42.69,5.017545223236084,42.69,75.09716033935547,42.69,112.02812957763672
,,42.7,114.6267547607422,42.7,5.013331890106201,42.7,75.09983825683594,42.7,111.96166229248048
,,42.71000000000001,114.62067413330078,42.71,5.007665634155273,42.71000000000001,75.10319519042969,42.71,111.8730926513672
,,42.72,114.6119613647461,42.72,4.998769283294678,42.72,75.10624694824219,42.72,111.75233459472656
,,42.73,114.60442352294922,42.72999999999999,4.986363410949707,42.73,75.10685729980469,42.72999999999999,111.5819854736328
,,42.74000000000001,114.59732818603516,42.74,4.970484256744385,42.74000000000001,75.1089096069336,42.74,111.38765716552734
,,42.75,114.5917739868164,42.75,4.956042289733887,42.75,75.11087036132812,42.75,111.20549011230467
,,42.760000000000005,114.58649444580078,42.75999999999999,4.942920684814453,,,42.75999999999999,111.04467010498048
,,42.77000000000001,114.5830078125,42.77,4.929380893707275,,,42.77,110.90200805664062
,,42.78,114.58038330078124,42.78,4.920098304748535,,,42.78,110.78829956054688
,,42.790000000000006,114.57894897460938,42.78999999999999,4.908531188964844,,,42.78999999999999,110.69866943359376
,,42.8,114.57855987548828,42.8,4.900506973266602,,,42.8,110.6405258178711
,,,,42.81,4.891950130462647,,,42.81,110.59966278076172
,,,,42.81999999999999,4.887335777282715,,,42.81999999999999,110.58316040039062
,,,,,,,,42.83,110.57818603515624
,,,,,,,,42.84,110.5713882446289
,,,,,,,,42.85,110.5538558959961
,,,,,,,,42.86,110.52082061767578
,,,,,,,,42.86999999999999,110.4709701538086
,,,,,,,,42.88,110.40001678466795
,,,,,,,,42.89,110.29631805419922
,,,,,,,,42.89999999999999,110.15540313720705
,,,,,,,,42.91,110.00650787353516
,,,,,,,,42.92,109.8646011352539
,,,,,,,,42.92999999999999,109.74544525146484
