rtTime,R Thigh Angle,rsTime,R Shank Angle,ltTime,L Thigh Angle,lsTime,L Shank Angle,hTime,Hip Angle
0.0,99.9980926513672,0.0,103.78510284423828,0.0,95.7332000732422,0.0,84.81330108642578,0.0,97.99370574951172
0.0099999999999997,100.00264739990234,0.0099999999999997,103.7864990234375,0.0099999999999997,95.7287139892578,0.0099999999999997,84.81501007080078,0.0099999999999997,97.99994659423828
0.0199999999999995,100.0039520263672,0.0199999999999995,103.78841400146484,0.0199999999999995,95.72918701171876,0.0199999999999995,84.8151626586914,0.0199999999999995,98.00609588623048
0.0299999999999993,100.00633239746094,0.0300000000000011,103.78848266601562,0.0300000000000011,95.73400115966795,0.0300000000000011,84.81503295898438,0.0299999999999993,98.011962890625
0.0399999999999991,100.00792694091795,0.0400000000000009,103.79151153564452,0.0400000000000009,95.73584747314452,0.0400000000000009,84.81446838378906,0.0399999999999991,98.01604461669922
0.0499999999999989,100.00856018066406,0.0500000000000007,103.79376983642578,0.0500000000000007,95.73894500732422,0.0500000000000007,84.81381225585938,0.0500000000000007,98.01880645751952
0.0600000000000005,100.00808715820312,0.0600000000000005,103.7974090576172,0.0600000000000005,95.74317169189452,0.0600000000000005,84.81379699707031,0.0600000000000005,98.02082824707033
0.0700000000000002,100.00881958007812,0.0700000000000002,103.80050659179688,0.0700000000000002,95.74605560302734,0.0700000000000002,84.81600189208984,0.0700000000000002,98.02666473388672
0.08,100.00920867919922,0.08,103.80412292480467,0.08,95.7394561767578,0.08,84.81588745117188,0.08,98.03318786621094
0.0899999999999998,100.01258850097656,0.0899999999999998,103.8075714111328,0.0899999999999998,95.73143005371094,0.0899999999999998,84.81634521484375,0.0899999999999998,98.0357894897461
0.0999999999999996,100.02214813232422,0.0999999999999996,103.81050872802734,0.0999999999999996,95.72164154052734,0.0999999999999996,84.81988525390625,0.0999999999999996,98.0349349975586
0.1099999999999994,100.02397918701172,0.1100000000000012,103.8127899169922,0.1100000000000012,95.70724487304688,0.1100000000000012,84.82332611083984,0.1099999999999994,98.03296661376952
0.1199999999999992,100.02532958984376,0.120000000000001,103.8148193359375,0.120000000000001,95.69548797607422,0.120000000000001,84.82598114013672,0.1199999999999992,98.03416442871094
0.129999999999999,100.02715301513672,0.1300000000000007,103.81778717041016,0.1300000000000007,95.68910217285156,0.1300000000000007,84.82827758789062,0.129999999999999,98.03357696533205
0.1399999999999988,100.02923583984376,0.1400000000000005,103.81948852539062,0.1400000000000005,95.68399047851562,0.1400000000000005,84.82967376708984,0.1400000000000005,98.03101348876952
0.1500000000000003,100.02986907958984,0.1500000000000003,103.82132720947266,0.1500000000000003,95.67949676513672,0.1500000000000003,84.82958984375,0.1500000000000003,98.03034973144533
0.1600000000000001,100.02973175048828,0.1600000000000001,103.8240203857422,0.1600000000000001,95.67556762695312,0.1600000000000001,84.83027648925781,0.1600000000000001,98.03059387207033
0.1699999999999999,100.03026580810548,0.1699999999999999,103.8271026611328,0.1699999999999999,95.6698760986328,0.1699999999999999,84.83147430419922,0.1699999999999999,98.0315170288086
0.1799999999999997,100.03131103515624,0.1799999999999997,103.82777404785156,0.1799999999999997,95.66273498535156,0.1799999999999997,84.8329849243164,0.1799999999999997,98.03501892089844
0.1899999999999995,100.032958984375,0.1900000000000012,103.83126068115234,0.1900000000000012,95.65771484375,0.1899999999999995,84.83264923095703,0.1899999999999995,98.03741455078124
0.1999999999999993,100.03317260742188,0.200000000000001,103.83531951904295,0.200000000000001,95.65895080566406,0.200000000000001,84.83387756347656,0.1999999999999993,98.03772735595705
0.209999999999999,100.0316162109375,0.2100000000000008,103.83898162841795,0.2100000000000008,95.65979766845705,0.2100000000000008,84.83493041992188,0.209999999999999,98.0383758544922
0.2199999999999988,100.0326919555664,0.2200000000000006,103.8412094116211,0.2200000000000006,95.66091918945312,0.2200000000000006,84.83697509765625,0.2200000000000006,98.03843688964844
0.2300000000000004,100.0343246459961,0.2300000000000004,103.8444595336914,0.2300000000000004,95.66034698486328,0.2300000000000004,84.83767700195312,0.2300000000000004,98.0363311767578
0.2400000000000002,100.03529357910156,0.2400000000000002,103.8463363647461,0.2400000000000002,95.66107940673828,0.2400000000000002,84.83936309814453,0.2400000000000002,98.03215026855467
0.25,100.03520965576172,0.25,103.85000610351562,0.25,95.66761016845705,0.25,84.8398208618164,0.25,98.0276107788086
0.2599999999999998,100.03641510009766,0.2599999999999998,103.85311889648438,0.2599999999999998,95.67073059082033,0.2599999999999998,84.84033966064453,0.2599999999999998,98.02728271484376
0.2699999999999996,100.03347778320312,0.2699999999999996,103.8564910888672,0.2699999999999996,95.6675796508789,0.2699999999999996,84.840087890625,0.2699999999999996,98.02806854248048
0.2799999999999993,100.03326416015624,0.2800000000000011,103.8590087890625,0.2800000000000011,95.66447448730467,0.2800000000000011,84.8388671875,0.2799999999999993,98.02969360351562
0.2899999999999991,100.03512573242188,0.2900000000000009,103.85990142822266,0.2900000000000009,95.66284942626952,0.2900000000000009,84.8377685546875,0.2899999999999991,98.0317611694336
0.2999999999999989,100.03682708740234,0.3000000000000007,103.8616943359375,0.3000000000000007,95.6593780517578,0.3000000000000007,84.8379898071289,0.3000000000000007,98.03074645996094
0.3100000000000005,100.0392608642578,0.3100000000000005,103.8619384765625,0.3100000000000005,95.66152954101562,0.3100000000000005,84.83797454833984,0.3100000000000005,98.0308837890625
0.3200000000000003,100.0428695678711,0.3200000000000003,103.86371612548828,0.3200000000000003,95.66446685791016,0.3200000000000003,84.83906555175781,0.3200000000000003,98.0343017578125
0.33,100.0465316772461,0.33,103.86476135253906,0.33,95.66551208496094,0.33,84.83840942382812,0.33,98.03961944580078
0.3399999999999998,100.05146026611328,0.3399999999999998,103.86557006835938,0.3399999999999998,95.66454315185548,0.3399999999999998,84.83815002441406,0.3399999999999998,98.04116821289062
0.3499999999999996,100.05880737304688,0.3499999999999996,103.86498260498048,0.3499999999999996,95.66480255126952,0.3499999999999996,84.83969116210938,0.3499999999999996,98.04315948486328
0.3599999999999994,100.06890106201172,0.3600000000000012,103.86456298828124,0.3600000000000012,95.66295623779295,0.3600000000000012,84.8403549194336,0.3599999999999994,98.04485321044922
0.3699999999999992,100.0776138305664,0.370000000000001,103.8655776977539,0.370000000000001,95.6658935546875,0.370000000000001,84.84229278564453,0.3699999999999992,98.04547882080078
0.379999999999999,100.08010864257812,0.3800000000000008,103.8679656982422,0.3800000000000008,95.66793823242188,0.3800000000000008,84.84391021728516,0.379999999999999,98.0465850830078
0.3899999999999988,100.0867691040039,0.3900000000000005,103.8710479736328,0.3900000000000005,95.67212677001952,0.3900000000000005,84.84556579589844,0.3900000000000005,98.0497817993164
0.4000000000000003,100.08870697021484,0.4000000000000003,103.87288665771484,0.4000000000000003,95.672119140625,0.4000000000000003,84.84625244140625,0.4000000000000003,98.04772186279295
0.4100000000000001,100.09001922607422,0.4100000000000001,103.8748016357422,0.4100000000000001,95.6749267578125,0.4100000000000001,84.84703826904297,0.4100000000000001,98.04456329345705
0.4199999999999999,100.08953094482422,0.4199999999999999,103.8763198852539,0.4199999999999999,95.68207550048828,0.4199999999999999,84.84640502929688,0.4199999999999999,98.04273986816406
0.4299999999999997,100.0893096923828,0.4299999999999997,103.87826538085938,0.4299999999999997,95.68733978271484,0.4299999999999997,84.84610748291016,0.4299999999999997,98.04336547851562
0.4399999999999995,100.08966064453124,0.4400000000000013,103.88005828857422,0.4400000000000013,95.6879425048828,0.4399999999999995,84.84783935546875,0.4399999999999995,98.04367065429688
0.4499999999999993,100.09113311767578,0.450000000000001,103.88218688964844,0.450000000000001,95.68964385986328,0.450000000000001,84.85010528564453,0.4499999999999993,98.04557800292967
0.4599999999999991,100.09052276611328,0.4600000000000008,103.88429260253906,0.4600000000000008,95.68912506103516,0.4600000000000008,84.85051727294922,0.4599999999999991,98.04949951171876
0.4699999999999988,100.09085083007812,0.4700000000000006,103.8868408203125,0.4700000000000006,95.68052673339844,0.4700000000000006,84.85432434082031,0.4700000000000006,98.04865264892578
0.4800000000000004,100.09088897705078,0.4800000000000004,103.8890151977539,0.4800000000000004,95.67581176757812,0.4800000000000004,84.85765075683594,0.4800000000000004,98.04736328125
0.4900000000000002,100.08843231201172,0.4900000000000002,103.89061737060548,0.4900000000000002,95.67039489746094,0.4900000000000002,84.8593978881836,0.4900000000000002,98.04439544677734
0.5,100.08596801757812,0.5,103.89070129394533,0.5,95.66519165039062,0.5,84.8602066040039,0.5,98.0399169921875
0.5099999999999998,100.08344268798828,0.5099999999999998,103.89044189453124,0.5099999999999998,95.66265106201172,0.5099999999999998,84.86244201660156,0.5099999999999998,98.03450012207033
0.5199999999999996,100.08223724365234,0.5199999999999996,103.88912963867188,0.5199999999999996,95.65172576904295,0.5199999999999996,84.86471557617188,0.5199999999999996,98.02660369873048
0.5299999999999994,100.08151245117188,0.5300000000000011,103.88829040527344,0.5300000000000011,95.63702392578124,0.5300000000000011,84.8663558959961,0.5299999999999994,98.01953125
0.5399999999999991,100.07820129394533,0.5400000000000009,103.88907623291016,0.5400000000000009,95.62523651123048,0.5400000000000009,84.86923217773438,0.5399999999999991,98.0156478881836
0.5499999999999989,100.07689666748048,0.5500000000000007,103.88916778564452,0.5500000000000007,95.6126480102539,0.5500000000000007,84.87235260009766,0.5500000000000007,98.01254272460938
0.5600000000000005,100.07481384277344,0.5600000000000005,103.8861083984375,0.5600000000000005,95.5973892211914,0.5600000000000005,84.87540435791016,0.5600000000000005,98.0108413696289
0.5700000000000003,100.07171630859376,0.5700000000000003,103.88732147216795,0.5700000000000003,95.58368682861328,0.5700000000000003,84.87908172607422,0.5700000000000003,98.01102447509766
0.5800000000000001,100.06605529785156,0.5800000000000001,103.88650512695312,0.5800000000000001,95.57696533203124,0.5800000000000001,84.8835678100586,0.5800000000000001,98.0145263671875
0.5899999999999999,100.06037902832033,0.5899999999999999,103.88580322265624,0.5899999999999999,95.5680923461914,0.5899999999999999,84.8867416381836,0.5899999999999999,98.01531982421876
0.5999999999999996,100.05712127685548,0.5999999999999996,103.88584899902344,0.5999999999999996,95.55330657958984,0.5999999999999996,84.88905334472656,0.5999999999999996,98.0141372680664
0.6099999999999994,100.05345153808594,0.6100000000000012,103.8839874267578,0.6100000000000012,95.5318374633789,0.6100000000000012,84.89276123046875,0.6099999999999994,98.01373291015624
0.6199999999999992,100.04964447021484,0.620000000000001,103.8846664428711,0.620000000000001,95.51842498779295,0.620000000000001,84.8959732055664,0.6199999999999992,98.01226806640624
0.629999999999999,100.0445327758789,0.6300000000000008,103.88674926757812,0.6300000000000008,95.51046752929688,0.6300000000000008,84.89908599853516,0.629999999999999,98.00955200195312
0.6399999999999988,100.04070281982422,0.6400000000000006,103.88645935058594,0.6400000000000006,95.50161743164062,0.6400000000000006,84.90193176269531,0.6400000000000006,98.0082778930664
0.6500000000000004,100.03548431396484,0.6500000000000004,103.88426971435548,0.6500000000000004,95.48854064941406,0.6500000000000004,84.9047622680664,0.6500000000000004,98.00873565673828
0.6600000000000001,100.0304718017578,0.6600000000000001,103.88175201416016,0.6600000000000001,95.48272705078124,0.6600000000000001,84.90835571289062,0.6600000000000001,98.00896453857422
0.6699999999999999,100.02501678466795,0.6699999999999999,103.88033294677734,0.6699999999999999,95.47808837890624,0.6699999999999999,84.90914154052734,0.6699999999999999,98.0075912475586
0.6799999999999997,100.01980590820312,0.6799999999999997,103.87774658203124,0.6799999999999997,95.47012329101562,0.6799999999999997,84.90996551513672,0.6799999999999997,98.00453186035156
0.6899999999999995,100.0152359008789,0.6900000000000013,103.87567901611328,0.6900000000000013,95.4564437866211,0.6899999999999995,84.913330078125,0.6899999999999995,98.0011978149414
0.6999999999999993,100.01036834716795,0.7000000000000011,103.87342071533205,0.7000000000000011,95.4392547607422,0.7000000000000011,84.91737365722656,0.6999999999999993,97.9990005493164
0.7099999999999991,100.00718688964844,0.7100000000000009,103.87118530273438,0.7100000000000009,95.42285919189452,0.7100000000000009,84.9198226928711,0.7099999999999991,97.99825286865234
0.7199999999999989,100.00875854492188,0.7200000000000006,103.86882019042967,0.7200000000000006,95.4046859741211,0.7200000000000006,84.92302703857422,0.7200000000000006,97.99671936035156
0.7300000000000004,100.007568359375,0.7300000000000004,103.86678314208984,0.7300000000000004,95.38885498046876,0.7300000000000004,84.92628479003906,0.7300000000000004,97.99703216552734
0.7400000000000002,100.00729370117188,0.7400000000000002,103.86341857910156,0.7400000000000002,95.37592315673828,0.7400000000000002,84.9306411743164,0.7400000000000002,97.99585723876952
0.75,100.00366973876952,0.75,103.862060546875,0.75,95.36371612548828,0.75,84.93429565429688,0.75,97.99178314208984
0.7599999999999998,99.99765014648438,0.7599999999999998,103.8604507446289,0.7599999999999998,95.35286712646484,0.7599999999999998,84.93751525878906,0.7599999999999998,97.9913101196289
0.7699999999999996,99.990966796875,0.7699999999999996,103.85922241210938,0.7699999999999996,95.35342407226562,0.7699999999999996,84.94026184082031,0.7699999999999996,97.99396514892578
0.7799999999999994,99.98389434814452,0.7800000000000011,103.85845947265624,0.7800000000000011,95.35406494140624,0.7800000000000011,84.94462585449219,0.7799999999999994,97.99332427978516
0.7899999999999991,99.97727966308594,0.7900000000000009,103.85677337646484,0.7900000000000009,95.34607696533205,0.7900000000000009,84.9480209350586,0.7899999999999991,97.99177551269533
0.7999999999999989,99.96885681152344,0.8000000000000007,103.85408782958984,0.8000000000000007,95.33192443847656,0.8000000000000007,84.9506607055664,0.8000000000000007,97.9911880493164
0.8100000000000005,99.95988464355467,0.8100000000000005,103.8514633178711,0.8100000000000005,95.31721496582033,0.8100000000000005,84.95372772216797,0.8100000000000005,97.98705291748048
0.8200000000000003,99.95384216308594,0.8200000000000003,103.85027313232422,0.8200000000000003,95.30157470703124,0.8200000000000003,84.9564208984375,0.8200000000000003,97.98944854736328
0.8300000000000001,99.9474105834961,0.8300000000000001,103.84709930419922,0.8300000000000001,95.28472137451172,0.8300000000000001,84.95957946777344,0.8300000000000001,97.99420166015624
0.8399999999999999,99.93976593017578,0.8399999999999999,103.84380340576172,0.8399999999999999,95.26309204101562,0.8399999999999999,84.96138763427734,0.8399999999999999,97.99637603759766
0.8499999999999996,99.93433380126952,0.8499999999999996,103.84054565429688,0.8499999999999996,95.25189208984376,0.8499999999999996,84.96375274658203,0.8499999999999996,97.99840545654295
0.8599999999999994,99.92922973632812,0.8600000000000012,103.8389129638672,0.8600000000000012,95.2440185546875,0.8600000000000012,84.9663314819336,0.8599999999999994,98.0008544921875
0.8699999999999992,99.92401885986328,0.870000000000001,103.83650970458984,0.870000000000001,95.2301254272461,0.870000000000001,84.9685287475586,0.8699999999999992,98.00191497802734
0.879999999999999,99.91864776611328,0.8800000000000008,103.834228515625,0.8800000000000008,95.21582794189452,0.8800000000000008,84.96981048583984,0.879999999999999,98.00367736816406
0.8899999999999988,99.9131851196289,0.8900000000000006,103.8330078125,0.8900000000000006,95.2052001953125,0.8900000000000006,84.9711685180664,0.8900000000000006,98.00430297851562
0.9000000000000004,99.90794372558594,0.9000000000000004,103.83245849609376,0.9000000000000004,95.19538116455078,0.9000000000000004,84.97307586669922,0.9000000000000004,98.00602722167967
0.91,99.9049072265625,0.91,103.830810546875,0.91,95.179931640625,0.91,84.9756088256836,0.91,98.0099868774414
0.92,99.9009017944336,0.92,103.82959747314452,0.92,95.15657806396484,0.92,84.98030090332031,0.92,98.01359558105467
0.9299999999999996,99.89924621582033,0.9299999999999996,103.82611083984376,0.9299999999999996,95.1273422241211,0.9299999999999996,84.98461151123047,0.9299999999999996,98.01718139648438
0.9399999999999996,99.8970184326172,0.9400000000000012,103.82234191894533,0.9400000000000012,95.10735321044922,0.9399999999999996,84.98844909667969,0.9399999999999996,98.02047729492188
0.9499999999999992,99.89559173583984,0.9500000000000012,103.81895446777344,0.9500000000000012,95.09300231933594,0.9500000000000012,84.99324035644531,0.9499999999999992,98.02172088623048
0.9599999999999992,99.8938980102539,0.9600000000000009,103.8146743774414,0.9600000000000009,95.07828521728516,0.9600000000000009,84.998291015625,0.9599999999999992,98.02313995361328
0.9699999999999988,99.89167022705078,0.9700000000000006,103.80931091308594,0.9700000000000006,95.06124877929688,0.9700000000000006,85.00151824951172,0.9700000000000006,98.02398681640624
0.9800000000000004,99.88868713378906,0.9800000000000004,103.8043212890625,0.9800000000000004,95.0448226928711,0.9800000000000004,85.00555419921875,0.9800000000000004,98.02506256103516
0.9900000000000002,99.88316345214844,0.9900000000000002,103.80120849609376,0.9900000000000002,95.03002166748048,0.9900000000000002,85.00967407226562,0.9900000000000002,98.02800750732422
1.0,99.87713623046876,1.0,103.79873657226562,1.0,95.01042938232422,1.0,85.01358032226562,1.0,98.02961730957033
1.0099999999999998,99.87133026123048,1.0099999999999998,103.79620361328124,1.0099999999999998,94.9833984375,1.0099999999999998,85.01912689208984,1.0099999999999998,98.033203125
1.0199999999999996,99.86465454101562,1.0199999999999996,103.79619598388672,1.0199999999999996,94.95142364501952,1.0199999999999996,85.02487182617188,1.0199999999999996,98.0370101928711
1.0299999999999994,99.8576202392578,1.0300000000000011,103.79460144042967,1.0300000000000011,94.92262268066406,1.0300000000000011,85.03147888183594,1.0299999999999994,98.03964233398438
1.0399999999999991,99.8501205444336,1.040000000000001,103.79314422607422,1.040000000000001,94.90099334716795,1.040000000000001,85.03718566894531,1.0399999999999991,98.03992462158205
1.049999999999999,99.84300231933594,1.0500000000000007,103.79165649414062,1.0500000000000007,94.87931060791016,1.0500000000000007,85.04261779785156,1.0500000000000007,98.04025268554688
1.0600000000000005,99.83582305908205,1.0600000000000005,103.78888702392578,1.0600000000000005,94.84976196289062,1.0600000000000005,85.047607421875,1.0600000000000005,98.04071807861328
1.0700000000000005,99.82911682128906,1.0700000000000005,103.78695678710938,1.0700000000000005,94.82275390625,1.0700000000000005,85.05081176757812,1.0700000000000005,98.04017639160156
1.08,99.82378387451172,1.08,103.7855987548828,1.08,94.79843139648438,1.08,85.05509185791016,1.08,98.0381851196289
1.09,99.81910705566406,1.09,103.78257751464844,1.09,94.77035522460938,1.09,85.05812072753906,1.09,98.03491973876952
1.0999999999999996,99.81487274169922,1.0999999999999996,103.77986907958984,1.0999999999999996,94.74512481689452,1.0999999999999996,85.06118774414062,1.0999999999999996,98.03264617919922
1.1099999999999994,99.81147003173828,1.1100000000000012,103.77848815917967,1.1100000000000012,94.72293853759766,1.1100000000000012,85.06464385986328,1.1099999999999994,98.0289535522461
1.1199999999999992,99.80773162841795,1.120000000000001,103.77601623535156,1.120000000000001,94.70111083984376,1.120000000000001,85.06696319580078,1.1199999999999992,98.02776336669922
1.129999999999999,99.8031234741211,1.1300000000000008,103.77399444580078,1.1300000000000008,94.69538116455078,1.1300000000000008,85.07071685791016,1.129999999999999,98.02596282958984
1.1399999999999988,99.79866790771484,1.1400000000000006,103.77175903320312,1.1400000000000006,94.69063568115234,1.1400000000000006,85.07267761230469,1.1400000000000006,98.02639770507812
1.1500000000000004,99.7930145263672,1.1500000000000004,103.76985931396484,1.1500000000000004,94.68155670166016,1.1500000000000004,85.07352447509766,1.1500000000000004,98.02916717529295
1.16,99.78855895996094,1.16,103.76803588867188,1.16,94.6741180419922,1.16,85.07432556152344,1.16,98.0328598022461
1.17,99.7835693359375,1.17,103.765869140625,1.17,94.67007446289062,1.17,85.0755615234375,1.17,98.0364990234375
1.1799999999999995,99.77603149414062,1.1799999999999995,103.7642593383789,1.1799999999999995,94.66343688964844,1.1799999999999995,85.07569885253906,1.1799999999999995,98.03973388671876
1.1899999999999995,99.76644897460938,1.1900000000000013,103.76319122314452,1.1900000000000013,94.66079711914062,1.1899999999999995,85.07621765136719,1.1899999999999995,98.04193878173828
1.1999999999999993,99.7596206665039,1.200000000000001,103.76123809814452,1.200000000000001,94.65735626220705,1.200000000000001,85.07554626464844,1.1999999999999993,98.0424346923828
1.209999999999999,99.7522430419922,1.2100000000000009,103.7602767944336,1.2100000000000009,94.65386199951172,1.2100000000000009,85.07643127441406,1.209999999999999,98.04368591308594
1.2199999999999989,99.74605560302734,1.2200000000000006,103.75843811035156,1.2200000000000006,94.64818572998048,1.2200000000000006,85.07505798339844,1.2200000000000006,98.04721069335938
1.2300000000000004,99.74073028564452,1.2300000000000004,103.7568817138672,1.2300000000000004,94.64503479003906,1.2300000000000004,85.076416015625,1.2300000000000004,98.05018615722656
1.2400000000000002,99.73660278320312,1.2400000000000002,103.7574691772461,1.2400000000000002,94.64778137207033,1.2400000000000002,85.07605743408203,1.2400000000000002,98.05467224121094
1.25,99.73448944091795,1.25,103.75875854492188,1.25,94.6486358642578,1.25,85.0733413696289,1.25,98.0574722290039
1.2599999999999998,99.73531341552734,1.2599999999999998,103.75782012939452,1.2599999999999998,94.65267944335938,1.2599999999999998,85.07206726074219,1.2599999999999998,98.06069946289062
1.2699999999999996,99.73626708984376,1.2699999999999996,103.7573699951172,1.2699999999999996,94.65650939941406,1.2699999999999996,85.07025146484375,1.2699999999999996,98.06375122070312
1.2799999999999994,99.74193572998048,1.2800000000000011,103.75758361816406,1.2800000000000011,94.65660858154295,1.2800000000000011,85.06803894042969,1.2799999999999994,98.068115234375
1.2899999999999991,99.74471282958984,1.290000000000001,103.75643920898438,1.290000000000001,94.65702056884766,1.290000000000001,85.06687927246094,1.2899999999999991,98.07159423828124
1.299999999999999,99.7503890991211,1.3000000000000007,103.75305938720705,1.3000000000000007,94.65834045410156,1.3000000000000007,85.06586456298828,1.3000000000000007,98.07486724853516
1.3100000000000005,99.75016021728516,1.3100000000000005,103.75049591064452,1.3100000000000005,94.6568603515625,1.3100000000000005,85.06380462646484,1.3100000000000005,98.07687377929688
1.3200000000000005,99.75149536132812,1.3200000000000005,103.74847412109376,1.3200000000000005,94.65848541259766,1.3200000000000005,85.06170654296875,1.3200000000000005,98.08006286621094
1.33,99.75299072265624,1.33,103.74954223632812,1.33,94.6626968383789,1.33,85.06193542480469,1.33,98.08086395263672
1.34,99.7558822631836,1.34,103.74935913085938,1.34,94.669677734375,1.34,85.06037902832031,1.34,98.08158111572266
1.3499999999999996,99.76238250732422,1.3499999999999996,103.75325775146484,1.3499999999999996,94.67173767089844,1.3499999999999996,85.06061553955078,1.3499999999999996,98.08621215820312
1.3599999999999994,99.76211547851562,1.3600000000000012,103.75479125976562,1.3600000000000012,94.67298889160156,1.3600000000000012,85.06108093261719,1.3599999999999994,98.09249877929688
1.3699999999999992,99.7594985961914,1.370000000000001,103.75680541992188,1.370000000000001,94.6788330078125,1.370000000000001,85.0605697631836,1.3699999999999992,98.09786224365234
1.379999999999999,99.75580596923828,1.3800000000000008,103.75916290283205,1.3800000000000008,94.6820831298828,1.3800000000000008,85.05975341796875,1.379999999999999,98.10194396972656
1.3899999999999988,99.75335693359376,1.3900000000000006,103.7630844116211,1.3900000000000006,94.68614196777344,1.3900000000000006,85.05792999267578,1.3900000000000006,98.10501098632812
1.4000000000000004,99.7502670288086,1.4000000000000004,103.76372528076172,1.4000000000000004,94.68531799316406,1.4000000000000004,85.0554428100586,1.4000000000000004,98.1037368774414
1.41,99.74928283691406,1.41,103.7650909423828,1.41,94.68737030029295,1.41,85.05318450927734,1.41,98.10179901123048
1.42,99.749755859375,1.42,103.7669906616211,1.42,94.6962661743164,1.42,85.05094146728516,1.42,98.10144805908205
1.4299999999999995,99.75057983398438,1.4299999999999995,103.76774597167967,1.4299999999999995,94.7030029296875,1.4299999999999995,85.04733276367188,1.4299999999999995,98.1012725830078
1.4399999999999995,99.75092315673828,1.4400000000000013,103.7686767578125,1.4400000000000013,94.71005249023438,1.4399999999999995,85.04344940185547,1.4399999999999995,98.10006713867188
1.4499999999999993,99.751953125,1.450000000000001,103.77220916748048,1.450000000000001,94.72386932373048,1.450000000000001,85.0407485961914,1.4499999999999993,98.10474395751952
1.459999999999999,99.751953125,1.4600000000000009,103.77336883544922,1.4600000000000009,94.73619842529295,1.4600000000000009,85.03905487060547,1.459999999999999,98.11128997802734
1.4699999999999989,99.75062561035156,1.4700000000000006,103.77429962158205,1.4700000000000006,94.74163818359376,1.4700000000000006,85.03739166259766,1.4700000000000006,98.11827850341795
1.4800000000000004,99.74836730957033,1.4800000000000004,103.77587127685548,1.4800000000000004,94.74937438964844,1.4800000000000004,85.03453063964844,1.4800000000000004,98.12381744384766
1.4900000000000002,99.74539947509766,1.4900000000000002,103.77716064453124,1.4900000000000002,94.7583236694336,1.4900000000000002,85.03070831298828,1.4900000000000002,98.13043212890624
1.5,99.7451171875,1.5,103.7778549194336,1.5,94.7651824951172,1.5,85.02783966064453,1.5,98.13582611083984
1.5099999999999998,99.74739074707033,1.5099999999999998,103.77788543701172,1.5099999999999998,94.76874542236328,1.5099999999999998,85.02518463134766,1.5099999999999998,98.13728332519533
1.5199999999999996,99.75048828125,1.5199999999999996,103.77761840820312,1.5199999999999996,94.76696014404295,1.5199999999999996,85.02267456054688,1.5199999999999996,98.13900756835938
1.5299999999999994,99.75287628173828,1.5300000000000011,103.77777862548828,1.5300000000000011,94.76172637939452,1.5300000000000011,85.01890563964844,1.5299999999999994,98.14231872558594
1.5399999999999991,99.75545501708984,1.540000000000001,103.7778549194336,1.540000000000001,94.76579284667967,1.540000000000001,85.01792907714844,1.5399999999999991,98.14539337158205
1.549999999999999,99.76077270507812,1.5500000000000007,103.7757797241211,1.5500000000000007,94.77020263671876,1.5500000000000007,85.01846313476562,1.5500000000000007,98.15065002441406
1.5600000000000005,99.76397705078124,1.5600000000000005,103.7742691040039,1.5600000000000005,94.76922607421876,1.5600000000000005,85.01958465576172,1.5600000000000005,98.15544891357422
1.5700000000000005,99.76698303222656,1.5700000000000005,103.77368927001952,1.5700000000000005,94.76858520507812,1.5700000000000005,85.01966857910156,1.5700000000000005,98.16018676757812
1.58,99.76805877685548,1.58,103.77117156982422,1.58,94.77503204345705,1.58,85.01861572265625,1.58,98.16564178466795
1.59,99.76471710205078,1.59,103.7724609375,1.59,94.7794189453125,1.59,85.01817321777344,1.59,98.16899871826172
1.5999999999999996,99.7652816772461,1.5999999999999996,103.77338409423828,1.5999999999999996,94.78150177001952,1.5999999999999996,85.01646423339844,1.5999999999999996,98.17196655273438
1.6099999999999994,99.76705169677734,1.6100000000000012,103.77645111083984,1.6100000000000012,94.7801513671875,1.6100000000000012,85.01583099365234,1.6099999999999994,98.1749267578125
1.6199999999999992,99.7710952758789,1.620000000000001,103.77947998046876,1.620000000000001,94.77406311035156,1.620000000000001,85.01475524902344,1.6199999999999992,98.17852783203124
1.629999999999999,99.7772216796875,1.6300000000000008,103.7799072265625,1.6300000000000008,94.7659912109375,1.6300000000000008,85.01408386230469,1.629999999999999,98.1823272705078
1.6399999999999988,99.77532958984376,1.6400000000000006,103.78140258789062,1.6400000000000006,94.76081085205078,1.6400000000000006,85.0154800415039,1.6400000000000006,98.18619537353516
1.6500000000000004,99.77324676513672,1.6500000000000004,103.78247833251952,1.6500000000000004,94.7605438232422,1.6500000000000004,85.01811981201172,1.6500000000000004,98.1914520263672
1.66,99.77227783203124,1.66,103.78546905517578,1.66,94.75691986083984,1.66,85.0215835571289,1.66,98.19718170166016
1.67,99.77604675292967,1.67,103.78829193115234,1.67,94.75491333007812,1.67,85.02303314208984,1.67,98.20240783691406
1.6799999999999995,99.77734375,1.6799999999999995,103.79141998291016,1.6799999999999995,94.75470733642578,1.6799999999999995,85.02406311035156,1.6799999999999995,98.20472717285156
1.6899999999999995,99.78214263916016,1.6900000000000013,103.79217529296876,1.6900000000000013,94.75137329101562,1.6899999999999995,85.02741241455078,1.6899999999999995,98.2064437866211
1.6999999999999993,99.78590393066406,1.700000000000001,103.79320526123048,1.700000000000001,94.74053955078124,1.700000000000001,85.03009033203125,1.6999999999999993,98.2094955444336
1.709999999999999,99.78539276123048,1.7100000000000009,103.79558563232422,1.7100000000000009,94.72428131103516,1.7100000000000009,85.03247833251953,1.709999999999999,98.21060180664062
1.7199999999999989,99.78351593017578,1.7200000000000006,103.79642486572266,1.7200000000000006,94.70671081542967,1.7200000000000006,85.03421020507812,1.7200000000000006,98.21159362792967
1.7300000000000004,99.7802505493164,1.7300000000000004,103.79668426513672,1.7300000000000004,94.69550323486328,1.7300000000000004,85.03746032714844,1.7300000000000004,98.20987701416016
1.7400000000000002,99.77696990966795,1.7400000000000002,103.796875,1.7400000000000002,94.68668365478516,1.7400000000000002,85.04025268554688,1.7400000000000002,98.2120590209961
1.75,99.77281188964844,1.75,103.79574584960938,1.75,94.68115997314452,1.75,85.0423355102539,1.75,98.20965576171876
1.7599999999999998,99.766357421875,1.7599999999999998,103.79483032226562,1.7599999999999998,94.67676544189452,1.7599999999999998,85.04318237304688,1.7599999999999998,98.20101928710938
1.7699999999999996,99.76010131835938,1.7699999999999996,103.79501342773438,1.7699999999999996,94.67205047607422,1.7699999999999996,85.04515075683594,1.7699999999999996,98.2005615234375
1.7799999999999994,99.75558471679688,1.7800000000000011,103.79698944091795,1.7800000000000011,94.66360473632812,1.7800000000000011,85.04740905761719,1.7799999999999994,98.20001220703124
1.7899999999999991,99.75282287597656,1.790000000000001,103.7971420288086,1.790000000000001,94.65044403076172,1.790000000000001,85.04855346679688,1.7899999999999991,98.20137786865234
1.799999999999999,99.75106048583984,1.8000000000000007,103.79911041259766,1.8000000000000007,94.62995910644533,1.8000000000000007,85.05158233642578,1.8000000000000007,98.20475769042967
1.8100000000000005,99.74896240234376,1.8100000000000005,103.8001708984375,1.8100000000000005,94.61246490478516,1.8100000000000005,85.05514526367188,1.8100000000000005,98.2075653076172
1.8200000000000005,99.7480010986328,1.8200000000000005,103.8005142211914,1.8200000000000005,94.59298706054688,1.8200000000000005,85.05944061279297,1.8200000000000005,98.20845794677734
1.83,99.74862670898438,1.83,103.80242156982422,1.83,94.57283020019533,1.83,85.0632095336914,1.83,98.20875549316406
1.84,99.74625396728516,1.84,103.80181121826172,1.84,94.5611572265625,1.84,85.0647201538086,1.84,98.20935821533205
1.85,99.7410888671875,1.85,103.7999267578125,1.85,94.55681610107422,1.85,85.06616973876953,1.85,98.20873260498048
1.86,99.73674011230467,1.8600000000000008,103.8017578125,1.8600000000000008,94.5539779663086,1.8600000000000008,85.067138671875,1.86,98.21038055419922
1.8699999999999992,99.73198699951172,1.870000000000001,103.80136108398438,1.870000000000001,94.54859924316406,1.870000000000001,85.06737518310547,1.8699999999999992,98.20957946777344
1.879999999999999,99.7284164428711,1.8800000000000008,103.80075073242188,1.8800000000000008,94.54112243652344,1.8800000000000008,85.06840515136719,1.879999999999999,98.2107925415039
1.8899999999999988,99.7261199951172,1.8900000000000008,103.80099487304688,1.8900000000000008,94.53514099121094,1.8900000000000008,85.06919860839844,1.8900000000000008,98.21112823486328
1.9000000000000004,99.7232894897461,1.9000000000000004,103.79910278320312,1.9000000000000004,94.5248031616211,1.9000000000000004,85.07106018066406,1.9000000000000004,98.2105484008789
1.91,99.71734619140624,1.91,103.79759979248048,1.91,94.51206970214844,1.91,85.07376861572266,1.91,98.2119140625
1.92,99.7099380493164,1.92,103.79529571533205,1.92,94.50296020507812,1.92,85.0744857788086,1.92,98.21480560302734
1.93,99.70565795898438,1.93,103.79373931884766,1.93,94.5009307861328,1.93,85.07406616210938,1.93,98.21778869628906
1.9399999999999995,99.69699096679688,1.9400000000000013,103.79369354248048,1.9400000000000013,94.5020523071289,1.9399999999999995,85.07185363769531,1.9399999999999995,98.21858215332033
1.9499999999999995,99.68819427490234,1.950000000000001,103.79253387451172,1.950000000000001,94.49823760986328,1.950000000000001,85.06871032714844,1.9499999999999995,98.22113037109376
1.959999999999999,99.68370819091795,1.9600000000000009,103.79293823242188,1.9600000000000009,94.49024200439452,1.9600000000000009,85.0654525756836,1.959999999999999,98.2227783203125
1.9699999999999989,99.68116760253906,1.9700000000000009,103.79339599609376,1.9700000000000009,94.48223876953124,1.9700000000000009,85.0618667602539,1.9700000000000009,98.22486877441406
1.9800000000000004,99.67771911621094,1.9800000000000004,103.79353332519533,1.9800000000000004,94.47440338134766,1.9800000000000004,85.05831909179688,1.9800000000000004,98.22161865234376
1.99,99.67350769042967,1.99,103.79192352294922,1.99,94.4709014892578,1.99,85.05603790283203,1.99,98.22098541259766
2.0,99.67162322998048,2.0,103.79180908203124,2.0,94.46814727783205,2.0,85.05512237548828,2.0,98.22296142578124
2.01,99.67354583740234,2.01,103.78955841064452,2.01,94.470703125,2.01,85.05368041992188,2.01,98.2243194580078
2.02,99.67405700683594,2.02,103.78599548339844,2.02,94.47579193115234,2.02,85.0537338256836,2.02,98.22737884521484
2.03,99.67345428466795,2.030000000000001,103.7834930419922,2.030000000000001,94.47908782958984,2.030000000000001,85.05475616455078,2.03,98.2289581298828
2.039999999999999,99.67200469970705,2.040000000000001,103.78308868408205,2.040000000000001,94.48238372802734,2.040000000000001,85.0538558959961,2.039999999999999,98.2318344116211
2.049999999999999,99.66915130615234,2.0500000000000007,103.7835693359375,2.0500000000000007,94.48580932617188,2.0500000000000007,85.05192565917969,2.0500000000000007,98.23606872558594
2.0600000000000005,99.66600799560548,2.0600000000000005,103.78321838378906,2.0600000000000005,94.48866271972656,2.0600000000000005,85.05015563964844,2.0600000000000005,98.23971557617188
2.0700000000000003,99.6623077392578,2.0700000000000003,103.78234100341795,2.0700000000000003,94.48657989501952,2.0700000000000003,85.04859161376953,2.0700000000000003,98.24436950683594
2.08,99.65728759765624,2.08,103.7808837890625,2.08,94.48265075683594,2.08,85.0474853515625,2.08,98.2492446899414
2.09,99.65384674072266,2.09,103.77967834472656,2.09,94.47805786132812,2.09,85.046630859375,2.09,98.25355529785156
2.1,99.65144348144533,2.1,103.7837142944336,2.1,94.47126007080078,2.1,85.04593658447266,2.1,98.25829315185548
2.1099999999999994,99.6531753540039,2.110000000000001,103.78987884521484,2.110000000000001,94.4675750732422,2.110000000000001,85.04470825195312,2.1099999999999994,98.26181030273438
2.119999999999999,99.65638732910156,2.120000000000001,103.7931137084961,2.120000000000001,94.46587371826172,2.120000000000001,85.04183959960938,2.119999999999999,98.26500701904295
2.129999999999999,99.65765380859376,2.130000000000001,103.79468536376952,2.130000000000001,94.46644592285156,2.130000000000001,85.04039764404297,2.129999999999999,98.26921081542967
2.140000000000001,99.65606689453124,2.140000000000001,103.79444122314452,2.140000000000001,94.46967315673828,2.140000000000001,85.03998565673828,2.140000000000001,98.2727279663086
2.1500000000000004,99.6547393798828,2.1500000000000004,103.79450988769533,2.1500000000000004,94.46707916259766,2.1500000000000004,85.03771209716797,2.1500000000000004,98.2755126953125
2.16,99.65121459960938,2.16,103.79442596435548,2.16,94.46163940429688,2.16,85.0357437133789,2.16,98.27698516845705
2.17,99.6474151611328,2.17,103.79557800292967,2.17,94.46067810058594,2.17,85.03327178955078,2.17,98.27529907226562
2.18,99.64579010009766,2.18,103.79610443115234,2.18,94.46009826660156,2.18,85.03131866455078,2.18,98.27557373046876
2.1899999999999995,99.64466094970705,2.1900000000000013,103.79635620117188,2.1900000000000013,94.45369720458984,2.1899999999999995,85.03117370605469,2.1899999999999995,98.28070831298828
2.2,99.64444732666016,2.200000000000001,103.79753875732422,2.200000000000001,94.4524917602539,2.200000000000001,85.03055572509766,2.2,98.28431701660156
2.209999999999999,99.6438217163086,2.210000000000001,103.7996597290039,2.210000000000001,94.4568328857422,2.210000000000001,85.03133392333984,2.209999999999999,98.28832244873048
2.219999999999999,99.64906311035156,2.2200000000000006,103.7991714477539,2.2200000000000006,94.46124267578124,2.2200000000000006,85.03236389160156,2.2200000000000006,98.2938461303711
2.2300000000000004,99.65335083007812,2.2300000000000004,103.79869842529295,2.2300000000000004,94.46240234375,2.2300000000000004,85.03311157226562,2.2300000000000004,98.29708099365234
2.24,99.6587142944336,2.24,103.79615020751952,2.24,94.46277618408205,2.24,85.03418731689453,2.24,98.29845428466795
2.25,99.66102600097656,2.25,103.79541778564452,2.25,94.4590072631836,2.25,85.03325653076172,2.25,98.30184936523438
2.26,99.66183471679688,2.26,103.79425811767578,2.26,94.45320892333984,2.26,85.03231811523438,2.26,98.30282592773438
2.27,99.66316223144533,2.2700000000000014,103.79295349121094,2.2700000000000014,94.44416809082033,2.27,85.03314971923828,2.27,98.3043975830078
2.28,99.6615982055664,2.280000000000001,103.79225158691406,2.280000000000001,94.43560028076172,2.280000000000001,85.03338623046875,2.28,98.30281066894533
2.289999999999999,99.6597671508789,2.290000000000001,103.79361724853516,2.290000000000001,94.42967224121094,2.290000000000001,85.03266906738281,2.289999999999999,98.3010711669922
2.299999999999999,99.6574935913086,2.3000000000000007,103.79434204101562,2.3000000000000007,94.42445373535156,2.3000000000000007,85.03319549560547,2.3000000000000007,98.2986297607422
2.3100000000000005,99.65583038330078,2.3100000000000005,103.79532623291016,2.3100000000000005,94.42093658447266,2.3100000000000005,85.03536987304688,2.3100000000000005,98.29600524902344
2.3200000000000003,99.65404510498048,2.3200000000000003,103.79861450195312,2.3200000000000003,94.42620086669922,2.3200000000000003,85.03723907470703,2.3200000000000003,98.29498291015624
2.33,99.6535415649414,2.33,103.8012466430664,2.33,94.43380737304688,2.33,85.03942108154297,2.33,98.2939682006836
2.34,99.65225219726562,2.34,103.80314636230467,2.34,94.43536376953124,2.34,85.04103088378906,2.34,98.29485321044922
2.35,99.6496353149414,2.35,103.8057632446289,2.35,94.43730926513672,2.35,85.04292297363281,2.35,98.29795837402344
2.3599999999999994,99.64678192138672,2.360000000000001,103.80643463134766,2.360000000000001,94.44281005859376,2.360000000000001,85.04251098632812,2.3599999999999994,98.30103302001952
2.369999999999999,99.64373016357422,2.370000000000001,103.80703735351562,2.370000000000001,94.4464340209961,2.370000000000001,85.04154968261719,2.369999999999999,98.30350494384766
2.379999999999999,99.6384506225586,2.380000000000001,103.80915832519533,2.380000000000001,94.4468231201172,2.380000000000001,85.03897094726562,2.379999999999999,98.30487823486328
2.390000000000001,99.63532257080078,2.390000000000001,103.80951690673828,2.390000000000001,94.44625091552734,2.390000000000001,85.03797149658203,2.390000000000001,98.30418395996094
2.4000000000000004,99.6328353881836,2.4000000000000004,103.81037902832033,2.4000000000000004,94.44099426269533,2.4000000000000004,85.03677368164062,2.4000000000000004,98.30379486083984
2.41,99.62876892089844,2.41,103.81036376953124,2.41,94.43742370605467,2.41,85.03571319580078,2.41,98.3018798828125
2.42,99.62615203857422,2.42,103.80865478515624,2.42,94.43976593017578,2.42,85.03266906738281,2.42,98.29859161376952
2.43,99.62541961669922,2.43,103.80866241455078,2.43,94.4474639892578,2.43,85.03434753417969,2.43,98.29994201660156
2.4399999999999995,99.62598419189452,2.4400000000000013,103.80802917480467,2.4400000000000013,94.45404815673828,2.4400000000000013,85.03575134277344,2.4399999999999995,98.30231475830078
2.45,99.63096618652344,2.450000000000001,103.80699920654295,2.450000000000001,94.4598617553711,2.450000000000001,85.036865234375,2.45,98.3043212890625
2.459999999999999,99.63985443115234,2.460000000000001,103.8062744140625,2.460000000000001,94.46730041503906,2.460000000000001,85.03837585449219,2.459999999999999,98.30738067626952
2.469999999999999,99.6427001953125,2.4700000000000006,103.80632019042967,2.4700000000000006,94.4738998413086,2.4700000000000006,85.03963470458984,2.4700000000000006,98.31242370605467
2.4800000000000004,99.64376068115234,2.4800000000000004,103.80360412597656,2.4800000000000004,94.47296905517578,2.4800000000000004,85.04084014892578,2.4800000000000004,98.31541442871094
2.49,99.64371490478516,2.49,103.80400848388672,2.49,94.47242736816406,2.49,85.04227447509766,2.49,98.32000732421876
2.5,99.64273834228516,2.5,103.80431365966795,2.5,94.4689712524414,2.5,85.04349517822266,2.5,98.32069396972656
2.51,99.6421890258789,2.51,103.80455017089844,2.51,94.4633560180664,2.51,85.04508209228516,2.51,98.32066345214844
2.52,99.63985443115234,2.5200000000000014,103.80460357666016,2.5200000000000014,94.46055603027344,2.52,85.04664611816406,2.52,98.3199234008789
2.53,99.63892364501952,2.530000000000001,103.80613708496094,2.530000000000001,94.4613037109375,2.530000000000001,85.048583984375,2.53,98.31901550292967
2.539999999999999,99.63742065429688,2.540000000000001,103.80705261230467,2.540000000000001,94.4580307006836,2.540000000000001,85.04912567138672,2.539999999999999,98.31925201416016
2.549999999999999,99.6355209350586,2.5500000000000007,103.8133544921875,2.5500000000000007,94.46022033691406,2.5500000000000007,85.05097961425781,2.5500000000000007,98.31996154785156
2.5600000000000005,99.63140106201172,2.5600000000000005,103.81480407714844,2.5600000000000005,94.4696273803711,2.5600000000000005,85.05332946777344,2.5600000000000005,98.31886291503906
2.5700000000000003,99.62987518310548,2.5700000000000003,103.81536865234376,2.5700000000000003,94.48078918457033,2.5700000000000003,85.05428314208984,2.5700000000000003,98.31795501708984
2.58,99.62657928466795,2.58,103.81460571289062,2.58,94.48236083984376,2.58,85.05528259277344,2.58,98.31378936767578
2.59,99.62293243408205,2.59,103.81407165527344,2.59,94.47699737548828,2.59,85.05570983886719,2.59,98.31443786621094
2.6,99.61922454833984,2.6,103.81233215332033,2.6,94.47247314453124,2.6,85.05448150634766,2.6,98.31355285644533
2.6099999999999994,99.61609649658205,2.610000000000001,103.81102752685548,2.610000000000001,94.4644775390625,2.610000000000001,85.05318450927734,2.6099999999999994,98.31422424316406
2.619999999999999,99.61474609375,2.620000000000001,103.8091049194336,2.620000000000001,94.45947265625,2.620000000000001,85.0512924194336,2.619999999999999,98.31622314453124
2.629999999999999,99.61380767822266,2.630000000000001,103.80670166015624,2.630000000000001,94.45637512207033,2.630000000000001,85.05008697509766,2.630000000000001,98.31819152832033
2.640000000000001,99.61363983154295,2.640000000000001,103.8051300048828,2.640000000000001,94.44863891601562,2.640000000000001,85.04905700683594,2.640000000000001,98.31770324707033
2.6500000000000004,99.61529541015624,2.6500000000000004,103.802490234375,2.6500000000000004,94.4451904296875,2.6500000000000004,85.04722595214844,2.6500000000000004,98.31925964355467
2.66,99.61924743652344,2.66,103.80192565917967,2.66,94.45178985595705,2.66,85.04886627197266,2.66,98.32662963867188
2.67,99.62899017333984,2.67,103.80029296875,2.67,94.45372772216795,2.67,85.05217742919922,2.67,98.3337173461914
2.68,99.63097381591795,2.68,103.79820251464844,2.68,94.45476531982422,2.68,85.05231475830078,2.68,98.33956909179688
2.6899999999999995,99.62921142578124,2.6900000000000013,103.79764556884766,2.6900000000000013,94.45759582519533,2.6900000000000013,85.05423736572266,2.6899999999999995,98.344482421875
2.7,99.62310791015624,2.700000000000001,103.79817962646484,2.700000000000001,94.4668960571289,2.700000000000001,85.05510711669922,2.7,98.3474349975586
2.709999999999999,99.6155242919922,2.710000000000001,103.79788208007812,2.710000000000001,94.47174835205078,2.710000000000001,85.05529022216797,2.709999999999999,98.34954833984376
2.719999999999999,99.6071548461914,2.7200000000000006,103.79826354980467,2.7200000000000006,94.47315979003906,2.7200000000000006,85.05596923828125,2.7200000000000006,98.35283660888672
2.7300000000000004,99.60054779052734,2.7300000000000004,103.79908752441406,2.7300000000000004,94.4691162109375,2.7300000000000004,85.05524444580078,2.7300000000000004,98.35681915283205
2.74,99.59622955322266,2.74,103.79932403564452,2.74,94.46491241455078,2.74,85.05558776855469,2.74,98.35974884033205
2.75,99.59413146972656,2.75,103.80060577392578,2.75,94.45999908447266,2.75,85.05609893798828,2.75,98.362548828125
2.76,99.59183502197266,2.76,103.80004119873048,2.76,94.44970703125,2.76,85.05766296386719,2.76,98.36636352539062
2.77,99.5921401977539,2.7700000000000014,103.79901885986328,2.7700000000000014,94.4382781982422,2.77,85.05840301513672,2.77,98.370361328125
2.78,99.59365844726562,2.780000000000001,103.7913818359375,2.780000000000001,94.42877197265624,2.780000000000001,85.0599365234375,2.78,98.3741683959961
2.789999999999999,99.5949478149414,2.790000000000001,103.77558135986328,2.790000000000001,94.42420196533205,2.790000000000001,85.05992889404297,2.789999999999999,98.38048553466795
2.799999999999999,99.59449005126952,2.8000000000000007,103.77188110351562,2.8000000000000007,94.41616821289062,2.8000000000000007,85.0606689453125,2.8000000000000007,98.38896942138672
2.8100000000000005,99.5931396484375,2.8100000000000005,103.76920318603516,2.8100000000000005,94.41020965576172,2.8100000000000005,85.06163787841797,2.8100000000000005,98.39611053466795
2.8200000000000003,99.58879089355467,2.8200000000000003,103.76895904541016,2.8200000000000003,94.40369415283205,2.8200000000000003,85.0630111694336,2.8200000000000003,98.4040069580078
2.83,99.58293151855467,2.83,103.76830291748048,2.83,94.4035873413086,2.83,85.06270599365234,2.83,98.40776824951172
2.84,99.57682037353516,2.84,103.76930236816406,2.84,94.3972625732422,2.84,85.06362915039062,2.84,98.41077423095705
2.85,99.57508850097656,2.85,103.76981353759766,2.85,94.38451385498048,2.85,85.06419372558594,2.85,98.4098892211914
2.8599999999999994,99.57707977294922,2.860000000000001,103.76947784423828,2.860000000000001,94.37469482421876,2.860000000000001,85.06484985351562,2.8599999999999994,98.41300201416016
2.869999999999999,99.57778930664062,2.870000000000001,103.76847076416016,2.870000000000001,94.3726806640625,2.870000000000001,85.06584930419922,2.869999999999999,98.41576385498048
2.879999999999999,99.5798797607422,2.880000000000001,103.76667022705078,2.880000000000001,94.36717987060548,2.880000000000001,85.0677490234375,2.880000000000001,98.4197998046875
2.890000000000001,99.5850601196289,2.890000000000001,103.76426696777344,2.890000000000001,94.35529327392578,2.890000000000001,85.0703125,2.890000000000001,98.4237060546875
2.9000000000000004,99.58934783935548,2.9000000000000004,103.7591781616211,2.9000000000000004,94.34159088134766,2.9000000000000004,85.07488250732422,2.9000000000000004,98.42652130126952
2.91,99.59178924560548,2.91,103.7568817138672,2.91,94.328857421875,2.91,85.07857513427734,2.91,98.43053436279295
2.92,99.59210205078124,2.92,103.75619506835938,2.92,94.32052612304688,2.92,85.08167266845703,2.92,98.43189239501952
2.93,99.5900650024414,2.93,103.7567367553711,2.93,94.30924224853516,2.93,85.08353424072266,2.93,98.43335723876952
2.9399999999999995,99.58660125732422,2.9400000000000013,103.75688934326172,2.9400000000000013,94.30022430419922,2.9400000000000013,85.0852279663086,2.9399999999999995,98.4360122680664
2.95,99.58216094970705,2.950000000000001,103.75763702392578,2.950000000000001,94.2922592163086,2.950000000000001,85.08544921875,2.95,98.43791198730467
2.959999999999999,99.57747650146484,2.960000000000001,103.7577667236328,2.960000000000001,94.28069305419922,2.960000000000001,85.0863037109375,2.959999999999999,98.4386978149414
2.969999999999999,99.57259368896484,2.9700000000000006,103.75717163085938,2.9700000000000006,94.27202606201172,2.9700000000000006,85.08589935302734,2.9700000000000006,98.43962097167967
2.9800000000000004,99.5672607421875,2.9800000000000004,103.7576675415039,2.9800000000000004,94.26900482177734,2.9800000000000004,85.08861541748047,2.9800000000000004,98.44285583496094
2.99,99.55836486816406,2.99,103.75910186767578,2.99,94.25566864013672,2.99,85.09191131591797,2.99,98.44652557373048
3.0,99.55057525634766,3.0,103.75967407226562,3.0,94.23966217041016,3.0,85.09342193603516,3.0,98.4475326538086
3.01,99.5468292236328,3.01,103.7602310180664,3.01,94.23001098632812,3.01,85.0942611694336,3.01,98.44818878173828
3.02,99.5439224243164,3.0200000000000014,103.76070404052734,3.0200000000000014,94.21286010742188,3.02,85.09457397460938,3.02,98.4514389038086
3.03,99.53756713867188,3.030000000000001,103.75922393798828,3.030000000000001,94.18140411376952,3.030000000000001,85.09375762939453,3.03,98.4538345336914
3.039999999999999,99.5288314819336,3.040000000000001,103.75730895996094,3.040000000000001,94.16683959960938,3.040000000000001,85.09175872802734,3.039999999999999,98.45706939697266
3.049999999999999,99.5220947265625,3.0500000000000007,103.75537872314452,3.0500000000000007,94.16551208496094,3.0500000000000007,85.08779907226562,3.0500000000000007,98.45796966552734
3.0600000000000005,99.5157470703125,3.0600000000000005,103.7543487548828,3.0600000000000005,94.16284942626952,3.0600000000000005,85.0848617553711,3.0600000000000005,98.46058654785156
3.0700000000000003,99.51090240478516,3.0700000000000003,103.75279235839844,3.0700000000000003,94.15780639648438,3.0700000000000003,85.08255767822266,3.0700000000000003,98.46537017822266
3.08,99.50580596923828,3.08,103.75226593017578,3.08,94.15145874023438,3.08,85.0809326171875,3.08,98.470947265625
3.09,99.50493621826172,3.09,103.75103759765624,3.09,94.15267944335938,3.09,85.07809448242188,3.09,98.47594451904295
3.1,99.50601196289062,3.1,103.74815368652344,3.1,94.1637954711914,3.1,85.07836151123047,3.1,98.48075103759766
3.1099999999999994,99.50650787353516,3.110000000000001,103.7464370727539,3.110000000000001,94.17084503173828,3.110000000000001,85.07733917236328,3.1099999999999994,98.48656463623048
3.119999999999999,99.50701141357422,3.120000000000001,103.74508666992188,3.120000000000001,94.17008209228516,3.120000000000001,85.07653045654297,3.119999999999999,98.49361419677734
3.129999999999999,99.51045989990234,3.130000000000001,103.74246215820312,3.130000000000001,94.1736831665039,3.130000000000001,85.0754623413086,3.130000000000001,98.50128936767578
3.140000000000001,99.5113296508789,3.140000000000001,103.74311065673828,3.140000000000001,94.17060089111328,3.140000000000001,85.0741195678711,3.140000000000001,98.50841522216795
3.1500000000000004,99.51068115234376,3.1500000000000004,103.7439956665039,3.1500000000000004,94.17088317871094,3.1500000000000004,85.07231140136719,3.1500000000000004,98.51615142822266
3.16,99.50653076171876,3.16,103.74674224853516,3.16,94.17253112792967,3.16,85.072021484375,3.16,98.52360534667967
3.17,99.5012435913086,3.17,103.74740600585938,3.17,94.17154693603516,3.17,85.07321166992188,3.17,98.52933502197266
3.18,99.49688720703124,3.18,103.74918365478516,3.18,94.17249298095705,3.18,85.0728759765625,3.18,98.5341567993164
3.1899999999999995,99.49588775634766,3.1900000000000013,103.75101470947266,3.1900000000000013,94.17504119873048,3.1900000000000013,85.07099151611328,3.1899999999999995,98.53607177734376
3.2,99.4993896484375,3.200000000000001,103.75279998779295,3.200000000000001,94.17648315429688,3.200000000000001,85.0700454711914,3.2,98.53475189208984
3.209999999999999,99.50079345703124,3.210000000000001,103.75437927246094,3.210000000000001,94.18286895751952,3.210000000000001,85.07148742675781,3.209999999999999,98.53604125976562
3.219999999999999,99.50379943847656,3.2200000000000006,103.75697326660156,3.2200000000000006,94.18704986572266,3.2200000000000006,85.06983947753906,3.2200000000000006,98.53780364990234
3.2300000000000004,99.50601959228516,3.2300000000000004,103.75357055664062,3.2300000000000004,94.18931579589844,3.2300000000000004,85.0694351196289,3.2300000000000004,98.53874969482422
3.24,99.5090789794922,3.24,103.75643157958984,3.24,94.1870346069336,3.24,85.06856536865234,3.24,98.53976440429688
3.25,99.51507568359376,3.25,103.7549285888672,3.25,94.19163513183594,3.25,85.06743621826172,3.25,98.54199981689452
3.26,99.51800537109376,3.26,103.7576675415039,3.26,94.19820404052734,3.26,85.06504821777344,3.26,98.54398345947266
3.27,99.51618194580078,3.2700000000000014,103.75879669189452,3.2700000000000014,94.19535064697266,3.27,85.0616455078125,3.27,98.54596710205078
3.28,99.5091781616211,3.280000000000001,103.76012420654295,3.280000000000001,94.19181060791016,3.280000000000001,85.05809020996094,3.28,98.54729461669922
3.289999999999999,99.5086441040039,3.290000000000001,103.76367950439452,3.290000000000001,94.19631958007812,3.290000000000001,85.05615997314453,3.289999999999999,98.5472640991211
3.299999999999999,99.50728607177734,3.3000000000000007,103.7665557861328,3.3000000000000007,94.1999282836914,3.3000000000000007,85.05479431152344,3.3000000000000007,98.5441665649414
3.3100000000000005,99.50538635253906,3.3100000000000005,103.76763916015624,3.3100000000000005,94.20350646972656,3.3100000000000005,85.05435180664062,3.3100000000000005,98.53971862792967
3.3200000000000003,99.50401306152344,3.3200000000000003,103.77052307128906,3.3200000000000003,94.20645141601562,3.3200000000000003,85.05594635009766,3.3200000000000003,98.53482055664062
3.33,99.5066146850586,3.33,103.77413177490234,3.33,94.20711517333984,3.33,85.05615997314453,3.33,98.53307342529295
3.34,99.5078582763672,3.34,103.77771759033205,3.34,94.20906066894533,3.34,85.05558776855469,3.34,98.53243255615234
3.35,99.50936126708984,3.35,103.77992248535156,3.35,94.2079849243164,3.35,85.05520629882812,3.35,98.52823638916016
3.3599999999999994,99.5081558227539,3.360000000000001,103.7832260131836,3.360000000000001,94.20443725585938,3.360000000000001,85.05485534667969,3.3599999999999994,98.52454376220705
3.369999999999999,99.50833129882812,3.370000000000001,103.78472900390624,3.370000000000001,94.19979858398438,3.370000000000001,85.05424499511719,3.369999999999999,98.51841735839844
3.379999999999999,99.50747680664062,3.380000000000001,103.78691864013672,3.380000000000001,94.19467163085938,3.380000000000001,85.05303192138672,3.380000000000001,98.5146255493164
3.390000000000001,99.50630950927734,3.390000000000001,103.78925323486328,3.390000000000001,94.19957733154295,3.390000000000001,85.05357360839844,3.390000000000001,98.51370239257812
3.4000000000000004,99.50325775146484,3.4000000000000004,103.7917022705078,3.4000000000000004,94.20597076416016,3.4000000000000004,85.0534896850586,3.4000000000000004,98.51255798339844
3.41,99.50003814697266,3.41,103.79338073730467,3.41,94.2064208984375,3.41,85.05318450927734,3.41,98.5087661743164
3.42,99.49890899658205,3.42,103.79764556884766,3.42,94.20791625976562,3.42,85.0516586303711,3.42,98.5056381225586
3.43,99.49998474121094,3.43,103.80298614501952,3.43,94.20931243896484,3.43,85.0506820678711,3.43,98.5033721923828
3.4399999999999995,99.50588989257812,3.4400000000000013,103.80768585205078,3.4400000000000013,94.20795440673828,3.4400000000000013,85.04903411865234,3.4399999999999995,98.50091552734376
3.45,99.51036071777344,3.450000000000001,103.81100463867188,3.450000000000001,94.20771026611328,3.450000000000001,85.05018615722656,3.45,98.4980697631836
3.459999999999999,99.517578125,3.460000000000001,103.81227111816406,3.460000000000001,94.20401000976562,3.460000000000001,85.05146026611328,3.459999999999999,98.49600219726562
3.469999999999999,99.52198791503906,3.4700000000000006,103.81427001953124,3.4700000000000006,94.20164489746094,3.4700000000000006,85.0516586303711,3.4700000000000006,98.49622344970705
3.4800000000000004,99.5254364013672,3.4800000000000004,103.81293487548828,3.4800000000000004,94.2042236328125,3.4800000000000004,85.05208587646484,3.4800000000000004,98.49500274658205
3.49,99.52497863769533,3.49,103.81407165527344,3.49,94.20884704589844,3.49,85.0528793334961,3.49,98.49182891845705
3.5,99.52375793457033,3.5,103.81446838378906,3.5,94.21367645263672,3.5,85.05359649658203,3.5,98.48698425292967
3.51,99.5205535888672,3.51,103.81576538085938,3.51,94.21839141845705,3.51,85.05279541015625,3.51,98.48149871826172
3.52,99.5174560546875,3.5200000000000014,103.81820678710938,3.5200000000000014,94.2191390991211,3.52,85.05189514160156,3.52,98.47818756103516
3.53,99.51337432861328,3.530000000000001,103.82142639160156,3.530000000000001,94.21810150146484,3.530000000000001,85.05010223388672,3.53,98.47521209716795
3.539999999999999,99.50837707519533,3.540000000000001,103.82450103759766,3.540000000000001,94.2168197631836,3.540000000000001,85.04994201660156,3.539999999999999,98.47127532958984
3.549999999999999,99.50860595703124,3.5500000000000007,103.82899475097656,3.5500000000000007,94.21135711669922,3.5500000000000007,85.05066680908203,3.5500000000000007,98.46773529052734
3.5600000000000005,99.510009765625,3.5600000000000005,103.83141326904295,3.5600000000000005,94.20217895507812,3.5600000000000005,85.05225372314453,3.5600000000000005,98.46451568603516
3.5700000000000003,99.51239776611328,3.5700000000000003,103.8325424194336,3.5700000000000003,94.2043914794922,3.5700000000000003,85.05265045166016,3.5700000000000003,98.46244049072266
3.58,99.51898956298828,3.58,103.8341827392578,3.58,94.20608520507812,3.58,85.05257415771484,3.58,98.46044158935548
3.59,99.52383422851562,3.59,103.83330535888672,3.59,94.2078094482422,3.59,85.05265808105469,3.59,98.45787048339844
3.6,99.52823638916016,3.6,103.83405303955078,3.6,94.20668029785156,3.6,85.05256652832031,3.6,98.45609283447266
3.61,99.53297424316406,3.610000000000001,103.8356475830078,3.610000000000001,94.20653533935548,3.610000000000001,85.05335998535156,3.61,98.4534683227539
3.619999999999999,99.53541564941406,3.620000000000001,103.838134765625,3.620000000000001,94.20745086669922,3.620000000000001,85.05494689941406,3.619999999999999,98.45101928710938
3.629999999999999,99.53765106201172,3.630000000000001,103.83912658691406,3.630000000000001,94.20726776123048,3.630000000000001,85.05632781982422,3.630000000000001,98.44953918457033
3.640000000000001,99.53799438476562,3.640000000000001,103.8411636352539,3.640000000000001,94.20584869384766,3.640000000000001,85.05667114257812,3.640000000000001,98.4453582763672
3.65,99.53868103027344,3.65,103.8437957763672,3.65,94.20440673828124,3.65,85.05611419677734,3.65,98.43984985351562
3.66,99.53809356689452,3.66,103.8467025756836,3.66,94.20106506347656,3.66,85.05671691894531,3.66,98.43434143066406
3.67,99.53673553466795,3.67,103.8521499633789,3.67,94.19754028320312,3.67,85.05709838867188,3.67,98.43077087402344
3.68,99.53890228271484,3.68,103.85568237304688,3.68,94.20120239257812,3.68,85.05811309814453,3.68,98.42796325683594
3.69,99.54131317138672,3.690000000000001,103.85887908935548,3.690000000000001,94.2070770263672,3.690000000000001,85.05840301513672,3.69,98.43053436279295
3.6999999999999993,99.54187774658205,3.700000000000001,103.86107635498048,3.700000000000001,94.21310424804688,3.700000000000001,85.05870056152344,3.6999999999999993,98.4309310913086
3.709999999999999,99.54356384277344,3.710000000000001,103.86376953125,3.710000000000001,94.22030639648438,3.710000000000001,85.05802154541016,3.709999999999999,98.4275360107422
3.719999999999999,99.54385375976562,3.7200000000000006,103.86603546142578,3.7200000000000006,94.22957611083984,3.7200000000000006,85.05690002441406,3.7200000000000006,98.42394256591795
3.73,99.5403060913086,3.73,103.86940002441406,3.73,94.2383041381836,3.73,85.05574798583984,3.73,98.42171478271484
3.74,99.54097747802734,3.74,103.87232208251952,3.74,94.2440414428711,3.74,85.05482482910156,3.74,98.41934967041016
3.75,99.54421997070312,3.75,103.87628936767578,3.75,94.24549865722656,3.75,85.0523452758789,3.75,98.4171905517578
3.76,99.54698181152344,3.76,103.88035583496094,3.76,94.2415542602539,3.76,85.04973602294922,3.76,98.4161148071289
3.77,99.54994201660156,3.770000000000002,103.88338470458984,3.770000000000002,94.23751068115234,3.77,85.05003356933594,3.77,98.41529846191406
3.78,99.55371856689452,3.780000000000001,103.8857192993164,3.780000000000001,94.2388916015625,3.780000000000001,85.05109405517578,3.78,98.41600799560548
3.789999999999999,99.56009674072266,3.790000000000001,103.88763427734376,3.790000000000001,94.23722076416016,3.790000000000001,85.05059051513672,3.789999999999999,98.4178237915039
3.799999999999999,99.56636810302734,3.8000000000000007,103.88965606689452,3.8000000000000007,94.23785400390624,3.8000000000000007,85.05183410644531,3.8000000000000007,98.41938018798828
3.810000000000001,99.57200622558594,3.810000000000001,103.89157104492188,3.810000000000001,94.24362182617188,3.810000000000001,85.05206298828125,3.810000000000001,98.4199676513672
3.82,99.57819366455078,3.82,103.89339447021484,3.82,94.24840545654295,3.82,85.0525894165039,3.82,98.41973876953124
3.83,99.58321380615234,3.83,103.89530181884766,3.83,94.25373840332033,3.83,85.05113983154297,3.83,98.42029571533205
3.84,99.5869140625,3.84,103.8975830078125,3.84,94.25586700439452,3.84,85.04944610595703,3.84,98.42134857177734
3.85,99.5886459350586,3.85,103.89916229248048,3.85,94.25643157958984,3.85,85.0487060546875,3.85,98.42122650146484
3.86,99.59110260009766,3.860000000000001,103.90101623535156,3.860000000000001,94.25827026367188,3.860000000000001,85.04755401611328,3.86,98.42152404785156
3.869999999999999,99.59278106689452,3.870000000000001,103.9037628173828,3.870000000000001,94.2611846923828,3.870000000000001,85.04800415039062,3.869999999999999,98.42033386230467
3.879999999999999,99.59597778320312,3.880000000000001,103.90665435791016,3.880000000000001,94.26696014404295,3.880000000000001,85.04997253417969,3.880000000000001,98.41870880126952
3.890000000000001,99.5980224609375,3.890000000000001,103.90943145751952,3.890000000000001,94.27490234375,3.890000000000001,85.05038452148438,3.890000000000001,98.41699981689452
3.9,99.60052490234376,3.9,103.91571807861328,3.9,94.28253936767578,3.9,85.05217742919922,3.9,98.4150390625
3.91,99.60350799560548,3.91,103.92120361328124,3.91,94.28401947021484,3.91,85.05323028564453,3.91,98.40982818603516
3.92,99.60663604736328,3.92,103.92523956298828,3.92,94.28761291503906,3.92,85.05303192138672,3.92,98.4036865234375
3.93,99.6088409423828,3.93,103.92869567871094,3.93,94.28919982910156,3.93,85.052001953125,3.93,98.3984603881836
3.94,99.61202239990234,3.940000000000001,103.93231201171876,3.940000000000001,94.28824615478516,3.940000000000001,85.05091857910156,3.94,98.39105987548828
3.9499999999999993,99.614990234375,3.950000000000001,103.93443298339844,3.950000000000001,94.29203033447266,3.950000000000001,85.05217742919922,3.9499999999999993,98.38452911376952
3.959999999999999,99.61766815185548,3.960000000000001,103.93821716308594,3.960000000000001,94.2875518798828,3.960000000000001,85.05267333984375,3.959999999999999,98.37705993652344
3.969999999999999,99.6201171875,3.9700000000000006,103.94164276123048,3.9700000000000006,94.28269958496094,3.9700000000000006,85.05179595947266,3.9700000000000006,98.36848449707033
3.98,99.6190948486328,3.98,103.9442138671875,3.98,94.28219604492188,3.98,85.0550765991211,3.98,98.3574447631836
3.99,99.62255859375,3.99,103.94794464111328,3.99,94.28453826904295,3.99,85.05785369873047,3.99,98.3486557006836
4.0,99.62832641601562,4.0,103.95159912109376,4.0,94.2806167602539,4.0,85.05921173095703,4.0,98.34397888183594
4.01,99.6346206665039,4.01,103.9540786743164,4.01,94.27296447753906,4.01,85.06179809570312,4.01,98.34174346923828
4.02,99.64112091064452,4.020000000000001,103.95746612548828,4.020000000000001,94.2671890258789,4.02,85.0638198852539,4.02,98.3389892578125
4.029999999999999,99.6490249633789,4.030000000000001,103.9599838256836,4.030000000000001,94.26095581054688,4.030000000000001,85.06659698486328,4.029999999999999,98.33509826660156
4.039999999999999,99.65640258789062,4.040000000000001,103.96234893798828,4.040000000000001,94.2528305053711,4.040000000000001,85.07083892822266,4.039999999999999,98.328857421875
4.049999999999999,99.66085052490234,4.050000000000001,103.96459197998048,4.050000000000001,94.23975372314452,4.050000000000001,85.07669067382812,4.050000000000001,98.3179931640625
4.0600000000000005,99.66688537597656,4.0600000000000005,103.96602630615234,4.0600000000000005,94.22335052490234,4.0600000000000005,85.08250427246094,4.0600000000000005,98.3058624267578
4.07,99.6756362915039,4.07,103.96813201904295,4.07,94.21027374267578,4.07,85.08745574951172,4.07,98.29425048828124
4.08,99.68280792236328,4.08,103.96985626220705,4.08,94.1952667236328,4.08,85.08634185791016,4.08,98.2823257446289
4.09,99.69001770019533,4.09,103.97224426269533,4.09,94.17581939697266,4.09,85.09062957763672,4.09,98.2715072631836
4.1,99.69908142089844,4.1,103.97457885742188,4.1,94.1457977294922,4.1,85.09777069091797,4.1,98.2576141357422
4.109999999999999,99.70891571044922,4.110000000000001,103.97857666015624,4.110000000000001,94.09941864013672,4.110000000000001,85.10641479492188,4.109999999999999,98.24340057373048
4.119999999999999,99.71842956542967,4.120000000000001,103.98020935058594,4.120000000000001,94.0447769165039,4.120000000000001,85.107421875,4.119999999999999,98.2287826538086
4.129999999999999,99.72966766357422,4.130000000000001,103.98188018798828,4.130000000000001,93.97428131103516,4.130000000000001,85.1085205078125,4.130000000000001,98.21560668945312
4.140000000000001,99.74114227294922,4.140000000000001,103.9831314086914,4.140000000000001,93.88488006591795,4.140000000000001,85.1156234741211,4.140000000000001,98.20623779296876
4.15,99.74667358398438,4.15,103.9814224243164,4.15,93.79000854492188,4.15,85.12521362304688,4.15,98.19036865234376
4.16,99.7490463256836,4.16,103.97967529296876,4.16,93.67290496826172,4.16,85.13011169433594,4.16,98.17222595214844
4.17,99.74283599853516,4.17,103.97909545898438,4.17,93.53250122070312,4.17,85.12993621826172,4.17,98.16394805908205
4.18,99.72943115234376,4.18,103.9744873046875,4.18,93.37330627441406,4.18,85.1267318725586,4.18,98.15579986572266
4.19,99.7169418334961,4.190000000000001,103.96534729003906,4.190000000000001,93.17713165283205,4.190000000000001,85.12562561035156,4.19,98.13835144042967
4.199999999999999,99.698486328125,4.200000000000001,103.95207214355467,4.200000000000001,92.92928314208984,4.200000000000001,85.12581634521484,4.199999999999999,98.10360717773438
4.209999999999999,99.67364501953124,4.210000000000001,103.93911743164062,4.210000000000001,92.61102294921876,4.210000000000001,85.1293716430664,4.209999999999999,98.05947875976562
4.219999999999999,99.63435363769533,4.220000000000001,103.92691040039062,4.220000000000001,92.2261734008789,4.220000000000001,85.13765716552734,4.220000000000001,98.0
4.23,99.58950805664062,4.23,103.91299438476562,4.23,91.81244659423828,4.23,85.1423110961914,4.23,97.92656707763672
4.24,99.5456771850586,4.24,103.89370727539062,4.24,91.41828918457033,4.24,85.14363861083984,4.24,97.84259796142578
4.25,99.4936065673828,4.25,103.86692810058594,4.25,91.06270599365234,4.25,85.14234161376953,4.25,97.75035095214844
4.26,99.43878936767578,4.26,103.8389892578125,4.26,90.73465728759766,4.26,85.13674926757812,4.26,97.63665771484376
4.27,99.37826538085938,4.270000000000001,103.81497192382812,4.270000000000001,90.4114761352539,4.27,85.12747192382812,4.27,97.52008056640624
4.279999999999999,99.31565856933594,4.280000000000001,103.78470611572266,4.280000000000001,90.0711669921875,4.280000000000001,85.10763549804688,4.279999999999999,97.40179443359376
4.289999999999999,99.2426986694336,4.290000000000001,103.75234985351562,4.290000000000001,89.68170166015625,4.290000000000001,85.07682800292969,4.289999999999999,97.2837371826172
4.299999999999999,99.15387725830078,4.300000000000001,103.71660614013672,4.300000000000001,89.26327514648438,4.300000000000001,85.03682708740234,4.300000000000001,97.1648406982422
4.3100000000000005,99.05573272705078,4.3100000000000005,103.68081665039062,4.3100000000000005,88.87403106689453,4.3100000000000005,84.9848861694336,4.3100000000000005,97.0392074584961
4.32,98.95064544677734,4.32,103.64032745361328,4.32,88.51295471191406,4.32,84.9206771850586,4.32,96.91788482666016
4.33,98.84595489501952,4.33,103.60022735595705,4.33,88.18431854248047,4.33,84.8460464477539,4.33,96.81192779541016
4.34,98.74046325683594,4.34,103.56686401367188,4.34,87.89860534667969,4.34,84.76024627685547,4.34,96.72928619384766
4.35,98.63431549072266,4.35,103.53482818603516,4.35,87.69253540039062,4.35,84.66142272949219,4.35,96.65495300292967
4.359999999999999,98.51729583740234,4.360000000000001,103.50767517089844,4.360000000000001,87.52709197998047,4.360000000000001,84.5484848022461,4.359999999999999,96.59286499023438
4.369999999999999,98.38711547851562,4.370000000000001,103.4858169555664,4.370000000000001,87.37857055664062,4.370000000000001,84.42254638671875,4.369999999999999,96.5495834350586
4.379999999999999,98.24893951416016,4.380000000000001,103.46419525146484,4.380000000000001,87.25079345703125,4.380000000000001,84.28446960449219,4.380000000000001,96.51963806152344
4.390000000000001,98.09706115722656,4.390000000000001,103.43968963623048,4.390000000000001,87.15694427490234,4.390000000000001,84.13178253173828,4.390000000000001,96.4922103881836
4.4,97.9271240234375,4.4,103.41178894042967,4.4,87.0884017944336,4.4,83.96250915527344,4.4,96.47396850585938
4.41,97.74798583984376,4.41,103.38792419433594,4.41,87.0261001586914,4.41,83.77851867675781,4.41,96.47035217285156
4.42,97.55441284179688,4.42,103.37286376953124,4.42,86.99622344970703,4.42,83.58336639404297,4.42,96.47574615478516
4.43,97.32225036621094,4.43,103.36970520019533,4.43,86.9825668334961,4.43,83.36222076416016,4.43,96.4887924194336
4.44,97.0463409423828,4.440000000000001,103.367919921875,4.440000000000001,86.98320770263672,4.440000000000001,83.10770416259766,4.44,96.49047088623048
4.449999999999999,96.69950103759766,4.450000000000001,103.36480712890624,4.450000000000001,86.99065399169922,4.450000000000001,82.78488159179688,4.449999999999999,96.4650421142578
4.459999999999999,96.25524139404295,4.460000000000001,103.36587524414062,4.460000000000001,87.0188980102539,4.460000000000001,82.3799057006836,4.459999999999999,96.4245376586914
4.469999999999999,95.70675659179688,4.470000000000001,103.36520385742188,4.470000000000001,87.08519744873047,4.470000000000001,81.88407897949219,4.470000000000001,96.36170959472656
4.48,95.00250244140624,4.48,103.36566925048828,4.48,87.21955871582031,4.48,81.26802062988281,4.48,96.29212951660156
4.49,94.16345977783205,4.49,103.37212371826172,4.49,87.46561431884766,4.49,80.52079010009766,4.49,96.19519805908205
4.5,93.15935516357422,4.5,103.38239288330078,4.5,87.75945281982422,4.5,79.63119506835938,4.5,96.08150482177734
4.51,91.98361206054688,4.51,103.392822265625,4.51,88.03228759765625,4.51,78.6341323852539,4.51,95.92415618896484
4.52,90.67633056640624,4.520000000000001,103.41490173339844,4.520000000000001,88.2856674194336,4.52,77.46630096435547,4.52,95.66466522216795
4.529999999999999,89.20075988769531,4.530000000000001,103.45499420166016,4.530000000000001,88.5342788696289,4.530000000000001,76.25282287597656,4.529999999999999,95.35694885253906
4.539999999999999,87.56351470947266,4.540000000000001,103.53358459472656,4.540000000000001,88.74832153320312,4.540000000000001,75.25425720214844,4.539999999999999,95.08679962158205
4.549999999999999,85.73892974853516,4.550000000000001,103.65989685058594,4.550000000000001,88.90869903564453,4.550000000000001,74.57102966308594,4.550000000000001,94.89906311035156
4.5600000000000005,83.63924407958984,4.5600000000000005,103.8201904296875,4.5600000000000005,89.00664520263672,4.5600000000000005,73.85584259033203,4.5600000000000005,94.71326446533205
4.57,81.77426147460938,4.57,104.00164794921876,4.57,89.07051849365234,4.57,73.0557861328125,4.57,94.51043701171876
4.58,80.43096923828125,4.58,104.2252426147461,4.58,89.10884857177734,4.58,72.19877624511719,4.58,94.25565338134766
4.59,79.21912384033203,4.59,104.5108871459961,4.59,89.14224243164062,4.59,71.31581115722656,4.59,93.98395538330078
4.6,77.85186004638672,4.6,104.85887908935548,4.6,89.1795654296875,4.6,70.40315246582031,4.6,93.75431823730467
4.609999999999999,76.43248748779297,4.610000000000001,105.33026123046876,4.610000000000001,89.22745513916016,4.610000000000001,69.4582748413086,4.609999999999999,92.9904556274414
4.619999999999999,75.05927276611328,4.620000000000001,105.93018341064452,4.620000000000001,89.31361389160156,4.620000000000001,68.48689270019531,4.619999999999999,89.77931213378906
4.629999999999999,73.7652816772461,4.630000000000001,106.6115264892578,4.630000000000001,89.42249298095703,4.630000000000001,67.50284576416016,4.630000000000001,88.28881072998047
4.640000000000001,72.50044250488281,4.640000000000001,107.34468841552734,4.640000000000001,89.53511810302734,4.640000000000001,66.54827117919922,4.640000000000001,89.0572280883789
4.65,71.27869415283203,4.65,108.17411041259766,4.65,89.66658020019531,4.65,65.63042449951172,4.65,89.48340606689453
4.66,70.08349609375,4.66,109.2425765991211,4.66,89.80319213867188,4.66,64.75212860107422,4.66,89.4881362915039
4.67,68.91455078125,4.67,110.57667541503906,4.67,89.96875,4.67,63.93015670776367,4.67,89.35189056396484
4.68,67.7630386352539,4.68,112.1538314819336,4.68,90.12393951416016,4.68,63.16104507446289,4.68,89.22573852539062
4.69,66.6810073852539,4.690000000000001,113.74859619140624,4.690000000000001,90.2882080078125,4.690000000000001,62.45282745361328,4.69,89.1168441772461
4.699999999999999,65.68476104736328,4.700000000000001,115.17521667480467,4.700000000000001,90.41014862060548,4.700000000000001,61.78809356689453,4.699999999999999,89.03429412841797
4.709999999999999,64.75829315185547,4.710000000000001,116.51628875732422,4.710000000000001,90.51799774169922,4.710000000000001,61.17303466796875,4.709999999999999,88.97057342529297
4.719999999999999,63.89956665039063,4.720000000000001,117.76173400878906,4.720000000000001,90.73194885253906,4.720000000000001,60.59786605834961,4.720000000000001,88.99813079833984
4.73,63.11851119995117,4.73,118.9143524169922,4.73,90.8429718017578,4.73,60.07804107666016,4.73,88.95368957519531
4.74,62.43172836303711,4.74,119.99880981445312,4.74,90.90282440185548,4.74,59.60466766357422,4.74,88.9054183959961
4.75,61.84870529174805,4.75,120.99655151367188,4.75,90.95606231689452,4.75,59.16242599487305,4.75,88.85716247558594
4.76,61.37476348876953,4.76,121.92053985595705,4.76,90.96871185302734,4.76,58.74273681640625,4.76,88.82193756103516
4.77,60.98686599731445,4.770000000000001,122.77273559570312,4.770000000000001,90.98004150390624,4.77,58.341041564941406,4.77,88.73199462890625
4.779999999999999,60.69078826904297,4.780000000000001,123.57495880126952,4.780000000000001,90.98356628417967,4.780000000000001,57.965797424316406,4.779999999999999,88.61428833007812
4.789999999999999,60.49041366577149,4.790000000000001,124.33218383789062,4.790000000000001,90.98833465576172,4.790000000000001,57.6212158203125,4.789999999999999,88.39306640625
4.799999999999999,60.36759948730469,4.800000000000001,125.04022216796876,4.800000000000001,91.02796173095705,4.800000000000001,57.32999038696289,4.800000000000001,88.28778839111328
4.8100000000000005,60.31792449951172,4.8100000000000005,125.67169189453124,4.8100000000000005,91.05538940429688,4.8100000000000005,57.13176345825195,4.8100000000000005,88.26858520507812
4.82,60.3682975769043,4.82,126.22329711914062,4.82,91.07939910888672,4.82,57.09059143066406,4.82,88.23973846435547
4.83,60.49766540527344,4.83,126.7062759399414,4.83,91.10594177246094,4.83,57.21122360229492,4.83,88.18437194824219
4.84,60.71517562866211,4.84,127.13513946533205,4.84,91.11322784423828,4.84,57.53192901611328,4.84,88.13093566894531
4.85,60.9995231628418,4.85,127.50636291503906,4.85,91.12957763671876,4.85,57.990509033203125,4.85,88.07305908203125
4.859999999999999,61.37356185913086,4.860000000000001,127.81826782226562,4.860000000000001,91.150634765625,4.860000000000001,58.55908966064453,4.859999999999999,88.00160217285156
4.869999999999999,61.85253143310547,4.870000000000001,128.0601806640625,4.870000000000001,91.1578140258789,4.870000000000001,59.17289733886719,4.869999999999999,87.91574096679688
4.879999999999999,62.416648864746094,4.880000000000001,128.21644592285156,4.880000000000001,91.1608657836914,4.880000000000001,59.791648864746094,4.880000000000001,87.82451629638672
4.890000000000001,63.0711669921875,4.890000000000001,128.28286743164062,4.890000000000001,91.19420623779295,4.890000000000001,60.39368438720703,4.890000000000001,87.72881317138672
4.9,63.78479766845703,4.9,128.2425537109375,4.9,91.24207305908205,4.9,60.97344207763672,4.9,87.6285629272461
4.91,64.54736328125,4.91,128.13299560546875,4.91,91.30225372314452,4.91,61.55710983276367,4.91,87.5342025756836
4.92,65.38111877441406,4.92,127.9292984008789,4.92,91.35157012939452,4.92,62.23614883422852,4.92,87.44098663330078
4.93,66.28311920166016,4.93,127.6528549194336,4.93,91.38063049316406,4.93,63.12150573730469,4.93,87.35147857666016
4.94,67.2820053100586,4.940000000000001,127.29270935058594,4.940000000000001,91.39006805419922,4.940000000000001,64.2280502319336,4.94,87.2715072631836
4.949999999999999,68.38168334960938,4.950000000000001,126.8613052368164,4.950000000000001,91.39051818847656,4.950000000000001,65.4817123413086,4.949999999999999,87.20635223388672
4.959999999999999,69.59664916992188,4.960000000000001,126.37010192871094,4.960000000000001,91.36080932617188,4.960000000000001,66.69071197509766,4.959999999999999,87.15021514892578
4.969999999999999,70.95621490478516,4.970000000000001,125.7868194580078,4.970000000000001,91.2765655517578,4.970000000000001,67.60755920410156,4.970000000000001,87.1049575805664
4.98,72.45249938964844,4.98,125.10873413085938,4.98,91.21800994873048,4.98,68.25588989257812,4.98,87.0649185180664
4.99,74.06834411621094,4.99,124.29444885253906,4.99,91.14176940917967,4.99,68.52913665771484,4.99,87.03141021728516
5.0,75.7582778930664,5.0,123.373046875,5.0,91.00321197509766,5.0,69.18611145019531,5.0,87.0042953491211
5.01,77.50825500488281,5.01,122.34095001220705,5.01,90.80521392822266,5.01,71.4093017578125,5.01,86.98682403564453
5.02,79.2998275756836,5.020000000000001,121.2147445678711,5.020000000000001,90.55897521972656,5.02,73.52396392822266,5.02,86.98519134521484
5.029999999999999,81.0337905883789,5.030000000000001,119.99478912353516,5.030000000000001,90.2371826171875,5.030000000000001,75.12107849121094,5.029999999999999,86.99769592285156
5.039999999999999,82.70914459228516,5.040000000000001,118.70297241210938,5.040000000000001,89.8721694946289,5.040000000000001,76.57664489746094,5.039999999999999,87.04130554199219
5.049999999999999,84.25672149658203,5.050000000000001,117.36764526367188,5.050000000000001,89.4180908203125,5.050000000000001,77.80935668945312,5.050000000000001,87.13809204101562
5.0600000000000005,85.403076171875,5.0600000000000005,116.05876159667967,5.0600000000000005,88.92169189453125,5.0600000000000005,78.74169158935547,5.0600000000000005,87.26036834716797
5.07,86.45443725585938,5.07,114.82003784179688,5.07,88.4413070678711,5.07,79.46862030029297,5.07,87.39073944091797
5.08,87.9278335571289,5.08,113.6099090576172,5.08,87.9692153930664,5.08,80.0489273071289,5.08,87.53923034667969
5.09,89.01799774169922,5.09,112.4173812866211,5.09,87.46656799316406,5.09,80.56214904785156,5.09,87.68036651611328
5.1,89.5589599609375,5.1,111.18379974365234,5.1,86.87336730957031,5.1,81.05205535888672,5.1,87.81803894042969
5.109999999999999,90.02809143066406,5.110000000000001,109.94860076904295,5.110000000000001,86.19673919677734,5.110000000000001,81.52759552001953,5.109999999999999,87.92979431152344
5.119999999999999,90.58931732177734,5.120000000000001,108.82023620605467,5.120000000000001,85.50481414794922,5.120000000000001,81.92793273925781,5.119999999999999,87.9888916015625
5.129999999999999,91.15390014648438,5.130000000000001,108.27899932861328,5.130000000000001,84.83097076416016,5.130000000000001,82.26653289794922,5.130000000000001,87.98625183105469
5.140000000000001,91.58406829833984,5.140000000000001,108.06412506103516,5.140000000000001,84.28504943847656,5.140000000000001,82.50475311279297,5.140000000000001,87.85428619384766
5.15,91.90824127197266,5.15,107.93643188476562,5.15,83.89450073242188,5.15,82.64615631103516,5.15,87.63738250732422
5.16,92.13088989257812,5.16,107.39859008789062,5.16,83.60931396484375,5.16,82.74665069580078,5.16,87.38014221191406
5.17,92.30540466308594,5.17,106.4750518798828,5.17,83.32511138916016,5.17,82.82957458496094,5.17,87.23925018310547
5.18,92.47991943359376,5.18,105.48859405517578,5.18,83.12464141845703,5.18,82.90758514404297,5.18,87.2194595336914
5.19,92.6282730102539,5.190000000000001,105.03510284423828,5.190000000000001,83.00887298583984,5.190000000000001,82.97911834716797,5.19,87.30418395996094
5.199999999999999,92.77167510986328,5.200000000000001,104.82689666748048,5.200000000000001,82.92308044433594,5.200000000000001,83.02947235107422,5.199999999999999,87.38204956054688
5.209999999999999,92.9161376953125,5.210000000000001,104.56888580322266,5.210000000000001,82.85791015625,5.210000000000001,83.05594635009766,5.209999999999999,87.41946411132812
5.219999999999999,93.08511352539062,5.220000000000001,104.33560180664062,5.220000000000001,82.80977630615234,5.220000000000001,83.04788208007812,5.220000000000001,87.48394012451172
5.23,93.24807739257812,5.23,104.21705627441406,5.23,82.80667114257812,5.23,83.01084899902344,5.23,87.55453491210938
5.24,93.3924331665039,5.24,104.05392456054688,5.24,82.81157684326172,5.24,82.94747924804688,5.24,87.6047592163086
5.25,93.51934051513672,5.25,103.85840606689452,5.25,82.84737396240234,5.25,82.85517120361328,5.25,87.65674591064453
5.26,93.6279296875,5.26,103.67241668701172,5.26,82.87096405029297,5.26,82.74182891845703,5.26,87.71329498291016
5.27,93.72333526611328,5.270000000000001,103.50142669677734,5.270000000000001,82.8634262084961,5.27,82.59992218017578,5.27,87.77186584472656
5.279999999999999,93.7974853515625,5.280000000000001,103.3323211669922,5.280000000000001,82.88066864013672,5.280000000000001,82.43110656738281,5.279999999999999,87.8349609375
5.289999999999999,93.85452270507812,5.290000000000001,103.15232849121094,5.290000000000001,82.94967651367188,5.290000000000001,82.2388916015625,5.289999999999999,87.89169311523438
5.299999999999999,93.87508392333984,5.300000000000001,103.0000457763672,5.300000000000001,83.04044342041016,5.300000000000001,82.02649688720703,5.300000000000001,87.95523834228516
5.3100000000000005,93.8644027709961,5.3100000000000005,102.86963653564452,5.3100000000000005,83.18746185302734,5.3100000000000005,81.78540802001953,5.3100000000000005,88.02045440673828
5.32,93.80609893798828,5.32,102.8017807006836,5.32,83.40733337402344,5.32,81.51246643066406,5.32,88.07398986816406
5.33,93.70337677001952,5.33,102.77396392822266,5.33,83.656494140625,5.33,81.18699645996094,5.33,88.11736297607422
5.34,93.56187438964844,5.34,102.75989532470705,5.34,83.88827514648438,5.34,80.78617858886719,5.34,88.14950561523438
5.35,93.38388061523438,5.35,102.74817657470705,5.35,84.12480163574219,5.35,80.27629089355469,5.35,88.16802978515625
5.359999999999999,93.16883850097656,5.360000000000001,102.74475860595705,5.360000000000001,84.40907287597656,5.360000000000001,79.62577819824219,5.359999999999999,88.20510864257812
5.369999999999999,92.88936614990234,5.370000000000001,102.75401306152344,5.370000000000001,84.74620056152344,5.370000000000001,78.83403778076172,5.369999999999999,88.27747344970703
5.379999999999999,92.49968719482422,5.380000000000001,102.78807830810548,5.380000000000001,85.12715911865234,5.380000000000001,77.83435821533203,5.380000000000001,88.38395690917969
5.390000000000001,91.96356964111328,5.390000000000001,102.83551025390624,5.390000000000001,85.6147689819336,5.390000000000001,76.68853759765625,5.390000000000001,88.5229721069336
5.4,91.1311264038086,5.4,102.8953628540039,5.4,86.15538787841797,5.4,75.35073852539062,5.4,88.67914581298828
5.41,89.85845184326172,5.41,102.96147918701172,5.41,86.68804931640625,5.41,73.91448211669922,5.41,88.82968139648438
5.42,88.20526123046875,5.42,103.033447265625,5.42,87.16373443603516,5.42,72.44988250732422,5.42,88.9156265258789
5.43,86.20957946777344,5.43,103.12053680419922,5.43,87.53053283691406,5.43,70.90049743652344,5.43,88.93179321289062
5.44,84.09160614013672,5.440000000000001,103.22814178466795,5.440000000000001,87.83558654785156,5.440000000000001,69.54682159423828,5.44,88.92849731445312
5.449999999999999,82.16017150878906,5.450000000000001,103.3763656616211,5.450000000000001,88.08183288574219,5.450000000000001,68.69329833984375,5.449999999999999,88.94171142578125
5.459999999999999,80.58844757080078,5.460000000000001,103.5526351928711,5.460000000000001,88.30291748046875,5.460000000000001,67.82905578613281,5.459999999999999,88.95476531982422
5.469999999999999,79.08749389648438,5.470000000000001,103.7537078857422,5.470000000000001,88.46629333496094,5.470000000000001,66.84679412841797,5.470000000000001,88.93299865722656
5.48,77.48262786865234,5.48,103.9743423461914,5.48,88.59407806396484,5.48,65.78213500976562,5.48,88.89519500732422
5.49,75.84197998046875,5.49,104.27537536621094,5.49,88.69558715820312,5.49,64.68904113769531,5.49,88.87003326416016
5.5,74.23300170898438,5.5,104.70806121826172,5.5,88.7574462890625,5.5,63.58026123046875,5.5,88.88932037353516
5.51,72.6926498413086,5.51,105.27217864990234,5.51,88.81511688232422,5.51,62.423248291015625,5.51,88.89952850341797
5.52,71.23591613769531,5.520000000000001,105.93492126464844,5.520000000000001,88.89631652832031,5.52,61.25975799560547,5.52,88.93462371826172
5.529999999999999,69.85472106933594,5.530000000000001,106.7122573852539,5.530000000000001,89.01309204101562,5.530000000000001,60.13576889038086,5.529999999999999,89.00192260742188
5.539999999999999,68.54936218261719,5.540000000000001,107.75243377685548,5.540000000000001,89.159912109375,5.540000000000001,59.07865524291992,5.539999999999999,89.09796142578125
5.549999999999999,67.32127380371094,5.550000000000001,109.09687042236328,5.550000000000001,89.28880310058594,5.550000000000001,58.134864807128906,5.550000000000001,89.22325134277344
5.5600000000000005,66.17886352539062,5.5600000000000005,110.82003021240234,5.5600000000000005,89.41752624511719,5.5600000000000005,57.28038787841797,5.5600000000000005,89.32657623291016
5.57,65.07798767089844,5.57,112.89727783203124,5.57,89.57754516601562,5.57,56.50522232055664,5.57,89.39191436767578
5.58,64.02876281738281,5.58,115.08295440673828,5.58,89.75675964355469,5.58,55.77497863769531,5.58,88.9819107055664
5.59,63.06828308105469,5.59,117.00748443603516,5.59,90.05297088623047,5.59,55.08917617797852,5.59,88.67781829833984
5.6,62.1637077331543,5.6,118.57257080078124,5.6,90.34429931640624,5.6,54.44417190551758,5.6,88.73329162597656
5.609999999999999,61.37194442749024,5.610000000000001,119.79802703857422,5.610000000000001,90.57278442382812,5.610000000000001,53.83043670654297,5.609999999999999,88.71320343017578
5.619999999999999,60.637481689453125,5.620000000000001,120.85037994384766,5.620000000000001,90.77613830566406,5.620000000000001,53.24599075317383,5.619999999999999,88.67877197265625
5.629999999999999,59.95909118652344,5.630000000000001,121.79659271240234,5.630000000000001,90.83869934082033,5.630000000000001,52.68253707885742,5.630000000000001,88.67028045654297
5.640000000000001,59.39299392700195,5.640000000000001,122.28428649902344,5.640000000000001,90.85431671142578,5.640000000000001,52.149391174316406,5.640000000000001,88.65628051757812
5.65,58.89377975463867,5.65,123.23649597167967,5.65,90.92575073242188,5.65,51.65851593017578,5.65,88.65292358398438
5.66,58.4663200378418,5.66,124.43367767333984,5.66,90.98478698730467,5.66,51.23880386352539,5.66,88.65601348876953
5.67,58.10734558105469,5.67,125.53742218017578,5.67,90.96003723144533,5.67,50.90032958984375,5.67,88.64466094970703
5.68,57.84464263916016,5.68,126.4188003540039,5.68,91.0395965576172,5.68,50.68985748291016,5.68,88.62012481689453
5.69,57.694297790527344,5.690000000000001,127.21501159667967,5.690000000000001,91.12312316894533,5.690000000000001,50.586856842041016,5.69,88.59213256835938
5.699999999999999,57.61426162719727,5.700000000000001,127.9161605834961,5.700000000000001,91.103515625,5.700000000000001,50.61354064941406,5.699999999999999,88.55396270751953
5.709999999999999,57.60594940185547,5.710000000000001,128.4276123046875,5.710000000000001,91.05093383789062,5.710000000000001,50.731693267822266,5.709999999999999,88.51084899902344
5.720000000000001,57.64839172363281,5.720000000000001,128.8839874267578,5.720000000000001,91.001220703125,5.720000000000001,50.95394134521485,5.720000000000001,88.46695709228516
5.73,57.73311233520508,5.73,129.2940216064453,5.73,90.94385528564452,5.73,51.26260757446289,5.73,88.42741394042969
5.74,57.91442108154297,5.74,129.69131469726562,5.74,90.91482543945312,5.74,51.6541862487793,5.74,88.39286804199219
5.75,58.18109130859375,5.75,129.9983367919922,5.75,90.88714599609376,5.75,52.1240234375,5.75,88.3604736328125
5.76,58.539581298828125,5.76,130.1668701171875,5.76,90.86541748046876,5.76,52.67787551879883,5.76,88.33071899414062
5.77,59.012325286865234,5.770000000000001,130.21597290039062,5.770000000000001,90.85315704345705,5.77,53.34756851196289,5.77,88.3006362915039
5.779999999999999,59.56214904785156,5.780000000000001,130.17893981933594,5.780000000000001,90.8407211303711,5.780000000000001,54.19119644165039,5.779999999999999,88.26466369628906
5.789999999999999,60.2181282043457,5.790000000000001,130.0924530029297,5.790000000000001,90.83890533447266,5.790000000000001,55.27798461914063,5.789999999999999,88.20943450927734
5.799999999999999,60.949928283691406,5.800000000000001,129.939697265625,5.800000000000001,90.86392211914062,5.800000000000001,56.58098602294922,5.800000000000001,88.14929962158203
5.8100000000000005,61.75505065917969,5.8100000000000005,129.7063446044922,5.8100000000000005,90.87738037109376,5.8100000000000005,58.047760009765625,5.8100000000000005,88.08222198486328
5.82,62.62379455566406,5.82,129.46383666992188,5.82,90.8864517211914,5.82,59.56891632080078,5.82,88.01103973388672
5.83,63.56392288208008,5.83,129.13320922851562,5.83,90.9179458618164,5.83,61.06914138793945,5.83,87.94670104980469
5.84,64.59912872314453,5.84,128.74107360839844,5.84,90.95441436767578,5.84,62.51487350463867,5.84,87.88372802734375
5.85,65.7382583618164,5.850000000000001,128.2603759765625,5.850000000000001,90.9661636352539,5.85,63.85269546508789,5.85,87.81634521484375
5.859999999999999,66.96343231201172,5.860000000000001,127.66226959228516,5.860000000000001,90.97298431396484,5.860000000000001,65.10820007324219,5.859999999999999,87.7422103881836
5.869999999999999,68.31132507324219,5.870000000000001,126.94757080078124,5.870000000000001,90.94987487792967,5.870000000000001,66.36787414550781,5.869999999999999,87.67042541503906
5.879999999999999,69.71481323242188,5.880000000000001,126.05764770507812,5.880000000000001,90.90782165527344,5.880000000000001,67.69448852539062,5.880000000000001,87.60782623291016
5.890000000000001,71.15496826171875,5.890000000000001,125.02864074707033,5.890000000000001,90.81311798095705,5.890000000000001,69.07284545898438,5.890000000000001,87.56547546386719
5.9,72.63477325439453,5.9,123.8623046875,5.9,90.68675994873048,5.9,70.43939971923828,5.9,87.5420913696289
5.91,74.2200927734375,5.91,122.6277313232422,5.91,90.56584167480467,5.91,71.71471405029297,5.91,87.53388214111328
5.92,75.84807586669922,5.92,121.38594818115234,5.92,90.48883819580078,5.92,72.82464599609375,5.92,87.53192138671875
5.93,77.50909423828125,5.93,120.13679504394533,5.93,90.44556427001952,5.93,74.0672607421875,5.93,87.53936004638672
5.94,79.18228149414062,5.940000000000001,118.82428741455078,5.940000000000001,90.34336853027344,5.940000000000001,76.08370971679688,5.94,87.5562515258789
5.949999999999999,80.8681640625,5.950000000000001,117.45455169677734,5.950000000000001,90.20499420166016,5.950000000000001,77.9324722290039,5.949999999999999,87.58699035644531
5.959999999999999,82.5935287475586,5.960000000000001,116.11231994628906,5.960000000000001,90.11538696289062,5.960000000000001,79.39277648925781,5.959999999999999,87.65447998046875
5.970000000000001,84.47138214111328,5.970000000000001,114.864990234375,5.970000000000001,90.06092071533203,5.970000000000001,80.59063720703125,5.970000000000001,87.76907348632812
5.98,86.32453155517578,5.98,113.68578338623048,5.98,89.98079681396484,5.98,81.57169342041016,5.98,87.93451690673828
5.99,87.671875,5.99,112.54136657714844,5.99,89.8846435546875,5.99,82.2587890625,5.99,88.14791107177734
6.0,88.82181549072266,6.0,111.3437957763672,6.0,89.77804565429688,6.0,82.71278381347656,6.0,88.36700439453125
6.01,90.2269287109375,6.01,110.0443344116211,6.01,89.67131042480469,6.01,82.84138488769531,6.01,88.62061309814453
6.02,91.67683410644533,6.020000000000001,108.74234008789062,6.020000000000001,89.54639434814453,6.020000000000001,83.15629577636719,6.02,88.8873062133789
6.029999999999999,92.99667358398438,6.030000000000001,107.4979019165039,6.030000000000001,89.39459991455078,6.030000000000001,83.53343963623047,6.029999999999999,89.18250274658203
6.039999999999999,94.1361083984375,6.040000000000001,106.319580078125,6.040000000000001,89.23595428466797,6.040000000000001,83.90641784667969,6.039999999999999,89.51239013671875
6.049999999999999,95.1296844482422,6.050000000000001,105.34698486328124,6.050000000000001,89.10203552246094,6.050000000000001,84.2532958984375,6.050000000000001,89.77043914794922
6.0600000000000005,96.109375,6.0600000000000005,104.92254638671876,6.0600000000000005,89.0164794921875,6.0600000000000005,84.55372619628906,6.0600000000000005,89.9760513305664
6.07,96.93592071533205,6.07,104.88512420654295,6.07,88.97569274902344,6.07,84.78990173339844,6.07,90.19193267822266
6.08,97.58575439453124,6.08,104.87844848632812,6.08,88.97087097167969,6.08,84.93655395507812,6.08,90.40252685546876
6.09,98.07257843017578,6.09,104.51763916015624,6.09,89.00688934326172,6.09,84.9888916015625,6.09,90.60195922851562
6.1,98.3666000366211,6.100000000000001,103.6292953491211,6.100000000000001,89.07308959960938,6.1,84.97533416748047,6.1,90.7624282836914
6.109999999999999,98.45525360107422,6.110000000000001,102.28184509277344,6.110000000000001,89.15514373779297,6.110000000000001,84.89602661132812,6.109999999999999,90.89798736572266
6.120000000000001,98.35286712646484,6.120000000000001,101.22996520996094,6.120000000000001,89.23075103759766,6.120000000000001,84.7799072265625,6.119999999999999,90.97747039794922
6.129999999999999,98.01673889160156,6.130000000000001,100.69356536865234,6.130000000000001,89.2871322631836,6.130000000000001,84.63580322265625,6.130000000000001,90.99349975585938
6.140000000000001,97.58990478515624,6.140000000000001,100.23941040039062,6.140000000000001,89.33390045166016,6.140000000000001,84.49134063720703,6.140000000000001,90.97737884521484
6.149999999999999,97.27090454101562,6.15,99.76862335205078,6.15,89.37320709228516,6.15,84.36528015136719,6.15,90.99142456054688
6.16,97.15028381347656,6.16,99.49153137207033,6.16,89.4118881225586,6.16,84.26068878173828,6.16,91.0183334350586
6.169999999999998,97.19425964355467,6.17,99.38056182861328,6.17,89.44296264648438,6.17,84.19160461425781,6.17,91.0506820678711
6.18,97.27921295166016,6.18,99.30113220214844,6.18,89.45864868164062,6.18,84.15431213378906,6.18,91.107666015625
6.190000000000001,97.37643432617188,6.190000000000001,99.22745513916016,6.190000000000001,89.453125,6.190000000000001,84.14249420166016,6.19,91.15673828125
6.199999999999999,97.43026733398438,6.200000000000001,99.18688201904295,6.200000000000001,89.45043182373047,6.200000000000001,84.1629409790039,6.199999999999999,91.23098754882812
6.210000000000001,97.44699096679688,6.210000000000001,99.22013854980467,6.210000000000001,89.45060729980469,6.210000000000001,84.19681549072266,6.210000000000001,91.30842590332033
6.219999999999999,97.4955825805664,6.220000000000001,99.34495544433594,6.220000000000001,89.43944549560547,6.220000000000001,84.23709869384766,6.220000000000001,91.40364837646484
6.23,97.5597152709961,6.23,99.5775375366211,6.23,89.41901397705078,6.23,84.27655792236328,6.23,91.51126861572266
6.239999999999998,97.5984115600586,6.24,99.87696075439452,6.24,89.44014739990234,6.24,84.31492614746094,6.24,91.62870025634766
6.25,97.63107299804688,6.250000000000002,100.17062377929688,6.250000000000002,89.4998550415039,6.25,84.35163879394531,6.25,91.7614288330078
6.259999999999998,97.64856719970705,6.26,100.43096160888672,6.26,89.56217956542969,6.26,84.38231658935547,6.26,91.8995361328125
6.27,97.66229248046876,6.270000000000001,100.64974212646484,6.270000000000001,89.63880157470703,6.270000000000001,84.40906524658203,6.27,92.02689361572266
6.280000000000001,97.67002868652344,6.279999999999999,100.80297088623048,6.279999999999999,89.71820068359375,6.280000000000001,84.43509674072266,6.279999999999999,92.1313247680664
6.289999999999999,97.67301177978516,6.290000000000001,100.92416381835938,6.290000000000001,89.79779815673828,6.290000000000001,84.46949768066406,6.289999999999999,92.20796966552734
6.300000000000001,97.67903900146484,6.299999999999999,101.00008392333984,6.299999999999999,89.88936614990234,6.300000000000001,84.50831604003906,6.300000000000001,92.25871276855467
6.309999999999999,97.69903564453124,6.3100000000000005,101.05862426757812,6.3100000000000005,90.02228546142578,6.3100000000000005,84.55329895019531,6.3100000000000005,92.29911041259766
6.32,97.7407684326172,6.320000000000002,101.1087417602539,6.320000000000002,90.15467071533205,6.32,84.60404968261719,6.32,92.33414459228516
6.329999999999998,97.79722595214844,6.33,101.1649398803711,6.33,90.26905822753906,6.33,84.65362548828125,6.33,92.36932373046876
6.34,97.88309478759766,6.340000000000002,101.2418441772461,6.340000000000002,90.39102935791016,6.34,84.69921875,6.34,92.40412902832033
6.350000000000001,98.00485229492188,6.35,101.33358001708984,6.35,90.54015350341795,6.35,84.74494171142578,6.35,92.44336700439452
6.359999999999999,98.15904235839844,6.360000000000001,101.44300842285156,6.360000000000001,90.70037078857422,6.360000000000001,84.78459167480469,6.359999999999999,92.4926986694336
6.370000000000001,98.32341003417967,6.369999999999999,101.5626983642578,6.369999999999999,90.85332489013672,6.370000000000001,84.81537628173828,6.369999999999999,92.54100799560548
6.379999999999999,98.47946166992188,6.380000000000001,101.68225860595705,6.380000000000001,90.97635650634766,6.380000000000001,84.83504486083984,6.380000000000001,92.58856964111328
6.390000000000001,98.61278533935548,6.389999999999999,101.7856216430664,6.389999999999999,91.11556243896484,6.390000000000001,84.84164428710938,6.390000000000001,92.6363525390625
6.399999999999999,98.72541809082033,6.4,101.86060333251952,6.4,91.28917694091795,6.4,84.8409423828125,6.4,92.68513488769533
6.41,98.8010482788086,6.410000000000002,101.92821502685548,6.410000000000002,91.4738540649414,6.41,84.83464813232422,6.41,92.72817993164062
6.419999999999998,98.84909057617188,6.42,101.97949981689452,6.42,91.64363861083984,6.420000000000002,84.82599639892578,6.42,92.7685317993164
6.43,98.8701171875,6.4300000000000015,102.02080535888672,6.4300000000000015,91.80105590820312,6.43,84.8139419555664,6.43,92.80342864990234
6.440000000000001,98.88202667236328,6.44,102.06304168701172,6.44,91.9443588256836,6.440000000000001,84.80187225341797,6.44,92.83252716064452
6.449999999999999,98.89080047607422,6.450000000000001,102.10115051269533,6.450000000000001,92.07259368896484,6.449999999999999,84.79194641113281,6.449999999999999,92.86027526855467
6.460000000000001,98.8994140625,6.459999999999999,102.12442779541016,6.459999999999999,92.18973541259766,6.460000000000001,84.77973175048828,6.460000000000001,92.8869171142578
6.469999999999999,98.91032409667967,6.470000000000001,102.1371841430664,6.470000000000001,92.29186248779295,6.469999999999999,84.76185607910156,6.470000000000001,92.91539764404295
6.48,98.92340087890624,6.480000000000002,102.1363296508789,6.480000000000002,92.3620376586914,6.48,84.7373046875,6.48,92.94157409667967
6.489999999999998,98.94151306152344,6.49,102.1185531616211,6.49,92.41258239746094,6.490000000000002,84.70928192138672,6.49,92.97505950927734
6.5,98.96500396728516,6.500000000000002,102.0842514038086,6.500000000000002,92.45357513427734,6.5,84.67921447753906,6.5,93.01519775390624
6.509999999999998,98.99417114257812,6.51,102.05155181884766,6.51,92.49625396728516,6.510000000000002,84.65055847167969,6.51,93.0533218383789
6.52,99.02527618408205,6.520000000000001,102.01848602294922,6.520000000000001,92.53850555419922,6.52,84.6229019165039,6.52,93.0808334350586
6.530000000000001,99.05533599853516,6.529999999999999,101.99171447753906,6.529999999999999,92.5756378173828,6.530000000000001,84.59820556640625,6.529999999999999,93.10382843017578
6.539999999999999,99.09068298339844,6.540000000000001,101.98202514648438,6.540000000000001,92.61507415771484,6.539999999999999,84.57511901855469,6.539999999999999,93.12662506103516
6.550000000000001,99.12594604492188,6.549999999999999,101.98596954345705,6.549999999999999,92.6367416381836,6.550000000000001,84.55374908447266,6.550000000000001,93.15375518798828
6.559999999999999,99.1553955078125,6.5600000000000005,102.00772094726562,6.5600000000000005,92.65049743652344,6.559999999999999,84.53437805175781,6.5600000000000005,93.18620300292967
6.57,99.18091583251952,6.570000000000002,102.04207611083984,6.570000000000002,92.68572998046876,6.57,84.5137939453125,6.57,93.22423553466795
6.579999999999998,99.20823669433594,6.58,102.07940673828124,6.58,92.72018432617188,6.580000000000002,84.4946517944336,6.58,93.2645263671875
6.59,99.2364730834961,6.590000000000002,102.12364196777344,6.590000000000002,92.75008392333984,6.59,84.47835540771484,6.59,93.30517578125
6.600000000000001,99.26522064208984,6.6,102.1767120361328,6.6,92.78451538085938,6.600000000000001,84.46665954589844,6.6,93.34651184082033
6.609999999999999,99.2955093383789,6.610000000000001,102.23104095458984,6.610000000000001,92.8371810913086,6.609999999999999,84.45838928222656,6.610000000000001,93.38634490966795
6.620000000000001,99.32743072509766,6.619999999999999,102.28491973876952,6.619999999999999,92.88336944580078,6.620000000000001,84.4531021118164,6.619999999999999,93.42033386230467
6.629999999999999,99.36263275146484,6.630000000000001,102.34738159179688,6.630000000000001,92.91951751708984,6.629999999999999,84.45331573486328,6.630000000000001,93.45047760009766
6.640000000000001,99.39909362792967,6.639999999999999,102.40459442138672,6.639999999999999,92.94806671142578,6.640000000000001,84.45142364501953,6.639999999999999,93.4808578491211
6.649999999999999,99.43585968017578,6.65,102.46442413330078,6.65,92.9887924194336,6.650000000000002,84.44718933105469,6.65,93.50765228271484
6.66,99.47403717041016,6.660000000000002,102.51368713378906,6.660000000000002,93.0328369140625,6.66,84.4422836303711,6.659999999999998,93.523681640625
6.669999999999998,99.5073471069336,6.67,102.55982208251952,6.67,93.07804107666016,6.670000000000002,84.43624114990234,6.67,93.53189086914062
6.68,99.53108215332033,6.6800000000000015,102.60112762451172,6.6800000000000015,93.12065887451172,6.68,84.42928314208984,6.6800000000000015,93.53868865966795
6.690000000000001,99.54324340820312,6.69,102.63494873046876,6.69,93.16273498535156,6.690000000000001,84.42371368408203,6.69,93.53754425048828
6.699999999999999,99.54933166503906,6.700000000000001,102.66239166259766,6.700000000000001,93.19649505615234,6.699999999999999,84.41740417480469,6.700000000000001,93.52283477783205
6.710000000000001,99.55622100830078,6.709999999999999,102.69248962402344,6.709999999999999,93.23053741455078,6.710000000000001,84.41118621826172,6.709999999999999,93.50523376464844
6.719999999999999,99.56330871582033,6.720000000000001,102.71991729736328,6.720000000000001,93.27757263183594,6.719999999999999,84.40363311767578,6.720000000000001,93.48390197753906
6.73,99.57029724121094,6.730000000000002,102.74529266357422,6.730000000000002,93.32776641845705,6.73,84.39605712890625,6.729999999999999,93.46249389648438
6.739999999999998,99.57633972167967,6.74,102.76774597167967,6.74,93.3760986328125,6.740000000000002,84.38843536376953,6.74,93.4371566772461
6.75,99.58155059814452,6.750000000000002,102.7880859375,6.750000000000002,93.41718292236328,6.75,84.37947845458984,6.749999999999998,93.4061279296875
6.759999999999998,99.58152770996094,6.76,102.80548858642578,6.76,93.44989013671876,6.760000000000002,84.37055969238281,6.76,93.37197875976562
6.77,99.58040618896484,6.770000000000001,102.82122039794922,6.770000000000001,93.478759765625,6.77,84.36736297607422,6.770000000000001,93.3349609375
6.780000000000001,99.58060455322266,6.779999999999999,102.83595275878906,6.779999999999999,93.50387573242188,6.780000000000001,84.35749816894531,6.779999999999999,93.29341888427734
6.789999999999999,99.57929229736328,6.790000000000001,102.84760284423828,6.790000000000001,93.52569580078124,6.789999999999999,84.36457061767578,6.790000000000001,93.2519760131836
6.800000000000001,99.5823211669922,6.799999999999999,102.85943603515624,6.799999999999999,93.5363540649414,6.800000000000001,84.3697509765625,6.799999999999999,93.21241760253906
6.809999999999999,99.58668518066406,6.8100000000000005,102.8715362548828,6.8100000000000005,93.5385284423828,6.809999999999999,84.37554168701172,6.8100000000000005,93.1716537475586
6.82,99.5930633544922,6.820000000000002,102.87940979003906,6.820000000000002,93.5523910522461,6.82,84.38094329833984,6.819999999999999,93.13200378417967
6.829999999999998,99.59846496582033,6.83,102.8824234008789,6.83,93.5616683959961,6.830000000000002,84.38585662841797,6.83,93.09393310546876
6.84,99.59624481201172,6.840000000000002,102.88680267333984,6.840000000000002,93.57386779785156,6.84,84.390380859375,6.840000000000002,93.0571746826172
6.850000000000001,99.5863265991211,6.85,102.89269256591795,6.85,93.582275390625,6.850000000000001,84.39353942871094,6.85,93.0193328857422
6.859999999999999,99.5719985961914,6.860000000000001,102.89922332763672,6.860000000000001,93.59076690673828,6.859999999999999,84.39607238769531,6.860000000000001,92.97949981689452
6.870000000000001,99.55172729492188,6.869999999999999,102.9065933227539,6.869999999999999,93.6032257080078,6.870000000000001,84.40106201171875,6.869999999999999,92.9396743774414
6.879999999999999,99.53241729736328,6.880000000000001,102.91477966308594,6.880000000000001,93.61666107177734,6.879999999999999,84.40564727783203,6.880000000000001,92.90103149414062
6.890000000000001,99.51419067382812,6.889999999999999,102.92214965820312,6.889999999999999,93.61048126220705,6.890000000000001,84.4116439819336,6.889999999999999,92.85877990722656
6.899999999999999,99.50225830078124,6.9,102.93017578125,6.9,93.59854888916016,6.900000000000002,84.41737365722656,6.9,92.8065185546875
6.91,99.49114227294922,6.910000000000002,102.93856048583984,6.910000000000002,93.58453369140624,6.91,84.42532348632812,6.909999999999998,92.7498779296875
6.919999999999998,99.47915649414062,6.92,102.94676208496094,6.92,93.57353973388672,6.920000000000002,84.4339828491211,6.92,92.6896743774414
6.93,99.4678955078125,6.9300000000000015,102.95319366455078,6.9300000000000015,93.56391143798828,6.93,84.44039154052734,6.9300000000000015,92.62054443359376
6.940000000000001,99.45703125,6.94,102.95892333984376,6.94,93.55231475830078,6.940000000000001,84.44662475585938,6.94,92.5400390625
6.949999999999999,99.44339752197266,6.950000000000001,102.9649658203125,6.950000000000001,93.53826141357422,6.949999999999999,84.45291900634766,6.950000000000001,92.45417022705078
6.960000000000001,99.42417907714844,6.959999999999999,102.97040557861328,6.959999999999999,93.52798461914062,6.960000000000001,84.45764923095703,6.959999999999999,92.36227416992188
6.969999999999999,99.40483856201172,6.970000000000001,102.97667694091795,6.970000000000001,93.51536560058594,6.969999999999999,84.46743774414062,6.970000000000001,92.25725555419922
6.98,99.38870239257812,6.980000000000002,102.983642578125,6.980000000000002,93.4926986694336,6.98,84.48026275634766,6.979999999999999,92.15119934082033
6.989999999999998,99.37677764892578,6.99,102.990234375,6.99,93.4505386352539,6.990000000000002,84.49742126464844,6.99,92.04098510742188
7.0,99.35877990722656,7.000000000000002,102.99956512451172,7.000000000000002,93.40169525146484,7.0,84.51554107666016,6.999999999999998,91.91807556152344
7.009999999999998,99.34693145751952,7.01,103.0066909790039,7.01,93.34746551513672,7.010000000000002,84.53565216064453,7.01,91.78572082519533
7.02,99.33524322509766,7.020000000000001,103.01293182373048,7.020000000000001,93.28204345703124,7.02,84.55416107177734,7.020000000000001,91.6448211669922
7.030000000000001,99.31810760498048,7.029999999999999,103.0193099975586,7.029999999999999,93.21582794189452,7.030000000000001,84.57072448730469,7.029999999999999,91.50022888183594
7.039999999999999,99.3030776977539,7.040000000000001,103.0284423828125,7.040000000000001,93.15177917480467,7.039999999999999,84.58868408203125,7.040000000000001,91.34508514404295
7.050000000000001,99.28240203857422,7.049999999999999,103.0383529663086,7.049999999999999,93.0759506225586,7.050000000000001,84.61004638671875,7.049999999999999,91.1774444580078
7.059999999999999,99.25652313232422,7.0600000000000005,103.04956817626952,7.0600000000000005,93.00257873535156,7.059999999999999,84.63815307617188,7.0600000000000005,91.00106048583984
7.07,99.2315902709961,7.070000000000002,103.06036376953124,7.070000000000002,92.92049407958984,7.07,84.6732177734375,7.069999999999999,90.80999755859376
7.079999999999998,99.20556640625,7.08,103.07154846191406,7.08,92.8250961303711,7.080000000000002,84.7150650024414,7.08,90.6102066040039
7.09,99.18025207519533,7.090000000000002,103.0860824584961,7.090000000000002,92.69227600097656,7.09,84.7607192993164,7.090000000000002,90.3962860107422
7.100000000000001,99.1428680419922,7.1,103.09933471679688,7.1,92.5568389892578,7.100000000000001,84.80716705322266,7.1,90.1707763671875
7.109999999999999,99.09793090820312,7.110000000000001,103.11021423339844,7.110000000000001,92.38636016845705,7.109999999999999,84.85440826416016,7.110000000000001,89.93287658691406
7.120000000000001,99.04059600830078,7.119999999999999,103.11651611328124,7.119999999999999,92.18359375,7.120000000000001,84.89491271972656,7.119999999999999,89.68136596679688
7.129999999999999,98.96356964111328,7.130000000000001,103.11993408203124,7.130000000000001,92.00659942626952,7.129999999999999,84.92936706542969,7.130000000000001,89.42151641845703
7.140000000000001,98.86285400390624,7.139999999999999,103.1219482421875,7.139999999999999,91.79318237304688,7.140000000000001,84.96322631835938,7.139999999999999,89.15117645263672
7.149999999999999,98.7442398071289,7.15,103.12142181396484,7.15,91.59074401855467,7.150000000000002,84.99482727050781,7.15,88.86434173583984
7.16,98.6105728149414,7.160000000000002,103.11676788330078,7.160000000000002,91.37434387207033,7.16,85.02233123779297,7.159999999999998,88.56190490722656
7.169999999999998,98.46024322509766,7.17,103.11058044433594,7.17,91.1606674194336,7.170000000000002,85.0471420288086,7.17,88.23474884033203
7.18,98.29621124267578,7.1800000000000015,103.10568237304688,7.1800000000000015,90.94329071044922,7.18,85.06991577148438,7.1800000000000015,87.8819351196289
7.190000000000001,98.11952209472656,7.19,103.09827423095705,7.19,90.72492980957033,7.190000000000001,85.09236907958984,7.19,87.50398254394531
7.199999999999999,97.93357849121094,7.200000000000001,103.08448791503906,7.200000000000001,90.47377014160156,7.199999999999999,85.1130142211914,7.200000000000001,87.1076431274414
7.210000000000001,97.73989868164062,7.209999999999999,103.06765747070312,7.209999999999999,90.18629455566406,7.210000000000001,85.13518524169922,7.209999999999999,86.70317077636719
7.219999999999999,97.54199981689452,7.220000000000001,103.04888153076172,7.220000000000001,89.91680908203125,7.219999999999999,85.15787506103516,7.220000000000001,86.33131408691406
7.23,97.31756591796876,7.230000000000002,103.02479553222656,7.230000000000002,89.6757583618164,7.23,85.1801528930664,7.229999999999999,86.020751953125
7.239999999999998,97.05094909667967,7.24,102.9985809326172,7.24,89.43019104003906,7.240000000000002,85.20457458496094,7.24,85.70362091064453
7.25,96.75247955322266,7.250000000000002,102.96900939941406,7.250000000000002,89.10244750976562,7.25,85.2237777709961,7.249999999999998,85.37197875976562
7.260000000000002,96.4413604736328,7.26,102.93331909179688,7.26,88.81304931640625,7.260000000000002,85.2373275756836,7.26,85.02271270751953
7.27,96.1203155517578,7.270000000000001,102.89319610595705,7.270000000000001,88.54659271240234,7.27,85.24317932128906,7.270000000000001,84.65148162841797
7.280000000000001,95.7717056274414,7.279999999999999,102.8504409790039,7.279999999999999,88.26712799072266,7.280000000000001,85.24263763427734,7.279999999999999,84.24439239501953
7.289999999999999,95.37393951416016,7.290000000000001,102.8000259399414,7.290000000000001,87.97367858886719,7.289999999999999,85.23746490478516,7.290000000000001,83.80070495605469
7.300000000000001,94.93976593017578,7.299999999999999,102.75210571289062,7.299999999999999,87.65941619873047,7.300000000000001,85.2245101928711,7.299999999999999,83.33147430419922
7.309999999999999,94.48069763183594,7.31,102.70388793945312,7.31,87.33053588867188,7.309999999999999,85.19725799560547,7.31,82.82225799560547
7.32,93.9755630493164,7.320000000000002,102.65636444091795,7.320000000000002,86.99781036376953,7.32,85.15907287597656,7.3199999999999985,82.26881408691406
7.329999999999998,93.42192840576172,7.33,102.59944152832033,7.33,86.64983367919922,7.330000000000002,85.11119079589844,7.33,81.6733627319336
7.34,92.788330078125,7.340000000000002,102.54139709472656,7.340000000000002,86.30175018310547,7.34,85.0588150024414,7.340000000000002,81.05423736572266
7.350000000000001,92.09010314941406,7.35,102.4837646484375,7.35,85.92802429199219,7.350000000000001,84.99871063232422,7.35,80.39379119873047
7.359999999999999,91.3347625732422,7.360000000000001,102.43479919433594,7.360000000000001,85.51681518554688,7.359999999999999,84.89889526367188,7.360000000000001,79.65302276611328
7.370000000000001,90.47964477539062,7.369999999999999,102.39581298828124,7.369999999999999,85.06861114501953,7.370000000000001,84.76065826416016,7.369999999999999,78.87120056152344
7.379999999999999,89.53943634033203,7.380000000000001,102.35888671875,7.380000000000001,84.62091064453125,7.379999999999999,84.57916259765625,7.380000000000001,78.05653381347656
7.390000000000001,88.52558898925781,7.390000000000002,102.3210678100586,7.390000000000002,84.12995147705078,7.390000000000001,84.37479400634766,7.389999999999999,77.2064208984375
7.399999999999999,87.5008316040039,7.4,102.29883575439452,7.4,83.59419250488281,7.400000000000002,84.17129516601562,7.4,76.32591247558594
7.41,86.51493072509766,7.410000000000002,102.2952651977539,7.410000000000002,83.0322036743164,7.41,83.99690246582031,7.409999999999998,75.45683288574219
7.419999999999998,85.5997543334961,7.42,102.3065414428711,7.42,82.42874908447266,7.420000000000002,83.87247467041016,7.42,74.57305908203125
7.43,84.71736907958984,7.4300000000000015,102.33234405517578,7.4300000000000015,81.80353546142578,7.43,83.80101013183594,7.4300000000000015,72.94878387451172
7.440000000000001,83.78256225585938,7.439999999999999,102.37721252441406,7.439999999999999,81.14005279541016,7.440000000000001,83.78565979003906,7.439999999999999,71.35340881347656
7.449999999999999,82.82810974121094,7.450000000000001,102.45350646972656,7.450000000000001,80.4786376953125,7.449999999999999,83.80648040771484,7.450000000000001,69.80506896972656
7.460000000000001,81.92330932617188,7.459999999999999,102.56434631347656,7.459999999999999,79.835205078125,7.460000000000001,83.83750915527344,7.459999999999999,68.61465454101562
7.469999999999999,81.08545684814453,7.470000000000001,102.70659637451172,7.470000000000001,79.23226928710938,7.469999999999999,83.86813354492188,7.470000000000001,67.60272216796875
7.48,80.3067398071289,7.480000000000002,102.87913513183594,7.480000000000002,78.64683532714844,7.48,83.91664123535156,7.479999999999999,66.51494598388672
7.489999999999998,79.56425476074219,7.49,103.08039093017578,7.49,78.06361389160156,7.490000000000002,84.0027084350586,7.49,65.13377380371094
7.5,78.84290313720703,7.500000000000002,103.28555297851562,7.500000000000002,77.50440216064453,7.5,84.11366271972656,7.499999999999998,63.52230453491211
7.510000000000002,78.16458129882812,7.51,103.5036392211914,7.51,76.9688720703125,7.510000000000002,84.22744750976562,7.51,61.61613845825195
7.52,77.53784942626953,7.520000000000001,103.73902130126952,7.520000000000001,76.38275909423828,7.52,84.30962371826172,7.520000000000001,59.561317443847656
7.530000000000001,76.8067626953125,7.529999999999999,103.99401092529295,7.529999999999999,75.75331115722656,7.530000000000001,84.3588638305664,7.529999999999999,57.5527572631836
7.539999999999999,76.08142852783203,7.540000000000001,104.26161193847656,7.540000000000001,75.13377380371094,7.539999999999999,84.3799819946289,7.540000000000001,55.77256393432617
7.550000000000001,75.37731170654297,7.549999999999999,104.51905822753906,7.549999999999999,74.54239654541016,7.550000000000001,84.36135864257812,7.549999999999999,54.10836791992188
7.559999999999999,74.70091247558594,7.56,104.73318481445312,7.56,74.02125549316406,7.560000000000002,84.32168579101562,7.56,52.22933197021485
7.57,74.00421142578125,7.570000000000002,104.91254425048828,7.570000000000002,73.56166076660156,7.57,84.28636932373047,7.5699999999999985,50.09349060058594
7.579999999999998,73.27389526367188,7.58,105.07633972167967,7.58,73.06507110595703,7.580000000000002,84.26382446289062,7.58,47.7370491027832
7.59,72.5438003540039,7.590000000000002,105.23420715332033,7.590000000000002,72.5670394897461,7.59,84.24624633789062,7.590000000000002,45.260162353515625
7.600000000000001,71.8200912475586,7.6,105.39376068115234,7.6,72.09442901611328,7.600000000000001,84.23251342773438,7.6,43.06375503540039
7.609999999999999,71.14440155029297,7.610000000000001,105.55280303955078,7.610000000000001,71.68647003173828,7.609999999999999,84.20362091064453,7.610000000000001,41.493690490722656
7.620000000000001,70.53168487548828,7.619999999999999,105.72655487060548,7.619999999999999,71.28275299072266,7.620000000000001,84.15332794189453,7.619999999999999,40.152488708496094
7.629999999999999,69.82769775390625,7.630000000000001,105.91326141357422,7.630000000000001,70.8741455078125,7.629999999999999,84.09444427490234,7.630000000000001,38.67280197143555
7.640000000000001,69.14929962158203,7.640000000000002,106.08023071289062,7.640000000000002,70.42308044433594,7.640000000000001,83.99929809570312,7.639999999999999,37.122535705566406
7.649999999999999,68.57389831542969,7.65,106.26130676269533,7.65,70.00364685058594,7.650000000000002,83.87242889404297,7.65,35.66096878051758
7.66,68.0025634765625,7.660000000000002,106.44557189941406,7.660000000000002,69.59678649902344,7.66,83.73416900634766,7.659999999999998,34.295745849609375
7.669999999999998,67.42295837402344,7.67,106.67752075195312,7.67,69.21044158935547,7.670000000000002,83.59848022460938,7.67,32.736328125
7.68,66.8028564453125,7.6800000000000015,106.93426513671876,7.6800000000000015,68.811767578125,7.68,83.47509765625,7.6800000000000015,31.04190444946289
7.690000000000001,66.19889068603516,7.689999999999999,107.23146057128906,7.689999999999999,68.37088775634766,7.690000000000001,83.37152862548828,7.689999999999999,29.54024124145508
7.699999999999999,65.63684844970703,7.700000000000001,107.52513122558594,7.700000000000001,67.9548568725586,7.699999999999999,83.2843246459961,7.700000000000001,28.11269760131836
7.710000000000001,65.10542297363281,7.709999999999999,107.80040740966795,7.709999999999999,67.60099792480469,7.710000000000001,83.20956420898438,7.709999999999999,26.810678482055664
7.719999999999999,64.66178131103516,7.720000000000001,108.05677032470705,7.720000000000001,67.23125457763672,7.719999999999999,83.13219451904297,7.720000000000001,25.50456047058105
7.73,64.27011108398438,7.730000000000002,108.3150634765625,7.730000000000002,66.88350677490234,7.73,83.0445785522461,7.729999999999999,24.25674057006836
7.739999999999998,63.922882080078125,7.74,108.56231689453124,7.74,66.56871032714844,7.740000000000002,82.95311737060547,7.74,22.929309844970703
7.75,63.59020614624024,7.750000000000002,108.80294799804688,7.750000000000002,66.25492858886719,7.75,82.86564636230469,7.750000000000002,21.50324821472168
7.760000000000002,63.287540435791016,7.76,109.04878997802734,7.76,65.9427490234375,7.760000000000002,82.77861785888672,7.76,20.228330612182617
7.77,62.96898651123047,7.770000000000001,109.3180694580078,7.770000000000001,65.70720672607422,7.77,82.68903350830078,7.770000000000001,19.069385528564453
7.780000000000001,62.64836883544922,7.779999999999999,109.58004760742188,7.779999999999999,65.52296447753906,7.780000000000001,82.60038757324219,7.779999999999999,18.007125854492188
7.789999999999999,62.38337326049805,7.790000000000001,109.83840942382812,7.790000000000001,65.35865783691406,7.789999999999999,82.52272033691406,7.790000000000001,17.007884979248047
7.800000000000001,62.129241943359375,7.799999999999999,110.10552978515624,7.799999999999999,65.20954132080078,7.800000000000001,82.44651794433594,7.799999999999999,16.03577423095703
7.809999999999999,61.891845703125,7.81,110.36241912841795,7.81,65.06626892089844,7.810000000000002,82.37864685058594,7.81,15.175910949707031
7.82,61.67839431762695,7.820000000000002,110.62744903564452,7.820000000000002,64.93132019042969,7.82,82.32151794433594,7.8199999999999985,14.397013664245604
7.829999999999998,61.51742172241211,7.83,110.86190032958984,7.83,64.78842163085938,7.830000000000002,82.2737045288086,7.83,13.687997817993164
7.84,61.35411834716797,7.840000000000002,111.07386779785156,7.840000000000002,64.63365173339844,7.84,82.22115325927734,7.840000000000002,12.98687744140625
7.850000000000001,61.17267990112305,7.85,111.28840637207033,7.85,64.45513916015625,7.850000000000001,82.16234588623047,7.85,12.373555183410645
7.859999999999999,61.00234222412109,7.860000000000001,111.48377227783205,7.860000000000001,64.27497100830078,7.859999999999999,82.09217071533203,7.860000000000001,11.80372714996338
7.870000000000001,60.81135559082031,7.869999999999999,111.6983871459961,7.869999999999999,64.14924621582031,7.870000000000001,81.99858093261719,7.869999999999999,11.043133735656738
7.879999999999999,60.63970565795898,7.880000000000001,111.91828918457033,7.880000000000001,64.07289123535156,7.879999999999999,81.87944793701172,7.880000000000001,10.1918306350708
7.890000000000001,60.46721649169922,7.890000000000002,112.13053894042967,7.890000000000002,63.95097732543945,7.890000000000001,81.7569808959961,7.889999999999999,9.62465000152588
7.899999999999999,60.27685928344727,7.9,112.32991027832033,7.9,63.81217193603516,7.900000000000002,81.62678527832031,7.9,9.083395957946776
7.91,60.10645294189453,7.910000000000002,112.52838134765624,7.910000000000002,63.65311813354492,7.91,81.4931869506836,7.909999999999998,8.43017578125
7.919999999999998,59.94963073730469,7.92,112.7197494506836,7.92,63.46208572387695,7.920000000000002,81.359619140625,7.92,8.087015151977539
7.93,59.78043365478516,7.9300000000000015,112.9044189453125,7.9300000000000015,63.30409622192383,7.93,81.22877502441406,7.9300000000000015,7.733824253082275
7.940000000000001,59.59132766723633,7.939999999999999,113.08499145507812,7.939999999999999,63.13355255126953,7.940000000000001,81.10575103759766,7.939999999999999,7.350536346435547
7.949999999999999,59.39961242675781,7.950000000000001,113.27059936523438,7.950000000000001,62.95014953613281,7.949999999999999,80.98400115966797,7.950000000000001,7.005083560943604
7.960000000000001,59.23182678222656,7.959999999999999,113.45401763916016,7.959999999999999,62.79018020629883,7.960000000000001,80.86781311035156,7.959999999999999,6.682647705078125
7.969999999999999,59.0759162902832,7.970000000000001,113.63501739501952,7.970000000000001,62.66426467895508,7.969999999999999,80.74903106689453,7.970000000000001,6.399674415588379
7.98,58.9233283996582,7.980000000000002,113.81011199951172,7.980000000000002,62.536170959472656,7.98,80.63015747070312,7.979999999999999,6.150585651397705
7.989999999999998,58.79378890991211,7.99,113.99787139892578,7.99,62.44472885131836,7.990000000000002,80.51345825195312,7.99,5.925418853759766
8.0,58.67716217041016,8.000000000000002,114.17491149902344,8.000000000000002,62.299102783203125,8.0,80.40403747558594,8.000000000000002,5.725563049316406
8.010000000000002,58.58695602416992,8.01,114.34148406982422,8.01,62.20132827758789,8.010000000000002,80.29891967773438,8.01,5.557741641998291
8.02,58.51533508300781,8.020000000000001,114.51698303222656,8.020000000000001,62.12521743774414,8.02,80.21226501464844,8.020000000000001,5.44927978515625
8.030000000000001,58.4610481262207,8.03,114.69348907470705,8.03,62.077972412109375,8.030000000000001,80.15100860595703,8.03,5.368431091308594
8.04,58.43357467651367,8.040000000000001,114.8642120361328,8.040000000000001,62.02635192871094,8.04,80.1087417602539,8.040000000000001,5.293145179748535
8.05,58.43878936767578,8.049999999999999,115.0239715576172,8.049999999999999,61.99142074584961,8.05,80.0833740234375,8.049999999999999,5.237018585205078
8.059999999999999,58.49264526367188,8.06,115.17932891845705,8.06,61.97157287597656,8.060000000000002,80.07238006591797,8.06,5.203581809997559
8.07,58.57601165771485,8.070000000000002,115.32019805908205,8.070000000000002,61.97938537597656,8.07,80.0688247680664,8.069999999999999,5.237537860870361
8.079999999999998,58.69636917114258,8.08,115.4486083984375,8.08,62.01609802246094,8.080000000000002,80.07677459716797,8.08,5.26306676864624
8.09,58.84115982055664,8.090000000000002,115.56256103515624,8.090000000000002,62.07037734985352,8.09,80.09757232666016,8.090000000000002,5.3057966232299805
8.100000000000001,59.01694107055664,8.1,115.67146301269533,8.1,62.15097427368164,8.100000000000001,80.12165832519531,8.1,5.4564056396484375
8.11,59.20555114746094,8.110000000000001,115.7693099975586,8.110000000000001,62.26055908203125,8.11,80.14319610595703,8.110000000000001,5.58665132522583
8.120000000000001,59.41448593139648,8.12,115.85533142089844,8.12,62.38619995117188,8.120000000000001,80.15697479248047,8.12,5.731082439422607
8.129999999999999,59.635990142822266,8.13,115.9267349243164,8.13,62.536041259765625,8.129999999999999,80.16512298583984,8.13,5.962156772613525
8.14,59.879539489746094,8.140000000000002,115.97605895996094,8.140000000000002,62.71064758300781,8.14,80.17005920410156,8.139999999999999,6.122513294219971
8.149999999999999,60.12299728393555,8.15,116.00650787353516,8.15,62.88410186767578,8.150000000000002,80.17532348632812,8.15,6.363879203796387
8.16,60.37031936645508,8.160000000000002,116.01195526123048,8.160000000000002,63.054725646972656,8.16,80.1856918334961,8.159999999999998,6.663488864898682
8.169999999999998,60.61729049682617,8.17,115.99114227294922,8.17,63.23310852050781,8.170000000000002,80.20378875732422,8.17,6.931204795837402
8.18,60.87309646606445,8.180000000000001,115.9450225830078,8.180000000000001,63.40102767944336,8.18,80.2262954711914,8.180000000000001,7.270272254943848
8.190000000000001,61.1352767944336,8.19,115.88147735595705,8.19,63.53447723388672,8.190000000000001,80.25518035888672,8.19,7.675977230072021
8.2,61.42058181762695,8.200000000000001,115.80377197265624,8.200000000000001,63.65186309814453,8.2,80.29843139648438,8.200000000000001,8.108668327331543
8.21,61.69537353515625,8.209999999999999,115.71207427978516,8.209999999999999,63.792236328125,8.21,80.35520935058594,8.209999999999999,8.610292434692383
8.219999999999999,61.99329376220703,8.22,115.5990753173828,8.22,63.95256042480469,8.219999999999999,80.42837524414062,8.22,9.212711334228516
8.23,62.29343795776367,8.230000000000002,115.451416015625,8.230000000000002,64.12281036376953,8.23,80.51153564453125,8.229999999999999,9.86513900756836
8.239999999999998,62.59122085571289,8.24,115.28514099121094,8.24,64.28233337402344,8.240000000000002,80.60650634765625,8.24,10.552360534667969
8.25,62.88394165039063,8.250000000000002,115.10712432861328,8.250000000000002,64.446044921875,8.25,80.7111587524414,8.250000000000002,11.275067329406738
8.260000000000002,63.18046951293945,8.26,114.92483520507812,8.26,64.61235809326172,8.260000000000002,80.8167724609375,8.26,12.013914108276367
8.27,63.473663330078125,8.270000000000001,114.7380599975586,8.270000000000001,64.75850677490234,8.27,80.92549133300781,8.270000000000001,12.773311614990234
8.280000000000001,63.78012466430664,8.28,114.54916381835938,8.28,64.92214965820312,8.280000000000001,81.02722930908203,8.28,13.54737663269043
8.29,64.07295989990234,8.290000000000001,114.35797119140624,8.290000000000001,65.11781311035156,8.29,81.12801361083984,8.290000000000001,14.316439628601074
8.3,64.36647033691406,8.299999999999999,114.16022491455078,8.299999999999999,65.29850006103516,8.3,81.23020935058594,8.299999999999999,15.11550521850586
8.309999999999999,64.65985870361328,8.31,113.9497528076172,8.31,65.47623443603516,8.310000000000002,81.34001159667969,8.31,15.918746948242188
8.32,64.95189666748047,8.320000000000002,113.7309799194336,8.320000000000002,65.67707824707031,8.32,81.46537017822266,8.319999999999999,16.771387100219727
8.329999999999998,65.23695373535156,8.33,113.5119857788086,8.33,65.89830017089844,8.330000000000002,81.60660552978516,8.33,17.6541690826416
8.34,65.53416442871094,8.340000000000002,113.2892608642578,8.340000000000002,66.13433074951172,8.34,81.75070190429688,8.340000000000002,18.57060813903809
8.350000000000001,65.85539245605469,8.35,113.06400299072266,8.35,66.37199401855469,8.350000000000001,81.89285278320312,8.35,19.509201049804688
8.36,66.17910766601562,8.360000000000001,112.83411407470705,8.360000000000001,66.6165542602539,8.36,82.02727508544922,8.360000000000001,20.47382926940918
8.370000000000001,66.5130386352539,8.37,112.60259246826172,8.37,66.86857604980469,8.370000000000001,82.15206146240234,8.37,21.461162567138672
8.379999999999999,66.87261962890625,8.38,112.36497497558594,8.38,67.11775207519531,8.379999999999999,82.27472686767578,8.38,22.488500595092773
8.39,67.22264099121094,8.390000000000002,112.12911224365234,8.390000000000002,67.37287902832031,8.39,82.382568359375,8.389999999999999,23.559892654418945
8.399999999999999,67.59930419921875,8.4,111.8877410888672,8.4,67.65347290039062,8.400000000000002,82.4880142211914,8.4,24.6306381225586
8.41,67.99931335449219,8.410000000000002,111.64774322509766,8.410000000000002,67.92910766601562,8.41,82.58885955810547,8.409999999999998,25.73214340209961
8.419999999999998,68.42652893066406,8.42,111.41773223876952,8.42,68.26345825195312,8.420000000000002,82.67665100097656,8.42,26.845762252807617
8.43,68.86408996582031,8.430000000000001,111.19017791748048,8.430000000000001,68.63916015625,8.43,82.75492095947266,8.430000000000001,27.98751640319824
8.440000000000001,69.3014907836914,8.44,110.96388244628906,8.44,68.96068572998047,8.440000000000001,82.82994842529297,8.44,29.14558982849121
8.45,69.71160888671875,8.450000000000001,110.74080657958984,8.450000000000001,69.27369689941406,8.45,82.92057800292969,8.450000000000001,30.32338523864746
8.46,70.12604522705078,8.459999999999999,110.51451110839844,8.459999999999999,69.58617401123047,8.46,83.03852844238281,8.459999999999999,31.51602363586425
8.469999999999999,70.52838134765625,8.47,110.27667236328124,8.47,69.91101837158203,8.469999999999999,83.16638946533203,8.47,32.72612762451172
8.48,70.95915222167969,8.480000000000002,110.03461456298828,8.480000000000002,70.2420425415039,8.48,83.2967529296875,8.479999999999999,33.91975402832031
8.489999999999998,71.40885162353516,8.49,109.787841796875,8.49,70.57625579833984,8.490000000000002,83.42323303222656,8.49,35.09199523925781
8.5,71.88116455078125,8.500000000000002,109.54295349121094,8.500000000000002,70.90528106689453,8.5,83.53173065185547,8.500000000000002,36.25202560424805
8.510000000000002,72.38187408447266,8.51,109.30200958251952,8.51,71.2508773803711,8.510000000000002,83.62699890136719,8.51,37.40412521362305
8.52,72.88494110107422,8.520000000000001,109.06126403808594,8.520000000000001,71.64131927490234,8.52,83.69528198242188,8.520000000000001,38.54628753662109
8.530000000000001,73.36946105957031,8.53,108.81458282470705,8.53,72.08148956298828,8.530000000000001,83.7762222290039,8.53,39.68522644042969
8.54,73.87288665771484,8.540000000000001,108.57144165039062,8.540000000000001,72.54497528076172,8.54,83.86092376708984,8.540000000000001,40.834869384765625
8.55,74.40615844726562,8.549999999999999,108.3245849609375,8.549999999999999,73.03790283203125,8.55,83.9445571899414,8.549999999999999,42.00283050537109
8.559999999999999,74.9462661743164,8.56,108.08290100097656,8.56,73.5279541015625,8.560000000000002,84.02838134765625,8.56,43.18955612182617
8.57,75.53592681884766,8.570000000000002,107.84651184082033,8.570000000000002,74.02568054199219,8.57,84.10973358154297,8.569999999999999,44.38456344604492
8.579999999999998,76.14312744140625,8.58,107.6172866821289,8.58,74.54740905761719,8.580000000000002,84.20301055908203,8.58,45.576805114746094
8.59,76.73726654052734,8.590000000000002,107.39920043945312,8.590000000000002,75.12619018554688,8.59,84.29801940917969,8.590000000000002,46.77334213256836
8.600000000000001,77.31778717041016,8.6,107.18399810791016,8.6,75.76806640625,8.600000000000001,84.39979553222656,8.6,47.96426773071289
8.61,77.91334533691406,8.610000000000001,107.05238342285156,8.610000000000001,76.3727798461914,8.61,84.50792694091797,8.610000000000001,49.14892959594727
8.620000000000001,78.55500793457031,8.62,106.826904296875,8.62,76.97084045410156,8.620000000000001,84.62060546875,8.62,50.314903259277344
8.629999999999999,79.22301483154297,8.63,106.61369323730467,8.63,77.56791687011719,8.629999999999999,84.7307357788086,8.63,51.46228790283203
8.64,79.8915023803711,8.640000000000002,106.3962631225586,8.640000000000002,78.1611557006836,8.64,84.83429718017578,8.639999999999999,52.61003875732422
8.649999999999999,80.55311584472656,8.65,106.17510223388672,8.65,78.7455825805664,8.650000000000002,84.93180847167969,8.65,53.75747680664063
8.66,81.22650909423828,8.660000000000002,105.94725799560548,8.660000000000002,79.30197143554688,8.66,85.02369689941406,8.659999999999998,54.90439987182617
8.669999999999998,81.88309478759766,8.67,105.7132339477539,8.67,79.8546142578125,8.670000000000002,85.11034393310547,8.67,56.04045104980469
8.68,82.52316284179688,8.680000000000001,105.47310638427734,8.680000000000001,80.42938995361328,8.68,85.1939468383789,8.680000000000001,57.14337921142578
8.690000000000001,83.14541625976562,8.69,105.22045135498048,8.69,81.00015258789062,8.690000000000001,85.2583236694336,8.69,58.21938705444336
8.7,83.76691436767578,8.700000000000001,104.96149444580078,8.700000000000001,81.58810424804688,8.7,85.31000518798828,8.700000000000001,59.302528381347656
8.71,84.36782836914062,8.709999999999999,104.72119903564452,8.709999999999999,82.16874694824219,8.71,85.35588836669922,8.709999999999999,60.380638122558594
8.719999999999999,84.96604919433594,8.72,104.4764633178711,8.72,82.72373962402344,8.719999999999999,85.39488983154297,8.72,61.453857421875
8.73,85.55264282226562,8.730000000000002,104.22563934326172,8.730000000000002,83.32329559326172,8.73,85.43638610839844,8.729999999999999,62.53401184082031
8.739999999999998,86.123779296875,8.74,103.96859741210938,8.74,83.94032287597656,8.740000000000002,85.48643493652344,8.74,63.58102416992188
8.75,86.71852111816406,8.750000000000002,103.7230224609375,8.750000000000002,84.56312561035156,8.75,85.53231048583984,8.750000000000002,64.59366607666016
8.760000000000002,87.31449127197266,8.76,103.47610473632812,8.76,85.18122863769531,8.760000000000002,85.5754623413086,8.76,65.60958099365234
8.77,87.8840560913086,8.770000000000001,103.23367309570312,8.770000000000001,85.75550842285156,8.77,85.61683654785156,8.770000000000001,66.63600158691406
8.780000000000001,88.4343032836914,8.78,102.99130249023438,8.78,86.28366088867188,8.780000000000001,85.64910888671875,8.78,67.60999298095703
8.79,88.99308776855469,8.790000000000001,102.7563934326172,8.790000000000001,86.819091796875,8.79,85.67644500732422,8.790000000000001,68.54466247558594
8.8,89.5220947265625,8.799999999999999,102.52384185791016,8.799999999999999,87.32760620117188,8.8,85.69417572021484,8.799999999999999,69.44657135009766
8.809999999999999,90.005859375,8.81,102.29512786865234,8.81,87.80449676513672,8.810000000000002,85.70829772949219,8.81,70.33289337158203
8.82,90.4605484008789,8.820000000000002,102.08604431152344,8.820000000000002,88.2384262084961,8.82,85.71339416503906,8.819999999999999,71.2318115234375
8.829999999999998,90.86404418945312,8.83,101.87899780273438,8.83,88.6278076171875,8.830000000000002,85.71287536621094,8.83,72.12320709228516
8.84,91.2657699584961,8.840000000000002,101.6698989868164,8.840000000000002,88.9703598022461,8.84,85.70896911621094,8.840000000000002,73.03313446044922
8.850000000000001,91.67476654052734,8.85,101.45781707763672,8.85,89.26040649414062,8.850000000000001,85.70775604248047,8.85,73.88917541503906
8.86,92.0568389892578,8.860000000000001,101.2620849609375,8.860000000000001,89.5084457397461,8.86,85.700927734375,8.860000000000001,74.72931671142578
8.870000000000001,92.41022491455078,8.87,101.10218811035156,8.87,89.72162628173828,8.870000000000001,85.68511962890625,8.87,75.54818725585938
8.879999999999999,92.73307037353516,8.88,100.95228576660156,8.88,89.90144348144531,8.879999999999999,85.66427612304688,8.88,76.36480712890625
8.89,93.0216827392578,8.890000000000002,100.8192367553711,8.890000000000002,90.04338073730469,8.89,85.63824462890625,8.889999999999999,77.13568878173828
8.899999999999999,93.2502212524414,8.9,100.70197296142578,8.9,90.16881561279295,8.900000000000002,85.60979461669922,8.9,77.835205078125
8.91,93.4358901977539,8.910000000000002,100.60202026367188,8.910000000000002,90.28074645996094,8.91,85.57764434814453,8.909999999999998,78.49007415771484
8.919999999999998,93.60096740722656,8.92,100.51277160644533,8.92,90.38235473632812,8.920000000000002,85.54154968261719,8.92,79.10316467285156
8.93,93.73016357421876,8.930000000000001,100.4434585571289,8.930000000000001,90.47969818115234,8.93,85.5044937133789,8.930000000000001,79.72742462158203
8.940000000000001,93.83575439453124,8.94,100.40965270996094,8.94,90.5671615600586,8.940000000000001,85.46611785888672,8.94,80.3509292602539
8.95,93.926025390625,8.950000000000001,100.38875579833984,8.950000000000001,90.66984558105467,8.95,85.43266296386719,8.950000000000001,80.93102264404297
8.96,94.02239227294922,8.959999999999999,100.38160705566406,8.959999999999999,90.79745483398438,8.96,85.3941650390625,8.959999999999999,81.50926208496094
8.969999999999999,94.1388931274414,8.97,100.40099334716795,8.97,90.90731811523438,8.969999999999999,85.34884643554688,8.97,82.09400939941406
8.98,94.27623748779295,8.980000000000002,100.44132232666016,8.980000000000002,91.0348892211914,8.98,85.3037338256836,8.979999999999999,82.69596862792969
8.989999999999998,94.41810607910156,8.99,100.51046752929688,8.99,91.1697006225586,8.990000000000002,85.25843048095703,8.99,83.3195571899414
9.0,94.56514739990234,9.000000000000002,100.5829849243164,9.000000000000002,91.33064270019533,9.0,85.21251678466797,9.000000000000002,83.95574951171875
9.010000000000002,94.69880676269533,9.01,100.65867614746094,9.01,91.50409698486328,9.010000000000002,85.16778564453125,9.01,84.54215240478516
9.02,94.82176208496094,9.02,100.7495346069336,9.02,91.68462371826172,9.02,85.1229019165039,9.02,85.0950698852539
9.03,94.93962097167967,9.03,100.85523986816406,9.03,91.90608978271484,9.03,85.07672882080078,9.03,85.64600372314453
9.04,95.05496978759766,9.04,100.97045135498048,9.04,92.12447357177734,9.04,85.03262329101562,9.04,86.17974853515625
9.05,95.14680480957033,9.05,101.0990982055664,9.05,92.3379898071289,9.05,84.99319458007812,9.05,86.7219009399414
9.06,95.23150634765624,9.06,101.2079086303711,9.06,92.54713439941406,9.060000000000002,84.9619369506836,9.06,87.205810546875
9.07,95.31705474853516,9.070000000000002,101.3015365600586,9.070000000000002,92.77357482910156,9.07,84.93585968017578,9.07,87.62499237060547
9.079999999999998,95.39208221435548,9.08,101.40189361572266,9.08,92.98651885986328,9.080000000000002,84.91907501220703,9.08,87.97245788574219
9.09,95.4593505859375,9.090000000000002,101.49834442138672,9.090000000000002,93.14984893798828,9.09,84.9087142944336,9.090000000000002,88.35929107666016
9.1,95.51705169677734,9.1,101.56289672851562,9.1,93.29908752441406,9.1,84.9049301147461,9.1,88.74479675292969
9.11,95.57804107666016,9.11,101.63117980957033,9.11,93.42643737792967,9.11,84.9028091430664,9.11,89.12882995605469
9.12,95.64535522460938,9.12,101.6943359375,9.12,93.53372192382812,9.12,84.90245819091797,9.12,89.5718002319336
9.13,95.70874786376952,9.13,101.7492904663086,9.13,93.62541198730467,9.13,84.89927673339844,9.13,90.025634765625
9.14,95.74870300292967,9.140000000000002,101.80059814453124,9.140000000000002,93.6964874267578,9.14,84.89505004882812,9.14,90.45987701416016
9.15,95.78275299072266,9.15,101.84562683105467,9.15,93.7564926147461,9.150000000000002,84.88858795166016,9.15,90.87776184082033
9.16,95.8155746459961,9.160000000000002,101.88775634765624,9.160000000000002,93.80855560302734,9.16,84.87727355957031,9.159999999999998,91.23313903808594
9.169999999999998,95.85089874267578,9.17,101.94343566894533,9.17,93.84668731689452,9.170000000000002,84.86248779296875,9.17,91.5906982421875
9.18,95.87641143798828,9.18,101.9853973388672,9.18,93.86945343017578,9.18,84.84586334228516,9.18,91.93083190917967
9.19,95.89413452148438,9.19,102.03564453125,9.19,93.88156127929688,9.19,84.82960510253906,9.19,92.27767181396484
9.2,95.91094207763672,9.2,102.08321380615234,9.2,93.89559936523438,9.2,84.81491088867188,9.2,92.5917510986328
9.21,95.92214965820312,9.21,102.1237335205078,9.21,93.90460968017578,9.21,84.79788970947266,9.21,92.89774322509766
9.22,95.94298553466795,9.22,102.15457153320312,9.22,93.91437530517578,9.22,84.7786636352539,9.22,93.1913070678711
9.23,95.95438385009766,9.230000000000002,102.18720245361328,9.230000000000002,93.9180145263672,9.23,84.7591323852539,9.23,93.46614837646484
9.239999999999998,95.9549331665039,9.24,102.21163177490234,9.24,93.93141174316406,9.240000000000002,84.73797607421875,9.24,93.73218536376952
9.25,95.94715118408205,9.250000000000002,102.24329376220705,9.250000000000002,93.98963165283205,9.25,84.71792602539062,9.250000000000002,93.99077606201172
9.260000000000002,95.9275894165039,9.26,102.27327728271484,9.26,94.03558349609376,9.260000000000002,84.70136260986328,9.26,94.232421875
9.27,95.90724182128906,9.27,102.3009796142578,9.27,94.07626342773438,9.27,84.68183135986328,9.27,94.45459747314452
9.28,95.8925552368164,9.28,102.32852172851562,9.28,94.12525177001952,9.28,84.66008758544922,9.28,94.65377044677734
9.29,95.88134002685548,9.29,102.35494232177734,9.29,94.17715454101562,9.29,84.63886260986328,9.29,94.8330535888672
9.3,95.87477111816406,9.3,102.37822723388672,9.3,94.22276306152344,9.3,84.61865997314453,9.3,94.99198150634766
9.31,95.86526489257812,9.31,102.39217376708984,9.31,94.2677764892578,9.310000000000002,84.60021209716797,9.31,95.14257049560548
9.32,95.87142944335938,9.320000000000002,102.40860748291016,9.320000000000002,94.31182861328124,9.32,84.5828628540039,9.32,95.28160858154295
9.329999999999998,95.88441467285156,9.33,102.42378997802734,9.33,94.35904693603516,9.330000000000002,84.56712341308594,9.33,95.40511322021484
9.34,95.90026092529295,9.340000000000002,102.43152618408205,9.340000000000002,94.41309356689452,9.34,84.5474853515625,9.340000000000002,95.51558685302734
9.35,95.9090805053711,9.35,102.44759368896484,9.35,94.4663543701172,9.35,84.52538299560547,9.35,95.61681365966795
9.36,95.91146087646484,9.36,102.47003173828124,9.36,94.51956939697266,9.36,84.50265502929688,9.36,95.71251678466795
9.37,95.92140197753906,9.37,102.49378967285156,9.37,94.56813049316406,9.37,84.4794692993164,9.37,95.79112243652344
9.38,95.93402099609376,9.38,102.51954650878906,9.38,94.60855865478516,9.38,84.45532989501953,9.38,95.85734558105467
9.39,95.9451141357422,9.390000000000002,102.5501480102539,9.390000000000002,94.64598083496094,9.39,84.43386840820312,9.39,95.91727447509766
9.4,95.94707489013672,9.4,102.57568359375,9.4,94.67281341552734,9.400000000000002,84.4115982055664,9.4,95.96060943603516
9.41,95.95115661621094,9.410000000000002,102.5996322631836,9.410000000000002,94.69988250732422,9.41,84.38947296142578,9.409999999999998,95.99354553222656
9.419999999999998,95.95677947998048,9.42,102.6244659423828,9.42,94.7219696044922,9.420000000000002,84.36611938476562,9.42,96.01725006103516
9.43,95.96021270751952,9.43,102.64749908447266,9.43,94.73915100097656,9.43,84.34317779541016,9.43,96.03659057617188
9.44,95.9598159790039,9.44,102.67333221435548,9.44,94.75706481933594,9.44,84.32350158691406,9.44,96.04912567138672
9.45,95.95677947998048,9.45,102.69661712646484,9.45,94.76996612548828,9.45,84.30818176269531,9.45,96.0596923828125
9.46,95.9652862548828,9.46,102.71240234375,9.46,94.78453826904295,9.46,84.29209899902344,9.46,96.0662841796875
9.47,95.97235870361328,9.47,102.71915435791016,9.47,94.79995727539062,9.47,84.2798080444336,9.47,96.06806182861328
9.48,95.97832489013672,9.480000000000002,102.7283172607422,9.480000000000002,94.81426239013672,9.48,84.27117156982422,9.48,96.0643310546875
9.489999999999998,95.9835433959961,9.49,102.73789978027344,9.49,94.82731628417967,9.490000000000002,84.26754760742188,9.49,96.05992889404295
9.5,95.98419952392578,9.500000000000002,102.74423217773438,9.500000000000002,94.84442138671876,9.5,84.26481628417969,9.500000000000002,96.05744934082033
9.510000000000002,95.9805679321289,9.51,102.7508773803711,9.51,94.86554718017578,9.510000000000002,84.26370239257812,9.51,96.05254364013672
9.52,95.97868347167967,9.52,102.7543487548828,9.52,94.88185119628906,9.52,84.2621078491211,9.52,96.04997253417967
9.53,95.9692840576172,9.53,102.75704956054688,9.53,94.9020538330078,9.53,84.25848388671875,9.53,96.05533599853516
9.54,95.95467376708984,9.54,102.76567840576172,9.54,94.92018127441406,9.54,84.24918365478516,9.54,96.06658172607422
9.55,95.93485260009766,9.55,102.77558135986328,9.55,94.93744659423828,9.55,84.23596954345703,9.55,96.08329010009766
9.56,95.91152954101562,9.56,102.7881088256836,9.56,94.9570770263672,9.560000000000002,84.21925354003906,9.56,96.09440612792967
9.57,95.88455200195312,9.570000000000002,102.8019027709961,9.570000000000002,94.969970703125,9.57,84.19539642333984,9.57,96.10809326171876
9.579999999999998,95.85997009277344,9.58,102.81062316894533,9.58,94.98545837402344,9.580000000000002,84.16598510742188,9.58,96.1266860961914
9.59,95.82270050048828,9.590000000000002,102.81983184814452,9.590000000000002,94.9999771118164,9.59,84.13582611083984,9.590000000000002,96.15062713623048
9.6,95.7887954711914,9.6,102.82946014404295,9.6,95.01300811767578,9.6,84.09920501708984,9.6,96.1733169555664
9.61,95.75498962402344,9.61,102.8386688232422,9.61,95.01976776123048,9.61,84.0612564086914,9.61,96.19129943847656
9.62,95.7152099609375,9.62,102.85343933105467,9.62,95.0222396850586,9.62,84.02589416503906,9.62,96.2042999267578
9.63,95.68206787109376,9.63,102.87447357177734,9.63,95.02092742919922,9.63,83.99336242675781,9.63,96.2192840576172
9.64,95.66087341308594,9.640000000000002,102.90421295166016,9.640000000000002,95.0173110961914,9.64,83.96275329589844,9.64,96.2437744140625
9.65,95.65202331542967,9.65,102.9412078857422,9.65,95.00798797607422,9.650000000000002,83.934326171875,9.65,96.25984954833984
9.66,95.67459106445312,9.660000000000002,102.97965240478516,9.660000000000002,94.99800872802734,9.66,83.9098892211914,9.659999999999998,96.27918243408205
9.669999999999998,95.6899185180664,9.67,103.0236587524414,9.67,94.98438262939452,9.670000000000002,83.88896179199219,9.67,96.29881286621094
9.68,95.704833984375,9.68,103.07971954345705,9.68,94.9680404663086,9.68,83.87340545654297,9.68,96.32196044921876
9.69,95.72512817382812,9.69,103.14720916748048,9.69,94.95339965820312,9.69,83.8600082397461,9.69,96.34901428222656
9.7,95.75296783447266,9.7,103.21125793457033,9.7,94.94193267822266,9.7,83.84864044189453,9.7,96.3879165649414
9.71,95.7838363647461,9.71,103.27650451660156,9.71,94.93238830566406,9.71,83.83942413330078,9.71,96.41997528076172
9.72,95.80728149414062,9.72,103.34105682373048,9.72,94.92596435546876,9.72,83.83177185058594,9.72,96.44570922851562
9.73,95.82957458496094,9.730000000000002,103.40287017822266,9.730000000000002,94.92305755615234,9.73,83.82562255859375,9.73,96.46678924560548
9.739999999999998,95.854248046875,9.74,103.4582748413086,9.74,94.9217758178711,9.740000000000002,83.81865692138672,9.74,96.49047088623048
9.75,95.87432861328124,9.750000000000002,103.50846862792967,9.750000000000002,94.93964385986328,9.75,83.812255859375,9.750000000000002,96.50848388671876
9.760000000000002,95.89289093017578,9.76,103.55459594726562,9.76,94.94197082519533,9.760000000000002,83.80928039550781,9.76,96.5206527709961
9.77,95.9143295288086,9.77,103.5912094116211,9.77,94.9478988647461,9.77,83.80474853515625,9.77,96.52863311767578
9.78,95.94223022460938,9.78,103.62684631347656,9.78,94.9577178955078,9.78,83.80244445800781,9.78,96.53366088867188
9.79,95.9773178100586,9.79,103.6763916015625,9.79,94.96163940429688,9.79,83.80313110351562,9.79,96.54255676269533
9.8,96.01631927490234,9.8,103.72029113769533,9.8,94.96292114257812,9.8,83.81124877929688,9.8,96.54478454589844
9.81,96.05529022216795,9.81,103.7475128173828,9.81,94.96560668945312,9.810000000000002,83.81385040283203,9.81,96.54100799560548
9.82,96.09105682373048,9.820000000000002,103.77054595947266,9.820000000000002,94.9673843383789,9.82,83.81607818603516,9.82,96.5355224609375
9.829999999999998,96.11802673339844,9.83,103.7932357788086,9.83,94.96621704101562,9.830000000000002,83.8144302368164,9.83,96.5282211303711
9.84,96.1371078491211,9.840000000000002,103.8161392211914,9.840000000000002,94.95780181884766,9.84,83.81189727783203,9.840000000000002,96.51119232177734
9.85,96.15185546875,9.85,103.8385238647461,9.85,94.9445343017578,9.85,83.80828857421875,9.85,96.48944854736328
9.86,96.1660614013672,9.86,103.85740661621094,9.86,94.9341049194336,9.86,83.80413818359375,9.86,96.4692840576172
9.87,96.18407440185548,9.87,103.87361145019533,9.87,94.9324951171875,9.87,83.80125427246094,9.87,96.4441909790039
9.88,96.20398712158205,9.88,103.8839874267578,9.88,94.94188690185548,9.88,83.80280303955078,9.88,96.41051483154295
9.89,96.216552734375,9.890000000000002,103.89620208740234,9.890000000000002,94.94786071777344,9.89,83.80571746826172,9.89,96.37386322021484
9.9,96.2216339111328,9.9,103.90744018554688,9.9,94.94969940185548,9.900000000000002,83.80903625488281,9.9,96.33541107177734
9.91,96.21693420410156,9.910000000000002,103.9141082763672,9.910000000000002,94.94851684570312,9.91,83.80876922607422,9.909999999999998,96.29576873779295
9.919999999999998,96.20459747314452,9.92,103.91950988769533,9.92,94.9478988647461,9.920000000000002,83.80865478515625,9.92,96.25645446777344
9.93,96.18977355957033,9.93,103.9234390258789,9.93,94.94976806640624,9.93,83.80655670166016,9.93,96.21368408203124
9.94,96.17317962646484,9.94,103.92283630371094,9.94,94.9564971923828,9.94,83.80155181884766,9.94,96.16993713378906
9.95,96.1587371826172,9.95,103.92022705078124,9.95,94.96458435058594,9.95,83.79916381835938,9.95,96.12635803222656
9.96,96.1485595703125,9.96,103.91515350341795,9.96,94.9772491455078,9.96,83.79631805419922,9.96,96.0833969116211
9.97,96.1424789428711,9.97,103.90199279785156,9.97,94.97042083740234,9.97,83.7937240600586,9.97,96.04631805419922
9.98,96.1498565673828,9.980000000000002,103.89461517333984,9.980000000000002,94.96378326416016,9.98,83.79458618164062,9.98,96.0135498046875
9.989999999999998,96.16343688964844,9.99,103.88935089111328,9.99,94.95197296142578,9.990000000000002,83.80055236816406,9.99,95.98085021972656
10.0,96.1816635131836,10.000000000000002,103.88563537597656,10.000000000000002,94.94512939453124,10.0,83.80403900146484,10.000000000000002,95.95040130615234
10.010000000000002,96.19937133789062,10.01,103.88565063476562,10.01,94.94595336914062,10.010000000000002,83.80430603027344,10.01,95.9221420288086
10.02,96.21226501464844,10.02,103.877197265625,10.02,94.94351196289062,10.02,83.80272674560547,10.02,95.89496612548828
10.03,96.2184600830078,10.03,103.88286590576172,10.03,94.9155731201172,10.03,83.80121612548828,10.03,95.87136840820312
10.04,96.22978973388672,10.04,103.88916778564452,10.04,94.87944793701172,10.04,83.7989730834961,10.04,95.85124206542967
10.05,96.24266052246094,10.05,103.89720916748048,10.05,94.8496551513672,10.05,83.7955093383789,10.05,95.82937622070312
10.06,96.25527954101562,10.06,103.90699768066406,10.06,94.83341979980467,10.060000000000002,83.78981018066406,10.06,95.8073959350586
10.07,96.26912689208984,10.070000000000002,103.91754913330078,10.070000000000002,94.79426574707033,10.07,83.78263854980469,10.07,95.78654479980467
10.079999999999998,96.2811508178711,10.08,103.92830657958984,10.08,94.76780700683594,10.080000000000002,83.77803039550781,10.08,95.7658462524414
10.09,96.29139709472656,10.090000000000002,103.94437408447266,10.090000000000002,94.75796508789062,10.09,83.77314758300781,10.090000000000002,95.74891662597656
10.1,96.2988510131836,10.1,103.95484924316406,10.1,94.76163482666016,10.1,83.7674331665039,10.1,95.73596954345705
10.11,96.302001953125,10.11,103.96452331542967,10.11,94.7676773071289,10.11,83.76177215576172,10.11,95.72491455078124
10.12,96.30134582519533,10.12,103.9729232788086,10.12,94.76839447021484,10.12,83.75572204589844,10.12,95.71636199951172
10.13,96.28523254394533,10.13,103.98306274414062,10.13,94.76866149902344,10.13,83.75086975097656,10.13,95.71620178222656
10.14,96.26185607910156,10.140000000000002,103.99215698242188,10.140000000000002,94.76544952392578,10.14,83.74471282958984,10.14,95.71402740478516
10.15,96.23550415039062,10.15,103.9976806640625,10.15,94.75588989257812,10.150000000000002,83.73624420166016,10.15,95.7042465209961
10.16,96.19904327392578,10.160000000000002,103.99935150146484,10.160000000000002,94.74263763427734,10.16,83.72531127929688,10.159999999999998,95.69196319580078
10.169999999999998,96.16378784179688,10.17,103.99796295166016,10.17,94.73296356201172,10.170000000000002,83.71212005615234,10.17,95.6830062866211
10.18,96.13446044921876,10.18,103.99251556396484,10.18,94.72980499267578,10.18,83.69850158691406,10.18,95.67301940917967
10.19,96.10270690917967,10.19,103.98783111572266,10.19,94.73924255371094,10.19,83.68649291992188,10.19,95.66642761230467
10.2,96.07181549072266,10.2,103.98190307617188,10.2,94.75383758544922,10.2,83.67752075195312,10.2,95.6589584350586
10.21,96.048828125,10.21,103.9749755859375,10.21,94.77068328857422,10.21,83.66898345947266,10.21,95.65899658203124
10.22,96.0224380493164,10.22,103.96713256835938,10.22,94.7795867919922,10.22,83.66072845458984,10.22,95.6609115600586
10.23,96.00013732910156,10.230000000000002,103.95768737792967,10.230000000000002,94.7916488647461,10.23,83.65450286865234,10.23,95.65906524658205
10.239999999999998,95.98011779785156,10.24,103.95319366455078,10.24,94.80360412597656,10.240000000000002,83.64962005615234,10.24,95.6576919555664
10.25,95.95865631103516,10.250000000000002,103.95348358154295,10.250000000000002,94.81561279296876,10.25,83.64418029785156,10.250000000000002,95.6656723022461
10.260000000000002,95.94449615478516,10.26,103.95621490478516,10.26,94.83267211914062,10.260000000000002,83.64035034179688,10.26,95.67594909667967
10.27,95.9381103515625,10.27,103.96714782714844,10.27,94.84451293945312,10.27,83.63701629638672,10.27,95.68640899658205
10.28,95.93537902832033,10.28,103.98240661621094,10.28,94.85618591308594,10.28,83.6328125,10.28,95.7000961303711
10.29,95.92867279052734,10.29,104.0009307861328,10.29,94.8709487915039,10.29,83.63484191894531,10.29,95.72068786621094
10.3,95.93083953857422,10.3,104.02082061767578,10.3,94.8829345703125,10.3,83.638916015625,10.3,95.7439193725586
10.31,95.93961334228516,10.31,104.04037475585938,10.31,94.88883209228516,10.310000000000002,83.64543914794922,10.31,95.76805877685548
10.32,95.9499740600586,10.320000000000002,104.05875396728516,10.320000000000002,94.8916473388672,10.32,83.65098571777344,10.32,95.789794921875
10.329999999999998,95.96454620361328,10.33,104.07909393310548,10.33,94.895751953125,10.330000000000002,83.65676879882812,10.33,95.80946350097656
10.34,95.9730987548828,10.340000000000002,104.09957885742188,10.340000000000002,94.894287109375,10.34,83.66309356689453,10.340000000000002,95.8294448852539
10.35,95.9778060913086,10.35,104.1147232055664,10.35,94.8918914794922,10.35,83.66888427734375,10.35,95.85099792480467
10.36,95.98062896728516,10.36,104.12454223632812,10.36,94.88746643066406,10.36,83.67188262939453,10.36,95.8738784790039
10.37,95.97762298583984,10.37,104.13219451904295,10.37,94.8832550048828,10.37,83.67713165283203,10.37,95.89702606201172
10.38,95.97819519042967,10.38,104.13787078857422,10.38,94.87338256835938,10.38,83.68476867675781,10.38,95.92153930664062
10.39,95.98809051513672,10.390000000000002,104.14249420166016,10.390000000000002,94.85729217529295,10.39,83.69470977783203,10.39,95.94561004638672
10.4,96.00167846679688,10.4,104.1479034423828,10.4,94.8418197631836,10.400000000000002,83.70719909667969,10.4,95.96745300292967
10.41,96.01604461669922,10.410000000000002,104.16040802001952,10.410000000000002,94.8191146850586,10.41,83.71916961669922,10.409999999999998,95.98533630371094
10.419999999999998,96.02606201171876,10.42,104.18644714355467,10.42,94.79418182373048,10.420000000000002,83.73285675048828,10.42,96.0023193359375
10.43,96.03385925292967,10.43,104.19931030273438,10.43,94.758544921875,10.43,83.74382019042969,10.43,96.01461791992188
10.44,96.0357666015625,10.44,104.20770263671876,10.44,94.72246551513672,10.44,83.7547378540039,10.44,96.02291870117188
10.45,96.0343246459961,10.45,104.21728515625,10.45,94.69315338134766,10.45,83.76338195800781,10.45,96.02875518798828
10.46,96.02852630615234,10.46,104.22702026367188,10.46,94.6643524169922,10.46,83.77167510986328,10.46,96.03117370605467
10.47,96.02684020996094,10.47,104.23775482177734,10.47,94.61896514892578,10.47,83.78083801269531,10.47,96.03466033935548
10.48,96.02580261230467,10.480000000000002,104.24329376220705,10.480000000000002,94.56075286865234,10.48,83.79145050048828,10.48,96.05191040039062
10.489999999999998,96.0225601196289,10.49,104.24769592285156,10.49,94.48091888427734,10.490000000000002,83.80342864990234,10.49,96.05281066894533
10.5,96.01188659667967,10.500000000000002,104.25303649902344,10.500000000000002,94.36166381835938,10.5,83.81755828857422,10.500000000000002,96.0722885131836
10.510000000000002,96.00205993652344,10.51,104.24994659423828,10.51,94.2337875366211,10.510000000000002,83.83457946777344,10.51,96.09712982177734
10.52,95.99532318115234,10.52,104.24911499023438,10.52,94.13067626953124,10.52,83.85057067871094,10.52,96.10870361328124
10.53,96.00067138671876,10.53,104.246826171875,10.53,94.02202606201172,10.53,83.86570739746094,10.53,96.1246109008789
10.54,96.00482940673828,10.54,104.24512481689452,10.54,93.87864685058594,10.54,83.8833236694336,10.54,96.14762115478516
10.55,95.99065399169922,10.55,104.25092315673828,10.55,93.7241668701172,10.55,83.90558624267578,10.55,96.16458892822266
10.56,95.96730041503906,10.56,104.25914001464844,10.56,93.58904266357422,10.560000000000002,83.92835235595703,10.56,96.1650848388672
10.57,95.93811798095705,10.570000000000002,104.2683563232422,10.570000000000002,93.46043395996094,10.57,83.9557876586914,10.57,96.1378173828125
10.579999999999998,95.9130630493164,10.58,104.27274322509766,10.58,93.32482147216795,10.580000000000002,83.98432159423828,10.58,96.07107543945312
10.59,95.8958969116211,10.590000000000002,104.2796630859375,10.590000000000002,93.21428680419922,10.59,84.0163803100586,10.590000000000002,95.97158813476562
10.6,95.87787628173828,10.6,104.2938003540039,10.6,93.11884307861328,10.6,84.05060577392578,10.6,95.83480834960938
10.61,95.86824798583984,10.61,104.30831909179688,10.61,93.02427673339844,10.61,84.08892822265625,10.61,95.67433166503906
10.62,95.86273193359376,10.62,104.31580352783205,10.62,92.94132995605467,10.62,84.12777709960938,10.62,95.50105285644533
10.63,95.84186553955078,10.63,104.3207550048828,10.63,92.87393188476562,10.63,84.16768646240234,10.63,95.3084945678711
10.64,95.81663513183594,10.640000000000002,104.31807708740234,10.640000000000002,92.76797485351562,10.64,84.2071304321289,10.64,95.10490417480467
10.65,95.78881072998048,10.65,104.30828094482422,10.65,92.65052795410156,10.650000000000002,84.2496566772461,10.65,94.88687133789062
10.66,95.75515747070312,10.660000000000002,104.29258728027344,10.660000000000002,92.5253677368164,10.66,84.29469299316406,10.659999999999998,94.64482879638672
10.669999999999998,95.71476745605467,10.67,104.27383422851562,10.67,92.37885284423828,10.670000000000002,84.3399658203125,10.67,94.37755584716795
10.68,95.66682434082033,10.68,104.2420883178711,10.68,92.23606872558594,10.68,84.38624572753906,10.68,94.0814208984375
10.69,95.59400939941406,10.69,104.20315551757812,10.69,92.0767822265625,10.69,84.43327331542969,10.69,93.76258850097656
10.7,95.51409149169922,10.7,104.1584701538086,10.7,91.90802764892578,10.7,84.48169708251953,10.7,93.42150115966795
10.71,95.4128189086914,10.71,104.10546112060548,10.71,91.7076644897461,10.71,84.52621459960938,10.71,93.0435791015625
10.72,95.30168914794922,10.72,104.0460968017578,10.72,91.4906234741211,10.72,84.5664291381836,10.72,92.62454223632812
10.73,95.15128326416016,10.730000000000002,103.98320770263672,10.730000000000002,91.24861145019533,10.73,84.60733032226562,10.73,92.20079803466795
10.739999999999998,94.97274017333984,10.74,103.91739654541016,10.74,90.99464416503906,10.740000000000002,84.64534759521484,10.74,91.75123596191406
10.75,94.7863311767578,10.750000000000002,103.8462142944336,10.750000000000002,90.72833251953124,10.75,84.68148040771484,10.750000000000002,91.2753677368164
10.760000000000002,94.58577728271484,10.76,103.78331756591795,10.76,90.45336151123048,10.760000000000002,84.71680450439453,10.76,90.77793884277344
10.77,94.36393737792967,10.77,103.70915985107422,10.77,90.1441650390625,10.77,84.74960327148438,10.77,90.22134399414062
10.78,94.1201171875,10.78,103.6288833618164,10.78,89.80940246582031,10.78,84.78154754638672,10.78,89.48680877685547
10.79,93.853759765625,10.79,103.5514907836914,10.79,89.5286865234375,10.79,84.81277465820312,10.79,88.66622161865234
10.8,93.5678482055664,10.8,103.46623992919922,10.8,89.23974609375,10.8,84.84201049804688,10.8,87.85041809082031
10.81,93.26753997802734,10.81,103.3885269165039,10.81,88.92292785644531,10.810000000000002,84.8678970336914,10.81,87.15498352050781
10.82,92.93718719482422,10.820000000000002,103.30974578857422,10.820000000000002,88.58152770996094,10.82,84.88782501220703,10.82,86.56664276123047
10.829999999999998,92.57811737060548,10.83,103.23008728027344,10.83,88.23555755615234,10.830000000000002,84.89969635009766,10.83,85.86333465576172
10.84,92.19727325439452,10.840000000000002,103.14883422851562,10.840000000000002,87.8897705078125,10.84,84.90170288085938,10.840000000000002,85.1229019165039
10.85,91.77417755126952,10.85,103.0747528076172,10.85,87.52474212646484,10.85,84.89586639404297,10.85,84.40476989746094
10.86,91.29857635498048,10.86,102.9981918334961,10.86,87.16024017333984,10.86,84.8838119506836,10.86,83.64070892333984
10.87,90.78785705566406,10.87,102.9231414794922,10.87,86.80790710449219,10.87,84.86752319335938,10.87,82.75680541992188
10.88,90.27262878417967,10.88,102.84577178955078,10.88,86.44720458984375,10.88,84.84565734863281,10.88,81.83952331542969
10.89,89.7359390258789,10.890000000000002,102.78919982910156,10.890000000000002,86.0787353515625,10.89,84.81533813476562,10.89,80.93250274658203
10.9,89.1801528930664,10.9,102.71123504638672,10.9,85.70198822021484,10.900000000000002,84.78548431396484,10.9,79.9537582397461
10.91,88.59254455566406,10.910000000000002,102.6347885131836,10.910000000000002,85.319091796875,10.91,84.75455474853516,10.909999999999998,78.94811248779297
10.919999999999998,87.94142150878906,10.92,102.56199645996094,10.92,84.9455337524414,10.920000000000002,84.73129272460938,10.92,77.9737319946289
10.93,87.24211883544922,10.93,102.48714447021484,10.93,84.57440948486328,10.93,84.71483612060547,10.93,77.1405029296875
10.94,86.58165740966797,10.94,102.41576385498048,10.94,84.20919036865234,10.94,84.6966323852539,10.94,76.44287872314453
10.95,85.96224975585938,10.95,102.3520965576172,10.95,83.86292266845703,10.95,84.67957305908203,10.95,75.84455871582031
10.96,85.37483215332031,10.96,102.28807067871094,10.96,83.48249816894531,10.96,84.66172790527344,10.96,75.300048828125
10.97,84.78570556640625,10.97,102.23110961914062,10.97,83.01008605957031,10.97,84.63938903808594,10.97,74.49577331542969
10.98,84.1848373413086,10.980000000000002,102.18346405029295,10.980000000000002,82.49588775634766,10.98,84.6233901977539,10.98,73.52310943603516
10.989999999999998,83.52442169189453,10.99,102.15534210205078,10.99,82.00704956054688,10.990000000000002,84.62127685546875,10.99,72.32112121582031
11.0,82.74713134765625,11.000000000000002,102.1422119140625,11.000000000000002,81.51722717285156,11.0,84.63860321044922,11.000000000000002,70.9112777709961
11.010000000000002,81.91718292236328,11.01,102.14251708984376,11.01,81.00306701660156,11.010000000000002,84.66326904296875,11.01,69.44124603271484
11.02,81.13719940185547,11.02,102.14508056640624,11.02,80.45927429199219,11.02,84.69027709960938,11.02,68.11100006103516
11.03,80.43023681640625,11.03,102.16165924072266,11.03,79.9057846069336,11.03,84.7037353515625,11.03,66.93819427490234
11.04,79.80977630615234,11.04,102.1941909790039,11.04,79.38839721679688,11.04,84.69637298583984,11.04,65.75819396972656
11.05,79.1919174194336,11.05,102.23685455322266,11.05,78.80501556396484,11.05,84.6748275756836,11.05,64.31124114990234
11.06,78.54138946533203,11.06,102.28970336914062,11.06,78.22750091552734,11.060000000000002,84.62982177734375,11.06,62.7556037902832
11.07,77.95061492919922,11.070000000000002,102.3368682861328,11.070000000000002,77.6600112915039,11.07,84.56239318847656,11.07,61.171142578125
11.079999999999998,77.33763885498047,11.08,102.4001235961914,11.08,77.1102523803711,11.080000000000002,84.49642181396484,11.08,59.53091430664063
11.09,76.64460754394531,11.090000000000002,102.48768615722656,11.090000000000002,76.57666015625,11.09,84.45233154296875,11.090000000000002,56.06780242919922
11.1,75.90028381347656,11.1,102.58330535888672,11.1,76.09232330322266,11.1,84.421630859375,11.1,52.48656845092773
11.11,75.22029113769531,11.11,102.68446350097656,11.11,75.69259643554688,11.11,84.3833999633789,11.11,49.63654708862305
11.12,74.68650817871094,11.12,102.78766632080078,11.12,75.35558319091797,11.12,84.32795715332031,11.12,48.37715530395508
11.13,74.17462921142578,11.13,102.88372039794922,11.13,75.0644760131836,11.13,84.25880432128906,11.13,47.4062385559082
11.14,73.595947265625,11.140000000000002,102.96421813964844,11.140000000000002,74.7176284790039,11.14,84.16836547851562,11.14,45.93504333496094
11.15,72.98860931396484,11.15,103.0311508178711,11.15,74.35509490966797,11.150000000000002,84.05159759521484,11.15,43.6220932006836
11.16,72.43526458740234,11.160000000000002,103.1075439453125,11.160000000000002,73.95210266113281,11.16,83.90935516357422,11.159999999999998,41.25601959228516
11.169999999999998,71.87580871582031,11.17,103.20206451416016,11.17,73.52143859863281,11.170000000000002,83.76287078857422,11.17,38.74635696411133
11.18,71.29862976074219,11.18,103.32202911376952,11.18,73.05870819091797,11.18,83.62059020996094,11.18,36.878604888916016
11.19,70.6742935180664,11.19,103.47602081298828,11.19,72.55608367919922,11.19,83.50497436523438,11.19,35.10677719116211
11.2,70.06487274169922,11.2,103.6457977294922,11.2,72.11801147460938,11.2,83.41453552246094,11.2,33.270076751708984
11.21,69.44135284423828,11.21,103.8150634765625,11.21,71.71035766601562,11.21,83.3447265625,11.21,31.39674568176269
11.22,68.85498046875,11.22,103.9951400756836,11.22,71.36943054199219,11.22,83.29190826416016,11.22,29.617904663085938
11.23,68.34772491455078,11.230000000000002,104.19397735595705,11.230000000000002,71.0192642211914,11.23,83.22993469238281,11.23,28.065826416015625
11.239999999999998,67.86712646484375,11.24,104.40242767333984,11.24,70.62641906738281,11.240000000000002,83.13850402832031,11.24,26.716781616210938
11.25,67.4426040649414,11.250000000000002,104.62073516845705,11.250000000000002,70.18238830566406,11.25,83.02735900878906,11.250000000000002,25.366548538208008
11.260000000000002,67.0298080444336,11.26,104.8494873046875,11.26,69.70652770996094,11.260000000000002,82.91407012939453,11.26,23.953351974487305
11.27,66.63782501220703,11.27,105.10372161865234,11.27,69.26917266845703,11.27,82.79945373535156,11.27,22.537736892700195
11.28,66.21683502197266,11.28,105.37189483642578,11.28,68.90016174316406,11.28,82.67607116699219,11.28,21.16416549682617
11.29,65.81982421875,11.29,105.65191650390624,11.29,68.56483459472656,11.29,82.5567626953125,11.29,19.80401992797852
11.3,65.4320068359375,11.3,105.93661499023438,11.3,68.28314208984375,11.3,82.46119689941406,11.3,18.52485084533692
11.31,65.08014678955078,11.31,106.20582580566406,11.31,68.03650665283203,11.310000000000002,82.38805389404297,11.31,17.256221771240234
11.32,64.76948547363281,11.320000000000002,106.4767608642578,11.320000000000002,67.83673095703125,11.32,82.32977294921875,11.32,15.8167142868042
11.329999999999998,64.43698120117188,11.33,106.73372650146484,11.33,67.67398834228516,11.330000000000002,82.27618408203125,11.33,14.519205093383787
11.34,64.11249542236328,11.340000000000002,106.99696350097656,11.340000000000002,67.54817199707031,11.34,82.220947265625,11.340000000000002,13.496664047241213
11.35,63.80509567260742,11.35,107.25394439697266,11.35,67.35111999511719,11.35,82.15953826904297,11.35,12.510866165161133
11.36,63.54781723022461,11.36,107.51243591308594,11.36,67.14087677001953,11.36,82.1038589477539,11.36,11.40676212310791
11.37,63.28134536743164,11.37,107.76763916015624,11.37,66.99994659423828,11.37,82.0468521118164,11.37,10.350801467895508
11.38,63.010780334472656,11.38,108.03109741210938,11.38,66.82948303222656,11.38,81.98180389404297,11.38,9.459356307983398
11.39,62.780887603759766,11.390000000000002,108.3162612915039,11.390000000000002,66.64822387695312,11.39,81.91168212890625,11.39,8.445685386657715
11.4,62.56616973876953,11.4,108.6098403930664,11.4,66.41576385498047,11.400000000000002,81.83446502685547,11.4,7.490266799926758
11.41,62.4117317199707,11.410000000000002,108.90250396728516,11.410000000000002,66.1572494506836,11.41,81.75298309326172,11.409999999999998,6.827961444854736
11.419999999999998,62.24355697631836,11.42,109.196044921875,11.42,65.95060729980469,11.420000000000002,81.64575958251953,11.42,6.208858966827393
11.43,62.0572509765625,11.43,109.48328399658205,11.43,65.77578735351562,11.43,81.53840637207031,11.43,5.551273822784424
11.44,61.87665557861328,11.44,109.75302124023438,11.44,65.63932037353516,11.44,81.43859100341797,11.44,4.819215774536133
11.45,61.70663833618164,11.45,110.00559997558594,11.45,65.5169448852539,11.45,81.35044860839844,11.45,4.090298175811768
11.46,61.58830261230469,11.46,110.23902893066406,11.46,65.38330841064453,11.46,81.27162170410156,11.46,3.5091981887817383
11.47,61.48113250732422,11.47,110.46531677246094,11.47,65.26406860351562,11.47,81.2068099975586,11.47,3.0285654067993164
11.48,61.385780334472656,11.480000000000002,110.70257568359376,11.480000000000002,65.1874771118164,11.48,81.14976501464844,11.48,2.592581033706665
11.489999999999998,61.34858322143555,11.49,110.94388580322266,11.49,65.11044311523438,11.490000000000002,81.09629821777344,11.49,2.20458722114563
11.5,61.32331466674805,11.500000000000002,111.18327331542967,11.500000000000002,65.03889465332031,11.5,81.03907775878906,11.500000000000002,1.8946983814239504
11.510000000000002,61.31169509887695,11.51,111.4140396118164,11.51,64.92884063720703,11.510000000000002,80.96089172363281,11.51,1.661984086036682
11.52,61.30958557128906,11.52,111.64012908935548,11.52,64.83952331542969,11.52,80.86272430419922,11.52,1.469057321548462
11.53,61.32704162597656,11.53,111.85970306396484,11.53,64.75498962402344,11.53,80.7522201538086,11.53,1.3098723888397217
11.54,61.33466339111328,11.54,112.0855941772461,11.54,64.67984008789062,11.54,80.65047454833984,11.54,1.203999161720276
11.55,61.356876373291016,11.55,112.29754638671876,11.55,64.60546112060547,11.55,80.5776596069336,11.55,1.1406052112579346
11.56,61.38499069213867,11.56,112.48821258544922,11.56,64.55365753173828,11.560000000000002,80.54183197021484,11.56,1.1097499132156372
11.57,61.43862915039063,11.570000000000002,112.66218566894533,11.570000000000002,64.52651977539062,11.57,80.5343246459961,11.57,1.1060805320739746
11.579999999999998,61.517086029052734,11.58,112.81937408447266,11.58,64.5173568725586,11.580000000000002,80.55707550048828,11.58,1.1355116367340088
11.59,61.61156845092773,11.590000000000002,112.96815490722656,11.590000000000002,64.52910614013672,11.59,80.59144592285156,11.590000000000002,1.1674091815948486
11.6,61.7138786315918,11.6,113.09844970703124,11.6,64.56985473632812,11.6,80.62862396240234,11.6,1.2356138229370115
11.61,61.83953857421875,11.61,113.2098159790039,11.61,64.62049102783203,11.61,80.66554260253906,11.61,1.391404628753662
11.62,61.99131774902344,11.62,113.30210876464844,11.62,64.6867446899414,11.62,80.69277954101562,11.62,1.543010711669922
11.63,62.15317535400391,11.63,113.37686920166016,11.63,64.75856018066406,11.63,80.7137680053711,11.63,1.731066107749939
11.64,62.319427490234375,11.640000000000002,113.43606567382812,11.640000000000002,64.8447265625,11.64,80.73403930664062,11.64,1.910497546195984
11.65,62.49448013305664,11.65,113.4827880859375,11.65,64.95892333984375,11.650000000000002,80.75312805175781,11.65,2.134018421173096
11.66,62.68869400024414,11.660000000000002,113.52364349365234,11.660000000000002,65.09378814697266,11.66,80.77826690673828,11.659999999999998,2.3907899856567383
11.669999999999998,62.88693618774414,11.67,113.5556640625,11.67,65.23949432373047,11.670000000000002,80.81095886230469,11.67,2.6668145656585693
11.68,63.09996032714844,11.68,113.58544921875,11.68,65.38863372802734,11.68,80.85881805419922,11.68,3.012204647064209
11.69,63.32445526123047,11.69,113.59944915771484,11.69,65.55233001708984,11.69,80.92835235595703,11.69,3.373542070388794
11.7,63.57474136352539,11.7,113.57192993164062,11.7,65.73938751220703,11.7,81.01448822021484,11.7,3.769102334976196
11.71,63.82617568969727,11.71,113.50550842285156,11.71,65.94041442871094,11.71,81.11135864257812,11.71,4.229046821594238
11.72,64.10193634033203,11.72,113.41311645507812,11.72,66.13844299316406,11.72,81.21846771240234,11.72,4.688877105712891
11.73,64.3941650390625,11.730000000000002,113.3089599609375,11.730000000000002,66.3379135131836,11.73,81.3320541381836,11.73,5.195352554321289
11.739999999999998,64.68006896972656,11.74,113.20127868652344,11.74,66.57421875,11.740000000000002,81.44705963134766,11.74,5.733166694641113
11.75,65.00871276855469,11.750000000000002,113.09185028076172,11.750000000000002,66.8053970336914,11.75,81.557861328125,11.750000000000002,6.302120208740234
11.760000000000002,65.32250213623047,11.76,112.98845672607422,11.76,67.04830932617188,11.760000000000002,81.6656265258789,11.76,6.964588642120361
11.77,65.6628189086914,11.77,112.87508392333984,11.77,67.30560302734375,11.77,81.78268432617188,11.77,7.664987087249756
11.78,65.98170471191406,11.78,112.75236511230467,11.78,67.56031036376953,11.78,81.90715789794922,11.78,8.40164852142334
11.79,66.30506896972656,11.79,112.61280822753906,11.79,67.80142974853516,11.79,82.02045440673828,11.79,9.184606552124023
11.8,66.63707733154297,11.8,112.45793151855467,11.8,68.04615020751953,11.8,82.12664031982422,11.8,9.975412368774414
11.81,66.97245788574219,11.81,112.29110717773438,11.81,68.30763244628906,11.810000000000002,82.22716522216797,11.81,10.7850980758667
11.82,67.29844665527344,11.820000000000002,112.11548614501952,11.820000000000002,68.54730224609375,11.82,82.32450103759766,11.82,11.608609199523926
11.829999999999998,67.60848236083984,11.83,111.9290008544922,11.83,68.7910385131836,11.830000000000002,82.41930389404297,11.83,12.43948745727539
11.84,67.91529083251953,11.840000000000002,111.72872161865234,11.840000000000002,69.05209350585938,11.84,82.51537322998047,11.840000000000002,13.30642318725586
11.85,68.21780395507812,11.85,111.524658203125,11.85,69.29985046386719,11.85,82.61402130126953,11.85,14.193079948425291
11.86,68.51654815673828,11.86,111.3158721923828,11.86,69.53321075439453,11.86,82.71459197998047,11.86,15.094582557678224
11.87,68.84005737304688,11.87,111.1039047241211,11.87,69.75486755371094,11.87,82.82067108154297,11.87,16.042787551879883
11.88,69.17668151855469,11.88,110.8861846923828,11.88,69.9247817993164,11.88,82.93133544921875,11.88,17.013999938964844
11.89,69.50817108154297,11.890000000000002,110.66354370117188,11.890000000000002,70.1001205444336,11.89,83.04029846191406,11.89,18.031763076782227
11.9,69.91251373291016,11.9,110.44245147705078,11.9,70.33372497558594,11.900000000000002,83.13927459716797,11.9,19.09132194519043
11.91,70.29949188232422,11.910000000000002,110.2061004638672,11.910000000000002,70.604736328125,11.91,83.23583984375,11.909999999999998,20.157304763793945
11.919999999999998,70.69361877441406,11.92,109.96556091308594,11.92,70.87675476074219,11.920000000000002,83.32996368408203,11.92,21.267803192138672
11.93,71.11724090576172,11.93,109.73210906982422,11.93,71.1379623413086,11.93,83.42511749267578,11.93,22.393415451049805
11.94,71.55167388916016,11.94,109.49685668945312,11.94,71.35798645019531,11.94,83.51742553710938,11.94,23.55402374267578
11.95,71.99356079101562,11.95,109.2628936767578,11.95,71.60975646972656,11.95,83.6072006225586,11.95,24.74960327148437
11.96,72.42660522460938,11.96,109.02351379394533,11.96,71.88346862792969,11.96,83.69466400146484,11.96,25.983787536621094
11.97,72.8801040649414,11.97,108.78450775146484,11.97,72.17635345458984,11.97,83.78113555908203,11.97,27.2188777923584
11.98,73.36579895019531,11.980000000000002,108.54448699951172,11.980000000000002,72.51655578613281,11.98,83.86414337158203,11.98,28.49855613708496
11.989999999999998,73.84522247314453,11.99,108.3056182861328,11.99,72.90589904785156,11.990000000000002,83.94171905517578,11.99,29.78919219970703
12.0,74.31724548339844,12.000000000000002,108.06111907958984,12.000000000000002,73.34970092773438,12.0,84.0115737915039,12.000000000000002,31.101274490356445
12.010000000000002,74.80271911621094,12.01,107.81954193115234,12.01,73.86241149902344,12.010000000000002,84.071044921875,12.01,32.428157806396484
12.02,75.32288360595703,12.02,107.57293701171876,12.02,74.34284973144531,12.02,84.12954711914062,12.02,33.76858901977539
12.03,75.89299011230469,12.03,107.3318099975586,12.03,74.79037475585938,12.03,84.19171905517578,12.03,35.13434600830078
12.04,76.49893951416016,12.04,107.09444427490234,12.04,75.25812530517578,12.04,84.25141906738281,12.04,36.49937438964844
12.05,77.13943481445312,12.05,106.86560821533205,12.05,75.75706481933594,12.05,84.30741882324219,12.05,37.88320541381836
12.06,77.77871704101562,12.06,106.63836669921876,12.06,76.30435180664062,12.060000000000002,84.35420989990234,12.06,39.28768157958984
12.07,78.43109893798828,12.070000000000002,106.41838836669922,12.070000000000002,76.93062591552734,12.07,84.38684844970703,12.07,40.706172943115234
12.079999999999998,79.08285522460938,12.08,106.19920349121094,12.08,77.59992980957031,12.080000000000002,84.39913940429688,12.08,42.116661071777344
12.09,79.75603485107422,12.090000000000002,105.97472381591795,12.090000000000002,78.19973754882812,12.09,84.39600372314453,12.090000000000002,43.51686477661133
12.1,80.43391418457031,12.1,105.75973510742188,12.1,78.78732299804688,12.1,84.37638854980469,12.1,44.92485046386719
12.11,81.0956039428711,12.11,105.59020233154295,12.11,79.3888931274414,12.11,84.34747314453125,12.11,46.327613830566406
12.12,81.64710998535156,12.12,105.37689208984376,12.12,80.02638244628906,12.12,84.31501007080078,12.12,47.719486236572266
12.13,82.25830078125,12.13,105.18030548095705,12.13,80.68294525146484,12.13,84.28289031982422,12.13,49.08419418334961
12.14,82.8675765991211,12.140000000000002,104.99048614501952,12.140000000000002,81.35174560546875,12.14,84.2477798461914,12.14,50.431427001953125
12.15,83.457763671875,12.15,104.8125991821289,12.15,81.97801971435547,12.150000000000002,84.2074203491211,12.15,51.74089813232422
12.16,84.02122497558594,12.160000000000002,104.6420669555664,12.160000000000002,82.60340118408203,12.16,84.16077423095703,12.159999999999998,53.03677368164063
12.169999999999998,84.57789611816406,12.17,104.47705078125,12.17,83.22673034667969,12.170000000000002,84.11302185058594,12.17,54.3271713256836
12.18,85.1234359741211,12.18,104.31878662109376,12.18,83.82579040527344,12.18,84.06819915771484,12.18,55.60341262817383
12.19,85.6702651977539,12.19,104.173583984375,12.19,84.40082550048828,12.19,84.02603912353516,12.19,56.874996185302734
12.2,86.2330551147461,12.2,104.02999114990234,12.2,84.96318817138672,12.2,83.97636413574219,12.2,58.1212043762207
12.21,86.78593444824219,12.21,103.89027404785156,12.21,85.55187225341797,12.21,83.93101501464844,12.21,59.35719680786133
12.22,87.3265609741211,12.22,103.76397705078124,12.22,86.16584014892578,12.22,83.89840698242188,12.22,60.56734085083008
12.23,87.84915161132812,12.230000000000002,103.64942932128906,12.230000000000002,86.73625946044922,12.23,83.87762451171875,12.23,61.79510116577149
12.239999999999998,88.36328125,12.24,103.58470153808594,12.24,87.23663330078125,12.240000000000002,83.86581420898438,12.24,63.036529541015625
12.25,88.88235473632812,12.250000000000002,103.53961181640624,12.250000000000002,87.66741943359375,12.25,83.86136627197266,12.250000000000002,64.21746063232422
12.260000000000002,89.36811828613281,12.26,103.5157470703125,12.26,88.06063079833984,12.260000000000002,83.85806274414062,12.26,65.34073638916016
12.27,89.83149719238281,12.27,103.50435638427734,12.27,88.39576721191406,12.27,83.85675811767578,12.27,66.46692657470703
12.28,90.28187561035156,12.28,103.50846099853516,12.28,88.68905639648438,12.28,83.85337829589844,12.28,67.6068344116211
12.29,90.73091888427734,12.29,103.5347900390625,12.29,88.91815948486328,12.29,83.84686279296875,12.29,68.72679901123047
12.3,91.19034576416016,12.3,103.57624053955078,12.3,89.16141510009766,12.3,83.83858489990234,12.3,69.77764129638672
12.31,91.61881256103516,12.31,103.62635040283205,12.31,89.4079360961914,12.310000000000002,83.8361587524414,12.31,70.7604751586914
12.32,92.02206420898438,12.320000000000002,103.66858673095705,12.320000000000002,89.61781311035156,12.32,83.84010314941406,12.32,71.74732971191406
12.329999999999998,92.41088104248048,12.33,103.69628143310548,12.33,89.85260009765625,12.330000000000002,83.8570327758789,12.33,72.65431213378906
12.34,92.77804565429688,12.340000000000002,103.7188491821289,12.340000000000002,90.06498718261719,12.34,83.8816146850586,12.340000000000002,73.55506896972656
12.35,93.10931396484376,12.35,103.7369384765625,12.35,90.24469757080078,12.35,83.91246032714844,12.35,74.42838287353516
12.36,93.4715576171875,12.36,103.7538833618164,12.36,90.4502182006836,12.36,83.94486999511719,12.36,75.27099609375
12.37,93.84319305419922,12.37,103.75257873535156,12.37,90.6264877319336,12.37,83.96542358398438,12.37,76.07703399658203
12.38,94.17082977294922,12.38,103.73321533203124,12.38,90.80134582519533,12.38,83.96875,12.38,76.83625793457031
12.39,94.42572021484376,12.390000000000002,103.70590209960938,12.390000000000002,90.9635772705078,12.39,83.95606231689453,12.39,77.5098876953125
12.4,94.63420867919922,12.4,103.67781829833984,12.4,91.11955261230467,12.400000000000002,83.92737579345703,12.4,78.09510803222656
12.41,94.8254623413086,12.410000000000002,103.62201690673828,12.410000000000002,91.2836456298828,12.41,83.8888931274414,12.409999999999998,78.66336059570312
12.419999999999998,94.98369598388672,12.42,103.54556274414062,12.42,91.44979095458984,12.420000000000002,83.84395599365234,12.42,79.24616241455078
12.43,95.10648345947266,12.43,103.48323059082033,12.43,91.65809631347656,12.43,83.7982406616211,12.43,79.79693603515625
12.44,95.25045013427734,12.44,103.42617797851562,12.44,91.8682861328125,12.44,83.75523376464844,12.44,80.31903076171875
12.45,95.40603637695312,12.45,103.3753890991211,12.45,92.07496643066406,12.45,83.71918487548828,12.45,80.79888153076172
12.46,95.51593017578124,12.46,103.32820129394533,12.46,92.29134368896484,12.46,83.69245910644531,12.46,81.24073028564453
12.47,95.59446716308594,12.47,103.2883071899414,12.47,92.5001983642578,12.47,83.67160034179688,12.47,81.6958236694336
12.48,95.68229675292967,12.480000000000002,103.26618194580078,12.480000000000002,92.70977783203124,12.48,83.6516342163086,12.48,82.1614990234375
12.489999999999998,95.7906723022461,12.49,103.24645233154295,12.49,92.93183135986328,12.490000000000002,83.63194274902344,12.49,82.66437530517578
12.5,95.8709487915039,12.500000000000002,103.2432861328125,12.500000000000002,93.15736389160156,12.5,83.61473846435547,12.500000000000002,83.18596649169922
12.510000000000002,95.93800354003906,12.51,103.26538848876952,12.51,93.40771484375,12.510000000000002,83.600830078125,12.51,83.69684600830078
12.52,95.99591064453124,12.52,103.3014907836914,12.52,93.66106414794922,12.52,83.59132385253906,12.52,84.1531753540039
12.53,96.03551483154295,12.53,103.34275817871094,12.53,93.85236358642578,12.53,83.5900650024414,12.53,84.55723571777344
12.54,96.07501983642578,12.54,103.38024139404295,12.54,94.0099639892578,12.54,83.59971618652344,12.54,84.96124267578125
12.55,96.13577270507812,12.55,103.4360809326172,12.55,94.1496810913086,12.55,83.62110137939453,12.55,85.32452392578125
12.56,96.22879028320312,12.56,103.47547149658205,12.56,94.28868865966795,12.560000000000002,83.65023803710938,12.56,85.66551208496094
12.57,96.33145141601562,12.570000000000002,103.50495910644533,12.570000000000002,94.42324829101562,12.57,83.6866455078125,12.57,85.97083282470703
12.579999999999998,96.46422576904295,12.58,103.517333984375,12.58,94.4955825805664,12.580000000000002,83.72966766357422,12.58,86.24835205078125
12.59,96.5707550048828,12.590000000000002,103.52740478515624,12.590000000000002,94.54561614990234,12.59,83.77588653564453,12.590000000000002,86.52164459228516
12.6,96.67032623291016,12.6,103.5270767211914,12.6,94.59232330322266,12.6,83.82039642333984,12.6,86.76705932617188
12.61,96.75379943847656,12.61,103.5146942138672,12.61,94.63585662841795,12.61,83.85989379882812,12.61,86.95866394042969
12.62,96.82941436767578,12.62,103.49578857421876,12.62,94.66866302490234,12.62,83.89869689941406,12.62,87.14000701904297
12.63,96.92232513427734,12.63,103.46041107177734,12.63,94.72354125976562,12.63,83.93913269042969,12.63,87.3435287475586
12.64,97.03305053710938,12.640000000000002,103.4219207763672,12.640000000000002,94.78572845458984,12.64,83.97877502441406,12.64,87.51142120361328
12.65,97.1401596069336,12.65,103.37755584716795,12.65,94.8381576538086,12.650000000000002,84.01631164550781,12.65,87.6680908203125
12.66,97.24138641357422,12.660000000000002,103.32658386230467,12.660000000000002,94.88074493408205,12.66,84.05503845214844,12.659999999999998,87.79368591308594
12.669999999999998,97.3175811767578,12.67,103.27104949951172,12.67,94.90779876708984,12.670000000000002,84.09365844726562,12.67,87.9507827758789
12.68,97.4032211303711,12.68,103.2170181274414,12.68,94.9333038330078,12.68,84.13005828857422,12.68,88.10301971435547
12.69,97.4808120727539,12.69,103.16252136230467,12.69,94.96021270751952,12.69,84.1666030883789,12.69,88.21986389160156
12.7,97.55964660644533,12.7,103.1193389892578,12.7,94.97252655029295,12.7,84.20040893554688,12.7,88.32654571533203
12.71,97.63015747070312,12.71,103.0781478881836,12.71,94.98805236816406,12.71,84.23033142089844,12.71,88.4334487915039
12.72,97.6710433959961,12.72,103.02970886230467,12.72,94.99644470214844,12.72,84.25586700439453,12.72,88.52721405029297
12.73,97.6807632446289,12.730000000000002,102.97975158691406,12.730000000000002,94.99049377441406,12.73,84.27315521240234,12.73,88.61405944824219
12.739999999999998,97.6897964477539,12.74,102.9244613647461,12.74,94.99091339111328,12.740000000000002,84.28316497802734,12.74,88.68490600585938
12.75,97.68466186523438,12.750000000000002,102.87506866455078,12.750000000000002,94.9945068359375,12.75,84.28755187988281,12.750000000000002,88.74930572509766
12.760000000000002,97.66898345947266,12.76,102.82614135742188,12.76,95.00369262695312,12.760000000000002,84.28973388671875,12.76,88.80191802978516
12.77,97.66929626464844,12.77,102.77067565917967,12.77,95.02395629882812,12.77,84.28703308105469,12.77,88.8377456665039
12.78,97.67476654052734,12.78,102.70230102539062,12.78,95.0448760986328,12.78,84.28298950195312,12.78,88.85428619384766
12.79,97.67080688476562,12.79,102.6334457397461,12.79,95.07037353515624,12.79,84.27930450439453,12.79,88.86046600341797
12.8,97.6682357788086,12.8,102.56961822509766,12.8,95.09517669677734,12.8,84.27420806884766,12.8,88.87118530273438
12.81,97.66851043701172,12.81,102.5132293701172,12.81,95.11090850830078,12.810000000000002,84.26567840576172,12.81,88.88551330566406
12.82,97.66358947753906,12.820000000000002,102.46609497070312,12.820000000000002,95.13147735595705,12.82,84.2634506225586,12.82,88.9169921875
12.829999999999998,97.64754486083984,12.83,102.41871643066406,12.83,95.1567611694336,12.830000000000002,84.26333618164062,12.83,88.94509887695312
12.84,97.6300048828125,12.840000000000002,102.3852767944336,12.840000000000002,95.18165588378906,12.84,84.26129150390625,12.840000000000002,88.98497009277344
12.85,97.60432434082033,12.85,102.34088134765624,12.85,95.20632934570312,12.85,84.26097869873047,12.85,89.03008270263672
12.86,97.5697021484375,12.86,102.32381439208984,12.86,95.22132110595705,12.86,84.26668548583984,12.86,89.08004760742188
12.87,97.53665161132812,12.87,102.30364227294922,12.87,95.22410583496094,12.87,84.27377319335938,12.87,89.13710021972656
12.88,97.5057144165039,12.88,102.29889678955078,12.88,95.22818756103516,12.88,84.28302001953125,12.88,89.20649719238281
12.89,97.47493743896484,12.890000000000002,102.30152130126952,12.890000000000002,95.23563385009766,12.89,84.29478454589844,12.89,89.28595733642578
12.9,97.44353485107422,12.9,102.3078842163086,12.9,95.23792266845705,12.900000000000002,84.30970001220703,12.9,89.34973907470703
12.91,97.4199676513672,12.910000000000002,102.31632995605467,12.910000000000002,95.2375946044922,12.91,84.32569885253906,12.909999999999998,89.41077423095703
12.919999999999998,97.3861312866211,12.92,102.32660675048828,12.92,95.2357177734375,12.920000000000002,84.34481048583984,12.92,89.47661590576172
12.93,97.3482666015625,12.93,102.3298568725586,12.93,95.21411895751952,12.93,84.36595916748047,12.93,89.55278778076172
12.94,97.30941772460938,12.94,102.33565521240234,12.94,95.1796646118164,12.94,84.3885726928711,12.94,89.63285064697266
12.95,97.25471496582033,12.95,102.33726501464844,12.95,95.13469696044922,12.95,84.41272735595703,12.95,89.7098159790039
12.96,97.2007064819336,12.96,102.34293365478516,12.96,95.08675384521484,12.96,84.43707275390625,12.96,89.78276824951172
12.97,97.14889526367188,12.97,102.35675811767578,12.97,95.03229522705078,12.97,84.4677505493164,12.97,89.8455810546875
12.98,97.09211730957033,12.980000000000002,102.37452697753906,12.980000000000002,94.97875213623048,12.98,84.50189971923828,12.98,89.8961181640625
12.989999999999998,97.03024291992188,12.99,102.38756561279295,12.99,94.91860961914062,12.990000000000002,84.53854370117188,12.99,89.93946838378906
13.0,96.96004486083984,13.000000000000002,102.3989486694336,13.000000000000002,94.86426544189452,13.0,84.57955169677734,13.000000000000002,89.98150634765625
13.010000000000002,96.88455200195312,13.01,102.41341400146484,13.01,94.81106567382812,13.010000000000002,84.61724853515625,13.01,90.02388000488281
13.02,96.80518341064452,13.02,102.43295288085938,13.02,94.75153350830078,13.02,84.64640045166016,13.02,90.06592559814453
13.03,96.7237319946289,13.03,102.45069885253906,13.03,94.71123504638672,13.03,84.66090393066406,13.03,90.11170196533205
13.04,96.64176177978516,13.04,102.46722412109376,13.04,94.69532012939452,13.04,84.66523742675781,13.04,90.15362548828124
13.05,96.57396697998048,13.05,102.48258972167967,13.05,94.6934814453125,13.05,84.66283416748047,13.05,90.2002410888672
13.06,96.5237274169922,13.06,102.49337768554688,13.06,94.6899871826172,13.060000000000002,84.65982055664062,13.06,90.24272918701172
13.07,96.48113250732422,13.070000000000002,102.50678253173828,13.070000000000002,94.67943572998048,13.07,84.655029296875,13.07,90.28620147705078
13.079999999999998,96.4330825805664,13.08,102.5233383178711,13.08,94.65763854980467,13.080000000000002,84.65563201904297,13.08,90.33300018310548
13.09,96.39111328125,13.090000000000002,102.54320526123048,13.090000000000002,94.63563537597656,13.09,84.66023254394531,13.090000000000002,90.37664031982422
13.1,96.36528778076172,13.1,102.56809997558594,13.1,94.6098175048828,13.1,84.6657485961914,13.1,90.42139434814452
13.11,96.34687042236328,13.11,102.59048461914062,13.11,94.58177947998048,13.11,84.66547393798828,13.11,90.4751968383789
13.12,96.34799194335938,13.12,102.60784912109376,13.12,94.56330108642578,13.12,84.66226959228516,13.12,90.52924346923828
13.13,96.34857940673828,13.13,102.62393951416016,13.13,94.55280303955078,13.13,84.65674591064453,13.13,90.57996368408205
13.14,96.3572006225586,13.140000000000002,102.6595230102539,13.140000000000002,94.55188751220705,13.14,84.64600372314453,13.14,90.6286163330078
13.15,96.36005401611328,13.15,102.70116424560548,13.15,94.54755401611328,13.150000000000002,84.63331604003906,13.15,90.67426300048828
13.16,96.35431671142578,13.160000000000002,102.74457550048828,13.160000000000002,94.5521240234375,13.16,84.62095642089844,13.159999999999998,90.71161651611328
13.169999999999998,96.3560791015625,13.17,102.78067779541016,13.17,94.5488739013672,13.170000000000002,84.61013793945312,13.17,90.74358367919922
13.18,96.36546325683594,13.18,102.81851196289062,13.18,94.53480529785156,13.18,84.60037231445312,13.18,90.76560974121094
13.19,96.37091064453124,13.19,102.86097717285156,13.19,94.52433776855467,13.19,84.59481811523438,13.19,90.77963256835938
13.2,96.3892059326172,13.2,102.89851379394533,13.2,94.51436614990234,13.2,84.59553527832031,13.2,90.7926025390625
13.21,96.4000473022461,13.21,102.93004608154295,13.21,94.49962615966795,13.21,84.59935760498047,13.21,90.80487823486328
13.22,96.42414855957033,13.22,102.95568084716795,13.22,94.4932098388672,13.22,84.6047592163086,13.22,90.8139419555664
13.23,96.44951629638672,13.230000000000002,102.97118377685548,13.230000000000002,94.49227905273438,13.23,84.60942077636719,13.23,90.82292175292967
13.239999999999998,96.46876525878906,13.24,102.9850616455078,13.24,94.49422454833984,13.240000000000002,84.61509704589844,13.24,90.83155059814452
13.25,96.47940826416016,13.250000000000002,103.0049819946289,13.250000000000002,94.4998779296875,13.25,84.61858367919922,13.250000000000002,90.8344497680664
13.260000000000002,96.489013671875,13.26,103.02423858642578,13.26,94.51065826416016,13.260000000000002,84.61982727050781,13.26,90.83228302001952
13.27,96.50362396240234,13.27,103.03870391845705,13.27,94.52447509765624,13.27,84.61837768554688,13.27,90.82847595214844
13.28,96.50780487060548,13.28,103.05223846435548,13.28,94.54393768310548,13.28,84.61685943603516,13.28,90.8231964111328
13.29,96.50706481933594,13.29,103.06822204589844,13.29,94.55341339111328,13.29,84.6121597290039,13.29,90.81706237792967
13.3,96.51295471191406,13.3,103.08037567138672,13.3,94.54700469970705,13.3,84.60562133789062,13.3,90.81158447265624
13.31,96.51318359375,13.31,103.08914947509766,13.31,94.53825378417967,13.310000000000002,84.59610748291016,13.31,90.8025131225586
13.32,96.5194320678711,13.320000000000002,103.09406280517578,13.320000000000002,94.52367401123048,13.32,84.58820343017578,13.32,90.79178619384766
13.329999999999998,96.5282745361328,13.33,103.09595489501952,13.33,94.5084991455078,13.330000000000002,84.58222198486328,13.33,90.780517578125
13.34,96.5364990234375,13.340000000000002,103.09522247314452,13.340000000000002,94.48332214355467,13.34,84.57823181152344,13.340000000000002,90.76669311523438
13.35,96.54541778564452,13.35,103.09622955322266,13.35,94.4521484375,13.35,84.57811737060547,13.35,90.7488250732422
13.36,96.55552673339844,13.36,103.09194946289062,13.36,94.41651153564452,13.36,84.5755844116211,13.36,90.73908996582033
13.37,96.5637664794922,13.37,103.08349609375,13.37,94.38839721679688,13.37,84.57152557373047,13.37,90.74624633789062
13.38,96.56497955322266,13.38,103.07656860351562,13.38,94.36261749267578,13.38,84.56489562988281,13.38,90.7608871459961
13.39,96.56014251708984,13.390000000000002,103.0687255859375,13.390000000000002,94.34899139404295,13.39,84.55439758300781,13.39,90.77881622314452
13.4,96.5574951171875,13.4,103.05817413330078,13.4,94.33836364746094,13.400000000000002,84.54229736328125,13.4,90.8027801513672
13.41,96.55758666992188,13.410000000000002,103.05908203125,13.410000000000002,94.32144165039062,13.41,84.5279541015625,13.409999999999998,90.83212280273438
13.419999999999998,96.56427001953124,13.42,103.05615234375,13.42,94.30194091796876,13.420000000000002,84.51303100585938,13.42,90.8639907836914
13.43,96.5690689086914,13.43,103.05429077148438,13.43,94.29635620117188,13.43,84.4981918334961,13.43,90.89622497558594
13.44,96.56682586669922,13.44,103.05667877197266,13.44,94.3026123046875,13.44,84.48412322998047,13.44,90.92790222167967
13.45,96.56470489501952,13.45,103.0603485107422,13.45,94.31098175048828,13.45,84.47162628173828,13.45,90.95471954345705
13.46,96.55960083007812,13.46,103.06632995605467,13.46,94.31287384033205,13.46,84.4597396850586,13.46,90.98043823242188
13.47,96.55310821533205,13.47,103.07630920410156,13.47,94.3140869140625,13.47,84.44631958007812,13.47,91.00767517089844
13.48,96.55271911621094,13.480000000000002,103.08589935302734,13.480000000000002,94.31820678710938,13.48,84.4333724975586,13.48,91.03563690185548
13.489999999999998,96.5550308227539,13.49,103.09564971923828,13.49,94.32845306396484,13.490000000000002,84.4201431274414,13.49,91.06153106689452
13.5,96.56230926513672,13.500000000000002,103.11249542236328,13.500000000000002,94.33985900878906,13.5,84.40746307373047,13.500000000000002,91.09127044677734
13.510000000000002,96.56715393066406,13.51,103.1302261352539,13.51,94.3443374633789,13.510000000000002,84.39612579345703,13.51,91.12174987792967
13.52,96.57750701904295,13.52,103.14847564697266,13.52,94.35285949707033,13.52,84.38475036621094,13.52,91.15311431884766
13.53,96.58737182617188,13.53,103.16445922851562,13.53,94.36241912841795,13.53,84.37260437011719,13.53,91.18844604492188
13.54,96.60063934326172,13.54,103.1784896850586,13.54,94.36669921875,13.54,84.36402130126953,13.54,91.22195434570312
13.55,96.6166534423828,13.55,103.1912612915039,13.55,94.3707275390625,13.55,84.35567474365234,13.55,91.25193786621094
13.56,96.62718963623048,13.56,103.20279693603516,13.56,94.37416076660156,13.560000000000002,84.34978485107422,13.56,91.27603149414062
13.57,96.63687896728516,13.570000000000002,103.2138214111328,13.570000000000002,94.38130950927734,13.57,84.34371948242188,13.57,91.29510498046876
13.579999999999998,96.64662170410156,13.58,103.21961975097656,13.58,94.3932876586914,13.580000000000002,84.33769226074219,13.58,91.30648803710938
13.59,96.6508560180664,13.590000000000002,103.21940612792967,13.590000000000002,94.39884185791016,13.59,84.33219146728516,13.590000000000002,91.3160400390625
13.6,96.65653228759766,13.6,103.22298431396484,13.6,94.38955688476562,13.6,84.32524108886719,13.6,91.32735443115234
13.61,96.6648406982422,13.61,103.22926330566406,13.61,94.36898040771484,13.61,84.32066345214844,13.61,91.3427505493164
13.62,96.67606353759766,13.62,103.23839569091795,13.62,94.3423080444336,13.62,84.31867218017578,13.62,91.34911346435548
13.63,96.68283081054688,13.63,103.2474594116211,13.63,94.31922912597656,13.63,84.32238006591797,13.63,91.34510803222656
13.64,96.6857452392578,13.640000000000002,103.25442504882812,13.640000000000002,94.30050659179688,13.64,84.32144165039062,13.64,91.33885955810548
13.65,96.6919403076172,13.65,103.26136016845705,13.65,94.28408813476562,13.650000000000002,84.31930541992188,13.65,91.33019256591795
13.66,96.69860076904295,13.660000000000002,103.27538299560548,13.660000000000002,94.27378845214844,13.66,84.31507873535156,13.659999999999998,91.318359375
13.669999999999998,96.70415496826172,13.67,103.29103088378906,13.67,94.27655792236328,13.670000000000002,84.3089370727539,13.67,91.30960083007812
13.68,96.7071304321289,13.68,103.30744934082033,13.68,94.2850570678711,13.68,84.2998275756836,13.68,91.3028564453125
13.69,96.70657348632812,13.69,103.32551574707033,13.69,94.29743957519533,13.69,84.28883361816406,13.69,91.29974365234376
13.7,96.70799255371094,13.7,103.34046173095705,13.7,94.31095886230467,13.7,84.27928161621094,13.7,91.301513671875
13.71,96.7051010131836,13.71,103.35436248779295,13.71,94.31739044189452,13.71,84.2707748413086,13.71,91.31217193603516
13.72,96.69266510009766,13.72,103.36519622802734,13.72,94.32312774658205,13.72,84.25975799560547,13.72,91.3266372680664
13.73,96.6786117553711,13.730000000000002,103.37798309326172,13.730000000000002,94.33587646484376,13.73,84.24981689453125,13.73,91.34497833251952
13.739999999999998,96.67241668701172,13.74,103.39915466308594,13.74,94.34928131103516,13.740000000000002,84.23904418945312,13.74,91.36489868164062
13.75,96.6666030883789,13.750000000000002,103.4123764038086,13.750000000000002,94.3628158569336,13.75,84.2296142578125,13.750000000000002,91.3807601928711
13.760000000000002,96.65611267089844,13.76,103.42310333251952,13.76,94.3770751953125,13.760000000000002,84.21905517578125,13.76,91.38941955566406
13.77,96.6462860107422,13.77,103.43115234375,13.77,94.39759826660156,13.77,84.20711517333984,13.77,91.39039611816406
13.78,96.6452178955078,13.78,103.43693542480467,13.78,94.41998291015624,13.78,84.19820404052734,13.78,91.3877410888672
13.79,96.64240264892578,13.79,103.43994903564452,13.79,94.44154357910156,13.79,84.19509887695312,13.79,91.38080596923828
13.8,96.63914489746094,13.8,103.44136810302734,13.8,94.45957946777344,13.8,84.19294738769531,13.8,91.37114715576172
13.81,96.63809967041016,13.81,103.44441986083984,13.81,94.48239135742188,13.810000000000002,84.19092559814453,13.81,91.36263275146484
13.82,96.65111541748048,13.820000000000002,103.44720458984376,13.820000000000002,94.50530242919922,13.82,84.19420623779297,13.82,91.35301208496094
13.829999999999998,96.67002868652344,13.83,103.45729064941406,13.83,94.52108764648438,13.830000000000002,84.19646453857422,13.83,91.34147644042967
13.84,96.69419860839844,13.840000000000002,103.46915435791016,13.840000000000002,94.53653717041016,13.84,84.19918823242188,13.840000000000002,91.33629608154295
13.85,96.71306610107422,13.85,103.481201171875,13.85,94.5263214111328,13.85,84.20160675048828,13.85,91.33618927001952
13.86,96.72525787353516,13.86,103.49596405029295,13.86,94.51300048828124,13.86,84.20584869384766,13.86,91.33766174316406
13.87,96.7355499267578,13.87,103.51116943359376,13.87,94.5098114013672,13.87,84.20911407470703,13.87,91.33770751953124
13.88,96.73786163330078,13.88,103.52874755859376,13.88,94.5033721923828,13.88,84.21210479736328,13.88,91.33357238769533
13.89,96.74056243896484,13.890000000000002,103.54766845703124,13.890000000000002,94.50738525390624,13.89,84.21803283691406,13.89,91.32293701171876
13.9,96.7439193725586,13.9,103.5661163330078,13.9,94.51510620117188,13.900000000000002,84.22514343261719,13.9,91.3059310913086
13.91,96.7496337890625,13.910000000000002,103.58240509033205,13.910000000000002,94.52381134033205,13.91,84.23088073730469,13.909999999999998,91.29087829589844
13.919999999999998,96.75446319580078,13.92,103.59606170654295,13.92,94.52796173095705,13.920000000000002,84.23823547363281,13.92,91.2817611694336
13.93,96.7550048828125,13.93,103.6095733642578,13.93,94.52114868164062,13.93,84.24774169921875,13.93,91.27716064453124
13.94,96.75540924072266,13.94,103.61935424804688,13.94,94.51895141601562,13.94,84.256591796875,13.94,91.27555847167967
13.95,96.7599105834961,13.95,103.62847900390624,13.95,94.50499725341795,13.95,84.26915740966797,13.95,91.27167510986328
13.96,96.77364349365234,13.96,103.6355209350586,13.96,94.49246978759766,13.96,84.28064727783203,13.96,91.27001190185548
13.97,96.79358673095705,13.97,103.64248657226562,13.97,94.4825439453125,13.97,84.28943634033203,13.97,91.26399993896484
13.98,96.8086395263672,13.980000000000002,103.64991760253906,13.980000000000002,94.47466278076172,13.98,84.2959213256836,13.98,91.26614379882812
13.989999999999998,96.82599639892578,13.99,103.65784454345705,13.99,94.46781158447266,13.990000000000002,84.3011703491211,13.99,91.2685089111328
14.0,96.84944152832033,14.000000000000002,103.6652374267578,14.000000000000002,94.46646118164062,14.0,84.30297088623047,14.000000000000002,91.26258850097656
14.010000000000002,96.8600616455078,14.01,103.67484283447266,14.01,94.46276092529295,14.010000000000002,84.3036117553711,14.01,91.24498748779295
14.02,96.8610382080078,14.02,103.6842269897461,14.02,94.4515151977539,14.02,84.30415344238281,14.02,91.21522521972656
14.03,96.86341857910156,14.03,103.69031524658205,14.03,94.43230438232422,14.03,84.30411529541016,14.03,91.17439270019533
14.04,96.8606414794922,14.04,103.69454956054688,14.04,94.41886138916016,14.04,84.30297088623047,14.04,91.12388610839844
14.05,96.86341857910156,14.05,103.7017822265625,14.05,94.40736389160156,14.05,84.30594635009766,14.05,91.0690460205078
14.06,96.868896484375,14.06,103.70996856689452,14.06,94.37651824951172,14.060000000000002,84.31163787841797,14.06,91.00762939453124
14.07,96.88526916503906,14.070000000000002,103.71407318115234,14.070000000000002,94.33969116210938,14.07,84.3167724609375,14.07,90.93710327148438
14.079999999999998,96.9123077392578,14.08,103.71822357177734,14.08,94.32261657714844,14.080000000000002,84.3216781616211,14.08,90.86328887939452
14.09,96.9412078857422,14.090000000000002,103.7200164794922,14.090000000000002,94.31996154785156,14.09,84.32856750488281,14.090000000000002,90.7852020263672
14.1,96.9600067138672,14.1,103.72213745117188,14.1,94.31787109375,14.1,84.33399200439453,14.1,90.7024917602539
14.11,96.9791030883789,14.11,103.72715759277344,14.11,94.30552673339844,14.11,84.33833312988281,14.11,90.6148910522461
14.12,96.99486541748048,14.12,103.73233032226562,14.12,94.28678894042967,14.12,84.34134674072266,14.12,90.52477264404295
14.13,97.01041412353516,14.13,103.74024963378906,14.13,94.26761627197266,14.13,84.34489440917969,14.13,90.42796325683594
14.14,97.02664184570312,14.140000000000002,103.74818420410156,14.140000000000002,94.25189208984376,14.14,84.34821319580078,14.14,90.32693481445312
14.15,97.03404998779295,14.15,103.75335693359376,14.15,94.23707580566406,14.150000000000002,84.35098266601562,14.15,90.22318267822266
14.16,97.04613494873048,14.160000000000002,103.76258087158205,14.160000000000002,94.22274017333984,14.16,84.35443115234375,14.159999999999998,90.1117172241211
14.170000000000002,97.06240844726562,14.17,103.77227783203124,14.17,94.20794677734376,14.170000000000002,84.35986328125,14.17,89.9934310913086
14.18,97.08551025390624,14.18,103.77616119384766,14.18,94.1781234741211,14.18,84.36408233642578,14.18,89.86750030517578
14.19,97.11959838867188,14.19,103.77893829345705,14.19,94.15110778808594,14.19,84.3664779663086,14.19,89.73515319824219
14.2,97.15865325927734,14.2,103.7816925048828,14.2,94.12149810791016,14.2,84.3687973022461,14.2,89.59846496582031
14.21,97.20158386230467,14.21,103.7818374633789,14.21,94.10286712646484,14.21,84.37184143066406,14.21,89.45584869384766
14.22,97.23856353759766,14.22,103.78062438964844,14.22,94.0804214477539,14.22,84.37527465820312,14.22,89.30879974365234
14.23,97.26665496826172,14.230000000000002,103.77799224853516,14.230000000000002,94.05460357666016,14.23,84.37992095947266,14.23,89.15550994873047
14.239999999999998,97.2815170288086,14.24,103.77273559570312,14.24,94.03033447265624,14.240000000000002,84.3861083984375,14.24,88.99361419677734
14.25,97.289794921875,14.250000000000002,103.76622772216795,14.250000000000002,94.0081558227539,14.25,84.39071655273438,14.250000000000002,88.83152770996094
14.260000000000002,97.29894256591795,14.26,103.76020050048828,14.26,93.97618865966795,14.260000000000002,84.3958740234375,14.26,88.66120910644531
14.27,97.29747009277344,14.27,103.75398254394533,14.27,93.94587707519533,14.27,84.40165710449219,14.27,88.49480438232422
14.28,97.2746353149414,14.28,103.74762725830078,14.28,93.91605377197266,14.28,84.40908813476562,14.28,88.33818817138672
14.29,97.24894714355467,14.29,103.73863983154295,14.29,93.8777313232422,14.29,84.41529083251953,14.29,88.1581039428711
14.3,97.21044921875,14.300000000000002,103.7232666015625,14.300000000000002,93.8266372680664,14.3,84.4212875366211,14.3,87.96665954589844
14.31,97.17674255371094,14.31,103.70115661621094,14.31,93.77375793457033,14.310000000000002,84.42493438720703,14.31,87.77275848388672
14.32,97.14197540283205,14.320000000000002,103.67847442626952,14.320000000000002,93.7200698852539,14.32,84.42830657958984,14.32,87.57634735107422
14.329999999999998,97.09825897216795,14.33,103.65267181396484,14.33,93.6605224609375,14.330000000000002,84.42928314208984,14.33,87.38288879394531
14.34,97.03470611572266,14.340000000000002,103.62735748291016,14.340000000000002,93.58753967285156,14.34,84.42871856689453,14.340000000000002,87.16854858398438
14.35,96.94888305664062,14.35,103.60301208496094,14.35,93.50260162353516,14.35,84.42658233642578,14.35,86.93635559082031
14.36,96.85717010498048,14.36,103.57711791992188,14.36,93.40306091308594,14.36,84.41956329345703,14.36,86.68815612792969
14.37,96.74623107910156,14.37,103.5497055053711,14.37,93.2746810913086,14.37,84.4075698852539,14.37,86.43067169189453
14.38,96.6153564453125,14.38,103.5214385986328,14.38,93.12608337402344,14.38,84.39190673828125,14.38,86.15345001220703
14.39,96.46282958984376,14.390000000000002,103.49412536621094,14.390000000000002,92.96267700195312,14.39,84.37179565429688,14.39,85.87132263183594
14.4,96.27626037597656,14.4,103.46842956542967,14.4,92.78636932373048,14.400000000000002,84.34808349609375,14.4,85.56526184082031
14.41,96.06049346923828,14.410000000000002,103.44337463378906,14.410000000000002,92.59869384765624,14.41,84.3201675415039,14.409999999999998,85.2484359741211
14.420000000000002,95.83846282958984,14.42,103.42405700683594,14.42,92.38169860839844,14.420000000000002,84.28678131103516,14.42,84.91364288330078
14.43,95.58206176757812,14.43,103.40900421142578,14.43,92.14559936523438,14.43,84.24981689453125,14.43,84.54803466796875
14.44,95.26371002197266,14.44,103.39745330810548,14.44,91.90045166015624,14.44,84.20677185058594,14.44,84.15265655517578
14.45,94.905517578125,14.45,103.38087463378906,14.45,91.6453857421875,14.45,84.16090393066406,14.45,83.72039031982422
14.46,94.53192901611328,14.46,103.36396026611328,14.46,91.36819458007812,14.46,84.1130142211914,14.46,83.30294799804688
14.47,94.134033203125,14.47,103.35409545898438,14.47,91.08511352539062,14.470000000000002,84.06261444091797,14.47,82.86956024169922
14.48,93.7023696899414,14.480000000000002,103.34983825683594,14.480000000000002,90.79261779785156,14.48,84.01000213623047,14.48,82.39878845214844
14.489999999999998,93.26232147216795,14.49,103.34852600097656,14.49,90.47474670410156,14.490000000000002,83.95506286621094,14.49,81.87786865234375
14.5,92.81018829345705,14.500000000000002,103.3496322631836,14.500000000000002,90.12416076660156,14.5,83.90019989013672,14.500000000000002,81.30956268310547
14.510000000000002,92.33541870117188,14.51,103.35714721679688,14.51,89.75914764404297,14.510000000000002,83.84769439697266,14.51,80.70103454589844
14.52,91.81993103027344,14.52,103.37529754638672,14.52,89.35072326660156,14.52,83.7964096069336,14.52,80.09870910644531
14.53,91.28042602539062,14.53,103.401611328125,14.53,88.92444610595703,14.53,83.74720764160156,14.53,79.46502685546875
14.54,90.71322631835938,14.54,103.43157196044922,14.54,88.49407958984375,14.54,83.69580841064453,14.54,78.79512023925781
14.55,90.10953521728516,14.550000000000002,103.46456909179688,14.550000000000002,88.0340576171875,14.55,83.64704132080078,14.55,78.12623596191406
14.56,89.48188018798828,14.56,103.5016098022461,14.56,87.54418182373047,14.560000000000002,83.603515625,14.56,77.43790435791016
14.57,88.833984375,14.570000000000002,103.53787231445312,14.570000000000002,87.01502990722656,14.57,83.56830596923828,14.57,76.67561340332031
14.579999999999998,88.17740631103516,14.58,103.57634735107422,14.58,86.48248291015625,14.580000000000002,83.5344009399414,14.58,75.84397888183594
14.59,87.55037689208984,14.590000000000002,103.62359619140624,14.590000000000002,85.9637680053711,14.59,83.49671936035156,14.590000000000002,74.93487548828125
14.6,86.9212417602539,14.6,103.67382049560548,14.6,85.45484924316406,14.6,83.46416473388672,14.6,73.95681762695312
14.61,86.27436065673828,14.61,103.72626495361328,14.61,84.92353057861328,14.61,83.44673156738281,14.61,72.90926361083984
14.62,85.57791137695312,14.62,103.79052734375,14.62,84.368408203125,14.62,83.45706939697266,14.62,71.83576202392578
14.63,84.84288024902344,14.63,103.860595703125,14.63,83.79061126708984,14.63,83.48150634765625,14.63,70.76200103759766
14.64,84.09471130371094,14.640000000000002,103.92408752441406,14.640000000000002,83.19660949707031,14.64,83.52490997314453,14.64,69.7038803100586
14.65,83.30902099609375,14.65,103.99063110351562,14.65,82.6004409790039,14.650000000000002,83.58988952636719,14.65,68.64974212646484
14.66,82.52283477783203,14.660000000000002,104.0557861328125,14.660000000000002,82.04751586914062,14.66,83.66255187988281,14.660000000000002,67.48974609375
14.670000000000002,81.78976440429688,14.67,104.1189956665039,14.67,81.54710388183594,14.670000000000002,83.72498321533203,14.67,66.17012786865234
14.68,81.12322998046875,14.68,104.17688751220705,14.68,81.07992553710938,14.68,83.76756286621094,14.68,64.71685791015625
14.69,80.4682388305664,14.69,104.2360382080078,14.69,80.60791778564453,14.69,83.78614807128906,14.69,63.11617660522461
14.7,79.78120422363281,14.7,104.3083724975586,14.7,80.07792663574219,14.7,83.77869415283203,14.7,61.47245788574219
14.71,79.09630584716797,14.71,104.37956237792967,14.71,79.53002166748047,14.71,83.7540054321289,14.71,59.0095100402832
14.72,78.42516326904297,14.72,104.47333526611328,14.72,78.97000122070312,14.720000000000002,83.73651885986328,14.72,56.87459945678711
14.73,77.75017547607422,14.730000000000002,104.58162689208984,14.730000000000002,78.37718963623047,14.73,83.73223114013672,14.73,55.56566619873047
14.739999999999998,77.12939453125,14.74,104.69398498535156,14.74,77.81653594970703,14.740000000000002,83.72882080078125,14.74,54.31403732299805
14.75,76.55480194091797,14.750000000000002,104.80789947509766,14.750000000000002,77.3114242553711,14.75,83.70113372802734,14.750000000000002,52.7281608581543
14.760000000000002,75.97294616699219,14.76,104.91471099853516,14.76,76.7761459350586,14.760000000000002,83.65445709228516,14.76,51.04322814941406
14.77,75.36300659179688,14.77,105.02029418945312,14.77,76.26278686523438,14.77,83.59754180908203,14.77,49.344993591308594
14.78,74.76081848144531,14.78,105.1232681274414,14.78,75.82003784179688,14.78,83.53572845458984,14.78,47.68614959716797
14.79,74.18602752685547,14.79,105.22869110107422,14.79,75.37200164794922,14.79,83.45191192626953,14.79,46.1333236694336
14.8,73.60163879394531,14.800000000000002,105.33732604980467,14.800000000000002,74.89692687988281,14.8,83.33724212646484,14.8,44.66977691650391
14.81,72.97187042236328,14.81,105.44246673583984,14.81,74.37750244140625,14.810000000000002,83.2072525024414,14.81,43.19222640991211
14.82,72.3249740600586,14.820000000000002,105.5683135986328,14.820000000000002,73.86552429199219,14.82,83.07141876220703,14.82,41.63762664794922
14.829999999999998,71.75873565673828,14.83,105.70203399658205,14.83,73.38904571533203,14.830000000000002,82.94766235351562,14.83,40.05326461791992
14.84,71.19290924072266,14.840000000000002,105.82727813720705,14.840000000000002,72.89530181884766,14.84,82.81871795654297,14.840000000000002,38.59444046020508
14.85,70.63965606689453,14.85,105.96510314941406,14.85,72.4283218383789,14.85,82.68353271484375,14.85,37.12987518310547
14.86,70.12507629394531,14.86,106.11692810058594,14.86,71.92314910888672,14.86,82.5604476928711,14.86,35.579856872558594
14.87,69.62838745117188,14.87,106.276611328125,14.87,71.40473937988281,14.87,82.46131134033203,14.87,33.99047088623047
14.88,69.09690856933594,14.88,106.43475341796876,14.88,70.86001586914062,14.88,82.36803436279297,14.88,32.3268928527832
14.89,68.5505142211914,14.890000000000002,106.60137176513672,14.890000000000002,70.35450744628906,14.89,82.26318359375,14.89,30.55707550048828
14.9,68.02083587646484,14.9,106.80890655517578,14.9,69.83973693847656,14.900000000000002,82.15225219726562,14.9,28.8685302734375
14.91,67.54285430908203,14.910000000000002,107.04927825927734,14.910000000000002,69.34242248535156,14.91,82.06159210205078,14.910000000000002,27.37467765808105
14.920000000000002,67.00855255126953,14.92,107.32366943359376,14.92,68.95223236083984,14.920000000000002,81.9995346069336,14.92,25.97503471374512
14.93,66.511962890625,14.93,107.60305786132812,14.93,68.61763000488281,14.93,81.9492416381836,14.93,24.46021842956543
14.94,66.04866027832031,14.94,107.88388061523438,14.94,68.2543716430664,14.94,81.89266967773438,14.94,22.757381439208984
14.95,65.59612274169922,14.95,108.15516662597656,14.95,67.91801452636719,14.95,81.82501983642578,14.95,21.063894271850582
14.96,65.1376724243164,14.96,108.41622924804688,14.96,67.56312561035156,14.96,81.75110626220703,14.96,19.510025024414062
14.97,64.65806579589844,14.97,108.6708526611328,14.97,67.24260711669922,14.970000000000002,81.6887435913086,14.97,18.06479835510254
14.98,64.20333099365234,14.980000000000002,108.9255142211914,14.980000000000002,66.91056060791016,14.98,81.64850616455078,14.98,16.701757431030273
14.989999999999998,63.84612655639648,14.99,109.18588256835938,14.99,66.62615966796875,14.990000000000002,81.62544250488281,14.99,15.40005874633789
15.0,63.43448257446289,15.000000000000002,109.45547485351562,15.000000000000002,66.38754272460938,15.0,81.61395263671875,15.000000000000002,14.152935981750488
15.010000000000002,62.95600891113281,15.01,109.74333190917967,15.01,66.17723846435547,15.010000000000002,81.60198211669922,15.01,12.848414421081545
15.02,62.57188415527344,15.02,110.03709411621094,15.02,65.9051284790039,15.02,81.603515625,15.02,11.338268280029297
15.03,62.16938781738281,15.03,110.33968353271484,15.03,65.66361236572266,15.03,81.6085433959961,15.03,10.122726440429688
15.04,61.778995513916016,15.04,110.64240264892578,15.04,65.4161376953125,15.04,81.60481262207031,15.04,9.440271377563477
15.05,61.4059944152832,15.050000000000002,110.93768310546876,15.050000000000002,65.13868713378906,15.05,81.59476470947266,15.05,8.547831535339355
15.06,61.04961395263672,15.06,111.21255493164062,15.06,64.85293579101562,15.060000000000002,81.57013702392578,15.06,7.4754767417907715
15.07,60.75392150878906,15.070000000000002,111.47066497802734,15.070000000000002,64.54391479492188,15.07,81.5227279663086,15.07,6.6993021965026855
15.079999999999998,60.51694869995117,15.08,111.72428131103516,15.08,64.24498748779297,15.080000000000002,81.47374725341797,15.08,5.994626045227051
15.09,60.28842544555664,15.090000000000002,111.98045349121094,15.090000000000002,63.96710968017578,15.09,81.42731475830078,15.090000000000002,5.210968017578125
15.1,60.11185073852539,15.1,112.24579620361328,15.1,63.71736145019531,15.1,81.38516235351562,15.1,4.45098352432251
15.11,59.92319107055664,15.11,112.50856018066406,15.11,63.47199630737305,15.11,81.3514175415039,15.11,3.773547410964966
15.12,59.79555130004883,15.12,112.76351928710938,15.12,63.22343063354492,15.12,81.32530975341797,15.12,3.1178719997406006
15.13,59.72645568847656,15.13,113.00975036621094,15.13,62.9731674194336,15.13,81.30815887451172,15.13,2.5483648777008057
15.14,59.66302490234375,15.140000000000002,113.22843933105467,15.140000000000002,62.77780151367188,15.14,81.29930877685547,15.14,2.07143783569336
15.15,59.628116607666016,15.15,113.43399810791016,15.15,62.626609802246094,15.150000000000002,81.29238891601562,15.15,1.6969683170318604
15.16,59.62021255493164,15.160000000000002,113.62712097167967,15.160000000000002,62.47680282592773,15.16,81.29098510742188,15.160000000000002,1.378976345062256
15.170000000000002,59.64702606201172,15.17,113.8110580444336,15.17,62.38370513916016,15.170000000000002,81.29682922363281,15.17,1.1094858646392822
15.18,59.714962005615234,15.18,113.98906707763672,15.18,62.35308074951172,15.18,81.30748748779297,15.18,0.9427666664123536
15.19,59.819217681884766,15.19,114.14735412597656,15.19,62.35017776489258,15.19,81.32394409179688,15.19,0.7987048029899597
15.2,59.95940017700195,15.2,114.29314422607422,15.2,62.399410247802734,15.2,81.3397216796875,15.2,0.7352659106254578
15.21,60.13169097900391,15.21,114.4253158569336,15.21,62.4759635925293,15.21,81.35665130615234,15.21,0.7067565321922302
15.22,60.32212448120117,15.22,114.5399169921875,15.22,62.56424331665039,15.220000000000002,81.37544250488281,15.22,0.7075208425521851
15.23,60.53829956054688,15.230000000000002,114.6364288330078,15.230000000000002,62.6756706237793,15.23,81.39453887939453,15.23,0.8160481452941895
15.239999999999998,60.777793884277344,15.24,114.7029266357422,15.24,62.81217956542969,15.240000000000002,81.42135620117188,15.24,0.9381701946258544
15.25,61.02635192871094,15.250000000000002,114.74699401855467,15.250000000000002,62.96920394897461,15.25,81.45255279541016,15.250000000000002,1.1154229640960691
15.260000000000002,61.29004287719727,15.26,114.78032684326172,15.26,63.14910507202149,15.260000000000002,81.48208618164062,15.26,1.360625147819519
15.27,61.56205749511719,15.27,114.78997039794922,15.27,63.35957717895508,15.27,81.51837921142578,15.27,1.6264057159423828
15.28,61.83445739746094,15.28,114.78003692626952,15.28,63.57011795043945,15.28,81.56489562988281,15.28,1.9815094470977783
15.29,62.10758209228516,15.29,114.7542495727539,15.29,63.76895904541016,15.29,81.61786651611328,15.29,2.395596742630005
15.3,62.38741683959961,15.300000000000002,114.70178985595705,15.300000000000002,63.9650993347168,15.3,81.67781829833984,15.3,2.852223396301269
15.31,62.69282913208008,15.31,114.63176727294922,15.31,64.15306091308594,15.310000000000002,81.74591064453125,15.31,3.389829158782959
15.32,63.01459884643555,15.320000000000002,114.54291534423828,15.320000000000002,64.328857421875,15.32,81.82231140136719,15.32,3.995983123779297
15.329999999999998,63.36428451538086,15.33,114.42897033691406,15.33,64.51042938232422,15.330000000000002,81.90238952636719,15.33,4.663619995117188
15.34,63.70598983764648,15.340000000000002,114.30343627929688,15.340000000000002,64.67681884765625,15.34,81.98004913330078,15.340000000000002,5.390608310699463
15.35,64.06401824951172,15.35,114.15901947021484,15.35,64.8359146118164,15.35,82.05546569824219,15.35,6.119571208953857
15.36,64.42513275146484,15.36,113.99427795410156,15.36,65.02501678466797,15.36,82.12952423095703,15.36,6.895718574523926
15.37,64.81140899658203,15.37,113.82240295410156,15.37,65.25148010253906,15.37,82.20790100097656,15.37,7.717319965362549
15.38,65.18791961669922,15.38,113.63728332519533,15.38,65.49288940429688,15.38,82.28556060791016,15.38,8.562127113342285
15.39,65.55552673339844,15.390000000000002,113.44512176513672,15.390000000000002,65.75194549560547,15.39,82.36003875732422,15.39,9.450294494628906
15.4,65.91649627685547,15.4,113.25022888183594,15.4,66.02071380615234,15.400000000000002,82.43070220947266,15.4,10.38392448425293
15.41,66.27027893066406,15.410000000000002,113.0505599975586,15.410000000000002,66.28717041015625,15.41,82.49932098388672,15.410000000000002,11.343535423278809
15.420000000000002,66.62764739990234,15.42,112.84344482421876,15.42,66.59364318847656,15.420000000000002,82.56475830078125,15.42,12.339787483215332
15.43,66.9779281616211,15.43,112.63055419921876,15.43,66.90376281738281,15.43,82.62438201904297,15.43,13.360801696777344
15.44,67.33535766601562,15.44,112.40928649902344,15.44,67.20769500732422,15.44,82.67509460449219,15.44,14.415094375610352
15.45,67.70626831054688,15.45,112.1828384399414,15.45,67.49028015136719,15.45,82.71418762207031,15.45,15.512574195861816
15.46,68.07679748535156,15.46,111.95378875732422,15.46,67.76405334472656,15.46,82.74442291259766,15.46,16.649333953857422
15.47,68.43102264404297,15.47,111.7168960571289,15.47,68.04300689697266,15.470000000000002,82.7728500366211,15.47,17.828296661376953
15.48,68.81941223144531,15.480000000000002,111.48416900634766,15.480000000000002,68.3426742553711,15.48,82.80438232421875,15.48,19.03784942626953
15.489999999999998,69.20580291748047,15.49,111.25497436523438,15.49,68.66512298583984,15.490000000000002,82.83727264404297,15.49,20.288908004760746
15.5,69.58783721923828,15.500000000000002,111.03279876708984,15.500000000000002,69.01194763183594,15.5,82.86675262451172,15.500000000000002,21.561351776123047
15.510000000000002,69.98524475097656,15.51,110.82102966308594,15.51,69.32827758789062,15.510000000000002,82.89067077636719,15.51,22.88037872314453
15.52,70.39378356933594,15.52,110.61872863769533,15.52,69.6734619140625,15.52,82.90646362304688,15.52,24.23065757751465
15.53,70.81591033935547,15.53,110.4132308959961,15.53,70.05903625488281,15.53,82.91728973388672,15.53,25.60188102722168
15.54,71.2456283569336,15.54,110.21871185302734,15.54,70.44335174560547,15.54,82.92522430419922,15.54,26.97723388671875
15.55,71.69309997558594,15.550000000000002,110.02571868896484,15.550000000000002,70.86353302001953,15.55,82.93770599365234,15.55,28.36233711242676
15.56,72.15234375,15.56,109.82821655273438,15.56,71.28507232666016,15.560000000000002,82.94708251953125,15.56,29.7668514251709
15.57,72.62484741210938,15.570000000000002,109.62877655029295,15.570000000000002,71.71292114257812,15.57,82.95275115966797,15.57,31.18841361999512
15.579999999999998,73.12554931640625,15.58,109.42809295654295,15.58,72.16106414794922,15.580000000000002,82.95989990234375,15.58,32.63084411621094
15.59,73.64044952392578,15.590000000000002,109.23461151123048,15.590000000000002,72.630126953125,15.59,82.9700927734375,15.590000000000002,34.07556915283203
15.6,74.17627716064453,15.6,109.0440902709961,15.6,73.10917663574219,15.6,82.9835205078125,15.6,35.51609802246094
15.61,74.75025177001953,15.61,108.85965728759766,15.61,73.60484313964844,15.61,83.00288391113281,15.61,36.96178436279297
15.62,75.32379913330078,15.62,108.67635345458984,15.62,74.12147521972656,15.62,83.03128051757812,15.62,38.40923309326172
15.63,75.89745330810547,15.63,108.49832916259766,15.63,74.67337036132812,15.63,83.0709228515625,15.63,39.84111785888672
15.64,76.51616668701172,15.640000000000002,108.3166732788086,15.640000000000002,75.27115631103516,15.64,83.11790466308594,15.64,41.28078842163086
15.65,77.19306182861328,15.65,108.1369857788086,15.65,75.87287902832031,15.650000000000002,83.16352844238281,15.65,42.72988128662109
15.66,77.88045501708984,15.660000000000002,107.96292114257812,15.660000000000002,76.47769165039062,15.66,83.21129608154297,15.660000000000002,44.17075729370117
15.670000000000002,78.61247253417969,15.67,107.78840637207033,15.67,77.13069152832031,15.670000000000002,83.26174926757812,15.67,45.58281326293945
15.68,79.35774993896484,15.68,107.6157684326172,15.68,77.82816314697266,15.68,83.30936431884766,15.68,46.9991455078125
15.69,80.09231567382812,15.69,107.44833374023438,15.69,78.51982879638672,15.69,83.35075378417969,15.69,48.41778945922852
15.7,80.87743377685547,15.7,107.2831802368164,15.7,79.20470428466797,15.7,83.38678741455078,15.7,49.85540008544922
15.71,81.66985321044922,15.71,107.11996459960938,15.71,79.94425964355469,15.71,83.4155044555664,15.71,51.26933288574219
15.72,82.46015930175781,15.72,106.95552825927734,15.72,80.72351837158203,15.720000000000002,83.44527435302734,15.72,52.66127014160156
15.73,83.2429428100586,15.730000000000002,106.8047103881836,15.730000000000002,81.44418334960938,15.73,83.48397827148438,15.73,54.03859329223633
15.739999999999998,84.04695129394531,15.74,106.67588806152344,15.74,82.14248657226562,15.740000000000002,83.52913665771484,15.74,55.39474487304688
15.75,84.87618255615234,15.750000000000002,106.5098648071289,15.750000000000002,82.80435180664062,15.75,83.57981872558594,15.750000000000002,56.7438850402832
15.760000000000002,85.6771011352539,15.76,106.34873962402344,15.76,83.5250244140625,15.760000000000002,83.63290405273438,15.76,58.08837127685547
15.77,86.46926879882812,15.77,106.1863250732422,15.77,84.28959655761719,15.77,83.6863784790039,15.77,59.4162712097168
15.78,87.2389907836914,15.78,106.0347671508789,15.78,84.9783706665039,15.78,83.74397277832031,15.78,60.72974395751953
15.79,88.00272369384766,15.79,105.8928451538086,15.79,85.66316223144531,15.79,83.80293273925781,15.79,61.9892578125
15.8,88.75112915039062,15.800000000000002,105.7679214477539,15.800000000000002,86.3426742553711,15.8,83.86170959472656,15.8,63.20837020874024
15.81,89.4862060546875,15.81,105.656982421875,15.81,86.98736572265625,15.810000000000002,83.91400146484375,15.81,64.42049407958984
15.82,90.21338653564452,15.820000000000002,105.53334045410156,15.820000000000002,87.58275604248047,15.82,83.95760345458984,15.82,65.62338256835938
15.829999999999998,90.92315673828124,15.83,105.40025329589844,15.83,88.15098571777344,15.830000000000002,83.99295043945312,15.83,66.7911148071289
15.84,91.62994384765624,15.840000000000002,105.27928161621094,15.840000000000002,88.69283294677734,15.84,84.0239486694336,15.840000000000002,67.93734741210938
15.85,92.3204345703125,15.85,105.14503479003906,15.85,89.1924819946289,15.85,84.0460433959961,15.85,69.06209564208984
15.86,92.97176361083984,15.86,105.00741577148438,15.86,89.67413330078125,15.86,84.06439971923828,15.86,70.14325714111328
15.87,93.60438537597656,15.87,104.8635711669922,15.87,90.13264465332033,15.87,84.07978057861328,15.87,71.24868774414062
15.88,94.2031021118164,15.88,104.71399688720705,15.88,90.58690643310548,15.88,84.08881378173828,15.88,72.35983276367188
15.89,94.78131103515624,15.890000000000002,104.56407165527344,15.890000000000002,91.02247619628906,15.89,84.08855438232422,15.89,73.40641784667969
15.9,95.3364715576172,15.9,104.42378997802734,15.9,91.39405059814452,15.900000000000002,84.08059692382812,15.9,74.43758392333984
15.91,95.77606201171876,15.910000000000002,104.27640533447266,15.910000000000002,91.71450805664062,15.91,84.06057739257812,15.910000000000002,75.41651153564453
15.920000000000002,96.12865447998048,15.92,104.10901641845705,15.92,91.96652221679688,15.920000000000002,84.0370864868164,15.92,76.34194946289062
15.93,96.45411682128906,15.93,103.94666290283205,15.93,92.15095520019533,15.93,84.00546264648438,15.93,77.19620513916016
15.94,96.76692962646484,15.94,103.76428985595705,15.94,92.3532485961914,15.94,83.96910095214844,15.94,78.03520202636719
15.95,97.07543182373048,15.95,103.5840072631836,15.95,92.57522583007812,15.95,83.92926025390625,15.95,78.83422088623047
15.96,97.3660125732422,15.96,103.42562103271484,15.96,92.7861785888672,15.96,83.88518524169922,15.96,79.56211853027344
15.97,97.62561798095705,15.97,103.29369354248048,15.97,92.97467803955078,15.970000000000002,83.83926391601562,15.97,80.26084899902344
15.98,97.8519287109375,15.980000000000002,103.17424011230467,15.980000000000002,93.136474609375,15.98,83.78849792480469,15.98,80.89068603515625
15.989999999999998,98.07283782958984,15.99,103.0639190673828,15.99,93.2962875366211,15.990000000000002,83.73316955566406,15.99,81.47223663330078
16.0,98.27408599853516,16.0,102.98953247070312,16.0,93.47274017333984,16.0,83.67230224609375,16.0,82.07731628417969
16.01,98.50440216064452,16.009999999999998,102.9273681640625,16.009999999999998,93.67188262939452,16.01,83.61348724365234,16.009999999999998,82.6065673828125
16.02,98.71160888671876,16.020000000000003,102.88513946533205,16.020000000000003,93.88986206054688,16.02,83.55269622802734,16.020000000000003,83.17565155029297
16.03,98.90845489501952,16.03,102.86713409423828,16.03,94.0912857055664,16.03,83.49250030517578,16.03,83.69071960449219
16.04,99.06855010986328,16.04,102.86373901367188,16.04,94.28401184082033,16.04,83.43537139892578,16.04,84.21959686279297
16.05,99.21672821044922,16.050000000000004,102.89667510986328,16.050000000000004,94.4919662475586,16.05,83.38711547851562,16.049999999999997,84.78227233886719
16.06,99.35037994384766,16.060000000000002,102.94499969482422,16.060000000000002,94.7009506225586,16.060000000000002,83.35395050048828,16.060000000000002,85.31297302246094
16.07,99.47168731689452,16.07,103.0145034790039,16.07,94.8923110961914,16.07,83.3331069946289,16.07,85.83745574951172
16.08,99.5998077392578,16.08,103.087646484375,16.08,95.07193756103516,16.080000000000002,83.3195571899414,16.08,86.39389038085938
16.09,99.7245635986328,16.090000000000003,103.15909576416016,16.090000000000003,95.23236846923828,16.09,83.31188201904297,16.090000000000003,86.92630004882812
16.1,99.82891082763672,16.1,103.21826171875,16.1,95.38247680664062,16.1,83.30284881591797,16.1,87.42741394042969
16.11,99.91800689697266,16.11,103.2681884765625,16.11,95.5327606201172,16.11,83.2860107421875,16.11,87.92070007324219
16.12,99.97254943847656,16.119999999999997,103.30249786376952,16.119999999999997,95.68260192871094,16.12,83.26224517822266,16.119999999999997,88.37054443359375
16.13,100.00975799560548,16.130000000000003,103.32637786865234,16.130000000000003,95.80695343017578,16.13,83.23868560791016,16.130000000000003,88.79034423828125
16.14,100.0105972290039,16.14,103.34415435791016,16.14,95.90830993652344,16.14,83.21732330322266,16.14,89.20189666748047
16.15,99.9949722290039,16.15,103.3590850830078,16.15,95.99732208251952,16.150000000000002,83.19834899902344,16.15,89.55852508544922
16.16,99.98567199707033,16.160000000000004,103.36065673828124,16.160000000000004,96.07524871826172,16.16,83.1890869140625,16.160000000000004,89.89885711669922
16.17,99.97818756103516,16.17,103.35700225830078,16.17,96.1419448852539,16.17,83.18759155273438,16.17,90.2557144165039
16.18,99.97216033935548,16.18,103.34303283691406,16.18,96.18147277832033,16.18,83.19569396972656,16.18,90.62448120117188
16.19,99.97642517089844,16.189999999999998,103.330078125,16.189999999999998,96.21856689453124,16.19,83.19657135009766,16.189999999999998,91.02628326416016
16.2,99.98492431640624,16.200000000000003,103.32473754882812,16.200000000000003,96.2507781982422,16.2,83.1932373046875,16.200000000000003,91.44996643066406
16.21,99.974365234375,16.21,103.32674407958984,16.21,96.26746368408205,16.21,83.19551086425781,16.21,91.88066864013672
16.22,99.9198226928711,16.22,103.33212280273438,16.22,96.26716613769533,16.220000000000002,83.19304656982422,16.22,92.33928680419922
16.23,99.84536743164062,16.230000000000004,103.34334564208984,16.230000000000004,96.24764251708984,16.23,83.191650390625,16.229999999999997,92.73475646972656
16.24,99.73385620117188,16.240000000000002,103.3684539794922,16.240000000000002,96.2171630859375,16.240000000000002,83.189208984375,16.240000000000002,93.0884780883789
16.25,99.60491943359376,16.25,103.40056610107422,16.25,96.168212890625,16.25,83.1827621459961,16.25,93.408447265625
16.26,99.46465301513672,16.259999999999998,103.4309310913086,16.259999999999998,96.1002197265625,16.26,83.17849731445312,16.259999999999998,93.6851043701172
16.27,99.30500030517578,16.270000000000003,103.46080780029295,16.270000000000003,96.0128936767578,16.27,83.18895721435547,16.270000000000003,93.9499969482422
16.28,99.12657928466795,16.28,103.4919662475586,16.28,95.91451263427734,16.28,83.20360565185547,16.28,94.17682647705078
16.29,98.93558502197266,16.29,103.5309600830078,16.29,95.81906127929688,16.29,83.2265853881836,16.29,94.37841033935548
16.3,98.76244354248048,16.300000000000004,103.56562042236328,16.300000000000004,95.72850799560548,16.3,83.25370025634766,16.299999999999997,94.56084442138672
16.31,98.6068115234375,16.310000000000002,103.60437774658205,16.310000000000002,95.63800048828124,16.310000000000002,83.2743148803711,16.310000000000002,94.73458862304688
16.32,98.47676849365234,16.32,103.6352081298828,16.32,95.55663299560548,16.32,83.28997039794922,16.32,94.87046813964844
16.33,98.38094329833984,16.33,103.67214965820312,16.33,95.4942398071289,16.330000000000002,83.30012512207031,16.33,94.9983367919922
16.34,98.31875610351562,16.340000000000003,103.7264633178711,16.340000000000003,95.4521484375,16.34,83.3081283569336,16.340000000000003,95.1190414428711
16.35,98.28421783447266,16.35,103.76895141601562,16.35,95.42955017089844,16.35,83.31652069091797,16.35,95.2272491455078
16.36,98.26521301269533,16.36,103.8178482055664,16.36,95.44220733642578,16.36,83.328369140625,16.36,95.3277359008789
16.37,98.25592041015624,16.369999999999997,103.86160278320312,16.369999999999997,95.51734924316406,16.37,83.34497833251953,16.369999999999997,95.41596221923828
16.38,98.27283477783205,16.380000000000003,103.90885925292967,16.380000000000003,95.55886840820312,16.38,83.37250518798828,16.380000000000003,95.477294921875
16.39,98.28951263427734,16.39,103.95671844482422,16.39,95.58696746826172,16.39,83.4069595336914,16.39,95.52210235595705
16.4,98.2953643798828,16.4,104.00108337402344,16.4,95.60540008544922,16.400000000000002,83.45003509521484,16.4,95.5587387084961
16.41,98.30723571777344,16.410000000000004,104.0365219116211,16.410000000000004,95.62210845947266,16.41,83.4983139038086,16.410000000000004,95.58817291259766
16.42,98.31822967529295,16.42,104.05609130859376,16.42,95.64432525634766,16.42,83.55384826660156,16.42,95.60681915283205
16.43,98.30262756347656,16.43,104.05865478515624,16.43,95.6672592163086,16.43,83.6103515625,16.43,95.6135025024414
16.44,98.2839584350586,16.439999999999998,104.04369354248048,16.439999999999998,95.6794204711914,16.44,83.66720581054688,16.439999999999998,95.60751342773438
16.45,98.26336669921876,16.450000000000003,104.02169036865234,16.450000000000003,95.68313598632812,16.45,83.72178649902344,16.450000000000003,95.59033203125
16.46,98.2402801513672,16.46,103.98653411865234,16.46,95.67743682861328,16.46,83.77115631103516,16.46,95.55154418945312
16.47,98.21271514892578,16.47,103.94374084472656,16.47,95.66272735595705,16.470000000000002,83.81757354736328,16.47,95.4902572631836
16.48,98.17486572265624,16.480000000000004,103.90724182128906,16.480000000000004,95.6353988647461,16.48,83.86347198486328,16.479999999999997,95.41200256347656
16.49,98.12445068359376,16.490000000000002,103.87163543701172,16.490000000000002,95.59130096435548,16.490000000000002,83.90805053710938,16.490000000000002,95.31813049316406
16.5,98.07511901855467,16.5,103.8193130493164,16.5,95.5414810180664,16.5,83.95052337646484,16.5,95.2239227294922
16.51,98.02144622802734,16.509999999999998,103.76634979248048,16.509999999999998,95.48609924316406,16.51,83.98912811279297,16.509999999999998,95.13050079345705
16.52,97.9647216796875,16.520000000000003,103.71124267578124,16.520000000000003,95.43250274658205,16.52,84.02384948730469,16.520000000000003,95.04019165039062
16.53,97.91996002197266,16.53,103.66130065917967,16.53,95.3721694946289,16.53,84.05615997314453,16.53,94.94888305664062
16.54,97.89281463623048,16.54,103.61476135253906,16.54,95.31167602539062,16.54,84.0838851928711,16.54,94.8659896850586
16.55,97.86917114257812,16.550000000000004,103.57059478759766,16.550000000000004,95.25782012939452,16.55,84.10932922363281,16.549999999999997,94.7835693359375
16.56,97.84080505371094,16.560000000000002,103.52672576904295,16.560000000000002,95.21661376953124,16.560000000000002,84.13629913330078,16.560000000000002,94.70280456542967
16.57,97.80399322509766,16.57,103.48580932617188,16.57,95.17803955078124,16.57,84.15867614746094,16.57,94.63313293457033
16.58,97.76345825195312,16.58,103.45155334472656,16.58,95.13581848144533,16.580000000000002,84.17633819580078,16.58,94.5787353515625
16.59,97.71443939208984,16.590000000000003,103.41741180419922,16.590000000000003,95.09310150146484,16.59,84.19313049316406,16.590000000000003,94.53379821777344
16.6,97.6458511352539,16.6,103.3892593383789,16.6,95.05528259277344,16.6,84.2097396850586,16.6,94.5011215209961
16.61,97.57293701171876,16.61,103.36691284179688,16.61,95.0169677734375,16.61,84.22587585449219,16.61,94.46468353271484
16.62,97.51837158203124,16.619999999999997,103.34278869628906,16.619999999999997,94.97361755371094,16.62,84.24279022216797,16.619999999999997,94.44349670410156
16.63,97.465087890625,16.630000000000003,103.31324768066406,16.630000000000003,94.9372329711914,16.63,84.25892639160156,16.630000000000003,94.3999252319336
16.64,97.41241455078124,16.64,103.28501892089844,16.64,94.89642333984376,16.64,84.27932739257812,16.64,94.36162567138672
16.65,97.36649322509766,16.65,103.2532958984375,16.65,94.85658264160156,16.650000000000002,84.30333709716797,16.65,94.3290023803711
16.66,97.32360076904295,16.660000000000004,103.22087860107422,16.660000000000004,94.81193542480467,16.66,84.32915496826172,16.660000000000004,94.30445861816406
16.67,97.28660583496094,16.67,103.1913833618164,16.67,94.76026916503906,16.67,84.35726928710938,16.67,94.27487182617188
16.68,97.24857330322266,16.68,103.16539764404295,16.68,94.6978759765625,16.68,84.38615417480469,16.68,94.26019287109376
16.69,97.20413970947266,16.689999999999998,103.13528442382812,16.689999999999998,94.63814544677734,16.69,84.41445922851562,16.689999999999998,94.23400115966795
16.7,97.165283203125,16.700000000000003,103.10796356201172,16.700000000000003,94.58460235595705,16.7,84.44097900390625,16.700000000000003,94.21277618408205
16.71,97.13159942626952,16.71,103.08023834228516,16.71,94.53600311279295,16.71,84.46562957763672,16.71,94.18986511230467
16.72,97.09507751464844,16.72,103.06433868408205,16.72,94.48965454101562,16.720000000000002,84.48645782470703,16.72,94.16691589355467
16.73,97.05831146240234,16.730000000000004,103.0548095703125,16.730000000000004,94.44192504882812,16.73,84.505615234375,16.729999999999997,94.15022277832033
16.74,97.02576446533205,16.740000000000002,103.0437240600586,16.740000000000002,94.38200378417967,16.740000000000002,84.5223159790039,16.740000000000002,94.1335220336914
16.75,96.98873138427734,16.75,103.03243255615234,16.75,94.32186126708984,16.75,84.5361557006836,16.75,94.1202163696289
16.76,96.958251953125,16.759999999999998,103.01831817626952,16.759999999999998,94.2668914794922,16.76,84.54755401611328,16.759999999999998,94.11339569091795
16.77,96.92865753173828,16.770000000000003,103.0077896118164,16.770000000000003,94.2143325805664,16.77,84.55779266357422,16.770000000000003,94.1122055053711
16.78,96.90018463134766,16.78,102.99799346923828,16.78,94.170166015625,16.78,84.56976318359375,16.78,94.11463165283205
16.79,96.87635040283205,16.79,102.9889678955078,16.79,94.12694549560548,16.79,84.58390808105469,16.79,94.12361907958984
16.8,96.85202026367188,16.800000000000004,102.9766082763672,16.800000000000004,94.07601928710938,16.8,84.59807586669922,16.799999999999997,94.13208770751952
16.81,96.81226348876952,16.810000000000002,102.96199798583984,16.810000000000002,94.03145599365234,16.810000000000002,84.61096954345703,16.810000000000002,94.14209747314452
16.82,96.7660140991211,16.82,102.94400024414062,16.82,93.99413299560548,16.82,84.62290954589844,16.82,94.1562042236328
16.83,96.71937561035156,16.83,102.9251937866211,16.83,93.95134735107422,16.830000000000002,84.63323974609375,16.83,94.17473602294922
16.84,96.6791763305664,16.840000000000003,102.90631866455078,16.840000000000003,93.90957641601562,16.84,84.64083862304688,16.840000000000003,94.19718933105467
16.85,96.64153289794922,16.85,102.88809967041016,16.85,93.8737564086914,16.85,84.64805603027344,16.85,94.21900939941406
16.86,96.61500549316406,16.86,102.87020874023438,16.86,93.83885955810548,16.86,84.65283966064453,16.86,94.24149322509766
16.87,96.59455871582033,16.869999999999997,102.85089111328124,16.869999999999997,93.81259155273438,16.87,84.65704345703125,16.869999999999997,94.2638931274414
16.88,96.57049560546876,16.880000000000003,102.83021545410156,16.880000000000003,93.78243255615234,16.88,84.65938568115234,16.880000000000003,94.285888671875
16.89,96.54229736328124,16.89,102.81133270263672,16.89,93.75399780273438,16.89,84.66143035888672,16.89,94.30735778808594
16.9,96.5024642944336,16.9,102.79566955566406,16.9,93.72257995605467,16.900000000000002,84.66370391845703,16.9,94.32808685302734
16.91,96.44711303710938,16.910000000000004,102.78580474853516,16.910000000000004,93.6838836669922,16.91,84.66476440429688,16.910000000000004,94.34669494628906
16.92,96.4004135131836,16.92,102.7755889892578,16.92,93.63997650146484,16.92,84.66587829589844,16.92,94.36524963378906
16.93,96.3527603149414,16.93,102.76543426513672,16.93,93.59974670410156,16.93,84.6651382446289,16.93,94.38611602783205
16.94,96.31552124023438,16.939999999999998,102.7555694580078,16.939999999999998,93.5618896484375,16.94,84.66107940673828,16.939999999999998,94.41033935546876
16.95,96.29520416259766,16.950000000000003,102.75253295898438,16.950000000000003,93.53287506103516,16.95,84.65776824951172,16.950000000000003,94.4380111694336
16.96,96.2780532836914,16.96,102.75289916992188,16.96,93.50762176513672,16.96,84.65392303466797,16.96,94.46051025390624
16.97,96.26981353759766,16.97,102.75446319580078,16.97,93.48175811767578,16.970000000000002,84.65086364746094,16.97,94.48219299316406
16.98,96.26661682128906,16.980000000000004,102.76011657714844,16.980000000000004,93.45189666748048,16.98,84.64707946777344,16.979999999999997,94.50362396240234
16.99,96.26221466064452,16.990000000000002,102.76463317871094,16.990000000000002,93.4206085205078,16.990000000000002,84.64237976074219,16.990000000000002,94.52503204345705
17.0,96.26130676269533,17.0,102.7700653076172,17.0,93.40023040771484,17.0,84.6355209350586,17.0,94.5457534790039
17.01,96.25118255615234,17.009999999999998,102.78093719482422,17.009999999999998,93.3853759765625,17.01,84.62883758544922,17.009999999999998,94.56080627441406
17.02,96.24156951904295,17.020000000000003,102.79426574707033,17.020000000000003,93.37464904785156,17.02,84.62075805664062,17.020000000000003,94.57705688476562
17.03,96.23578643798828,17.03,102.80248260498048,17.03,93.35636901855467,17.03,84.61318969726562,17.03,94.59796142578124
17.04,96.22770690917967,17.04,102.81212615966795,17.04,93.3109359741211,17.04,84.605712890625,17.04,94.62871551513672
17.05,96.23563385009766,17.050000000000004,102.82150268554688,17.050000000000004,93.29747772216795,17.05,84.59557342529297,17.049999999999997,94.66867065429688
17.06,96.24182891845705,17.060000000000002,102.8303680419922,17.060000000000002,93.2872085571289,17.060000000000002,84.5910873413086,17.060000000000002,94.72132110595705
17.07,96.24310302734376,17.07,102.8411865234375,17.07,93.2795639038086,17.07,84.58647918701172,17.07,94.75878143310548
17.08,96.24862670898438,17.08,102.85070037841795,17.08,93.2746353149414,17.080000000000002,84.58161163330078,17.08,94.7761001586914
17.09,96.26205444335938,17.090000000000003,102.86377716064452,17.090000000000003,93.27346801757812,17.09,84.57898712158203,17.090000000000003,94.7899932861328
17.1,96.2711410522461,17.1,102.87615203857422,17.1,93.28668975830078,17.1,84.57489776611328,17.1,94.80545043945312
17.11,96.27562713623048,17.11,102.8853759765625,17.11,93.29702758789062,17.11,84.57115173339844,17.11,94.8167953491211
17.12,96.27783203125,17.119999999999997,102.89559173583984,17.119999999999997,93.3095474243164,17.12,84.56613159179688,17.119999999999997,94.82389068603516
17.13,96.27959442138672,17.130000000000003,102.90703582763672,17.130000000000003,93.32057189941406,17.13,84.56055450439453,17.130000000000003,94.83168029785156
17.14,96.27887725830078,17.14,102.9147491455078,17.14,93.33270263671876,17.14,84.55437469482422,17.14,94.84087371826172
17.15,96.27880096435548,17.15,102.92483520507812,17.15,93.34908294677734,17.150000000000002,84.54981994628906,17.15,94.84962463378906
17.16,96.279052734375,17.160000000000004,102.93704223632812,17.160000000000004,93.35814666748048,17.16,84.54434204101562,17.160000000000004,94.85797882080078
17.17,96.2791519165039,17.17,102.94181060791016,17.17,93.366943359375,17.17,84.54068756103516,17.17,94.8612060546875
17.18,96.27803802490234,17.18,102.94811248779295,17.18,93.38578033447266,17.18,84.5362548828125,17.18,94.86331939697266
17.19,96.26873779296876,17.189999999999998,102.9571533203125,17.189999999999998,93.40357208251952,17.19,84.53162384033203,17.189999999999998,94.8653564453125
17.2,96.2662582397461,17.200000000000003,102.96258544921876,17.200000000000003,93.42266845703124,17.2,84.52680969238281,17.200000000000003,94.8661651611328
17.21,96.25929260253906,17.21,102.97019958496094,17.21,93.4378890991211,17.21,84.52363586425781,17.21,94.86641693115234
17.22,96.2541732788086,17.22,102.98371887207033,17.22,93.4496078491211,17.220000000000002,84.51942443847656,17.22,94.86573791503906
17.23,96.25043487548828,17.230000000000004,102.995849609375,17.230000000000004,93.46105194091795,17.23,84.5145492553711,17.229999999999997,94.86591339111328
17.24,96.2376480102539,17.240000000000002,103.00684356689452,17.240000000000002,93.46893310546876,17.240000000000002,84.51358032226562,17.240000000000002,94.86683654785156
17.25,96.22872161865234,17.25,103.01526641845705,17.25,93.4798583984375,17.25,84.50761413574219,17.25,94.8660888671875
17.26,96.21894073486328,17.259999999999998,103.02302551269533,17.259999999999998,93.496337890625,17.26,84.50316619873047,17.259999999999998,94.86193084716795
17.27,96.2048110961914,17.270000000000003,103.0329360961914,17.270000000000003,93.5223159790039,17.27,84.50741577148438,17.270000000000003,94.85836029052734
17.28,96.2085418701172,17.28,103.04580688476562,17.28,93.549072265625,17.28,84.51419830322266,17.28,94.8564224243164
17.29,96.21028900146484,17.29,103.0547866821289,17.29,93.57283782958984,17.29,84.5160903930664,17.29,94.8530044555664
17.3,96.21673583984376,17.300000000000004,103.06549835205078,17.300000000000004,93.59473419189452,17.3,84.52082824707031,17.299999999999997,94.8471908569336
17.31,96.21707916259766,17.310000000000002,103.076416015625,17.310000000000002,93.61558532714844,17.310000000000002,84.52469635009766,17.310000000000002,94.842529296875
17.32,96.21097564697266,17.32,103.08490753173828,17.32,93.63418579101562,17.32,84.53072357177734,17.32,94.83515167236328
17.33,96.20072174072266,17.33,103.09136962890624,17.33,93.65885162353516,17.330000000000002,84.53559875488281,17.33,94.82573699951172
17.34,96.18561553955078,17.340000000000003,103.09845733642578,17.340000000000003,93.68512725830078,17.34,84.53966522216797,17.340000000000003,94.81741333007812
17.35,96.18557739257812,17.35,103.10726165771484,17.35,93.71159362792967,17.35,84.54410552978516,17.35,94.80670166015624
17.36,96.18603515625,17.36,103.1136703491211,17.36,93.7315444946289,17.36,84.54985809326172,17.36,94.7947235107422
17.37,96.1808853149414,17.369999999999997,103.1207046508789,17.369999999999997,93.74392700195312,17.37,84.55562591552734,17.369999999999997,94.78575897216795
17.38,96.1689224243164,17.380000000000003,103.12543487548828,17.380000000000003,93.74266052246094,17.38,84.56227111816406,17.380000000000003,94.77576446533205
17.39,96.15836334228516,17.39,103.13648223876952,17.39,93.73296356201172,17.39,84.57229614257812,17.39,94.76521301269533
17.4,96.149169921875,17.4,103.14881134033205,17.4,93.71172332763672,17.400000000000002,84.58013916015625,17.4,94.75453186035156
17.41,96.1498565673828,17.410000000000004,103.16947174072266,17.410000000000004,93.69563293457033,17.41,84.58753967285156,17.410000000000004,94.7415771484375
17.42,96.15364074707033,17.42,103.18660736083984,17.42,93.6800765991211,17.42,84.59441375732422,17.42,94.72040557861328
17.43,96.16283416748048,17.43,103.20305633544922,17.43,93.66132354736328,17.43,84.60177612304688,17.43,94.69385528564452
17.44,96.16390991210938,17.439999999999998,103.21163177490234,17.439999999999998,93.63502502441406,17.44,84.60952758789062,17.439999999999998,94.66397094726562
17.45,96.16785430908205,17.450000000000003,103.21932983398438,17.450000000000003,93.59046173095705,17.45,84.61770629882812,17.450000000000003,94.62646484375
17.46,96.15953063964844,17.46,103.22675323486328,17.46,93.51851654052734,17.46,84.62368774414062,17.46,94.58293914794922
17.47,96.1485366821289,17.47,103.23058319091795,17.47,93.42879486083984,17.470000000000002,84.62830352783203,17.47,94.53787994384766
17.48,96.14990997314452,17.480000000000004,103.24310302734376,17.480000000000004,93.33707427978516,17.48,84.63240814208984,17.479999999999997,94.49230194091795
17.49,96.16123962402344,17.490000000000002,103.2593765258789,17.490000000000002,93.26610565185548,17.490000000000002,84.63369750976562,17.490000000000002,94.44854736328124
17.5,96.17733764648438,17.5,103.26961517333984,17.5,93.1742706298828,17.5,84.63423156738281,17.5,94.4102554321289
17.51,96.19306182861328,17.509999999999998,103.27936553955078,17.509999999999998,93.07780456542967,17.51,84.63226318359375,17.509999999999998,94.36849975585938
17.52,96.20150756835938,17.520000000000003,103.28990936279295,17.520000000000003,92.99097442626952,17.52,84.6319808959961,17.520000000000003,94.33412170410156
17.53,96.2008285522461,17.53,103.2979507446289,17.53,92.91336822509766,17.53,84.63155364990234,17.53,94.27999114990234
17.54,96.19304656982422,17.54,103.3079605102539,17.54,92.83519744873048,17.54,84.63167572021484,17.54,94.23340606689452
17.55,96.19109344482422,17.550000000000004,103.32061004638672,17.550000000000004,92.75772094726562,17.55,84.62757110595703,17.549999999999997,94.18494415283205
17.56,96.18157196044922,17.560000000000002,103.33712768554688,17.560000000000002,92.67295837402344,17.560000000000002,84.62921905517578,17.560000000000002,94.1396484375
17.57,96.17668151855467,17.57,103.35064697265624,17.57,92.58907318115234,17.57,84.63445281982422,17.57,94.07917022705078
17.58,96.19103240966795,17.58,103.36556243896484,17.58,92.51712036132812,17.580000000000002,84.6363525390625,17.58,94.00373840332033
17.59,96.20272064208984,17.590000000000003,103.37857055664062,17.590000000000003,92.44376373291016,17.59,84.64049530029297,17.590000000000003,93.912841796875
17.6,96.19556427001952,17.6,103.389404296875,17.6,92.3966827392578,17.6,84.642578125,17.6,93.81841278076172
17.61,96.1765365600586,17.61,103.40108489990234,17.61,92.33509826660156,17.61,84.64981842041016,17.61,93.72491455078124
17.62,96.15497589111328,17.619999999999997,103.41416931152344,17.619999999999997,92.26573181152344,17.62,84.65752410888672,17.619999999999997,93.6252899169922
17.63,96.1303939819336,17.630000000000003,103.42708587646484,17.630000000000003,92.1888198852539,17.63,84.66700744628906,17.630000000000003,93.51272583007812
17.64,96.08905792236328,17.64,103.4326171875,17.64,92.1064910888672,17.64,84.67745971679688,17.64,93.37734985351562
17.65,96.04695892333984,17.65,103.44198608398438,17.65,92.0127944946289,17.650000000000002,84.69043731689453,17.65,93.21399688720705
17.66,96.0038833618164,17.660000000000004,103.4487533569336,17.660000000000004,91.92108154296876,17.66,84.70547485351562,17.660000000000004,93.02418518066406
17.67,95.96188354492188,17.67,103.45582580566406,17.67,91.8266372680664,17.67,84.72093963623047,17.67,92.8116683959961
17.68,95.9214859008789,17.68,103.46841430664062,17.68,91.74163055419922,17.68,84.73773193359375,17.68,92.5828094482422
17.69,95.87297821044922,17.689999999999998,103.47746276855467,17.689999999999998,91.62811279296876,17.69,84.75720977783203,17.689999999999998,92.33140563964844
17.7,95.82518005371094,17.700000000000003,103.47771453857422,17.700000000000003,91.52880096435548,17.7,84.78204345703125,17.700000000000003,92.05430603027344
17.71,95.76641082763672,17.71,103.4721908569336,17.71,91.43429565429688,17.71,84.80956268310547,17.71,91.75975799560548
17.72,95.70523071289062,17.72,103.47032165527344,17.72,91.33834838867188,17.720000000000002,84.84043884277344,17.72,91.44939422607422
17.73,95.64280700683594,17.730000000000004,103.46385955810548,17.730000000000004,91.2394561767578,17.73,84.87184143066406,17.729999999999997,91.10850524902344
17.74,95.56454467773438,17.740000000000002,103.45083618164062,17.740000000000002,91.13166809082033,17.740000000000002,84.90434265136719,17.740000000000002,90.74034118652344
17.75,95.47604370117188,17.75,103.43456268310548,17.75,91.02853393554688,17.75,84.93899536132812,17.75,90.34513092041016
17.76,95.38308715820312,17.759999999999998,103.41731262207033,17.759999999999998,90.93289947509766,17.76,84.97088623046875,17.759999999999998,89.93038177490234
17.77,95.27994537353516,17.770000000000003,103.39633178710938,17.770000000000003,90.82815551757812,17.77,85.00360870361328,17.770000000000003,89.488525390625
17.78,95.16582489013672,17.78,103.3668975830078,17.78,90.7197265625,17.78,85.0354232788086,17.78,89.02140808105469
17.79,95.04224395751952,17.79,103.32965087890624,17.79,90.59864044189452,17.79,85.06588745117188,17.79,88.52073669433594
17.8,94.904296875,17.800000000000004,103.29784393310548,17.800000000000004,90.45523834228516,17.8,85.0936508178711,17.799999999999997,87.96147155761719
17.81,94.73225402832033,17.810000000000002,103.24678802490234,17.810000000000002,90.3055419921875,17.810000000000002,85.11618041992188,17.810000000000002,87.36664581298828
17.82,94.53230285644533,17.82,103.19535064697266,17.82,90.15424346923828,17.82,85.13485717773438,17.82,86.71694946289062
17.83,94.3134307861328,17.83,103.14412689208984,17.83,90.0057601928711,17.830000000000002,85.1489486694336,17.83,86.0458755493164
17.84,94.06816864013672,17.840000000000003,103.0813980102539,17.840000000000003,89.86927032470703,17.84,85.1574478149414,17.840000000000003,85.32731628417969
17.85,93.80754852294922,17.85,103.00613403320312,17.85,89.74240112304688,17.85,85.1595687866211,17.85,84.57951354980469
17.86,93.5239486694336,17.86,102.9322738647461,17.86,89.6041259765625,17.86,85.15705108642578,17.86,83.88279724121094
17.87,93.2179718017578,17.869999999999997,102.86080932617188,17.869999999999997,89.4434814453125,17.87,85.148681640625,17.869999999999997,83.28866577148438
17.88,92.89595794677734,17.880000000000003,102.78433227539062,17.880000000000003,89.26728057861328,17.88,85.13318634033203,17.880000000000003,82.6192398071289
17.89,92.5194854736328,17.89,102.70327758789062,17.89,89.05669403076172,17.89,85.10589599609375,17.89,81.88056182861328
17.9,92.09923553466795,17.9,102.62550354003906,17.9,88.82205963134766,17.900000000000002,85.06624603271484,17.9,81.23541259765625
17.91,91.65367126464844,17.910000000000004,102.54581451416016,17.910000000000004,88.56150817871094,17.91,85.01092529296875,17.910000000000004,80.49114227294922
17.92,91.1705551147461,17.92,102.4664306640625,17.92,88.27299499511719,17.92,84.94619750976562,17.92,79.68746948242188
17.93,90.63069915771484,17.93,102.39568328857422,17.93,87.94986724853516,17.93,84.8757095336914,17.93,78.90592193603516
17.94,90.04315948486328,17.939999999999998,102.33250427246094,17.939999999999998,87.60871124267578,17.94,84.80046081542969,17.939999999999998,78.2337875366211
17.95,89.3841323852539,17.950000000000003,102.25608825683594,17.950000000000003,87.2901382446289,17.95,84.72653198242188,17.950000000000003,77.69273376464844
17.96,88.63799285888672,17.96,102.1838607788086,17.96,86.98992156982422,17.96,84.65592193603516,17.96,77.22184753417969
17.97,87.88016510009766,17.97,102.10939025878906,17.97,86.66645812988281,17.970000000000002,84.59539031982422,17.97,76.6851577758789
17.98,87.16182708740234,17.980000000000004,102.04427337646484,17.980000000000004,86.28598022460938,17.98,84.53874206542969,17.979999999999997,75.98117065429688
17.99,86.480224609375,17.990000000000002,101.98136138916016,17.990000000000002,85.8724365234375,17.990000000000002,84.4708480834961,17.990000000000002,75.14456939697266
18.0,85.83572387695312,18.0,101.92024993896484,18.0,85.43973541259766,18.0,84.39949035644531,18.0,74.19132232666016
18.01,85.18171691894531,18.009999999999998,101.86109924316406,18.009999999999998,84.9986343383789,18.01,84.33306121826172,18.009999999999998,73.18196868896484
18.02,84.49858856201172,18.020000000000003,101.83043670654295,18.020000000000003,84.55357360839844,18.02,84.28728485107422,18.020000000000003,72.09477233886719
18.03,83.78288269042969,18.03,101.8150405883789,18.03,84.07196807861328,18.03,84.27117919921875,18.03,70.9399642944336
18.04,83.07547760009766,18.04,101.83071899414062,18.04,83.54334259033203,18.04,84.28131866455078,18.04,69.81321716308594
18.05,82.45226287841797,18.050000000000004,101.86634063720705,18.050000000000004,82.94234466552734,18.05,84.30160522460938,18.05,68.73558044433594
18.06,81.83927917480469,18.06,101.9086456298828,18.06,82.27455139160156,18.06,84.31826782226562,18.06,67.6477279663086
18.07,81.20135498046875,18.07,101.97239685058594,18.07,81.60686492919922,18.07,84.30797576904297,18.07,66.5304183959961
18.08,80.55364227294922,18.08,102.07271575927734,18.08,80.93224334716797,18.08,84.25967407226562,18.08,65.26886749267578
18.09,79.90338897705078,18.090000000000003,102.1891860961914,18.090000000000003,80.2808609008789,18.09,84.19271850585938,18.090000000000003,63.93489837646485
18.1,79.25176239013672,18.1,102.3124542236328,18.1,79.62586212158203,18.1,84.12324523925781,18.1,62.56901168823242
18.11,78.57888793945312,18.11,102.43511962890624,18.11,78.98523712158203,18.11,84.05880737304688,18.11,61.2409553527832
18.12,77.87993621826172,18.12,102.55526733398438,18.12,78.33560943603516,18.12,84.00636291503906,18.12,59.95214080810547
18.13,77.16572570800781,18.130000000000003,102.67263793945312,18.130000000000003,77.74683380126953,18.13,83.9649658203125,18.130000000000003,58.66041946411133
18.14,76.4668197631836,18.14,102.78276824951172,18.14,77.12602996826172,18.14,83.9277114868164,18.14,57.302223205566406
18.15,75.8533935546875,18.15,102.89620208740234,18.15,76.54257202148438,18.15,83.88262176513672,18.15,55.8384895324707
18.16,75.29109191894531,18.160000000000004,103.01412200927734,18.160000000000004,76.00025177001953,18.16,83.82862854003906,18.160000000000004,54.2552604675293
18.17,74.74352264404297,18.17,103.12427520751952,18.17,75.4708251953125,18.17,83.76179504394531,18.17,52.71280670166016
18.18,74.21383666992188,18.18,103.2166519165039,18.18,74.8883056640625,18.18,83.70165252685547,18.18,51.21841430664063
18.19,73.7126235961914,18.19,103.31135559082033,18.19,74.31865692138672,18.19,83.65054321289062,18.19,49.64321899414063
18.2,73.21424102783203,18.200000000000003,103.43199920654295,18.200000000000003,73.77616882324219,18.2,83.58551788330078,18.200000000000003,47.917179107666016
18.21,72.7060775756836,18.21,103.56195831298828,18.21,73.28422546386719,18.21,83.49925231933594,18.21,46.16828536987305
18.22,72.16389465332031,18.22,103.70176696777344,18.22,72.86112213134766,18.22,83.41177368164062,18.22,44.44043731689453
18.23,71.57974243164062,18.230000000000004,103.8661651611328,18.230000000000004,72.4778060913086,18.23,83.3457260131836,18.23,42.49008560180664
18.24,71.0118408203125,18.24,104.037841796875,18.24,72.11289978027344,18.24,83.30552673339844,18.24,40.61781311035156
18.25,70.472412109375,18.25,104.20902252197266,18.25,71.75521850585938,18.25,83.29241180419922,18.25,39.00933837890625
18.26,69.96788024902344,18.26,104.37332916259766,18.26,71.35444641113281,18.26,83.2940444946289,18.26,37.37950897216797
18.27,69.46885681152344,18.270000000000003,104.5633316040039,18.270000000000003,70.9253921508789,18.27,83.28630828857422,18.270000000000003,35.618839263916016
18.28,69.01447296142578,18.28,104.76544189453124,18.28,70.4428482055664,18.28,83.23265075683594,18.28,33.808128356933594
18.29,68.607421875,18.29,105.0084457397461,18.29,69.94867706298828,18.29,83.12857818603516,18.29,32.079105377197266
18.3,68.17462921142578,18.300000000000004,105.2374267578125,18.300000000000004,69.42223358154297,18.3,82.99115753173828,18.3,30.32320976257324
18.31,67.79347229003906,18.31,105.49156951904295,18.31,68.88174438476562,18.31,82.84627532958984,18.31,28.60228729248047
18.32,67.41646575927734,18.32,105.75560760498048,18.32,68.34217071533203,18.32,82.70052337646484,18.32,26.988819122314453
18.33,67.00056457519531,18.33,106.03401947021484,18.33,67.86144256591797,18.33,82.55453491210938,18.33,25.42491912841797
18.34,66.59976959228516,18.340000000000003,106.30519104003906,18.340000000000003,67.43089294433594,18.34,82.40513610839844,18.340000000000003,23.81656265258789
18.35,66.23316955566406,18.35,106.58547973632812,18.35,67.07093811035156,18.35,82.27669525146484,18.35,22.30044937133789
18.36,65.89616394042969,18.36,106.8724365234375,18.36,66.7087173461914,18.36,82.18669891357422,18.36,20.86703491210937
18.37,65.61901092529297,18.37,107.14958190917967,18.37,66.3546371459961,18.37,82.12980651855469,18.37,19.538463592529297
18.38,65.3567123413086,18.380000000000003,107.4342803955078,18.380000000000003,66.11618041992188,18.38,82.11383056640625,18.380000000000003,18.188236236572266
18.39,65.05013275146484,18.39,107.72551727294922,18.39,65.9264907836914,18.39,82.12850189208984,18.39,16.883668899536133
18.4,64.74636840820312,18.4,108.01302337646484,18.4,65.73821258544922,18.4,82.1439208984375,18.4,15.716544151306152
18.41,64.43502807617188,18.410000000000004,108.32036590576172,18.410000000000004,65.57963562011719,18.41,82.13870239257812,18.410000000000004,14.58612060546875
18.42,64.12763214111328,18.42,108.6129913330078,18.42,65.47416687011719,18.42,82.11332702636719,18.42,13.477436065673828
18.43,63.81314086914063,18.43,108.9231414794922,18.43,65.39652252197266,18.43,82.07274627685547,18.43,12.36776351928711
18.44,63.56435394287109,18.44,109.25482940673828,18.44,65.29479217529297,18.44,82.02214050292969,18.44,11.179203033447266
18.45,63.35166931152344,18.450000000000003,109.5964126586914,18.450000000000003,65.12837982177734,18.45,81.96786499023438,18.450000000000003,10.011651039123535
18.46,63.14549255371094,18.46,109.92391204833984,18.46,64.94573974609375,18.46,81.92010498046875,18.46,9.101921081542969
18.47,62.99407196044922,18.47,110.23700714111328,18.47,64.74626922607422,18.47,81.8842544555664,18.47,8.314557075500488
18.48,62.84512710571289,18.480000000000004,110.52644348144533,18.480000000000004,64.61646270751953,18.48,81.85352325439453,18.48,7.518263816833496
18.49,62.70060729980469,18.49,110.79722595214844,18.49,64.5286636352539,18.49,81.82581329345703,18.49,6.778273105621338
18.5,62.57453536987305,18.5,111.04825592041016,18.5,64.39427185058594,18.5,81.80037689208984,18.5,6.054508686065674
18.51,62.45799255371094,18.51,111.2724609375,18.51,64.32413482666016,18.51,81.7791976928711,18.51,5.365798473358154
18.52,62.34565734863281,18.520000000000003,111.47992706298828,18.520000000000003,64.24665832519531,18.52,81.75391387939453,18.520000000000003,4.749084949493408
18.53,62.239479064941406,18.53,111.668212890625,18.53,64.18207550048828,18.53,81.71829223632812,18.53,4.177816867828369
18.54,62.16721725463867,18.54,111.84564971923828,18.54,64.12152099609375,18.54,81.66787719726562,18.54,3.71977972984314
18.55,62.090946197509766,18.550000000000004,112.04109191894533,18.550000000000004,64.07975769042969,18.55,81.60865020751953,18.55,3.37642788887024
18.56,62.03175354003906,18.56,112.2509536743164,18.56,64.01776123046875,18.56,81.5423355102539,18.56,3.0686776638031006
18.57,61.9893798828125,18.57,112.45515441894533,18.57,63.92843627929688,18.57,81.47758483886719,18.57,2.761695623397827
18.58,61.9482421875,18.58,112.64141082763672,18.58,63.84764099121094,18.58,81.41085815429688,18.58,2.488364696502685
18.59,61.896392822265625,18.590000000000003,112.81221771240234,18.590000000000003,63.76700973510742,18.59,81.34485626220703,18.590000000000003,2.2980310916900635
18.6,61.8575439453125,18.6,112.95865631103516,18.6,63.70236206054688,18.6,81.28047943115234,18.6,2.191391468048096
18.61,61.83076858520508,18.61,113.08721160888672,18.61,63.61843490600586,18.61,81.21916961669922,18.61,2.0852713584899902
18.62,61.80773162841797,18.62,113.20050811767578,18.62,63.56188583374024,18.62,81.16605377197266,18.62,2.0414609909057617
18.63,61.78288269042969,18.630000000000003,113.3024673461914,18.630000000000003,63.51879501342773,18.63,81.1076889038086,18.630000000000003,2.036111831665039
18.64,61.77352523803711,18.64,113.41185760498048,18.64,63.475852966308594,18.64,81.04190826416016,18.64,2.041426420211792
18.65,61.7928466796875,18.65,113.52108764648438,18.65,63.44315719604492,18.65,80.97401428222656,18.65,2.081406593322754
18.66,61.80904769897461,18.660000000000004,113.6307144165039,18.660000000000004,63.41514587402344,18.66,80.91098022460938,18.660000000000004,2.1452012062072754
18.67,61.830413818359375,18.67,113.74250030517578,18.67,63.3865966796875,18.67,80.85482025146484,18.67,2.2321574687957764
18.68,61.870601654052734,18.68,113.85466766357422,18.68,63.35503387451172,18.68,80.80668640136719,18.68,2.3136677742004395
18.69,61.93333053588867,18.69,113.96298217773438,18.69,63.3452262878418,18.69,80.76813507080078,18.69,2.41133713722229
18.7,62.01411819458008,18.700000000000003,114.06729888916016,18.700000000000003,63.35161209106445,18.7,80.7315673828125,18.700000000000003,2.514192819595337
18.71,62.10135269165039,18.71,114.1730499267578,18.71,63.39015579223633,18.71,80.70292663574219,18.71,2.61970591545105
18.72,62.196266174316406,18.72,114.27212524414062,18.72,63.45235061645508,18.72,80.67111206054688,18.72,2.7126922607421875
18.73,62.30269241333008,18.730000000000004,114.36605072021484,18.730000000000004,63.52667617797852,18.73,80.63898468017578,18.73,2.804471492767334
18.74,62.41889572143555,18.74,114.45016479492188,18.74,63.6060905456543,18.74,80.61493682861328,18.74,2.9001998901367188
18.75,62.54767227172852,18.75,114.5161361694336,18.75,63.69584655761719,18.75,80.5937271118164,18.75,3.0164427757263184
18.76,62.69364547729492,18.76,114.56429290771484,18.76,63.802154541015625,18.76,80.568359375,18.76,3.170485734939575
18.77,62.859710693359375,18.770000000000003,114.60124969482422,18.770000000000003,63.93951416015625,18.77,80.54743194580078,18.770000000000003,3.3142518997192383
18.78,63.04582595825195,18.78,114.62881469726562,18.78,64.0915298461914,18.78,80.53475952148438,18.78,3.5044071674346924
18.79,63.251564025878906,18.79,114.65350341796876,18.79,64.24776458740234,18.79,80.53207397460938,18.79,3.699577808380127
18.8,63.48190689086914,18.800000000000004,114.66000366210938,18.800000000000004,64.39899444580078,18.8,80.53759765625,18.8,3.894087791442871
18.81,63.72857666015625,18.81,114.64315032958984,18.81,64.54415130615234,18.81,80.54673767089844,18.81,4.136150360107422
18.82,63.99882888793945,18.82,114.60518646240234,18.82,64.70585632324219,18.82,80.56056213378906,18.82,4.393006324768066
18.83,64.26364135742188,18.83,114.54875946044922,18.83,64.8842544555664,18.83,80.58011627197266,18.83,4.6839919090271
18.84,64.53436279296875,18.840000000000003,114.48162078857422,18.840000000000003,65.06238555908203,18.84,80.60064697265625,18.840000000000003,5.053852081298828
18.85,64.80062103271484,18.85,114.40464782714844,18.85,65.24712371826172,18.85,80.61980438232422,18.85,5.470037937164307
18.86,65.08908081054688,18.86,114.318359375,18.86,65.44365692138672,18.86,80.63536834716797,18.86,5.948123931884766
18.87,65.38446044921875,18.87,114.2300262451172,18.87,65.64260864257812,18.87,80.64741516113281,18.87,6.521583557128906
18.88,65.67958068847656,18.880000000000003,114.13326263427734,18.880000000000003,65.8399429321289,18.88,80.66118621826172,18.880000000000003,7.132168769836426
18.89,65.9783706665039,18.89,114.02161407470705,18.89,66.05551147460938,18.89,80.67929077148438,18.89,7.758224487304687
18.9,66.26831817626953,18.9,113.8929443359375,18.9,66.28679656982422,18.9,80.703369140625,18.9,8.420434951782227
18.91,66.56503295898438,18.910000000000004,113.74576568603516,18.910000000000004,66.52586364746094,18.91,80.73538970947266,18.910000000000004,9.13473415374756
18.92,66.8480224609375,18.92,113.58553314208984,18.92,66.76229095458984,18.92,80.77346801757812,18.92,9.885973930358888
18.93,67.13233947753906,18.93,113.40664672851562,18.93,67.0051040649414,18.93,80.81713104248047,18.93,10.657763481140137
18.94,67.4291000366211,18.94,113.21759796142578,18.94,67.27448272705078,18.94,80.87288665771484,18.94,11.47832202911377
18.95,67.73247528076172,18.950000000000003,113.03094482421876,18.950000000000003,67.56311798095703,18.95,80.93766784667969,18.950000000000003,12.354001998901367
18.96,68.04981231689453,18.96,112.8401336669922,18.96,67.86885833740234,18.96,81.0096206665039,18.96,13.265878677368164
18.97,68.37981414794922,18.97,112.6374740600586,18.97,68.16543579101562,18.97,81.0864486694336,18.97,14.237488746643066
18.98,68.70399475097656,18.980000000000004,112.43077850341795,18.980000000000004,68.46993255615234,18.98,81.1626205444336,18.98,15.260912895202637
18.99,69.03833770751953,18.99,112.22026824951172,18.99,68.79232788085938,18.99,81.24024200439453,18.99,16.331857681274414
19.0,69.37484741210938,19.0,112.00578308105467,19.0,69.1562271118164,19.0,81.31729125976562,19.0,17.450048446655273
19.01,69.7415542602539,19.01,111.79651641845705,19.01,69.53718566894531,19.01,81.39199829101562,19.01,18.614103317260746
19.02,70.1253890991211,19.020000000000003,111.58049011230467,19.020000000000003,69.90789031982422,19.02,81.46793365478516,19.020000000000003,19.8178825378418
19.03,70.51647186279297,19.03,111.3611297607422,19.03,70.29918670654297,19.03,81.55029296875,19.03,21.051767349243164
19.04,70.90604400634766,19.04,111.14085388183594,19.04,70.69023895263672,19.04,81.6383056640625,19.04,22.32794570922852
19.05,71.31000518798828,19.050000000000004,110.919677734375,19.050000000000004,71.09920501708984,19.05,81.73828887939453,19.05,23.630029678344727
19.06,71.73705291748047,19.06,110.69977569580078,19.06,71.51004028320312,19.06,81.84630584716797,19.06,24.95173454284668
19.07,72.1733169555664,19.07,110.48316955566406,19.07,71.94190979003906,19.07,81.96430206298828,19.07,26.28475379943848
19.08,72.63301849365234,19.08,110.26438903808594,19.08,72.38561248779297,19.08,82.07823944091797,19.08,27.63468360900879
19.09,73.09937286376953,19.090000000000003,110.04251098632812,19.090000000000003,72.85515594482422,19.09,82.18972778320312,19.090000000000003,28.936935424804688
19.1,73.57870483398438,19.1,109.81676483154295,19.1,73.3332290649414,19.1,82.29917907714844,19.1,30.28847312927246
19.11,74.06714630126953,19.11,109.58836364746094,19.11,73.83169555664062,19.11,82.40039825439453,19.11,31.638410568237305
19.12,74.57746887207031,19.12,109.36539459228516,19.12,74.35539245605469,19.12,82.49689483642578,19.12,33.004486083984375
19.13,75.10861206054688,19.130000000000003,109.14161682128906,19.130000000000003,74.90489959716797,19.13,82.57945251464844,19.130000000000003,34.372894287109375
19.14,75.65995788574219,19.14,108.91991424560548,19.14,75.46723175048828,19.14,82.64348602294922,19.14,35.73533630371094
19.15,76.18941497802734,19.15,108.69174194335938,19.15,76.03890228271484,19.15,82.70133209228516,19.15,37.11798858642578
19.16,76.68196105957031,19.160000000000004,108.45337677001952,19.160000000000004,76.6536636352539,19.16,82.75810241699219,19.160000000000004,38.50411224365234
19.17,77.20024108886719,19.17,108.21819305419922,19.17,77.31680297851562,19.17,82.82002258300781,19.17,39.8953971862793
19.18,77.78733825683594,19.18,107.98078918457033,19.18,77.98139953613281,19.18,82.8868179321289,19.18,41.25151824951172
19.19,78.40515899658203,19.19,107.74513244628906,19.19,78.65985870361328,19.19,82.95687866210938,19.19,42.627052307128906
19.2,79.07337951660156,19.200000000000003,107.5048828125,19.200000000000003,79.3776626586914,19.2,83.02617645263672,19.200000000000003,43.99477767944336
19.21,79.74588775634766,19.21,107.26244354248048,19.21,80.15167236328125,19.21,83.09449768066406,19.21,45.354942321777344
19.22,80.4410629272461,19.22,107.01953125,19.22,80.9388198852539,19.22,83.16752624511719,19.22,46.73794937133789
19.23,81.17937469482422,19.230000000000004,106.78155517578124,19.230000000000004,81.68942260742188,19.23,83.23934173583984,19.23,48.1449089050293
19.24,81.9799575805664,19.24,106.55931854248048,19.24,82.42447662353516,19.24,83.2985610961914,19.24,49.55121994018555
19.25,82.79754638671875,19.25,106.34388732910156,19.25,83.23282623291016,19.25,83.3482437133789,19.25,50.94377136230469
19.26,83.58732604980469,19.26,106.1074676513672,19.26,84.07562255859375,19.26,83.3999252319336,19.26,52.31729888916016
19.27,84.39356994628906,19.270000000000003,105.87155151367188,19.270000000000003,84.83677673339844,19.27,83.45863342285156,19.270000000000003,53.64680480957031
19.28,85.23800659179688,19.28,105.63922119140624,19.28,85.56361389160156,19.28,83.51899719238281,19.28,54.95724105834961
19.29,86.09632873535156,19.29,105.41741943359376,19.29,86.28045654296875,19.29,83.57930755615234,19.29,56.25727844238281
19.3,86.93191528320312,19.300000000000004,105.20124053955078,19.300000000000004,87.0400390625,19.3,83.64381408691406,19.3,57.52485275268555
19.31,87.71400451660156,19.31,104.98894500732422,19.31,87.87075805664062,19.31,83.71304321289062,19.31,58.77031326293945
19.32,88.47735595703125,19.32,104.78250885009766,19.32,88.70021057128906,19.32,83.79045867919922,19.32,59.97506713867188
19.33,89.24349975585938,19.33,104.58419036865234,19.33,89.48686981201172,19.33,83.86003112792969,19.33,61.173614501953125
19.34,89.98926544189453,19.340000000000003,104.3960952758789,19.340000000000003,90.20277404785156,19.34,83.92652130126953,19.340000000000003,62.36055755615234
19.35,90.724365234375,19.35,104.20868682861328,19.35,90.8641357421875,19.35,83.9885482788086,19.35,63.5014877319336
19.36,91.48252868652344,19.36,104.00700378417967,19.36,91.46299743652344,19.36,84.04370880126953,19.36,64.63597869873047
19.37,92.26641845703124,19.37,103.7999267578125,19.37,92.0291748046875,19.37,84.0917739868164,19.37,65.77092742919922
19.38,93.0400848388672,19.380000000000003,103.58680725097656,19.380000000000003,92.52171325683594,19.38,84.1329345703125,19.380000000000003,66.91387176513672
19.39,93.71984100341795,19.39,103.370361328125,19.39,92.92330932617188,19.39,84.15914154052734,19.39,68.0298843383789
19.4,94.31111907958984,19.4,103.15410614013672,19.4,93.26749420166016,19.4,84.17294311523438,19.4,69.08616638183594
19.41,94.7820281982422,19.410000000000004,102.94507598876952,19.410000000000004,93.50674438476562,19.41,84.17964172363281,19.410000000000004,70.15174102783203
19.42,95.21099090576172,19.42,102.74069213867188,19.42,93.6902313232422,19.42,84.17879486083984,19.42,71.22525787353516
19.43,95.64318084716795,19.43,102.53157043457033,19.43,93.85999298095705,19.43,84.17618560791016,19.43,72.21464538574219
19.44,96.09896087646484,19.44,102.31321716308594,19.44,94.02149200439452,19.44,84.17206573486328,19.44,73.2508773803711
19.45,96.5436782836914,19.450000000000003,102.09757995605467,19.450000000000003,94.16780853271484,19.45,84.15706634521484,19.450000000000003,74.29199981689453
19.46,96.94147491455078,19.46,101.88128662109376,19.46,94.27590942382812,19.46,84.11434936523438,19.46,75.2912368774414
19.47,97.27921295166016,19.47,101.66492462158205,19.47,94.38848114013672,19.47,84.05155944824219,19.47,76.22493743896484
19.48,97.55530548095705,19.480000000000004,101.46702575683594,19.480000000000004,94.49225616455078,19.48,83.96167755126953,19.48,77.1728515625
19.49,97.75450897216795,19.49,101.30792236328124,19.49,94.55996704101562,19.49,83.85462188720703,19.49,78.08271789550781
19.5,97.93029022216795,19.5,101.17018127441406,19.5,94.6221923828125,19.5,83.74610900878906,19.5,78.89027404785156
19.51,98.1024932861328,19.51,101.0352020263672,19.51,94.6885986328125,19.51,83.63990783691406,19.51,79.63959503173828
19.52,98.24173736572266,19.520000000000003,100.90770721435548,19.520000000000003,94.76273345947266,19.52,83.54603576660156,19.520000000000003,80.3404541015625
19.53,98.37635040283205,19.53,100.80290222167967,19.53,94.87065887451172,19.53,83.4708251953125,19.53,81.02297973632812
19.54,98.494384765625,19.54,100.70801544189452,19.54,94.99435424804688,19.54,83.40970611572266,19.54,81.6573257446289
19.55,98.64027404785156,19.550000000000004,100.6415023803711,19.550000000000004,95.11123657226562,19.55,83.35610961914062,19.55,82.2654037475586
19.56,98.84165954589844,19.56,100.62362670898438,19.56,95.21549987792967,19.56,83.29927825927734,19.56,82.85843658447266
19.57,98.9867935180664,19.57,100.64558410644533,19.57,95.33837890625,19.57,83.24246978759766,19.57,83.43855285644531
19.58,99.11325073242188,19.58,100.7051239013672,19.58,95.47810363769533,19.58,83.18526458740234,19.58,84.05025482177734
19.59,99.24224853515624,19.590000000000003,100.80517578125,19.590000000000003,95.62976837158205,19.59,83.13438415527344,19.590000000000003,84.66476440429688
19.6,99.34095001220705,19.6,100.93029022216795,19.6,95.78884887695312,19.6,83.09376525878906,19.6,85.26048278808594
19.61,99.42955780029295,19.61,101.0761947631836,19.61,95.9510726928711,19.61,83.06932067871094,19.61,85.8514404296875
19.62,99.48897552490234,19.62,101.22222900390624,19.62,96.10592651367188,19.62,83.06136322021484,19.62,86.46257781982422
19.63,99.53059387207033,19.630000000000003,101.36897277832033,19.630000000000003,96.27042388916016,19.63,83.0689697265625,19.630000000000003,87.05901336669922
19.64,99.58323669433594,19.64,101.49967193603516,19.64,96.41146087646484,19.64,83.08715057373047,19.64,87.65617370605469
19.65,99.64838409423828,19.65,101.62899017333984,19.65,96.53041076660156,19.65,83.11502075195312,19.65,88.21812438964844
19.66,99.70742797851562,19.660000000000004,101.74128723144533,19.660000000000004,96.63614654541016,19.66,83.15133666992188,19.660000000000004,88.80497741699219
19.67,99.7597885131836,19.67,101.84463500976562,19.67,96.7181396484375,19.67,83.19168853759766,19.67,89.39495849609375
19.68,99.8101577758789,19.68,101.93370819091795,19.68,96.7804946899414,19.68,83.22659301757812,19.68,89.9852066040039
19.69,99.8548355102539,19.69,102.00782012939452,19.69,96.8324203491211,19.69,83.26083374023438,19.69,90.56114959716795
19.7,99.86927032470705,19.700000000000003,102.09510803222656,19.700000000000003,96.87196350097656,19.7,83.29486083984375,19.700000000000003,91.12351989746094
19.71,99.86134338378906,19.71,102.17692565917967,19.71,96.86762237548828,19.71,83.32935333251953,19.71,91.65467071533205
19.72,99.85149383544922,19.72,102.26314544677734,19.72,96.84479522705078,19.72,83.36402893066406,19.72,92.13318634033205
19.73,99.82965850830078,19.730000000000004,102.34624481201172,19.730000000000004,96.79483795166016,19.73,83.39974212646484,19.73,92.55924987792967
19.74,99.78408813476562,19.74,102.44005584716795,19.74,96.70563507080078,19.74,83.43892669677734,19.74,92.94865417480467
19.75,99.7069320678711,19.75,102.52457427978516,19.75,96.5984878540039,19.75,83.48056030273438,19.75,93.35726165771484
19.76,99.58543395996094,19.76,102.60819244384766,19.76,96.45601654052734,19.76,83.5264892578125,19.76,93.743408203125
19.77,99.42195892333984,19.770000000000003,102.69461059570312,19.770000000000003,96.28917694091795,19.77,83.58699798583984,19.770000000000003,94.12477111816406
19.78,99.21123504638672,19.78,102.78498077392578,19.78,96.0822525024414,19.78,83.66600036621094,19.78,94.50200653076172
19.79,98.98992919921876,19.79,102.8851318359375,19.79,95.84337615966795,19.79,83.74604034423828,19.79,94.86740112304688
19.8,98.74602508544922,19.800000000000004,102.97753143310548,19.800000000000004,95.60871124267578,19.8,83.80329132080078,19.8,95.2011489868164
19.81,98.4687042236328,19.81,103.06505584716795,19.81,95.37163543701172,19.81,83.83572387695312,19.81,95.52474975585938
19.82,98.18123626708984,19.82,103.13401794433594,19.82,95.15501403808594,19.82,83.84864044189453,19.82,95.83184814453124
19.83,97.91755676269533,19.83,103.19751739501952,19.83,94.96012878417967,19.83,83.85359191894531,19.83,96.13267517089844
19.84,97.70100402832033,19.840000000000003,103.26131439208984,19.840000000000003,94.7962875366211,19.84,83.85712432861328,19.840000000000003,96.33741760253906
19.85,97.54835510253906,19.85,103.32706451416016,19.85,94.66085815429688,19.85,83.8641128540039,19.85,96.49881744384766
19.86,97.43986511230467,19.86,103.3901138305664,19.86,94.56183624267578,19.86,83.87387084960938,19.86,96.63511657714844
19.87,97.37053680419922,19.87,103.47093963623048,19.87,94.47692108154295,19.87,83.88960266113281,19.87,96.73182678222656
19.88,97.343505859375,19.880000000000003,103.55768585205078,19.880000000000003,94.4192352294922,19.88,83.9087905883789,19.880000000000003,96.831787109375
19.89,97.39691162109376,19.89,103.64000701904295,19.89,94.4051513671875,19.89,83.92520904541016,19.89,96.93522644042967
19.9,97.43737030029295,19.9,103.74227905273438,19.9,94.4601058959961,19.9,83.9356460571289,19.9,97.03289031982422
19.91,97.48352813720705,19.910000000000004,103.87442779541016,19.910000000000004,94.54685974121094,19.91,83.9361801147461,19.910000000000004,97.12800598144533
19.92,97.53572082519533,19.92,104.02506256103516,19.92,94.65668487548828,19.92,83.92499542236328,19.92,97.21403503417967
19.93,97.58257293701172,19.93,104.17277526855467,19.93,94.75580596923828,19.93,83.91048431396484,19.93,97.29684448242188
19.94,97.61780548095705,19.94,104.28983306884766,19.94,94.84606170654295,19.94,83.89505004882812,19.94,97.37579345703124
19.95,97.63807678222656,19.950000000000003,104.3791275024414,19.950000000000003,94.91901397705078,19.95,83.8880615234375,19.950000000000003,97.44414520263672
19.96,97.6404800415039,19.96,104.43890380859376,19.96,94.97156524658205,19.96,83.8890609741211,19.96,97.49797058105467
19.97,97.62808227539062,19.97,104.47750091552734,19.97,95.00350952148438,19.97,83.89826965332031,19.97,97.529296875
19.98,97.60823059082033,19.980000000000004,104.4854507446289,19.980000000000004,95.01544952392578,19.98,83.91259002685547,19.98,97.53369903564452
19.99,97.5865478515625,19.99,104.47264862060548,19.99,95.01818084716795,19.99,83.93133544921875,19.99,97.51763916015624
20.0,97.57361602783205,20.0,104.445556640625,20.0,95.01734924316406,20.0,83.95774841308594,20.0,97.48331451416016
20.01,97.56929779052734,20.01,104.41937255859376,20.01,95.00839233398438,20.01,83.9856948852539,20.01,97.43425750732422
20.02,97.54920196533205,20.020000000000003,104.38800048828124,20.020000000000003,94.98491668701172,20.02,84.02018737792969,20.020000000000003,97.38256072998048
20.03,97.51950073242188,20.03,104.35819244384766,20.03,94.9521942138672,20.03,84.05451202392578,20.03,97.33748626708984
20.04,97.49269104003906,20.04,104.3331527709961,20.04,94.91549682617188,20.04,84.08626556396484,20.04,97.29793548583984
20.05,97.46392059326172,20.050000000000004,104.3144760131836,20.050000000000004,94.88327026367188,20.05,84.11418914794922,20.05,97.2581558227539
20.06,97.44026184082033,20.06,104.298828125,20.06,94.8585433959961,20.06,84.13269805908203,20.06,97.22415924072266
20.07,97.41715240478516,20.07,104.29454803466795,20.07,94.8346176147461,20.07,84.14567565917969,20.07,97.19850158691406
20.08,97.40880584716795,20.08,104.28907012939452,20.08,94.81077575683594,20.08,84.15621948242188,20.08,97.1786880493164
20.09,97.40100860595705,20.090000000000003,104.28312683105467,20.090000000000003,94.7846221923828,20.09,84.16262817382812,20.090000000000003,97.15959167480467
20.1,97.399169921875,20.1,104.2768325805664,20.1,94.76930236816406,20.1,84.16725158691406,20.1,97.13690185546876
20.11,97.39460754394533,20.11,104.26011657714844,20.11,94.77262115478516,20.11,84.17181396484375,20.11,97.1088409423828
20.12,97.40548706054688,20.12,104.2318115234375,20.12,94.77739715576172,20.12,84.17203521728516,20.12,97.07561492919922
20.13,97.42302703857422,20.130000000000003,104.20195770263672,20.130000000000003,94.78227996826172,20.13,84.17284393310547,20.130000000000003,97.04403686523438
20.14,97.44143676757812,20.14,104.17472839355467,20.14,94.78019714355467,20.14,84.1746597290039,20.14,97.01139068603516
20.15,97.4581527709961,20.15,104.14361572265624,20.15,94.78265380859376,20.15,84.17185974121094,20.15,96.97787475585938
20.16,97.47772979736328,20.160000000000004,104.10658264160156,20.160000000000004,94.7983856201172,20.16,84.1614761352539,20.160000000000004,96.94017028808594
20.17,97.50252532958984,20.17,104.06726837158205,20.17,94.82560729980467,20.17,84.13964080810547,20.17,96.89563751220705
20.18,97.526611328125,20.18,104.03577423095705,20.18,94.8543472290039,20.18,84.11502838134766,20.18,96.83883666992188
20.19,97.5559310913086,20.19,104.0091781616211,20.19,94.88191986083984,20.19,84.08927154541016,20.19,96.77359771728516
20.2,97.5955581665039,20.200000000000003,103.98558044433594,20.200000000000003,94.90371704101562,20.2,84.0643081665039,20.200000000000003,96.6902313232422
20.21,97.65144348144533,20.21,103.9629364013672,20.21,94.9199447631836,20.21,84.0400619506836,20.21,96.59943389892578
20.22,97.72393035888672,20.22,103.94098663330078,20.22,94.93038940429688,20.22,84.01879119873047,20.22,96.51182556152344
20.23,97.8164291381836,20.230000000000004,103.91598510742188,20.230000000000004,94.93640899658205,20.23,84.0024185180664,20.23,96.42876434326172
20.24,97.91980743408205,20.24,103.8956298828125,20.24,94.93475341796876,20.24,83.99103546142578,20.24,96.3492431640625
20.25,98.01780700683594,20.25,103.8764419555664,20.25,94.92854309082033,20.25,83.9864730834961,20.25,96.27313995361328
20.26,98.10486602783205,20.26,103.85222625732422,20.26,94.91873931884766,20.26,83.98523712158203,20.26,96.20077514648438
20.27,98.18555450439452,20.270000000000003,103.82981872558594,20.270000000000003,94.92073822021484,20.27,83.98616027832031,20.270000000000003,96.13443756103516
20.28,98.26287078857422,20.28,103.81681060791016,20.28,94.92155456542967,20.28,83.99131774902344,20.28,96.08235931396484
20.29,98.33139038085938,20.29,103.7952117919922,20.29,94.9238052368164,20.29,83.99243927001953,20.29,96.03526306152344
20.3,98.39429473876952,20.300000000000004,103.7751922607422,20.300000000000004,94.9242935180664,20.3,83.99137878417969,20.3,95.9927978515625
20.31,98.445556640625,20.31,103.75472259521484,20.31,94.91149139404295,20.31,83.99022674560547,20.31,95.95801544189452
20.32,98.48796081542967,20.32,103.72946166992188,20.32,94.88215637207033,20.32,83.98785400390625,20.32,95.9241180419922
20.33,98.5237274169922,20.33,103.6997299194336,20.33,94.87190246582033,20.33,83.98009490966797,20.33,95.88926696777344
20.34,98.54773712158205,20.340000000000003,103.66404724121094,20.340000000000003,94.86296844482422,20.34,83.96818542480469,20.340000000000003,95.85506439208984
20.35,98.5598602294922,20.35,103.63037872314452,20.35,94.8496551513672,20.35,83.95433807373047,20.35,95.81939697265624
20.36,98.57870483398438,20.36,103.59512329101562,20.36,94.83432006835938,20.36,83.93842315673828,20.36,95.77933502197266
20.37,98.59757995605467,20.37,103.56613159179688,20.37,94.82427978515624,20.37,83.92259216308594,20.37,95.7368621826172
20.38,98.612060546875,20.380000000000003,103.5395278930664,20.380000000000003,94.82369995117188,20.38,83.90955352783203,20.380000000000003,95.68904113769533
20.39,98.61976623535156,20.39,103.51734161376952,20.39,94.82946014404295,20.39,83.89539337158203,20.39,95.6381607055664
20.4,98.61946868896484,20.4,103.4950714111328,20.4,94.8349838256836,20.4,83.87793731689453,20.4,95.58949279785156
20.41,98.61170959472656,20.410000000000004,103.47710418701172,20.410000000000004,94.83710479736328,20.41,83.85700988769531,20.410000000000004,95.53927612304688
20.42,98.60125732421876,20.42,103.46524810791016,20.42,94.84015655517578,20.42,83.83466339111328,20.42,95.48777770996094
20.43,98.5940399169922,20.43,103.45738983154295,20.43,94.8335189819336,20.43,83.808349609375,20.43,95.43946075439452
20.44,98.58432006835938,20.44,103.4509506225586,20.44,94.8178253173828,20.44,83.7804183959961,20.44,95.3931655883789
20.45,98.57252502441406,20.450000000000003,103.43883514404295,20.450000000000003,94.8067398071289,20.45,83.75370025634766,20.450000000000003,95.34447479248048
20.46,98.55990600585938,20.46,103.42677307128906,20.46,94.8058624267578,20.46,83.7261734008789,20.46,95.29480743408205
20.47,98.55408477783205,20.47,103.42341613769533,20.47,94.80928802490234,20.47,83.70413970947266,20.47,95.24773406982422
20.48,98.55460357666016,20.480000000000004,103.41852569580078,20.480000000000004,94.81316375732422,20.48,83.68211364746094,20.48,95.20919799804688
20.49,98.54930877685548,20.49,103.41716766357422,20.49,94.81719207763672,20.49,83.66500091552734,20.49,95.1725845336914
20.5,98.53445434570312,20.5,103.41722869873048,20.5,94.8064193725586,20.5,83.6515121459961,20.5,95.14064025878906
20.51,98.53070068359376,20.51,103.42022705078124,20.51,94.7918701171875,20.51,83.6418685913086,20.51,95.11089324951172
20.52,98.52476501464844,20.520000000000003,103.41736602783205,20.520000000000003,94.79083251953124,20.52,83.6280288696289,20.520000000000003,95.09147644042967
20.53,98.51961517333984,20.53,103.41329956054688,20.53,94.79979705810548,20.53,83.60930633544922,20.53,95.08747100830078
20.54,98.52465057373048,20.54,103.41244506835938,20.54,94.80892181396484,20.54,83.58528900146484,20.54,95.09117126464844
20.55,98.5341796875,20.550000000000004,103.41706085205078,20.550000000000004,94.82095336914062,20.55,83.56044006347656,20.55,95.0987777709961
20.56,98.54336547851562,20.56,103.4239730834961,20.56,94.82997131347656,20.56,83.5318832397461,20.56,95.1113052368164
20.57,98.54920196533205,20.57,103.4299774169922,20.57,94.84715270996094,20.57,83.5037612915039,20.57,95.1161880493164
20.58,98.5544891357422,20.58,103.4329605102539,20.58,94.85965728759766,20.58,83.48206329345703,20.58,95.12004852294922
20.59,98.57086181640624,20.590000000000003,103.44709777832033,20.590000000000003,94.87062072753906,20.59,83.46612548828125,20.590000000000003,95.13512420654295
20.6,98.59082794189452,20.6,103.46819305419922,20.6,94.88072204589844,20.6,83.45491790771484,20.6,95.15872955322266
20.61,98.61341094970705,20.61,103.50188446044922,20.61,94.88758850097656,20.61,83.4441146850586,20.61,95.18498229980467
20.62,98.63508605957033,20.62,103.5306625366211,20.62,94.90110778808594,20.62,83.43553161621094,20.62,95.21146392822266
20.63,98.65044403076172,20.630000000000003,103.559326171875,20.630000000000003,94.91324615478516,20.63,83.42355346679688,20.630000000000003,95.23511505126952
20.64,98.6547393798828,20.64,103.58299255371094,20.64,94.923828125,20.64,83.40995025634766,20.64,95.25872039794922
20.65,98.64241790771484,20.65,103.60163116455078,20.65,94.93608856201172,20.65,83.39521026611328,20.65,95.28309631347656
20.66,98.6151351928711,20.660000000000004,103.62213897705078,20.660000000000004,94.946533203125,20.66,83.38182067871094,20.660000000000004,95.31053924560548
20.67,98.57793426513672,20.67,103.64045715332033,20.67,94.9564208984375,20.67,83.36833190917969,20.67,95.34127807617188
20.68,98.5641632080078,20.68,103.65193176269533,20.68,94.9703140258789,20.68,83.36302185058594,20.68,95.37406158447266
20.69,98.55833435058594,20.69,103.66268920898438,20.69,94.98698425292967,20.69,83.36363220214844,20.69,95.40425872802734
20.7,98.5614013671875,20.700000000000003,103.68962097167967,20.700000000000003,95.0015106201172,20.7,83.36203002929688,20.700000000000003,95.4315948486328
20.71,98.56576538085938,20.71,103.70372772216795,20.71,95.01692199707033,20.71,83.363037109375,20.71,95.4566421508789
20.72,98.56739807128906,20.72,103.71294403076172,20.72,95.0328140258789,20.72,83.3615493774414,20.72,95.47895050048828
20.73,98.5693130493164,20.730000000000004,103.72264099121094,20.730000000000004,95.05072784423828,20.73,83.35576629638672,20.73,95.49870300292967
20.74,98.5647964477539,20.74,103.73699951171876,20.74,95.0711441040039,20.74,83.34912109375,20.74,95.51637268066406
20.75,98.5589828491211,20.75,103.75599670410156,20.75,95.08961486816406,20.75,83.34404754638672,20.75,95.53361511230467
20.76,98.5551528930664,20.76,103.7757797241211,20.76,95.1071319580078,20.76,83.33877563476562,20.76,95.55026245117188
20.77,98.55597686767578,20.770000000000003,103.79564666748048,20.770000000000003,95.12335968017578,20.77,83.33536529541016,20.770000000000003,95.56781768798828
20.78,98.5676498413086,20.78,103.81539154052734,20.78,95.1436767578125,20.78,83.33729553222656,20.78,95.58430480957033
20.79,98.58023071289062,20.79,103.83260345458984,20.79,95.16754150390624,20.79,83.34241485595703,20.79,95.59947204589844
20.8,98.6009750366211,20.800000000000004,103.8505401611328,20.800000000000004,95.19127655029295,20.8,83.35145568847656,20.8,95.6129913330078
20.81,98.62163543701172,20.81,103.87069702148438,20.81,95.20987701416016,20.81,83.35726165771484,20.81,95.62549591064452
20.82,98.63666534423828,20.82,103.8966064453125,20.82,95.23381042480467,20.82,83.3629150390625,20.82,95.63566589355467
20.83,98.64996337890624,20.83,103.92830657958984,20.83,95.25821685791016,20.83,83.36817932128906,20.83,95.64789581298828
20.84,98.66095733642578,20.840000000000003,103.96692657470705,20.840000000000003,95.2818603515625,20.84,83.37445068359375,20.840000000000003,95.6587371826172
20.85,98.66622161865234,20.85,103.99545288085938,20.85,95.30802917480467,20.85,83.38113403320312,20.85,95.66754150390624
20.86,98.67330932617188,20.86,104.01901245117188,20.86,95.3361587524414,20.86,83.3862075805664,20.86,95.67194366455078
20.87,98.69216918945312,20.87,104.03742980957033,20.87,95.36400604248048,20.87,83.39149475097656,20.87,95.6739273071289
20.88,98.7190933227539,20.880000000000003,104.0554656982422,20.880000000000003,95.39649200439452,20.88,83.39476776123047,20.880000000000003,95.6775131225586
20.89,98.75025177001952,20.89,104.08124542236328,20.89,95.432861328125,20.89,83.398193359375,20.89,95.68383026123048
20.9,98.7804718017578,20.9,104.10533905029295,20.9,95.46565246582033,20.9,83.39989471435547,20.9,95.68563842773438
20.91,98.80802917480467,20.910000000000004,104.13119506835938,20.910000000000004,95.49679565429688,20.91,83.40011596679688,20.910000000000004,95.68383026123048
20.92,98.836669921875,20.92,104.1539077758789,20.92,95.52719116210938,20.92,83.3980712890625,20.92,95.6863784790039
20.93,98.8603057861328,20.93,104.18540954589844,20.93,95.55089569091795,20.93,83.39486694335938,20.93,95.69924926757812
20.94,98.87808227539062,20.94,104.21198272705078,20.94,95.5759048461914,20.94,83.39290618896484,20.94,95.71006774902344
20.95,98.89573669433594,20.950000000000003,104.23272705078124,20.950000000000003,95.60204315185548,20.95,83.39147186279297,20.950000000000003,95.71625518798828
20.96,98.9159698486328,20.96,104.2517318725586,20.96,95.6268539428711,20.96,83.39405822753906,20.96,95.71589660644533
20.97,98.94987487792967,20.97,104.26993560791016,20.97,95.64907836914062,20.97,83.39981842041016,20.97,95.71180725097656
20.98,98.98467254638672,20.980000000000004,104.28385162353516,20.980000000000004,95.67483520507812,20.98,83.40497589111328,20.98,95.70513916015624
20.99,99.0142593383789,20.99,104.29532623291016,20.99,95.70458221435548,20.99,83.41268920898438,20.99,95.69681549072266
21.0,99.0305404663086,21.0,104.3114776611328,21.0,95.72998809814452,21.0,83.4217529296875,21.0,95.68140411376952
21.01,99.04783630371094,21.01,104.32715606689452,21.01,95.75276184082033,21.01,83.42829895019531,21.01,95.65937042236328
21.02,99.0667724609375,21.020000000000003,104.34088897705078,21.020000000000003,95.77531433105467,21.02,83.43325805664062,21.020000000000003,95.62913513183594
21.03,99.07936096191406,21.03,104.35983276367188,21.03,95.78489685058594,21.03,83.43408203125,21.03,95.59237670898438
21.04,99.08101654052734,21.04,104.380615234375,21.04,95.7703094482422,21.04,83.43401336669922,21.04,95.5494155883789
21.05,99.0694580078125,21.050000000000004,104.39935302734376,21.050000000000004,95.74715423583984,21.05,83.43498992919922,21.05,95.49958038330078
21.06,99.06066131591795,21.06,104.4175796508789,21.06,95.72491455078124,21.06,83.43914031982422,21.06,95.44503784179688
21.07,99.05078887939452,21.07,104.43744659423828,21.07,95.70294189453124,21.07,83.445068359375,21.07,95.3795394897461
21.08,99.0435562133789,21.08,104.4609832763672,21.08,95.67037200927734,21.08,83.45069885253906,21.08,95.30393981933594
21.09,99.0396728515625,21.090000000000003,104.48258972167967,21.090000000000003,95.6441879272461,21.09,83.45655059814453,21.090000000000003,95.22527313232422
21.1,99.04035949707033,21.1,104.5038604736328,21.1,95.6060791015625,21.1,83.46231842041016,21.1,95.14550018310548
21.11,99.0419921875,21.11,104.5263214111328,21.11,95.5567626953125,21.11,83.46464538574219,21.11,95.05660247802734
21.12,99.03386688232422,21.12,104.54823303222656,21.12,95.49073028564452,21.12,83.46949005126953,21.12,94.95069122314452
21.13,99.01483154296876,21.130000000000003,104.56607055664062,21.130000000000003,95.40544891357422,21.13,83.47798156738281,21.130000000000003,94.82986450195312
21.14,98.98981475830078,21.14,104.57894134521484,21.14,95.30182647705078,21.14,83.48603820800781,21.14,94.70186614990234
21.15,98.95549011230467,21.15,104.5873031616211,21.15,95.1904296875,21.15,83.49541473388672,21.15,94.57007598876952
21.16,98.90708923339844,21.160000000000004,104.5952606201172,21.160000000000004,95.08757019042967,21.16,83.50733947753906,21.160000000000004,94.43865966796876
21.17,98.86097717285156,21.17,104.60073852539062,21.17,94.98558807373048,21.17,83.52064514160156,21.17,94.2832260131836
21.18,98.81587982177734,21.18,104.60755920410156,21.18,94.86795806884766,21.18,83.53743743896484,21.18,94.11433410644533
21.19,98.7551727294922,21.19,104.6082534790039,21.19,94.75849151611328,21.19,83.55689239501953,21.19,93.92742156982422
21.2,98.68265533447266,21.200000000000003,104.6041259765625,21.200000000000003,94.63756561279295,21.2,83.57523345947266,21.200000000000003,93.71918487548828
21.21,98.60986328125,21.21,104.59893798828124,21.21,94.5258331298828,21.21,83.5958023071289,21.21,93.4928741455078
21.22,98.5370101928711,21.22,104.59380340576172,21.22,94.4174346923828,21.22,83.61570739746094,21.22,93.25215911865234
21.23,98.45770263671876,21.230000000000004,104.5859603881836,21.230000000000004,94.31441497802734,21.23,83.63636779785156,21.23,92.985107421875
21.24,98.3664321899414,21.24,104.57347106933594,21.24,94.19977569580078,21.24,83.65653991699219,21.24,92.6968994140625
21.25,98.26251220703124,21.25,104.56304168701172,21.25,94.08956146240234,21.25,83.68482208251953,21.25,92.37866973876952
21.26,98.1462860107422,21.26,104.53540802001952,21.26,93.95284271240234,21.26,83.71482849121094,21.26,92.04155731201172
21.27,98.02446746826172,21.270000000000003,104.49575805664062,21.270000000000003,93.78963470458984,21.27,83.74794006347656,21.270000000000003,91.67887878417967
21.28,97.88601684570312,21.28,104.4582290649414,21.28,93.62451934814452,21.28,83.78194427490234,21.28,91.30245208740234
21.29,97.7123565673828,21.29,104.42169189453124,21.29,93.4592056274414,21.29,83.81708526611328,21.29,90.89990997314452
21.3,97.5351333618164,21.300000000000004,104.37833404541016,21.300000000000004,93.27362823486328,21.3,83.85426330566406,21.3,90.47686004638672
21.31,97.35785675048828,21.31,104.3310775756836,21.31,93.08129119873048,21.31,83.89064025878906,21.31,90.0226058959961
21.32,97.1504898071289,21.32,104.28451538085938,21.32,92.87955474853516,21.32,83.9192886352539,21.32,89.50196838378906
21.33,96.9138641357422,21.33,104.22747802734376,21.33,92.66563415527344,21.33,83.94243621826172,21.33,88.90898132324219
21.34,96.63748931884766,21.340000000000003,104.15948486328124,21.340000000000003,92.43389892578124,21.34,83.96422576904297,21.340000000000003,88.25739288330078
21.35,96.3252410888672,21.35,104.08222198486328,21.35,92.17423248291016,21.35,83.9845962524414,21.35,87.53008270263672
21.36,95.99420928955078,21.36,104.00506591796876,21.36,91.877197265625,21.36,84.0044174194336,21.36,86.71629333496094
21.37,95.63044738769533,21.37,103.92657470703124,21.37,91.52405548095705,21.37,84.02204895019531,21.37,85.82940673828125
21.38,95.23429107666016,21.380000000000003,103.84745025634766,21.380000000000003,91.14157104492188,21.380000000000003,84.03326416015625,21.380000000000003,84.91748046875
21.39,94.80532836914062,21.39,103.76616668701172,21.39,90.74857330322266,21.39,84.03536987304688,21.39,83.94438171386719
21.4,94.31830596923828,21.4,103.67691802978516,21.4,90.34246063232422,21.4,84.02890014648438,21.4,83.2464599609375
21.41,93.77445220947266,21.410000000000004,103.59918975830078,21.410000000000004,89.89793395996094,21.41,84.01509094238281,21.410000000000004,82.58341217041016
21.42,93.17090606689452,21.42,103.52935791015624,21.42,89.4113540649414,21.42,83.994140625,21.42,81.76578521728516
21.43,92.55314636230467,21.43,103.4549560546875,21.43,88.91132354736328,21.43,83.97480773925781,21.43,80.84063720703125
21.44,91.9206771850586,21.44,103.37688446044922,21.44,88.40625,21.44,83.96804809570312,21.44,79.8678970336914
21.45,91.26181030273438,21.450000000000003,103.3019561767578,21.450000000000003,87.88357543945312,21.45,83.97173309326172,21.450000000000003,78.93819427490234
21.46,90.5912628173828,21.46,103.23589324951172,21.46,87.3631362915039,21.46,83.97610473632812,21.46,78.1111831665039
21.47,89.90713500976562,21.47,103.1724090576172,21.47,86.85018157958984,21.47,83.9749755859375,21.47,77.52405548095703
21.48,89.2154769897461,21.480000000000004,103.11564636230467,21.480000000000004,86.35910034179688,21.48,83.96324920654297,21.48,76.91590118408203
21.49,88.52861785888672,21.49,103.06175994873048,21.49,85.91546630859375,21.49,83.94366455078125,21.49,76.1676025390625
21.5,87.84202575683594,21.5,103.010498046875,21.5,85.48617553710938,21.5,83.9258804321289,21.5,75.28474426269531
21.51,87.14714813232422,21.51,102.97296142578124,21.51,85.04112243652344,21.51,83.9139404296875,21.51,74.25164794921875
21.52,86.463623046875,21.520000000000003,102.94652557373048,21.520000000000003,84.54359436035156,21.52,83.91107177734375,21.520000000000003,73.08445739746094
21.53,85.79647064208984,21.53,102.93941497802734,21.53,83.97344970703125,21.53,83.9078369140625,21.53,71.83456420898438
21.54,85.11637878417969,21.54,102.9538803100586,21.54,83.37076568603516,21.54,83.90489959716797,21.54,70.55221557617188
21.55,84.41567993164062,21.550000000000004,102.9753875732422,21.550000000000004,82.80366516113281,21.55,83.91486358642578,21.55,69.32559967041016
21.56,83.71000671386719,21.56,102.99375915527344,21.56,82.28417205810547,21.56,83.93218994140625,21.56,68.17837524414062
21.57,83.00645446777344,21.57,103.02606964111328,21.57,81.77880859375,21.57,83.94889068603516,21.57,67.02572631835938
21.58,82.35725402832031,21.58,103.07642364501952,21.58,81.29440307617188,21.58,83.95919799804688,21.58,65.68952941894531
21.59,81.72733306884766,21.590000000000003,103.1312255859375,21.590000000000003,80.7999267578125,21.59,83.95465850830078,21.590000000000003,64.2186279296875
21.6,81.07138061523438,21.6,103.19200134277344,21.6,80.27505493164062,21.6,83.93011474609375,21.6,62.76697540283203
21.61,80.41352081298828,21.61,103.26376342773438,21.61,79.74832916259766,21.61,83.87540435791016,21.61,61.416839599609375
21.62,79.74299621582031,21.62,103.34061431884766,21.62,79.13926696777344,21.62,83.8115463256836,21.62,60.11223220825195
21.63,79.03575134277344,21.630000000000003,103.42063903808594,21.630000000000003,78.50904846191406,21.630000000000003,83.77244567871094,21.630000000000003,58.9698486328125
21.64,78.31101989746094,21.64,103.4711456298828,21.64,77.93982696533203,21.64,83.77287292480469,21.64,57.98728561401367
21.65,77.62922668457031,21.65,103.50338745117188,21.65,77.4649429321289,21.65,83.7896957397461,21.65,57.01177215576172
21.66,76.98545837402344,21.660000000000004,103.53768920898438,21.660000000000004,77.0463638305664,21.66,83.79586791992188,21.660000000000004,55.72010803222656
21.67,76.37051391601562,21.67,103.580078125,21.67,76.6361083984375,21.67,83.76620483398438,21.67,54.115116119384766
21.68,75.79714965820312,21.68,103.63543701171876,21.68,76.19142150878906,21.68,83.68775939941406,21.68,52.41673278808594
21.69,75.2235336303711,21.69,103.70515441894533,21.69,75.7447280883789,21.69,83.58937072753906,21.69,50.68574142456055
21.7,74.7215576171875,21.700000000000003,103.78369903564452,21.700000000000003,75.24791717529297,21.7,83.47254180908203,21.700000000000003,48.938236236572266
21.71,74.28588104248047,21.71,103.86932373046876,21.71,74.79834747314453,21.71,83.34648895263672,21.71,47.25126647949219
21.72,73.78982543945312,21.72,103.96379852294922,21.72,74.37175750732422,21.72,83.24021911621094,21.72,45.54317092895508
21.73,73.14563751220703,21.730000000000004,104.0731964111328,21.730000000000004,73.95928192138672,21.73,83.17574310302734,21.73,44.05512619018555
21.74,72.51932525634766,21.74,104.17427825927734,21.74,73.54544067382812,21.74,83.16914367675781,21.74,42.57002639770508
21.75,71.95034790039062,21.75,104.27606964111328,21.75,73.10763549804688,21.75,83.1987075805664,21.75,41.00352096557617
21.76,71.44940948486328,21.76,104.38460540771484,21.76,72.62425994873047,21.76,83.25321960449219,21.76,39.42327499389648
21.77,70.96514892578125,21.770000000000003,104.50236511230467,21.770000000000003,72.1222915649414,21.77,83.32794189453125,21.770000000000003,37.915374755859375
21.78,70.507568359375,21.78,104.63333892822266,21.78,71.64891052246094,21.78,83.38941192626953,21.78,36.43390274047852
21.79,70.04633331298828,21.79,104.80500793457033,21.79,71.23502349853516,21.79,83.40409851074219,21.79,34.87716293334961
21.8,69.62055206298828,21.800000000000004,104.95716857910156,21.800000000000004,70.87565612792969,21.8,83.38385009765625,21.8,33.19528579711914
21.81,69.20836639404297,21.81,105.13380432128906,21.81,70.53028869628906,21.81,83.33031463623047,21.81,31.38884353637696
21.82,68.77954864501953,21.82,105.33544158935548,21.82,70.17028045654297,21.82,83.24678802490234,21.82,29.55950736999512
21.83,68.35909271240234,21.83,105.54298400878906,21.83,69.8016586303711,21.83,83.1557388305664,21.83,27.75164031982422
21.84,67.94307708740234,21.840000000000003,105.7642593383789,21.840000000000003,69.47816467285156,21.84,83.08108520507812,21.840000000000003,25.987707138061523
21.85,67.48770141601562,21.85,105.97428131103516,21.85,69.15839385986328,21.85,83.0164794921875,21.85,24.19585609436035
21.86,67.0980224609375,21.86,106.1861343383789,21.86,68.9190902709961,21.86,82.9595718383789,21.86,22.281658172607425
21.87,66.7183609008789,21.87,106.4091567993164,21.87,68.64728546142578,21.87,82.89913940429688,21.87,20.40610694885254
21.88,66.30696105957031,21.880000000000003,106.63723754882812,21.880000000000003,68.29573822021484,21.880000000000003,82.82825469970703,21.880000000000003,18.652782440185547
21.89,65.90449523925781,21.89,106.87545776367188,21.89,67.89312744140625,21.89,82.75212097167969,21.89,17.03382110595703
21.9,65.5712661743164,21.9,107.1204605102539,21.9,67.53424072265625,21.9,82.67021942138672,21.9,15.498128890991213
21.91,65.24954986572266,21.910000000000004,107.3823013305664,21.910000000000004,67.21063232421875,21.91,82.57695770263672,21.910000000000004,14.04027271270752
21.92,64.86425018310547,21.92,107.65750885009766,21.92,66.86752319335938,21.92,82.4809799194336,21.92,12.73056983947754
21.93,64.48301696777344,21.93,107.92967987060548,21.93,66.51141357421875,21.93,82.3838882446289,21.93,11.527088165283203
21.94,64.09465789794922,21.94,108.22384643554688,21.94,66.1951904296875,21.94,82.28507232666016,21.94,10.404379844665527
21.95,63.74599456787109,21.950000000000003,108.5205307006836,21.950000000000003,65.8791732788086,21.95,82.19386291503906,21.950000000000003,9.341730117797852
21.96,63.38115310668945,21.96,108.82305908203124,21.96,65.58458709716797,21.96,82.11761474609375,21.96,8.312716484069824
21.97,63.07225036621094,21.97,109.1320343017578,21.97,65.2657699584961,21.97,82.05162048339844,21.97,7.395775318145752
21.98,62.80461883544922,21.980000000000004,109.44593048095705,21.980000000000004,64.95338439941406,21.98,81.9934310913086,21.98,6.619937419891357
21.99,62.56159210205078,21.99,109.7463607788086,21.99,64.65621185302734,21.99,81.94425964355469,21.99,5.867031097412109
22.0,62.35996627807617,22.0,110.04237365722656,22.0,64.4121322631836,22.0,81.91094207763672,22.0,5.175686359405518
22.01,62.1639518737793,22.01,110.33592987060548,22.01,64.16777038574219,22.01,81.88636779785156,22.01,4.502097606658936
22.02,61.99567794799805,22.020000000000003,110.628173828125,22.020000000000003,63.87983322143555,22.02,81.85475158691406,22.020000000000003,3.840153694152832
22.03,61.849456787109375,22.03,110.91902923583984,22.03,63.59928894042969,22.03,81.81462097167969,22.03,3.267590045928955
22.04,61.71145248413086,22.04,111.19474029541016,22.04,63.28590774536133,22.04,81.76158142089844,22.04,2.701206922531128
22.05,61.57668685913086,22.050000000000004,111.45452117919922,22.050000000000004,62.99427032470703,22.05,81.69535827636719,22.05,2.1885523796081543
22.06,61.498172760009766,22.06,111.70645141601562,22.06,62.73684310913086,22.06,81.6194076538086,22.06,1.842166423797608
22.07,61.43349075317383,22.07,111.95237731933594,22.07,62.53070068359375,22.07,81.54167938232422,22.07,1.603501558303833
22.08,61.36251831054688,22.08,112.19200897216795,22.08,62.377838134765625,22.08,81.4727783203125,22.08,1.4434962272644043
22.09,61.33028030395508,22.090000000000003,112.42113494873048,22.090000000000003,62.24821090698242,22.09,81.42053985595703,22.090000000000003,1.2972350120544434
22.1,61.32093811035156,22.1,112.63899230957033,22.1,62.15180206298828,22.1,81.38578033447266,22.1,1.150178074836731
22.11,61.34636688232422,22.11,112.84762573242188,22.11,62.095096588134766,22.11,81.36875915527344,22.11,1.0340430736541748
22.12,61.40009307861328,22.12,113.0440673828125,22.12,62.058692932128906,22.12,81.36134338378906,22.12,0.9681355953216552
22.130000000000003,61.46608352661133,22.130000000000003,113.2220687866211,22.130000000000003,62.04741668701172,22.130000000000003,81.3621597290039,22.130000000000003,0.959272563457489
22.14,61.55486297607422,22.14,113.38491821289062,22.14,62.071170806884766,22.14,81.36137390136719,22.14,0.941518247127533
22.15,61.67510223388672,22.15,113.52580261230467,22.15,62.13019180297852,22.15,81.35872650146484,22.15,1.0287233591079712
22.16,61.81900024414063,22.160000000000004,113.64697265625,22.160000000000004,62.20820617675781,22.16,81.36408996582031,22.160000000000004,1.168408989906311
22.17,61.99798583984375,22.17,113.7490234375,22.17,62.29377365112305,22.17,81.37643432617188,22.17,1.2927441596984863
22.18,62.19583511352539,22.18,113.84064483642578,22.18,62.39522171020508,22.18,81.38622283935547,22.18,1.5277763605117798
22.19,62.41444778442383,22.19,113.923095703125,22.19,62.529632568359375,22.19,81.3985366821289,22.19,1.7945958375930786
22.200000000000003,62.63832092285156,22.200000000000003,113.99236297607422,22.200000000000003,62.69324493408203,22.2,81.41962432861328,22.200000000000003,2.074078321456909
22.21,62.87005233764648,22.21,114.04769897460938,22.21,62.87044143676758,22.21,81.44537353515625,22.21,2.4030954837799072
22.22,63.104129791259766,22.22,114.07996368408205,22.22,63.06766128540039,22.22,81.47750091552734,22.22,2.7148094177246094
22.23,63.33344650268555,22.230000000000004,114.08838653564452,22.230000000000004,63.27701187133789,22.23,81.5146484375,22.23,3.0578808784484863
22.24,63.564414978027344,22.24,114.07144165039062,22.24,63.48094177246094,22.24,81.55887603759766,22.24,3.443202495574951
22.25,63.79853820800781,22.25,114.03192901611328,22.25,63.68372344970703,22.25,81.60617065429688,22.25,3.8372256755828857
22.26,64.0466079711914,22.260000000000005,113.97232055664062,22.260000000000005,63.884765625,22.26,81.6517562866211,22.26,4.288532733917236
22.270000000000003,64.31095886230469,22.270000000000003,113.89664459228516,22.270000000000003,64.07762908935547,22.27,81.69255828857422,22.270000000000003,4.783215999603272
22.28,64.58175659179688,22.28,113.8078842163086,22.28,64.26914978027344,22.28,81.7213134765625,22.28,5.260176658630371
22.29,64.8471450805664,22.29,113.71360778808594,22.29,64.46324920654297,22.29,81.74890899658203,22.29,5.788397789001465
22.3,65.12030029296875,22.300000000000004,113.6103973388672,22.300000000000004,64.65922546386719,22.3,81.78299713134766,22.3,6.361555099487305
22.31,65.37737274169922,22.31,113.49363708496094,22.31,64.8493423461914,22.31,81.81523132324219,22.31,6.957866668701172
22.32,65.62252044677734,22.32,113.37166595458984,22.32,65.024658203125,22.32,81.83676147460938,22.32,7.575374126434326
22.33,65.85726928710938,22.330000000000005,113.23336791992188,22.330000000000005,65.19146728515625,22.33,81.85334014892578,22.33,8.222068786621094
22.340000000000003,66.09207153320312,22.340000000000003,113.07233428955078,22.340000000000003,65.36913299560547,22.34,81.86885070800781,22.340000000000003,8.899125099182129
22.35,66.32280731201172,22.35,112.89813232421876,22.35,65.57283782958984,22.35,81.8824462890625,22.35,9.601141929626465
22.36,66.55765533447266,22.36,112.72443389892578,22.36,65.78184509277344,22.36,81.9021987915039,22.36,10.337603569030762
22.37,66.80252838134766,22.370000000000005,112.55513763427734,22.370000000000005,65.9988021850586,22.37,81.929931640625,22.37,11.10983180999756
22.380000000000003,67.06271362304688,22.380000000000003,112.38965606689452,22.380000000000003,66.2305679321289,22.380000000000003,81.96581268310547,22.380000000000003,11.939687728881836
22.39,67.3239517211914,22.39,112.2228775024414,22.39,66.47200775146484,22.39,82.00772094726562,22.39,12.819666862487791
22.4,67.59294891357422,22.40000000000001,112.05416107177734,22.40000000000001,66.70948791503906,22.4,82.05522155761719,22.4,13.747121810913086
22.41,67.88377380371094,22.410000000000004,111.87694549560548,22.410000000000004,66.9505844116211,22.41,82.10718536376953,22.410000000000004,14.69632053375244
22.42,68.18867492675781,22.42,111.69859313964844,22.42,67.23323822021484,22.42,82.16260528564453,22.42,15.694406509399414
22.43,68.4988021850586,22.43,111.51575469970705,22.43,67.54890441894531,22.430000000000003,82.21882629394531,22.43,16.728994369506836
22.44,68.81022644042969,22.440000000000005,111.3262939453125,22.440000000000005,67.87101745605469,22.44,82.27346801757812,22.44,17.80454444885254
22.450000000000003,69.1292724609375,22.450000000000003,111.13168334960938,22.450000000000003,68.21063995361328,22.45,82.32769775390625,22.450000000000003,18.88979721069336
22.46,69.4694595336914,22.46,110.93704986572266,22.46,68.53334045410156,22.46,82.37887573242188,22.46,19.99843978881836
22.47,69.82567596435547,22.47000000000001,110.74855041503906,22.47000000000001,68.83086395263672,22.47,82.4305419921875,22.47,21.152973175048828
22.48,70.19740295410156,22.480000000000004,110.566650390625,22.480000000000004,69.13573455810547,22.48,82.48770141601562,22.48,22.35692405700684
22.49,70.59889221191406,22.49,110.38833618164062,22.49,69.48987579345703,22.49,82.54344940185547,22.49,23.590564727783203
22.5,71.02315521240234,22.5,110.20867156982422,22.5,69.89960479736328,22.500000000000004,82.60496520996094,22.5,24.86313247680664
22.51,71.48247528076172,22.510000000000005,110.02303314208984,22.510000000000005,70.34676361083984,22.51,82.6717529296875,22.51,26.15313148498535
22.520000000000003,71.95860290527344,22.520000000000003,109.8306655883789,22.520000000000003,70.74955749511719,22.52,82.73094940185547,22.520000000000003,27.461021423339844
22.53,72.44615173339844,22.53,109.6377182006836,22.53,71.14157104492188,22.53,82.77320861816406,22.53,28.803821563720703
22.54,72.95307922363281,22.54,109.44107818603516,22.54,71.57057189941406,22.540000000000003,82.81232452392578,22.54,30.1581974029541
22.55,73.49402618408203,22.550000000000004,109.2457504272461,22.550000000000004,72.05587768554688,22.55,82.86505889892578,22.55,31.54303359985352
22.56,74.05242156982422,22.56,109.05158233642578,22.56,72.55128479003906,22.56,82.93009948730469,22.56,32.967491149902344
22.57,74.61176300048828,22.57,108.8600845336914,22.57,73.0370864868164,22.570000000000004,82.99957275390625,22.57,34.39560317993164
22.58,75.21979522705078,22.580000000000005,108.67341613769533,22.580000000000005,73.5374984741211,22.58,83.07032012939453,22.58,35.82489776611328
22.590000000000003,75.8565902709961,22.590000000000003,108.48798370361328,22.590000000000003,74.06299591064453,22.59,83.13131713867188,22.590000000000003,37.24343490600586
22.6,76.50569915771484,22.6,108.31890869140624,22.6,74.59436798095703,22.6,83.18402099609375,22.6,38.64954376220703
22.61,77.1976547241211,22.61,108.1231689453125,22.61,75.14591217041016,22.610000000000003,83.23799133300781,22.61,40.09400177001953
22.62,77.92459106445312,22.620000000000005,107.92948150634766,22.620000000000005,75.68499755859375,22.62,83.29972839355469,22.620000000000005,41.54773712158203
22.630000000000003,78.64325714111328,22.630000000000003,107.72079467773438,22.630000000000003,76.25252532958984,22.63,83.36193084716797,22.630000000000003,43.01841735839844
22.64,79.38446807861328,22.64,107.513671875,22.64,76.87618255615234,22.640000000000004,83.42764282226562,22.64,44.50697708129883
22.65,80.14413452148438,22.65000000000001,107.30394744873048,22.65000000000001,77.52145385742188,22.65,83.49209594726562,22.65,45.99706268310547
22.66,80.93478393554688,22.660000000000004,107.08253479003906,22.660000000000004,78.23338317871094,22.66,83.5405044555664,22.660000000000004,47.4813232421875
22.67,81.75889587402344,22.67,106.85433197021484,22.67,78.97266387939453,22.67,83.55968475341797,22.67,48.971622467041016
22.68,82.59343719482422,22.68,106.6332778930664,22.68,79.7923355102539,22.680000000000003,83.56430053710938,22.68,50.49524688720703
22.69,83.44791412353516,22.690000000000005,106.40943145751952,22.690000000000005,80.6829833984375,22.69,83.55306243896484,22.690000000000005,51.99905014038086
22.700000000000003,84.35749816894531,22.700000000000003,106.18495178222656,22.700000000000003,81.57147979736328,22.7,83.5321273803711,22.700000000000003,53.48876953125
22.71,85.32481384277344,22.71,105.95427703857422,22.71,82.50617218017578,22.71,83.50222778320312,22.71,54.9848518371582
22.72,86.30035400390625,22.72000000000001,105.7311553955078,22.72000000000001,83.467529296875,22.72,83.46469116210938,22.72,56.48007583618164
22.73,87.27836608886719,22.730000000000004,105.51126098632812,22.730000000000004,84.3707046508789,22.73,83.4327392578125,22.730000000000004,57.98873901367188
22.74,88.22723388671875,22.74,105.29678344726562,22.74,85.21539306640625,22.74,83.41132354736328,22.74,59.47979736328125
22.75,89.17173767089844,22.75,105.08625030517578,22.75,85.95519256591797,22.750000000000004,83.40382385253906,22.75,60.92258071899414
22.76,90.08216094970705,22.760000000000005,104.87771606445312,22.760000000000005,86.71455383300781,22.76,83.41323852539062,22.760000000000005,62.29789352416992
22.770000000000003,90.97730255126952,22.770000000000003,104.6758270263672,22.770000000000003,87.46959686279297,22.77,83.43543243408203,22.770000000000003,63.64812469482422
22.78,91.88609313964844,22.78,104.4754867553711,22.78,88.1759262084961,22.78,83.46649932861328,22.78,65.0378646850586
22.79,92.72801208496094,22.79,104.2664566040039,22.79,88.82344055175781,22.790000000000003,83.50069427490234,22.79,66.43196868896484
22.8,93.4485092163086,22.800000000000004,104.07392120361328,22.800000000000004,89.45122528076172,22.8,83.53154754638672,22.800000000000004,67.85961151123047
22.81,93.98112487792967,22.81,103.86976623535156,22.81,90.0594711303711,22.81,83.56114196777344,22.81,69.24857330322266
22.82,94.39649200439452,22.82,103.65816497802734,22.82,90.5617446899414,22.820000000000004,83.58326721191406,22.82,70.6039810180664
22.83,94.72430419921876,22.830000000000005,103.45130157470705,22.830000000000005,90.97087860107422,22.83,83.59855651855469,22.830000000000005,71.83058166503906
22.840000000000003,95.05391693115234,22.840000000000003,103.2544937133789,22.840000000000003,91.31399536132812,22.84,83.6066665649414,22.840000000000003,72.86871337890625
22.85,95.3709945678711,22.85,103.05162048339844,22.85,91.59349822998048,22.85,83.59666442871094,22.85,73.82731628417969
22.86,95.67019653320312,22.86,102.85466003417967,22.86,91.80809783935548,22.860000000000003,83.57928466796875,22.86,74.74652099609375
22.87,95.9729232788086,22.870000000000005,102.68006896972656,22.870000000000005,92.02278900146484,22.87,83.55594635009766,22.870000000000005,75.62019348144531
22.880000000000003,96.21377563476562,22.880000000000003,102.5172348022461,22.880000000000003,92.2204132080078,22.88,83.52629089355469,22.880000000000003,76.35391235351562
22.89,96.40518951416016,22.89,102.38970947265624,22.89,92.39765167236328,22.890000000000004,83.4962158203125,22.89,76.99732208251953
22.9,96.58712005615234,22.90000000000001,102.30430603027344,22.90000000000001,92.56290435791016,22.9,83.47563171386719,22.9,77.62049865722656
22.91,96.78092956542967,22.910000000000004,102.23363494873048,22.910000000000004,92.72647857666016,22.91,83.46282958984375,22.910000000000004,78.29352569580078
22.92,96.97315216064452,22.92,102.2138671875,22.92,92.85166931152344,22.92,83.45794677734375,22.92,79.11951446533203
22.93,97.16417694091795,22.93,102.2297821044922,22.93,92.9554443359375,22.930000000000003,83.45305633544922,22.93,80.07147216796875
22.94,97.32687377929688,22.940000000000005,102.23939514160156,22.940000000000005,93.04327392578124,22.94,83.43633270263672,22.940000000000005,81.11437225341797
22.950000000000003,97.49431610107422,22.950000000000003,102.25272369384766,22.950000000000003,93.156982421875,22.95,83.40674591064453,22.950000000000003,82.2272720336914
22.96,97.62477111816406,22.96,102.30036163330078,22.96,93.28719329833984,22.96,83.3660888671875,22.96,83.29484558105469
22.97,97.76123046875,22.97000000000001,102.3747100830078,22.97000000000001,93.42350006103516,22.97,83.31321716308594,22.97,84.3960189819336
22.98,97.8850555419922,22.980000000000004,102.45606231689452,22.980000000000004,93.57062530517578,22.98,83.25702667236328,22.980000000000004,85.4875259399414
22.99,98.02873992919922,22.99,102.5525360107422,22.99,93.72493743896484,22.99,83.19841766357422,22.99,86.45775604248047
23.0,98.1980438232422,23.0,102.64888763427734,23.0,93.87271881103516,23.000000000000004,83.14247131347656,23.0,87.35137939453125
23.01,98.3814468383789,23.010000000000005,102.73198699951172,23.010000000000005,94.00565338134766,23.01,83.09496307373047,23.010000000000005,88.21837615966797
23.020000000000003,98.58146667480467,23.020000000000003,102.80362701416016,23.020000000000003,94.14775848388672,23.02,83.0562515258789,23.020000000000003,89.06889343261719
23.03,98.77750396728516,23.03,102.88672637939452,23.03,94.28312683105467,23.03,83.02555847167969,23.03,89.90003967285156
23.04,98.94644927978516,23.04,102.96184539794922,23.04,94.42410278320312,23.040000000000003,83.00430297851562,23.04,90.7066421508789
23.05,99.11904907226562,23.050000000000004,103.03929901123048,23.050000000000004,94.54944610595705,23.05,82.98887634277344,23.050000000000004,91.52107238769533
23.06,99.23722076416016,23.06,103.13302612304688,23.06,94.6768798828125,23.06,82.97807312011719,23.06,92.31884765625
23.07,99.29255676269533,23.07,103.22599029541016,23.07,94.7876968383789,23.070000000000004,82.9700698852539,23.07,93.0546646118164
23.08,99.31360626220705,23.080000000000005,103.31458282470705,23.080000000000005,94.8811264038086,23.08,82.96712493896484,23.080000000000005,93.77417755126952
23.090000000000003,99.29232025146484,23.090000000000003,103.39659118652344,23.090000000000003,94.96392822265624,23.09,82.966552734375,23.090000000000003,94.47543334960938
23.1,99.23440551757812,23.1,103.47018432617188,23.1,95.02327728271484,23.1,82.96492004394531,23.1,95.1096649169922
23.11,99.14329528808594,23.11,103.53465270996094,23.11,95.06871032714844,23.110000000000003,82.9596176147461,23.11,95.68977355957033
23.12,99.02580261230467,23.120000000000005,103.58761596679688,23.120000000000005,95.08895874023438,23.12,82.96263885498047,23.120000000000005,96.20904541015624
23.130000000000003,98.90060424804688,23.130000000000003,103.63623809814452,23.130000000000003,95.08763122558594,23.13,82.97173309326172,23.130000000000003,96.6824951171875
23.14,98.77886199951172,23.14,103.67439270019533,23.14,95.07854461669922,23.140000000000004,82.99005126953125,23.14,97.1023941040039
23.15,98.64640808105467,23.15000000000001,103.7164535522461,23.15000000000001,95.04093170166016,23.15,83.0171127319336,23.15,97.47574615478516
23.16,98.5037078857422,23.160000000000004,103.76248931884766,23.160000000000004,94.9929656982422,23.16,83.05752563476562,23.160000000000004,97.82813262939452
23.17,98.34818267822266,23.17,103.80780029296876,23.17,94.95181274414062,23.17,83.10945129394531,23.17,98.16006469726562
23.18,98.18702697753906,23.18,103.85529327392578,23.18,94.91516876220705,23.180000000000003,83.17037963867188,23.18,98.45182800292967
23.19,98.0274658203125,23.190000000000005,103.90176391601562,23.190000000000005,94.86821746826172,23.19,83.23897552490234,23.190000000000005,98.7106704711914
23.200000000000003,97.87179565429688,23.200000000000003,103.94356536865234,23.200000000000003,94.82086181640624,23.2,83.31075286865234,23.200000000000003,98.93206787109376
23.21,97.71955871582033,23.21,103.98007202148438,23.21,94.767333984375,23.21,83.37889099121094,23.21,99.13021087646484
23.22,97.5853271484375,23.22000000000001,104.00489044189452,23.22000000000001,94.69478607177734,23.22,83.43749237060547,23.22,99.30265045166016
23.23,97.46210479736328,23.230000000000004,104.02291107177734,23.230000000000004,94.6144790649414,23.23,83.49378204345703,23.230000000000004,99.4456787109375
23.24,97.35935974121094,23.24,104.0453109741211,23.24,94.5369873046875,23.24,83.54959869384766,23.24,99.5727767944336
23.25,97.27477264404295,23.25,104.0656509399414,23.25,94.46978759765624,23.250000000000004,83.60332489013672,23.25,99.68014526367188
23.26,97.1906280517578,23.260000000000005,104.0840072631836,23.260000000000005,94.42948150634766,23.26,83.66111755371094,23.260000000000005,99.77849578857422
23.270000000000003,97.1241455078125,23.270000000000003,104.1060562133789,23.270000000000003,94.39257049560548,23.27,83.71472930908203,23.270000000000003,99.85438537597656
23.28,97.0632781982422,23.28,104.13890838623048,23.28,94.36270904541016,23.28,83.76072692871094,23.28,99.91978454589844
23.29,97.0105972290039,23.29,104.17994689941406,23.29,94.35053253173828,23.290000000000003,83.7944564819336,23.29,99.97266387939452
23.3,96.9575424194336,23.300000000000004,104.22384643554688,23.300000000000004,94.34003448486328,23.3,83.82174682617188,23.300000000000004,100.01468658447266
23.31,96.9159164428711,23.31,104.2635498046875,23.31,94.34217071533205,23.31,83.83768463134766,23.31,100.04386901855467
23.32,96.87700653076172,23.32,104.29866790771484,23.32,94.34933471679688,23.320000000000004,83.84651947021484,23.32,100.06462860107422
23.33,96.85152435302734,23.330000000000005,104.32466888427734,23.330000000000005,94.3544464111328,23.33,83.84955596923828,23.330000000000005,100.0778350830078
23.340000000000003,96.83385467529295,23.340000000000003,104.34220886230467,23.340000000000003,94.35803985595705,23.34,83.84871673583984,23.340000000000003,100.08625030517578
23.35,96.82169342041016,23.35,104.34809112548828,23.35,94.36710357666016,23.35,83.84933471679688,23.35,100.08515167236328
23.36,96.80669403076172,23.36,104.34461212158205,23.36,94.38455200195312,23.360000000000003,83.8528060913086,23.36,100.07376098632812
23.37,96.7942123413086,23.370000000000005,104.33453369140624,23.370000000000005,94.4093246459961,23.37,83.8586196899414,23.370000000000005,100.05607604980467
23.380000000000003,96.7771224975586,23.380000000000003,104.31200408935548,23.380000000000003,94.4397964477539,23.38,83.86540985107422,23.380000000000003,100.02691650390624
23.39,96.75916290283205,23.39,104.27779388427734,23.39,94.47953033447266,23.390000000000004,83.8746566772461,23.39,99.9903335571289
23.4,96.75309753417967,23.40000000000001,104.23381805419922,23.40000000000001,94.51919555664062,23.4,83.88716888427734,23.4,99.95144653320312
23.41,96.75321197509766,23.410000000000004,104.17991638183594,23.410000000000004,94.5472640991211,23.41,83.89842224121094,23.410000000000004,99.91032409667967
23.42,96.7519302368164,23.42,104.1383819580078,23.42,94.5657196044922,23.42,83.90853118896484,23.42,99.86553955078124
23.43,96.74736785888672,23.43,104.10640716552734,23.43,94.56352996826172,23.430000000000003,83.92105102539062,23.43,99.82221221923828
23.44,96.72844696044922,23.440000000000005,104.0705337524414,23.440000000000005,94.55841827392578,23.44,83.9363784790039,23.440000000000005,99.77716064453124
23.450000000000003,96.70661163330078,23.450000000000003,104.03264617919922,23.450000000000003,94.55386352539062,23.45,83.95339965820312,23.450000000000003,99.73123168945312
23.46,96.6871337890625,23.46,103.99506378173828,23.46,94.5510482788086,23.46,83.9743881225586,23.46,99.6834716796875
23.47,96.65831756591795,23.47000000000001,103.96332550048828,23.47000000000001,94.55319213867188,23.47,83.99983215332031,23.47,99.62982940673828
23.48,96.63595581054688,23.480000000000004,103.93626403808594,23.480000000000004,94.55696868896484,23.48,84.02576446533203,23.480000000000004,99.5698013305664
23.49,96.6233901977539,23.49,103.9048309326172,23.49,94.56204986572266,23.49,84.05223083496094,23.49,99.49855041503906
23.5,96.6225357055664,23.5,103.86576080322266,23.5,94.5673599243164,23.500000000000004,84.08077239990234,23.5,99.42423248291016
23.51,96.62535858154295,23.510000000000005,103.82901000976562,23.510000000000005,94.57308959960938,23.51,84.10877227783203,23.510000000000005,99.35397338867188
23.520000000000003,96.61988830566406,23.520000000000003,103.79443359375,23.520000000000003,94.5731201171875,23.52,84.14073181152344,23.520000000000003,99.27684783935548
23.53,96.61610412597656,23.53,103.7625503540039,23.53,94.5754165649414,23.53,84.1734848022461,23.53,99.20207977294922
23.54,96.60133361816406,23.54,103.73804473876952,23.54,94.58177947998048,23.540000000000003,84.20565795898438,23.54,99.13250732421876
23.55,96.59017944335938,23.550000000000004,103.71331787109376,23.550000000000004,94.59563446044922,23.55,84.23661804199219,23.550000000000004,99.06475067138672
23.56,96.57681274414062,23.56,103.69035339355467,23.56,94.611328125,23.56,84.26570892333984,23.56,98.998291015625
23.57,96.55801391601562,23.57,103.66712951660156,23.57,94.61914825439452,23.570000000000004,84.29231262207031,23.57,98.9374771118164
23.58,96.53228759765624,23.580000000000005,103.65125274658205,23.580000000000005,94.63014221191406,23.58,84.31718444824219,23.580000000000005,98.86273956298828
23.590000000000003,96.5036392211914,23.590000000000003,103.63134765625,23.590000000000003,94.64395904541016,23.59,84.34004974365234,23.590000000000003,98.78945922851562
23.6,96.47550964355467,23.6,103.61151123046876,23.6,94.65160369873048,23.6,84.36398315429688,23.6,98.7164306640625
23.61,96.45525360107422,23.61,103.5865478515625,23.61,94.6516571044922,23.610000000000003,84.3834457397461,23.61,98.6322784423828
23.62,96.43272399902344,23.620000000000005,103.5613021850586,23.620000000000005,94.6432113647461,23.62,84.40400695800781,23.620000000000005,98.54619598388672
23.630000000000003,96.41162872314452,23.630000000000003,103.53778839111328,23.630000000000003,94.63148498535156,23.63,84.42481994628906,23.630000000000003,98.46131134033205
23.64,96.39657592773438,23.64,103.51113891601562,23.64,94.62097930908205,23.640000000000004,84.44700622558594,23.64,98.38424682617188
23.65,96.38483428955078,23.65000000000001,103.48594665527344,23.65000000000001,94.61076354980467,23.65,84.46729278564453,23.65,98.3099365234375
23.66,96.36461639404295,23.660000000000004,103.46109008789062,23.660000000000004,94.59737396240234,23.66,84.48737335205078,23.660000000000004,98.25062561035156
23.67,96.35069274902344,23.67,103.4350128173828,23.67,94.57435607910156,23.67,84.50729370117188,23.67,98.20166778564452
23.68,96.3322296142578,23.68,103.41442108154295,23.68,94.55004119873048,23.680000000000003,84.52742767333984,23.68,98.15736389160156
23.69,96.302734375,23.690000000000005,103.3900375366211,23.690000000000005,94.52044677734376,23.69,84.54447937011719,23.690000000000005,98.11959838867188
23.700000000000003,96.27973175048828,23.700000000000003,103.36659240722656,23.700000000000003,94.49041748046876,23.7,84.55875396728516,23.700000000000003,98.0837631225586
23.71,96.26374816894533,23.71,103.3429718017578,23.71,94.4618682861328,23.71,84.57037353515625,23.71,98.05500030517578
23.72,96.24840545654295,23.72000000000001,103.31710052490234,23.72000000000001,94.43340301513672,23.72,84.58072662353516,23.72,98.02840423583984
23.73,96.23273468017578,23.730000000000004,103.28753662109376,23.730000000000004,94.3998031616211,23.73,84.58842468261719,23.730000000000004,98.0022964477539
23.74,96.2193603515625,23.74,103.26153564453124,23.74,94.36564636230467,23.74,84.59439849853516,23.74,97.98059844970705
23.75,96.20085144042967,23.75,103.23303985595705,23.75,94.32306671142578,23.750000000000004,84.60005950927734,23.75,97.96607971191406
23.76,96.17086791992188,23.760000000000005,103.20823669433594,23.760000000000005,94.27305603027344,23.76,84.60429382324219,23.760000000000005,97.9580307006836
23.770000000000003,96.13941955566406,23.770000000000003,103.18313598632812,23.770000000000003,94.221435546875,23.77,84.60970306396484,23.770000000000003,97.95297241210938
23.78,96.10423278808594,23.78,103.1624984741211,23.78,94.1673583984375,23.78,84.61613464355469,23.78,97.95616912841795
23.79,96.07858276367188,23.79,103.1445541381836,23.79,94.11016845703124,23.790000000000003,84.62187957763672,23.79,97.95819854736328
23.8,96.05651092529295,23.800000000000004,103.1297607421875,23.800000000000004,94.05896759033205,23.8,84.62623596191406,23.800000000000004,97.9658660888672
23.81,96.03580474853516,23.81,103.12007904052734,23.81,94.01448822021484,23.81,84.63032531738281,23.81,97.9794921875
23.82,96.01676177978516,23.82,103.1151351928711,23.82,93.9696807861328,23.820000000000004,84.63340759277344,23.82,97.99942016601562
23.83,95.99771881103516,23.830000000000005,103.1145248413086,23.830000000000005,93.92182159423828,23.83,84.6347427368164,23.830000000000005,98.02051544189452
23.840000000000003,95.96784973144533,23.840000000000003,103.11740112304688,23.840000000000003,93.86991119384766,23.84,84.63735961914062,23.840000000000003,98.04039001464844
23.85,95.9522476196289,23.85,103.12511444091795,23.85,93.8213882446289,23.85,84.63818359375,23.85,98.06017303466795
23.86,95.9495620727539,23.86,103.1388168334961,23.86,93.77333068847656,23.860000000000003,84.63917541503906,23.86,98.07797241210938
23.87,95.94029235839844,23.870000000000005,103.1515655517578,23.870000000000005,93.72903442382812,23.87,84.63951873779297,23.870000000000005,98.09751892089844
23.880000000000003,95.93594360351562,23.880000000000003,103.1688995361328,23.880000000000003,93.68930053710938,23.88,84.64105224609375,23.880000000000003,98.12164306640624
23.89,95.9371337890625,23.89,103.18504333496094,23.89,93.6543960571289,23.890000000000004,84.64324951171875,23.89,98.14498901367188
23.9,95.92792510986328,23.90000000000001,103.19863891601562,23.90000000000001,93.6232452392578,23.9,84.64415740966797,23.9,98.16506958007812
23.91,95.91566467285156,23.910000000000004,103.20667266845705,23.910000000000004,93.59520721435548,23.91,84.64380645751953,23.910000000000004,98.1863784790039
23.92,95.90894317626952,23.92,103.2112274169922,23.92,93.56754302978516,23.92,84.64260864257812,23.92,98.20581817626952
23.93,95.8991241455078,23.93,103.21955871582033,23.93,93.53533172607422,23.930000000000003,84.63988494873047,23.93,98.2183837890625
23.94,95.89002990722656,23.940000000000005,103.22574615478516,23.940000000000005,93.50048065185548,23.94,84.63729858398438,23.940000000000005,98.22625732421876
23.950000000000003,95.87628173828124,23.950000000000003,103.22827911376952,23.950000000000003,93.47140502929688,23.95,84.63565063476562,23.950000000000003,98.23089599609376
23.96,95.85691833496094,23.96,103.22819519042967,23.96,93.44403839111328,23.96,84.63345336914062,23.96,98.23465728759766
23.97,95.8375473022461,23.97000000000001,103.22607421875,23.97000000000001,93.42584991455078,23.97,84.6308822631836,23.97,98.2370376586914
23.98,95.81317901611328,23.980000000000004,103.22119140625,23.980000000000004,93.40825653076172,23.98,84.62796783447266,23.980000000000004,98.23912811279295
23.99,95.7887191772461,23.99,103.21793365478516,23.99,93.38970947265624,23.99,84.62576293945312,23.99,98.24079132080078
24.0,95.77201080322266,24.0,103.2182846069336,24.0,93.37097930908205,24.000000000000004,84.62425994873047,24.0,98.2454833984375
24.01,95.7490463256836,24.010000000000005,103.21946716308594,24.010000000000005,93.3514633178711,24.01,84.62041473388672,24.010000000000005,98.25662231445312
24.020000000000003,95.73175048828124,24.020000000000003,103.21807861328124,24.020000000000003,93.3335952758789,24.02,84.61609649658203,24.020000000000003,98.2697296142578
24.03,95.71702575683594,24.03,103.21914672851562,24.03,93.32096862792967,24.03,84.61141204833984,24.03,98.28311920166016
24.04,95.6986083984375,24.04,103.21851348876952,24.04,93.30606842041016,24.040000000000003,84.60820007324219,24.04,98.29495239257812
24.05,95.66877746582033,24.050000000000004,103.2203369140625,24.050000000000004,93.29216766357422,24.05,84.60444641113281,24.050000000000004,98.30117797851562
24.06,95.63489532470705,24.06,103.22692108154295,24.06,93.28414916992188,24.06,84.59834289550781,24.06,98.30126190185548
24.07,95.60565948486328,24.07,103.23682403564452,24.07,93.27631378173828,24.070000000000004,84.5890884399414,24.07,98.30296325683594
24.08,95.5883331298828,24.080000000000005,103.2422103881836,24.080000000000005,93.27383422851562,24.08,84.57875061035156,24.080000000000005,98.31108856201172
24.090000000000003,95.56049346923828,24.090000000000003,103.24546813964844,24.090000000000003,93.27937316894533,24.09,84.56604766845703,24.090000000000003,98.32360076904295
24.1,95.52828216552734,24.1,103.24800872802734,24.1,93.28132629394533,24.1,84.55167388916016,24.1,98.33301544189452
24.11,95.50328826904295,24.11,103.2501449584961,24.11,93.28541564941406,24.110000000000003,84.53983306884766,24.11,98.34264373779295
24.12,95.47931671142578,24.120000000000005,103.2484359741211,24.120000000000005,93.28875732421876,24.12,84.52719116210938,24.120000000000005,98.35163116455078
24.130000000000003,95.45728302001952,24.130000000000003,103.247802734375,24.130000000000003,93.28536987304688,24.13,84.51883697509766,24.130000000000003,98.3529052734375
24.14,95.44239807128906,24.14,103.24641418457033,24.14,93.28710174560548,24.140000000000004,84.51177978515625,24.14,98.3490982055664
24.15,95.43531799316406,24.15000000000001,103.24396514892578,24.15000000000001,93.29420471191406,24.15,84.50720977783203,24.15,98.34064483642578
24.16,95.44278717041016,24.160000000000004,103.24539947509766,24.160000000000004,93.29839324951172,24.16,84.50482177734375,24.160000000000004,98.32787322998048
24.17,95.454833984375,24.17,103.24705505371094,24.17,93.30542755126952,24.17,84.5008544921875,24.17,98.31974029541016
24.18,95.46954345703124,24.18,103.24796295166016,24.18,93.31197357177734,24.180000000000003,84.49736785888672,24.18,98.31867218017578
24.19,95.47711181640624,24.190000000000005,103.24464416503906,24.190000000000005,93.32093811035156,24.19,84.49261474609375,24.190000000000005,98.32643127441406
24.200000000000003,95.48273468017578,24.200000000000003,103.26490783691406,24.200000000000003,93.33342742919922,24.2,84.48727416992188,24.200000000000003,98.33529663085938
24.21,95.48165893554688,24.21,103.28857421875,24.21,93.34911346435548,24.21,84.48564147949219,24.21,98.34391021728516
24.22,95.4791488647461,24.22000000000001,103.31055450439452,24.22000000000001,93.36566162109376,24.22,84.4830322265625,24.22,98.3512954711914
24.23,95.48309326171876,24.230000000000004,103.33283233642578,24.230000000000004,93.38790893554688,24.23,84.48380279541016,24.230000000000004,98.3556137084961
24.24,95.49250793457033,24.24,103.35821533203124,24.24,93.41349792480467,24.24,84.4886245727539,24.24,98.35574340820312
24.25,95.50719451904295,24.25,103.3802719116211,24.25,93.44515228271484,24.250000000000004,84.48737335205078,24.25,98.35708618164062
24.26,95.52295684814452,24.260000000000005,103.39957427978516,24.260000000000005,93.47396087646484,24.26,84.4915771484375,24.260000000000005,98.35940551757812
24.270000000000003,95.52859497070312,24.270000000000003,103.42105102539062,24.270000000000003,93.49903106689452,24.27,84.49339294433594,24.270000000000003,98.3594207763672
24.28,95.5368881225586,24.28,103.4311294555664,24.28,93.51931762695312,24.28,84.4967269897461,24.28,98.35281372070312
24.29,95.54505920410156,24.29,103.44390106201172,24.29,93.54621887207033,24.290000000000003,84.49945831298828,24.29,98.34252166748048
24.3,95.5447006225586,24.300000000000004,103.45431518554688,24.300000000000004,93.57103729248048,24.3,84.50031280517578,24.300000000000004,98.33082580566406
24.31,95.55108642578124,24.31,103.46522521972656,24.31,93.59162139892578,24.31,84.50254821777344,24.31,98.31735229492188
24.32,95.55558776855467,24.32,103.47419738769533,24.32,93.61559295654295,24.320000000000004,84.50559997558594,24.32,98.30297088623048
24.33,95.56590270996094,24.330000000000005,103.48902130126952,24.330000000000005,93.63451385498048,24.33,84.50743103027344,24.330000000000005,98.29035949707033
24.340000000000003,95.58153533935548,24.340000000000003,103.50325012207033,24.340000000000003,93.64354705810548,24.34,84.51075744628906,24.340000000000003,98.27684020996094
24.35,95.5916976928711,24.35,103.51454162597656,24.35,93.64578247070312,24.35,84.52019500732422,24.35,98.26022338867188
24.36,95.5926742553711,24.36,103.5246353149414,24.36,93.6471939086914,24.360000000000003,84.52647399902344,24.36,98.23543548583984
24.37,95.59109497070312,24.370000000000005,103.54224395751952,24.370000000000005,93.6492919921875,24.37,84.53023529052734,24.370000000000005,98.2065658569336
24.380000000000003,95.58596801757812,24.380000000000003,103.55482482910156,24.380000000000003,93.66327667236328,24.38,84.53265380859375,24.380000000000003,98.17181396484376
24.39,95.57818603515624,24.39,103.57949829101562,24.39,93.67361450195312,24.390000000000004,84.53608703613281,24.39,98.12783813476562
24.4,95.57083129882812,24.40000000000001,103.59969329833984,24.40000000000001,93.6907196044922,24.4,84.53897094726562,24.4,98.07881927490234
24.410000000000004,95.5684814453125,24.410000000000004,103.6147003173828,24.410000000000004,93.6953125,24.41,84.53919982910156,24.410000000000004,98.0129165649414
24.42,95.54986572265624,24.42,103.62904357910156,24.42,93.69330596923828,24.42,84.54147338867188,24.42,97.9276123046875
24.43,95.53533935546876,24.43,103.64276885986328,24.43,93.684814453125,24.430000000000003,84.54334259033203,24.43,97.82316589355467
24.44,95.52151489257812,24.440000000000005,103.6612319946289,24.440000000000005,93.67279815673828,24.44,84.54785919189453,24.440000000000005,97.70558166503906
24.450000000000003,95.5086669921875,24.450000000000003,103.6817626953125,24.450000000000003,93.6538314819336,24.45,84.55179595947266,24.450000000000003,97.57185363769533
24.46,95.5086669921875,24.46,103.6968765258789,24.46,93.65795135498048,24.46,84.55680084228516,24.46,97.4246826171875
24.47,95.50873565673828,24.47000000000001,103.71300506591795,24.47000000000001,93.6595230102539,24.47,84.56275177001953,24.47,97.26492309570312
24.48,95.508056640625,24.480000000000004,103.73592376708984,24.480000000000004,93.65299224853516,24.48,84.56623840332031,24.480000000000004,97.10089874267578
24.49,95.5059051513672,24.49,103.7507781982422,24.49,93.635986328125,24.49,84.57117462158203,24.49,96.93323516845705
24.5,95.4948959350586,24.5,103.75914001464844,24.5,93.62174987792967,24.500000000000004,84.57748413085938,24.5,96.74567413330078
24.51,95.50070190429688,24.510000000000005,103.76732635498048,24.510000000000005,93.60079956054688,24.51,84.58384704589844,24.510000000000005,96.54220581054688
24.520000000000003,95.4849090576172,24.520000000000003,103.77925872802734,24.520000000000003,93.5778350830078,24.52,84.59017944335938,24.520000000000003,96.326904296875
24.53,95.45602416992188,24.53,103.78295135498048,24.53,93.5399169921875,24.53,84.59723663330078,24.53,96.10149383544922
24.54,95.42822265625,24.540000000000006,103.78092193603516,24.540000000000006,93.49110412597656,24.540000000000003,84.60356140136719,24.54,95.85497283935548
24.55,95.4057159423828,24.550000000000004,103.77408599853516,24.550000000000004,93.43134307861328,24.55,84.61148071289062,24.550000000000004,95.60050964355467
24.56,95.37752532958984,24.56,103.76301574707033,24.56,93.37692260742188,24.56,84.61858367919922,24.56,95.32840728759766
24.57,95.34113311767578,24.57,103.74530029296876,24.57,93.30319213867188,24.570000000000004,84.62715911865234,24.57,95.0414810180664
24.58,95.2929229736328,24.580000000000005,103.72835540771484,24.580000000000005,93.2315444946289,24.58,84.63642120361328,24.580000000000005,94.74186706542967
24.590000000000003,95.23719787597656,24.590000000000003,103.70343780517578,24.590000000000003,93.16545104980467,24.59,84.64812469482422,24.590000000000003,94.4275360107422
24.6,95.18331146240234,24.6,103.67681884765624,24.6,93.08164978027344,24.6,84.66085815429688,24.6,94.10112762451172
24.61,95.11603546142578,24.61,103.64958953857422,24.61,92.9880599975586,24.610000000000003,84.67326354980469,24.61,93.75203704833984
24.62,95.0408172607422,24.620000000000005,103.62557220458984,24.620000000000005,92.88646697998048,24.62,84.68505096435547,24.620000000000005,93.38761138916016
24.630000000000003,94.9574966430664,24.630000000000003,103.58715057373048,24.630000000000003,92.78131103515624,24.63,84.69817352294922,24.630000000000003,92.99958801269533
24.64,94.8627471923828,24.64,103.56785583496094,24.64,92.6542739868164,24.640000000000004,84.70909118652344,24.64,92.59504699707033
24.65,94.76338958740234,24.65000000000001,103.5281219482422,24.65000000000001,92.5180435180664,24.65,84.71438598632812,24.65,92.16764831542967
24.660000000000004,94.65187072753906,24.660000000000004,103.49854278564452,24.660000000000004,92.3851318359375,24.66,84.71632385253906,24.660000000000004,91.71104431152344
24.67,94.51873779296876,24.67,103.46829223632812,24.67,92.2485580444336,24.67,84.71717834472656,24.67,91.20663452148438
24.68,94.36450958251952,24.68,103.4310073852539,24.68,92.0963134765625,24.680000000000003,84.71448516845703,24.68,90.6617431640625
24.69,94.18487548828124,24.690000000000005,103.39342498779295,24.690000000000005,91.92613983154295,24.69,84.70923614501953,24.690000000000005,90.06161499023438
24.700000000000003,93.98787689208984,24.700000000000003,103.35960388183594,24.700000000000003,91.7416534423828,24.7,84.70276641845703,24.700000000000003,89.41510009765625
24.71,93.7607650756836,24.71,103.3220672607422,24.71,91.53285217285156,24.710000000000004,84.69525909423828,24.71,88.7388687133789
24.72,93.49577331542967,24.72000000000001,103.27693176269533,24.72000000000001,91.32025909423828,24.72,84.68756866455078,24.72,88.0311279296875
24.73,93.2220687866211,24.730000000000004,103.23738098144533,24.730000000000004,91.0934066772461,24.73,84.67814636230469,24.730000000000004,87.28773498535156
24.74,92.9534912109375,24.74,103.19163513183594,24.74,90.84586334228516,24.74,84.6658706665039,24.74,86.48473358154297
24.75,92.66590881347656,24.75,103.1509780883789,24.75,90.58063507080078,24.750000000000004,84.65208435058594,24.75,85.63911437988281
24.76,92.3564453125,24.760000000000005,103.10994720458984,24.760000000000005,90.30721282958984,24.76,84.63241577148438,24.760000000000005,84.96199798583984
24.770000000000003,92.0053253173828,24.770000000000003,103.06295776367188,24.770000000000003,90.00191497802734,24.77,84.60926055908203,24.770000000000003,84.31963348388672
24.78,91.59742736816406,24.78,103.01211547851562,24.78,89.68097686767578,24.78,84.57398223876953,24.78,83.6085433959961
24.79,91.1217041015625,24.790000000000006,102.9681167602539,24.790000000000006,89.34766387939453,24.790000000000003,84.52745056152344,24.79,82.87100982666016
24.8,90.60774993896484,24.800000000000004,102.92044830322266,24.800000000000004,89.01136779785156,24.8,84.46721649169922,24.800000000000004,82.0568618774414
24.81,90.0725555419922,24.81,102.87284088134766,24.81,88.64643859863281,24.81,84.4045181274414,24.81,81.1413345336914
24.82,89.52083587646484,24.82,102.82234191894533,24.82,88.25023651123047,24.820000000000004,84.34349822998047,24.82,80.13666534423828
24.83,88.96322631835938,24.830000000000005,102.76703643798828,24.830000000000005,87.84290313720703,24.83,84.29438781738281,24.830000000000005,79.1074447631836
24.840000000000003,88.40450286865234,24.840000000000003,102.7222900390625,24.840000000000003,87.4267578125,24.84,84.26155853271484,24.840000000000003,78.21720123291016
24.85,87.85393524169922,24.85,102.68720245361328,24.85,87.03350830078125,24.85,84.2437973022461,24.85,77.47545623779297
24.86,87.34762573242188,24.86,102.65696716308594,24.86,86.66111755371094,24.860000000000003,84.24269104003906,24.86,76.83889770507812
24.87,86.81233978271484,24.870000000000005,102.63211822509766,24.870000000000005,86.2841567993164,24.87,84.2573013305664,24.870000000000005,76.12566375732422
24.880000000000003,86.25518035888672,24.880000000000003,102.61632537841795,24.880000000000003,85.86304473876953,24.88,84.2767333984375,24.880000000000003,75.27418518066406
24.89,85.71763610839844,24.89,102.60690307617188,24.89,85.41349029541016,24.890000000000004,84.2892074584961,24.89,74.23837280273438
24.9,85.19334411621094,24.90000000000001,102.60852813720705,24.90000000000001,84.93531799316406,24.9,84.28981018066406,24.90000000000001,73.0694580078125
24.910000000000004,84.63294219970703,24.910000000000004,102.6140594482422,24.910000000000004,84.43510437011719,24.91,84.28193664550781,24.910000000000004,71.7730941772461
24.92,84.02145385742188,24.92,102.63402557373048,24.92,83.89459228515625,24.92,84.25491333007812,24.92,70.39329528808594
24.93,83.3599853515625,24.93,102.65423583984376,24.93,83.29810333251953,24.930000000000003,84.22725677490234,24.93,69.01289367675781
24.94,82.67298126220703,24.940000000000005,102.67371368408205,24.940000000000005,82.69677734375,24.94,84.21096801757812,24.940000000000005,67.71300506591797
24.950000000000003,82.07484436035156,24.950000000000003,102.67794799804688,24.950000000000003,82.08621215820312,24.95,84.20092010498047,24.950000000000003,66.5282974243164
24.96,81.51367950439453,24.96,102.6828155517578,24.96,81.47907257080078,24.960000000000004,84.18843841552734,24.96,65.36344146728516
24.97,80.95851135253906,24.97000000000001,102.68238830566406,24.97000000000001,80.82434844970703,24.97,84.1767807006836,24.97,64.13581085205078
24.98,80.38923645019531,24.980000000000004,102.6923370361328,24.980000000000004,80.16382598876953,24.98,84.15106201171875,24.980000000000004,62.7685661315918
24.99,79.8121566772461,24.99,102.71102142333984,24.99,79.53269958496094,24.99,84.09227752685547,24.99,61.312801361083984
25.0,79.20683288574219,25.0,102.72657775878906,25.0,78.93350219726562,25.000000000000004,84.00750732421875,25.0,59.97680282592773
25.01,78.56010437011719,25.010000000000005,102.73008728027344,25.010000000000005,78.3354263305664,25.01,83.92423248291016,25.010000000000005,58.70551300048828
25.020000000000003,77.90621185302734,25.020000000000003,102.7356948852539,25.020000000000003,77.72486114501953,25.02,83.85435485839844,25.020000000000003,57.40692901611328
25.03,77.2505111694336,25.03,102.75045013427734,25.03,77.17509460449219,25.03,83.77881622314453,25.03,55.90193939208984
25.04,76.59529876708984,25.040000000000006,102.75303649902344,25.040000000000006,76.7012710571289,25.040000000000003,83.68110656738281,25.04,54.36187744140625
25.05,75.92052459716797,25.050000000000004,102.74604034423828,25.050000000000004,76.20344543457031,25.05,83.5662841796875,25.050000000000004,52.71073913574219
25.06,75.24864196777344,25.06,102.74119567871094,25.06,75.68994140625,25.06,83.43573760986328,25.06,51.02199935913086
25.07,74.5654067993164,25.07,102.7598648071289,25.07,75.24427795410156,25.070000000000004,83.28939819335938,25.07,49.39580535888672
25.08,73.90889739990234,25.080000000000005,102.7990493774414,25.080000000000005,74.76264190673828,25.08,83.1426010131836,25.080000000000005,47.899879455566406
25.090000000000003,73.27371978759766,25.090000000000003,102.8600845336914,25.090000000000003,74.22726440429688,25.09,83.00877380371094,25.090000000000003,46.53689193725586
25.1,72.64411926269531,25.1,102.9241180419922,25.1,73.66805267333984,25.1,82.88053131103516,25.1,45.33716583251953
25.11,72.01600646972656,25.11,103.01134490966795,25.11,73.16584777832031,25.110000000000003,82.75407409667969,25.11,44.02482986450195
25.12,71.38460540771484,25.120000000000005,103.12254333496094,25.120000000000005,72.74132537841797,25.12,82.6393814086914,25.120000000000005,42.35003280639648
25.130000000000003,70.7215347290039,25.130000000000003,103.25253295898438,25.130000000000003,72.31983184814453,25.13,82.56257629394531,25.130000000000003,40.58243942260742
25.14,70.09150695800781,25.14,103.40743255615234,25.14,71.85719299316406,25.140000000000004,82.54508209228516,25.14,38.92794799804688
25.15,69.43644714355469,25.15000000000001,103.5928726196289,25.15000000000001,71.41384887695312,25.15,82.56147003173828,25.15000000000001,37.39190673828125
25.160000000000004,68.79100799560547,25.160000000000004,103.79721069335938,25.160000000000004,70.9752197265625,25.16,82.57353973388672,25.160000000000004,35.91547393798828
25.17,68.24170684814453,25.17,104.01483154296876,25.17,70.52205657958984,25.17,82.56857299804688,25.17,34.27464294433594
25.18,67.73162841796875,25.18,104.24075317382812,25.18,70.13874053955078,25.180000000000003,82.54923248291016,25.18,32.56096649169922
25.19,67.23985290527344,25.190000000000005,104.47480010986328,25.190000000000005,69.79556274414062,25.19,82.50536346435547,25.190000000000005,30.825714111328125
25.200000000000003,66.8228759765625,25.200000000000003,104.73146057128906,25.200000000000003,69.44149017333984,25.2,82.42645263671875,25.200000000000003,29.0569076538086
25.21,66.439697265625,25.21,105.00039672851562,25.21,69.08900451660156,25.210000000000004,82.31928253173828,25.21,27.339916229248047
25.22,66.04454803466797,25.22000000000001,105.28533935546876,25.22000000000001,68.6977310180664,25.22,82.20629119873047,25.22,25.555740356445312
25.23,65.60896301269531,25.230000000000004,105.5795669555664,25.230000000000004,68.30961608886719,25.23,82.09380340576172,25.230000000000004,23.72853279113769
25.24,65.15601348876953,25.24,105.86007690429688,25.24,67.95246124267578,25.24,81.98696899414062,25.24,22.01611328125
25.25,64.73485565185547,25.25,106.13594818115234,25.25,67.57610321044922,25.250000000000004,81.88679504394531,25.25,20.435592651367188
25.26,64.37322998046875,25.260000000000005,106.39470672607422,25.260000000000005,67.18588256835938,25.26,81.80422973632812,25.260000000000005,18.96272659301757
25.270000000000003,64.0887222290039,25.270000000000003,106.65699768066406,25.270000000000003,66.80012512207031,25.27,81.75981903076172,25.270000000000003,17.546846389770508
25.28,63.8104362487793,25.28,106.92601776123048,25.28,66.49626922607422,25.28,81.75765991210938,25.28,16.159337997436523
25.29,63.48258209228516,25.290000000000006,107.15238189697266,25.290000000000006,66.25163269042969,25.290000000000003,81.78543853759766,25.29,14.719085693359377
25.3,63.16597366333008,25.300000000000004,107.3837432861328,25.300000000000004,65.97591400146484,25.3,81.82183837890625,25.300000000000004,13.303767204284668
25.31,62.86404800415039,25.31,107.63153076171876,25.31,65.71582794189453,25.31,81.8534164428711,25.31,12.040597915649414
25.32,62.58624267578125,25.32,107.89105224609376,25.32,65.52793884277344,25.320000000000004,81.88018798828125,25.32,10.831101417541504
25.33,62.34292221069336,25.330000000000005,108.14313507080078,25.330000000000005,65.36579132080078,25.33,81.89410400390625,25.330000000000005,9.713708877563477
25.340000000000003,62.09029006958008,25.340000000000003,108.39508819580078,25.340000000000003,65.16398620605469,25.34,81.884033203125,25.340000000000003,8.796658515930176
25.35,61.89485549926758,25.35,108.65003967285156,25.35,64.95929718017578,25.35,81.86176300048828,25.35,8.071220397949219
25.36,61.73657989501953,25.36,108.89969635009766,25.36,64.76932525634766,25.360000000000003,81.83138275146484,25.36,7.418944358825684
25.37,61.54817581176758,25.370000000000005,109.1355209350586,25.370000000000005,64.57532501220703,25.37,81.80046081542969,25.370000000000005,6.814801692962647
25.380000000000003,61.35133743286133,25.380000000000003,109.35940551757812,25.380000000000003,64.36273193359375,25.38,81.78334045410156,25.380000000000003,6.192087173461914
25.39,61.15827560424805,25.39,109.57170867919922,25.39,64.09375762939453,25.390000000000004,81.79345703125,25.39,5.435144901275635
25.4,60.98762130737305,25.40000000000001,109.77005767822266,25.40000000000001,63.82875061035156,25.4,81.83475494384766,25.40000000000001,4.812381744384766
25.410000000000004,60.848121643066406,25.410000000000004,109.95591735839844,25.410000000000004,63.5771598815918,25.41,81.89320373535156,25.410000000000004,4.364913463592529
25.42,60.72488021850586,25.42,110.13699340820312,25.42,63.32642364501953,25.42,81.9559555053711,25.42,3.961310148239136
25.43,60.61407470703125,25.43,110.30304718017578,25.43,63.07612991333008,25.430000000000003,82.0015869140625,25.43,3.579235315322876
25.44,60.50181198120117,25.440000000000005,110.45833587646484,25.440000000000005,62.84990310668945,25.44,82.0113296508789,25.440000000000005,3.2934067249298096
25.450000000000003,60.41476821899414,25.450000000000003,110.62806701660156,25.450000000000003,62.66753387451172,25.45,81.98458099365234,25.450000000000003,3.003914356231689
25.46,60.33894729614258,25.46,110.8071060180664,25.46,62.50102996826172,25.460000000000004,81.9120864868164,25.46,2.740377426147461
25.47,60.25175857543945,25.47000000000001,110.98082733154295,25.47000000000001,62.30481719970703,25.47,81.8096694946289,25.47,2.6136255264282227
25.48,60.173458099365234,25.480000000000004,111.1566925048828,25.480000000000004,62.13142013549805,25.48,81.7050552368164,25.480000000000004,2.5246846675872803
25.49,60.1146240234375,25.49,111.34269714355467,25.49,61.96700286865234,25.49,81.61400604248047,25.49,2.4371867179870605
25.5,60.065711975097656,25.5,111.52549743652344,25.5,61.83824157714844,25.500000000000004,81.53546142578125,25.5,2.360727310180664
25.51,60.01487350463867,25.510000000000005,111.69458770751952,25.510000000000005,61.725364685058594,25.51,81.47942352294922,25.510000000000005,2.334103584289551
25.520000000000003,59.98274612426758,25.520000000000003,111.85692596435548,25.520000000000003,61.57566833496094,25.52,81.43670654296875,25.520000000000003,2.352170467376709
25.53,59.970848083496094,25.53,112.0091323852539,25.53,61.44511032104492,25.53,81.40583038330078,25.53,2.41111421585083
25.54,59.96172332763672,25.540000000000006,112.152587890625,25.540000000000006,61.3414192199707,25.540000000000003,81.37545013427734,25.54,2.5327489376068115
25.55,59.96569061279297,25.550000000000004,112.2971649169922,25.550000000000004,61.26082992553711,25.55,81.3433609008789,25.550000000000004,2.6702234745025635
25.56,59.98159790039063,25.56,112.44107818603516,25.56,61.20090103149414,25.56,81.31147003173828,25.56,2.835393190383911
25.57,60.03166198730469,25.57,112.58245086669922,25.57,61.168724060058594,25.570000000000004,81.27996063232422,25.57,3.025343179702759
25.58,60.107818603515625,25.580000000000005,112.7283935546875,25.580000000000005,61.15647888183594,25.58,81.25225830078125,25.580000000000005,3.2572274208068848
25.590000000000003,60.2054557800293,25.590000000000003,112.8648910522461,25.590000000000003,61.16168975830078,25.59,81.2271728515625,25.590000000000003,3.512822389602661
25.6,60.32278060913086,25.6,113.00060272216795,25.6,61.19586944580078,25.6,81.2160873413086,25.6,3.771042823791504
25.61,60.443809509277344,25.61,113.13677215576172,25.61,61.24428939819336,25.610000000000003,81.21180725097656,25.61,4.036025524139404
25.62,60.57658386230469,25.620000000000005,113.25711059570312,25.620000000000005,61.29769515991211,25.62,81.21182250976562,25.620000000000005,4.31696891784668
25.630000000000003,60.72125244140625,25.630000000000003,113.33795166015624,25.630000000000003,61.36783981323242,25.63,81.21879577636719,25.630000000000003,4.663088321685791
25.64,60.88483428955078,25.64,113.39124298095705,25.64,61.4790153503418,25.640000000000004,81.23627471923828,25.64,5.058173656463623
25.65,61.07683181762695,25.65000000000001,113.4192352294922,25.65000000000001,61.62248229980469,25.65,81.2590103149414,25.65000000000001,5.4437456130981445
25.660000000000004,61.30268096923828,25.660000000000004,113.43142700195312,25.660000000000004,61.79493713378906,25.66,81.2801513671875,25.660000000000004,5.861540794372559
25.67,61.55955505371094,25.67,113.4356918334961,25.67,61.99757766723633,25.67,81.3037109375,25.67,6.290761947631836
25.68,61.83194351196289,25.68,113.43562316894533,25.68,62.21857452392578,25.680000000000003,81.32565307617188,25.68,6.737755298614502
25.69,62.11091613769531,25.690000000000005,113.43148803710938,25.690000000000005,62.44747543334961,25.69,81.35138702392578,25.690000000000005,7.246809959411621
25.700000000000003,62.39390563964844,25.700000000000003,113.40215301513672,25.700000000000003,62.663047790527344,25.7,81.37791442871094,25.700000000000003,7.761410713195801
25.71,62.69124221801758,25.71,113.34295654296876,25.71,62.87239837646485,25.710000000000004,81.4131851196289,25.71,8.314706802368164
25.72,62.99152374267578,25.72000000000001,113.24982452392578,25.72000000000001,63.100616455078125,25.72,81.46331024169922,25.72,8.90645980834961
25.73,63.304908752441406,25.730000000000004,113.14874267578124,25.730000000000004,63.33561706542969,25.73,81.52840423583984,25.730000000000004,9.563881874084473
25.74,63.60910415649414,25.74,113.05332946777344,25.74,63.57159423828125,25.74,81.5984115600586,25.74,10.320442199707031
25.75,63.93894958496094,25.75,112.9533233642578,25.75,63.82107162475586,25.750000000000004,81.67340850830078,25.75,11.126823425292969
25.76,64.26779174804688,25.760000000000005,112.84339904785156,25.760000000000005,64.09839630126953,25.76,81.75296783447266,25.760000000000005,11.93112564086914
25.770000000000003,64.6041259765625,25.770000000000003,112.71967315673828,25.770000000000003,64.41233825683594,25.77,81.83380889892578,25.770000000000003,12.74056911468506
25.78,64.95135498046875,25.78,112.57479858398438,25.78,64.734375,25.78,81.91354370117188,25.78,13.581141471862791
25.79,65.29209899902344,25.790000000000006,112.41361236572266,25.790000000000006,65.0459976196289,25.790000000000003,81.9956283569336,25.79,14.464205741882324
25.8,65.62970733642578,25.800000000000004,112.23739624023438,25.800000000000004,65.36589050292969,25.8,82.07360076904297,25.800000000000004,15.365079879760742
25.81,65.98129272460938,25.81,112.05420684814452,25.81,65.71356964111328,25.81,82.1420669555664,25.81,16.29644012451172
25.82,66.34172821044922,25.82,111.8664093017578,25.82,66.09956359863281,25.820000000000004,82.20653533935547,25.82,17.268827438354492
25.83,66.69205474853516,25.830000000000005,111.67657470703124,25.830000000000005,66.49471282958984,25.83,82.2701416015625,25.830000000000005,18.27223777770996
25.840000000000003,67.05198669433594,25.840000000000003,111.48046875,25.840000000000003,66.90528869628906,25.84,82.33059692382812,25.840000000000003,19.330224990844727
25.85,67.4092788696289,25.85,111.27195739746094,25.85,67.31990051269531,25.85,82.38453674316406,25.85,20.43635940551757
25.86,67.75779724121094,25.86,111.0590362548828,25.86,67.72129821777344,25.860000000000003,82.43231964111328,25.86,21.607572555541992
25.87,68.12176513671875,25.870000000000005,110.8311004638672,25.870000000000005,68.08082580566406,25.87,82.46907043457031,25.870000000000005,22.83819007873535
25.880000000000003,68.5037612915039,25.880000000000003,110.59856414794922,25.880000000000003,68.44009399414062,25.88,82.50045013427734,25.880000000000003,24.11734199523925
25.89,68.91233825683594,25.89,110.36792755126952,25.89,68.80023956298828,25.890000000000004,82.53511810302734,25.89,25.411067962646484
25.9,69.33877563476562,25.90000000000001,110.13792419433594,25.90000000000001,69.15087127685547,25.9,82.57073974609375,25.90000000000001,26.750385284423828
25.910000000000004,69.77859497070312,25.910000000000004,109.9101104736328,25.910000000000004,69.5058364868164,25.91,82.60850524902344,25.910000000000004,28.13152313232422
25.92,70.23140716552734,25.92,109.69196319580078,25.92,69.8755111694336,25.92,82.64553833007812,25.92,29.56503868103028
25.93,70.6806411743164,25.93,109.47455596923828,25.93,70.29531860351562,25.930000000000003,82.6812515258789,25.93,31.02848625183105
25.94,71.15095520019531,25.940000000000005,109.26033020019533,25.940000000000005,70.74593353271484,25.94,82.71586608886719,25.940000000000005,32.47769927978516
25.950000000000003,71.65731811523438,25.950000000000003,109.0516128540039,25.950000000000003,71.19407653808594,25.95,82.7549819946289,25.950000000000003,33.9490966796875
25.96,72.19401550292969,25.96,108.85506439208984,25.96,71.66310119628906,25.960000000000004,82.80493927001953,25.96,35.4238166809082
25.97,72.751220703125,25.97000000000001,108.66944122314452,25.97000000000001,72.14816284179688,25.97,82.86274719238281,25.97,36.878814697265625
25.98,73.31330871582031,25.980000000000004,108.4780731201172,25.980000000000004,72.66809844970703,25.98,82.91850280761719,25.980000000000004,38.34452438354492
25.99,73.89218139648438,25.99,108.29595184326172,25.99,73.18291473388672,25.99,82.96803283691406,25.99,39.770751953125
26.0,74.49009704589844,26.0,108.1082763671875,26.0,73.69042205810547,26.000000000000004,83.01189422607422,26.0,41.20311737060547
26.01,75.08833312988281,26.010000000000005,107.92229461669922,26.010000000000005,74.21983337402344,26.01,83.05548858642578,26.010000000000005,42.6367301940918
26.020000000000003,75.69610595703125,26.020000000000003,107.74768829345705,26.020000000000003,74.79911041259766,26.02,83.10993194580078,26.020000000000003,44.06416702270508
26.03,76.3576431274414,26.03,107.5775909423828,26.03,75.41253662109375,26.03,83.18357849121094,26.03,45.49273300170898
26.04,77.03984069824219,26.040000000000006,107.40359497070312,26.040000000000006,76.01740264892578,26.040000000000003,83.27308654785156,26.04,46.9320068359375
26.05,77.72026062011719,26.050000000000004,107.22412109375,26.050000000000004,76.65579986572266,26.05,83.37017059326172,26.050000000000004,48.36117935180664
26.06,78.40275573730469,26.06,107.03996276855467,26.06,77.32792663574219,26.06,83.46717834472656,26.06,49.77783966064453
26.07,79.0859146118164,26.07,106.85641479492188,26.07,78.03858184814453,26.070000000000004,83.56564331054688,26.07,51.15165328979492
26.08,79.75840759277344,26.080000000000005,106.67781066894533,26.080000000000005,78.76560974121094,26.08,83.65814971923828,26.080000000000005,52.51172256469727
26.090000000000003,80.4538803100586,26.090000000000003,106.4997787475586,26.090000000000003,79.5758056640625,26.09,83.73123168945312,26.090000000000003,53.847206115722656
26.1,81.15988159179688,26.1,106.32500457763672,26.1,80.39642333984375,26.1,83.78137969970703,26.1,55.193756103515625
26.11,81.89957427978516,26.11,106.14264678955078,26.11,81.18843841552734,26.110000000000003,83.80540466308594,26.11,56.50724792480469
26.12,82.65947723388672,26.120000000000005,105.96044158935548,26.120000000000005,81.95602416992188,26.12,83.81376647949219,26.120000000000005,57.8072624206543
26.130000000000003,83.3857192993164,26.130000000000003,105.7865753173828,26.130000000000003,82.70299530029297,26.13,83.81450653076172,26.130000000000003,59.10428237915039
26.14,84.10690307617188,26.14,105.61581420898438,26.14,83.40948486328125,26.140000000000004,83.81419372558594,26.14,60.4078483581543
26.15,84.80628967285156,26.15000000000001,105.45503997802734,26.15000000000001,84.0920639038086,26.15,83.81431579589844,26.15000000000001,61.70451354980469
26.160000000000004,85.47675323486328,26.160000000000004,105.29531860351562,26.160000000000004,84.77257537841797,26.16,83.81723022460938,26.160000000000004,62.98806381225586
26.17,86.17119598388672,26.17,105.1259994506836,26.17,85.39401245117188,26.17,83.82167053222656,26.17,64.24060821533203
26.18,86.87798309326172,26.18,104.96614074707033,26.18,85.97637939453125,26.180000000000003,83.8260269165039,26.18,65.4685287475586
26.19,87.5376205444336,26.190000000000005,104.81401824951172,26.190000000000005,86.53384399414062,26.19,83.83165740966797,26.190000000000005,66.66258239746094
26.200000000000003,88.1592025756836,26.200000000000003,104.67569732666016,26.200000000000003,87.08043670654297,26.2,83.83794403076172,26.200000000000003,67.82360076904297
26.21,88.75117492675781,26.21,104.5521240234375,26.21,87.56822967529297,26.210000000000004,83.84794616699219,26.21,68.9166259765625
26.22,89.3205337524414,26.22000000000001,104.39571380615234,26.22000000000001,88.0262680053711,26.22,83.86491394042969,26.22,69.94915771484375
26.23,89.86344146728516,26.230000000000004,104.2154541015625,26.230000000000004,88.43941497802734,26.23,83.89073944091797,26.230000000000004,70.93595123291016
26.24,90.38744354248048,26.24,104.02728271484376,26.24,88.80297088623047,26.24,83.91779327392578,26.24,71.81640625
26.25,90.90951538085938,26.25,103.84642028808594,26.25,89.07579040527344,26.250000000000004,83.9478759765625,26.25,72.64579772949219
26.26,91.37197875976562,26.260000000000005,103.6724624633789,26.260000000000005,89.36080932617188,26.26,83.98148345947266,26.260000000000005,73.54376983642578
26.270000000000003,91.79759216308594,26.270000000000003,103.51722717285156,26.270000000000003,89.65815734863281,26.27,84.02287292480469,26.270000000000003,74.61507415771484
26.28,92.17847442626952,26.28,103.38066864013672,26.28,89.92195892333984,26.28,84.07528686523438,26.28,75.64147186279297
26.29,92.4963150024414,26.290000000000006,103.2499542236328,26.290000000000006,90.13804626464844,26.290000000000003,84.13553619384766,26.29,76.5164794921875
26.3,92.82174682617188,26.300000000000004,103.1525421142578,26.300000000000004,90.34261322021484,26.3,84.19274139404297,26.300000000000004,77.30389404296875
26.31,93.08513641357422,26.31,103.05626678466795,26.31,90.56437683105467,26.31,84.24290466308594,26.31,78.05828094482422
26.32,93.29495239257812,26.32,102.97002410888672,26.32,90.81809997558594,26.320000000000004,84.28816986083984,26.32,78.80638122558594
26.33,93.51502227783205,26.330000000000005,102.88817596435548,26.330000000000005,91.02800750732422,26.33,84.32378387451172,26.330000000000005,79.5683822631836
26.340000000000003,93.72208404541016,26.340000000000003,102.80540466308594,26.340000000000003,91.25135803222656,26.34,84.35389709472656,26.340000000000003,80.39515686035156
26.35,93.90299987792967,26.35,102.73136901855467,26.35,91.44727325439452,26.35,84.37739562988281,26.35,81.3648910522461
26.36,94.07794952392578,26.36,102.66458129882812,26.36,91.62969970703124,26.360000000000003,84.39695739746094,26.36,82.39501953125
26.37,94.27220153808594,26.370000000000005,102.59941864013672,26.370000000000005,91.79396057128906,26.37,84.4149169921875,26.370000000000005,83.47454071044922
26.380000000000003,94.45581817626952,26.380000000000003,102.55384826660156,26.380000000000003,91.9410629272461,26.38,84.43284606933594,26.380000000000003,84.5477294921875
26.39,94.61382293701172,26.39,102.52627563476562,26.39,92.09029388427734,26.390000000000004,84.44943237304688,26.39,85.47225189208984
26.4,94.79161071777344,26.40000000000001,102.53069305419922,26.40000000000001,92.24982452392578,26.4,84.46300506591797,26.40000000000001,86.30208587646484
26.410000000000004,94.98788452148438,26.410000000000004,102.55793762207033,26.410000000000004,92.37472534179688,26.41,84.47589111328125,26.410000000000004,87.05352020263672
26.42,95.17276000976562,26.42,102.58424377441406,26.42,92.50122833251952,26.42,84.48546600341797,26.42,87.78234100341797
26.43,95.35073852539062,26.43,102.6343002319336,26.43,92.6391830444336,26.430000000000003,84.49238586425781,26.43,88.5119400024414
26.44,95.53045654296876,26.440000000000005,102.6902313232422,26.440000000000005,92.786376953125,26.44,84.49539947509766,26.440000000000005,89.16118621826172
26.450000000000003,95.68246459960938,26.450000000000003,102.73125457763672,26.450000000000003,92.9244155883789,26.45,84.49710083007812,26.450000000000003,89.75963592529297
26.46,95.78594970703124,26.46,102.77067565917967,26.46,93.06226348876952,26.460000000000004,84.49626159667969,26.46,90.31207275390624
26.47,95.87986755371094,26.47000000000001,102.81786346435548,26.47000000000001,93.21212768554688,26.47,84.49292755126953,26.47,90.81182098388672
26.48,95.98212432861328,26.480000000000004,102.87229919433594,26.480000000000004,93.39759063720705,26.48,84.49092864990234,26.480000000000004,91.32243347167967
26.49,96.05535125732422,26.49,102.92160034179688,26.49,93.55982971191406,26.49,84.48814392089844,26.49,91.83786010742188
26.5,96.1225357055664,26.5,102.95349884033205,26.5,93.67127227783205,26.500000000000004,84.4789047241211,26.5,92.35717010498048
26.51,96.1769561767578,26.510000000000005,102.974365234375,26.510000000000005,93.70980072021484,26.51,84.46884155273438,26.510000000000005,92.88394927978516
26.520000000000003,96.21726989746094,26.520000000000003,102.97537231445312,26.520000000000003,93.7358169555664,26.52,84.46366119384766,26.520000000000003,93.42005920410156
26.53,96.25566864013672,26.53,102.9726104736328,26.53,93.7660903930664,26.53,84.45635986328125,26.53,93.93092346191406
26.54,96.27320098876952,26.540000000000006,102.95474243164062,26.540000000000006,93.79432678222656,26.540000000000003,84.44508361816406,26.54,94.41569519042967
26.55,96.2855987548828,26.550000000000004,102.93328857421876,26.550000000000004,93.82007598876952,26.55,84.42950439453125,26.550000000000004,94.83453369140624
26.56,96.29499053955078,26.56,102.91486358642578,26.56,93.8527374267578,26.56,84.40717315673828,26.56,95.22991180419922
26.57,96.30176544189452,26.57,102.89960479736328,26.57,93.88803100585938,26.570000000000004,84.3806381225586,26.57,95.6204605102539
26.58,96.29729461669922,26.580000000000005,102.89728546142578,26.580000000000005,93.91485595703124,26.58,84.3511962890625,26.580000000000005,95.96585845947266
26.590000000000003,96.28504180908205,26.590000000000003,102.90558624267578,26.590000000000003,93.94190979003906,26.59,84.32015228271484,26.590000000000003,96.27249145507812
26.6,96.2990493774414,26.6,102.92884063720705,26.6,93.9719467163086,26.6,84.29021453857422,26.6,96.5356216430664
26.61,96.34561157226562,26.61,102.96662902832033,26.61,94.00709533691406,26.610000000000003,84.26177978515625,26.61,96.76378631591795
26.62,96.393310546875,26.620000000000005,103.00953674316406,26.620000000000005,94.05548858642578,26.62,84.23506164550781,26.620000000000005,96.96461486816406
26.630000000000003,96.47643280029295,26.630000000000003,103.04618072509766,26.630000000000003,94.10613250732422,26.63,84.21430969238281,26.630000000000003,97.15367126464844
26.64,96.54582977294922,26.64,103.09618377685548,26.64,94.14783477783205,26.640000000000004,84.20234680175781,26.64,97.318603515625
26.65,96.61849212646484,26.65000000000001,103.15978240966795,26.65000000000001,94.18841552734376,26.65,84.19935607910156,26.65000000000001,97.46526336669922
26.660000000000004,96.68719482421876,26.660000000000004,103.22222900390624,26.660000000000004,94.24104309082033,26.66,84.20537567138672,26.660000000000004,97.57325744628906
26.67,96.75019073486328,26.67,103.28245544433594,26.67,94.29501342773438,26.67,84.22321319580078,26.67,97.64486694335938
26.68,96.80994415283205,26.68,103.34297943115234,26.68,94.32171630859376,26.680000000000003,84.24635314941406,26.68,97.69429779052734
26.69,96.8733367919922,26.690000000000005,103.39054870605467,26.690000000000005,94.35272979736328,26.69,84.27555847167969,26.690000000000005,97.72257232666016
26.700000000000003,96.93280792236328,26.700000000000003,103.418701171875,26.700000000000003,94.39054870605467,26.7,84.30848693847656,26.700000000000003,97.74090576171876
26.71,96.975341796875,26.71,103.43016052246094,26.71,94.41170501708984,26.710000000000004,84.33472442626953,26.71,97.74781799316406
26.72,96.9985580444336,26.72000000000001,103.43506622314452,26.72000000000001,94.42556762695312,26.72,84.35706329345703,26.72,97.75223541259766
26.73,97.01042175292967,26.730000000000004,103.4299774169922,26.730000000000004,94.4298858642578,26.73,84.37649536132812,26.730000000000004,97.74968719482422
26.74,97.02037048339844,26.74,103.4147491455078,26.74,94.41780090332033,26.74,84.3948745727539,26.74,97.74301147460938
26.75,97.0193862915039,26.75,103.4098663330078,26.75,94.41610717773438,26.750000000000004,84.41067504882812,26.75,97.72887420654295
26.76,97.01359558105467,26.760000000000005,103.40631103515624,26.760000000000005,94.4188461303711,26.76,84.43075561523438,26.760000000000005,97.6858367919922
26.770000000000003,97.00155639648438,26.770000000000003,103.38336944580078,26.770000000000003,94.41614532470705,26.77,84.4480209350586,26.770000000000003,97.64231872558594
26.78,96.9898910522461,26.78,103.36151885986328,26.78,94.40267944335938,26.78,84.4619369506836,26.78,97.60166931152344
26.79,96.97737121582033,26.790000000000006,103.34314727783205,26.790000000000006,94.39793395996094,26.790000000000003,84.47154998779297,26.79,97.54851531982422
26.8,96.95415496826172,26.800000000000004,103.3289794921875,26.800000000000004,94.38753509521484,26.8,84.4773178100586,26.800000000000004,97.49915313720705
26.81,96.93026733398438,26.81,103.323486328125,26.81,94.37361907958984,26.81,84.477294921875,26.81,97.46544647216795
26.82,96.90276336669922,26.82,103.32135772705078,26.82,94.36595916748048,26.820000000000004,84.47451782226562,26.82,97.42189025878906
26.83,96.86882781982422,26.830000000000005,103.31828308105467,26.830000000000005,94.36285400390624,26.83,84.4731674194336,26.830000000000005,97.3758773803711
26.840000000000003,96.83187866210938,26.840000000000003,103.32479095458984,26.840000000000003,94.35933685302734,26.84,84.46746063232422,26.840000000000003,97.32858276367188
26.85,96.7949447631836,26.85,103.33069610595705,26.85,94.35447692871094,26.85,84.46257019042969,26.85,97.28840637207033
26.86,96.75535583496094,26.86,103.33949279785156,26.86,94.35162353515624,26.860000000000003,84.45745086669922,26.86,97.25933074951172
26.87,96.71915435791016,26.870000000000005,103.35191345214844,26.870000000000005,94.34774780273438,26.87,84.46178436279297,26.870000000000005,97.23110961914062
26.880000000000003,96.68406677246094,26.880000000000003,103.3673858642578,26.880000000000003,94.34451293945312,26.88,84.46531677246094,26.880000000000003,97.20275115966795
26.89,96.64749908447266,26.89,103.3763198852539,26.89,94.35714721679688,26.890000000000004,84.476318359375,26.89,97.17253875732422
26.9,96.6139907836914,26.90000000000001,103.38489532470705,26.90000000000001,94.3833236694336,26.9,84.48518371582031,26.90000000000001,97.12985229492188
26.910000000000004,96.59361267089844,26.910000000000004,103.39312744140624,26.910000000000004,94.39556884765624,26.91,84.49237823486328,26.910000000000004,97.08580780029295
26.92,96.57643127441406,26.92,103.4030303955078,26.92,94.40619659423828,26.92,84.49720764160156,26.92,97.04150390625
26.93,96.54773712158205,26.93,103.41095733642578,26.93,94.4100570678711,26.930000000000003,84.50624084472656,26.93,96.99397277832033
26.94,96.52434539794922,26.940000000000005,103.41594696044922,26.940000000000005,94.4162139892578,26.94,84.51907348632812,26.940000000000005,96.94796752929688
26.950000000000003,96.51565551757812,26.950000000000003,103.4181137084961,26.950000000000003,94.42739868164062,26.95,84.5350570678711,26.950000000000003,96.90665435791016
26.96,96.50882720947266,26.96,103.42073822021484,26.96,94.4382781982422,26.960000000000004,84.5499038696289,26.96,96.86613464355467
26.97,96.5055694580078,26.97000000000001,103.42186737060548,26.97000000000001,94.44982147216795,26.97,84.5640869140625,26.97,96.82749938964844
26.98,96.50453186035156,26.980000000000004,103.43392944335938,26.980000000000004,94.4602508544922,26.98,84.5770492553711,26.980000000000004,96.79327392578124
26.99,96.50525665283205,26.99,103.45144653320312,26.99,94.46395111083984,26.99,84.58711242675781,26.99,96.75897216796876
27.0,96.49720001220705,27.0,103.47816467285156,27.0,94.46247863769533,27.000000000000004,84.5951156616211,27.0,96.72705078125
27.01,96.46929931640624,27.010000000000005,103.48949432373048,27.010000000000005,94.46244049072266,27.01,84.60169982910156,27.010000000000005,96.69354248046876
27.020000000000003,96.4337387084961,27.020000000000003,103.49059295654295,27.020000000000003,94.46015167236328,27.02,84.60548400878906,27.020000000000003,96.65802764892578
27.03,96.39067840576172,27.03,103.48760223388672,27.03,94.45761108398438,27.03,84.60991668701172,27.03,96.62137603759766
27.04,96.35856628417967,27.040000000000006,103.48328399658205,27.040000000000006,94.44966888427734,27.040000000000003,84.6136474609375,27.04,96.58607482910156
27.05,96.30328369140624,27.050000000000004,103.48426818847656,27.050000000000004,94.4427719116211,27.05,84.61756896972656,27.050000000000004,96.5514678955078
27.06,96.29456329345705,27.06,103.48963165283205,27.06,94.43599700927734,27.06,84.61912536621094,27.06,96.51329803466795
27.07,96.28501892089844,27.07,103.49032592773438,27.07,94.43125915527344,27.070000000000004,84.62451171875,27.07,96.4727783203125
27.08,96.2720184326172,27.080000000000005,103.48721313476562,27.080000000000005,94.42008972167967,27.08,84.6304702758789,27.080000000000005,96.43624877929688
27.090000000000003,96.2578353881836,27.090000000000003,103.47763061523438,27.090000000000003,94.40762329101562,27.09,84.63614654541016,27.090000000000003,96.40144348144533
27.1,96.2472686767578,27.1,103.47102355957033,27.1,94.39295196533205,27.1,84.6363296508789,27.1,96.36834716796876
27.11,96.24177551269533,27.11,103.4625244140625,27.11,94.37854766845705,27.110000000000003,84.6368179321289,27.11,96.33528137207033
27.12,96.24113464355467,27.120000000000005,103.45305633544922,27.120000000000005,94.36421966552734,27.12,84.6345443725586,27.120000000000005,96.30643463134766
27.130000000000003,96.23880004882812,27.130000000000003,103.4457778930664,27.130000000000003,94.34661102294922,27.13,84.62823486328125,27.130000000000003,96.28599548339844
27.14,96.23196411132812,27.14,103.43419647216795,27.14,94.320068359375,27.140000000000004,84.62174987792969,27.14,96.269775390625
27.15,96.22764587402344,27.15000000000001,103.42192840576172,27.15000000000001,94.29734802246094,27.15,84.61466979980469,27.15000000000001,96.25455474853516
27.160000000000004,96.21868133544922,27.160000000000004,103.40740203857422,27.160000000000004,94.28101348876952,27.16,84.60589599609375,27.160000000000004,96.2419662475586
27.17,96.20361328125,27.17,103.39846801757812,27.17,94.2632827758789,27.17,84.5968017578125,27.17,96.22772216796876
27.18,96.19132995605467,27.18,103.39401245117188,27.18,94.2421646118164,27.180000000000003,84.58567810058594,27.18,96.2136459350586
27.19,96.1833953857422,27.190000000000005,103.39079284667967,27.190000000000005,94.21720123291016,27.19,84.57137298583984,27.190000000000005,96.2042465209961
27.200000000000003,96.18406677246094,27.200000000000003,103.39576721191406,27.200000000000003,94.19081115722656,27.2,84.55518341064453,27.200000000000003,96.20037078857422
27.21,96.18903350830078,27.21,103.3907699584961,27.21,94.16481018066406,27.210000000000004,84.53825378417969,27.21,96.20173645019533
27.22,96.19510650634766,27.22000000000001,103.38289642333984,27.22000000000001,94.13705444335938,27.22,84.51983642578125,27.22,96.21334838867188
27.23,96.2005615234375,27.230000000000004,103.37583923339844,27.230000000000004,94.10779571533205,27.23,84.49628448486328,27.230000000000004,96.22823333740234
27.24,96.21027374267578,27.24,103.37760162353516,27.24,94.08250427246094,27.24,84.46802520751953,27.24,96.2473602294922
27.25,96.22488403320312,27.25,103.38664245605467,27.25,94.0554428100586,27.250000000000004,84.437744140625,27.25,96.27405548095705
27.26,96.24549865722656,27.260000000000005,103.39865112304688,27.260000000000005,94.02565002441406,27.26,84.4089126586914,27.260000000000005,96.30560302734376
27.270000000000003,96.2576904296875,27.270000000000003,103.4080581665039,27.270000000000003,93.9956283569336,27.27,84.38255310058594,27.270000000000003,96.34318542480467
27.28,96.2547378540039,27.28,103.42243194580078,27.28,93.96823120117188,27.28,84.36048126220703,27.28,96.38607025146484
27.29,96.24435424804688,27.290000000000006,103.43573760986328,27.290000000000006,93.94925689697266,27.290000000000003,84.33456420898438,27.29,96.43000793457033
27.3,96.23897552490234,27.300000000000004,103.44712829589844,27.300000000000004,93.93561553955078,27.3,84.30792999267578,27.300000000000004,96.47481536865234
27.31,96.2346649169922,27.31,103.45813751220705,27.31,93.9206085205078,27.31,84.28230285644531,27.31,96.517578125
27.32,96.23611450195312,27.32,103.46673583984376,27.32,93.90218353271484,27.320000000000004,84.25533294677734,27.32,96.56253814697266
27.33,96.23445892333984,27.330000000000005,103.47945404052734,27.330000000000005,93.88013458251952,27.33,84.2326889038086,27.330000000000005,96.61338806152344
27.340000000000003,96.2262191772461,27.340000000000003,103.49065399169922,27.340000000000003,93.8621063232422,27.34,84.21686553955078,27.340000000000003,96.66822814941406
27.35,96.2205581665039,27.35,103.4925308227539,27.35,93.84577941894533,27.35,84.20376586914062,27.35,96.71782684326172
27.36,96.21491241455078,27.36,103.48834991455078,27.36,93.8249053955078,27.360000000000003,84.1959457397461,27.36,96.76087951660156
27.37,96.2010269165039,27.370000000000005,103.47785949707033,27.370000000000005,93.8069839477539,27.37,84.19097900390625,27.370000000000005,96.79772186279295
27.380000000000003,96.19991302490234,27.380000000000003,103.4908676147461,27.380000000000003,93.79145050048828,27.38,84.1923828125,27.380000000000003,96.837158203125
27.39,96.19993591308594,27.39,103.50701141357422,27.39,93.7784652709961,27.390000000000004,84.19700622558594,27.39,96.87471771240234
27.4,96.21086883544922,27.40000000000001,103.52779388427734,27.40000000000001,93.76252746582033,27.4,84.20146179199219,27.40000000000001,96.9108657836914
27.410000000000004,96.22801208496094,27.410000000000004,103.55045318603516,27.410000000000004,93.75328826904295,27.41,84.20476531982422,27.410000000000004,96.9459457397461
27.42,96.24827575683594,27.42,103.57156372070312,27.42,93.74421691894533,27.42,84.20877075195312,27.42,96.978759765625
27.43,96.25591278076172,27.43,103.59219360351562,27.43,93.73023223876952,27.430000000000003,84.2132797241211,27.43,97.01201629638672
27.44,96.25666809082033,27.440000000000005,103.61125183105467,27.440000000000005,93.72096252441406,27.44,84.21569061279297,27.440000000000005,97.04553985595705
27.450000000000003,96.25221252441406,27.450000000000003,103.64117431640624,27.450000000000003,93.70860290527344,27.45,84.22187042236328,27.450000000000003,97.08089447021484
27.46,96.2435302734375,27.46,103.68310546875,27.46,93.69568634033205,27.460000000000004,84.22704315185547,27.46,97.11573791503906
27.47,96.23294830322266,27.47000000000001,103.7295379638672,27.47000000000001,93.6844711303711,27.47,84.23528289794922,27.47,97.1518096923828
27.48,96.2118682861328,27.480000000000004,103.7632827758789,27.480000000000004,93.67645263671876,27.48,84.24491119384766,27.480000000000004,97.18787384033205
27.49,96.1960220336914,27.49,103.80695343017578,27.49,93.67224884033205,27.49,84.25456237792969,27.49,97.22248840332033
27.5,96.18344116210938,27.5,103.83721160888672,27.5,93.66460418701172,27.500000000000004,84.26296997070312,27.5,97.25535583496094
27.51,96.17475128173828,27.510000000000005,103.85395050048828,27.510000000000005,93.65325164794922,27.51,84.2729263305664,27.510000000000005,97.28588104248048
27.520000000000003,96.16497802734376,27.520000000000003,103.86534118652344,27.520000000000003,93.64523315429688,27.52,84.28456115722656,27.520000000000003,97.3135757446289
27.53,96.14706420898438,27.53,103.87271881103516,27.53,93.64319610595705,27.53,84.2962646484375,27.53,97.3375015258789
27.54,96.12445068359376,27.540000000000006,103.87627410888672,27.540000000000006,93.6358871459961,27.540000000000003,84.30973815917969,27.54,97.35836029052734
27.55,96.1022491455078,27.550000000000004,103.88056182861328,27.550000000000004,93.63092041015624,27.55,84.32359313964844,27.550000000000004,97.37459564208984
27.56,96.08145904541016,27.56,103.89350128173828,27.56,93.63096618652344,27.56,84.33866882324219,27.56,97.38844299316406
27.57,96.05630493164062,27.57,103.90091705322266,27.57,93.6364288330078,27.570000000000004,84.35344696044922,27.57,97.39620971679688
27.58,96.03982543945312,27.580000000000005,103.91793823242188,27.580000000000005,93.63799285888672,27.58,84.36997985839844,27.580000000000005,97.40243530273438
27.590000000000003,96.02328491210938,27.590000000000003,103.92335510253906,27.590000000000003,93.62843322753906,27.59,84.38655090332031,27.590000000000003,97.40902709960938
27.6,95.9992904663086,27.6,103.92656707763672,27.6,93.6081771850586,27.6,84.40293884277344,27.6,97.41676330566406
27.61,95.98213958740234,27.61,103.9275131225586,27.61,93.58477020263672,27.610000000000003,84.42046356201172,27.61,97.4250030517578
27.62,95.9599838256836,27.620000000000005,103.93040466308594,27.620000000000005,93.56646728515624,27.62,84.43550109863281,27.620000000000005,97.43207550048828
27.630000000000003,95.9347915649414,27.630000000000003,103.93072509765624,27.630000000000003,93.55216217041016,27.63,84.44843292236328,27.630000000000003,97.43954467773438
27.64,95.91123962402344,27.64,103.93913269042967,27.64,93.54346466064452,27.640000000000004,84.4576187133789,27.64,97.447265625
27.65,95.8997573852539,27.65000000000001,103.95437622070312,27.65000000000001,93.54231262207033,27.65,84.46475219726562,27.65000000000001,97.45193481445312
27.660000000000004,95.88472747802734,27.660000000000004,103.95860290527344,27.660000000000004,93.54542541503906,27.66,84.47216796875,27.660000000000004,97.45421600341795
27.67,95.86791229248048,27.67,103.96514129638672,27.67,93.54573059082033,27.67,84.47911834716797,27.67,97.45513916015624
27.68,95.8502197265625,27.68,103.9679718017578,27.68,93.54792785644533,27.680000000000003,84.48684692382812,27.68,97.45274353027344
27.69,95.83126068115234,27.690000000000005,103.97016143798828,27.690000000000005,93.5536117553711,27.69,84.49526977539062,27.690000000000005,97.45172119140624
27.700000000000003,95.81244659423828,27.700000000000003,103.97440338134766,27.700000000000003,93.55657196044922,27.7,84.50250244140625,27.700000000000003,97.45108795166016
27.71,95.79505157470705,27.71,103.9826202392578,27.71,93.5547103881836,27.710000000000004,84.50817108154297,27.71,97.44596862792967
27.72,95.77759552001952,27.72000000000001,103.98688507080078,27.72000000000001,93.5514144897461,27.72,84.515380859375,27.72,97.43648529052734
27.73,95.76284790039062,27.730000000000004,103.98702239990234,27.730000000000004,93.5540542602539,27.73,84.5252914428711,27.730000000000004,97.427978515625
27.74,95.74610137939452,27.74,103.9870834350586,27.74,93.56324768066406,27.74,84.53597259521484,27.74,97.4173355102539
27.75,95.72295379638672,27.75,103.98509979248048,27.75,93.57526397705078,27.750000000000004,84.54463958740234,27.75,97.4044189453125
27.76,95.7034683227539,27.760000000000005,103.98543548583984,27.760000000000005,93.5864715576172,27.76,84.5530014038086,27.760000000000005,97.39207458496094
27.770000000000003,95.68690490722656,27.770000000000003,103.9845962524414,27.770000000000003,93.59493255615234,27.77,84.56466674804688,27.770000000000003,97.3755340576172
27.78,95.66439056396484,27.78,103.98597717285156,27.78,93.59354400634766,27.78,84.57447052001953,27.78,97.35663604736328
27.79,95.63908386230467,27.790000000000006,103.98746490478516,27.790000000000006,93.59149932861328,27.790000000000003,84.58495330810547,27.79,97.33216857910156
27.8,95.61558532714844,27.800000000000004,103.98392486572266,27.800000000000004,93.5949935913086,27.8,84.5954818725586,27.800000000000004,97.3041534423828
27.81,95.59616088867188,27.81,103.98336029052734,27.81,93.62230682373048,27.81,84.60748291015625,27.81,97.27410888671876
27.82,95.57930755615234,27.82,103.98011016845705,27.82,93.63622283935548,27.820000000000004,84.62096405029297,27.82,97.23885345458984
27.83,95.5659408569336,27.830000000000005,103.9778823852539,27.830000000000005,93.64445495605467,27.83,84.6368408203125,27.830000000000005,97.19991302490234
27.840000000000003,95.55534362792967,27.840000000000003,103.97228240966795,27.840000000000003,93.6482925415039,27.84,84.65247344970703,27.840000000000003,97.15917205810548
27.85,95.55036926269533,27.85,103.97557830810548,27.85,93.64088439941406,27.85,84.6679916381836,27.85,97.11803436279295
27.86,95.54539489746094,27.86,103.97883605957033,27.86,93.62252044677734,27.860000000000003,84.68406677246094,27.86,97.07811737060548
27.87,95.53162384033205,27.870000000000005,103.9810791015625,27.870000000000005,93.6100082397461,27.87,84.70166015625,27.870000000000005,97.0418701171875
27.880000000000003,95.5182647705078,27.880000000000003,103.98442840576172,27.880000000000003,93.5937271118164,27.88,84.71793365478516,27.880000000000003,97.00640106201172
27.89,95.50209045410156,27.89,103.98519897460938,27.89,93.56446075439452,27.890000000000004,84.73641204833984,27.89,96.97007751464844
27.9,95.48562622070312,27.90000000000001,103.98453521728516,27.90000000000001,93.5316390991211,27.9,84.75434112548828,27.90000000000001,96.93170166015624
27.910000000000004,95.46186065673828,27.910000000000004,103.98352813720705,27.910000000000004,93.50340270996094,27.91,84.77083587646484,27.910000000000004,96.9033203125
27.92,95.44010162353516,27.92,103.98210144042967,27.92,93.47769165039062,27.92,84.78306579589844,27.92,96.86577606201172
27.93,95.42379760742188,27.93,103.98165130615234,27.93,93.452392578125,27.930000000000003,84.78903198242188,27.93,96.83071899414062
27.94,95.40203857421876,27.940000000000005,103.98285675048828,27.940000000000005,93.42241668701172,27.94,84.79116821289062,27.940000000000005,96.7970733642578
27.950000000000003,95.38079071044922,27.950000000000003,103.9999008178711,27.950000000000003,93.3857879638672,27.95,84.7896957397461,27.950000000000003,96.76724243164062
27.96,95.35720825195312,27.96,104.00171661376952,27.96,93.35017395019533,27.960000000000004,84.78669738769531,27.96,96.74104309082033
27.97,95.335205078125,27.97000000000001,103.99776458740234,27.97000000000001,93.30166625976562,27.97,84.78192138671875,27.97,96.71552276611328
27.98,95.31240844726562,27.980000000000004,103.98601531982422,27.980000000000004,93.24598693847656,27.98,84.77543640136719,27.980000000000004,96.6860580444336
27.99,95.28097534179688,27.99,103.98312377929688,27.99,93.19056701660156,27.99,84.76847839355469,27.99,96.6604461669922
28.0,95.24726104736328,28.0,103.98287200927734,28.0,93.1162338256836,28.000000000000004,84.7602310180664,28.0,96.63292694091795
28.01,95.20909118652344,28.010000000000005,103.96707153320312,28.010000000000005,93.03643798828124,28.01,84.75118255615234,28.010000000000005,96.60884857177734
28.020000000000003,95.1610336303711,28.020000000000003,103.95648956298828,28.020000000000003,92.95176696777344,28.02,84.74028015136719,28.020000000000003,96.5986328125
28.03,95.10213470458984,28.03,103.94505310058594,28.03,92.8558578491211,28.03,84.72835540771484,28.03,96.5968246459961
28.04,95.02825927734376,28.040000000000006,103.91793823242188,28.040000000000006,92.77009582519533,28.040000000000003,84.72056579589844,28.04,96.60704040527344
28.05,94.95126342773438,28.050000000000004,103.90897369384766,28.050000000000004,92.6958465576172,28.05,84.71255493164062,28.050000000000004,96.64546966552734
28.06,94.8825454711914,28.06,103.90155792236328,28.06,92.61629486083984,28.06,84.70999145507812,28.06,96.68035125732422
28.07,94.81049346923828,28.07,103.90239715576172,28.07,92.53060913085938,28.070000000000004,84.71299743652344,28.07,96.69956970214844
28.08,94.74958801269533,28.080000000000005,103.91413116455078,28.080000000000005,92.44456481933594,28.08,84.72335052490234,28.080000000000005,96.70663452148438
28.090000000000003,94.7084503173828,28.090000000000003,103.92721557617188,28.090000000000003,92.36896514892578,28.09,84.74011993408203,28.090000000000003,96.69480895996094
28.1,94.66867065429688,28.1,103.94903564453124,28.1,92.31012725830078,28.1,84.76242065429688,28.1,96.66453552246094
28.11,94.64802551269533,28.11,103.97386169433594,28.11,92.25222778320312,28.110000000000003,84.78894805908203,28.11,96.61847686767578
28.12,94.6573715209961,28.120000000000005,104.00469207763672,28.120000000000005,92.18521881103516,28.12,84.81782531738281,28.120000000000005,96.5398406982422
28.130000000000003,94.66716766357422,28.130000000000003,104.03904724121094,28.130000000000003,92.1341781616211,28.13,84.84859466552734,28.130000000000003,96.4324951171875
28.14,94.67208099365234,28.14,104.07608032226562,28.14,92.0839385986328,28.140000000000004,84.88098907470703,28.14,96.30280303955078
28.15,94.67864227294922,28.15000000000001,104.10523223876952,28.15000000000001,92.02324676513672,28.15,84.91644287109375,28.15000000000001,96.1507797241211
28.160000000000004,94.69264221191406,28.160000000000004,104.12449645996094,28.160000000000004,91.96419525146484,28.16,84.94906616210938,28.160000000000004,95.98329162597656
28.17,94.69583129882812,28.17,104.134521484375,28.17,91.90886688232422,28.17,84.98352813720703,28.17,95.78927612304688
28.18,94.68611145019533,28.18,104.12798309326172,28.18,91.84618377685548,28.180000000000003,85.01531219482422,28.18,95.5707778930664
28.19,94.6659164428711,28.190000000000005,104.1123046875,28.190000000000005,91.76573181152344,28.19,85.04376983642578,28.190000000000005,95.32842254638672
28.200000000000003,94.6379623413086,28.200000000000003,104.08053588867188,28.200000000000003,91.68002319335938,28.2,85.07115936279297,28.200000000000003,95.05809783935548
28.21,94.60475158691406,28.21,104.03971099853516,28.21,91.5878448486328,28.210000000000004,85.09827423095703,28.21,94.76651000976562
28.22,94.55779266357422,28.22000000000001,103.98953247070312,28.22000000000001,91.47554779052734,28.22,85.12251281738281,28.22,94.44602966308594
28.23,94.49322509765624,28.230000000000004,103.92980194091795,28.230000000000004,91.36144256591795,28.23,85.14591979980469,28.230000000000004,94.11141967773438
28.24,94.40660095214844,28.24,103.85831451416016,28.24,91.24836730957033,28.24,85.16761016845703,28.24,93.75430297851562
28.25,94.29939270019533,28.25,103.7837905883789,28.25,91.12860107421876,28.250000000000004,85.18956756591797,28.25,93.35923767089844
28.26,94.1785888671875,28.260000000000005,103.70616149902344,28.260000000000005,91.00315856933594,28.26,85.20936584472656,28.260000000000005,92.93331909179688
28.270000000000003,94.03328704833984,28.270000000000003,103.62687683105467,28.270000000000003,90.85723114013672,28.27,85.23075866699219,28.270000000000003,92.45716857910156
28.28,93.88407135009766,28.28,103.55026245117188,28.28,90.7078857421875,28.28,85.25006866455078,28.28,91.95223236083984
28.29,93.72918701171876,28.290000000000006,103.4678192138672,28.290000000000006,90.55205535888672,28.290000000000003,85.26691436767578,28.29,91.37301635742188
28.3,93.55416870117188,28.300000000000004,103.38381958007812,28.300000000000004,90.36338806152344,28.3,85.28142547607422,28.300000000000004,90.72146606445312
28.31,93.35726165771484,28.31,103.29515075683594,28.31,90.1701431274414,28.31,85.2981185913086,28.31,90.02250671386719
28.32,93.14737701416016,28.32,103.20731353759766,28.32,89.98688507080078,28.320000000000004,85.3162841796875,28.32,89.31088256835938
28.33,92.93244171142578,28.330000000000005,103.1189422607422,28.330000000000005,89.80145263671875,28.33,85.33525085449219,28.330000000000005,88.54113006591797
28.340000000000003,92.70832824707033,28.340000000000003,103.02992248535156,28.340000000000003,89.58872985839844,28.34,85.36034393310547,28.340000000000003,87.81951141357422
28.35,92.46827697753906,28.35,102.93354034423828,28.35,89.35575866699219,28.35,85.39482116699219,28.35,87.08049774169922
28.36,92.21184539794922,28.36,102.8395538330078,28.36,89.09396362304688,28.360000000000003,85.441650390625,28.36,86.1777114868164
28.37,91.93828582763672,28.370000000000005,102.74411010742188,28.370000000000005,88.83094024658203,28.37,85.4984130859375,28.370000000000005,85.49231719970703
28.380000000000003,91.65017700195312,28.380000000000003,102.64207458496094,28.380000000000003,88.57577514648438,28.38,85.55606079101562,28.380000000000003,84.78219604492188
28.39,91.3558349609375,28.39,102.53787994384766,28.39,88.30740356445312,28.390000000000004,85.60379791259766,28.39,84.05366516113281
28.4,91.06000518798828,28.40000000000001,102.43896484375,28.40000000000001,88.03350067138672,28.4,85.63540649414062,28.40000000000001,83.29557800292969
28.410000000000004,90.75597381591795,28.410000000000004,102.32569885253906,28.410000000000004,87.76502990722656,28.41,85.64726257324219,28.410000000000004,82.46675109863281
28.42,90.4281768798828,28.42,102.20404815673828,28.42,87.50157165527344,28.42,85.64122009277344,28.42,81.54991149902344
28.43,90.06000518798828,28.43,102.0842514038086,28.43,87.22575378417969,28.430000000000003,85.62454986572266,28.43,80.58087921142578
28.44,89.64847564697266,28.440000000000005,101.9511947631836,28.440000000000005,86.93563842773438,28.44,85.60136413574219,28.440000000000005,79.57650756835938
28.450000000000003,89.15633392333984,28.450000000000003,101.82811737060548,28.450000000000003,86.63053894042969,28.45,85.58806610107422,28.450000000000003,78.53765106201172
28.46,88.60850524902344,28.46,101.70135498046876,28.46,86.2472152709961,28.460000000000004,85.58232879638672,28.46,77.47825622558594
28.47,88.0275650024414,28.47000000000001,101.56620025634766,28.47000000000001,85.81551361083984,28.47,85.57005310058594,28.47,76.43500518798828
28.48,87.4405746459961,28.480000000000004,101.43190002441406,28.480000000000004,85.39347839355469,28.48,85.53996276855469,28.480000000000004,75.36770629882812
28.49,86.85647583007812,28.49,101.28662872314452,28.49,84.97281646728516,28.49,85.49186706542969,28.49,74.23455810546875
28.5,86.26236724853516,28.5,101.12360382080078,28.5,84.54856872558594,28.500000000000004,85.43314361572266,28.5,73.0472183227539
28.51,85.65647888183594,28.510000000000005,100.9503936767578,28.510000000000005,84.10202026367188,28.51,85.36345672607422,28.510000000000005,71.83525085449219
28.520000000000003,85.03042602539062,28.520000000000003,100.77377319335938,28.520000000000003,83.63581848144531,28.52,85.28799438476562,28.520000000000003,70.59964752197266
28.53,84.36443328857422,28.53,100.62786102294922,28.53,83.15520477294922,28.53,85.20780181884766,28.53,69.33501434326172
28.54,83.65522003173828,28.540000000000006,100.50389862060548,28.540000000000006,82.634033203125,28.540000000000003,85.11833190917969,28.54,68.12008666992188
28.55,82.89562225341797,28.550000000000004,100.41383361816406,28.550000000000004,82.03440856933594,28.55,85.0219955444336,28.550000000000004,66.94719696044922
28.56,82.12671661376953,28.56,100.35771942138672,28.56,81.37772369384766,28.56,84.92711639404297,28.56,65.7503433227539
28.57,81.32720947265625,28.57,100.30859375,28.57,80.75255584716797,28.570000000000004,84.84359741210938,28.57,64.50511932373047
28.58,80.51375579833984,28.580000000000005,100.27720642089844,28.580000000000005,80.1976547241211,28.58,84.78129577636719,28.580000000000005,63.240760803222656
28.590000000000003,79.72742462158203,28.590000000000003,100.27397918701172,28.590000000000003,79.69874572753906,28.59,84.75565338134766,28.590000000000003,61.89671325683594
28.6,78.97152709960938,28.6,100.29537200927734,28.6,79.13896179199219,28.6,84.74714660644531,28.6,60.54854965209961
28.61,78.27641296386719,28.61,100.3287582397461,28.61,78.50076293945312,28.610000000000003,84.7393798828125,28.61,59.32899475097656
28.62,77.65570068359375,28.620000000000005,100.3873519897461,28.620000000000005,77.86266326904297,28.62,84.72386169433594,28.620000000000005,58.06940460205078
28.630000000000003,77.0774917602539,28.630000000000003,100.48560333251952,28.630000000000003,77.26094055175781,28.63,84.7052993774414,28.630000000000003,56.62236404418945
28.64,76.47777557373047,28.64,100.60881805419922,28.64,76.6351318359375,28.640000000000004,84.6878890991211,28.64,55.08903503417969
28.65,75.87574005126953,28.65000000000001,100.75894927978516,28.65000000000001,76.11917114257812,28.65,84.66824340820312,28.65000000000001,53.53058242797852
28.660000000000004,75.27188873291016,28.660000000000004,100.9294891357422,28.660000000000004,75.70575714111328,28.66,84.62689208984375,28.660000000000004,51.93177795410156
28.67,74.65682220458984,28.67,101.1153335571289,28.67,75.30956268310547,28.67,84.54962158203125,28.67,50.15544128417969
28.68,73.99769592285156,28.68,101.31542205810548,28.68,74.82559204101562,28.680000000000003,84.46231079101562,28.68,48.133583068847656
28.69,73.24506378173828,28.690000000000005,101.52024841308594,28.690000000000005,74.26673126220703,28.69,84.38871765136719,28.690000000000005,46.2087516784668
28.700000000000003,72.46940612792969,28.700000000000003,101.7249984741211,28.700000000000003,73.68461608886719,28.7,84.3204116821289,28.700000000000003,44.5299072265625
28.71,71.7275390625,28.71,101.92520141601562,28.71,73.12129211425781,28.710000000000004,84.23707580566406,28.71,42.78629684448242
28.72,71.06336212158203,28.72000000000001,102.11046600341795,28.72000000000001,72.62612915039062,28.72,84.14371490478516,28.72,41.02438735961914
28.73,70.50407409667969,28.730000000000004,102.29586791992188,28.730000000000004,72.19108581542969,28.73,84.04718780517578,28.730000000000004,39.27067184448242
28.74,69.96357727050781,28.74,102.48709106445312,28.74,71.71527099609375,28.74,83.94501495361328,28.74,37.55961608886719
28.75,69.38563537597656,28.75,102.69376373291016,28.75,71.19279479980469,28.750000000000004,83.84197235107422,28.75,35.90617370605469
28.76,68.8646240234375,28.760000000000005,102.90973663330078,28.760000000000005,70.65404510498047,28.76,83.73619842529297,28.760000000000005,34.23009490966797
28.770000000000003,68.36482238769531,28.770000000000003,103.14260864257812,28.770000000000003,70.09858703613281,28.77,83.62289428710938,28.770000000000003,32.54613494873047
28.78,67.7900161743164,28.78,103.41567993164062,28.78,69.61173248291016,28.78,83.51341247558594,28.78,30.79708480834961
28.79,67.16839599609375,28.790000000000006,103.71292114257812,28.790000000000006,69.285888671875,28.790000000000003,83.38089752197266,28.79,29.07101249694824
28.8,66.53131103515625,28.800000000000004,104.0029754638672,28.800000000000004,68.92253875732422,28.8,83.21517944335938,28.800000000000004,27.22237968444824
28.81,65.84870147705078,28.81,104.30479431152344,28.81,68.5438232421875,28.81,83.00834655761719,28.81,25.233530044555664
28.82,65.20831298828125,28.82,104.6068115234375,28.82,68.19377899169922,28.820000000000004,82.78854370117188,28.82,23.24535369873047
28.83,64.63605499267578,28.830000000000005,104.92166900634766,28.830000000000005,67.73355102539062,28.83,82.58143615722656,28.830000000000005,21.307796478271484
28.840000000000003,63.99909973144531,28.840000000000003,105.2227020263672,28.840000000000003,67.23355102539062,28.84,82.39848327636719,28.840000000000003,19.488327026367188
28.85,63.46358871459961,28.85,105.5214385986328,28.85,66.78121948242188,28.85,82.24633026123047,28.85,17.839885711669922
28.86,62.900821685791016,28.86,105.84878540039062,28.86,66.3614501953125,28.860000000000003,82.11124420166016,28.86,16.26531982421875
28.87,62.52644348144531,28.870000000000005,106.2011260986328,28.870000000000005,65.95500946044922,28.87,82.00187683105469,28.870000000000005,14.702223777770996
28.880000000000003,62.09189224243164,28.880000000000003,106.57584381103516,28.880000000000003,65.53669738769531,28.88,81.91838836669922,28.880000000000003,13.195230484008787
28.89,61.666542053222656,28.89,106.96856689453124,28.89,65.15186309814453,28.890000000000004,81.86952209472656,28.89,11.77766227722168
28.9,61.26158905029297,28.90000000000001,107.36578369140624,28.90000000000001,64.8373031616211,28.9,81.85399627685547,28.90000000000001,10.351417541503906
28.910000000000004,60.84836196899414,28.910000000000004,107.7402114868164,28.910000000000004,64.49813079833984,28.91,81.85657501220703,28.910000000000004,9.19197940826416
28.92,60.53694152832031,28.92,108.12638092041016,28.92,64.08938598632812,28.92,81.86074829101562,28.92,8.303565979003906
28.93,60.26334381103516,28.93,108.50528717041016,28.93,63.724002838134766,28.930000000000003,81.8594741821289,28.93,7.360398292541504
28.94,60.061161041259766,28.940000000000005,108.8761215209961,28.940000000000005,63.323692321777344,28.94,81.84838104248047,28.940000000000005,6.407295227050781
28.950000000000003,59.86264419555664,28.950000000000003,109.2638931274414,28.950000000000003,62.99214553833008,28.95,81.81285095214844,28.950000000000003,5.5665059089660645
28.96,59.72146987915039,28.96,109.65697479248048,28.96,62.67793273925781,28.960000000000004,81.74954986572266,28.96,4.905551910400391
28.97,59.61297225952149,28.97000000000001,110.03572845458984,28.97000000000001,62.371612548828125,28.97,81.67771911621094,28.97,4.332192420959473
28.98,59.52667236328125,28.980000000000004,110.40232849121094,28.980000000000004,62.142723083496094,28.98,81.60916137695312,28.980000000000004,3.779247999191284
28.99,59.45083236694336,28.99,110.75326538085938,28.99,61.93410110473633,28.99,81.54585266113281,28.99,3.274597644805908
29.0,59.39116287231445,29.0,111.08552551269533,29.0,61.74171829223633,29.000000000000004,81.48828125,29.0,2.8289685249328613
29.01,59.36544799804688,29.010000000000005,111.39909362792967,29.010000000000005,61.57693862915039,29.01,81.43773651123047,29.010000000000005,2.417248487472534
29.020000000000003,59.37896347045898,29.020000000000003,111.68907165527344,29.020000000000003,61.443477630615234,29.02,81.3822021484375,29.020000000000003,2.032837390899658
29.03,59.419376373291016,29.03,111.96403503417967,29.03,61.30945587158203,29.03,81.32181549072266,29.03,1.6814345121383667
29.04,59.473731994628906,29.040000000000006,112.22210693359376,29.040000000000006,61.23692321777344,29.040000000000003,81.254638671875,29.04,1.389224886894226
29.05,59.543399810791016,29.050000000000004,112.46800994873048,29.050000000000004,61.14063262939453,29.05,81.18775939941406,29.050000000000004,1.2019494771957395
29.06,59.632205963134766,29.06,112.70333099365234,29.06,61.055213928222656,29.06,81.12786865234375,29.06,1.0312707424163818
29.07,59.75642013549805,29.07,112.93031311035156,29.07,61.01650619506836,29.070000000000004,81.07221984863281,29.07,0.897071897983551
29.08,59.9009895324707,29.080000000000005,113.14495086669922,29.080000000000005,61.00784683227539,29.08,81.02616882324219,29.080000000000005,0.7917670011520386
29.090000000000003,60.05314254760742,29.090000000000003,113.33690643310548,29.090000000000003,61.06647872924805,29.09,80.98881530761719,29.090000000000003,0.7115505933761597
29.1,60.21815490722656,29.1,113.53166961669922,29.1,61.15488052368164,29.1,80.95712280273438,29.1,0.6674537062644958
29.11,60.401851654052734,29.11,113.70685577392578,29.11,61.25499725341797,29.110000000000003,80.91895294189453,29.11,0.6733331084251404
29.12,60.61294555664063,29.120000000000005,113.8608169555664,29.120000000000005,61.37406921386719,29.12,80.8734130859375,29.120000000000005,0.6909526586532593
29.130000000000003,60.83666229248047,29.130000000000003,113.98094940185548,29.130000000000003,61.5015754699707,29.13,80.82184600830078,29.130000000000003,0.7837514281272888
29.14,61.065650939941406,29.14,114.09050750732422,29.14,61.640098571777344,29.140000000000004,80.76776123046875,29.14,0.89524906873703
29.15,61.30167388916016,29.15000000000001,114.1817626953125,29.15000000000001,61.80891799926758,29.15,80.72032928466797,29.15000000000001,1.0789391994476318
29.160000000000004,61.546836853027344,29.160000000000004,114.26342010498048,29.160000000000004,62.01649475097656,29.16,80.68560028076172,29.160000000000004,1.253746509552002
29.17,61.820777893066406,29.17,114.3340301513672,29.17,62.25065612792969,29.17,80.65911102294922,29.17,1.5141847133636477
29.18,62.10489273071289,29.18,114.38468933105467,29.18,62.49946594238281,29.180000000000003,80.63749694824219,29.18,1.821982502937317
29.19,62.40991973876953,29.190000000000005,114.4071273803711,29.190000000000005,62.75669097900391,29.19,80.62388610839844,29.190000000000005,2.1384127140045166
29.200000000000003,62.74185562133789,29.200000000000003,114.3923110961914,29.200000000000003,63.00868988037109,29.2,80.62512969970703,29.200000000000003,2.566395998001098
29.21,63.06856155395508,29.21,114.34481048583984,29.21,63.25094985961914,29.210000000000004,80.64739227294922,29.21,2.996532440185547
29.22,63.418575286865234,29.22000000000001,114.2708511352539,29.22000000000001,63.50559997558594,29.22,80.68231964111328,29.22,3.477135419845581
29.23,63.79804229736328,29.230000000000004,114.18313598632812,29.230000000000004,63.757659912109375,29.23,80.72222137451172,29.230000000000004,4.038628578186035
29.24,64.18795776367188,29.24,114.0844497680664,29.24,64.01688385009766,29.24,80.76631164550781,29.24,4.642179489135742
29.25,64.57642364501953,29.25,113.97882080078124,29.25,64.30024719238281,29.250000000000004,80.80740356445312,29.25,5.365701675415039
29.26,65.00843811035156,29.260000000000005,113.86607360839844,29.260000000000005,64.61080932617188,29.26,80.84416198730469,29.260000000000005,6.154579162597656
29.270000000000003,65.4036865234375,29.270000000000003,113.74244689941406,29.270000000000003,64.93061065673828,29.27,80.88909149169922,29.270000000000003,6.99429988861084
29.28,65.76957702636719,29.28,113.6066665649414,29.28,65.24968719482422,29.28,80.93987274169922,29.28,7.925416469573975
29.29,66.13204956054688,29.290000000000006,113.4498062133789,29.290000000000006,65.6014175415039,29.290000000000003,80.98554229736328,29.29,8.902292251586914
29.3,66.48860168457031,29.300000000000004,113.2686004638672,29.300000000000004,65.94989013671875,29.3,81.01603698730469,29.300000000000004,9.925719261169434
29.31,66.84127807617188,29.31,113.07301330566406,29.31,66.30101013183594,29.31,81.04102325439453,29.31,10.99420166015625
29.32,67.18859100341797,29.32,112.86710357666016,29.32,66.68212127685547,29.320000000000004,81.07009887695312,29.32,12.091463088989258
29.33,67.55182647705078,29.330000000000005,112.65380096435548,29.330000000000005,67.11366271972656,29.33,81.10920715332031,29.330000000000005,13.264226913452148
29.340000000000003,67.93223571777344,29.340000000000003,112.44251251220705,29.340000000000003,67.57299041748047,29.34,81.15562438964844,29.340000000000003,14.504874229431152
29.35,68.32367706298828,29.35,112.22949981689452,29.35,68.06991577148438,29.35,81.20475769042969,29.35,15.810491561889648
29.36,68.72657775878906,29.36,112.01009368896484,29.36,68.51665496826172,29.360000000000003,81.25641632080078,29.36,17.143047332763672
29.37,69.1486587524414,29.370000000000005,111.78958892822266,29.370000000000005,68.96173095703125,29.37,81.31409454345703,29.370000000000005,18.528133392333984
29.380000000000003,69.58627319335938,29.380000000000003,111.56729888916016,29.380000000000003,69.38128662109375,29.38,81.3793716430664,29.380000000000003,19.946134567260746
29.39,70.04298400878906,29.39,111.34408569335938,29.39,69.84266662597656,29.390000000000004,81.44788360595703,29.39,21.404354095458984
29.4,70.51393127441406,29.40000000000001,111.1270523071289,29.40000000000001,70.25591278076172,29.4,81.52342224121094,29.40000000000001,22.906707763671875
29.410000000000004,71.02561950683594,29.410000000000004,110.91460418701172,29.410000000000004,70.69884490966797,29.41,81.5945816040039,29.410000000000004,24.428071975708008
29.42,71.55833435058594,29.42,110.70413208007812,29.42,71.15058135986328,29.42,81.65167999267578,29.42,25.979877471923828
29.43,72.09207916259766,29.43,110.50035095214844,29.43,71.61766815185547,29.430000000000003,81.69729614257812,29.43,27.54104995727539
29.44,72.64160919189453,29.440000000000005,110.30020141601562,29.440000000000005,72.12482452392578,29.44,81.74185943603516,29.440000000000005,29.12520980834961
29.450000000000003,73.21678924560547,29.450000000000003,110.10224151611328,29.450000000000003,72.6484603881836,29.45,81.78875732421875,29.450000000000003,30.716014862060547
29.46,73.8307876586914,29.46,109.91241455078124,29.46,73.19338989257812,29.460000000000004,81.842529296875,29.46,32.319000244140625
29.47,74.46514892578125,29.47000000000001,109.71991729736328,29.47000000000001,73.7630844116211,29.47,81.89612579345703,29.47,33.9229621887207
29.48,75.13093566894531,29.480000000000004,109.5243911743164,29.480000000000004,74.35362243652344,29.48,81.95516967773438,29.480000000000004,35.50685119628906
29.49,75.79747009277344,29.49,109.33744049072266,29.49,74.97019958496094,29.49,82.01994323730469,29.49,37.08624267578125
29.5,76.49568939208984,29.5,109.15116119384766,29.5,75.63555908203125,29.500000000000004,82.09859466552734,29.5,38.66111755371094
29.51,77.23029327392578,29.510000000000005,108.96056365966795,29.510000000000005,76.3634262084961,29.51,82.19717407226562,29.510000000000005,40.2271614074707
29.520000000000003,77.99873352050781,29.520000000000003,108.76641082763672,29.520000000000003,77.13639831542969,29.52,82.30722045898438,29.520000000000003,41.79912185668945
29.53,78.7612533569336,29.53,108.56222534179688,29.53,77.92430114746094,29.53,82.42607879638672,29.53,43.35449600219727
29.54,79.58740234375,29.540000000000006,108.34803771972656,29.540000000000006,78.72811126708984,29.540000000000003,82.53894805908203,29.54,44.88613510131836
29.55,80.46546173095703,29.550000000000004,108.1317138671875,29.550000000000004,79.58078002929688,29.55,82.64319610595703,29.550000000000004,46.41689300537109
29.56,81.35507202148438,29.56,107.91007232666016,29.56,80.45148468017578,29.56,82.7291259765625,29.56,47.94735336303711
29.57,82.24609375,29.57,107.68915557861328,29.57,81.27936553955078,29.570000000000004,82.79578399658203,29.57,49.495243072509766
29.58,83.13518524169922,29.580000000000005,107.47406005859376,29.580000000000005,82.09242248535156,29.58,82.84071350097656,29.580000000000005,51.03077697753906
29.590000000000003,84.05226135253906,29.590000000000003,107.25008392333984,29.590000000000003,82.94025421142578,29.59,82.87828063964844,29.590000000000003,52.57144165039063
29.6,84.99742889404297,29.6,107.01854705810548,29.6,83.79766845703125,29.6,82.91146850585938,29.6,54.106727600097656
29.61,85.95877838134766,29.61,106.7821044921875,29.61,84.65454864501953,29.610000000000003,82.94507598876953,29.61,55.60139465332031
29.62,86.90027618408203,29.620000000000005,106.54264831542967,29.620000000000005,85.555419921875,29.62,82.97828674316406,29.620000000000005,57.06573486328125
29.630000000000003,87.84650421142578,29.630000000000003,106.3160629272461,29.630000000000003,86.47213745117188,29.63,83.01702117919922,29.630000000000003,58.53253936767578
29.64,88.78062438964844,29.64,106.07019805908205,29.64,87.3130111694336,29.640000000000004,83.06575775146484,29.64,59.997013092041016
29.65,89.75198364257812,29.65000000000001,105.82328033447266,29.65000000000001,88.11257934570312,29.65,83.12744903564453,29.65000000000001,61.45756912231445
29.660000000000004,90.70216369628906,29.660000000000004,105.575927734375,29.660000000000004,88.88761138916016,29.66,83.20187377929688,29.660000000000004,62.90057373046875
29.67,91.6154327392578,29.67,105.33404541015624,29.67,89.59253692626953,29.67,83.2862319946289,29.67,64.30520629882812
29.68,92.47058868408205,29.68,105.10224151611328,29.68,90.25685119628906,29.680000000000003,83.37896728515625,29.68,65.70560455322266
29.69,93.2461166381836,29.690000000000005,104.8755874633789,29.690000000000005,90.82421875,29.69,83.47547912597656,29.690000000000005,67.10028076171875
29.700000000000003,93.96345520019533,29.700000000000003,104.66797637939452,29.700000000000003,91.24909973144533,29.7,83.5734634399414,29.700000000000003,68.4432373046875
29.71,94.64451599121094,29.71,104.46534729003906,29.71,91.60166931152344,29.710000000000004,83.66983032226562,29.71,69.72988891601562
29.72,95.29803466796876,29.72000000000001,104.27770233154295,29.72000000000001,91.90914154052734,29.72,83.76765441894531,29.72,70.96880340576172
29.73,95.87306213378906,29.730000000000004,104.09119415283205,29.730000000000004,92.15779876708984,29.73,83.85691833496094,29.730000000000004,72.24358367919922
29.74,96.44371032714844,29.74,103.89459228515624,29.74,92.32508850097656,29.74,83.93168640136719,29.74,73.48604583740234
29.75,96.98644256591795,29.75,103.7019271850586,29.75,92.44245910644533,29.750000000000004,83.9913330078125,29.75,74.60750579833984
29.76,97.45939636230467,29.760000000000005,103.5219497680664,29.760000000000005,92.50543975830078,29.76,84.03527069091797,29.760000000000005,75.69198608398438
29.770000000000003,97.835205078125,29.770000000000003,103.34095764160156,29.770000000000003,92.55779266357422,29.77,84.07025146484375,29.770000000000003,76.69127655029297
29.78,98.11349487304688,29.78,103.14569091796876,29.78,92.6199188232422,29.78,84.09625244140625,29.78,77.5910415649414
29.79,98.28095245361328,29.790000000000006,102.97346496582033,29.790000000000006,92.69979095458984,29.790000000000003,84.1176986694336,29.79,78.4615249633789
29.8,98.4145050048828,29.800000000000004,102.78218841552734,29.800000000000004,92.7580337524414,29.8,84.13258361816406,29.800000000000004,79.29795837402344
29.81,98.5099105834961,29.81,102.59837341308594,29.81,92.82872772216795,29.81,84.13919830322266,29.81,80.0932846069336
29.82,98.58229064941406,29.82,102.43863677978516,29.82,92.9379653930664,29.820000000000004,84.13236999511719,29.82,80.84732055664062
29.83,98.64905548095705,29.830000000000005,102.29866027832033,29.830000000000005,93.03175354003906,29.83,84.11185455322266,29.830000000000005,81.55144500732422
29.840000000000003,98.7182159423828,29.840000000000003,102.18383026123048,29.840000000000003,93.12054443359376,29.84,84.07828521728516,29.840000000000003,82.2288818359375
29.85,98.80008697509766,29.85,102.08978271484376,29.85,93.20831298828124,29.85,84.03060150146484,29.85,82.89845275878906
29.86,98.84723663330078,29.86,102.0149917602539,29.86,93.2950668334961,29.860000000000003,83.9716796875,29.86,83.51663208007812
29.87,98.8950653076172,29.870000000000005,101.96063232421876,29.870000000000005,93.397705078125,29.87,83.9134750366211,29.870000000000005,84.13846588134766
29.880000000000003,98.90746307373048,29.880000000000003,101.92152404785156,29.880000000000003,93.53018951416016,29.88,83.86274719238281,29.880000000000003,84.73601531982422
29.89,98.90838623046876,29.89,101.9056167602539,29.89,93.66680145263672,29.890000000000004,83.8237075805664,29.89,85.30569458007812
29.9,98.92731475830078,29.90000000000001,101.89982604980467,29.90000000000001,93.82462310791016,29.9,83.79756927490234,29.90000000000001,85.91117095947266
29.910000000000004,98.91867065429688,29.910000000000004,101.89318084716795,29.910000000000004,94.01103973388672,29.91,83.78265380859375,29.910000000000004,86.46559143066406
29.92,98.90161895751952,29.92,101.88306427001952,29.92,94.21261596679688,29.92,83.77613830566406,29.92,87.01184844970703
29.93,98.87428283691406,29.93,101.89920043945312,29.93,94.40479278564452,29.930000000000003,83.78254699707031,29.93,87.5200424194336
29.94,98.84056091308594,29.940000000000005,101.9233627319336,29.940000000000005,94.60089874267578,29.94,83.7977523803711,29.940000000000005,87.98087310791016
29.950000000000003,98.79715728759766,29.950000000000003,101.95846557617188,29.950000000000003,94.7997589111328,29.95,83.82098388671875,29.950000000000003,88.42028045654297
29.96,98.73532104492188,29.96,102.0087432861328,29.96,94.97054290771484,29.960000000000004,83.85143280029297,29.96,88.86986541748047
29.97,98.6653289794922,29.97000000000001,102.05934143066406,29.97000000000001,95.11965942382812,29.97,83.88947296142578,29.97,89.27163696289062
29.98,98.59713745117188,29.980000000000004,102.10021209716795,29.980000000000004,95.21505737304688,29.98,83.92745971679688,29.980000000000004,89.6406478881836
29.99,98.53768920898438,29.99,102.14006042480467,29.99,95.26657104492188,29.99,83.96720886230469,29.99,89.9969482421875
30.0,98.48284912109376,30.0,102.18147277832033,30.0,95.2801284790039,30.000000000000004,84.01175689697266,30.0,90.30611419677734
30.01,98.41931915283205,30.010000000000005,102.20648956298828,30.010000000000005,95.26375579833984,30.01,84.06607818603516,30.010000000000005,90.59263610839844
30.020000000000003,98.35903930664062,30.020000000000003,102.22599792480467,30.020000000000003,95.2139892578125,30.02,84.13047790527344,30.020000000000003,90.8578643798828
30.03,98.3085708618164,30.03,102.24095153808594,30.03,95.13445281982422,30.03,84.2065658569336,30.03,91.09381866455078
30.04,98.26838684082033,30.040000000000006,102.25643920898438,30.040000000000006,95.02758026123048,30.040000000000003,84.2905502319336,30.04,91.29832458496094
30.05,98.22938537597656,30.050000000000004,102.2743911743164,30.050000000000004,94.89715576171876,30.05,84.38156127929688,30.050000000000004,91.5022430419922
30.06,98.18319702148438,30.06,102.29721069335938,30.06,94.74720764160156,30.06,84.47672271728516,30.06,91.69971466064452
30.07,98.12019348144533,30.07,102.3157196044922,30.07,94.58172607421876,30.070000000000004,84.5667495727539,30.07,91.88489532470705
30.08,98.02802276611328,30.080000000000005,102.3292236328125,30.080000000000005,94.41618347167967,30.08,84.65472412109375,30.080000000000005,92.05963134765624
30.090000000000003,97.91844940185548,30.090000000000003,102.33717346191406,30.090000000000003,94.27066802978516,30.09,84.73966217041016,30.090000000000003,92.21908569335938
30.1,97.77452850341795,30.1,102.33670043945312,30.1,94.13612365722656,30.1,84.81340026855469,30.1,92.35460662841795
30.11,97.61591339111328,30.11,102.32648468017578,30.11,94.00270080566406,30.110000000000003,84.87452697753906,30.11,92.47106170654295
30.12,97.4001693725586,30.120000000000005,102.3265380859375,30.120000000000005,93.87419891357422,30.12,84.91496276855469,30.120000000000005,92.58170318603516
30.130000000000003,97.10195922851562,30.130000000000003,102.34959411621094,30.130000000000003,93.76026916503906,30.13,84.9444580078125,30.130000000000003,92.66975402832033
30.14,96.73624420166016,30.14,102.37136840820312,30.14,93.67007446289062,30.140000000000004,84.9623031616211,30.14,92.74903106689452
30.15,96.42071533203124,30.15000000000001,102.3899383544922,30.15000000000001,93.5905303955078,30.15,84.98165130615234,30.15000000000001,92.85267639160156
30.160000000000004,96.14212036132812,30.160000000000004,102.40518951416016,30.160000000000004,93.51652526855467,30.16,85.0028076171875,30.160000000000004,92.94794464111328
30.17,95.9083480834961,30.17,102.41532135009766,30.17,93.45407104492188,30.17,85.03217315673828,30.17,93.03489685058594
30.18,95.7215347290039,30.18,102.41883850097656,30.18,93.4048080444336,30.180000000000003,85.07254028320312,30.18,93.1285400390625
30.19,95.59741973876952,30.190000000000005,102.43997192382812,30.190000000000005,93.37775421142578,30.19,85.12286376953125,30.190000000000005,93.20643615722656
30.200000000000003,95.5814971923828,30.200000000000003,102.4449462890625,30.200000000000003,93.36591339111328,30.2,85.18035125732422,30.200000000000003,93.27224731445312
30.21,95.62216186523438,30.21,102.4535140991211,30.21,93.35739135742188,30.210000000000004,85.2434310913086,30.21,93.32737731933594
30.22,95.66960144042967,30.22000000000001,102.48316955566406,30.22000000000001,93.34952545166016,30.22,85.30899047851562,30.22,93.38119506835938
30.23,95.69766235351562,30.230000000000004,102.50762176513672,30.230000000000004,93.33550262451172,30.23,85.37203216552734,30.230000000000004,93.43856811523438
30.24,95.73507690429688,30.24,102.53507232666016,30.24,93.31510162353516,30.24,85.43749237060547,30.24,93.50567626953124
30.25,95.7571258544922,30.25,102.54777526855467,30.25,93.30399322509766,30.250000000000004,85.50276184082031,30.25,93.5725555419922
30.26,95.76457214355467,30.260000000000005,102.52655792236328,30.260000000000005,93.29963684082033,30.26,85.56138610839844,30.260000000000005,93.63465881347656
30.270000000000003,95.76341247558594,30.270000000000003,102.5082015991211,30.270000000000003,93.28520965576172,30.27,85.60984802246094,30.270000000000003,93.68231201171876
30.28,95.75520324707033,30.28,102.47713470458984,30.28,93.25798034667967,30.28,85.6480712890625,30.28,93.72892761230467
30.29,95.73495483398438,30.290000000000006,102.41717529296876,30.290000000000006,93.22708129882812,30.290000000000003,85.67799377441406,30.29,93.75912475585938
30.3,95.70014190673828,30.300000000000004,102.34646606445312,30.300000000000004,93.19496154785156,30.3,85.70313262939453,30.300000000000004,93.77173614501952
30.31,95.66608428955078,30.31,102.27056884765624,30.31,93.15516662597656,30.31,85.72319030761719,30.31,93.77340698242188
30.32,95.63058471679688,30.32,102.19468688964844,30.32,93.11184692382812,30.320000000000004,85.73990631103516,30.32,93.76152801513672
30.33,95.59291076660156,30.330000000000005,102.11986541748048,30.330000000000005,93.0668487548828,30.33,85.75204467773438,30.330000000000005,93.73341369628906
30.340000000000003,95.5483627319336,30.340000000000003,102.0484848022461,30.340000000000003,93.0275650024414,30.34,85.76179504394531,30.340000000000003,93.69871520996094
30.35,95.49481201171876,30.35,101.99417877197266,30.35,92.9898681640625,30.35,85.77143096923828,30.35,93.65393829345705
30.36,95.44635009765624,30.36,101.954345703125,30.36,92.95883178710938,30.360000000000003,85.77914428710938,30.36,93.60130310058594
30.37,95.39640808105467,30.370000000000005,101.9264907836914,30.370000000000005,92.94538116455078,30.37,85.78553009033203,30.370000000000005,93.54683685302734
30.380000000000003,95.3448715209961,30.380000000000003,101.90150451660156,30.380000000000003,92.93450927734376,30.38,85.78971099853516,30.380000000000003,93.49813079833984
30.39,95.28843688964844,30.39,101.87604522705078,30.39,92.9250717163086,30.390000000000004,85.79090881347656,30.39,93.4569091796875
30.4,95.22402954101562,30.40000000000001,101.85176849365234,30.40000000000001,92.90410614013672,30.4,85.79036712646484,30.40000000000001,93.42029571533205
30.410000000000004,95.16698455810548,30.410000000000004,101.8277816772461,30.410000000000004,92.87943267822266,30.41,85.78780364990234,30.410000000000004,93.40637969970705
30.42,95.10484313964844,30.42,101.80329895019533,30.42,92.8578109741211,30.42,85.78128051757812,30.42,93.37319946289062
30.43,95.04727172851562,30.43,101.77751922607422,30.43,92.83552551269533,30.430000000000003,85.7713623046875,30.43,93.35065460205078
30.44,94.99536895751952,30.440000000000005,101.75634765625,30.440000000000005,92.81232452392578,30.44,85.76163482666016,30.440000000000005,93.33344268798828
30.450000000000003,94.95690155029295,30.450000000000003,101.73304748535156,30.450000000000003,92.80267333984376,30.45,85.74913024902344,30.450000000000003,93.32018280029295
30.46,94.93085479736328,30.46,101.71343994140624,30.46,92.797607421875,30.460000000000004,85.7359619140625,30.46,93.3140640258789
30.47,94.91033935546876,30.47000000000001,101.69253540039062,30.47000000000001,92.790283203125,30.47,85.7248764038086,30.47,93.32018280029295
30.48,94.90682983398438,30.480000000000004,101.6707992553711,30.480000000000004,92.77993774414062,30.48,85.71526336669922,30.480000000000004,93.32919311523438
30.49,94.91360473632812,30.49,101.65702056884766,30.49,92.76911163330078,30.49,85.70343017578125,30.49,93.35115051269533
30.5,94.91266632080078,30.5,101.64044952392578,30.5,92.7800064086914,30.500000000000004,85.69232177734375,30.5,93.37124633789062
30.51,94.9171905517578,30.510000000000005,101.6260223388672,30.510000000000005,92.8031768798828,30.51,85.68636322021484,30.510000000000005,93.43090057373048
30.520000000000003,94.9272003173828,30.520000000000003,101.61882781982422,30.520000000000003,92.81169891357422,30.52,85.67996215820312,30.520000000000003,93.44961547851562
30.53,94.9423828125,30.53,101.6131591796875,30.53,92.81271362304688,30.53,85.66997528076172,30.53,93.45713806152344
30.54,94.94707489013672,30.540000000000006,101.60936737060548,30.540000000000006,92.8161392211914,30.540000000000003,85.66156768798828,30.54,93.46666717529295
30.55,94.95027923583984,30.550000000000004,101.61580657958984,30.550000000000004,92.81100463867188,30.55,85.6548843383789,30.550000000000004,93.48049926757812
30.56,94.95166778564452,30.56,101.6123046875,30.56,92.79523468017578,30.56,85.64714050292969,30.56,93.48942565917967
30.57,94.95013427734376,30.57,101.61138153076172,30.57,92.771240234375,30.570000000000004,85.63453674316406,30.57,93.49040222167967
30.58,94.94367980957033,30.580000000000005,101.61114501953124,30.580000000000005,92.750244140625,30.58,85.62522888183594,30.580000000000005,93.48973846435548
30.590000000000003,94.93936157226562,30.590000000000003,101.60310363769533,30.590000000000003,92.7406997680664,30.59,85.61842346191406,30.590000000000003,93.48655700683594
30.6,94.93899536132812,30.6,101.5912094116211,30.6,92.72865295410156,30.6,85.6112289428711,30.6,93.48394012451172
30.61,94.92626190185548,30.61,101.5726089477539,30.61,92.71116638183594,30.610000000000003,85.603271484375,30.61,93.48426055908205
30.62,94.90557861328124,30.620000000000005,101.5510711669922,30.620000000000005,92.69351959228516,30.62,85.59242248535156,30.620000000000005,93.48645782470705
30.630000000000003,94.88616180419922,30.630000000000003,101.5284194946289,30.630000000000003,92.67896270751952,30.63,85.58016204833984,30.630000000000003,93.49095153808594
30.64,94.85405731201172,30.64,101.51065826416016,30.64,92.66092681884766,30.640000000000004,85.5669937133789,30.64,93.49560546875
30.65,94.81875610351562,30.65000000000001,101.4874496459961,30.65000000000001,92.6176300048828,30.65,85.55364990234375,30.65000000000001,93.50294494628906
30.660000000000004,94.77576446533205,30.660000000000004,101.46623992919922,30.660000000000004,92.57495880126952,30.66,85.53761291503906,30.660000000000004,93.51068878173828
30.67,94.73290252685548,30.67,101.44979858398438,30.67,92.54255676269533,30.67,85.52119445800781,30.67,93.52243041992188
30.68,94.70398712158205,30.68,101.43023681640624,30.68,92.51066589355467,30.680000000000003,85.50442504882812,30.68,93.53683471679688
30.69,94.68492126464844,30.690000000000005,101.4116439819336,30.690000000000005,92.48632049560548,30.69,85.4892349243164,30.690000000000005,93.5563507080078
30.700000000000003,94.67059326171876,30.700000000000003,101.40249633789062,30.700000000000003,92.45349884033205,30.7,85.47388458251953,30.700000000000003,93.5805206298828
30.71,94.64778137207033,30.71,101.40126037597656,30.71,92.41802215576172,30.710000000000004,85.46087646484375,30.71,93.6031723022461
30.72,94.61842346191406,30.72000000000001,101.39584350585938,30.72000000000001,92.38538360595705,30.72,85.45066833496094,30.72,93.62818908691406
30.73,94.5824737548828,30.730000000000004,101.39134979248048,30.730000000000004,92.35655975341795,30.73,85.43840789794922,30.730000000000004,93.65760803222656
30.74,94.55374145507812,30.74,101.401123046875,30.74,92.32440948486328,30.74,85.42768859863281,30.74,93.6864013671875
30.75,94.5385971069336,30.75,101.4127960205078,30.75,92.29912567138672,30.750000000000004,85.41909790039062,30.75,93.7165069580078
30.76,94.52974700927734,30.760000000000005,101.42765045166016,30.760000000000005,92.27157592773438,30.76,85.41287994384766,30.760000000000005,93.7499008178711
30.770000000000003,94.52184295654295,30.770000000000003,101.44132995605467,30.770000000000003,92.25001525878906,30.77,85.40541076660156,30.770000000000003,93.78460693359376
30.78,94.5109405517578,30.78,101.45658111572266,30.78,92.23371887207033,30.78,85.39887237548828,30.78,93.82064819335938
30.79,94.51187896728516,30.790000000000006,101.47480010986328,30.790000000000006,92.21526336669922,30.790000000000003,85.39153289794922,30.79,93.85780334472656
30.8,94.51102447509766,30.800000000000004,101.49311065673828,30.800000000000004,92.19208526611328,30.8,85.38361358642578,30.800000000000004,93.89846801757812
30.81,94.51333618164062,30.81,101.5161361694336,30.81,92.17837524414062,30.81,85.37525939941406,30.81,93.94112396240234
30.82,94.51043701171876,30.82,101.53977966308594,30.82,92.18008422851562,30.820000000000004,85.37211608886719,30.82,93.9882583618164
30.83,94.50848388671876,30.830000000000005,101.56282043457033,30.830000000000005,92.18070220947266,30.83,85.36711120605469,30.830000000000005,94.04132843017578
30.840000000000003,94.50807189941406,30.840000000000003,101.5802230834961,30.840000000000003,92.19161987304688,30.84,85.36029815673828,30.840000000000003,94.09842681884766
30.85,94.50445556640624,30.85,101.59878540039062,30.85,92.20391082763672,30.85,85.35486602783203,30.85,94.15569305419922
30.86,94.50726318359376,30.86,101.6244659423828,30.86,92.1999053955078,30.860000000000003,85.35084533691406,30.86,94.21148681640624
30.87,94.51866912841795,30.870000000000005,101.64820098876952,30.870000000000005,92.1974105834961,30.87,85.3431396484375,30.870000000000005,94.26617431640624
30.880000000000003,94.53414154052734,30.880000000000003,101.67074584960938,30.880000000000003,92.19707489013672,30.88,85.34175872802734,30.880000000000003,94.31549835205078
30.89,94.5510482788086,30.89,101.68902587890624,30.89,92.18475341796876,30.890000000000004,85.3438949584961,30.89,94.36052703857422
30.9,94.5701141357422,30.90000000000001,101.71095275878906,30.90000000000001,92.18305206298828,30.9,85.33839416503906,30.90000000000001,94.4004135131836
30.910000000000004,94.59391784667967,30.910000000000004,101.73545837402344,30.910000000000004,92.17000579833984,30.91,85.33867645263672,30.910000000000004,94.44066619873048
30.92,94.60324096679688,30.92,101.75794982910156,30.92,92.16291046142578,30.92,85.33631134033203,30.92,94.4798583984375
30.93,94.5865478515625,30.93,101.7806625366211,30.93,92.13790893554688,30.930000000000003,85.33367919921875,30.93,94.5188217163086
30.94,94.56292724609376,30.940000000000005,101.80623626708984,30.940000000000005,92.1204605102539,30.94,85.33063507080078,30.940000000000005,94.5558853149414
30.950000000000003,94.5349578857422,30.950000000000003,101.83132934570312,30.950000000000003,92.10330963134766,30.95,85.32815551757812,30.950000000000003,94.59003448486328
30.96,94.5297393798828,30.96,101.84847259521484,30.96,92.08631896972656,30.960000000000004,85.32616424560547,30.96,94.61754608154295
30.97,94.54092407226562,30.97000000000001,101.86021423339844,30.97000000000001,92.07199096679688,30.97,85.32489776611328,30.97,94.64075469970705
30.98,94.56255340576172,30.980000000000004,101.8723602294922,30.980000000000004,92.05117797851562,30.98,85.31842041015625,30.980000000000004,94.6617431640625
30.99,94.58489227294922,30.99,101.89127349853516,30.99,92.02084350585938,30.99,85.31378936767578,30.99,94.68062591552734
31.0,94.59608459472656,31.0,101.90898895263672,31.0,92.0099639892578,31.000000000000004,85.30916595458984,31.0,94.69469451904295
31.01,94.59678649902344,31.010000000000005,101.92621612548828,31.010000000000005,92.01081848144533,31.01,85.30277252197266,31.010000000000005,94.70933532714844
31.020000000000003,94.5880889892578,31.020000000000003,101.94135284423828,31.020000000000003,92.00735473632812,31.02,85.29241180419922,31.020000000000003,94.72744750976562
31.03,94.58425903320312,31.03,101.9549560546875,31.03,92.00099182128906,31.03,85.28184509277344,31.03,94.7412109375
31.04,94.58477783203124,31.040000000000006,101.96947479248048,31.040000000000006,92.00174713134766,31.040000000000003,85.268798828125,31.04,94.76058197021484
31.05,94.57908630371094,31.050000000000004,101.9858856201172,31.050000000000004,92.0076904296875,31.05,85.2537612915039,31.050000000000004,94.7797393798828
31.06,94.5719223022461,31.06,102.0036392211914,31.06,92.01539611816406,31.06,85.23843383789062,31.06,94.7947769165039
31.07,94.57128143310548,31.07,102.02471923828124,31.07,92.02586364746094,31.070000000000004,85.22322845458984,31.07,94.80799102783205
31.08,94.5756607055664,31.080000000000005,102.0510025024414,31.080000000000005,92.04320526123048,31.08,85.2080307006836,31.080000000000005,94.82164764404295
31.090000000000003,94.58309936523438,31.090000000000003,102.07916259765624,31.090000000000003,92.06681823730467,31.09,85.19147491455078,31.090000000000003,94.83590698242188
31.1,94.5946273803711,31.1,102.10747528076172,31.1,92.09046173095705,31.1,85.17692565917969,31.1,94.85055541992188
31.11,94.60552215576172,31.11,102.13613891601562,31.11,92.10755157470705,31.110000000000003,85.16383361816406,31.11,94.86613464355467
31.12,94.61808776855467,31.120000000000005,102.16700744628906,31.120000000000005,92.1262664794922,31.12,85.1513900756836,31.120000000000005,94.88546752929688
31.130000000000003,94.63127899169922,31.130000000000003,102.20431518554688,31.130000000000003,92.14640045166016,31.13,85.13678741455078,31.130000000000003,94.90642547607422
31.14,94.65373992919922,31.14,102.24091339111328,31.14,92.17243957519533,31.140000000000004,85.124755859375,31.14,94.92758178710938
31.15,94.67925262451172,31.15000000000001,102.27413940429688,31.15000000000001,92.20513153076172,31.15,85.11103057861328,31.15000000000001,94.9480438232422
31.160000000000004,94.70293426513672,31.160000000000004,102.31072235107422,31.160000000000004,92.23486328125,31.16,85.09590148925781,31.160000000000004,94.96668243408205
31.17,94.72563934326172,31.17,102.34510040283205,31.17,92.2654800415039,31.17,85.0807876586914,31.17,94.9822235107422
31.18,94.7425308227539,31.18,102.3825454711914,31.18,92.29917907714844,31.180000000000003,85.06531524658203,31.18,94.99432373046876
31.19,94.75599670410156,31.190000000000005,102.41839599609376,31.190000000000005,92.3362274169922,31.19,85.04741668701172,31.190000000000005,94.99967193603516
31.200000000000003,94.76976776123048,31.200000000000003,102.45352935791016,31.200000000000003,92.37427520751952,31.2,85.03215789794922,31.200000000000003,94.99942016601562
31.21,94.79122161865234,31.21,102.48696899414062,31.21,92.41729736328124,31.210000000000004,85.01795196533203,31.21,94.99595642089844
31.22,94.81532287597656,31.22000000000001,102.51422882080078,31.22000000000001,92.4572296142578,31.22,85.00222778320312,31.22,94.98969268798828
31.23,94.84919738769533,31.230000000000004,102.54576110839844,31.230000000000004,92.49720001220705,31.23,84.98982238769531,31.230000000000004,94.9799575805664
31.24,94.88748168945312,31.24,102.57554626464844,31.24,92.53985595703124,31.24,84.9794921875,31.24,94.96602630615234
31.25,94.9269027709961,31.25,102.60227966308594,31.25,92.58316802978516,31.250000000000004,84.97018432617188,31.25,94.94852447509766
31.26,94.9677505493164,31.260000000000005,102.6252899169922,31.260000000000005,92.62571716308594,31.26,84.9618148803711,31.260000000000005,94.92913818359376
31.270000000000003,95.00534057617188,31.270000000000003,102.65503692626952,31.270000000000003,92.67086791992188,31.27,84.95397186279297,31.270000000000003,94.90673065185548
31.28,95.03617095947266,31.28,102.68470764160156,31.28,92.71278381347656,31.28,84.9451904296875,31.28,94.88121032714844
31.29,95.0608901977539,31.290000000000006,102.7116928100586,31.290000000000006,92.75422668457033,31.290000000000003,84.93444061279297,31.29,94.8525848388672
31.3,95.08460998535156,31.300000000000004,102.73936462402344,31.300000000000004,92.7968978881836,31.3,84.92327117919922,31.300000000000004,94.8186264038086
31.31,95.10306549072266,31.31,102.76468658447266,31.31,92.82584381103516,31.31,84.91157531738281,31.31,94.7749481201172
31.32,95.11978149414062,31.32,102.788330078125,31.32,92.8524932861328,31.320000000000004,84.90044403076172,31.32,94.72833251953124
31.33,95.13818359375,31.330000000000005,102.80746459960938,31.330000000000005,92.87506103515624,31.33,84.88838958740234,31.330000000000005,94.67922973632812
31.340000000000003,95.16120910644533,31.340000000000003,102.83216094970705,31.340000000000003,92.88639068603516,31.34,84.87857818603516,31.340000000000003,94.62879943847656
31.35,95.1922836303711,31.35,102.85193634033205,31.35,92.89361572265624,31.35,84.87354278564453,31.35,94.57926940917967
31.36,95.22770690917967,31.36,102.870361328125,31.36,92.90906524658205,31.360000000000003,84.87020874023438,31.36,94.52696228027344
31.37,95.26270294189452,31.370000000000005,102.89078521728516,31.370000000000005,92.91989135742188,31.37,84.86743927001953,31.370000000000005,94.47257232666016
31.380000000000003,95.2950439453125,31.380000000000003,102.90496826171876,31.380000000000003,92.92031860351562,31.38,84.8641586303711,31.380000000000003,94.41280364990234
31.39,95.31685638427734,31.39,102.9193115234375,31.39,92.9172592163086,31.390000000000004,84.85913848876953,31.39,94.34895324707033
31.4,95.34896850585938,31.40000000000001,102.93448638916016,31.40000000000001,92.91120910644533,31.4,84.85548400878906,31.40000000000001,94.2747039794922
31.410000000000004,95.36898040771484,31.410000000000004,102.94691467285156,31.410000000000004,92.89896392822266,31.41,84.85203552246094,31.410000000000004,94.19364166259766
31.42,95.38407135009766,31.42,102.95610809326172,31.42,92.87928009033205,31.42,84.84254455566406,31.42,94.09791564941406
31.43,95.38780975341795,31.43,102.97168731689452,31.43,92.8501434326172,31.430000000000003,84.8377685546875,31.43,93.98384857177734
31.44,95.39411926269533,31.440000000000005,102.98685455322266,31.440000000000005,92.8149185180664,31.44,84.83815002441406,31.440000000000005,93.85393524169922
31.450000000000003,95.4092788696289,31.450000000000003,102.99845886230467,31.450000000000003,92.77197265625,31.45,84.84521484375,31.450000000000003,93.71097564697266
31.46,95.42881774902344,31.46,103.02218627929688,31.46,92.71569061279295,31.460000000000004,84.85601043701172,31.46,93.56259155273438
31.47,95.4349365234375,31.47000000000001,103.04129791259766,31.47000000000001,92.65438842773438,31.47,84.87090301513672,31.47,93.40118408203124
31.48,95.42587280273438,31.480000000000004,103.05486297607422,31.480000000000004,92.58956146240234,31.48,84.89060974121094,31.480000000000004,93.22264099121094
31.49,95.41571807861328,31.49,103.05833435058594,31.49,92.5186996459961,31.49,84.90919494628906,31.49,93.02644348144533
31.5,95.39505004882812,31.5,103.06413269042967,31.5,92.41851806640624,31.500000000000004,84.9256591796875,31.5,92.80579376220705
31.51,95.3520278930664,31.510000000000005,103.06729125976562,31.510000000000005,92.3253402709961,31.51,84.9424057006836,31.510000000000005,92.5591812133789
31.520000000000003,95.30248260498048,31.520000000000003,103.07249450683594,31.520000000000003,92.24425506591795,31.52,84.95775604248047,31.520000000000003,92.29515075683594
31.53,95.24358367919922,31.53,103.07516479492188,31.53,92.15812683105467,31.53,84.97126007080078,31.53,92.01962280273438
31.54,95.1858901977539,31.540000000000006,103.07234191894533,31.540000000000006,92.04959869384766,31.540000000000003,84.98726654052734,31.54,91.73638153076172
31.55,95.1269302368164,31.550000000000004,103.07229614257812,31.550000000000004,91.95100402832033,31.55,85.00599670410156,31.550000000000004,91.44490814208984
31.56,95.07250213623048,31.56,103.06892395019533,31.56,91.8576889038086,31.56,85.02523040771484,31.56,91.14547729492188
31.57,95.02139282226562,31.57,103.06285858154295,31.57,91.7545166015625,31.570000000000004,85.0467300415039,31.57,90.83148956298828
31.58,94.97453308105467,31.580000000000005,103.05465698242188,31.580000000000005,91.64524841308594,31.58,85.06841278076172,31.580000000000005,90.49563598632812
31.590000000000003,94.9216766357422,31.590000000000003,103.04676818847656,31.590000000000003,91.51505279541016,31.59,85.08769989013672,31.590000000000003,90.15869903564452
31.6,94.8553237915039,31.6,103.03766632080078,31.6,91.38766479492188,31.6,85.10819244384766,31.6,89.80874633789062
31.61,94.77765655517578,31.61,103.02698516845705,31.61,91.26174926757812,31.610000000000003,85.13093566894531,31.61,89.44336700439453
31.62,94.69686889648438,31.620000000000005,103.00910949707033,31.620000000000005,91.14451599121094,31.62,85.15520477294922,31.620000000000005,89.0555419921875
31.630000000000003,94.61369323730467,31.630000000000003,102.9873275756836,31.630000000000003,91.03190612792967,31.63,85.18183898925781,31.630000000000003,88.64398956298828
31.64,94.50804901123048,31.64,102.9650650024414,31.64,90.90892791748048,31.640000000000004,85.20862579345703,31.64,88.22770690917969
31.65,94.3888702392578,31.65000000000001,102.94007110595705,31.65000000000001,90.7680435180664,31.65,85.23705291748047,31.65000000000001,87.78913879394531
31.660000000000004,94.25824737548828,31.660000000000004,102.90607452392578,31.660000000000004,90.60193634033205,31.66,85.26549530029297,31.660000000000004,87.31021118164062
31.67,94.10867309570312,31.67,102.8683090209961,31.67,90.42102813720705,31.67,85.286865234375,31.67,86.78474426269531
31.68,93.93378448486328,31.68,102.82225036621094,31.68,90.20066833496094,31.680000000000003,85.30125427246094,31.68,86.20288848876953
31.69,93.72820281982422,31.690000000000005,102.77069854736328,31.690000000000005,89.9533920288086,31.69,85.30647277832031,31.690000000000005,85.57453918457031
31.700000000000003,93.47650146484376,31.700000000000003,102.71604919433594,31.700000000000003,89.70262145996094,31.7,85.30526733398438,31.700000000000003,84.9018783569336
31.71,93.19476318359376,31.71,102.65007781982422,31.71,89.4406509399414,31.710000000000004,85.29630279541016,31.71,84.1756362915039
31.72,92.8886489868164,31.72000000000001,102.58792114257812,31.72000000000001,89.14913177490234,31.72,85.2813949584961,31.72,83.36811065673828
31.73,92.56005096435548,31.730000000000004,102.51964569091795,31.730000000000004,88.8424301147461,31.73,85.25240325927734,31.730000000000004,82.4961166381836
31.74,92.17420959472656,31.74,102.441650390625,31.74,88.5203628540039,31.74,85.21134185791016,31.74,81.6123046875
31.75,91.74018096923828,31.75,102.36474609375,31.75,88.19346618652344,31.750000000000004,85.1567153930664,31.75,80.64497375488281
31.76,91.26741027832033,31.760000000000005,102.28304290771484,31.760000000000005,87.86476135253906,31.76,85.08726501464844,31.760000000000005,79.83540344238281
31.770000000000003,90.75701141357422,31.770000000000003,102.2025146484375,31.770000000000003,87.5201187133789,31.77,85.00395202636719,31.770000000000003,79.03012084960938
31.78,90.21407318115234,31.78,102.11956787109376,31.78,87.12654876708984,31.78,84.9101333618164,31.78,78.15914916992188
31.79,89.61077880859375,31.790000000000006,102.03533172607422,31.790000000000006,86.68122100830078,31.790000000000003,84.811767578125,31.79,77.31077575683594
31.8,88.95704650878906,31.800000000000004,101.95353698730467,31.800000000000004,86.20870971679688,31.8,84.71644592285156,31.800000000000004,76.57554626464844
31.81,88.25970458984375,31.81,101.88241577148438,31.81,85.69573211669922,31.81,84.63238525390625,31.81,75.886474609375
31.82,87.50936889648438,31.82,101.82324981689452,31.82,85.1115951538086,31.820000000000004,84.56439971923828,31.82,75.231201171875
31.83,86.76722717285156,31.830000000000005,101.77433776855467,31.830000000000005,84.4567642211914,31.83,84.5106430053711,31.830000000000005,74.55384063720703
31.840000000000003,86.06501770019531,31.840000000000003,101.73646545410156,31.840000000000003,83.78730010986328,31.84,84.47162628173828,31.840000000000003,73.76570892333984
31.85,85.38641357421875,31.85,101.72299194335938,31.85,83.14561462402344,31.85,84.44026184082031,31.85,72.8431167602539
31.86,84.72225952148438,31.86,101.73974609375,31.86,82.54629516601562,31.860000000000003,84.40518188476562,31.86,71.81685638427734
31.87,84.0755615234375,31.870000000000005,101.7804718017578,31.870000000000005,81.97954559326172,31.87,84.36344909667969,31.870000000000005,70.75431060791016
31.880000000000003,83.39511108398438,31.880000000000003,101.8339385986328,31.880000000000003,81.41259002685547,31.88,84.31696319580078,31.880000000000003,69.6437759399414
31.89,82.67958068847656,31.89,101.90138244628906,31.89,80.8109359741211,31.890000000000004,84.27285766601562,31.89,68.47464752197266
31.9,81.9666748046875,31.90000000000001,101.99120330810548,31.90000000000001,80.19833374023438,31.9,84.2427749633789,31.90000000000001,67.18878936767578
31.910000000000004,81.24681854248047,31.910000000000004,102.08969116210938,31.910000000000004,79.58356475830078,31.91,84.22025299072266,31.910000000000004,65.79376983642578
31.92,80.51055145263672,31.92,102.18860626220705,31.92,78.96937561035156,31.92,84.19281768798828,31.92,64.3395004272461
31.93,79.75372314453125,31.93,102.29754638671876,31.93,78.3765869140625,31.930000000000003,84.1570816040039,31.93,62.92364883422852
31.94,78.95790100097656,31.940000000000005,102.4162139892578,31.940000000000005,77.75677490234375,31.94,84.129638671875,31.940000000000005,61.581939697265625
31.950000000000003,78.16896057128906,31.950000000000003,102.5504379272461,31.950000000000003,77.08984375,31.95,84.1154556274414,31.950000000000003,60.3591423034668
31.96,77.48746490478516,31.96,102.68704223632812,31.96,76.41654205322266,31.960000000000004,84.10527801513672,31.96,59.25387573242188
31.97,76.87574768066406,31.97000000000001,102.82967376708984,31.97000000000001,75.75996398925781,31.97,84.10102081298828,31.97,58.022247314453125
31.98,76.26360321044922,31.980000000000004,102.9725570678711,31.980000000000004,75.1928482055664,31.98,84.09313201904297,31.980000000000004,56.528785705566406
31.99,75.63041687011719,31.99,103.11620330810548,31.99,74.69696807861328,31.99,84.08274841308594,31.99,54.94501495361328
32.0,75.03474426269531,32.0,103.26852416992188,32.0,74.22722625732422,32.0,84.0606460571289,32.0,53.17225646972656
32.01,74.46056365966797,32.010000000000005,103.4174346923828,32.010000000000005,73.75688934326172,32.010000000000005,84.01390075683594,32.010000000000005,51.2631950378418
32.02,73.86705017089844,32.02,103.56766510009766,32.02,73.2389907836914,32.02,83.93881225585938,32.02,49.56078720092773
32.03,73.28838348388672,32.03,103.70465087890624,32.03,72.73060607910156,32.03,83.84212493896484,32.03,47.8864631652832
32.04,72.67882537841797,32.040000000000006,103.82911682128906,32.040000000000006,72.29082489013672,32.040000000000006,83.74627685546875,32.04,46.16632080078125
32.05,72.09500122070312,32.050000000000004,103.94139099121094,32.050000000000004,71.84991455078125,32.05,83.65446472167969,32.050000000000004,44.47065734863281
32.06,71.52111053466797,32.06,104.0445785522461,32.06,71.43389129638672,32.06,83.55218505859375,32.06,42.85074234008789
32.07,70.96160125732422,32.07,104.1467514038086,32.07,71.04269409179688,32.07000000000001,83.4368896484375,32.07,41.248565673828125
32.08,70.4283676147461,32.080000000000005,104.25934600830078,32.080000000000005,70.62084197998047,32.08,83.31080627441406,32.080000000000005,39.64991760253906
32.09,69.8504638671875,32.09,104.38516998291016,32.09,70.18197631835938,32.09,83.19371795654297,32.09,38.09524154663086
32.1,69.28479766845703,32.1,104.49642944335938,32.1,69.7245864868164,32.099999999999994,83.09705352783203,32.1,36.4458122253418
32.11,68.6944351196289,32.11,104.61076354980467,32.11,69.23748016357422,32.11,83.00939178466797,32.11,34.720191955566406
32.12,68.12571716308594,32.120000000000005,104.75157928466795,32.120000000000005,68.80805206298828,32.120000000000005,82.92918395996094,32.120000000000005,32.910736083984375
32.13,67.60501098632812,32.13,104.90123748779295,32.13,68.34196472167969,32.129999999999995,82.8520736694336,32.13,31.03901100158692
32.14,67.15013885498047,32.14,105.05045318603516,32.14,67.89594268798828,32.14,82.77739715576172,32.14,29.21065902709961
32.15,66.72079467773438,32.150000000000006,105.23355865478516,32.150000000000006,67.52197265625,32.150000000000006,82.71161651611328,32.150000000000006,27.36639213562012
32.160000000000004,66.26110076904297,32.160000000000004,105.4288330078125,32.160000000000004,67.34487915039062,32.16,82.64666748046875,32.160000000000004,25.52923393249512
32.17,65.82352447509766,32.17,105.646240234375,32.17,67.15194702148438,32.17,82.58718872070312,32.17,23.79140281677246
32.18,65.46098327636719,32.18,105.87659454345705,32.18,66.84870147705078,32.18000000000001,82.5455322265625,32.18,22.12380027770996
32.19,65.09416961669922,32.190000000000005,106.105224609375,32.190000000000005,66.55535125732422,32.19,82.53146362304688,32.190000000000005,20.524152755737305
32.2,64.7450942993164,32.2,106.33834075927734,32.2,66.34298706054688,32.2,82.53417205810547,32.2,18.92571830749512
32.21,64.47315216064453,32.21,106.57772827148438,32.21,66.18192291259766,32.21000000000001,82.5389404296875,32.21,17.50438690185547
32.22,64.22858428955078,32.220000000000006,106.84551239013672,32.220000000000006,65.98770141601562,32.22,82.53611755371094,32.22,16.173921585083008
32.23,63.99502944946289,32.230000000000004,107.13336944580078,32.230000000000004,65.79611206054688,32.230000000000004,82.5147705078125,32.230000000000004,14.841273307800291
32.24,63.72172164916992,32.24,107.4175033569336,32.24,65.61763763427734,32.239999999999995,82.4782943725586,32.24,13.572731971740724
32.25,63.43218994140625,32.25,107.6898422241211,32.25,65.46159362792969,32.25,82.44837951660156,32.25,12.301215171813965
32.26,63.15334701538086,32.260000000000005,107.9561767578125,32.260000000000005,65.34944152832031,32.260000000000005,82.43032836914062,32.260000000000005,11.054737091064451
32.27,62.86360168457031,32.27,108.22229766845705,32.27,65.25523376464844,32.27,82.4273452758789,32.27,9.902042388916016
32.28,62.58139419555664,32.28,108.50272369384766,32.28,65.1275405883789,32.28,82.43779754638672,32.28,8.79335880279541
32.29,62.36090850830078,32.290000000000006,108.77806854248048,32.290000000000006,64.9732666015625,32.290000000000006,82.46358489990234,32.29,7.797242641448975
32.3,62.20431900024414,32.300000000000004,109.04602813720705,32.300000000000004,64.83950805664062,32.3,82.4949951171875,32.300000000000004,6.895299911499023
32.31,62.038570404052734,32.31,109.30252075195312,32.31,64.68341064453125,32.31,82.53307342529297,32.31,5.914458751678467
32.32,61.90972518920898,32.32,109.559814453125,32.32,64.51473236083984,32.32000000000001,82.5659408569336,32.32,5.027514934539795
32.33,61.805545806884766,32.330000000000005,109.81507110595705,32.330000000000005,64.3272476196289,32.33,82.59510040283203,32.330000000000005,4.314397811889648
32.34,61.71332550048828,32.34,110.0521240234375,32.34,64.0858383178711,32.34,82.6038589477539,32.34,3.667638063430786
32.35,61.62602615356445,32.35,110.28268432617188,32.35,63.81597137451172,32.349999999999994,82.58501434326172,32.35,3.024908304214477
32.36,61.55378341674805,32.36,110.50762939453124,32.36,63.52058410644531,32.36,82.53742218017578,32.36,2.5528273582458496
32.37,61.48828125,32.370000000000005,110.72238159179688,32.370000000000005,63.24355316162109,32.370000000000005,82.47760009765625,32.370000000000005,2.2391130924224854
32.38,61.4058837890625,32.38,110.93983459472656,32.38,62.97648620605469,32.379999999999995,82.40984344482422,32.38,2.013947010040283
32.39,61.31386184692383,32.39,111.1548843383789,32.39,62.694766998291016,32.39,82.34403228759766,32.39,1.8020377159118648
32.4,61.224891662597656,32.400000000000006,111.36522674560548,32.400000000000006,62.41917037963867,32.400000000000006,82.27828216552734,32.400000000000006,1.683714747428894
32.410000000000004,61.14421081542969,32.410000000000004,111.56861877441406,32.410000000000004,62.14972686767578,32.41,82.2188491821289,32.410000000000004,1.633846640586853
32.42,61.07735061645508,32.42,111.76026153564452,32.42,61.91353225708008,32.42,82.16084289550781,32.42,1.625901699066162
32.43,61.0100212097168,32.43,111.94253540039062,32.43,61.69144821166992,32.43000000000001,82.10282897949219,32.43,1.6421488523483276
32.44,60.92912292480469,32.440000000000005,112.11056518554688,32.440000000000005,61.46763610839844,32.44,82.0380859375,32.440000000000005,1.6698108911514282
32.45,60.864501953125,32.45,112.2778549194336,32.45,61.280555725097656,32.45,81.9695053100586,32.45,1.723030924797058
32.46,60.81255340576172,32.46,112.44322967529295,32.46,61.11118698120117,32.46000000000001,81.9027328491211,32.46,1.8219376802444456
32.47,60.76878356933594,32.470000000000006,112.60071563720705,32.470000000000006,60.95065307617188,32.47,81.85444641113281,32.47,1.9332247972488403
32.48,60.72817993164063,32.480000000000004,112.7562026977539,32.480000000000004,60.82720184326172,32.480000000000004,81.81865692138672,32.480000000000004,2.0474636554718018
32.49,60.70753860473633,32.49,112.90796661376952,32.49,60.7526969909668,32.489999999999995,81.79256439208984,32.49,2.191400051116944
32.5,60.72220993041992,32.5,113.06461334228516,32.5,60.709110260009766,32.5,81.78096771240234,32.5,2.3542752265930176
32.51,60.77080535888672,32.510000000000005,113.22323608398438,32.510000000000005,60.69547653198242,32.510000000000005,81.77974700927734,32.510000000000005,2.5169677734375
32.52,60.828739166259766,32.52,113.36421966552734,32.52,60.71940994262695,32.52,81.78335571289062,32.52,2.663839101791382
32.53,60.9212760925293,32.53,113.4838638305664,32.53,60.76973342895508,32.53,81.79077911376953,32.53,2.815288782119751
32.54,61.04013442993164,32.540000000000006,113.57258605957033,32.540000000000006,60.83861541748047,32.540000000000006,81.79730224609375,32.54,3.006441116333008
32.55,61.17169570922852,32.550000000000004,113.6505355834961,32.550000000000004,60.93601608276367,32.55,81.80014038085938,32.550000000000004,3.140296220779419
32.56,61.32584762573242,32.56,113.7148895263672,32.56,61.04764175415039,32.56,81.79643249511719,32.56,3.263141870498657
32.57,61.502140045166016,32.57,113.77139282226562,32.57,61.16828918457031,32.57000000000001,81.78308868408203,32.57,3.502699136734009
32.58,61.69688415527344,32.580000000000005,113.82122039794922,32.580000000000005,61.29954528808594,32.58,81.76617431640625,32.580000000000005,3.7020797729492174
32.59,61.90510177612305,32.59,113.87271118164062,32.59,61.4354248046875,32.59,81.75048065185547,32.59,3.931856632232666
32.6,62.13420867919922,32.6,113.9250259399414,32.6,61.592567443847656,32.599999999999994,81.7429428100586,32.6,4.200444221496582
32.61,62.37347412109375,32.61,113.9354476928711,32.61,61.775123596191406,32.61,81.74089050292969,32.61,4.4320502281188965
32.62,62.622066497802734,32.620000000000005,113.90860748291016,32.620000000000005,61.98574066162109,32.620000000000005,81.74547576904297,32.620000000000005,4.708207607269287
32.63,62.88163375854492,32.63,113.8483428955078,32.63,62.20674514770508,32.629999999999995,81.75421905517578,32.63,5.060227870941162
32.64,63.161720275878906,32.64,113.76614379882812,32.64,62.44011688232422,32.64,81.76570129394531,32.64,5.4474873542785645
32.65,63.45339584350586,32.650000000000006,113.66712188720705,32.650000000000006,62.69490432739258,32.650000000000006,81.77947235107422,32.650000000000006,5.858894348144531
32.660000000000004,63.73524475097656,32.660000000000004,113.55844116210938,32.660000000000004,62.94814682006836,32.66,81.78844451904297,32.660000000000004,6.3529052734375
32.67,64.01806640625,32.67,113.45295715332033,32.67,63.20236587524414,32.67,81.80167388916016,32.67,6.895726680755615
32.68,64.33728790283203,32.68,113.3585433959961,32.68,63.45061111450195,32.68000000000001,81.82071685791016,32.68,7.527527809143066
32.69,64.65351867675781,32.690000000000005,113.24739074707033,32.690000000000005,63.703243255615234,32.69,81.84162139892578,32.690000000000005,8.224703788757324
32.7,64.95901489257812,32.7,113.10950469970705,32.7,63.96940231323242,32.7,81.8614273071289,32.7,8.953545570373535
32.71,65.2756118774414,32.71,112.9522476196289,32.71,64.23564147949219,32.71000000000001,81.8808364868164,32.71,9.733388900756836
32.72,65.59032440185547,32.720000000000006,112.784912109375,32.720000000000006,64.51406860351562,32.72,81.89983367919922,32.72,10.589877128601074
32.73,65.90823364257812,32.730000000000004,112.60733032226562,32.730000000000004,64.8000259399414,32.730000000000004,81.92430877685547,32.730000000000004,11.496526718139648
32.74,66.22381591796875,32.74,112.41421508789062,32.74,65.09844207763672,32.739999999999995,81.95519256591797,32.74,12.450613975524902
32.75,66.53746795654297,32.75,112.20354461669922,32.75,65.41845703125,32.75,81.98217010498047,32.75,13.433950424194336
32.76,66.86325073242188,32.760000000000005,111.9822998046875,32.760000000000005,65.76988220214844,32.760000000000005,82.00748443603516,32.760000000000005,14.459879875183104
32.77,67.18509674072266,32.77,111.75542449951172,32.77,66.1063232421875,32.77,82.03231811523438,32.77,15.523871421813965
32.78,67.5096664428711,32.78,111.5236587524414,32.78,66.43004608154297,32.78,82.05435943603516,32.78,16.61733627319336
32.79,67.83952331542969,32.790000000000006,111.28605651855467,32.790000000000006,66.7552719116211,32.790000000000006,82.0749740600586,32.79,17.767166137695312
32.8,68.17253875732422,32.800000000000004,111.0478286743164,32.800000000000004,67.09952545166016,32.8,82.1033935546875,32.800000000000004,18.954570770263672
32.81,68.49541473388672,32.81,110.80490112304688,32.81,67.5020523071289,32.81,82.13934326171875,32.81,20.18172836303711
32.82,68.81212615966797,32.82,110.55329132080078,32.82,67.927490234375,32.82000000000001,82.17970275878906,32.82,21.45563697814941
32.83,69.15939331054688,32.830000000000005,110.29242706298828,32.830000000000005,68.35029602050781,32.83,82.21937561035156,32.830000000000005,22.78281021118164
32.84,69.52274322509766,32.84,110.02725982666016,32.84,68.74242401123047,32.84,82.26445007324219,32.84,24.124128341674805
32.85,69.88054656982422,32.85,109.76083374023438,32.85,69.103515625,32.849999999999994,82.3283920288086,32.85,25.49837112426757
32.86,70.25993347167969,32.86,109.48883819580078,32.86,69.46719360351562,32.86,82.41474151611328,32.86,26.883928298950195
32.87,70.67778015136719,32.870000000000005,109.22256469726562,32.870000000000005,69.84439849853516,32.870000000000005,82.5259780883789,32.870000000000005,28.27762031555176
32.88,71.10954284667969,32.88,108.9589385986328,32.88,70.2468490600586,32.879999999999995,82.65693664550781,32.88,29.69036293029785
32.89,71.5486068725586,32.89,108.70426940917967,32.89,70.6541519165039,32.89,82.79952239990234,32.89,31.10491943359375
32.9,72.00055694580078,32.900000000000006,108.46163177490234,32.900000000000006,71.0568618774414,32.900000000000006,82.94097900390625,32.900000000000006,32.53435134887695
32.910000000000004,72.48951721191406,32.910000000000004,108.22269439697266,32.910000000000004,71.48839569091797,32.91,83.07746124267578,32.910000000000004,33.96092224121094
32.92,73.00434112548828,32.92,107.9846420288086,32.92,71.97050476074219,32.92,83.20540618896484,32.92,35.38365173339844
32.93,73.5327377319336,32.93,107.7492904663086,32.93,72.44891357421875,32.93000000000001,83.323974609375,32.93,36.79073333740234
32.94,74.07276153564453,32.940000000000005,107.51703643798828,32.940000000000005,72.90967559814453,32.94,83.4302978515625,32.940000000000005,38.19744491577149
32.95,74.64694213867188,32.95,107.28766632080078,32.95,73.40116882324219,32.95,83.52410125732422,32.95,39.60845947265625
32.96,75.24261474609375,32.96,107.06832885742188,32.96,73.89574432373047,32.96000000000001,83.60900115966797,32.96,41.04742813110352
32.97,75.83763885498047,32.970000000000006,106.8577651977539,32.970000000000006,74.35917663574219,32.97,83.68579864501953,32.97,42.487823486328125
32.98,76.42819213867188,32.980000000000004,106.65306091308594,32.980000000000004,74.87254333496094,32.980000000000004,83.76322174072266,32.980000000000004,43.94926834106445
32.99,77.03960418701172,32.99,106.45222473144533,32.99,75.46005249023438,32.989999999999995,83.84535217285156,32.99,45.41067123413086
33.0,77.6690444946289,33.0,106.25518798828124,33.0,76.03160095214844,33.0,83.93898010253906,33.0,46.8560791015625
33.01,78.29943084716797,33.010000000000005,106.05936431884766,33.010000000000005,76.57648468017578,33.010000000000005,84.04010009765625,33.010000000000005,48.279815673828125
33.02,78.89054870605469,33.02,105.86592864990234,33.02,77.11727905273438,33.02,84.14405822753906,33.02,49.69614791870117
33.03,79.50465393066406,33.03,105.6786651611328,33.03,77.6612777709961,33.03,84.24421691894531,33.03,51.08842849731445
33.04,80.16415405273438,33.040000000000006,105.49373626708984,33.040000000000006,78.21041107177734,33.040000000000006,84.32796478271484,33.04,52.4427604675293
33.05,80.86378479003906,33.050000000000004,105.32282257080078,33.050000000000004,78.76445007324219,33.05,84.38395690917969,33.050000000000004,53.80454635620117
33.06,81.55838012695312,33.06,105.15910339355467,33.06,79.30610656738281,33.06,84.40879821777344,33.06,55.159156799316406
33.07,82.21844482421875,33.07,104.9961929321289,33.07,79.78224182128906,33.07000000000001,84.41241455078125,33.07,56.52543258666992
33.08,82.85843658447266,33.080000000000005,104.82411193847656,33.080000000000005,80.33589935302734,33.08,84.41227722167969,33.080000000000005,57.8864631652832
33.09,83.47726440429688,33.09,104.64486694335938,33.09,80.88037872314453,33.09,84.4241714477539,33.09,59.24336242675781
33.1,84.08985137939453,33.1,104.46820831298828,33.1,81.3726806640625,33.099999999999994,84.44404602050781,33.1,60.58418273925781
33.11,84.70413208007812,33.11,104.3065185546875,33.11,81.84525299072266,33.11,84.46639251708984,33.11,61.91416549682617
33.12,85.30585479736328,33.120000000000005,104.15790557861328,33.120000000000005,82.314208984375,33.120000000000005,84.49073791503906,33.120000000000005,63.19293975830078
33.13,85.8890609741211,33.13,104.02774047851562,33.13,82.77911376953125,33.129999999999995,84.51249694824219,33.13,64.45128631591797
33.14,86.44457244873047,33.14,103.8977279663086,33.14,83.26687622070312,33.14,84.53147888183594,33.14,65.70271301269531
33.15,86.98919677734375,33.150000000000006,103.77123260498048,33.150000000000006,83.7845458984375,33.150000000000006,84.54283905029297,33.150000000000006,66.93933868408203
33.160000000000004,87.52975463867188,33.160000000000004,103.64159393310548,33.160000000000004,84.27375030517578,33.16,84.54875183105469,33.160000000000004,68.2029037475586
33.17,88.04680633544922,33.17,103.50823974609376,33.17,84.73543548583984,33.17,84.54937744140625,33.17,69.45732879638672
33.18,88.53822326660156,33.18,103.38665008544922,33.18,85.17202758789062,33.18000000000001,84.54813385009766,33.18,70.66756439208984
33.19,89.04141998291016,33.190000000000005,103.28759765625,33.190000000000005,85.58653259277344,33.19,84.5457534790039,33.190000000000005,71.888671875
33.2,89.51544189453125,33.2,103.20643615722656,33.2,86.01071166992188,33.2,84.54117584228516,33.2,73.12276458740234
33.21,89.95196533203125,33.21,103.139404296875,33.21,86.44461059570312,33.21000000000001,84.53819274902344,33.21,74.3052978515625
33.22,90.35356903076172,33.220000000000006,103.0902862548828,33.220000000000006,86.88378143310547,33.22,84.53704833984375,33.22,75.41558074951172
33.23,90.71267700195312,33.230000000000004,103.0356216430664,33.230000000000004,87.36383056640625,33.230000000000004,84.52999877929688,33.230000000000004,76.50363159179688
33.24,91.06629180908205,33.24,102.97620391845705,33.24,87.67443084716797,33.239999999999995,84.5262451171875,33.24,77.50011444091797
33.25,91.4450225830078,33.25,102.92395782470705,33.25,87.99897003173828,33.25,84.52726745605469,33.25,78.4175796508789
33.26,91.8125,33.260000000000005,102.88536071777344,33.260000000000005,88.33853912353516,33.260000000000005,84.53424072265625,33.260000000000005,79.19019317626953
33.27,92.15992736816406,33.27,102.86739349365234,33.27,88.65634155273438,33.27,84.54629516601562,33.27,79.93646240234375
33.28,92.4781723022461,33.28,102.849853515625,33.28,88.93775177001953,33.28,84.558349609375,33.28,80.66155242919922
33.29,92.72746276855467,33.290000000000006,102.82198333740234,33.290000000000006,89.21684265136719,33.290000000000006,84.57011413574219,33.29,81.36206817626953
33.3,92.9421844482422,33.300000000000004,102.78681182861328,33.300000000000004,89.49246978759766,33.3,84.58694458007812,33.300000000000004,82.02275085449219
33.31,93.13758850097656,33.31,102.75433349609376,33.31,89.73387908935547,33.31,84.60851287841797,33.31,82.66622924804688
33.32,93.3102569580078,33.32,102.70794677734376,33.32,89.98676300048828,33.32000000000001,84.6341781616211,33.32,83.36222076416016
33.33,93.44496154785156,33.330000000000005,102.66726684570312,33.330000000000005,90.23438262939452,33.33,84.66678619384766,33.330000000000005,84.1310043334961
33.34,93.57274627685548,33.34,102.62506103515624,33.34,90.48860931396484,33.34,84.70374298095703,33.34,84.99337005615234
33.35,93.69833374023438,33.35,102.59852600097656,33.35,90.72925567626952,33.349999999999994,84.74667358398438,33.35,85.9156723022461
33.36,93.82510375976562,33.36,102.56687927246094,33.36,90.9618682861328,33.36,84.79734802246094,33.36,86.75409698486328
33.37,93.95751190185548,33.370000000000005,102.54345703125,33.370000000000005,91.17742156982422,33.370000000000005,84.85359191894531,33.370000000000005,87.53929138183594
33.38,94.09298706054688,33.38,102.52230834960938,33.38,91.37001037597656,33.379999999999995,84.91435241699219,33.38,88.21984100341797
33.39,94.21617126464844,33.39,102.51763153076172,33.39,91.5312042236328,33.39,84.97291564941406,33.39,88.8552017211914
33.4,94.3318862915039,33.400000000000006,102.5387191772461,33.400000000000006,91.6717529296875,33.400000000000006,85.0278549194336,33.400000000000006,89.47225189208984
33.410000000000004,94.43665313720705,33.410000000000004,102.55036926269533,33.410000000000004,91.78744506835938,33.41,85.07916259765625,33.410000000000004,90.09397888183594
33.42,94.53504943847656,33.42,102.55498504638672,33.42,91.87873077392578,33.42,85.11705780029297,33.42,90.6743621826172
33.43,94.64176940917967,33.43,102.55254364013672,33.43,91.95983123779295,33.43000000000001,85.14485931396484,33.43,91.18514251708984
33.44,94.73493194580078,33.440000000000005,102.54840850830078,33.440000000000005,92.00586700439452,33.44,85.16747283935547,33.440000000000005,91.66399383544922
33.45,94.82040405273438,33.45,102.55158996582033,33.45,92.03559112548828,33.45,85.18602752685547,33.45,92.10364532470705
33.46,94.9044418334961,33.46,102.57057189941406,33.46,92.04874420166016,33.46000000000001,85.20360565185547,33.46,92.51018524169922
33.47,94.97129821777344,33.470000000000006,102.6295166015625,33.470000000000006,92.06393432617188,33.47,85.21978759765625,33.47,92.9045181274414
33.48,95.01998138427734,33.480000000000004,102.6325454711914,33.480000000000004,92.0731201171875,33.480000000000004,85.23340606689453,33.480000000000004,93.3561019897461
33.49,95.081298828125,33.49,102.64437866210938,33.49,92.06584167480467,33.489999999999995,85.23890686035156,33.49,93.79015350341795
33.5,95.1199951171875,33.5,102.64653778076172,33.5,92.0538558959961,33.5,85.23820495605469,33.5,94.21381378173828
33.51,95.13951873779295,33.510000000000005,102.63995361328124,33.510000000000005,92.0376968383789,33.510000000000005,85.23466491699219,33.510000000000005,94.64444732666016
33.52,95.15345764160156,33.52,102.6172103881836,33.52,92.014892578125,33.52,85.23046112060547,33.52,95.08547973632812
33.53,95.14488220214844,33.53,102.5945281982422,33.53,91.99886322021484,33.53,85.22339630126953,33.53,95.46636962890624
33.54,95.13573455810548,33.540000000000006,102.58578491210938,33.540000000000006,92.00003051757812,33.540000000000006,85.21429443359375,33.54,95.82589721679688
33.55,95.12259674072266,33.550000000000004,102.57584381103516,33.550000000000004,92.02501678466795,33.55,85.20635986328125,33.550000000000004,96.15724182128906
33.56,95.09662628173828,33.56,102.55262756347656,33.56,92.0643539428711,33.56,85.20362854003906,33.56,96.4333038330078
33.57,95.0694580078125,33.57,102.5341567993164,33.57,92.10562896728516,33.57000000000001,85.20762634277344,33.57,96.6611557006836
33.58,95.0453109741211,33.580000000000005,102.51719665527344,33.580000000000005,92.14635467529295,33.58,85.2084732055664,33.580000000000005,96.86932373046876
33.59,95.03112030029295,33.59,102.50523376464844,33.59,92.1913833618164,33.59,85.20368957519531,33.59,97.03264617919922
33.6,95.05457305908205,33.6,102.50251770019533,33.6,92.2415008544922,33.599999999999994,85.19735717773438,33.6,97.17920684814452
33.61,95.07665252685548,33.61,102.50534057617188,33.61,92.29378509521484,33.61,85.18910217285156,33.61,97.3250732421875
33.62,95.09652709960938,33.620000000000005,102.50924682617188,33.620000000000005,92.34212493896484,33.620000000000005,85.17652130126953,33.620000000000005,97.44022369384766
33.63,95.10941314697266,33.63,102.52202606201172,33.63,92.3884735107422,33.629999999999995,85.16065979003906,33.63,97.54432678222656
33.64,95.12133026123048,33.64,102.55357360839844,33.64,92.4379425048828,33.64,85.14261627197266,33.64,97.62129974365234
33.65,95.1446533203125,33.650000000000006,102.5962142944336,33.650000000000006,92.4808578491211,33.650000000000006,85.12455749511719,33.650000000000006,97.66846466064452
33.660000000000004,95.17483520507812,33.660000000000004,102.64108276367188,33.660000000000004,92.52898406982422,33.66,85.1094970703125,33.660000000000004,97.69396209716795
33.67,95.20978546142578,33.67,102.68506622314452,33.67,92.57660675048828,33.67,85.10023498535156,33.67,97.70824432373048
33.68,95.23887634277344,33.68,102.72525024414062,33.68,92.62532043457033,33.68000000000001,85.09600067138672,33.68,97.72068786621094
33.69,95.27537536621094,33.690000000000005,102.78038024902344,33.690000000000005,92.68091583251952,33.69,85.0924072265625,33.690000000000005,97.73394012451172
33.7,95.31050872802734,33.7,102.83335876464844,33.7,92.7292251586914,33.7,85.09144592285156,33.7,97.74759674072266
33.71,95.35155487060548,33.71,102.86583709716795,33.71,92.77497100830078,33.71000000000001,85.09492492675781,33.71,97.76544952392578
33.72,95.39453887939452,33.720000000000006,102.88021087646484,33.720000000000006,92.81322479248048,33.72,85.107421875,33.72,97.7870101928711
33.73,95.44713592529295,33.730000000000004,102.89376831054688,33.730000000000004,92.85050201416016,33.730000000000004,85.1244888305664,33.730000000000004,97.80905151367188
33.74,95.49105834960938,33.74,102.91421508789062,33.74,92.88964080810548,33.739999999999995,85.14540100097656,33.74,97.83039855957033
33.75,95.53602600097656,33.75,102.92718505859376,33.75,92.92570495605467,33.75,85.16722869873047,33.75,97.84725952148438
33.76,95.57798767089844,33.760000000000005,102.92525482177734,33.760000000000005,92.95802307128906,33.760000000000005,85.1909408569336,33.760000000000005,97.86453247070312
33.77,95.59930419921876,33.77,102.903564453125,33.77,92.9850616455078,33.77,85.2127685546875,33.77,97.88468933105467
33.78,95.60276794433594,33.78,102.88373565673828,33.78,93.01116180419922,33.78,85.23167419433594,33.78,97.9072265625
33.79,95.59187316894533,33.790000000000006,102.8672866821289,33.790000000000006,93.03331756591795,33.790000000000006,85.24653625488281,33.79,97.9279556274414
33.8,95.55712890625,33.800000000000004,102.8465805053711,33.800000000000004,93.05449676513672,33.8,85.25574493408203,33.800000000000004,97.94231414794922
33.81,95.52945709228516,33.81,102.82093048095705,33.81,93.07855224609376,33.81,85.26139831542969,33.81,97.95465087890624
33.82,95.50050354003906,33.82,102.78399658203124,33.82,93.10484313964844,33.82000000000001,85.26591491699219,33.82,97.96365356445312
33.83,95.48035430908205,33.830000000000005,102.73262786865234,33.830000000000005,93.12250518798828,33.83,85.26657104492188,33.830000000000005,97.97003173828124
33.84,95.46427154541016,33.84,102.68849182128906,33.84,93.13092041015624,33.84,85.26527404785156,33.84,97.97626495361328
33.85,95.44591522216795,33.85,102.65711212158205,33.85,93.13629913330078,33.849999999999994,85.260986328125,33.85,97.98672485351562
33.86,95.4262924194336,33.86,102.64250183105467,33.86,93.14922332763672,33.86,85.25322723388672,33.86,97.99447631835938
33.87,95.41014099121094,33.870000000000005,102.62630462646484,33.870000000000005,93.16690826416016,33.870000000000005,85.24122619628906,33.870000000000005,97.99943542480467
33.88,95.4014129638672,33.88,102.58824920654295,33.88,93.17459106445312,33.879999999999995,85.2256851196289,33.88,98.0152587890625
33.89,95.39933776855467,33.89,102.5731964111328,33.89,93.16957092285156,33.89,85.20614624023438,33.89,98.0259780883789
33.9,95.39945220947266,33.900000000000006,102.58526611328124,33.900000000000006,93.15788269042967,33.900000000000006,85.18128204345703,33.900000000000006,98.0335464477539
33.910000000000004,95.40541076660156,33.910000000000004,102.60969543457033,33.910000000000004,93.1436767578125,33.91,85.1550064086914,33.910000000000004,98.03108978271484
33.92,95.4143524169922,33.92,102.64332580566406,33.92,93.1292953491211,33.92,85.12552642822266,33.92,98.02376556396484
33.93,95.42659759521484,33.93,102.67705535888672,33.93,93.11109924316406,33.93000000000001,85.10016632080078,33.93,98.0115737915039
33.94,95.44035339355467,33.940000000000005,102.70533752441406,33.940000000000005,93.09300231933594,33.94,85.0791015625,33.940000000000005,97.9987335205078
33.95,95.45142364501952,33.95,102.73976135253906,33.95,93.0756378173828,33.95,85.06153106689453,33.95,97.9861831665039
33.96,95.4782257080078,33.96,102.78336334228516,33.96,93.0635986328125,33.96000000000001,85.04876708984375,33.96,97.96491241455078
33.97,95.49134826660156,33.970000000000006,102.8164520263672,33.970000000000006,93.0600128173828,33.97,85.03380584716797,33.97,97.9342803955078
33.98,95.50721740722656,33.980000000000004,102.84182739257812,33.980000000000004,93.0623016357422,33.980000000000004,85.02456665039062,33.980000000000004,97.8976058959961
33.99,95.52848815917967,33.99,102.86558532714844,33.99,93.06884002685548,33.989999999999995,85.02188873291016,33.99,97.86444854736328
34.0,95.55196380615234,34.0,102.88634490966795,34.0,93.07953643798828,34.0,85.02210998535156,34.0,97.8349151611328
34.01,95.57014465332033,34.010000000000005,102.90544891357422,34.010000000000005,93.09626007080078,34.010000000000005,85.01277160644531,34.010000000000005,97.80207061767578
34.02,95.57978057861328,34.02,102.91829681396484,34.02,93.11418151855467,34.02,85.01353454589844,34.02,97.76544952392578
34.03,95.58013916015624,34.03,102.92971801757812,34.03,93.1199188232422,34.03,85.01187896728516,34.03,97.72650146484376
34.04,95.58714294433594,34.040000000000006,102.93954467773438,34.040000000000006,93.12857818603516,34.040000000000006,85.00725555419922,34.04,97.68260955810548
34.05,95.59133911132812,34.050000000000004,102.95428466796876,34.050000000000004,93.12889862060548,34.05,84.99999237060547,34.050000000000004,97.63774871826172
34.06,95.60789489746094,34.06,102.97949981689452,34.06,93.1306610107422,34.06,84.99462890625,34.06,97.5947036743164
34.07,95.61640167236328,34.07,102.99656677246094,34.07,93.13619232177734,34.07000000000001,84.9901123046875,34.07,97.5519561767578
34.08,95.62042236328124,34.080000000000005,103.00758361816406,34.080000000000005,93.14566040039062,34.08,84.98687744140625,34.080000000000005,97.51275634765624
34.09,95.6186294555664,34.09,103.01563262939452,34.09,93.15135955810548,34.09,84.99018096923828,34.09,97.4773406982422
34.1,95.6253890991211,34.1,103.012939453125,34.1,93.15390014648438,34.099999999999994,84.99114227294922,34.1,97.44536590576172
34.11,95.6341323852539,34.11,103.0117416381836,34.11,93.14836120605467,34.11,84.99081420898438,34.11,97.41272735595705
34.12,95.64168548583984,34.120000000000005,103.01964569091795,34.120000000000005,93.13995361328124,34.120000000000005,84.98770141601562,34.120000000000005,97.38518524169922
34.13,95.64095306396484,34.13,103.0294189453125,34.13,93.11785125732422,34.129999999999995,84.98530578613281,34.13,97.36237335205078
34.14,95.62952423095705,34.14,103.0359344482422,34.14,93.09231567382812,34.14,84.98185729980469,34.14,97.34239959716795
34.15,95.63758087158205,34.150000000000006,103.04112243652344,34.150000000000006,93.06742095947266,34.150000000000006,84.97579193115234,34.150000000000006,97.32115173339844
34.160000000000004,95.6434097290039,34.160000000000004,103.04434967041016,34.160000000000004,93.04005432128906,34.16,84.96898651123047,34.160000000000004,97.30327606201172
34.17,95.63648986816406,34.17,103.04564666748048,34.17,93.0124969482422,34.17,84.96060180664062,34.17,97.28712463378906
34.18,95.63704681396484,34.18,103.05471801757812,34.18,92.99137115478516,34.18000000000001,84.95349884033203,34.18,97.27291870117188
34.19,95.63817596435548,34.190000000000005,103.06815338134766,34.190000000000005,92.97608947753906,34.19,84.94343566894531,34.190000000000005,97.26451873779295
34.2,95.63194274902344,34.2,103.08119201660156,34.2,92.96475982666016,34.2,84.93486022949219,34.2,97.26384735107422
34.21,95.6218032836914,34.21,103.07461547851562,34.21,92.95156860351562,34.21000000000001,84.92386627197266,34.21,97.27151489257812
34.22,95.61136627197266,34.220000000000006,103.06910705566406,34.220000000000006,92.93855285644533,34.22,84.90997314453125,34.22,97.2790298461914
34.23,95.6036605834961,34.230000000000004,103.05615234375,34.230000000000004,92.92623901367188,34.230000000000004,84.8963394165039,34.230000000000004,97.29291534423828
34.24,95.5934066772461,34.24,103.0459976196289,34.24,92.91891479492188,34.239999999999995,84.88308715820312,34.24,97.3131866455078
34.25,95.59051513671876,34.25,103.01863098144533,34.25,92.91670989990234,34.25,84.87024688720703,34.25,97.3373031616211
34.26,95.59237670898438,34.260000000000005,103.0149917602539,34.260000000000005,92.90885925292967,34.260000000000005,84.85533905029297,34.260000000000005,97.3670654296875
34.27,95.59319305419922,34.27,103.01374816894533,34.27,92.89786529541016,34.27,84.84123992919922,34.27,97.40255737304688
34.28,95.60131072998048,34.28,103.020751953125,34.28,92.896484375,34.28,84.82920837402344,34.28,97.44281005859376
34.29,95.60860443115234,34.290000000000006,103.03739166259766,34.290000000000006,92.89169311523438,34.290000000000006,84.82144165039062,34.29,97.4847640991211
34.3,95.61377716064452,34.300000000000004,103.06092834472656,34.300000000000004,92.88736724853516,34.3,84.81427764892578,34.300000000000004,97.52516174316406
34.31,95.61442565917967,34.31,103.0822296142578,34.31,92.88529205322266,34.31,84.80651092529297,34.31,97.5584945678711
34.32,95.61518096923828,34.32,103.10382843017578,34.32,92.87886810302734,34.32000000000001,84.79810333251953,34.32,97.59120178222656
34.33,95.6227798461914,34.330000000000005,103.12869262695312,34.330000000000005,92.87535095214844,34.33,84.79090881347656,34.330000000000005,97.62458038330078
34.34,95.62147521972656,34.34,103.15451049804688,34.34,92.87459564208984,34.34,84.78307342529297,34.34,97.65746307373048
34.35,95.62376403808594,34.35,103.17780303955078,34.35,92.87273406982422,34.349999999999994,84.77153778076172,34.35,97.68849182128906
34.36,95.62741088867188,34.36,103.20510864257812,34.36,92.88369750976562,34.36,84.76492309570312,34.36,97.72242736816406
34.37,95.62560272216795,34.370000000000005,103.2316436767578,34.370000000000005,92.8921356201172,34.370000000000005,84.75989532470703,34.370000000000005,97.75578308105467
34.38,95.63443756103516,34.38,103.2533950805664,34.38,92.89046478271484,34.379999999999995,84.76190948486328,34.38,97.78379821777344
34.39,95.6381378173828,34.39,103.275146484375,34.39,92.88540649414062,34.39,84.76068878173828,34.39,97.8099594116211
34.4,95.6449966430664,34.400000000000006,103.29713439941406,34.400000000000006,92.88909149169922,34.400000000000006,84.76395416259766,34.400000000000006,97.83616638183594
34.410000000000004,95.66180419921876,34.410000000000004,103.32130432128906,34.410000000000004,92.90177917480467,34.41,84.7659683227539,34.410000000000004,97.86140441894533
34.42,95.67601013183594,34.42,103.34185791015624,34.42,92.91734313964844,34.42,84.76651763916016,34.42,97.88565063476562
34.43,95.6839370727539,34.43,103.36390686035156,34.43,92.9326400756836,34.43000000000001,84.76692199707031,34.43,97.91263580322266
34.44,95.69129943847656,34.440000000000005,103.38674926757812,34.440000000000005,92.94801330566406,34.44,84.76656341552734,34.440000000000005,97.93821716308594
34.45,95.69187927246094,34.45,103.41522216796876,34.45,92.95491027832033,34.45,84.76509094238281,34.45,97.96051788330078
34.46,95.69739532470705,34.46,103.44021606445312,34.46,92.95974731445312,34.46000000000001,84.76668548583984,34.46,97.97982788085938
34.47,95.70149230957033,34.470000000000006,103.4603500366211,34.470000000000006,92.9753189086914,34.47,84.76689910888672,34.47,97.99664306640624
34.48,95.70421600341795,34.480000000000004,103.48697662353516,34.480000000000004,92.99563598632812,34.480000000000004,84.76670837402344,34.480000000000004,98.01422882080078
34.49,95.71443939208984,34.49,103.5107421875,34.49,93.01425170898438,34.489999999999995,84.76392364501953,34.49,98.03175354003906
34.5,95.72254943847656,34.5,103.5377197265625,34.5,93.03401184082033,34.5,84.76182556152344,34.5,98.05012512207033
34.51,95.73072814941406,34.510000000000005,103.55479431152344,34.510000000000005,93.0528335571289,34.510000000000005,84.75772857666016,34.510000000000005,98.0663833618164
34.52,95.74339294433594,34.52,103.56866455078124,34.52,93.068115234375,34.52,84.75323486328125,34.52,98.0799331665039
34.53,95.75689697265624,34.53,103.5809326171875,34.53,93.08443450927734,34.53,84.74979400634766,34.53,98.0892562866211
34.54,95.77085876464844,34.540000000000006,103.59569549560548,34.540000000000006,93.10004425048828,34.540000000000006,84.74446868896484,34.54,98.094482421875
34.55,95.78260040283205,34.550000000000004,103.60659790039062,34.550000000000004,93.11717224121094,34.55,84.73931884765625,34.550000000000004,98.0989761352539
34.56,95.7987289428711,34.56,103.6247100830078,34.56,93.12989807128906,34.56,84.73478698730469,34.56,98.10230255126952
34.57,95.82356262207033,34.57,103.64344024658205,34.57,93.14498901367188,34.57000000000001,84.72920989990234,34.57,98.1039047241211
34.58,95.84412384033205,34.580000000000005,103.66154479980467,34.580000000000005,93.17282104492188,34.58,84.72549438476562,34.580000000000005,98.10791778564452
34.59,95.85858154296876,34.59,103.678955078125,34.59,93.19652557373048,34.59,84.72116088867188,34.59,98.11321258544922
34.6,95.8724594116211,34.6,103.6944808959961,34.6,93.21585845947266,34.599999999999994,84.7144546508789,34.6,98.11540222167967
34.61,95.88268280029295,34.61,103.7140121459961,34.61,93.2368392944336,34.61,84.7071304321289,34.61,98.11212158203124
34.62,95.895751953125,34.620000000000005,103.73250579833984,34.620000000000005,93.26103973388672,34.620000000000005,84.70000457763672,34.620000000000005,98.1074676513672
34.63,95.9110107421875,34.63,103.7507781982422,34.63,93.28823852539062,34.629999999999995,84.69135284423828,34.63,98.10198211669922
34.64,95.93637084960938,34.64,103.7731475830078,34.64,93.3167953491211,34.64,84.68389892578125,34.64,98.09872436523438
34.65,95.96705627441406,34.650000000000006,103.8000259399414,34.650000000000006,93.34822082519533,34.650000000000006,84.6770248413086,34.650000000000006,98.0963134765625
34.660000000000004,95.99705505371094,34.660000000000004,103.82137298583984,34.660000000000004,93.37908935546876,34.66,84.67137145996094,34.660000000000004,98.08845520019533
34.67,96.02546691894533,34.67,103.8377456665039,34.67,93.40624237060548,34.67,84.66918182373047,34.67,98.07865142822266
34.68,96.04774475097656,34.68,103.85358428955078,34.68,93.4333724975586,34.68000000000001,84.66661071777344,34.68,98.07015228271484
34.69,96.06941986083984,34.690000000000005,103.8694076538086,34.690000000000005,93.45750427246094,34.69,84.66394805908203,34.690000000000005,98.05725860595705
34.7,96.08984375,34.7,103.8905029296875,34.7,93.48162841796876,34.7,84.66138458251953,34.7,98.04208374023438
34.71,96.10693359375,34.71,103.91693878173828,34.71,93.50218200683594,34.71000000000001,84.65623474121094,34.71,98.02369689941406
34.72,96.12560272216795,34.720000000000006,103.94307708740234,34.720000000000006,93.5224838256836,34.72,84.65001678466797,34.72,98.00358581542967
34.73,96.1419906616211,34.730000000000004,103.96495056152344,34.730000000000004,93.54532623291016,34.730000000000004,84.64312744140625,34.730000000000004,97.98129272460938
34.74,96.15919494628906,34.74,103.98796844482422,34.74,93.56549835205078,34.739999999999995,84.6364517211914,34.74,97.9558334350586
34.75,96.17879486083984,34.75,104.0083236694336,34.75,93.57325744628906,34.75,84.62826538085938,34.75,97.9255142211914
34.76,96.19586181640624,34.760000000000005,104.0302276611328,34.760000000000005,93.58213806152344,34.760000000000005,84.61978912353516,34.760000000000005,97.89693450927734
34.77,96.21397399902344,34.77,104.0569305419922,34.77,93.58032989501952,34.77,84.61235809326172,34.77,97.87246704101562
34.78,96.22410583496094,34.78,104.0802001953125,34.78,93.5749969482422,34.78,84.6061019897461,34.78,97.8502426147461
34.79,96.23552703857422,34.790000000000006,104.09600830078124,34.790000000000006,93.55823516845705,34.790000000000006,84.60227966308594,34.79,97.82838439941406
34.8,96.2509994506836,34.800000000000004,104.1133041381836,34.800000000000004,93.5244369506836,34.8,84.59921264648438,34.800000000000004,97.8027114868164
34.81,96.26896667480467,34.81,104.12989044189452,34.81,93.48664855957033,34.81,84.60262298583984,34.81,97.76837158203124
34.82,96.29489135742188,34.82,104.1495361328125,34.82,93.44692993164062,34.82000000000001,84.60628509521484,34.82,97.73284912109376
34.83,96.3204116821289,34.830000000000005,104.17306518554688,34.830000000000005,93.40948486328124,34.83,84.60830688476562,34.830000000000005,97.68406677246094
34.84,96.34458923339844,34.84,104.19561004638672,34.84,93.38086700439452,34.84,84.61054992675781,34.84,97.6182098388672
34.85,96.35791015625,34.85,104.21520233154295,34.85,93.34841918945312,34.849999999999994,84.61248016357422,34.85,97.54214477539062
34.86,96.36742401123048,34.86,104.23428344726562,34.86,93.31562042236328,34.86,84.6158447265625,34.86,97.44451904296876
34.87,96.37205505371094,34.870000000000005,104.2577133178711,34.870000000000005,93.27447509765624,34.870000000000005,84.62100219726562,34.870000000000005,97.33151245117188
34.88,96.37246704101562,34.88,104.27897644042967,34.88,93.22272491455078,34.879999999999995,84.62770080566406,34.88,97.20655059814452
34.89,96.37727355957033,34.89,104.29141235351562,34.89,93.17959594726562,34.89,84.63912200927734,34.89,97.07281494140624
34.9,96.38700103759766,34.900000000000006,104.3018569946289,34.900000000000006,93.13272857666016,34.900000000000006,84.650390625,34.900000000000006,96.9317626953125
34.910000000000004,96.39761352539062,34.910000000000004,104.30773162841795,34.910000000000004,93.07628631591795,34.91,84.66279602050781,34.910000000000004,96.77190399169922
34.92,96.4019775390625,34.92,104.31201934814452,34.92,93.00894165039062,34.92,84.6764907836914,34.92,96.59719848632812
34.93,96.40940856933594,34.93,104.3108901977539,34.93,92.94376373291016,34.93000000000001,84.69239807128906,34.93,96.40475463867188
34.94,96.41474151611328,34.940000000000005,104.3040542602539,34.940000000000005,92.88304901123048,34.94,84.708251953125,34.940000000000005,96.19987487792967
34.95,96.4051513671875,34.95,104.29375457763672,34.95,92.82552337646484,34.95,84.72760772705078,34.95,95.9721450805664
34.96,96.38035583496094,34.96,104.2803955078125,34.96,92.76419067382812,34.96000000000001,84.74266815185547,34.96,95.7312240600586
34.97,96.35289764404295,34.970000000000006,104.25885009765624,34.970000000000006,92.69361114501952,34.97,84.75789642333984,34.97,95.47991943359376
34.98,96.31130981445312,34.980000000000004,104.23126983642578,34.980000000000004,92.58837890625,34.980000000000004,84.77342224121094,34.980000000000004,95.21770477294922
34.99,96.25611114501952,34.99,104.20035552978516,34.99,92.47820281982422,34.989999999999995,84.78662872314453,34.99,94.94808959960938
35.0,96.19501495361328,35.0,104.16473388671876,35.0,92.35814666748048,35.0,84.80171966552734,35.0,94.68175506591795
35.01,96.12140655517578,35.010000000000005,104.1244125366211,35.010000000000005,92.23634338378906,35.010000000000005,84.81782531738281,35.010000000000005,94.40583801269533
35.02,96.04344177246094,35.02,104.07998657226562,35.02,92.11590576171876,35.02,84.8349380493164,35.02,94.12491607666016
35.03,95.95890045166016,35.03,104.0304718017578,35.03,92.00436401367188,35.03,84.85179138183594,35.03,93.84193420410156
35.04,95.86344909667967,35.040000000000006,103.98322296142578,35.040000000000006,91.8689422607422,35.040000000000006,84.86833190917969,35.04,93.54898071289062
35.05,95.74981689453124,35.050000000000004,103.9370574951172,35.050000000000004,91.72211456298828,35.05,84.88577270507812,35.050000000000004,93.2549285888672
35.06,95.6172332763672,35.06,103.88955688476562,35.06,91.55877685546876,35.06,84.90421295166016,35.06,92.93804168701172
35.07,95.46355438232422,35.07,103.83875274658205,35.07,91.38375854492188,35.07000000000001,84.92548370361328,35.07,92.61669158935548
35.08,95.30075073242188,35.080000000000005,103.7962646484375,35.080000000000005,91.19346618652344,35.08,84.94556427001953,35.080000000000005,92.26790618896484
35.09,95.12186431884766,35.09,103.75192260742188,35.09,90.97196197509766,35.09,84.96271514892578,35.09,91.88566589355467
35.1,94.92632293701172,35.1,103.70777893066406,35.1,90.7352523803711,35.099999999999994,84.97511291503906,35.1,91.46367645263672
35.11,94.71305847167967,35.11,103.6607437133789,35.11,90.50545501708984,35.11,84.9833984375,35.11,90.98908233642578
35.12,94.4849853515625,35.120000000000005,103.6148910522461,35.120000000000005,90.28548431396484,35.120000000000005,84.98778533935547,35.120000000000005,90.4637222290039
35.13,94.24456024169922,35.13,103.56678009033205,35.13,90.04637145996094,35.129999999999995,84.98973846435547,35.13,89.84635925292969
35.14,93.98416900634766,35.14,103.51375579833984,35.14,89.7850570678711,35.14,84.99095916748047,35.14,89.16947174072266
35.15,93.6939926147461,35.150000000000006,103.4586410522461,35.150000000000006,89.54541015625,35.150000000000006,84.99166107177734,35.150000000000006,88.4494857788086
35.160000000000004,93.37751770019533,35.160000000000004,103.40210723876952,35.160000000000004,89.30176544189453,35.16,84.9882583618164,35.160000000000004,87.68427276611328
35.17,93.03376007080078,35.17,103.34271240234376,35.17,89.02741241455078,35.17,84.98393249511719,35.17,86.89539337158203
35.18,92.67262268066406,35.18,103.28736114501952,35.18,88.76282501220703,35.18000000000001,84.97769927978516,35.18,86.185791015625
35.19,92.28927612304688,35.190000000000005,103.2348175048828,35.190000000000005,88.49546813964844,35.19,84.9703598022461,35.190000000000005,85.5794677734375
35.2,91.86978149414062,35.2,103.1808853149414,35.2,88.1965560913086,35.2,84.95391082763672,35.2,84.87752532958984
35.21,91.4155502319336,35.21,103.12521362304688,35.21,87.8634033203125,35.21000000000001,84.93421936035156,35.21,84.11752319335938
35.22,90.94873046875,35.220000000000006,103.07122039794922,35.220000000000006,87.5080337524414,35.22,84.91666412353516,35.22,83.30876922607422
35.23,90.45557403564452,35.230000000000004,103.01116180419922,35.230000000000004,87.12771606445312,35.230000000000004,84.90381622314453,35.230000000000004,82.49020385742188
35.24,89.94085693359375,35.24,102.9583511352539,35.24,86.74617767333984,35.239999999999995,84.89874267578125,35.24,81.70853424072266
35.25,89.41667175292969,35.25,102.89383697509766,35.25,86.35372161865234,35.25,84.90161895751953,35.25,80.92662811279297
35.26,88.90626525878906,35.260000000000005,102.83968353271484,35.260000000000005,85.92620086669922,35.260000000000005,84.91157531738281,35.260000000000005,80.18123626708984
35.27,88.38560485839844,35.27,102.7791976928711,35.27,85.47013092041016,35.27,84.91519927978516,35.27,79.45183563232422
35.28,87.84588623046875,35.28,102.71782684326172,35.28,84.98966979980469,35.28,84.91798400878906,35.28,78.61729431152344
35.29,87.25366973876953,35.290000000000006,102.66362762451172,35.290000000000006,84.4721450805664,35.290000000000006,84.92399597167969,35.29,77.57980346679688
35.3,86.56367492675781,35.300000000000004,102.61590576171876,35.300000000000004,83.92525482177734,35.3,84.93214416503906,35.300000000000004,76.43065643310547
35.31,85.85227966308594,35.31,102.56661224365234,35.31,83.3943099975586,35.31,84.93589782714844,35.31,75.15352630615234
35.32,85.14138793945312,35.32,102.51789093017578,35.32,82.84678649902344,35.32000000000001,84.93854522705078,35.32,73.74972534179688
35.33,84.43486022949219,35.330000000000005,102.46714782714844,35.330000000000005,82.22589111328125,35.33,84.93181610107422,35.330000000000005,72.26353454589844
35.34,83.72978210449219,35.34,102.42012786865234,35.34,81.57441711425781,35.34,84.92232513427734,35.34,70.83232879638672
35.35,83.02726745605469,35.35,102.38436889648438,35.35,80.93215942382812,35.349999999999994,84.91307067871094,35.35,69.38642120361328
35.36,82.32417297363281,35.36,102.34530639648438,35.36,80.3849105834961,35.36,84.89704132080078,35.36,67.7890625
35.37,81.59917449951172,35.370000000000005,102.31546020507812,35.370000000000005,79.88856506347656,35.370000000000005,84.86990356445312,35.370000000000005,66.07501220703125
35.38,80.90142822265625,35.38,102.29830932617188,35.38,79.39923858642578,35.379999999999995,84.83842468261719,35.38,64.40961456298828
35.39,80.19526672363281,35.39,102.28874206542967,35.39,78.82332611083984,35.39,84.81595611572266,35.39,62.83064651489258
35.4,79.45965576171875,35.400000000000006,102.28070068359376,35.400000000000006,78.08905029296875,35.400000000000006,84.81315612792969,35.400000000000006,61.34845352172852
35.410000000000004,78.66539001464844,35.410000000000004,102.3007583618164,35.410000000000004,77.33119201660156,35.41,84.81521606445312,35.410000000000004,59.90723037719727
35.42,77.84671020507812,35.42,102.33209228515624,35.42,76.6856460571289,35.42,84.79756164550781,35.42,58.46275329589844
35.43,77.12486267089844,35.43,102.36076354980467,35.43,76.19375610351562,35.43000000000001,84.74885559082031,35.43,57.02975463867188
35.44,76.50007629394531,35.440000000000005,102.4000473022461,35.440000000000005,75.82633209228516,35.44,84.67760467529297,35.440000000000005,55.29050064086914
35.45,75.8995590209961,35.45,102.46418762207033,35.45,75.49288177490234,35.45,84.59223937988281,35.45,53.34914016723633
35.46,75.28309631347656,35.46,102.54281616210938,35.46,75.12393188476562,35.46000000000001,84.4796371459961,35.46,51.33214569091797
35.47,74.61737060546875,35.470000000000006,102.62660217285156,35.470000000000006,74.67884826660156,35.47,84.35137939453125,35.47,49.53066253662109
35.48,74.00321197509766,35.480000000000004,102.72264862060548,35.480000000000004,74.19232940673828,35.480000000000004,84.22940063476562,35.480000000000004,48.06254959106445
35.49,73.44420623779297,35.49,102.8416519165039,35.49,73.70015716552734,35.489999999999995,84.11898040771484,35.49,46.69999694824219
35.5,72.87311553955078,35.5,102.9774169921875,35.5,73.26702880859375,35.5,84.00444030761719,35.5,45.20376586914063
35.51,72.25458526611328,35.510000000000005,103.12019348144533,35.510000000000005,72.82587432861328,35.510000000000005,83.88575744628906,35.510000000000005,43.57014083862305
35.52,71.5964584350586,35.52,103.25701141357422,35.52,72.34992218017578,35.52,83.791015625,35.52,41.906436920166016
35.53,70.96392059326172,35.53,103.41294860839844,35.53,71.86080932617188,35.53,83.72779846191406,35.53,40.169803619384766
35.54,70.36043548583984,35.540000000000006,103.57455444335938,35.540000000000006,71.34004974365234,35.540000000000006,83.66596221923828,35.54,38.3925666809082
35.55,69.73442077636719,35.550000000000004,103.75916290283205,35.550000000000004,70.8183822631836,35.55,83.57295227050781,35.550000000000004,36.67982482910156
35.56,69.23108673095703,35.56,103.95056915283205,35.56,70.30365753173828,35.56,83.46484375,35.56,34.90768051147461
35.57,68.84625244140625,35.57,104.14143371582033,35.57,69.91139221191406,35.57000000000001,83.34400939941406,35.57,33.025123596191406
35.58,68.46714782714844,35.580000000000005,104.36345672607422,35.580000000000005,69.54271697998047,35.58,83.21463012695312,35.580000000000005,31.13991355895996
35.59,68.04523468017578,35.59,104.59333801269533,35.59,69.13677215576172,35.59,83.08824157714844,35.59,29.26884078979492
35.6,67.61992645263672,35.6,104.81621551513672,35.6,68.6219482421875,35.599999999999994,82.97109985351562,35.6,27.43574333190918
35.61,67.15788269042969,35.61,105.05120849609376,35.61,68.1488265991211,35.61,82.8514633178711,35.61,25.643524169921875
35.62,66.68748474121094,35.620000000000005,105.28602600097656,35.620000000000005,67.75704956054688,35.620000000000005,82.72306823730469,35.620000000000005,23.86186981201172
35.63,66.21844482421875,35.63,105.5172882080078,35.63,67.42694854736328,35.629999999999995,82.61688995361328,35.63,22.11668968200684
35.64,65.7991943359375,35.64,105.74588775634766,35.64,67.11978912353516,35.64,82.52476501464844,35.64,20.3009090423584
35.65,65.42044067382812,35.650000000000006,105.9689483642578,35.650000000000006,66.8162612915039,35.650000000000006,82.43879699707031,35.650000000000006,18.46124267578125
35.660000000000004,65.07099914550781,35.660000000000004,106.21101379394533,35.660000000000004,66.54074096679688,35.66,82.36219024658203,35.660000000000004,16.733869552612305
35.67,64.74627685546875,35.67,106.45415496826172,35.67,66.2543716430664,35.67,82.28912353515625,35.67,15.135702133178713
35.68,64.44522094726562,35.68,106.69538879394533,35.68,65.94371795654297,35.68000000000001,82.21607971191406,35.68,13.634085655212402
35.69,64.1660385131836,35.690000000000005,106.94808959960938,35.690000000000005,65.6663818359375,35.69,82.14376068115234,35.690000000000005,12.202617645263672
35.7,63.90742111206055,35.7,107.23148345947266,35.7,65.45002746582031,35.7,82.08035278320312,35.7,10.828325271606444
35.71,63.59498596191406,35.71,107.53453063964844,35.71,65.23765563964844,35.71000000000001,82.02703094482422,35.71,9.489559173583984
35.72,63.27574157714844,35.720000000000006,107.84384155273438,35.720000000000006,64.93663024902344,35.72,81.97046661376953,35.72,8.301382064819336
35.73,63.05292892456055,35.730000000000004,108.15128326416016,35.730000000000004,64.6331558227539,35.730000000000004,81.9081039428711,35.730000000000004,7.38582706451416
35.74,62.799564361572266,35.74,108.45377349853516,35.74,64.32791900634766,35.739999999999995,81.8429946899414,35.74,6.6277570724487305
35.75,62.57268524169922,35.75,108.75798034667967,35.75,64.01799011230469,35.75,81.77881622314453,35.75,5.8989338874816895
35.76,62.37443923950195,35.760000000000005,109.05913543701172,35.760000000000005,63.73521041870117,35.760000000000005,81.70698547363281,35.760000000000005,5.218499660491943
35.77,62.20537185668945,35.77,109.35973358154295,35.77,63.47075271606445,35.77,81.64179992675781,35.77,4.610296249389648
35.78,62.03969955444336,35.78,109.65803527832033,35.78,63.23405075073242,35.78,81.57826232910156,35.78,4.133695602416992
35.79,61.90205383300781,35.790000000000006,109.9573974609375,35.790000000000006,63.01680374145508,35.790000000000006,81.50677490234375,35.79,3.793631076812744
35.8,61.78566360473633,35.800000000000004,110.24456024169922,35.800000000000004,62.77463150024414,35.8,81.42887878417969,35.800000000000004,3.481898069381714
35.81,61.69391250610352,35.81,110.5094985961914,35.81,62.54873275756836,35.81,81.34601593017578,35.81,3.151812791824341
35.82,61.61183547973633,35.82,110.7680892944336,35.82,62.32624435424805,35.82000000000001,81.25456237792969,35.82,2.86433744430542
35.83,61.53246688842773,35.830000000000005,111.0262451171875,35.830000000000005,62.1710205078125,35.83,81.16313934326172,35.830000000000005,2.6584889888763428
35.84,61.47439193725586,35.84,111.2802276611328,35.84,61.92453384399414,35.84,81.07282257080078,35.84,2.505409002304077
35.85,61.41730499267578,35.85,111.52902221679688,35.85,61.664817810058594,35.849999999999994,80.9876480102539,35.85,2.355785608291626
35.86,61.38185501098633,35.86,111.7618637084961,35.86,61.4414291381836,35.86,80.91165924072266,35.86,2.226336717605591
35.87,61.37218475341797,35.870000000000005,111.98533630371094,35.870000000000005,61.2861557006836,35.870000000000005,80.84261322021484,35.870000000000005,2.130107879638672
35.88,61.39274215698242,35.88,112.1990966796875,35.88,61.160926818847656,35.879999999999995,80.7838363647461,35.88,2.073418617248535
35.89,61.421653747558594,35.89,112.39168548583984,35.89,61.09054565429688,35.89,80.73079681396484,35.89,2.036685943603516
35.9,61.46994400024414,35.900000000000006,112.57432556152344,35.900000000000006,61.06985092163086,35.900000000000006,80.68342590332031,35.900000000000006,2.032822132110596
35.910000000000004,61.51934051513672,35.910000000000004,112.7269058227539,35.910000000000004,61.06008529663086,35.91,80.6500244140625,35.910000000000004,2.0675981044769287
35.92,61.58919143676758,35.92,112.86727142333984,35.92,61.07058334350586,35.92,80.62452697753906,35.92,2.0796613693237305
35.93,61.67908477783203,35.93,113.00109100341795,35.93,61.10816192626953,35.93000000000001,80.60595703125,35.93,2.1608006954193115
35.94,61.78693389892578,35.940000000000005,113.1306381225586,35.940000000000005,61.158145904541016,35.94,80.59474182128906,35.940000000000005,2.24336314201355
35.95,61.92015075683594,35.95,113.2457275390625,35.95,61.21259689331055,35.95,80.58153533935547,35.95,2.327342987060547
35.96,62.0728874206543,35.96,113.3484115600586,35.96,61.287353515625,35.96000000000001,80.5638198852539,35.96,2.4656026363372803
35.97,62.24219131469727,35.970000000000006,113.43460845947266,35.970000000000006,61.38985443115234,35.97,80.55070495605469,35.97,2.5900065898895264
35.98,62.41622543334961,35.980000000000004,113.50312042236328,35.980000000000004,61.509796142578125,35.980000000000004,80.54627227783203,35.980000000000004,2.772033929824829
35.99,62.5935173034668,35.99,113.55760192871094,35.99,61.63948440551758,35.989999999999995,80.54981994628906,35.99,2.9905428886413574
36.0,62.78746032714844,36.0,113.59025573730467,36.0,61.771297454833984,36.0,80.55562591552734,36.0,3.208535432815552
36.01,62.99552154541016,36.010000000000005,113.60761260986328,36.010000000000005,61.92915725708008,36.010000000000005,80.56612396240234,36.010000000000005,3.470033407211304
36.02,63.22501373291016,36.02,113.6141586303711,36.02,62.11886596679688,36.02,80.5801773071289,36.02,3.755985736846924
36.03,63.47248840332031,36.03,113.60337829589844,36.03,62.31853485107422,36.03,80.5969467163086,36.03,4.066694259643555
36.04,63.73347473144531,36.040000000000006,113.57716369628906,36.040000000000006,62.54250717163086,36.040000000000006,80.62486267089844,36.04,4.448397636413574
36.05,63.993690490722656,36.05,113.53823852539062,36.05,62.7848014831543,36.05,80.66797637939453,36.05,4.8541035652160645
36.06,64.25835418701172,36.06,113.48871612548828,36.06,63.045257568359375,36.06,80.72685241699219,36.06,5.3360981941223145
36.07,64.5324478149414,36.07,113.4215316772461,36.07,63.30501556396485,36.07000000000001,80.79405212402344,36.07,5.902026176452637
36.08,64.80887603759766,36.080000000000005,113.33401489257812,36.080000000000005,63.56190872192383,36.08,80.86714935302734,36.080000000000005,6.515458106994629
36.09,65.09911346435547,36.09,113.23204803466795,36.09,63.820411682128906,36.09,80.93828582763672,36.09,7.181338310241699
36.1,65.41261291503906,36.1,113.12627410888672,36.1,64.10050201416016,36.1,81.0115737915039,36.1,7.903317451477051
36.11,65.74258422851562,36.11,113.01815795898438,36.11,64.39507293701172,36.11,81.08702850341797,36.11,8.666482925415039
36.12,66.06464385986328,36.120000000000005,112.89907836914062,36.120000000000005,64.70323181152344,36.120000000000005,81.16105651855469,36.120000000000005,9.484419822692873
36.13,66.37975311279297,36.13,112.76447296142578,36.13,65.05199432373047,36.13,81.22514343261719,36.13,10.335012435913086
36.14,66.68910217285156,36.14,112.6128158569336,36.14,65.42343139648438,36.14,81.2812728881836,36.14,11.226788520812988
36.15,67.00016784667969,36.150000000000006,112.44818115234376,36.150000000000006,65.79341888427734,36.150000000000006,81.3314208984375,36.150000000000006,12.18480110168457
36.16,67.30371856689453,36.16,112.2778091430664,36.16,66.1632308959961,36.16,81.380126953125,36.16,13.167158126831056
36.17,67.59683990478516,36.17,112.1059341430664,36.17,66.56369018554688,36.17,81.43895721435547,36.17,14.197345733642578
36.18,67.8846664428711,36.18,111.92677307128906,36.18,66.9645004272461,36.18000000000001,81.50713348388672,36.18,15.246451377868652
36.19,68.16427612304688,36.190000000000005,111.73902893066406,36.190000000000005,67.32637786865234,36.19,81.57766723632812,36.190000000000005,16.31584358215332
36.2,68.44837951660156,36.2,111.53247833251952,36.2,67.70153045654297,36.2,81.64482116699219,36.2,17.4454345703125
36.21,68.74852752685547,36.21,111.3200454711914,36.21,68.08538818359375,36.21000000000001,81.71395111083984,36.21,18.62604331970215
36.22,69.05892181396484,36.220000000000006,111.09831237792967,36.220000000000006,68.51467895507812,36.22,81.78524780273438,36.22,19.84576416015625
36.23,69.37272644042969,36.23,110.86741638183594,36.23,68.94482421875,36.23,81.86029815673828,36.23,21.112632751464844
36.24,69.69921875,36.24,110.63653564453124,36.24,69.34369659423828,36.24,81.94197845458984,36.24,22.418588638305664
36.25,70.04314422607422,36.25,110.40513610839844,36.25,69.71075439453125,36.25,82.03498077392578,36.25,23.76740455627441
36.26,70.38639831542969,36.260000000000005,110.17708587646484,36.260000000000005,70.01187133789062,36.260000000000005,82.13215637207031,36.260000000000005,25.16894149780273
36.27,70.74404907226562,36.27,109.95108032226562,36.27,70.31002044677734,36.27,82.21698760986328,36.27,26.60865592956543
36.28,71.11761474609375,36.28,109.7281494140625,36.28,70.64862823486328,36.28,82.28475189208984,36.28,28.06780433654785
36.29,71.53359985351562,36.290000000000006,109.5157470703125,36.290000000000006,71.05025482177734,36.290000000000006,82.33867645263672,36.29,29.52092933654785
36.3,71.96409606933594,36.3,109.29854583740234,36.3,71.49501037597656,36.3,82.38468170166016,36.3,31.0083122253418
36.31,72.40335845947266,36.31,109.09033966064452,36.31,71.97618865966797,36.31,82.423583984375,36.31,32.50672912597656
36.32,72.87859344482422,36.32,108.88243103027344,36.32,72.4390869140625,36.32000000000001,82.4630126953125,36.32,34.00007629394531
36.33,73.36377716064453,36.330000000000005,108.6843032836914,36.330000000000005,72.86372375488281,36.33,82.50938415527344,36.330000000000005,35.48041915893555
36.34,73.86088562011719,36.34,108.49860382080078,36.34,73.3004379272461,36.34,82.57080078125,36.34,36.96305847167969
36.35,74.37796020507812,36.35,108.32186126708984,36.35,73.75157165527344,36.35,82.64888763427734,36.35,38.44684982299805
36.36,74.9192123413086,36.36,108.15538024902344,36.36,74.20004272460938,36.36,82.74305725097656,36.36,39.91228866577149
36.37,75.50169372558594,36.370000000000005,107.99403381347656,36.370000000000005,74.67475128173828,36.370000000000005,82.83845520019531,36.370000000000005,41.375370025634766
36.38,76.11555480957031,36.38,107.82667541503906,36.38,75.19676208496094,36.38,82.9300308227539,36.38,42.82567596435547
36.39,76.7747573852539,36.39,107.65715026855467,36.39,75.75491333007812,36.39,83.01991271972656,36.39,44.28473281860352
36.4,77.42080688476562,36.400000000000006,107.47714233398438,36.400000000000006,76.32007598876953,36.400000000000006,83.1107177734375,36.400000000000006,45.7462272644043
36.41,78.07317352294922,36.41,107.29977416992188,36.41,76.87666320800781,36.41,83.20049285888672,36.41,47.21089172363281
36.42,78.75440216064453,36.42,107.13248443603516,36.42,77.4629898071289,36.42,83.29129791259766,36.42,48.67943572998047
36.43,79.44930267333984,36.43,106.97565460205078,36.43,78.09599304199219,36.43000000000001,83.3775405883789,36.43,50.1398811340332
36.44,80.11967468261719,36.440000000000005,106.82160186767578,36.440000000000005,78.71219635009766,36.44,83.45682525634766,36.440000000000005,51.57212829589844
36.45,80.79907989501953,36.45,106.66476440429688,36.45,79.33595275878906,36.45,83.52644348144531,36.45,52.98530197143555
36.46,81.46247100830078,36.46,106.5009765625,36.46,79.9810791015625,36.46000000000001,83.5936279296875,36.46,54.40027618408203
36.47,82.10580444335938,36.470000000000006,106.32401275634766,36.470000000000006,80.6232681274414,36.47,83.66505432128906,36.47,55.810943603515625
36.48,82.77461242675781,36.48,106.13801574707033,36.48,81.25199890136719,36.48,83.73729705810547,36.48,57.20140838623047
36.49,83.45982360839844,36.49,105.94207763671876,36.49,81.82260131835938,36.49,83.8118667602539,36.49,58.600772857666016
36.5,84.13819885253906,36.5,105.75169372558594,36.5,82.39103698730469,36.5,83.88371276855469,36.5,60.00478744506836
36.51,84.82567596435547,36.510000000000005,105.56257629394533,36.510000000000005,83.01438903808594,36.510000000000005,83.9503402709961,36.510000000000005,61.38124084472656
36.52,85.51570129394531,36.52,105.37738800048828,36.52,83.62831115722656,36.52,84.00981140136719,36.52,62.71425247192383
36.53,86.20043182373047,36.53,105.18905639648438,36.53,84.23136138916016,36.53,84.05291748046875,36.53,64.01981353759766
36.54,86.88208770751953,36.540000000000006,104.99435424804688,36.540000000000006,84.83838653564453,36.540000000000006,84.08466339111328,36.54,65.2953109741211
36.55,87.52751159667969,36.55,104.80289459228516,36.55,85.39083862304688,36.55,84.11090850830078,36.55,66.58177947998047
36.56,88.14078521728516,36.56,104.61139678955078,36.56,85.86708068847656,36.56,84.13390350341797,36.56,67.87953186035156
36.57,88.74259948730469,36.57,104.4276351928711,36.57,86.3141098022461,36.57000000000001,84.153076171875,36.57,69.16561889648438
36.58,89.27425384521484,36.580000000000005,104.2591781616211,36.580000000000005,86.72950744628906,36.58,84.1659927368164,36.580000000000005,70.4266128540039
36.59,89.74525451660156,36.59,104.09952545166016,36.59,87.1446533203125,36.59,84.17684936523438,36.59,71.6587142944336
36.6,90.23314666748048,36.6,103.95738220214844,36.6,87.53839874267578,36.6,84.18614196777344,36.6,72.83845520019531
36.61,90.72917938232422,36.61,103.81295776367188,36.61,87.88204956054688,36.61,84.19579315185547,36.61,73.98210144042969
36.62,91.1670150756836,36.620000000000005,103.66507720947266,36.620000000000005,88.17171478271484,36.620000000000005,84.20523834228516,36.620000000000005,75.10250091552734
36.63,91.60452270507812,36.63,103.5281219482422,36.63,88.44219207763672,36.63,84.21650695800781,36.63,76.14593505859375
36.64,92.02928924560548,36.64,103.40191650390624,36.64,88.70020294189453,36.64,84.22867584228516,36.64,77.11188507080078
36.65,92.4489288330078,36.650000000000006,103.29153442382812,36.650000000000006,88.93382263183594,36.650000000000006,84.23743438720703,36.650000000000006,78.03742980957031
36.66,92.8409194946289,36.66,103.19621276855467,36.66,89.15031433105469,36.66,84.24535369873047,36.66,78.9073486328125
36.67,93.21647644042967,36.67,103.1039581298828,36.67,89.3415756225586,36.67,84.25084686279297,36.67,79.71112060546875
36.68,93.60279846191406,36.68,103.03076171875,36.68,89.51644134521484,36.68000000000001,84.25059509277344,36.68,80.47421264648438
36.69,93.95745086669922,36.690000000000005,102.98493194580078,36.690000000000005,89.66993713378906,36.69,84.2491683959961,36.690000000000005,81.15998840332031
36.7,94.28309631347656,36.7,102.94459533691406,36.7,89.80625915527344,36.7,84.24740600585938,36.7,81.8362045288086
36.71,94.578125,36.71,102.88923645019533,36.71,89.9272232055664,36.71000000000001,84.24668884277344,36.71,82.50367736816406
36.72,94.82103729248048,36.720000000000006,102.82867431640624,36.720000000000006,90.06426239013672,36.72,84.24851989746094,36.72,83.15672302246094
36.73,95.0530242919922,36.73,102.75485229492188,36.73,90.222412109375,36.73,84.25105285644531,36.73,83.76593780517578
36.74,95.25310516357422,36.74,102.68064880371094,36.74,90.38675689697266,36.74,84.25191497802734,36.74,84.36494445800781
36.75,95.43770599365234,36.75,102.6322784423828,36.75,90.55594635009766,36.75,84.25827026367188,36.75,84.99425506591797
36.76,95.59395599365234,36.760000000000005,102.59563446044922,36.760000000000005,90.73027801513672,36.760000000000005,84.26823425292969,36.760000000000005,85.58924865722656
36.77,95.70967864990234,36.77,102.57040405273438,36.77,90.92010498046876,36.77,84.28545379638672,36.77,86.15966033935547
36.78,95.8244400024414,36.78,102.5513916015625,36.78,91.11284637451172,36.78,84.30806732177734,36.78,86.71480560302734
36.79,95.9232177734375,36.790000000000006,102.53740692138672,36.790000000000006,91.31315612792967,36.790000000000006,84.3311767578125,36.79,87.29244995117188
36.8,96.02153778076172,36.8,102.5413589477539,36.8,91.51810455322266,36.8,84.35516357421875,36.8,87.84907531738281
36.81,96.1157455444336,36.81,102.5488510131836,36.81,91.72216796875,36.81,84.38006591796875,36.81,88.36174011230469
36.82,96.20867156982422,36.82,102.5565185546875,36.82,91.9347686767578,36.82000000000001,84.40869903564453,36.82,88.81281280517578
36.83,96.26317596435548,36.830000000000005,102.57673645019533,36.830000000000005,92.14002990722656,36.83,84.44157409667969,36.830000000000005,89.22774505615234
36.84,96.32296752929688,36.84,102.60201263427734,36.84,92.32494354248048,36.84,84.48114013671875,36.84,89.62368774414062
36.85,96.36695098876952,36.85,102.61022186279295,36.85,92.47278594970705,36.85,84.52249908447266,36.85,89.99852752685547
36.86,96.4065933227539,36.86,102.63001251220705,36.86,92.5841827392578,36.86,84.56560516357422,36.86,90.32527923583984
36.87,96.44398498535156,36.870000000000005,102.65052032470705,36.870000000000005,92.68964385986328,36.870000000000005,84.60176086425781,36.870000000000005,90.61872863769533
36.88,96.47439575195312,36.88,102.66790008544922,36.88,92.78312683105467,36.88,84.62908172607422,36.88,90.8849639892578
36.89,96.49192810058594,36.89,102.6754379272461,36.89,92.87129974365234,36.89,84.6455307006836,36.89,91.13467407226562
36.9,96.50144958496094,36.900000000000006,102.6777572631836,36.900000000000006,92.97110748291016,36.900000000000006,84.65431213378906,36.900000000000006,91.39248657226562
36.91,96.50289916992188,36.91,102.6624526977539,36.91,93.06504821777344,36.91,84.65892791748047,36.91,91.5942840576172
36.92,96.50669860839844,36.92,102.64476776123048,36.92,93.14185333251952,36.92,84.6628646850586,36.92,91.78710174560548
36.93,96.52398681640624,36.93,102.6092758178711,36.93,93.21786499023438,36.93000000000001,84.66629791259766,36.93,91.99061584472656
36.94,96.5418701171875,36.940000000000005,102.56214141845705,36.940000000000005,93.29122924804688,36.94,84.66925811767578,36.940000000000005,92.19029998779295
36.95,96.58177185058594,36.95,102.51197814941406,36.95,93.36888122558594,36.95,84.67214965820312,36.95,92.4133529663086
36.96,96.6404037475586,36.96,102.45954895019533,36.96,93.45160675048828,36.96000000000001,84.67546081542969,36.96,92.66327667236328
36.97,96.70397186279295,36.970000000000006,102.42654418945312,36.970000000000006,93.53643035888672,36.97,84.67522430419922,36.97,92.90520477294922
36.98,96.77487182617188,36.98,102.4096221923828,36.98,93.62602996826172,36.98,84.67153930664062,36.98,93.14177703857422
36.99,96.83473205566406,36.99,102.39219665527344,36.99,93.71168518066406,36.99,84.66446685791016,36.99,93.36412811279295
37.0,96.87067413330078,37.0,102.39039611816406,37.0,93.79918670654295,37.0,84.65619659423828,37.0,93.580078125
37.01,96.89997100830078,37.010000000000005,102.40093994140624,37.010000000000005,93.87545776367188,37.010000000000005,84.64649200439453,37.010000000000005,93.77230834960938
37.02,96.91825103759766,37.02,102.41183471679688,37.02,93.94783782958984,37.02,84.63460540771484,37.02,93.94978332519533
37.03,96.93306732177734,37.03,102.42893981933594,37.03,94.01647186279295,37.03,84.62366485595703,37.03,94.09976196289062
37.04,96.94720458984376,37.040000000000006,102.45036315917967,37.040000000000006,94.07829284667967,37.040000000000006,84.61275482177734,37.04,94.22486877441406
37.05,96.97023010253906,37.05,102.47508239746094,37.05,94.14071655273438,37.05,84.60039520263672,37.05,94.33773040771484
37.06,97.00153350830078,37.06,102.49853515625,37.06,94.19910430908205,37.06,84.58673095703125,37.06,94.44463348388672
37.07,97.03849029541016,37.07,102.51822662353516,37.07,94.25787353515624,37.07000000000001,84.57854461669922,37.07,94.53334045410156
37.08,97.0683364868164,37.080000000000005,102.53123474121094,37.080000000000005,94.30986785888672,37.08,84.57552337646484,37.080000000000005,94.60491180419922
37.09,97.09968566894533,37.09,102.53890228271484,37.09,94.35658264160156,37.09,84.57842254638672,37.09,94.66407012939452
37.1,97.12085723876952,37.1,102.53398895263672,37.1,94.39769744873048,37.1,84.5823745727539,37.1,94.7194595336914
37.11,97.14640808105467,37.11,102.53556060791016,37.11,94.43082427978516,37.11,84.58647918701172,37.11,94.7769775390625
37.12,97.1849365234375,37.120000000000005,102.54659271240234,37.120000000000005,94.46180725097656,37.120000000000005,84.58612823486328,37.120000000000005,94.82233428955078
37.13,97.22439575195312,37.13,102.57269287109376,37.13,94.48848724365234,37.13,84.5824966430664,37.13,94.86558532714844
37.14,97.26009368896484,37.14,102.60227966308594,37.14,94.51073455810548,37.14,84.57331848144531,37.14,94.90438842773438
37.15,97.2923355102539,37.150000000000006,102.62385559082033,37.150000000000006,94.5315399169922,37.150000000000006,84.56034851074219,37.150000000000006,94.93981170654295
37.16,97.32341766357422,37.16,102.65131378173828,37.16,94.56522369384766,37.16,84.5448989868164,37.16,94.96234130859376
37.17,97.35204315185548,37.17,102.6835479736328,37.17,94.6121063232422,37.17,84.52693939208984,37.17,94.97257232666016
37.18,97.37598419189452,37.18,102.71192169189452,37.18,94.6459503173828,37.18000000000001,84.50975799560547,37.18,94.97046661376952
37.19,97.39844512939452,37.190000000000005,102.7510223388672,37.190000000000005,94.67469787597656,37.19,84.49264526367188,37.190000000000005,94.97161102294922
37.2,97.4214859008789,37.2,102.78218841552734,37.2,94.70838165283205,37.2,84.47376251220703,37.2,94.98001098632812
37.21,97.44774627685548,37.21,102.81880950927734,37.21,94.75379180908205,37.21000000000001,84.4571533203125,37.21,94.96894073486328
37.22,97.47633361816406,37.220000000000006,102.84972381591795,37.220000000000006,94.80718994140624,37.22,84.44164276123047,37.22,94.94967651367188
37.23,97.5118637084961,37.23,102.87454223632812,37.23,94.85574340820312,37.23,84.42650604248047,37.23,94.932373046875
37.24,97.54296112060548,37.24,102.90007781982422,37.24,94.90438079833984,37.24,84.41419219970703,37.24,94.91019439697266
37.25,97.5754852294922,37.25,102.92916870117188,37.25,94.95854949951172,37.25,84.40467071533203,37.25,94.86653900146484
37.26,97.60985565185548,37.260000000000005,102.95393371582033,37.260000000000005,95.01174926757812,37.260000000000005,84.39611053466797,37.260000000000005,94.82125854492188
37.27,97.63414764404295,37.27,102.97621154785156,37.27,95.07080841064452,37.27,84.39115142822266,37.27,94.77842712402344
37.28,97.65228271484376,37.28,102.99786376953124,37.28,95.1393585205078,37.28,84.3856201171875,37.28,94.72073364257812
37.29,97.67276763916016,37.290000000000006,103.01788330078124,37.290000000000006,95.2041473388672,37.290000000000006,84.37759399414062,37.29,94.681640625
37.3,97.69161224365234,37.3,103.03434753417967,37.3,95.26573944091795,37.3,84.36641693115234,37.3,94.62833404541016
37.31,97.703125,37.31,103.04591369628906,37.31,95.3298568725586,37.31,84.35298919677734,37.31,94.58203887939452
37.32,97.7046127319336,37.32,103.06761932373048,37.32,95.39019012451172,37.32000000000001,84.33739471435547,37.32,94.5327606201172
37.33,97.71035766601562,37.330000000000005,103.0846176147461,37.330000000000005,95.45475769042967,37.33,84.32201385498047,37.330000000000005,94.4793701171875
37.34,97.71370697021484,37.34,103.09166717529295,37.34,95.52578735351562,37.34,84.30805969238281,37.34,94.42095947265624
37.35,97.72325134277344,37.35,103.10337829589844,37.35,95.59668731689452,37.35,84.29550170898438,37.35,94.3569564819336
37.36,97.73886108398438,37.36,103.11266326904295,37.36,95.65625762939452,37.36,84.28644561767578,37.36,94.2933349609375
37.37,97.76229095458984,37.370000000000005,103.13282775878906,37.370000000000005,95.7021484375,37.370000000000005,84.27920532226562,37.370000000000005,94.24457550048828
37.38,97.7884750366211,37.38,103.14920806884766,37.38,95.73921966552734,37.38,84.27635955810547,37.38,94.2050323486328
37.39,97.81015014648438,37.39,103.15972900390624,37.39,95.7713851928711,37.39,84.27310943603516,37.39,94.16637420654295
37.4,97.8246078491211,37.400000000000006,103.1814422607422,37.400000000000006,95.8012466430664,37.400000000000006,84.27291870117188,37.400000000000006,94.1191635131836
37.41,97.81990051269533,37.41,103.19136810302734,37.41,95.82474517822266,37.41,84.276611328125,37.41,94.08255767822266
37.42,97.80931854248048,37.42,103.19610595703124,37.42,95.83734130859376,37.42,84.27896881103516,37.42,94.04324340820312
37.43,97.79793548583984,37.43,103.19621276855467,37.43,95.82901763916016,37.43000000000001,84.28311157226562,37.43,94.00714874267578
37.44,97.78677368164062,37.440000000000005,103.19552612304688,37.440000000000005,95.80793762207033,37.44,84.28521728515625,37.440000000000005,93.97843933105467
37.45,97.78020477294922,37.45,103.1910171508789,37.45,95.7944107055664,37.45,84.28804779052734,37.45,93.95513916015624
37.46,97.7738037109375,37.46,103.18329620361328,37.46,95.77305603027344,37.46000000000001,84.29554748535156,37.46,93.93427276611328
37.47,97.76837158203124,37.470000000000006,103.1778335571289,37.470000000000006,95.74681091308594,37.47,84.30016326904297,37.47,93.91085052490234
37.48,97.7615966796875,37.48,103.16322326660156,37.48,95.72089385986328,37.48,84.303466796875,37.48,93.88607025146484
37.49,97.74639129638672,37.49,103.15119934082033,37.49,95.69215393066406,37.49,84.3049545288086,37.49,93.85580444335938
37.5,97.73249816894533,37.5,103.14263153076172,37.5,95.66012573242188,37.5,84.31147003173828,37.5,93.83592987060548
37.51,97.72635650634766,37.510000000000005,103.13525390625,37.510000000000005,95.6327667236328,37.510000000000005,84.31522369384766,37.510000000000005,93.82320404052734
37.52,97.72269439697266,37.52,103.12770080566406,37.52,95.61872100830078,37.52,84.31855773925781,37.52,93.8166961669922
37.53,97.72119903564452,37.53,103.11905670166016,37.53,95.60396575927734,37.53,84.3206787109375,37.53,93.81554412841795
37.54,97.73439025878906,37.540000000000006,103.11968994140624,37.540000000000006,95.58514404296876,37.540000000000006,84.32088470458984,37.54,93.82073974609376
37.55,97.74527740478516,37.55,103.12388610839844,37.55,95.56258392333984,37.55,84.3206787109375,37.55,93.8295440673828
37.56,97.75092315673828,37.56,103.13282012939452,37.56,95.53612518310548,37.56,84.31803131103516,37.56,93.83655548095705
37.57,97.75347137451172,37.57,103.14437866210938,37.57,95.5094757080078,37.57000000000001,84.31501770019531,37.57,93.84245300292967
37.58,97.75784301757812,37.580000000000005,103.15665435791016,37.580000000000005,95.47867584228516,37.58,84.31238555908203,37.580000000000005,93.84779357910156
37.59,97.76428985595705,37.59,103.16756439208984,37.59,95.44937896728516,37.59,84.30828857421875,37.59,93.84991455078124
37.6,97.7675323486328,37.6,103.17788696289062,37.6,95.41143035888672,37.6,84.30208587646484,37.6,93.85192108154295
37.61,97.76895904541016,37.61,103.187255859375,37.61,95.36775207519533,37.61,84.29625701904297,37.61,93.85408020019533
37.62,97.76773834228516,37.620000000000005,103.19757843017578,37.620000000000005,95.32571411132812,37.620000000000005,84.29000091552734,37.620000000000005,93.8579559326172
37.63,97.77179718017578,37.63,103.2048568725586,37.63,95.28323364257812,37.63,84.28438568115234,37.63,93.86515045166016
37.64,97.7805633544922,37.64,103.2096939086914,37.64,95.2478485107422,37.64,84.27561950683594,37.64,93.87300872802734
37.65,97.78875732421876,37.650000000000006,103.21717071533205,37.650000000000006,95.21771240234376,37.650000000000006,84.27616119384766,37.650000000000006,93.88353729248048
37.66,97.79794311523438,37.66,103.22659301757812,37.66,95.1811752319336,37.66,84.27303314208984,37.66,93.89977264404295
37.67,97.80751037597656,37.67,103.2401885986328,37.67,95.14220428466795,37.67,84.26890563964844,37.67,93.91979217529295
37.68,97.8112564086914,37.68,103.25544738769533,37.68,95.09912109375,37.68000000000001,84.26363372802734,37.68,93.94313049316406
37.69,97.81710815429688,37.690000000000005,103.27261352539062,37.690000000000005,95.0496826171875,37.69,84.25862884521484,37.690000000000005,93.97378540039062
37.7,97.8191375732422,37.7,103.2923355102539,37.7,95.00392150878906,37.7,84.25312805175781,37.7,94.00906372070312
37.71,97.81452941894533,37.71,103.3091278076172,37.71,94.95790100097656,37.71000000000001,84.24549865722656,37.71,94.04717254638672
37.72,97.80751037597656,37.720000000000006,103.32378387451172,37.720000000000006,94.91799926757812,37.72,84.2408218383789,37.72,94.0910186767578
37.73,97.79995727539062,37.73,103.33650970458984,37.73,94.8828582763672,37.73,84.23553466796875,37.73,94.13556671142578
37.74,97.78795623779295,37.74,103.35274505615234,37.74,94.85025024414062,37.74,84.23141479492188,37.74,94.18010711669922
37.75,97.77567291259766,37.75,103.36691284179688,37.75,94.81736755371094,37.75,84.22875213623047,37.75,94.2238998413086
37.76,97.7599105834961,37.760000000000005,103.37932586669922,37.760000000000005,94.79492950439452,37.760000000000005,84.22602844238281,37.760000000000005,94.2643814086914
37.77,97.74862670898438,37.77,103.39180755615234,37.77,94.78450775146484,37.77,84.22218322753906,37.77,94.30606079101562
37.78,97.73419189453124,37.78,103.40184020996094,37.78,94.77468872070312,37.78,84.2168960571289,37.78,94.34637451171876
37.79,97.7204132080078,37.790000000000006,103.40975952148438,37.790000000000006,94.76171875,37.790000000000006,84.21126556396484,37.79,94.38880157470705
37.8,97.70354461669922,37.8,103.41876220703124,37.8,94.74217224121094,37.8,84.20748138427734,37.8,94.43064880371094
37.81,97.691162109375,37.81,103.4299774169922,37.81,94.72179412841795,37.81,84.2081069946289,37.81,94.4726791381836
37.82,97.69031524658205,37.82,103.4427719116211,37.82,94.69757080078124,37.82000000000001,84.20951080322266,37.82,94.5143585205078
37.83,97.68550872802734,37.830000000000005,103.45407104492188,37.830000000000005,94.67326354980467,37.83,84.2170181274414,37.830000000000005,94.55679321289062
37.84,97.6754913330078,37.84,103.46884155273438,37.84,94.64849853515624,37.84,84.2267074584961,37.84,94.59831237792967
37.85,97.6630401611328,37.85,103.49163818359376,37.85,94.61858367919922,37.85,84.23715209960938,37.85,94.64142608642578
37.86,97.6517333984375,37.86,103.51241302490234,37.86,94.59268951416016,37.86,84.24992370605469,37.86,94.6866455078125
37.87,97.6374740600586,37.870000000000005,103.53284454345705,37.870000000000005,94.56755828857422,37.870000000000005,84.26219177246094,37.870000000000005,94.7339324951172
37.88,97.62303161621094,37.88,103.54927825927734,37.88,94.53653717041016,37.88,84.27549743652344,37.88,94.78160858154295
37.89,97.61427307128906,37.89,103.5641632080078,37.89,94.49689483642578,37.89,84.28887176513672,37.89,94.82708740234376
37.9,97.6025161743164,37.900000000000006,103.58015441894533,37.900000000000006,94.45030212402344,37.900000000000006,84.30017852783203,37.900000000000006,94.8752670288086
37.91,97.58321380615234,37.91,103.59783172607422,37.91,94.39729309082033,37.91,84.30879211425781,37.91,94.9226531982422
37.92,97.55594635009766,37.92,103.61844635009766,37.92,94.3517837524414,37.92,84.31627655029297,37.92,94.9723129272461
37.93,97.52942657470705,37.93,103.63677215576172,37.93,94.31583404541016,37.93000000000001,84.32447052001953,37.93,95.02297973632812
37.94,97.50456237792967,37.940000000000005,103.65257263183594,37.940000000000005,94.27970886230467,37.94,84.33330535888672,37.940000000000005,95.07044219970705
37.95,97.45767974853516,37.95,103.66607666015624,37.95,94.23876190185548,37.95,84.34062957763672,37.95,95.11626434326172
37.96,97.45323944091795,37.96,103.6843032836914,37.96,94.2020492553711,37.96000000000001,84.3462905883789,37.96,95.1644058227539
37.97,97.4620132446289,37.970000000000006,103.70042419433594,37.970000000000006,94.16053771972656,37.97,84.35453033447266,37.97,95.20909881591795
37.98,97.47282409667967,37.98,103.71281433105467,37.98,94.10987854003906,37.98,84.36363983154297,37.98,95.25877380371094
37.99,97.47874450683594,37.99,103.72732543945312,37.99,94.07292938232422,37.99,84.37178802490234,37.99,95.30640411376952
38.0,97.47549438476562,38.0,103.74254608154295,38.0,94.05493927001952,38.0,84.37652587890625,38.0,95.35482788085938
38.01,97.4702606201172,38.010000000000005,103.75902557373048,38.010000000000005,94.03995513916016,38.010000000000005,84.38011932373047,38.010000000000005,95.40068817138672
38.02,97.46134948730467,38.02,103.7774429321289,38.02,94.03353881835938,38.02,84.37905883789062,38.02,95.43800354003906
38.03,97.45433044433594,38.03,103.7923583984375,38.03,94.02938079833984,38.03,84.37600708007812,38.03,95.46893310546876
38.04,97.44436645507812,38.040000000000006,103.80973052978516,38.040000000000006,94.0207290649414,38.040000000000006,84.37177276611328,38.04,95.49325561523438
38.05,97.42145538330078,38.05,103.82466888427734,38.05,94.0010986328125,38.05,84.36753845214844,38.05,95.51070404052734
38.06,97.40503692626952,38.06,103.83917236328124,38.06,93.97502136230467,38.06,84.36107635498047,38.06,95.52385711669922
38.07,97.39922332763672,38.07,103.85183715820312,38.07,93.92985534667967,38.07000000000001,84.35057830810547,38.07,95.5343017578125
38.08,97.4043426513672,38.080000000000005,103.86373138427734,38.080000000000005,93.87877655029295,38.08,84.34722900390625,38.080000000000005,95.5386962890625
38.09,97.40750885009766,38.09,103.8764190673828,38.09,93.83560943603516,38.09,84.33842468261719,38.09,95.53046417236328
38.1,97.39334869384766,38.1,103.89021301269533,38.1,93.79436492919922,38.1,84.33749389648438,38.1,95.50516510009766
38.11,97.36150360107422,38.11000000000001,103.90557098388672,38.11000000000001,93.73628997802734,38.11,84.34331512451172,38.11,95.46058654785156
38.12,97.3189926147461,38.120000000000005,103.92189025878906,38.120000000000005,93.66678619384766,38.120000000000005,84.35226440429688,38.120000000000005,95.39478302001952
38.13,97.28184509277344,38.13,103.9398956298828,38.13,93.61785888671876,38.13,84.36044311523438,38.13,95.30940246582033
38.14,97.2485122680664,38.14,103.95449829101562,38.14,93.5768585205078,38.14,84.36853790283203,38.14,95.20487213134766
38.15,97.21166229248048,38.150000000000006,103.971923828125,38.150000000000006,93.53499603271484,38.150000000000006,84.37662506103516,38.150000000000006,95.08175659179688
38.16,97.18102264404295,38.16,103.98934173583984,38.16,93.50751495361328,38.16,84.38288116455078,38.16,94.937744140625
38.17,97.1550521850586,38.17,104.00668334960938,38.17,93.4836196899414,38.17,84.3891372680664,38.17,94.77272033691406
38.18,97.1107177734375,38.18,104.03165435791016,38.18,93.46228790283205,38.18000000000001,84.39659118652344,38.18,94.58753967285156
38.19,97.05931854248048,38.190000000000005,104.04681396484376,38.190000000000005,93.43917846679688,38.19,84.40449523925781,38.190000000000005,94.38311004638672
38.2,97.01190948486328,38.2,104.0608139038086,38.2,93.4105224609375,38.2,84.41229248046875,38.2,94.1639633178711
38.21,96.9662628173828,38.21,104.06275177001952,38.21,93.37368774414062,38.21000000000001,84.42520141601562,38.21,93.93009185791016
38.22,96.91160583496094,38.220000000000006,104.05205535888672,38.220000000000006,93.32731628417967,38.22,84.4389877319336,38.22,93.68051147460938
38.23,96.85781860351562,38.23,104.04810333251952,38.23,93.2676010131836,38.23,84.45637512207031,38.23,93.4248275756836
38.24,96.79733276367188,38.24,104.0423583984375,38.24,93.20660400390624,38.24,84.47736358642578,38.24,93.13347625732422
38.25,96.7402572631836,38.25,104.02526092529295,38.25,93.14215087890624,38.25,84.49882507324219,38.25,92.82245635986328
38.26,96.68075561523438,38.260000000000005,104.00340270996094,38.260000000000005,93.0583267211914,38.260000000000005,84.5196304321289,38.260000000000005,92.4891586303711
38.27,96.61734771728516,38.27,103.98117065429688,38.27,92.97256469726562,38.27,84.53886413574219,38.27,92.12496185302734
38.28,96.5406723022461,38.28,103.95966339111328,38.28,92.8801727294922,38.28,84.55940246582031,38.28,91.73689270019533
38.29,96.45256042480467,38.290000000000006,103.93341064453124,38.290000000000006,92.781005859375,38.290000000000006,84.58078002929688,38.29,91.33122253417967
38.3,96.3430404663086,38.3,103.90357971191406,38.3,92.66154479980467,38.3,84.60370635986328,38.3,90.9056396484375
38.31,96.2206802368164,38.31,103.87104034423828,38.31,92.52892303466795,38.31,84.62882232666016,38.31,90.45328521728516
38.32,96.08350372314452,38.32,103.82864379882812,38.32,92.38880920410156,38.32000000000001,84.65786743164062,38.32,89.97720336914062
38.33,95.92675018310548,38.330000000000005,103.77945709228516,38.330000000000005,92.23699188232422,38.33,84.689697265625,38.330000000000005,89.47399139404297
38.34,95.75254821777344,38.34,103.72991180419922,38.34,92.06790924072266,38.34,84.72400665283203,38.34,88.9542007446289
38.35,95.55149841308594,38.35,103.67333221435548,38.35,91.87995147705078,38.35,84.75760650634766,38.35,88.42723083496094
38.36,95.34198760986328,38.36000000000001,103.60948944091795,38.36000000000001,91.66515350341795,38.36,84.78819274902344,38.36,87.8722915649414
38.37,95.10369873046876,38.370000000000005,103.53990173339844,38.370000000000005,91.41010284423828,38.370000000000005,84.8132095336914,38.370000000000005,87.2848129272461
38.38,94.83114624023438,38.38,103.468505859375,38.38,91.14935302734376,38.38,84.83346557617188,38.38,86.70309448242188
38.39,94.53499603271484,38.39,103.39344787597656,38.39,90.88917541503906,38.39,84.84839630126953,38.39,86.08190155029297
38.4,94.21469116210938,38.400000000000006,103.31212615966795,38.400000000000006,90.63059997558594,38.400000000000006,84.86006927490234,38.400000000000006,85.36553192138672
38.41,93.860595703125,38.41,103.23368072509766,38.41,90.37511444091795,38.41,84.87105560302734,38.41,84.5941390991211
38.42,93.4880142211914,38.42,103.14994049072266,38.42,90.11924743652344,38.42,84.88261413574219,38.42,83.76875305175781
38.43,93.09186553955078,38.43,103.06192016601562,38.43,89.86895751953125,38.43000000000001,84.89653015136719,38.43,82.87670135498047
38.44,92.6650619506836,38.440000000000005,102.97237396240234,38.440000000000005,89.60388946533203,38.44,84.90633392333984,38.440000000000005,81.94657135009766
38.45,92.22840118408205,38.45,102.88996124267578,38.45,89.31608581542969,38.45,84.91692352294922,38.45,80.93572998046875
38.46,91.77232360839844,38.46,102.79297637939452,38.46,89.023193359375,38.46000000000001,84.92620849609375,38.46,79.9390869140625
38.47,91.28978729248048,38.470000000000006,102.70099639892578,38.470000000000006,88.7083511352539,38.47,84.94326782226562,38.470000000000006,79.1575698852539
38.48,90.80870056152344,38.48,102.61296081542967,38.48,88.36175537109375,38.48,84.96115112304688,38.48,78.3945541381836
38.49,90.3204116821289,38.49,102.52720642089844,38.49,87.99496459960938,38.49,84.98643493652344,38.49,77.60272979736328
38.5,89.81685638427734,38.5,102.4493179321289,38.5,87.61876678466797,38.5,85.01608276367188,38.5,76.863037109375
38.51,89.31441497802734,38.510000000000005,102.37850189208984,38.510000000000005,87.22177124023438,38.510000000000005,85.03764343261719,38.510000000000005,76.10010528564453
38.52,88.7983627319336,38.52,102.31199645996094,38.52,86.81704711914062,38.52,85.0518569946289,38.52,75.19634246826172
38.53,88.25176239013672,38.53,102.246337890625,38.53,86.39786529541016,38.53,85.05157470703125,38.53,74.18682098388672
38.54,87.68522644042969,38.540000000000006,102.18374633789062,38.540000000000006,85.97335052490234,38.540000000000006,85.04364776611328,38.54,73.07931518554688
38.55,87.12889099121094,38.55,102.1208267211914,38.55,85.53611755371094,38.55,85.02845001220703,38.55,71.92424774169922
38.56,86.5633773803711,38.56,102.06581115722656,38.56,85.0911865234375,38.56,85.01563262939453,38.56,70.7624740600586
38.57,85.97154235839844,38.57,102.0181121826172,38.57,84.62677764892578,38.57000000000001,85.01568603515625,38.57,69.62904357910156
38.58,85.34869384765625,38.580000000000005,101.97698974609376,38.580000000000005,84.11763763427734,38.58,85.02608489990234,38.580000000000005,68.46833801269531
38.59,84.68058013916016,38.59,101.94448852539062,38.59,83.51152801513672,38.59,85.03526306152344,38.59,67.26736450195312
38.6,84.04169464111328,38.6,101.91341400146484,38.6,82.8626937866211,38.6,85.0255126953125,38.6,65.95922088623047
38.61,83.3992919921875,38.61000000000001,101.8791046142578,38.61000000000001,82.25794219970703,38.61,84.999267578125,38.61,64.62077331542969
38.62,82.70906829833984,38.620000000000005,101.86009216308594,38.620000000000005,81.70922088623047,38.620000000000005,84.95925903320312,38.620000000000005,63.25551223754883
38.63,81.98186492919922,38.63,101.8420867919922,38.63,81.18834686279297,38.63,84.92142486572266,38.63,61.88711929321289
38.64,81.21192932128906,38.64,101.82923126220705,38.64,80.6630859375,38.64,84.8881607055664,38.64,60.53505325317383
38.65,80.46870422363281,38.650000000000006,101.8315200805664,38.650000000000006,80.11444091796875,38.650000000000006,84.84970092773438,38.650000000000006,59.22711563110352
38.66,79.77613067626953,38.66,101.85669708251952,38.66,79.49877166748047,38.66,84.81092834472656,38.66,57.913944244384766
38.67,79.06658935546875,38.67,101.89983367919922,38.67,78.87366485595703,38.67,84.76266479492188,38.67,56.55617141723633
38.68,78.40349578857422,38.68,101.9329833984375,38.68,78.25845336914062,38.68000000000001,84.68660736083984,38.68,55.08938217163086
38.69,77.81852722167969,38.690000000000005,101.9892349243164,38.690000000000005,77.677001953125,38.69,84.5813217163086,38.690000000000005,53.56819915771485
38.7,77.2089614868164,38.7,102.0692901611328,38.7,77.06106567382812,38.7,84.47537994384766,38.7,52.01052474975586
38.71,76.60441589355469,38.71,102.16873168945312,38.71,76.43608856201172,38.71000000000001,84.38482666015625,38.71,50.45315170288086
38.72,75.98741149902344,38.720000000000006,102.2720947265625,38.720000000000006,75.82127380371094,38.72,84.29876708984375,38.720000000000006,48.903926849365234
38.73,75.40901184082031,38.73,102.40276336669922,38.73,75.25910186767578,38.73,84.20359802246094,38.73,47.29996871948242
38.74,74.85881805419922,38.74,102.55461120605467,38.74,74.74840545654297,38.74,84.10843658447266,38.74,45.88565444946289
38.75,74.28477478027344,38.75,102.7101058959961,38.75,74.27501678466797,38.75,84.01364135742188,38.75,44.427879333496094
38.76,73.69800567626953,38.760000000000005,102.87025451660156,38.760000000000005,73.84974670410156,38.760000000000005,83.91954803466797,38.760000000000005,42.85373306274414
38.77,73.0951919555664,38.77,103.03253936767578,38.77,73.43402862548828,38.77,83.82213592529297,38.77,41.25641632080078
38.78,72.51719665527344,38.78,103.20793151855467,38.78,72.94537353515625,38.78,83.72896575927734,38.78,39.73609924316406
38.79,72.0230712890625,38.790000000000006,103.40599822998048,38.790000000000006,72.42193603515625,38.790000000000006,83.64601135253906,38.79,38.316200256347656
38.8,71.45938873291016,38.8,103.6247100830078,38.8,71.96769714355469,38.8,83.58293914794922,38.8,36.9296875
38.81,70.9483871459961,38.81,103.85205078125,38.81,71.5274658203125,38.81,83.53594207763672,38.81,35.39791488647461
38.82,70.51211547851562,38.82,104.08993530273438,38.82,71.04708862304688,38.82000000000001,83.47533416748047,38.82,33.810672760009766
38.83,70.10327911376953,38.830000000000005,104.33143615722656,38.830000000000005,70.49081420898438,38.83,83.3914566040039,38.830000000000005,32.21678161621094
38.84,69.70864868164062,38.84,104.59027099609376,38.84,69.92539978027344,38.84,83.29496002197266,38.84,30.527347564697266
38.85,69.33235168457031,38.85,104.8468780517578,38.85,69.31328582763672,38.85,83.18119812011719,38.85,28.810136795043945
38.86,68.96493530273438,38.86000000000001,105.0896224975586,38.86000000000001,68.74891662597656,38.86,83.0483169555664,38.86,27.056480407714844
38.87,68.60040283203125,38.870000000000005,105.3279800415039,38.870000000000005,68.27306365966797,38.870000000000005,82.91371154785156,38.870000000000005,25.4023494720459
38.88,68.2269515991211,38.88,105.57522583007812,38.88,67.87791442871094,38.88,82.79888153076172,38.88,23.86631202697754
38.89,67.83634185791016,38.89,105.84786224365234,38.89,67.49579620361328,38.89,82.705322265625,38.89,22.38521957397461
38.9,67.43508911132812,38.900000000000006,106.13787078857422,38.900000000000006,67.15674591064453,38.900000000000006,82.62574005126953,38.900000000000006,20.90862846374512
38.91,67.07039642333984,38.91,106.43299865722656,38.91,66.88744354248047,38.91,82.55615997314453,38.91,19.470325469970703
38.92,66.75923156738281,38.92,106.71952056884766,38.92,66.65937805175781,38.92,82.48524475097656,38.92,18.058061599731445
38.93,66.49946594238281,38.93,106.99868774414062,38.93,66.49641418457031,38.93000000000001,82.40837860107422,38.93,16.60849952697754
38.94,66.29740905761719,38.940000000000005,107.26696014404295,38.940000000000005,66.35647583007812,38.94,82.31935119628906,38.940000000000005,15.023433685302734
38.95,66.0829849243164,38.95,107.52220916748048,38.95,66.24732208251953,38.95,82.22229766845703,38.95,13.647674560546877
38.96,65.86127471923828,38.96,107.77967834472656,38.96,66.12069702148438,38.96000000000001,82.12802124023438,38.96,12.504446983337402
38.97,65.62191009521484,38.970000000000006,108.05071258544922,38.970000000000006,65.91629791259766,38.97,82.04057312011719,38.970000000000006,11.377724647521973
38.98,65.3730697631836,38.98,108.34217071533205,38.98,65.71829223632812,38.98,81.95388793945312,38.98,10.321128845214844
38.99,65.18518829345703,38.99,108.6365737915039,38.99,65.50852966308594,38.99,81.85779571533203,38.99,9.35338020324707
39.0,64.97559356689453,39.0,108.92693328857422,39.0,65.2740707397461,39.0,81.76069641113281,39.0,8.376226425170898
39.01,64.73717498779297,39.010000000000005,109.21640014648438,39.010000000000005,64.90275573730469,39.010000000000005,81.66741943359375,39.010000000000005,7.405658721923828
39.02,64.49270629882812,39.02,109.4971160888672,39.02,64.5664291381836,39.02,81.56916046142578,39.02,6.522349834442139
39.03,64.26139068603516,39.03,109.75655364990234,39.03,64.43889617919922,39.03,81.48455047607422,39.03,5.6783294677734375
39.04,64.06214141845703,39.040000000000006,110.0006103515625,39.040000000000006,64.24976348876953,39.040000000000006,81.41840362548828,39.04,4.953150272369385
39.05,63.914852142333984,39.05,110.2396469116211,39.05,64.02574920654297,39.05,81.37434387207031,39.05,4.326861381530762
39.06,63.7687873840332,39.06,110.4662094116211,39.06,63.77486801147461,39.06,81.34900665283203,39.06,3.93317437171936
39.07,63.61292266845703,39.07,110.69645690917967,39.07,63.51544952392578,39.07000000000001,81.33580017089844,39.07,3.870572328567505
39.08,63.43825912475586,39.080000000000005,110.9281997680664,39.080000000000005,63.29688262939453,39.08,81.3209457397461,39.080000000000005,3.4304308891296387
39.09,63.2729721069336,39.09,111.15443420410156,39.09,63.05967712402344,39.09,81.29376220703125,39.09,2.907482624053955
39.1,63.11313629150391,39.1,111.3777084350586,39.1,62.80279541015625,39.1,81.25786590576172,39.1,2.717055320739746
39.11,62.98864364624024,39.11000000000001,111.59574127197266,39.11000000000001,62.50486755371094,39.11,81.21399688720703,39.11,2.5519886016845703
39.12,62.85267639160156,39.120000000000005,111.81076049804688,39.120000000000005,62.19911575317383,39.120000000000005,81.15164184570312,39.120000000000005,2.242051839828491
39.13,62.715293884277344,39.13,112.02676391601562,39.13,61.979530334472656,39.13,81.07133483886719,39.13,2.028364419937134
39.14,62.5835189819336,39.14,112.24222564697266,39.14,61.641380310058594,39.14,80.97859191894531,39.14,1.9605275392532349
39.15,62.44075775146485,39.150000000000006,112.45110321044922,39.150000000000006,61.34695816040039,39.150000000000006,80.88777160644531,39.150000000000006,1.905401587486267
39.16,62.30946350097656,39.16,112.6570281982422,39.16,61.11227416992188,39.16,80.81367492675781,39.16,1.8739075660705569
39.17,62.1775016784668,39.17,112.84957122802734,39.17,60.87342071533203,39.17,80.76235961914062,39.17,1.890787959098816
39.18,62.05326843261719,39.18,113.03701782226562,39.18,60.65353012084961,39.18000000000001,80.73184967041016,39.18,1.94762659072876
39.19,61.95526123046875,39.190000000000005,113.21758270263672,39.190000000000005,60.459716796875,39.19,80.71434020996094,39.190000000000005,2.019358396530152
39.2,61.87683868408203,39.2,113.3944091796875,39.2,60.27660751342773,39.2,80.6978530883789,39.2,2.109569787979126
39.21,61.80824279785156,39.21,113.58014678955078,39.21,60.08900833129883,39.21000000000001,80.67122650146484,39.21,2.213944673538208
39.22,61.75180435180664,39.220000000000006,113.75953674316406,39.220000000000006,59.927528381347656,39.22,80.64405059814453,39.220000000000006,2.3366012573242188
39.23,61.70125579833984,39.23,113.93120574951172,39.23,59.77529144287109,39.23,80.62230682373047,39.23,2.463284730911255
39.24,61.658470153808594,39.24,114.10675048828124,39.24,59.65657806396485,39.24,80.6024398803711,39.24,2.620222568511963
39.25,61.63623809814453,39.25,114.28130340576172,39.25,59.56526947021485,39.25,80.59870147705078,39.25,2.790256977081299
39.26,61.62841033935547,39.260000000000005,114.4481201171875,39.260000000000005,59.51567077636719,39.260000000000005,80.61685180664062,39.260000000000005,2.9456570148468018
39.27,61.6430549621582,39.27,114.61866760253906,39.27,59.49901580810547,39.27,80.64437866210938,39.27,3.113642454147339
39.28,61.67955017089844,39.28,114.76992797851562,39.28,59.5111198425293,39.28,80.68092346191406,39.28,3.251571655273437
39.29,61.72563171386719,39.290000000000006,114.90007019042967,39.290000000000006,59.55088424682617,39.290000000000006,80.7217025756836,39.29,3.380392074584961
39.3,61.80065536499024,39.3,115.01547241210938,39.3,59.62067031860352,39.3,80.75984954833984,39.3,3.5899105072021484
39.31,61.88991165161133,39.31,115.12008666992188,39.31,59.710567474365234,39.31,80.79661560058594,39.31,3.750990390777588
39.32,61.99601364135742,39.32,115.19042205810548,39.32,59.80230712890625,39.32000000000001,80.82632446289062,39.32,3.874833583831787
39.33,62.127349853515625,39.330000000000005,115.24765014648438,39.330000000000005,59.9052848815918,39.33,80.85006713867188,39.330000000000005,4.0242018699646
39.34,62.27070999145508,39.34,115.29014587402344,39.34,60.01630783081055,39.34,80.86957550048828,39.34,4.167339324951172
39.35,62.44067001342773,39.35,115.32627868652344,39.35,60.13911437988281,39.35,80.88796997070312,39.35,4.377373695373535
39.36,62.61206817626953,39.36000000000001,115.36307525634766,39.36000000000001,60.28159332275391,39.36,80.90896606445312,39.36,4.599870681762695
39.37,62.805458068847656,39.370000000000005,115.37762451171876,39.370000000000005,60.44335174560547,39.370000000000005,80.9375991821289,39.370000000000005,4.826973915100098
39.38,63.00532150268555,39.38,115.38033294677734,39.38,60.6224479675293,39.38,80.9779281616211,39.38,5.106493949890137
39.39,63.22442626953125,39.39,115.34612274169922,39.39,60.82735824584961,39.39,81.03153991699219,39.39,5.4225287437438965
39.4,63.45962524414063,39.400000000000006,115.27562713623048,39.400000000000006,61.05376815795898,39.400000000000006,81.0914535522461,39.400000000000006,5.805448532104492
39.41,63.723289489746094,39.41,115.18045043945312,39.41,61.294921875,39.41,81.14603424072266,39.41,6.254832744598389
39.42,64.02054595947266,39.42,115.07611083984376,39.42,61.54833221435547,39.42,81.19190216064453,39.42,6.711851119995117
39.43,64.30432891845703,39.43,114.97544860839844,39.43,61.80839920043945,39.43000000000001,81.23735046386719,39.43,7.182886123657227
39.44,64.58094787597656,39.440000000000005,114.88011169433594,39.440000000000005,62.069969177246094,39.44,81.2818374633789,39.440000000000005,7.705698490142822
39.45,64.8822021484375,39.45,114.7731704711914,39.45,62.33538436889648,39.45,81.32113647460938,39.45,8.29924488067627
39.46,65.16131591796875,39.46,114.63995361328124,39.46,62.612403869628906,39.46000000000001,81.36308288574219,39.46,8.917038917541504
39.47,65.44513702392578,39.470000000000006,114.49124145507812,39.470000000000006,62.91781234741211,39.47,81.4122314453125,39.470000000000006,9.55780792236328
39.48,65.72989654541016,39.48,114.32423400878906,39.48,63.24707794189453,39.48,81.46940612792969,39.48,10.228897094726562
39.49,66.0276107788086,39.49,114.14627838134766,39.49,63.58900833129883,39.49,81.5350341796875,39.49,10.948708534240724
39.5,66.32369232177734,39.5,113.95652770996094,39.5,63.931583404541016,39.5,81.61033630371094,39.5,11.718350410461426
39.51,66.62005615234375,39.510000000000005,113.75662231445312,39.510000000000005,64.28817749023438,39.510000000000005,81.69154357910156,39.510000000000005,12.525577545166016
39.52,66.91304779052734,39.52,113.54317474365234,39.52,64.66787719726562,39.52,81.78076171875,39.52,13.36636447906494
39.53,67.1998062133789,39.53,113.30470275878906,39.53,65.03900146484375,39.53,81.8764877319336,39.53,14.261826515197754
39.54,67.46770477294922,39.540000000000006,113.0488739013672,39.540000000000006,65.39258575439453,39.540000000000006,81.97612762451172,39.54,15.214984893798828
39.55,67.74176025390625,39.55,112.78233337402344,39.55,65.7225570678711,39.55,82.07686614990234,39.55,16.21232032775879
39.56,68.0218276977539,39.56,112.5167465209961,39.56,66.04630279541016,39.56,82.1819076538086,39.56,17.28176498413086
39.57,68.3105239868164,39.57,112.24917602539062,39.57,66.41352844238281,39.57000000000001,82.29527282714844,39.57,18.396455764770508
39.58,68.58307647705078,39.580000000000005,111.9813461303711,39.580000000000005,66.81539154052734,39.58,82.41492462158203,39.580000000000005,19.53171157836914
39.59,68.86327362060547,39.59,111.70812225341795,39.59,67.20254516601562,39.59,82.53852081298828,39.59,20.709890365600582
39.6,69.15357971191406,39.6,111.43701934814452,39.6,67.56111145019531,39.6,82.66649627685547,39.6,21.920917510986328
39.61,69.44831848144531,39.61000000000001,111.1637725830078,39.61000000000001,67.92961883544922,39.61,82.7983627319336,39.61,23.15277099609375
39.62,69.7537841796875,39.620000000000005,110.88217163085938,39.620000000000005,68.28223419189453,39.620000000000005,82.93305206298828,39.620000000000005,24.44108009338379
39.63,70.08695983886719,39.63,110.60369873046876,39.63,68.64286041259766,39.63,83.06632995605469,39.63,25.75753593444824
39.64,70.43687438964844,39.64,110.33020782470705,39.64,68.9964599609375,39.64,83.18334197998047,39.64,27.115327835083008
39.65,70.8094482421875,39.650000000000006,110.0625991821289,39.650000000000006,69.32392120361328,39.650000000000006,83.29197692871094,39.650000000000006,28.49515724182129
39.66,71.20075988769531,39.66,109.80487823486328,39.66,69.62318420410156,39.66,83.39036560058594,39.66,29.89996719360352
39.67,71.59492492675781,39.67,109.55426788330078,39.67,69.92779541015625,39.67,83.48417663574219,39.67,31.3388671875
39.68,71.96782684326172,39.68,109.3130874633789,39.68,70.24430847167969,39.68000000000001,83.58047485351562,39.68,32.798683166503906
39.69,72.3541259765625,39.690000000000005,109.07936096191406,39.690000000000005,70.58364868164062,39.69,83.68475341796875,39.690000000000005,34.2854118347168
39.7,72.76614379882812,39.7,108.85009765625,39.7,70.95722961425781,39.7,83.78580474853516,39.7,35.799922943115234
39.71,73.19667053222656,39.71,108.63118743896484,39.71,71.37712097167969,39.71000000000001,83.87335205078125,39.71,37.33735656738281
39.72,73.65811157226562,39.720000000000006,108.42144775390624,39.720000000000006,71.79174041748047,39.72,83.93646240234375,39.720000000000006,38.81344223022461
39.73,74.17868041992188,39.73,108.22637939453124,39.73,72.22225189208984,39.73,83.97818756103516,39.73,40.324493408203125
39.74,74.71533203125,39.74,108.03572082519533,39.74,72.68634796142578,39.74,84.01396179199219,39.74,41.91461563110352
39.75,75.25127410888672,39.75,107.8493881225586,39.75,73.15172576904297,39.75,84.05707550048828,39.75,43.43915939331055
39.76,75.7765121459961,39.760000000000005,107.67179107666016,39.760000000000005,73.61857604980469,39.760000000000005,84.09684753417969,39.760000000000005,44.95267868041992
39.77,76.30867767333984,39.77,107.50464630126952,39.77,74.0881576538086,39.77,84.11894989013672,39.77,46.46657943725586
39.78,76.87342071533203,39.78,107.3458480834961,39.78,74.58345794677734,39.78,84.12921905517578,39.78,47.99362182617188
39.79,77.45860290527344,39.790000000000006,107.19631958007812,39.790000000000006,75.08882904052734,39.790000000000006,84.12194061279297,39.79,49.45677185058594
39.8,78.0462417602539,39.8,107.0548095703125,39.8,75.5719223022461,39.8,84.10783386230469,39.8,50.92720413208008
39.81,78.66216278076172,39.81,106.92666625976562,39.81,76.03246307373047,39.81,84.08805847167969,39.81,52.419960021972656
39.82,79.27059173583984,39.82,106.8053741455078,39.82,76.53069305419922,39.82000000000001,84.07516479492188,39.82,53.92408752441406
39.83,79.88787078857422,39.830000000000005,106.67772674560548,39.830000000000005,77.04753112792969,39.83,84.07913970947266,39.830000000000005,55.45505905151367
39.84,80.5244369506836,39.84,106.55107879638672,39.84,77.5637435913086,39.84,84.08891296386719,39.84,56.96400833129883
39.85,81.15196228027344,39.85,106.43101501464844,39.85,78.09356689453125,39.85,84.10545349121094,39.85,58.47053527832031
39.86,81.79280853271484,39.86000000000001,106.3538818359375,39.86000000000001,78.6248779296875,39.86,84.12664794921875,39.86,59.92135620117188
39.87,82.42799377441406,39.870000000000005,106.2837371826172,39.870000000000005,79.16680908203125,39.870000000000005,84.15231323242188,39.870000000000005,61.37643814086914
39.88,83.06835174560547,39.88,106.22321319580078,39.88,79.77973175048828,39.88,84.18572235107422,39.88,62.781524658203125
39.89,83.73783111572266,39.89,106.16161346435548,39.89,80.44985961914062,39.89,84.2190170288086,39.89,64.15399169921875
39.9,84.39743041992188,39.900000000000006,106.08698272705078,39.900000000000006,81.06302642822266,39.900000000000006,84.25516510009766,39.900000000000006,65.53290557861328
39.91,85.04094696044922,39.91,106.00257873535156,39.91,81.6435317993164,39.91,84.29568481445312,39.91,66.90450286865234
39.92,85.66969299316406,39.92,105.93350219726562,39.92,82.26534271240234,39.92,84.34081268310547,39.92,68.2401351928711
39.93,86.28333282470703,39.93,105.86680603027344,39.93,82.86561584472656,39.93000000000001,84.39128875732422,39.93,69.55571746826172
39.94,86.87954711914062,39.940000000000005,105.79999542236328,39.940000000000005,83.43085479736328,39.94,84.4439468383789,39.940000000000005,70.84715270996094
39.95,87.46028137207031,39.95,105.72433471679688,39.95,84.01359558105469,39.95,84.49478912353516,39.95,72.08477020263672
39.96,88.00460815429688,39.96,105.65617370605467,39.96,84.58057403564453,39.96000000000001,84.54803466796875,39.96,73.28443145751953
39.97,88.52823638916016,39.970000000000006,105.57913970947266,39.970000000000006,85.12071990966797,39.97,84.60242462158203,39.970000000000006,74.45433807373047
39.98,89.05193328857422,39.98,105.46267700195312,39.98,85.6401138305664,39.98,84.65827178955078,39.98,75.61914825439453
39.99,89.57340240478516,39.99,105.3349609375,39.99,86.16094970703125,39.99,84.7212142944336,39.99,76.70458984375
40.0,90.03402709960938,40.0,105.2118911743164,40.0,86.73290252685547,40.0,84.7794189453125,40.0,77.67963409423828
40.01,90.45401000976562,40.010000000000005,105.09283447265624,40.010000000000005,87.41732025146484,40.010000000000005,84.83647155761719,40.010000000000005,78.57415771484375
40.02,90.87642669677734,40.02,104.98287200927734,40.02,87.89788055419922,40.02,84.89318084716797,40.02,79.41997528076172
40.03,91.2751922607422,40.03,104.87065887451172,40.03,88.34823608398438,40.03,84.94619750976562,40.03,80.27639770507812
40.04,91.61373138427734,40.040000000000006,104.7664794921875,40.040000000000006,88.78897094726562,40.040000000000006,84.997314453125,40.04,81.11793518066406
40.05,91.88111877441406,40.05,104.654296875,40.05,89.1957778930664,40.05,85.04210662841797,40.05,81.82276153564453
40.06,92.08403778076172,40.06,104.53665924072266,40.06,89.54998016357422,40.06,85.07513427734375,40.06,82.43104553222656
40.07,92.2415771484375,40.07,104.39826202392578,40.07,89.85308074951172,40.07000000000001,85.09371948242188,40.07,82.97566223144531
40.08,92.37330627441406,40.080000000000005,104.24486541748048,40.080000000000005,90.0865249633789,40.08,85.10326385498047,40.080000000000005,83.48626708984375
40.09,92.48939514160156,40.09,104.10133361816406,40.09,90.3081512451172,40.09,85.10342407226562,40.09,83.97875213623047
40.1,92.58377075195312,40.1,103.96041107177734,40.1,90.5199737548828,40.1,85.10221099853516,40.1,84.52458953857422
40.11,92.64734649658205,40.11000000000001,103.82308959960938,40.11000000000001,90.705810546875,40.11,85.10313415527344,40.11,85.11294555664062
40.12,92.68960571289062,40.120000000000005,103.69314575195312,40.120000000000005,90.87689208984376,40.120000000000005,85.10570526123047,40.120000000000005,85.72052764892578
40.13,92.72644805908205,40.13,103.57040405273438,40.13,91.02428436279295,40.13,85.11505126953125,40.13,86.31454467773438
40.14,92.78897857666016,40.14,103.45915985107422,40.14,91.1581802368164,40.14,85.13530731201172,40.14,86.90284729003906
40.15,92.8752899169922,40.150000000000006,103.36944580078124,40.150000000000006,91.27853393554688,40.150000000000006,85.16526794433594,40.150000000000006,87.51513671875
40.16,92.98394012451172,40.16,103.30237579345705,40.16,91.38267517089844,40.16,85.19908905029297,40.16,88.11969757080078
40.17,93.099609375,40.17,103.26432800292967,40.17,91.48291778564452,40.17,85.234375,40.17,88.71578216552734
40.18,93.23333740234376,40.18,103.24331665039062,40.18,91.58775329589844,40.18000000000001,85.26638793945312,40.18,89.37334442138672
40.19,93.36798095703124,40.190000000000005,103.2394561767578,40.190000000000005,91.65804290771484,40.19,85.29806518554688,40.190000000000005,90.1822280883789
40.2,93.50984191894533,40.2,103.25332641601562,40.2,91.70443725585938,40.2,85.32766723632812,40.2,90.97405242919922
40.21,93.66899871826172,40.21,103.29938507080078,40.21,91.7296371459961,40.21000000000001,85.35484313964844,40.21,91.70169067382812
40.22,93.80200958251952,40.220000000000006,103.3609619140625,40.220000000000006,91.76261901855467,40.22,85.38204193115234,40.220000000000006,92.4106216430664
40.23,93.92071533203124,40.23,103.4185791015625,40.23,91.79409790039062,40.23,85.40145111083984,40.23,93.13841247558594
40.24,94.02487182617188,40.24,103.45696258544922,40.24,91.82952117919922,40.24,85.41539001464844,40.24,93.81687927246094
40.25,94.11786651611328,40.25,103.48570251464844,40.25,91.84983825683594,40.25,85.4261703491211,40.25,94.43561553955078
40.26,94.19129943847656,40.260000000000005,103.50253295898438,40.260000000000005,91.85951232910156,40.260000000000005,85.43165588378906,40.260000000000005,95.05896759033205
40.27,94.22272491455078,40.27,103.51123809814452,40.27,91.8652572631836,40.27,85.43031311035156,40.27,95.57795715332033
40.28,94.22819519042967,40.28,103.48982238769533,40.28,91.86945343017578,40.28,85.4213638305664,40.28,96.04205322265624
40.29,94.19432067871094,40.290000000000006,103.4437255859375,40.290000000000006,91.92996978759766,40.290000000000006,85.408447265625,40.29,96.44392395019533
40.3,94.15393829345705,40.3,103.38023376464844,40.3,91.96759796142578,40.3,85.39373779296875,40.3,96.7839813232422
40.31,94.11113739013672,40.31,103.30756378173828,40.31,92.00345611572266,40.31,85.38033294677734,40.31,97.06877136230467
40.32,94.0661163330078,40.32,103.22671508789062,40.32,92.050048828125,40.32000000000001,85.36736297607422,40.32,97.30120849609376
40.33,94.03595733642578,40.330000000000005,103.1416473388672,40.330000000000005,92.1055679321289,40.33,85.3564682006836,40.330000000000005,97.48989868164062
40.34,94.00984191894533,40.34,103.06200408935548,40.34,92.16629791259766,40.34,85.35033416748047,40.34,97.66047668457033
40.35,94.01688385009766,40.35,102.99344635009766,40.35,92.2242202758789,40.35,85.35499572753906,40.35,97.81595611572266
40.36,94.0674057006836,40.36000000000001,102.93327331542967,40.36000000000001,92.27001190185548,40.36,85.36430358886719,40.36,97.93761444091795
40.37,94.14940643310548,40.370000000000005,102.89698791503906,40.370000000000005,92.32241821289062,40.370000000000005,85.37512969970703,40.370000000000005,98.03265380859376
40.38,94.175048828125,40.38,102.8853530883789,40.38,92.37774658203124,40.38,85.387939453125,40.38,98.11328125
40.39,94.20581817626952,40.39,102.89664459228516,40.39,92.42535400390624,40.39,85.39966583251953,40.39,98.189697265625
40.4,94.22100830078124,40.400000000000006,102.9217529296875,40.400000000000006,92.47032928466795,40.400000000000006,85.41144561767578,40.400000000000006,98.26885986328124
40.41,94.22830963134766,40.41,102.94832611083984,40.41,92.49671173095705,40.41,85.42274475097656,40.41,98.34687042236328
40.42,94.2284927368164,40.42,102.97320556640624,40.42,92.51670837402344,40.42,85.43374633789062,40.42,98.411865234375
40.43,94.19110870361328,40.43,102.99226379394533,40.43,92.533447265625,40.43000000000001,85.44402313232422,40.43,98.46839904785156
40.44,94.1628875732422,40.440000000000005,103.00765991210938,40.440000000000005,92.53826141357422,40.44,85.45381927490234,40.440000000000005,98.51187133789062
40.45,94.13497924804688,40.45,103.01307678222656,40.45,92.53658294677734,40.45,85.45790100097656,40.45,98.53872680664062
40.46,94.11273193359376,40.46,103.00542449951172,40.46,92.53639221191406,40.46000000000001,85.46856689453125,40.46,98.557861328125
40.47,94.08634948730467,40.470000000000006,102.99292755126952,40.470000000000006,92.54534912109376,40.47,85.48201751708984,40.470000000000006,98.5668487548828
40.48,94.05789184570312,40.48,102.97850036621094,40.48,92.54835510253906,40.48,85.49818420410156,40.48,98.56497955322266
40.49,94.0283660888672,40.49,102.9568862915039,40.49,92.54129028320312,40.49,85.5156021118164,40.49,98.56051635742188
40.5,94.01062774658205,40.5,102.9290008544922,40.5,92.54127502441406,40.5,85.53340911865234,40.5,98.55530548095705
40.51,94.0013656616211,40.510000000000005,102.90467071533205,40.510000000000005,92.54680633544922,40.510000000000005,85.5508804321289,40.510000000000005,98.54206848144533
40.52,93.99250793457033,40.52,102.8782958984375,40.52,92.56649780273438,40.52,85.5703125,40.52,98.52432250976562
40.53,93.9806671142578,40.53,102.85065460205078,40.53,92.58146667480467,40.53,85.58560943603516,40.53,98.5042953491211
40.54,93.9584503173828,40.540000000000006,102.83281707763672,40.540000000000006,92.59764862060548,40.540000000000006,85.59683990478516,40.54,98.49146270751952
40.55,93.9252700805664,40.55,102.80907440185548,40.55,92.61354064941406,40.55,85.60620880126953,40.55,98.4777374267578
40.56,93.9048843383789,40.56,102.78932189941406,40.56,92.63304901123048,40.56,85.61266326904297,40.56,98.46329498291016
40.57,93.8859405517578,40.57,102.77535247802734,40.57,92.66364288330078,40.57000000000001,85.61650848388672,40.57,98.44330596923828
40.58,93.86854553222656,40.580000000000005,102.76065063476562,40.580000000000005,92.69483947753906,40.58,85.62122344970703,40.580000000000005,98.41709899902344
40.59,93.84439086914062,40.59,102.7447509765625,40.59,92.72801208496094,40.59,85.6257095336914,40.59,98.38605499267578
40.6,93.83326721191406,40.6,102.72637939453124,40.6,92.76709747314452,40.6,85.63092041015625,40.6,98.3467254638672
40.61,93.82583618164062,40.61000000000001,102.69914245605467,40.61000000000001,92.80619049072266,40.61,85.63626861572266,40.61,98.30462646484376
40.62,93.82222747802734,40.620000000000005,102.6726531982422,40.620000000000005,92.84563446044922,40.620000000000005,85.64200592041016,40.620000000000005,98.2614974975586
40.63,93.82107543945312,40.63,102.65013885498048,40.63,92.88819122314452,40.63,85.65042877197266,40.63,98.21809387207033
40.64,93.80262756347656,40.64,102.63166046142578,40.64,92.9403305053711,40.64,85.65472412109375,40.64,98.17237854003906
40.65,93.78671264648438,40.650000000000006,102.61293029785156,40.650000000000006,92.99113464355467,40.650000000000006,85.65918731689453,40.650000000000006,98.12353515625
40.66,93.77041625976562,40.66,102.59896850585938,40.66,93.04918670654295,40.66,85.66424560546875,40.66,98.06993865966795
40.67,93.7483139038086,40.67,102.58332061767578,40.67,93.10488891601562,40.67,85.66423034667969,40.67,98.01619720458984
40.68,93.72025299072266,40.68,102.56763458251952,40.68,93.1518325805664,40.68000000000001,85.66262817382812,40.68,97.9587860107422
40.69,93.68729400634766,40.690000000000005,102.55622100830078,40.690000000000005,93.20316314697266,40.69,85.66399383544922,40.690000000000005,97.90070343017578
40.7,93.65044403076172,40.7,102.53842163085938,40.7,93.2461166381836,40.7,85.66788482666016,40.7,97.84639739990234
40.71,93.5948257446289,40.71,102.51686096191406,40.71,93.28611755371094,40.71000000000001,85.67113494873047,40.71,97.79468536376952
40.72,93.55523681640624,40.720000000000006,102.50398254394533,40.720000000000006,93.3279037475586,40.72,85.67161560058594,40.720000000000006,97.74170684814452
40.73,93.53225708007812,40.73,102.48414611816406,40.73,93.3496551513672,40.73,85.67484283447266,40.73,97.69149017333984
40.74,93.51670837402344,40.74,102.45594024658205,40.74,93.35018157958984,40.74,85.67881774902344,40.74,97.6432876586914
40.75,93.50933837890624,40.75,102.4343490600586,40.75,93.33987426757812,40.75,85.68164825439453,40.75,97.59764099121094
40.76,93.49927520751952,40.760000000000005,102.41088104248048,40.760000000000005,93.33180236816406,40.760000000000005,85.68399810791016,40.760000000000005,97.5512924194336
40.77,93.4933090209961,40.77,102.38463592529295,40.77,93.31817626953124,40.77,85.68395233154297,40.77,97.5071792602539
40.78,93.48944854736328,40.78,102.3532943725586,40.78,93.30078125,40.78,85.67980194091797,40.78,97.46245574951172
40.79,93.4828872680664,40.790000000000006,102.33174896240234,40.790000000000006,93.27565002441406,40.790000000000006,85.67540740966797,40.79,97.42054748535156
40.8,93.4818878173828,40.8,102.31393432617188,40.8,93.2484893798828,40.8,85.67276000976562,40.8,97.39279174804688
40.81,93.48429870605467,40.81,102.3016357421875,40.81,93.22496795654295,40.81,85.67218780517578,40.81,97.37255859375
40.82,93.4939422607422,40.82,102.2929229736328,40.82,93.19536590576172,40.82000000000001,85.67127990722656,40.82,97.35291290283205
40.83,93.50721740722656,40.830000000000005,102.29389190673828,40.830000000000005,93.16425323486328,40.83,85.67405700683594,40.830000000000005,97.33444213867188
40.84,93.52137756347656,40.84,102.30391693115234,40.84,93.13643646240234,40.84,85.67801666259766,40.84,97.32220458984376
40.85,93.53472137451172,40.85,102.31493377685548,40.85,93.11363983154295,40.85,85.68067932128906,40.85,97.3178939819336
40.86,93.54618072509766,40.86000000000001,102.32707214355467,40.86000000000001,93.09651184082033,40.86,85.6805191040039,40.86,97.31827545166016
40.87,93.55065155029295,40.870000000000005,102.3287124633789,40.870000000000005,93.0826187133789,40.870000000000005,85.67858123779297,40.870000000000005,97.32551574707033
40.88,93.54999542236328,40.88,102.32715606689452,40.88,93.0732421875,40.88,85.6755142211914,40.88,97.33566284179688
40.89,93.5473403930664,40.89,102.32836151123048,40.89,93.0703125,40.89,85.67050170898438,40.89,97.35157012939452
40.9,93.54410552978516,40.900000000000006,102.33110809326172,40.900000000000006,93.07037353515624,40.900000000000006,85.66289520263672,40.900000000000006,97.37356567382812
40.91,93.54390716552734,40.91,102.3310317993164,40.91,93.06349182128906,40.91,85.6565170288086,40.91,97.40425872802734
40.92,93.54174041748048,40.92,102.3337173461914,40.92,93.04551696777344,40.92,85.65016174316406,40.92,97.44398498535156
40.93,93.53914642333984,40.93,102.34185791015624,40.93,93.0217742919922,40.93000000000001,85.64440155029297,40.93,97.49209594726562
40.94,93.53668975830078,40.940000000000005,102.34407806396484,40.940000000000005,93.00413513183594,40.94,85.64308166503906,40.940000000000005,97.54579162597656
40.95,93.53771209716795,40.95,102.3429718017578,40.95,92.98163604736328,40.95,85.64142608642578,40.95,97.60238647460938
40.96,93.54230499267578,40.96,102.3396987915039,40.96,92.95099639892578,40.96000000000001,85.64086151123047,40.96,97.65888214111328
40.97,93.54767608642578,40.970000000000006,102.33654022216795,40.970000000000006,92.92345428466795,40.97,85.6432876586914,40.970000000000006,97.71624755859376
40.98,93.54676055908205,40.98,102.33646392822266,40.98,92.90467071533205,40.98,85.64253234863281,40.98,97.76914978027344
40.99,93.54326629638672,40.99,102.34479522705078,40.99,92.8833236694336,40.99,85.64873504638672,40.99,97.81394958496094
41.0,93.54743194580078,41.0,102.35578918457033,41.0,92.85630798339844,41.0,85.6507568359375,41.0,97.8501434326172
41.01,93.55931091308594,41.010000000000005,102.3697280883789,41.010000000000005,92.82276153564452,41.010000000000005,85.65015411376953,41.010000000000005,97.88186645507812
41.02,93.5749969482422,41.02,102.38557434082033,41.02,92.79054260253906,41.02,85.64910125732422,41.02,97.91316986083984
41.03,93.59134674072266,41.03,102.40609741210938,41.03,92.76785278320312,41.03,85.64776611328125,41.03,97.94683837890624
41.04,93.6056900024414,41.040000000000006,102.4228973388672,41.040000000000006,92.75414276123048,41.040000000000006,85.64656829833984,41.04,97.9806671142578
41.05,93.6147003173828,41.05,102.43289184570312,41.05,92.75238037109376,41.05,85.64554595947266,41.05,98.01447296142578
41.06,93.61802673339844,41.06,102.43816375732422,41.06,92.75187683105467,41.06,85.64293670654297,41.06,98.0456314086914
41.07,93.6160888671875,41.07,102.4463882446289,41.07,92.75469970703124,41.07000000000001,85.63914489746094,41.07,98.07621002197266
41.08,93.60860443115234,41.080000000000005,102.45472717285156,41.080000000000005,92.75732421875,41.08,85.63450622558594,41.080000000000005,98.10869598388672
41.09,93.5977783203125,41.09,102.46118927001952,41.09,92.76353454589844,41.09,85.62850189208984,41.09,98.14338684082033
41.1,93.58737182617188,41.1,102.4687042236328,41.1,92.7771453857422,41.1,85.62336730957031,41.1,98.1786880493164
41.11,93.59571838378906,41.11000000000001,102.49906158447266,41.11000000000001,92.7914581298828,41.11,85.6175308227539,41.11,98.21829223632812
41.12,93.60787963867188,41.120000000000005,102.5104751586914,41.120000000000005,92.79691314697266,41.120000000000005,85.61166381835938,41.120000000000005,98.2612075805664
41.13,93.6204071044922,41.13,102.51332092285156,41.13,92.80200958251952,41.13,85.6098861694336,41.13,98.2974853515625
41.14,93.62413024902344,41.14,102.5156478881836,41.14,92.802490234375,41.14,85.61096954345703,41.14,98.32949829101562
41.15,93.62732696533205,41.150000000000006,102.52064514160156,41.150000000000006,92.80171966552734,41.150000000000006,85.60997009277344,41.150000000000006,98.35900115966795
41.16,93.63372039794922,41.16,102.52582550048828,41.16,92.8080062866211,41.16,85.61019897460938,41.16,98.38623046875
41.17,93.63504791259766,41.17,102.52536010742188,41.17,92.82506561279295,41.17,85.60953521728516,41.17,98.4108428955078
41.18,93.64170837402344,41.18,102.52654266357422,41.18,92.83861541748048,41.18000000000001,85.60660552978516,41.18,98.43718719482422
41.19,93.65080261230467,41.190000000000005,102.52559661865234,41.190000000000005,92.8410186767578,41.19,85.6036148071289,41.190000000000005,98.46272277832033
41.2,93.6607894897461,41.2,102.52986907958984,41.2,92.83216857910156,41.2,85.60005950927734,41.2,98.48672485351562
41.21,93.66907501220705,41.21,102.53882598876952,41.21,92.82559204101562,41.21000000000001,85.59579467773438,41.21,98.50806427001952
41.22,93.67805480957033,41.220000000000006,102.54953002929688,41.220000000000006,92.82772827148438,41.22,85.593017578125,41.220000000000006,98.52891540527344
41.23,93.67964935302734,41.23,102.56188201904295,41.23,92.82778930664062,41.23,85.58971405029297,41.23,98.55046844482422
41.24,93.67619323730467,41.24,102.57694244384766,41.24,92.83409881591795,41.24,85.58743286132812,41.24,98.57218170166016
41.25,93.6783447265625,41.25,102.58719635009766,41.25,92.84612274169922,41.25,85.58416748046875,41.25,98.59246063232422
41.26,93.68299865722656,41.260000000000005,102.5937271118164,41.260000000000005,92.85387420654295,41.260000000000005,85.5776138305664,41.260000000000005,98.61475372314452
41.27,93.68505859375,41.27,102.59912872314452,41.27,92.8627700805664,41.27,85.56919860839844,41.27,98.63626861572266
41.28,93.6924819946289,41.28,102.60497283935548,41.28,92.87712860107422,41.28,85.55823516845703,41.28,98.66036224365234
41.29,93.70281219482422,41.290000000000006,102.61398315429688,41.290000000000006,92.89678192138672,41.290000000000006,85.54620361328125,41.29,98.68486785888672
41.3,93.70802307128906,41.3,102.6206512451172,41.3,92.91645050048828,41.3,85.53300476074219,41.3,98.7044677734375
41.31,93.70533752441406,41.31,102.62947082519533,41.31,92.93618774414062,41.31,85.521240234375,41.31,98.72338104248048
41.32,93.71029663085938,41.32,102.64143371582033,41.32,92.96240234375,41.32000000000001,85.50872802734375,41.32,98.73648834228516
41.33,93.72753143310548,41.330000000000005,102.6546630859375,41.330000000000005,92.99059295654295,41.33,85.494873046875,41.330000000000005,98.7445831298828
41.34,93.75148010253906,41.34,102.67472076416016,41.34,93.01815032958984,41.34,85.48412322998047,41.34,98.75138092041016
41.35,93.77899932861328,41.35,102.6906967163086,41.35,93.0423355102539,41.35,85.47235107421875,41.35,98.75306701660156
41.36,93.80426025390624,41.36000000000001,102.70348358154295,41.36000000000001,93.06793212890624,41.36,85.45774841308594,41.36,98.75213623046876
41.37,93.8261489868164,41.370000000000005,102.71267700195312,41.370000000000005,93.0996322631836,41.370000000000005,85.44242095947266,41.370000000000005,98.75061798095705
41.38,93.84220886230467,41.38,102.72152709960938,41.38,93.13021850585938,41.38,85.42830657958984,41.38,98.74689483642578
41.39,93.85636901855467,41.39,102.7332534790039,41.39,93.1581573486328,41.39,85.4126205444336,41.39,98.7431182861328
41.4,93.86862182617188,41.400000000000006,102.74616241455078,41.400000000000006,93.18586730957033,41.400000000000006,85.39839935302734,41.400000000000006,98.73672485351562
41.41,93.87349700927734,41.41,102.76962280273438,41.41,93.21710205078124,41.41,85.384521484375,41.41,98.72364807128906
41.42,93.8879165649414,41.42,102.78341674804688,41.42,93.25059509277344,41.42,85.37262725830078,41.42,98.7075424194336
41.43,93.91238403320312,41.43,102.80104064941406,41.43,93.28118896484376,41.43000000000001,85.36383819580078,41.43,98.69097900390624
41.44,93.94161224365234,41.440000000000005,102.81040954589844,41.440000000000005,93.31072998046876,41.44,85.35596466064453,41.440000000000005,98.6732940673828
41.45,93.96691131591795,41.45,102.81887817382812,41.45,93.33831787109376,41.45,85.3487548828125,41.45,98.6495132446289
41.46,93.9932098388672,41.46,102.82959747314452,41.46,93.36444854736328,41.46000000000001,85.3418960571289,41.46,98.6168441772461
41.47,94.0198745727539,41.470000000000006,102.84375762939452,41.470000000000006,93.39134216308594,41.47,85.33385467529297,41.470000000000006,98.58194732666016
41.48,94.04395294189452,41.48,102.85145568847656,41.48,93.41587829589844,41.48,85.3256607055664,41.48,98.5419921875
41.49,94.0606918334961,41.49,102.8584442138672,41.49,93.4411392211914,41.49,85.31562805175781,41.49,98.49756622314452
41.5,94.0693130493164,41.5,102.88217163085938,41.5,93.4748992919922,41.5,85.30490112304688,41.5,98.44844818115234
41.51,94.07967376708984,41.510000000000005,102.90715789794922,41.510000000000005,93.50802612304688,41.510000000000005,85.2923812866211,41.510000000000005,98.39852142333984
41.52,94.09213256835938,41.52,102.9240951538086,41.52,93.54051971435548,41.52,85.2791519165039,41.52,98.34475708007812
41.53,94.10501861572266,41.53,102.93434143066406,41.53,93.57036590576172,41.53,85.26337432861328,41.53,98.29047393798828
41.54,94.1204833984375,41.540000000000006,102.95244598388672,41.540000000000006,93.59878540039062,41.540000000000006,85.2447280883789,41.54,98.23680877685548
41.55,94.14383697509766,41.55,102.97303771972656,41.55,93.6252899169922,41.55,85.22347259521484,41.55,98.18177795410156
41.56,94.1705551147461,41.56,102.9892349243164,41.56,93.65132904052734,41.56,85.20152282714844,41.56,98.1219482421875
41.57,94.19519805908205,41.57,103.00520324707033,41.57,93.68038177490234,41.57000000000001,85.18161010742188,41.57,98.0574722290039
41.58,94.21915435791016,41.580000000000005,103.02037048339844,41.580000000000005,93.7081298828125,41.58,85.16260528564453,41.580000000000005,97.99109649658205
41.59,94.24488830566406,41.59,103.03280639648438,41.59,93.73555755615234,41.59,85.14068603515625,41.59,97.92255401611328
41.6,94.27069091796876,41.6,103.0448760986328,41.6,93.76919555664062,41.6,85.1182632446289,41.6,97.84414672851562
41.61,94.2968521118164,41.61000000000001,103.05929565429688,41.61000000000001,93.80441284179688,41.61,85.09344482421875,41.61,97.7622528076172
41.62,94.31867218017578,41.620000000000005,103.0674819946289,41.620000000000005,93.83586883544922,41.620000000000005,85.06812286376953,41.620000000000005,97.6876983642578
41.63,94.33787536621094,41.63,103.07849884033205,41.63,93.86932373046876,41.63,85.04159545898438,41.63,97.61865997314452
41.64,94.35469818115234,41.64,103.08794403076172,41.64,93.8993911743164,41.64,85.01456451416016,41.64,97.54632568359376
41.65,94.37813568115234,41.650000000000006,103.0995635986328,41.650000000000006,93.92684936523438,41.650000000000006,84.98516845703125,41.650000000000006,97.47044372558594
41.66,94.4052734375,41.66,103.1137466430664,41.66,93.957763671875,41.66,84.95353698730469,41.66,97.39679718017578
41.67,94.4366455078125,41.67,103.1230926513672,41.67,93.98700714111328,41.67,84.91846466064453,41.67,97.32830810546876
41.68,94.46585845947266,41.68,103.13434600830078,41.68,94.02717590332033,41.68000000000001,84.88007354736328,41.68,97.26700592041016
41.69,94.49422454833984,41.690000000000005,103.1456298828125,41.690000000000005,94.06340789794922,41.69,84.84298706054688,41.690000000000005,97.21055603027344
41.7,94.52631378173828,41.7,103.15605926513672,41.7,94.08983612060548,41.7,84.80882263183594,41.7,97.15885162353516
41.71,94.55632019042967,41.71,103.1640853881836,41.71,94.11566162109376,41.71000000000001,84.77283477783203,41.71,97.11434173583984
41.72,94.58641052246094,41.720000000000006,103.17195892333984,41.720000000000006,94.14090728759766,41.72,84.74017333984375,41.720000000000006,97.07109832763672
41.73,94.61990356445312,41.73,103.1818389892578,41.73,94.16903686523438,41.73,84.70804595947266,41.73,97.03204345703124
41.74,94.66065979003906,41.74,103.1915512084961,41.74,94.20204162597656,41.74,84.67859649658203,41.74,96.99444580078124
41.75,94.70057678222656,41.75,103.19869232177734,41.75,94.23600006103516,41.75,84.65231323242188,41.75,96.96019744873048
41.76,94.73102569580078,41.760000000000005,103.20611572265624,41.760000000000005,94.26553344726562,41.760000000000005,84.62937927246094,41.760000000000005,96.9263687133789
41.77,94.7625961303711,41.77,103.21329498291016,41.77,94.29022216796876,41.77,84.60735321044922,41.77,96.896484375
41.78,94.79034423828124,41.78,103.22036743164062,41.78,94.31302642822266,41.78,84.58843231201172,41.78,96.870849609375
41.79,94.81320190429688,41.790000000000006,103.22222900390624,41.790000000000006,94.34004974365234,41.790000000000006,84.57010650634766,41.79,96.8458480834961
41.8,94.84266662597656,41.8,103.2248306274414,41.8,94.37203216552734,41.8,84.5534439086914,41.8,96.82342529296876
41.81,94.8775405883789,41.81,103.24210357666016,41.81,94.39886474609376,41.81,84.53727722167969,41.81,96.80119323730467
41.82,94.91173553466795,41.82,103.26077270507812,41.82,94.42471313476562,41.82000000000001,84.522216796875,41.82,96.77674102783205
41.83,94.95510864257812,41.830000000000005,103.27486419677734,41.830000000000005,94.45246887207033,41.83,84.51170349121094,41.830000000000005,96.73493194580078
41.84,94.99393463134766,41.84,103.28033447265624,41.84,94.47657012939452,41.84,84.5020980834961,41.84,96.6768798828125
41.85,95.02808380126952,41.85,103.28269958496094,41.85,94.4936294555664,41.85,84.49337005615234,41.85,96.59528350830078
41.86,95.0526351928711,41.86000000000001,103.28387451171876,41.86000000000001,94.51158142089844,41.86,84.4808349609375,41.86,96.50492095947266
41.87,95.07286834716795,41.870000000000005,103.28533935546876,41.870000000000005,94.52467346191406,41.870000000000005,84.4655532836914,41.870000000000005,96.41999816894533
41.88,95.087890625,41.88,103.29031372070312,41.88,94.53813934326172,41.88,84.45027923583984,41.88,96.322998046875
41.89,95.1015625,41.89,103.3028793334961,41.89,94.5456085205078,41.89,84.43434143066406,41.89,96.21794891357422
41.9,95.11712646484376,41.900000000000006,103.322509765625,41.900000000000006,94.55416107177734,41.900000000000006,84.41886901855469,41.900000000000006,96.1207275390625
41.91,95.13023376464844,41.91,103.33677673339844,41.91,94.56522369384766,41.91,84.40327453613281,41.91,96.02616119384766
41.92,95.1452865600586,41.92,103.3500747680664,41.92,94.58414459228516,41.92,84.390869140625,41.92,95.93965911865234
41.93,95.16651153564452,41.93,103.36083221435548,41.93,94.61833190917967,41.93000000000001,84.37711334228516,41.93,95.86278533935548
41.94,95.1972198486328,41.940000000000005,103.3737335205078,41.940000000000005,94.65168762207033,41.94,84.36921691894531,41.940000000000005,95.78909301757812
41.95,95.23114013671876,41.95,103.38373565673828,41.95,94.69071197509766,41.95,84.36287689208984,41.95,95.71683502197266
41.96,95.27202606201172,41.96,103.39227294921876,41.96,94.7215805053711,41.96000000000001,84.36100769042969,41.96,95.64727020263672
41.97,95.31591033935548,41.970000000000006,103.39862060546876,41.970000000000006,94.74832153320312,41.97,84.36078643798828,41.970000000000006,95.58992004394533
41.98,95.36883544921876,41.98,103.40857696533205,41.98,94.77068328857422,41.98,84.36307525634766,41.98,95.5442352294922
41.99,95.42951965332033,41.99,103.41757202148438,41.99,94.7869110107422,41.99,84.36449432373047,41.99,95.51013946533205
42.0,95.49105834960938,42.0,103.42794799804688,42.0,94.79615020751952,42.0,84.36162567138672,42.0,95.49036407470705
42.01,95.5546417236328,42.010000000000005,103.44393157958984,42.010000000000005,94.80787658691406,42.010000000000005,84.36265563964844,42.010000000000005,95.48575592041016
42.02,95.60504150390624,42.02,103.45673370361328,42.02,94.81636810302734,42.02,84.36644744873047,42.02,95.49596405029295
42.03,95.63963317871094,42.03,103.46534729003906,42.03,94.82445526123048,42.03,84.3697738647461,42.03,95.5177993774414
42.04,95.66585540771484,42.040000000000006,103.47132110595705,42.040000000000006,94.82564544677734,42.040000000000006,84.37191009521484,42.04,95.54053497314452
42.05,95.68785858154295,42.05,103.4760284423828,42.05,94.82058715820312,42.05,84.371337890625,42.05,95.55316925048828
42.06,95.71115112304688,42.06,103.4803466796875,42.06,94.8124771118164,42.06,84.36878204345703,42.06,95.56419372558594
42.07,95.73360443115234,42.07,103.48148345947266,42.07,94.8044204711914,42.07000000000001,84.36392974853516,42.07,95.58110809326172
42.08,95.74549102783205,42.080000000000005,103.4818344116211,42.080000000000005,94.7967758178711,42.08,84.35668182373047,42.080000000000005,95.59651184082033
42.09,95.75237274169922,42.09,103.488525390625,42.09,94.78825378417967,42.09,84.3484878540039,42.09,95.60032653808594
42.1,95.75137329101562,42.1,103.48489379882812,42.1,94.77788543701172,42.1,84.3407974243164,42.1,95.60276794433594
42.11,95.7547378540039,42.11000000000001,103.4795150756836,42.11000000000001,94.76612091064452,42.11,84.33747100830078,42.11,95.60579681396484
42.12,95.76436614990234,42.120000000000005,103.47608184814452,42.120000000000005,94.75550842285156,42.120000000000005,84.33324432373047,42.120000000000005,95.60910034179688
42.13,95.77938079833984,42.13,103.47237396240234,42.13,94.74727630615234,42.13,84.32769012451172,42.13,95.6129150390625
42.14,95.7941665649414,42.14,103.47462463378906,42.14,94.74002075195312,42.14,84.32423400878906,42.14,95.61653900146484
42.15,95.8056182861328,42.150000000000006,103.475830078125,42.150000000000006,94.73844909667967,42.150000000000006,84.31935119628906,42.150000000000006,95.60460662841795
42.16,95.80918884277344,42.16,103.47077941894533,42.16,94.73942565917967,42.16,84.31560516357422,42.16,95.58251953125
42.17,95.82765197753906,42.17,103.47306060791016,42.17,94.77062225341795,42.17,84.31537628173828,42.17,95.54978942871094
42.18,95.84967041015624,42.18,103.47673797607422,42.18,94.83245086669922,42.18000000000001,84.31148529052734,42.18,95.512451171875
42.19,95.89574432373048,42.190000000000005,103.4839096069336,42.190000000000005,94.87532806396484,42.19,84.3121337890625,42.190000000000005,95.47927856445312
42.2,95.91536712646484,42.2,103.48955535888672,42.2,94.89236450195312,42.2,84.31726837158203,42.2,95.44918060302734
42.21,95.93766021728516,42.21,103.50486755371094,42.21,94.90304565429688,42.21000000000001,84.3230209350586,42.21,95.4163818359375
42.22,95.974365234375,42.220000000000006,103.52500915527344,42.220000000000006,94.91224670410156,42.22,84.32905578613281,42.220000000000006,95.3758316040039
42.23,95.98960876464844,42.23,103.53267669677734,42.23,94.9162139892578,42.23,84.33621215820312,42.23,95.32498168945312
42.24,96.00633239746094,42.24,103.53560638427734,42.24,94.92453002929688,42.24,84.34264373779297,42.24,95.26458740234376
42.25,96.02298736572266,42.25,103.54076385498048,42.25,94.938232421875,42.25,84.3466567993164,42.25,95.19713592529295
42.26,96.0370864868164,42.260000000000005,103.5495376586914,42.260000000000005,94.94831848144533,42.260000000000005,84.35050201416016,42.260000000000005,95.13020324707033
42.27,96.05085754394533,42.27,103.5652847290039,42.27,94.9604034423828,42.27,84.35736083984375,42.27,95.05997467041016
42.28,96.0622329711914,42.28,103.58048248291016,42.28,94.97280883789062,42.28,84.3651123046875,42.28,94.98980712890624
42.29,96.07209777832033,42.290000000000006,103.5836181640625,42.290000000000006,94.9859390258789,42.290000000000006,84.37256622314453,42.29,94.9219970703125
42.3,96.07965087890624,42.3,103.5850830078125,42.3,94.9986801147461,42.3,84.3766098022461,42.3,94.8526840209961
42.31,96.08002471923828,42.31,103.58779907226562,42.31,95.0058135986328,42.31,84.37890625,42.31,94.78679656982422
42.32,96.06964111328124,42.32,103.58586120605467,42.32,95.01243591308594,42.32000000000001,84.38152313232422,42.32,94.72520446777344
42.33,96.05030059814452,42.330000000000005,103.57994842529295,42.330000000000005,95.01564025878906,42.33,84.38411712646484,42.330000000000005,94.67040252685548
42.34,96.02493286132812,42.34,103.57437133789062,42.34,95.01502227783205,42.34,84.38790893554688,42.34,94.6139144897461
42.35,96.0008773803711,42.35,103.56693267822266,42.35,95.00287628173828,42.35,84.39356994628906,42.35,94.55349731445312
42.36,95.9787139892578,42.36000000000001,103.55875396728516,42.36000000000001,94.98936462402344,42.36,84.40006256103516,42.36,94.4933853149414
42.37,95.9626922607422,42.370000000000005,103.55181121826172,42.370000000000005,94.97534942626952,42.370000000000005,84.40923309326172,42.370000000000005,94.43409729003906
42.38,95.95924377441406,42.38,103.5459976196289,42.38,94.95549011230467,42.38,84.4190673828125,42.38,94.38414764404295
42.39,95.96372985839844,42.39,103.5418930053711,42.39,94.9432373046875,42.39,84.4245376586914,42.39,94.34021759033205
42.4,95.97828674316406,42.400000000000006,103.53128051757812,42.400000000000006,94.92847442626952,42.400000000000006,84.43060302734375,42.400000000000006,94.2942123413086
42.41,95.98396301269533,42.41,103.522216796875,42.41,94.91424560546876,42.41,84.43736267089844,42.41,94.24671173095705
42.42,95.98048400878906,42.42,103.51185607910156,42.42,94.89852142333984,42.42,84.44339752197266,42.42,94.19982147216795
42.43,95.9763412475586,42.43,103.50724029541016,42.43,94.89005279541016,42.43000000000001,84.4509506225586,42.43,94.15516662597656
42.44,95.9717788696289,42.440000000000005,103.5006103515625,42.440000000000005,94.88533020019533,42.44,84.46105194091797,42.440000000000005,94.11128997802734
42.45,95.96727752685548,42.45,103.50341796875,42.45,94.8837890625,42.45,84.47172546386719,42.45,94.0715560913086
42.46,95.97100067138672,42.46,103.5052719116211,42.46,94.883544921875,42.46000000000001,84.48164367675781,42.46,94.03438568115234
42.47,95.96841430664062,42.470000000000006,103.50398254394533,42.470000000000006,94.8784408569336,42.47,84.49010467529297,42.470000000000006,93.99298858642578
42.48,95.96693420410156,42.48,103.49695587158205,42.48,94.8632583618164,42.48,84.4986801147461,42.48,93.95103454589844
42.49,95.97795867919922,42.49,103.48751068115234,42.49,94.85093688964844,42.49,84.50680541992188,42.49,93.90809631347656
42.5,95.9850616455078,42.5,103.48126220703124,42.5,94.84644317626952,42.5,84.51617431640625,42.5,93.86129760742188
42.51,95.98169708251952,42.510000000000005,103.47020721435548,42.510000000000005,94.84249877929688,42.510000000000005,84.52769470214844,42.510000000000005,93.81328582763672
42.52,95.97399139404295,42.52,103.4575424194336,42.52,94.84005737304688,42.52,84.53988647460938,42.52,93.76570129394533
42.53,95.9671859741211,42.53,103.4508285522461,42.53,94.83623504638672,42.53,84.55136108398438,42.53,93.7195281982422
42.54,95.96087646484376,42.540000000000006,103.4418716430664,42.540000000000006,94.83091735839844,42.540000000000006,84.56084442138672,42.54,93.67619323730467
42.55,95.95640563964844,42.55,103.43519592285156,42.55,94.82567596435548,42.55,84.56975555419922,42.55,93.63465118408205
42.56,95.95162963867188,42.56,103.42298889160156,42.56,94.8214340209961,42.56,84.57783508300781,42.56,93.59455108642578
42.57,95.94148254394533,42.57,103.408935546875,42.57,94.81551361083984,42.57000000000001,84.58647918701172,42.57,93.55480194091795
42.58,95.9160614013672,42.580000000000005,103.39682006835938,42.580000000000005,94.79943084716795,42.58,84.59574127197266,42.580000000000005,93.51326751708984
42.59,95.8943328857422,42.59,103.3861312866211,42.59,94.77989196777344,42.59,84.60259246826172,42.59,93.47008514404295
42.6,95.87540435791016,42.6,103.37525939941406,42.6,94.7632827758789,42.6,84.61001586914062,42.6,93.42626190185548
42.61,95.85779571533205,42.61000000000001,103.36376953125,42.61000000000001,94.74568176269533,42.61,84.61750030517578,42.61,93.38272857666016
42.62,95.8442611694336,42.620000000000005,103.35311889648438,42.620000000000005,94.7248306274414,42.620000000000005,84.62458801269531,42.620000000000005,93.33839416503906
42.63,95.83465576171876,42.63,103.33878326416016,42.63,94.6980438232422,42.63,84.62933349609375,42.63,93.2964859008789
42.64,95.8228530883789,42.64,103.32513427734376,42.64,94.67390441894533,42.64,84.63212585449219,42.64,93.25814056396484
42.65,95.81431579589844,42.650000000000006,103.30501556396484,42.650000000000006,94.6565399169922,42.650000000000006,84.6332778930664,42.650000000000006,93.22328186035156
42.66,95.7967300415039,42.66,103.2858657836914,42.66,94.64706420898438,42.66,84.63500213623047,42.66,93.1896743774414
42.67,95.78167724609376,42.67,103.27046966552734,42.67,94.63320922851562,42.67,84.63607788085938,42.67,93.16032409667967
42.68,95.76547241210938,42.68,103.2599868774414,42.68,94.614013671875,42.68000000000001,84.63616943359375,42.68,93.1373291015625
42.69,95.753173828125,42.690000000000005,103.24937438964844,42.690000000000005,94.60767364501952,42.69,84.636474609375,42.690000000000005,93.11593627929688
42.7,95.7396240234375,42.7,103.2364273071289,42.7,94.59862518310548,42.7,84.63855743408203,42.7,93.09667205810548
42.71,95.7343292236328,42.71,103.2278060913086,42.71,94.5835952758789,42.71000000000001,84.64142608642578,42.71,93.07855224609376
42.72,95.73310089111328,42.720000000000006,103.21964263916016,42.720000000000006,94.5721206665039,42.72,84.64305877685547,42.720000000000006,93.06476593017578
42.73,95.7314224243164,42.73,103.2154769897461,42.73,94.56369018554688,42.73,84.64297485351562,42.73,93.05728912353516
42.74,95.7343978881836,42.74,103.21199798583984,42.74,94.55281829833984,42.74,84.64173126220703,42.74,93.05125427246094
42.75,95.73172760009766,42.75,103.20672607421876,42.75,94.54232025146484,42.75,84.63966369628906,42.75,93.0484848022461
42.76,95.72598266601562,42.760000000000005,103.2013702392578,42.760000000000005,94.53363037109376,42.760000000000005,84.63811492919922,42.760000000000005,93.04705810546876
42.77,95.71931457519533,42.77,103.19775390625,42.77,94.52182006835938,42.77,84.63803100585938,42.77,93.04686737060548
42.78,95.71389770507812,42.78,103.19347381591795,42.78,94.51266479492188,42.78,84.63689422607422,42.78,93.04635620117188
42.79,95.71556854248048,42.790000000000006,103.1904754638672,42.790000000000006,94.50529479980467,42.790000000000006,84.63668823242188,42.79,93.0466079711914
42.8,95.71312713623048,42.8,103.1858367919922,42.8,94.5012435913086,42.8,84.63676452636719,42.8,93.04621124267578
42.81,95.70491027832033,42.81,103.1833953857422,42.81,94.4962921142578,42.81,84.63679504394531,42.81,93.04624938964844
42.82,95.69031524658205,42.82,103.18173217773438,42.82,94.49422454833984,42.82000000000001,84.63593292236328,42.82,93.0489273071289
42.83,95.67245483398438,42.830000000000005,103.17675018310548,42.830000000000005,94.4878921508789,42.83,84.63483428955078,42.830000000000005,93.05221557617188
42.84,95.65866088867188,42.84,103.17279052734376,42.84,94.47786712646484,42.84,84.63329315185547,42.84,93.05632781982422
42.85,95.64313507080078,42.85,103.16901397705078,42.85,94.46965026855467,42.85,84.63040161132812,42.85,93.05587005615234
42.86,95.63200378417967,42.86000000000001,103.16361236572266,42.86000000000001,94.45890045166016,42.86,84.6320571899414,42.86,93.05525207519533
42.87,95.61229705810548,42.870000000000005,103.16320037841795,42.870000000000005,94.44615936279295,42.870000000000005,84.63109588623047,42.870000000000005,93.05109405517578
42.88,95.6072998046875,42.88,103.16217803955078,42.88,94.42913818359376,42.88,84.63468170166016,42.88,93.04673767089844
42.89,95.6113510131836,42.89,103.15812683105467,42.89,94.4132308959961,42.89,84.63765716552734,42.89,93.0464859008789
42.9,95.6240692138672,42.900000000000006,103.15245056152344,42.900000000000006,94.39917755126952,42.900000000000006,84.63724517822266,42.900000000000006,93.05045318603516
42.91,95.61670684814452,42.91,103.14874267578124,42.91,94.38359832763672,42.91,84.63713073730469,42.91,93.05753326416016
42.92,95.59841918945312,42.92,103.14789581298828,42.92,94.368896484375,42.92,84.63499450683594,42.92,93.0674285888672
42.93,95.5853500366211,42.93,103.1470718383789,42.93,94.3520278930664,42.93000000000001,84.63347625732422,42.93,93.0754165649414
42.94,95.57601165771484,42.940000000000005,103.14883422851562,42.940000000000005,94.33941650390624,42.94,84.6357650756836,42.940000000000005,93.07789611816406
42.95,95.56610870361328,42.95,103.14665985107422,42.95,94.33141326904295,42.95,84.64080047607422,42.95,93.08216094970705
42.96,95.55091857910156,42.96,103.14374542236328,42.96,94.32154083251952,42.96000000000001,84.6449203491211,42.96,93.0832290649414
42.97,95.53703308105467,42.970000000000006,103.1391143798828,42.970000000000006,94.31224060058594,42.97,84.64794158935547,42.970000000000006,93.08155822753906
42.98,95.52703094482422,42.98,103.14137268066406,42.98,94.3034210205078,42.98,84.6483154296875,42.98,93.08634185791016
42.99,95.51439666748048,42.99,103.14917755126952,42.99,94.2926254272461,42.99,84.64850616455078,42.99,93.09664154052734
43.0,95.4989242553711,43.0,103.15145111083984,43.0,94.28107452392578,43.0,84.64805603027344,43.0,93.10717010498048
43.01,95.48223876953124,43.010000000000005,103.15070343017578,43.010000000000005,94.2699966430664,43.010000000000005,84.64850616455078,43.010000000000005,93.11614990234376
43.02,95.46668243408205,43.02,103.150390625,43.02,94.26325225830078,43.02,84.64783477783203,43.02,93.1296844482422
43.03,95.45413208007812,43.03,103.1538314819336,43.03,94.25877380371094,43.03,84.646728515625,43.03,93.1455535888672
43.04,95.44499969482422,43.040000000000006,103.1651840209961,43.040000000000006,94.2573013305664,43.040000000000006,84.6470718383789,43.04,93.16150665283205
43.05,95.43743133544922,43.05,103.17312622070312,43.05,94.2506103515625,43.05,84.64801025390625,43.05,93.1738739013672
43.06,95.43329620361328,43.06,103.17494201660156,43.06,94.24396514892578,43.06,84.65015411376953,43.06,93.18338775634766
43.07,95.43020629882812,43.07,103.1733856201172,43.07,94.23744201660156,43.07000000000001,84.6526870727539,43.07,93.1939926147461
43.08,95.41873168945312,43.080000000000005,103.17072296142578,43.080000000000005,94.22012329101562,43.08,84.65583801269531,43.080000000000005,93.20598602294922
43.09,95.40816497802734,43.09,103.1664581298828,43.09,94.21168518066406,43.09,84.65744018554688,43.09,93.21697998046876
43.1,95.40067291259766,43.1,103.16502380371094,43.1,94.20653533935548,43.1,84.6614990234375,43.1,93.22671508789062
43.11,95.3909912109375,43.11000000000001,103.16500091552734,43.11000000000001,94.198974609375,43.11,84.66571044921875,43.11,93.2332000732422
43.12,95.38704681396484,43.120000000000005,103.16545104980467,43.120000000000005,94.19158172607422,43.120000000000005,84.66983032226562,43.120000000000005,93.23834991455078
43.13,95.3852310180664,43.13,103.16500854492188,43.13,94.18624114990234,43.13,84.67436981201172,43.13,93.23468017578124
43.14,95.38086700439452,43.14,103.162109375,43.14,94.18058776855467,43.14,84.67818450927734,43.14,93.2327651977539
43.15,95.3701629638672,43.150000000000006,103.16168212890624,43.150000000000006,94.17420196533205,43.150000000000006,84.68163299560547,43.150000000000006,93.23426818847656
43.16,95.3569793701172,43.16,103.16316223144533,43.16,94.16918182373048,43.16,84.68326568603516,43.16,93.22996520996094
43.17,95.34742736816406,43.17,103.17062377929688,43.17,94.16619110107422,43.17,84.68455505371094,43.17,93.23259735107422
43.18,95.33879089355467,43.18,103.17830657958984,43.18,94.16256713867188,43.18000000000001,84.68595886230469,43.18,93.23731231689452
43.19,95.33015441894533,43.190000000000005,103.18179321289062,43.190000000000005,94.1576919555664,43.19,84.68547821044922,43.190000000000005,93.24060821533205
43.2,95.31526184082033,43.2,103.18350219726562,43.2,94.1540298461914,43.2,84.68489074707031,43.2,93.24337768554688
43.21,95.31146240234376,43.21,103.1845703125,43.21,94.14834594726562,43.21000000000001,84.68523406982422,43.21,93.24813079833984
43.22,95.30842590332033,43.220000000000006,103.18700408935548,43.220000000000006,94.14588928222656,43.22,84.6869888305664,43.220000000000006,93.256103515625
43.23,95.30022430419922,43.23,103.18394470214844,43.23,94.1475601196289,43.23,84.68769836425781,43.23,93.27136993408205
43.24,95.28447723388672,43.24,103.18250274658205,43.24,94.14762115478516,43.24,84.6897201538086,43.24,93.28507995605467
43.25,95.27357482910156,43.25,103.18280792236328,43.25,94.14078521728516,43.25,84.69189453125,43.25,93.29901123046876
43.26,95.2632827758789,43.260000000000005,103.18468475341795,43.260000000000005,94.13031005859376,43.260000000000005,84.6937255859375,43.260000000000005,93.3161163330078
43.27,95.25702667236328,43.27,103.18565368652344,43.27,94.12753295898438,43.27,84.69562530517578,43.27,93.33473205566406
43.28,95.25074768066406,43.28,103.18463897705078,43.28,94.11954498291016,43.28,84.69688415527344,43.28,93.35018920898438
43.29,95.2484130859375,43.290000000000006,103.18414306640624,43.290000000000006,94.10911560058594,43.290000000000006,84.6983642578125,43.29,93.3655014038086
43.3,95.24239349365234,43.3,103.18350982666016,43.3,94.09784698486328,43.3,84.70124053955078,43.3,93.37992095947266
43.31,95.23003387451172,43.31,103.18286895751952,43.31,94.08135223388672,43.31,84.70462036132812,43.31,93.39537811279295
43.32,95.21389770507812,43.32,103.18134307861328,43.32,94.0675048828125,43.32000000000001,84.70804595947266,43.32,93.41348266601562
43.33,95.19528198242188,43.330000000000005,103.17841339111328,43.330000000000005,94.064208984375,43.33,84.71109008789062,43.330000000000005,93.42931365966795
43.34,95.1747055053711,43.34,103.17807006835938,43.34,94.06871032714844,43.34,84.71250915527344,43.34,93.4443817138672
43.35,95.15126037597656,43.35,103.18795776367188,43.35,94.07101440429688,43.35,84.71685791015625,43.35,93.45623016357422
43.36,95.13280487060548,43.36000000000001,103.1888427734375,43.36000000000001,94.07737731933594,43.36,84.71924591064453,43.36,93.4685287475586
43.37,95.12903594970705,43.370000000000005,103.18839263916016,43.370000000000005,94.07732391357422,43.370000000000005,84.72019958496094,43.370000000000005,93.48095703125
43.38,95.12567901611328,43.38,103.18663787841795,43.38,94.07405090332033,43.38,84.72030639648438,43.38,93.49020385742188
43.39,95.12315368652344,43.39,103.1857452392578,43.39,94.0657196044922,43.39,84.72250366210938,43.39,93.49822998046876
43.4,95.11502075195312,43.400000000000006,103.18760681152344,43.400000000000006,94.0564956665039,43.400000000000006,84.72631072998047,43.400000000000006,93.50418853759766
43.41,95.09659576416016,43.41,103.1901397705078,43.41,94.0452117919922,43.41,84.72975158691406,43.41,93.51309967041016
43.42,95.0755615234375,43.42,103.19011688232422,43.42,94.03428649902344,43.42,84.73397064208984,43.42,93.52265167236328
43.43,95.0580062866211,43.43,103.1928253173828,43.43,94.02613830566406,43.43000000000001,84.73780822753906,43.43,93.5246353149414
43.44,95.04094696044922,43.440000000000005,103.19530487060548,43.440000000000005,94.01859283447266,43.44,84.74110412597656,43.440000000000005,93.5317840576172
43.45,95.02788543701172,43.45,103.19799041748048,43.45,94.01467895507812,43.45,84.74372863769531,43.45,93.5416488647461
43.46,95.02509307861328,43.46,103.20103454589844,43.46,94.00634765625,43.46000000000001,84.7457046508789,43.46,93.54936981201172
43.47,95.02794647216795,43.470000000000006,103.20540618896484,43.470000000000006,93.99755859375,43.47,84.74850463867188,43.470000000000006,93.55132293701172
43.48,95.0233154296875,43.48,103.20989227294922,43.48,93.9903335571289,43.48,84.75202941894531,43.48,93.555419921875
43.49,95.0157699584961,43.49,103.21379089355467,43.49,93.97981262207033,43.49,84.75736236572266,43.49,93.56267547607422
43.5,95.00187683105467,43.5,103.21881103515624,43.5,93.96566009521484,43.5,84.76183319091797,43.5,93.56723022460938
43.51,94.98892211914062,43.510000000000005,103.22346496582033,43.510000000000005,93.9521026611328,43.510000000000005,84.76636505126953,43.510000000000005,93.57269287109376
43.52,94.97160339355467,43.52,103.2275161743164,43.52,93.94306182861328,43.52,84.76993560791016,43.52,93.58206176757812
43.53,94.96277618408205,43.53,103.2299346923828,43.53,93.9349136352539,43.53,84.76998138427734,43.53,93.58523559570312
43.54,94.96243286132812,43.540000000000006,103.23097229003906,43.540000000000006,93.92967224121094,43.540000000000006,84.77227783203125,43.54,93.58753204345705
43.55,94.96395874023438,43.55,103.23416137695312,43.55,93.92842864990234,43.55,84.77478790283203,43.55,93.5925750732422
43.56,94.96696472167967,43.56,103.23668670654295,43.56,93.92832946777344,43.56,84.77598571777344,43.56,93.60102081298828
43.57,94.96614074707033,43.57,103.2402114868164,43.57,93.92953491210938,43.57000000000001,84.77989959716797,43.57,93.61190795898438
43.58,94.96451568603516,43.580000000000005,103.24107360839844,43.580000000000005,93.93042755126952,43.58,84.7829818725586,43.580000000000005,93.6220703125
43.59,94.96511840820312,43.59,103.24317169189452,43.59,93.92942810058594,43.59,84.78749084472656,43.59,93.6305694580078
43.6,94.9601593017578,43.6,103.2427215576172,43.6,93.92523193359376,43.6,84.79206848144531,43.6,93.644287109375
43.61,94.95441436767578,43.61000000000001,103.24348449707033,43.61000000000001,93.92191314697266,43.61,84.7956771850586,43.61,93.65409088134766
43.62,94.95781707763672,43.620000000000005,103.24295806884766,43.620000000000005,93.91276550292967,43.620000000000005,84.80046844482422,43.620000000000005,93.66192626953124
43.63,94.95613861083984,43.63,103.24124908447266,43.63,93.9009246826172,43.63,84.8028793334961,43.63,93.6709442138672
43.64,94.9551010131836,43.64,103.23970794677734,43.64,93.89061737060548,43.64,84.80506896972656,43.64,93.68097686767578
43.65,94.94792175292967,43.650000000000006,103.23719024658205,43.650000000000006,93.87659454345705,43.650000000000006,84.80743408203125,43.650000000000006,93.68901824951172
43.66,94.93856811523438,43.66,103.234130859375,43.66,93.86448669433594,43.66,84.81027221679688,43.66,93.69654846191406
43.67,94.93861389160156,43.67,103.23448181152344,43.67,93.85321044921876,43.67,84.8138656616211,43.67,93.70309448242188
43.68,94.9344711303711,43.68,103.23109436035156,43.68,93.84494018554688,43.68000000000001,84.81678771972656,43.68,93.70989990234376
43.69,94.93653869628906,43.690000000000005,103.22886657714844,43.690000000000005,93.84088897705078,43.69,84.8203125,43.690000000000005,93.71691131591795
43.7,94.9369659423828,43.7,103.22442626953124,43.7,93.83645629882812,43.7,84.8205337524414,43.7,93.72046661376952
43.71,94.9313735961914,43.71,103.21968841552734,43.71,93.83300018310548,43.71000000000001,84.81920623779297,43.71,93.72821044921876
43.72,94.92618560791016,43.720000000000006,103.21369934082033,43.720000000000006,93.83091735839844,43.72,84.82049560546875,43.720000000000006,93.73219299316406
43.73,94.91515350341795,43.73,103.20896911621094,43.73,93.83279418945312,43.73,84.82244873046875,43.73,93.72990417480467
43.74,94.91034698486328,43.74,103.2024917602539,43.74,93.83586120605467,43.74,84.82382202148438,43.74,93.72557067871094
43.75,94.89878845214844,43.75,103.20056915283205,43.75,93.83483123779295,43.75,84.82393646240234,43.75,93.73412322998048
43.76,94.89871978759766,43.760000000000005,103.19705200195312,43.760000000000005,93.83606719970705,43.760000000000005,84.82453155517578,43.760000000000005,93.738525390625
43.77,94.89640045166016,43.77,103.19647979736328,43.77,93.83383178710938,43.77,84.82499694824219,43.77,93.74549865722656
43.78,94.89138793945312,43.78,103.19667053222656,43.78,93.83002471923828,43.78,84.82500457763672,43.78,93.74817657470705
43.79,94.8963394165039,43.790000000000006,103.19503784179688,43.790000000000006,93.8271484375,43.790000000000006,84.82284545898438,43.79,93.75101470947266
43.8,94.89939880371094,43.8,103.19515991210938,43.8,93.82965850830078,43.8,84.82251739501953,43.8,93.75567626953124
43.81,94.905029296875,43.81,103.18921661376952,43.81,93.83301544189452,43.81,84.82237243652344,43.81,93.7642822265625
43.82,94.90926361083984,43.82,103.17910766601562,43.82,93.83423614501952,43.82000000000001,84.82093811035156,43.82,93.77529907226562
,,43.830000000000005,103.17742156982422,43.830000000000005,93.83424377441406,43.83,84.82157897949219,43.830000000000005,93.78712463378906
,,43.84,103.1750717163086,43.84,93.83055877685548,43.84,84.82294464111328,43.84,93.80117797851562
,,43.85,103.176513671875,43.85,93.8266143798828,43.85,84.82221221923828,43.85,93.82041931152344
,,43.86000000000001,103.1911849975586,43.86000000000001,93.81529235839844,43.86,84.82119750976562,43.86,93.8454132080078
,,43.870000000000005,103.19227600097656,43.870000000000005,93.79373168945312,43.870000000000005,84.8211441040039,43.870000000000005,93.8738250732422
,,43.88,103.19127655029295,43.88,93.78260040283205,43.88,84.81776428222656,43.88,93.90349578857422
,,43.89,103.1939926147461,43.89,93.78369903564452,43.89,84.81269836425781,43.89,93.93472290039062
,,43.900000000000006,103.19677734375,,,43.900000000000006,84.80802154541016,43.900000000000006,93.96836853027344
,,43.91,103.20038604736328,,,43.91,84.80264282226562,43.91,94.00552368164062
,,43.92,103.2052764892578,,,43.92,84.7968521118164,,
,,43.93,103.20857238769533,,,43.93000000000001,84.79150390625,,
,,43.940000000000005,103.2098159790039,,,,,,
,,43.95,103.21280670166016,,,,,,
,,43.96,103.21539306640624,,,,,,
,,43.970000000000006,103.21717834472656,,,,,,
,,43.98,103.21484375,,,,,,
,,43.99,103.205322265625,,,,,,
,,44.0,103.20590209960938,,,,,,
,,44.010000000000005,103.2110366821289,,,,,,
,,44.02,103.21663665771484,,,,,,
,,44.03,103.22581481933594,,,,,,
,,44.040000000000006,103.23461151123048,,,,,,
,,44.05,103.24128723144533,,,,,,
,,44.06,103.2464828491211,,,,,,
,,44.07,103.2547607421875,,,,,,
