rtTime,R Thigh Angle,rsTime,R Shank Angle,ltTime,L Thigh Angle,lsTime,L Shank Angle,hTime,Hip Angle,Activity
0.009750000000001258,5.914239406585693,0.009749999999999481,90.48369598388672,0.009749999999999481,12.001513481140137,0.009749999999999481,81.72637176513672,0.009750000000001258,95.22742462158205,Unknown
0.019749999999999268,5.405306339263916,0.019750000000001044,89.94837951660156,0.019750000000001044,12.098791122436523,0.019750000000001044,80.71849060058594,0.01975000000000282,95.28204345703124,Unknown
0.02975000000000083,4.8653340339660645,0.029749999999999055,89.42694854736328,0.029750000000002608,12.177303314208984,0.029749999999999055,79.49712371826172,0.02975000000000083,95.32398223876952,Unknown
0.03974999999999884,4.279363632202148,0.03975000000000062,88.90910339355469,0.03975000000000062,12.231168746948242,0.03975000000000062,78.09829711914062,0.039750000000002395,95.3478012084961,Unknown
0.049750000000000405,3.664316892623901,0.04974999999999863,88.40959167480469,0.04975000000000218,12.262932777404783,0.04974999999999863,76.59236907958984,0.049750000000000405,95.36116027832033,Unknown
0.059749999999998415,3.0201454162597656,0.05975000000000019,87.95048522949219,0.05975000000000019,12.30060863494873,0.05975000000000019,75.02015686035156,0.05975000000000197,95.38274383544922,Unknown
0.06974999999999998,2.344933271408081,0.0697499999999982,87.5638427734375,0.06975000000000176,12.340765953063965,0.0697499999999982,73.38607025146484,0.06974999999999998,95.4185562133789,Unknown
0.07974999999999799,1.6485834121704102,0.07974999999999977,87.27359771728516,0.07974999999999977,12.41094207763672,0.07974999999999977,71.6987533569336,0.07975000000000154,95.46058654785156,Unknown
0.08974999999999955,0.933523178100586,0.08975000000000133,87.0670166015625,0.08975000000000133,12.440478324890137,0.08974999999999778,70.00675964355469,0.08974999999999955,95.51087951660156,Unknown
0.09975000000000112,0.2217541188001632,0.09974999999999934,86.91194152832031,0.09975000000000289,12.451448440551758,0.09974999999999934,68.32251739501953,0.09975000000000112,95.56023406982422,Unknown
0.10974999999999913,-0.4834687709808349,0.1097500000000009,86.7717056274414,0.1097500000000009,12.459478378295898,0.1097500000000009,66.69709777832031,0.10975000000000268,95.59925842285156,Unknown
0.11975000000000069,-1.173781394958496,0.11974999999999891,86.64765930175781,0.11975000000000247,12.440467834472656,0.11974999999999891,65.1164321899414,0.11975000000000069,95.63448333740234,Unknown
0.1297499999999996,-1.8364866971969604,0.12975000000000048,86.57044982910156,0.12975000000000048,12.419291496276855,0.12975000000000048,63.76018142700195,0.12975000000000225,95.6692352294922,Unknown
0.13975000000000026,-2.4662129878997803,0.1397499999999985,86.53865814208984,0.13975000000000204,12.397205352783203,0.1397499999999985,62.78338241577149,0.13975000000000026,95.70421600341795,Unknown
0.14974999999999827,-3.0695457458496094,0.14975000000000005,86.55535888671875,0.14975000000000005,12.371442794799805,0.14975000000000005,62.31704330444336,0.14975000000000183,95.74510955810548,Unknown
0.15974999999999984,-3.652189493179321,0.1597500000000016,86.57848358154297,0.1597500000000016,12.355377197265623,0.15974999999999806,62.33042526245117,0.15974999999999984,95.78688049316406,Unknown
0.1697500000000014,-4.1957173347473145,0.16974999999999962,86.58959197998047,0.16974999999999962,12.3396577835083,0.16974999999999962,62.77032470703125,0.1697500000000014,95.83240509033205,Unknown
0.1797499999999994,-4.690130710601807,0.1797500000000012,86.59878540039062,0.1797500000000012,12.307493209838867,0.1797500000000012,63.55076217651367,0.1797499999999994,95.87586212158205,Unknown
0.18975000000000097,-5.113987445831299,0.1897499999999992,86.61280059814453,0.18975000000000275,12.262645721435549,0.1897499999999992,64.60914611816406,0.18975000000000097,95.9171142578125,Unknown
0.19974999999999898,-5.476783275604248,0.19975000000000076,86.63751983642578,0.19975000000000076,12.21684741973877,0.19975000000000076,65.88613891601562,0.19975000000000254,95.95616912841795,Unknown
0.20975000000000055,-5.778841495513916,0.20974999999999877,86.68816375732422,0.20975000000000232,12.200448989868164,0.20974999999999877,67.26091766357422,0.20975000000000055,95.98467254638672,Unknown
0.21974999999999856,-6.018442153930664,0.21975000000000033,86.77337646484375,0.21975000000000033,12.219866752624512,0.21975000000000033,68.63028717041016,0.2197500000000021,96.0042953491211,Unknown
0.22975000000000012,-6.204612255096436,0.22974999999999834,86.84634399414062,0.2297500000000019,12.205360412597656,0.22974999999999834,69.91365051269531,0.22975000000000012,96.01404571533205,Unknown
0.23974999999999813,-6.310924053192139,0.2397499999999999,86.9692153930664,0.2397499999999999,12.175687789916992,0.2397499999999999,71.0143051147461,0.23975000000000168,96.00969696044922,Unknown
0.24975000000000058,-6.311609745025635,0.24975000000000147,87.15351104736328,0.24975000000000147,12.18028736114502,0.24974999999999792,71.91714477539062,0.24975000000000058,96.00890350341795,Unknown
0.25975000000000126,-6.205906391143799,0.2597499999999995,87.39286041259766,0.2597499999999995,12.202279090881348,0.2597499999999995,72.50726318359375,0.25975000000000126,96.02254486083984,Unknown
0.26974999999999927,-5.980999946594238,0.26975000000000104,87.683837890625,0.26975000000000104,12.195660591125488,0.26975000000000104,72.83348846435547,0.2697500000000028,96.05142974853516,Unknown
0.27975000000000083,-5.65967321395874,0.27974999999999905,88.04517364501953,0.2797500000000026,12.14891529083252,0.27974999999999905,72.86961364746094,0.27975000000000083,96.0945053100586,Unknown
0.28974999999999884,-5.249486446380615,0.2897500000000006,88.4429702758789,0.2897500000000006,12.11184310913086,0.2897500000000006,72.68009185791016,0.2897500000000024,96.15956115722656,Unknown
0.2997500000000004,-4.774219989776611,0.29974999999999863,88.90264892578125,0.2997500000000022,12.082307815551758,0.29974999999999863,72.30793762207031,0.2997500000000004,96.23949432373048,Unknown
0.3097499999999984,-4.238945960998535,0.3097500000000002,89.41934204101562,0.3097500000000002,12.073336601257324,0.3097500000000002,71.83662414550781,0.30975000000000197,96.31746673583984,Sat
0.31975,-3.614871501922608,0.3197499999999982,89.9547348022461,0.31975000000000176,12.04282569885254,0.3197499999999982,71.32601928710938,0.31975,96.38018798828124,Sat
0.329749999999998,-2.9407384395599365,0.32974999999999977,90.46540832519533,0.32974999999999977,11.981304168701172,0.32974999999999977,70.81318664550781,0.32975000000000154,96.4193344116211,Sat
0.33974999999999955,-2.2172107696533203,0.33975000000000133,90.95345306396484,0.33975000000000133,11.907004356384276,0.3397499999999978,70.3237075805664,0.33974999999999955,96.43852996826172,Sat
0.3497500000000011,-1.4159687757492063,0.34974999999999934,91.45216369628906,0.3497500000000029,11.850679397583008,0.34974999999999934,69.86922454833984,0.3497500000000011,96.44547271728516,Sat
0.3597499999999991,-0.5450681447982788,0.3597500000000009,91.95557403564452,0.3597500000000009,11.81411075592041,0.3597500000000009,69.45370483398438,0.3597500000000027,96.4446029663086,Sat
0.3697500000000007,0.4166485071182251,0.3697499999999989,92.41444396972656,0.36975000000000247,11.783949851989746,0.3697499999999989,69.07521057128906,0.3697500000000007,96.45340728759766,Sat
0.3797499999999996,1.4058822393417358,0.3797500000000005,92.89086151123048,0.3797500000000005,11.757143020629885,0.3797500000000005,68.70664978027344,0.37975000000000225,96.46399688720705,Sat
0.38975000000000026,2.386756658554077,0.3897499999999985,93.7807846069336,0.38975000000000204,11.739073753356934,0.3897499999999985,68.3105697631836,0.38975000000000026,96.46160888671876,Sat
0.3997499999999983,3.3511972427368164,0.39975000000000005,94.85989379882812,0.39975000000000005,11.713997840881348,0.39975000000000005,67.84616088867188,0.3997500000000018,96.44578552246094,Sat
0.40974999999999984,4.286860942840576,0.4097500000000016,95.70436096191406,0.4097500000000016,11.670186042785645,0.40974999999999806,67.23931121826172,0.40974999999999984,96.39481353759766,Sat
0.4197500000000014,5.1551513671875,0.4197499999999996,96.52782440185548,0.4197499999999996,11.61880588531494,0.4197499999999996,66.48638153076172,0.4197500000000014,96.3195571899414,Sat
0.4297499999999994,5.900097846984863,0.4297500000000012,97.42223358154295,0.4297500000000012,11.567584991455078,0.4297500000000012,65.55166625976562,0.4297499999999994,96.20889282226562,Sat
0.439750000000001,6.71486759185791,0.4397499999999992,98.08385467529295,0.43975000000000275,11.521809577941896,0.4397499999999992,64.71894836425781,0.439750000000001,96.07962036132812,Sat
0.449749999999999,7.538906097412109,0.44975000000000076,98.0538330078125,0.44975000000000076,11.48043727874756,0.44975000000000076,66.80109405517578,0.44975000000000254,95.93962860107422,Sat
0.45975000000000055,8.245635986328125,0.45974999999999877,96.94622802734376,0.4597500000000023,11.43656063079834,0.45974999999999877,70.36717224121094,0.45975000000000055,95.7997055053711,Sat
0.46974999999999856,8.841876029968262,0.46975000000000033,97.08112335205078,0.46975000000000033,11.39247226715088,0.46975000000000033,73.29987335205078,0.4697500000000021,95.69158935546876,Sat
0.4797500000000001,9.278534889221191,0.47974999999999834,97.1055145263672,0.4797500000000019,11.34533405303955,0.47974999999999834,75.97956085205078,0.4797500000000001,95.57478332519533,Sat
0.48974999999999813,9.480183601379396,0.4897499999999999,97.25835418701172,0.4897499999999999,11.318026542663574,0.4897499999999999,78.69964599609375,0.4897500000000017,95.40816497802734,Sat
0.4997500000000006,9.297455787658691,0.49975000000000147,97.38610076904295,0.49975000000000147,11.330222129821776,0.4997499999999979,81.40052032470703,0.4997500000000006,95.19117736816406,Sat
0.5097500000000013,8.849799156188965,0.5097499999999995,97.5859375,0.5097499999999995,11.404047966003418,0.5097499999999995,83.835693359375,0.5097500000000013,94.9834442138672,Sat
0.5197499999999993,8.536796569824219,0.519750000000001,97.66944885253906,0.519750000000001,11.409905433654783,0.519750000000001,84.83969116210938,0.5197500000000028,94.8131332397461,Sat
0.5297500000000008,8.331390380859375,0.529749999999999,97.52999877929688,0.5297500000000026,11.387896537780762,0.529749999999999,85.32998657226562,0.5297500000000008,94.69660949707033,Sat
0.5397499999999988,8.220702171325684,0.5397500000000006,97.30571746826172,0.5397500000000006,11.429609298706056,0.5397500000000006,84.49732208251953,0.5397500000000024,94.63683319091795,Sat
0.5497500000000004,8.271315574645996,0.5497499999999986,97.0721435546875,0.5497500000000022,11.530318260192873,0.5497499999999986,83.91380310058594,0.5497500000000004,94.59909057617188,Sat
0.5597499999999984,8.354985237121582,0.5597500000000002,96.85713958740234,0.5597500000000002,11.618549346923828,0.5597500000000002,83.08580780029297,0.559750000000002,94.57764434814452,Sat
0.56975,8.363327026367188,0.5697499999999982,96.66968536376952,0.5697500000000018,11.647526741027832,0.5697499999999982,82.22593688964844,0.56975,94.56956481933594,Sat
0.579749999999998,8.23784351348877,0.5797499999999998,96.56327056884766,0.5797499999999998,11.65595817565918,0.5797499999999998,81.5354232788086,0.5797500000000015,94.56966400146484,Sat
0.5897499999999996,8.073805809020996,0.5897500000000013,96.5975112915039,0.5897500000000013,11.6622896194458,0.5897499999999978,80.90206909179688,0.5897499999999996,94.56314086914062,Sat
0.5997500000000011,8.004912376403809,0.5997499999999993,96.75081634521484,0.5997500000000029,11.637298583984377,0.5997499999999993,80.44664001464844,0.5997500000000011,94.5405502319336,Sat
0.6097499999999991,8.093003273010254,0.6097500000000009,96.96825408935548,0.6097500000000009,11.61984157562256,0.6097500000000009,80.1729965209961,0.6097500000000027,94.52435302734376,Sat
0.6197500000000007,8.297737121582031,0.6197499999999989,96.9888687133789,0.6197500000000025,11.54870319366455,0.6197499999999989,80.12553405761719,0.6197500000000007,94.52637481689452,Sat
0.6297499999999996,8.596012115478516,0.6297500000000005,96.80140686035156,0.6297500000000005,11.459429740905762,0.6297500000000005,80.3011703491211,0.6297500000000023,94.53902435302734,Sat
0.6397500000000003,8.899662971496582,0.6397499999999985,96.7543716430664,0.639750000000002,11.422966957092283,0.6397499999999985,80.67537689208984,0.6397500000000003,94.5474090576172,Sat
0.6497499999999983,9.107285499572754,0.64975,96.79682159423828,0.64975,11.384259223937988,0.64975,81.2391128540039,0.6497500000000018,94.54278564453124,Sat
0.6597499999999998,9.217405319213867,0.6597500000000016,96.83308410644533,0.6597500000000016,11.388927459716797,0.6597499999999981,81.9295883178711,0.6597499999999998,94.52218627929688,Sat
0.6697500000000014,9.211910247802734,0.6697499999999996,96.90642547607422,0.6697499999999996,11.442880630493164,0.6697499999999996,82.77642059326172,0.6697500000000014,94.4853286743164,Sat
0.6797499999999994,9.04637622833252,0.6797500000000012,96.9873046875,0.6797500000000012,11.449371337890623,0.6797500000000012,83.2340087890625,0.6797499999999994,94.43738555908205,Sat
0.689750000000001,8.842700958251953,0.6897499999999992,97.00148010253906,0.6897500000000027,11.49648094177246,0.6897499999999992,83.95193481445312,0.689750000000001,94.38407135009766,Sat
0.699749999999999,8.668543815612793,0.6997500000000008,96.9524383544922,0.6997500000000008,11.540919303894045,0.6997500000000008,84.44334411621094,0.6997500000000025,94.34183502197266,Sat
0.7097500000000005,8.562155723571777,0.7097499999999988,96.92568969726562,0.7097500000000023,11.545632362365724,0.7097499999999988,84.36560821533203,0.7097500000000005,94.34432220458984,Sat
0.7197499999999986,8.534543991088867,0.7197500000000003,96.9459457397461,0.7197500000000003,11.545165061950684,0.7197500000000003,84.26496887207031,0.7197500000000021,94.36888885498048,Sat
0.7297500000000001,8.603958129882812,0.7297499999999983,96.9437484741211,0.7297500000000019,11.530102729797363,0.7297499999999983,84.08935546875,0.7297500000000001,94.4010772705078,Sat
0.7397499999999981,8.703656196594238,0.7397499999999999,96.8939437866211,0.7397499999999999,11.52884578704834,0.7397499999999999,83.90716552734375,0.7397500000000017,94.43233489990234,Sat
0.7497500000000006,8.768269538879395,0.7497500000000015,96.83548736572266,0.7497500000000015,11.530820846557615,0.7497499999999979,83.73403930664062,0.7497500000000006,94.45357513427734,Sat
0.7597500000000013,8.744032859802246,0.7597499999999995,96.79405975341795,0.7597499999999995,11.530921936035156,0.7597499999999995,83.59687042236328,0.7597500000000013,94.45957946777344,Sat
0.7697499999999993,8.659912109375,0.769750000000001,96.79586029052734,0.769750000000001,11.528063774108888,0.769750000000001,83.51348114013672,0.7697500000000028,94.45745086669922,Sat
0.7797500000000008,8.576299667358398,0.779749999999999,96.83049011230467,0.7797500000000026,11.503293991088867,0.779749999999999,83.49046325683594,0.7797500000000008,94.4583969116211,Sat
0.7897499999999988,8.541895866394043,0.7897500000000006,96.86385345458984,0.7897500000000006,11.469076156616213,0.7897500000000006,83.52227020263672,0.7897500000000024,94.46533203125,Sat
0.7997500000000004,8.567097663879395,0.7997499999999986,96.87197875976562,0.7997500000000022,11.43081283569336,0.7997499999999986,83.60765075683594,0.7997500000000004,94.47515106201172,Sat
0.8097499999999984,8.640684127807617,0.8097500000000002,96.85487365722656,0.8097500000000002,11.361950874328612,0.8097500000000002,83.71085357666016,0.809750000000002,94.50045013427734,Sat
0.81975,8.702376365661621,0.8197499999999982,96.83251190185548,0.8197500000000018,11.337215423583984,0.8197499999999982,83.80316925048828,0.81975,94.53063201904295,Sat
0.829749999999998,8.721975326538086,0.8297499999999998,96.82412719726562,0.8297499999999998,11.347365379333496,0.8297499999999998,83.86894989013672,0.8297500000000015,94.5614013671875,Sat
0.8397499999999996,8.71229362487793,0.8397500000000013,96.82282257080078,0.8397500000000013,11.350497245788574,0.8397499999999978,83.89806365966797,0.8397499999999996,94.59130859375,Sat
0.8497500000000011,8.6970796585083,0.8497499999999993,96.82212829589844,0.8497500000000029,11.348596572875977,0.8497499999999993,83.90505981445312,0.8497500000000011,94.6236801147461,Sat
0.8597499999999991,8.682832717895508,0.8597500000000009,96.81239318847656,0.8597500000000009,11.353361129760742,0.8597500000000009,83.90253448486328,0.8597500000000027,94.65670776367188,Sat
0.8697500000000007,8.673538208007812,0.8697499999999989,96.80233764648438,0.8697500000000025,11.355918884277344,0.8697499999999989,83.89968872070312,0.8697500000000007,94.68982696533205,Sat
0.8797499999999996,8.667299270629883,0.8797500000000005,96.79469299316406,0.8797500000000005,11.350348472595217,0.8797500000000005,83.89996337890625,0.8797500000000023,94.72274780273438,Sat
0.8897500000000003,8.670425415039062,0.8897499999999985,96.77861785888672,0.889750000000002,11.334473609924316,0.8897499999999985,83.90410614013672,0.8897500000000003,94.75545501708984,Sat
0.8997499999999983,8.670208930969238,0.89975,96.77839660644533,0.89975,11.300345420837402,0.89975,83.9110107421875,0.8997500000000018,94.78892517089844,Sat
0.9097499999999998,8.663040161132812,0.9097500000000016,96.7949676513672,0.9097500000000016,11.257393836975098,0.9097499999999981,83.91516876220703,0.9097499999999998,94.82485961914062,Sat
0.9197500000000014,8.667352676391602,0.9197499999999996,96.81532287597656,0.9197499999999996,11.21742057800293,0.9197499999999996,83.91509246826172,0.9197500000000014,94.86408996582033,Sat
0.9297499999999994,8.693971633911133,0.9297500000000012,96.8294677734375,0.9297500000000012,11.179927825927734,0.9297500000000012,83.91166687011719,0.9297499999999994,94.90350341796876,Sat
0.939750000000001,8.742006301879883,0.9397499999999992,96.82987213134766,0.9397500000000027,11.145625114440918,0.9397499999999992,83.90528106689453,0.939750000000001,94.94024658203124,Sat
0.949749999999999,8.789864540100098,0.9497500000000008,96.81990051269533,0.9497500000000008,11.110265731811523,0.9497500000000008,83.89691925048828,0.9497500000000025,94.97985076904295,Sat
0.9597500000000005,8.818906784057617,0.9597499999999988,96.8064193725586,0.9597500000000023,11.08792781829834,0.9597499999999988,83.88563537597656,0.9597500000000005,95.02598571777344,Sat
0.9697499999999986,8.821091651916504,0.9697500000000003,96.79993438720705,0.9697500000000003,11.073537826538086,0.9697500000000003,83.87374877929688,0.9697500000000021,95.07649993896484,Sat
0.9797500000000001,8.810298919677734,0.9797499999999983,96.797607421875,0.9797500000000019,11.067044258117676,0.9797499999999983,83.86713409423828,0.9797500000000001,95.12825012207033,Sat
0.9897499999999981,8.801719665527344,0.9897499999999999,96.79417419433594,0.9897499999999999,11.04630184173584,0.9897499999999999,83.86614990234375,0.9897500000000017,95.18244934082033,Sat
0.9997500000000006,8.795356750488281,0.9997500000000015,96.78738403320312,0.9997500000000015,10.990361213684082,0.9997499999999979,83.86569213867188,0.9997500000000006,95.23643493652344,Sat
1.0097500000000013,8.804215431213379,1.0097499999999995,96.76998138427734,1.0097499999999995,10.995511054992676,1.0097499999999995,83.86573791503906,1.0097500000000013,95.28501892089844,Sat
1.0197499999999993,8.84049129486084,1.019750000000001,96.73948669433594,1.019750000000001,11.046204566955566,1.019750000000001,83.86569213867188,1.0197500000000028,95.32601928710938,Sat
1.0297500000000008,8.909272193908691,1.029749999999999,96.70357513427734,1.0297500000000026,11.0867338180542,1.029749999999999,83.86255645751953,1.0297500000000008,95.36156463623048,Sat
1.0397499999999988,9.02090549468994,1.0397500000000006,96.66471099853516,1.0397500000000006,11.110220909118652,1.0397500000000006,83.85539245605469,1.0397500000000024,95.39249420166016,Sat
1.0497500000000004,9.143298149108888,1.0497499999999986,96.6234359741211,1.0497500000000022,11.122580528259276,1.0497499999999986,83.84514617919922,1.0497500000000004,95.4210968017578,Sat
1.0597499999999984,9.250454902648926,1.0597500000000002,96.58287048339844,1.0597500000000002,11.12832260131836,1.0597500000000002,83.83116912841797,1.059750000000002,95.44800567626952,Sat
1.06975,9.31850814819336,1.0697499999999982,96.5436019897461,1.0697500000000018,11.14316177368164,1.0697499999999982,83.81663513183594,1.06975,95.4765625,Sat
1.079749999999998,9.34755516052246,1.0797499999999998,96.51758575439452,1.0797499999999998,11.164088249206545,1.0797499999999998,83.80025482177734,1.0797500000000015,95.50526428222656,Sat
1.0897499999999996,9.34516716003418,1.0897500000000013,96.50440979003906,1.0897500000000013,11.18256664276123,1.0897499999999978,83.77974700927734,1.0897499999999996,95.53160858154295,Sat
1.0997500000000011,9.323884963989258,1.0997499999999993,96.50625610351562,1.099750000000003,11.188504219055176,1.0997499999999993,83.75131225585938,1.0997500000000011,95.55947875976562,Sat
1.1097499999999991,9.293086051940918,1.109750000000001,96.5166473388672,1.109750000000001,11.186357498168944,1.109750000000001,83.71247100830078,1.1097500000000027,95.58238983154295,Sat
1.1197500000000007,9.254627227783203,1.119749999999999,96.52839660644533,1.1197500000000025,11.190592765808104,1.119749999999999,83.66278076171875,1.1197500000000007,95.6002960205078,Sat
1.1297499999999996,9.216938018798828,1.1297500000000005,96.54071807861328,1.1297500000000005,11.208950996398926,1.1297500000000005,83.60575866699219,1.1297500000000023,95.61455535888672,Standing up
1.1397500000000003,9.190875053405762,1.1397499999999985,96.54914855957033,1.139750000000002,11.234256744384766,1.1397499999999985,83.54344940185547,1.1397500000000003,95.62464904785156,Standing up
1.1497499999999983,9.18470287322998,1.14975,96.5467300415039,1.14975,11.25834846496582,1.14975,83.48667907714844,1.1497500000000018,95.62899780273438,Standing up
1.1597499999999998,9.19093894958496,1.1597500000000016,96.5410385131836,1.1597500000000016,11.271058082580566,1.159749999999998,83.43785095214844,1.1597499999999998,95.62236785888672,Standing up
1.1697500000000014,9.206713676452637,1.1697499999999996,96.5290298461914,1.1697499999999996,11.270245552062988,1.1697499999999996,83.39923858642578,1.1697500000000014,95.61238861083984,Standing up
1.1797499999999994,9.23354148864746,1.1797500000000012,96.51929473876952,1.1797500000000012,11.258134841918944,1.1797500000000012,83.3698959350586,1.1797499999999994,95.59757995605467,Standing up
1.189750000000001,9.270689964294434,1.1897499999999992,96.51346588134766,1.1897500000000027,11.24752140045166,1.1897499999999992,83.35234832763672,1.189750000000001,95.57623291015624,Standing up
1.199749999999999,9.302985191345217,1.1997500000000008,96.51214599609376,1.1997500000000008,11.248769760131836,1.1997500000000008,83.34407043457031,1.1997500000000025,95.5453872680664,Standing up
1.2097500000000005,9.317514419555664,1.2097499999999988,96.52715301513672,1.2097500000000023,11.268258094787598,1.2097499999999988,83.34684753417969,1.2097500000000005,95.5034408569336,Standing up
1.2197499999999986,9.320934295654297,1.2197500000000003,96.54916381835938,1.2197500000000003,11.301913261413574,1.2197500000000003,83.35539245605469,1.219750000000002,95.45240020751952,Standing up
1.2297500000000001,9.332375526428224,1.2297499999999983,96.57131958007812,1.229750000000002,11.329646110534668,1.2297499999999983,83.36308288574219,1.2297500000000001,95.3930435180664,Standing up
1.2397499999999981,9.354119300842283,1.23975,96.59174346923828,1.23975,11.340559005737305,1.23975,83.37410736083984,1.2397500000000017,95.32487487792967,Standing up
1.2497500000000006,9.367868423461914,1.2497500000000015,96.6086196899414,1.2497500000000015,11.345829963684082,1.249749999999998,83.39234161376953,1.2497500000000006,95.24671936035156,Standing up
1.2597500000000013,9.367714881896973,1.2597499999999995,96.62332916259766,1.2597499999999995,11.370386123657228,1.2597499999999995,83.39962005615234,1.2597500000000013,95.16551208496094,Standing up
1.2697499999999993,9.360594749450684,1.269750000000001,96.63689422607422,1.269750000000001,11.374366760253906,1.269750000000001,83.4181137084961,1.2697500000000028,95.08821868896484,Standing up
1.2797500000000008,9.35206127166748,1.279749999999999,96.65166473388672,1.2797500000000026,11.382153511047363,1.279749999999999,83.43901062011719,1.2797500000000008,95.01693725585938,Standing up
1.2897499999999988,9.349664688110352,1.2897500000000006,96.67157745361328,1.2897500000000006,11.395402908325195,1.2897500000000006,83.46643829345703,1.2897500000000024,94.95328521728516,Standing up
1.2997500000000004,9.347572326660156,1.2997499999999986,96.69586181640624,1.2997500000000022,11.423698425292969,1.2997499999999986,83.4986801147461,1.2997500000000004,94.8975067138672,Standing up
1.3097499999999984,9.347000122070312,1.3097500000000002,96.71920776367188,1.3097500000000002,11.448705673217772,1.3097500000000002,83.53225708007812,1.309750000000002,94.84967041015624,Standing up
1.31975,9.341184616088867,1.3197499999999982,96.73404693603516,1.3197500000000018,11.442445755004885,1.3197499999999982,83.56380462646484,1.31975,94.79568481445312,Standing up
1.329749999999998,9.34444808959961,1.3297499999999998,96.73413848876952,1.3297499999999998,11.436753273010254,1.3297499999999998,83.59754943847656,1.3297500000000015,94.7327880859375,Standing up
1.3397499999999996,9.355393409729004,1.3397500000000013,96.71682739257812,1.3397500000000013,11.426759719848633,1.3397499999999978,83.63082122802734,1.3397499999999996,94.65373229980467,Standing up
1.3497500000000011,9.372961044311523,1.3497499999999993,96.68597412109376,1.349750000000003,11.418694496154783,1.3497499999999993,83.66143035888672,1.3497500000000011,94.5619125366211,Standing up
1.3597499999999991,9.395554542541504,1.359750000000001,96.65111541748048,1.359750000000001,11.430621147155762,1.359750000000001,83.69158935546875,1.3597500000000027,94.4530792236328,Standing up
1.3697500000000007,9.416427612304688,1.369749999999999,96.6162338256836,1.3697500000000025,11.445096015930176,1.369749999999999,83.7262191772461,1.3697500000000007,94.3331527709961,Standing up
1.3797499999999996,9.43100929260254,1.3797500000000005,96.59294891357422,1.3797500000000005,11.475589752197266,1.3797500000000005,83.76211547851562,1.3797500000000023,94.20677185058594,Standing up
1.3897500000000003,9.442058563232422,1.3897499999999985,96.55713653564452,1.389750000000002,11.49111270904541,1.3897499999999985,83.7969970703125,1.3897500000000003,94.07479095458984,Standing up
1.3997499999999983,9.457365036010742,1.39975,96.51337432861328,1.39975,11.498373985290527,1.39975,83.8293228149414,1.3997500000000018,93.94396209716795,Standing up
1.4097499999999998,9.465897560119627,1.4097500000000016,96.47084045410156,1.4097500000000016,11.512856483459473,1.409749999999998,83.8521957397461,1.4097499999999998,93.81815338134766,Standing up
1.4197500000000014,9.49439811706543,1.4197499999999996,96.41514587402344,1.4197499999999996,11.527787208557127,1.4197499999999996,83.8644027709961,1.4197500000000014,93.6973114013672,Standing up
1.4297499999999994,9.534707069396973,1.4297500000000012,96.35386657714844,1.4297500000000012,11.52343463897705,1.4297500000000012,83.8659896850586,1.4297499999999994,93.57843017578124,Standing up
1.439750000000001,9.593025207519531,1.4397499999999992,96.30460357666016,1.4397500000000027,11.515277862548828,1.4397499999999992,83.858642578125,1.439750000000001,93.44798278808594,Standing up
1.449749999999999,9.657294273376465,1.4497500000000008,96.25879669189452,1.4497500000000008,11.520977973937988,1.4497500000000008,83.84771728515625,1.4497500000000025,93.30211639404295,Standing up
1.4597500000000005,9.703248023986816,1.4597499999999988,96.2580795288086,1.4597500000000023,11.53106689453125,1.4597499999999988,83.8418960571289,1.4597500000000005,93.13385772705078,Standing up
1.4697499999999986,9.72188663482666,1.4697500000000003,96.29971313476562,1.4697500000000003,11.547170639038086,1.4697500000000003,83.85648345947266,1.469750000000002,92.94916534423828,Standing up
1.4797500000000001,9.716667175292969,1.4797499999999983,96.37580108642578,1.479750000000002,11.549543380737305,1.4797499999999983,83.88362121582031,1.4797500000000001,92.7542495727539,Standing up
1.4897499999999981,9.685420036315918,1.48975,96.4713134765625,1.48975,11.548364639282228,1.48975,83.91165924072266,1.4897500000000017,92.57353973388672,Standing up
1.4997500000000006,9.657171249389648,1.4997500000000015,96.5841827392578,1.4997500000000015,11.563652992248535,1.499749999999998,83.92267608642578,1.4997500000000006,92.4098129272461,Standing up
1.5097500000000013,9.637356758117676,1.5097499999999995,96.69771575927734,1.5097499999999995,11.556904792785645,1.5097499999999995,83.8874740600586,1.5097500000000013,92.25981903076172,Standing up
1.5197499999999993,9.633877754211426,1.519750000000001,96.8116455078125,1.519750000000001,11.551213264465332,1.519750000000001,83.82294464111328,1.5197500000000028,92.11727142333984,Standing up
1.5297500000000008,9.663592338562012,1.529749999999999,96.9365463256836,1.5297500000000026,11.532610893249512,1.529749999999999,83.7345199584961,1.5297500000000008,91.97321319580078,Standing up
1.5397499999999988,9.715142250061035,1.5397500000000006,97.06912231445312,1.5397500000000006,11.496556282043455,1.5397500000000006,83.63260650634766,1.5397500000000024,91.82257843017578,Standing up
1.5497500000000004,9.776204109191896,1.5497499999999986,97.20562744140624,1.5497500000000022,11.48326301574707,1.5497499999999986,83.5296630859375,1.5497500000000004,91.65677642822266,Standing up
1.5597499999999984,9.801746368408203,1.5597500000000002,97.33357238769533,1.5597500000000002,11.45684814453125,1.5597500000000002,83.4435806274414,1.559750000000002,91.46784973144533,Standing up
1.56975,9.806792259216309,1.5697499999999982,97.45147705078124,1.5697500000000018,11.421021461486816,1.5697499999999982,83.36174774169922,1.56975,91.2769775390625,Standing up
1.579749999999998,9.810210227966309,1.5797499999999998,97.56434631347656,1.5797499999999998,11.434602737426758,1.5797499999999998,83.29226684570312,1.5797500000000015,91.0862274169922,Standing up
1.5897499999999996,9.816167831420898,1.5897500000000013,97.66365051269533,1.5897500000000013,11.470376968383787,1.5897499999999978,83.23296356201172,1.5897499999999996,90.8821029663086,Standing up
1.5997500000000011,9.837366104125977,1.5997499999999993,97.75213623046876,1.599750000000003,11.506010055541992,1.5997499999999993,83.17251586914062,1.5997500000000011,90.64183807373048,Standing up
1.6097499999999991,9.873770713806152,1.609750000000001,97.82952117919922,1.609750000000001,11.536728858947754,1.609750000000001,83.10806274414062,1.6097500000000018,90.3659210205078,Standing up
1.6197499999999998,9.92424201965332,1.619749999999999,97.89762115478516,1.6197500000000025,11.558204650878906,1.619749999999999,83.04454803466797,1.6197499999999998,90.04847717285156,Standing up
1.6297499999999987,9.980672836303713,1.6297500000000005,97.9438705444336,1.6297500000000005,11.559350967407228,1.6297500000000005,82.99044036865234,1.6297500000000023,89.69003295898438,Standing up
1.6397500000000003,10.010039329528809,1.6397499999999985,97.9565887451172,1.639750000000002,11.532880783081056,1.6397499999999985,82.9430160522461,1.6397500000000003,89.296875,Standing up
1.6497499999999983,10.007573127746582,1.64975,97.93846893310548,1.64975,11.508259773254396,1.64975,82.90105438232422,1.6497500000000018,88.891845703125,Standing up
1.6597499999999998,9.98496913909912,1.6597500000000016,97.92591094970705,1.6597500000000016,11.47736930847168,1.659749999999998,82.86524200439453,1.6597499999999998,88.46553039550781,Standing up
1.6697500000000014,9.970561981201172,1.6697499999999996,97.93607330322266,1.6697499999999996,11.46041774749756,1.6697499999999996,82.84196472167969,1.6697500000000014,88.00807189941406,Standing up
1.6797499999999994,9.98697566986084,1.6797500000000012,97.94266510009766,1.6797500000000012,11.46116065979004,1.6797500000000012,82.83849334716797,1.6797499999999994,87.52288055419922,Standing up
1.689750000000001,10.026445388793944,1.6897499999999992,97.92961883544922,1.6897500000000027,11.479044914245604,1.6897499999999992,82.85874938964844,1.689750000000001,86.98564147949219,Standing up
1.699749999999999,10.06790542602539,1.6997500000000008,97.92178344726562,1.6997500000000008,11.50682258605957,1.6997500000000008,82.91407775878906,1.6997500000000025,86.40385437011719,Standing up
1.7097500000000005,10.106611251831056,1.7097499999999988,97.92633056640624,1.7097500000000023,11.539673805236816,1.7097499999999988,83.00625610351562,1.7097500000000005,85.78955078125,Standing up
1.7197499999999986,10.138243675231934,1.7197500000000003,97.94391632080078,1.7197500000000003,11.57938289642334,1.7197500000000003,83.08973693847656,1.719750000000002,85.1454849243164,Standing up
1.7297500000000001,10.165254592895508,1.7297499999999983,97.98236846923828,1.729750000000002,11.626727104187012,1.7297499999999983,83.18959045410156,1.7297500000000001,84.49287414550781,Standing up
1.7397499999999981,10.197799682617188,1.73975,98.03968811035156,1.73975,11.686655044555664,1.73975,83.30366516113281,1.7397500000000017,83.84406280517578,Standing up
1.7497499999999988,10.2420654296875,1.7497500000000015,98.10330963134766,1.7497500000000015,11.75269603729248,1.749749999999998,83.41349792480469,1.7497499999999988,83.19784545898438,Standing up
1.7597500000000013,10.30831813812256,1.7597499999999995,98.17578887939452,1.7597499999999995,11.81804656982422,1.7597499999999995,83.52900695800781,1.7597500000000013,82.5636215209961,Standing up
1.7697499999999993,10.39540195465088,1.769750000000001,98.25617980957033,1.769750000000001,11.86915683746338,1.769750000000001,83.64741516113281,1.7697500000000028,81.93374633789062,Standing up
1.7797500000000008,10.495251655578612,1.779749999999999,98.33894348144533,1.7797500000000026,11.904325485229492,1.779749999999999,83.7801284790039,1.7797500000000008,81.27904510498047,Standing up
1.7897499999999988,10.59538459777832,1.7897500000000006,98.4446258544922,1.7897500000000006,11.93758487701416,1.7897500000000006,83.94036865234375,1.7897500000000024,80.57231140136719,Standing up
1.7997500000000004,10.69507884979248,1.7997499999999986,98.5626220703125,1.7997500000000022,11.98402976989746,1.7997499999999986,84.12678527832031,1.7997500000000004,79.8585205078125,Standing up
1.8097499999999984,10.79017448425293,1.8097500000000002,98.70310974121094,1.8097500000000002,12.044340133666992,1.8097500000000002,84.3459701538086,1.809750000000002,79.15707397460938,Standing up
1.81975,10.870798110961914,1.8197499999999982,98.853759765625,1.8197500000000018,12.112493515014648,1.8197499999999982,84.5740966796875,1.81975,78.40718841552734,Standing up
1.829749999999998,10.965490341186523,1.8297499999999998,99.00716400146484,1.8297499999999998,12.178205490112305,1.8297499999999998,84.77804565429688,1.8297500000000015,77.58050537109375,Standing up
1.8397499999999996,11.11171531677246,1.8397500000000013,99.17134857177734,1.8397500000000013,12.223566055297852,1.8397499999999978,84.96006774902344,1.8397499999999996,76.84762573242188,Standing up
1.8497500000000011,11.313331604003906,1.8497499999999993,99.3422393798828,1.849750000000003,12.289899826049805,1.8497499999999993,85.12283325195312,1.8497500000000011,76.04950714111328,Standing up
1.8597499999999991,11.574901580810549,1.859750000000001,99.53057861328124,1.859750000000001,12.39311695098877,1.859750000000001,85.2652359008789,1.8597500000000018,75.32811737060547,Standing up
1.8697499999999998,11.901999473571776,1.869749999999999,99.73910522460938,1.8697500000000025,12.516141891479492,1.869749999999999,85.39623260498047,1.8697499999999998,74.53661346435547,Standing up
1.8797499999999987,12.303730964660645,1.8797500000000005,99.9848861694336,1.8797500000000005,12.693764686584473,1.8797500000000005,85.51301574707031,1.8797500000000023,73.65789794921875,Standing up
1.8897500000000003,12.797500610351562,1.8897499999999985,100.25817108154295,1.889750000000002,12.887309074401855,1.8897499999999985,85.61279296875,1.8897500000000003,72.74990844726562,Standing up
1.8997499999999983,13.265992164611816,1.89975,100.54387664794922,1.89975,13.11501693725586,1.89975,85.70205688476562,1.8997500000000018,71.83055114746094,Standing up
1.9097499999999998,13.662151336669922,1.9097500000000016,100.81509399414062,1.9097500000000016,13.545918464660645,1.909749999999998,85.77852630615234,1.9097499999999998,70.876708984375,Standing up
1.9197500000000014,14.11422634124756,1.9197499999999996,101.08840942382812,1.9197499999999996,14.016959190368652,1.9197499999999996,85.8122329711914,1.9197500000000014,69.93602752685547,Standing up
1.9297499999999994,14.628419876098633,1.9297500000000012,101.38053894042967,1.9297500000000012,14.40410327911377,1.9297500000000012,85.80164337158203,1.9297499999999994,68.98759460449219,Standing up
1.939750000000001,15.227303504943848,1.9397499999999992,101.6878662109375,1.9397500000000027,14.94719696044922,1.9397499999999992,85.76412963867188,1.939750000000001,67.99415588378906,Standing up
1.949749999999999,15.86862850189209,1.9497500000000008,101.99639129638672,1.9497500000000008,15.564714431762695,1.9497500000000008,85.7215805053711,1.9497500000000025,66.99227905273438,Standing up
1.9597500000000005,16.4774227142334,1.9597499999999988,102.30480194091795,1.9597500000000023,16.121414184570312,1.9597499999999988,85.68277740478516,1.9597500000000005,65.98912811279297,Standing up
1.9697499999999986,17.043304443359375,1.9697500000000003,102.62822723388672,1.9697500000000003,16.61387062072754,1.9697500000000003,85.63628387451172,1.969750000000002,65.00888061523438,Standing up
1.9797500000000001,17.613407135009766,1.9797499999999983,102.96418762207033,1.979750000000002,17.123830795288086,1.9797499999999983,85.5787353515625,1.9797500000000001,64.0335464477539,Standing up
1.9897499999999981,18.221513748168945,1.98975,103.30712890625,1.98975,17.69580078125,1.98975,85.50769805908203,1.9897500000000017,62.99222946166992,Standing up
1.9997499999999988,18.85918426513672,1.9997500000000015,103.6466827392578,1.9997500000000015,18.30830764770508,1.999749999999998,85.43162536621094,1.9997499999999988,61.94755935668945,Standing up
2.0097500000000013,19.516864776611328,2.0097499999999995,103.97689056396484,2.0097499999999995,18.917722702026367,2.0097499999999995,85.35919952392578,2.0097500000000013,60.92051696777344,Standing up
2.0197499999999993,20.20539093017578,2.019750000000001,104.30079650878906,2.019750000000001,19.61134529113769,2.019750000000001,85.28018951416016,2.019750000000003,59.91727828979492,Standing up
2.029750000000001,20.9307804107666,2.029749999999999,104.6159439086914,2.0297500000000026,20.11028289794922,2.029749999999999,85.20303344726562,2.029750000000001,59.00973892211914,Standing up
2.039749999999999,21.694482803344727,2.0397500000000006,104.92728424072266,2.0397500000000006,20.67977333068848,2.0397500000000006,85.14469909667969,2.0397500000000024,58.346900939941406,Standing up
2.0497500000000004,22.486572265625,2.0497499999999986,105.2394561767578,2.049750000000002,21.31521224975586,2.0497499999999986,85.09577941894531,2.0497500000000004,57.82109832763672,Standing up
2.0597499999999984,23.29165840148925,2.05975,105.54051208496094,2.05975,21.98430061340332,2.05975,85.04937744140625,2.059750000000002,57.37163162231445,Standing up
2.06975,24.094497680664062,2.069749999999998,105.8208236694336,2.0697500000000018,22.661535263061523,2.069749999999998,85.00287628173828,2.06975,56.93465805053711,Standing up
2.079749999999998,24.904705047607425,2.0797499999999998,106.08768463134766,2.0797499999999998,23.35856056213379,2.0797499999999998,84.9462890625,2.0797500000000015,56.481632232666016,Standing up
2.0897499999999996,25.74460792541504,2.0897500000000013,106.36140441894533,2.0897500000000013,24.064207077026367,2.0897499999999978,84.88850402832031,2.0897499999999996,56.01849365234375,Standing up
2.099750000000001,26.61772727966309,2.0997499999999993,106.65330505371094,2.099750000000003,24.782167434692383,2.0997499999999993,84.83063507080078,2.099750000000001,55.548099517822266,Standing up
2.109749999999999,27.51892852783203,2.109750000000001,106.93414306640624,2.109750000000001,25.53368377685547,2.109750000000001,84.7724609375,2.109750000000002,55.065216064453125,Standing up
2.11975,28.445894241333008,2.119749999999999,107.22505950927734,2.1197500000000025,26.33711051940918,2.119749999999999,84.71967315673828,2.11975,54.56907653808594,Standing up
2.1297499999999987,29.37938499450684,2.1297500000000005,107.53319549560548,2.1297500000000005,27.202238082885746,2.1297500000000005,84.6613998413086,2.1297500000000023,54.07638168334961,Standing up
2.1397500000000003,30.32110023498535,2.1397499999999985,107.81886291503906,2.139750000000002,28.12593460083008,2.1397499999999985,84.6021499633789,2.1397500000000003,53.602874755859375,Standing up
2.1497499999999983,31.261831283569336,2.14975,108.09318542480467,2.14975,29.09352302551269,2.14975,84.53217315673828,2.149750000000002,53.1748046875,Standing up
2.15975,32.216087341308594,2.1597500000000016,108.41478729248048,2.1597500000000016,30.055620193481445,2.159749999999998,84.45413208007812,2.15975,52.80991744995117,Standing up
2.1697500000000014,33.16559219360352,2.1697499999999996,108.69457244873048,2.1697499999999996,31.020811080932617,2.1697499999999996,84.37016296386719,2.1697500000000014,52.52374267578125,Standing up
2.1797499999999994,34.10033416748047,2.179750000000001,108.90795135498048,2.179750000000001,31.94536018371582,2.179750000000001,84.28035736083984,2.1797499999999994,52.27048873901367,Standing up
2.189750000000001,35.02616500854492,2.189749999999999,109.0899658203125,2.1897500000000027,32.84778594970703,2.189749999999999,84.20235443115234,2.189750000000001,52.07014083862305,Standing up
2.199749999999999,35.94921875,2.1997500000000008,109.25475311279295,2.1997500000000008,33.75420379638672,2.1997500000000008,84.1283950805664,2.1997500000000025,51.92833709716797,Standing up
2.2097500000000005,36.87882232666016,2.2097499999999988,109.35972595214844,2.2097500000000023,34.64297103881836,2.2097499999999988,84.0597915649414,2.2097500000000005,51.78532028198242,Standing up
2.2197499999999986,37.81822967529297,2.2197500000000003,109.42852020263672,2.2197500000000003,35.52600860595703,2.2197500000000003,83.99676513671875,2.219750000000002,51.7159423828125,Standing up
2.22975,38.758056640625,2.2297499999999983,109.48431396484376,2.229750000000002,36.43099212646485,2.2297499999999983,83.93988800048828,2.22975,51.68888854980469,Standing up
2.239749999999998,39.69675827026367,2.23975,109.54430389404295,2.23975,37.37141799926758,2.23975,83.89572143554688,2.2397500000000017,51.70074462890625,Standing up
2.249749999999999,40.6268424987793,2.2497500000000015,109.57718658447266,2.2497500000000015,38.34258270263672,2.249749999999998,83.85382080078125,2.249749999999999,51.76183319091797,Standing up
2.2597500000000013,41.55413818359375,2.2597499999999995,109.59182739257812,2.2597499999999995,39.35545349121094,2.2597499999999995,83.82105255126953,2.2597500000000013,51.84886169433594,Standing up
2.2697499999999993,42.489505767822266,2.269750000000001,109.58163452148438,2.269750000000001,40.37142562866211,2.269750000000001,83.79268646240234,2.269750000000003,51.97099685668945,Standing up
2.279750000000001,43.43208312988281,2.279749999999999,109.55436706542967,2.2797500000000026,41.37198638916016,2.279749999999999,83.76495361328125,2.279750000000001,52.10713958740234,Standing up
2.289749999999999,44.37319946289063,2.2897500000000006,109.49737548828124,2.2897500000000006,42.341087341308594,2.2897500000000006,83.73454284667969,2.2897500000000024,52.25502395629883,Standing up
2.2997500000000004,45.30580139160156,2.2997499999999986,109.4331512451172,2.299750000000002,43.25894546508789,2.2997499999999986,83.7119369506836,2.2997500000000004,52.41997909545898,Standing up
2.3097499999999984,46.22861862182617,2.30975,109.3488540649414,2.30975,44.15904235839844,2.30975,83.69522857666016,2.309750000000002,52.60811614990234,Standing up
2.31975,47.13063049316406,2.319749999999998,109.27178192138672,2.3197500000000018,45.06445693969727,2.319749999999998,83.67224884033203,2.31975,52.84511947631836,Standing up
2.329749999999998,48.02428817749024,2.3297499999999998,109.1612548828125,2.3297499999999998,45.97944641113281,2.3297499999999998,83.65294647216797,2.3297500000000015,53.11928176879883,Standing up
2.3397499999999996,48.91648864746094,2.3397500000000013,109.0652084350586,2.3397500000000013,46.91450500488281,2.3397499999999978,83.63150787353516,2.3397499999999996,53.41826629638672,Standing up
2.349750000000001,49.7876091003418,2.3497499999999993,108.96969604492188,2.349750000000003,47.85151672363281,2.3497499999999993,83.60511016845703,2.349750000000001,53.71971130371094,Standing up
2.359749999999999,50.58921432495117,2.359750000000001,108.869140625,2.359750000000001,48.78303527832031,2.359750000000001,83.57850646972656,2.3597500000000027,54.03023147583008,Standing up
2.3697500000000007,51.33235931396485,2.369749999999999,108.77893829345705,2.3697500000000025,49.75383758544922,2.369749999999999,83.5518798828125,2.3697500000000007,54.357120513916016,Standing up
2.3797499999999987,52.11591720581055,2.3797500000000005,108.68415832519533,2.3797500000000005,50.719383239746094,2.3797500000000005,83.53720092773438,2.3797500000000023,54.65012741088867,Standing up
2.3897500000000003,52.889766693115234,2.3897499999999985,108.5714340209961,2.389750000000002,51.67268753051758,2.3897499999999985,83.51835632324219,2.3897500000000003,54.938232421875,Standing up
2.3997499999999983,53.62534332275391,2.39975,108.42974853515624,2.39975,52.64303970336914,2.39975,83.50303649902344,2.399750000000002,55.21430587768555,Standing up
2.40975,54.3768310546875,2.4097500000000016,108.24588012695312,2.4097500000000016,53.64036560058594,2.409749999999998,83.48588562011719,2.40975,55.49222183227539,Standing up
2.4197500000000014,55.22952651977539,2.4197499999999996,107.99224853515624,2.4197499999999996,54.630157470703125,2.4197499999999996,83.46949005126953,2.4197500000000014,55.78103256225586,Stood
2.4297499999999994,56.13618850708008,2.429750000000001,107.81681823730467,2.429750000000001,55.20955657958984,2.429750000000001,83.45674896240234,2.4297499999999994,56.11156463623047,Stood
2.439750000000001,56.9941291809082,2.439749999999999,107.69159698486328,2.4397500000000027,55.90104293823242,2.439749999999999,83.4460220336914,2.439750000000001,56.49875259399414,Stood
2.449749999999999,57.88983917236328,2.4497500000000008,107.53968048095705,2.4497500000000008,57.14799118041992,2.4497500000000008,83.43457794189453,2.4497500000000025,56.92855453491211,Stood
2.4597500000000005,58.79892349243164,2.4597499999999988,107.34517669677734,2.4597500000000023,58.11872482299805,2.4597499999999988,83.4244384765625,2.4597500000000005,57.37685775756836,Stood
2.4697499999999986,59.699161529541016,2.4697500000000003,107.16521453857422,2.4697500000000003,58.91555404663086,2.4697500000000003,83.41753387451172,2.469750000000002,57.86720275878906,Stood
2.47975,60.55712890625,2.4797499999999983,107.04170989990234,2.479750000000002,59.7132453918457,2.4797499999999983,83.41424560546875,2.47975,58.3883056640625,Stood
2.489749999999998,61.31491088867188,2.48975,106.88094329833984,2.48975,60.443809509277344,2.48975,83.41962432861328,2.4897500000000017,58.90212631225586,Stood
2.4997499999999997,62.27630233764648,2.4997500000000015,106.68710327148438,2.4997500000000015,61.16814422607422,2.499749999999998,83.43580627441406,2.4997499999999997,59.39821243286133,Stood
2.5097500000000013,62.92356491088867,2.5097499999999995,106.55421447753906,2.5097499999999995,61.79202651977539,2.5097499999999995,83.45132446289062,2.5097500000000013,59.85810852050781,Stood
2.5197499999999993,63.4754638671875,2.519750000000001,106.39420318603516,2.519750000000001,63.475852966308594,2.519750000000001,83.46131134033203,2.519750000000003,60.347415924072266,Stood
2.529750000000001,64.26851654052734,2.529749999999999,106.20720672607422,2.5297500000000026,64.33010864257812,2.529749999999999,83.47348022460938,2.529750000000001,60.83692169189453,Stood
2.539749999999999,65.00923919677734,2.5397500000000006,106.04003143310548,2.5397500000000006,64.9196548461914,2.5397500000000006,83.48448181152344,2.5397500000000024,61.31132125854492,Stood
2.5497500000000004,65.47570037841797,2.5497499999999986,105.8891372680664,2.549750000000002,65.46920776367188,2.5497499999999986,83.50269317626953,2.5497500000000004,61.79598236083984,Stood
2.5597499999999984,65.9734115600586,2.55975,105.77147674560548,2.55975,65.9743881225586,2.55975,83.51707458496094,2.559750000000002,62.31023406982422,Stood
2.56975,66.56452178955078,2.569749999999998,105.6790008544922,2.5697500000000018,66.45790100097656,2.569749999999998,83.52429962158203,2.56975,62.844608306884766,Stood
2.579749999999998,67.1329116821289,2.5797499999999998,105.59361267089844,2.5797499999999998,67.16557312011719,2.5797499999999998,83.52762603759766,2.5797500000000015,63.37003326416016,Stood
2.5897499999999996,67.71299743652344,2.5897500000000013,105.51716613769533,2.5897500000000013,67.98902893066406,2.5897499999999978,83.53138732910156,2.5897499999999996,63.91905975341797,Stood
2.599750000000001,68.32488250732422,2.5997499999999993,105.45344543457033,2.599750000000003,68.7121810913086,2.5997499999999993,83.53767395019531,2.599750000000001,64.46824645996094,Stood
2.609749999999999,68.92176818847656,2.609750000000001,105.4103546142578,2.609750000000001,69.28013610839844,2.609750000000001,83.53621673583984,2.6097500000000027,65.0013427734375,Stood
2.6197500000000007,69.46949768066406,2.619749999999999,105.3389663696289,2.6197500000000025,69.79275512695312,2.619749999999999,83.53724670410156,2.6197500000000007,65.51666259765625,Stood
2.6297499999999987,69.95884704589844,2.6297500000000005,105.29457092285156,2.6297500000000005,70.4073486328125,2.6297500000000005,83.53453063964844,2.6297500000000023,66.01729583740234,Stood
2.6397500000000003,70.46178436279297,2.6397499999999985,105.20921325683594,2.639750000000002,70.73157501220703,2.6397499999999985,83.5294189453125,2.6397500000000003,66.50018310546875,Stood
2.6497499999999983,70.96619415283203,2.64975,105.1399383544922,2.64975,71.21775817871094,2.64975,83.5199203491211,2.649750000000002,66.97467803955078,Stood
2.65975,71.4469223022461,2.6597500000000016,105.08197784423828,2.6597500000000016,71.7051773071289,2.659749999999998,83.5137939453125,2.65975,67.42218780517578,Stood
2.6697500000000014,71.92991638183594,2.6697499999999996,105.0143051147461,2.6697499999999996,72.2447280883789,2.6697499999999996,83.51396942138672,2.6697500000000014,67.86840057373047,Stood
2.6797499999999994,72.40470123291016,2.679750000000001,104.95750427246094,2.679750000000001,72.85357666015625,2.679750000000001,83.51128387451172,2.6797499999999994,68.3180923461914,Stood
2.689750000000001,72.89348602294922,2.689749999999999,104.89873504638672,2.6897500000000027,73.98945617675781,2.689749999999999,83.51229095458984,2.689750000000001,68.7790756225586,Stood
2.699749999999999,73.40025329589844,2.6997500000000008,104.86690521240234,2.6997500000000008,74.24568176269531,2.6997500000000008,83.51730346679688,2.6997500000000025,69.23322296142578,Stood
2.7097500000000005,73.86776733398438,2.7097499999999988,104.94387817382812,2.7097500000000023,74.53919219970703,2.7097499999999988,83.51263427734375,2.7097500000000005,69.69185638427734,Stood
2.7197499999999986,74.29338073730469,2.7197500000000003,104.9568862915039,2.7197500000000003,74.9253921508789,2.7197500000000003,83.50759887695312,2.719750000000002,70.13548278808594,Stood
2.72975,74.7450942993164,2.7297499999999983,104.87322235107422,2.729750000000002,75.28809356689453,2.7297499999999983,83.50569915771484,2.72975,70.5674057006836,Stood
2.739749999999998,75.20836639404297,2.73975,104.78289794921876,2.73975,75.7005386352539,2.73975,83.50536346435547,2.7397500000000017,70.98104858398438,Stood
2.7497499999999997,75.68696594238281,2.7497500000000015,104.73873138427734,2.7497500000000015,76.11363983154297,2.749749999999998,83.5002670288086,2.7497499999999997,71.39630126953125,Stood
2.7597500000000013,76.0682601928711,2.7597499999999995,104.68390655517578,2.7597499999999995,76.55825805664062,2.7597499999999995,83.49276733398438,2.7597500000000013,71.82542419433594,Stood
2.7697499999999993,76.404052734375,2.769750000000001,104.61536407470705,2.769750000000001,78.16022491455078,2.769750000000001,83.49234771728516,2.769750000000003,72.23017883300781,Stood
2.779750000000001,76.70263671875,2.779749999999999,104.55233764648438,2.7797500000000026,81.16735076904297,2.779749999999999,83.49588775634766,2.779750000000001,72.60921478271484,Stood
2.789749999999999,77.08495330810547,2.7897500000000006,104.47787475585938,2.7897500000000006,82.42047119140625,2.7897500000000006,83.5019302368164,2.7897500000000024,72.9975814819336,Stood
2.7997500000000004,77.44940948486328,2.7997499999999986,104.41825103759766,2.799750000000002,82.85282897949219,2.7997499999999986,83.51730346679688,2.7997500000000004,73.37089538574219,Stood
2.8097499999999984,77.80815124511719,2.80975,104.37853240966795,2.80975,83.23436737060547,2.80975,83.53443908691406,2.809750000000002,73.75421905517578,Stood
2.81975,78.17288208007812,2.819749999999998,104.33973693847656,2.8197500000000018,83.64106750488281,2.819749999999998,83.5534439086914,2.81975,74.13212585449219,Stood
2.829749999999998,78.54603576660156,2.8297499999999998,104.29591369628906,2.8297499999999998,84.0049057006836,2.8297499999999998,83.58183288574219,2.8297500000000015,74.48994445800781,Stood
2.8397499999999996,78.95841979980469,2.8397500000000013,104.25078582763672,2.8397500000000013,84.42267608642578,2.8397499999999978,83.60026550292969,2.8397499999999996,74.84722900390625,Stood
2.849750000000001,79.20999908447266,2.8497499999999993,104.22750854492188,2.849750000000003,84.83208465576172,2.8497499999999993,83.61480712890625,2.849750000000001,75.18743896484375,Stood
2.859749999999999,79.57809448242188,2.859750000000001,104.19178009033205,2.859750000000001,85.26788330078125,2.859750000000001,83.63056945800781,2.8597500000000027,75.49751281738281,Stood
2.8697500000000007,79.88136291503906,2.869749999999999,104.17666625976562,2.8697500000000025,85.71131896972656,2.869749999999999,83.63697052001953,2.8697500000000007,75.7862548828125,Stood
2.8797499999999987,80.1261215209961,2.8797500000000005,104.13932037353516,2.8797500000000005,86.08377075195312,2.8797500000000005,83.6385269165039,2.8797500000000023,76.04619598388672,Stood
2.8897500000000003,80.42671966552734,2.8897499999999985,104.118408203125,2.889750000000002,86.50963592529297,2.8897499999999985,83.63777160644531,2.8897500000000003,76.27595520019531,Stood
2.8997499999999983,81.56108093261719,2.89975,104.08909606933594,2.89975,86.85767364501953,2.89975,83.6298599243164,2.899750000000002,76.49166870117188,Stood
2.90975,81.26007080078125,2.9097500000000016,104.04988861083984,2.9097500000000016,87.31156921386719,2.909749999999998,83.62461853027344,2.90975,76.69780731201172,Stood
2.9197500000000014,81.80033111572266,2.9197499999999996,103.99575805664062,2.9197499999999996,87.6370620727539,2.9197499999999996,83.62117767333984,2.9197500000000014,76.91680908203125,Stood
2.9297499999999994,82.13130187988281,2.929750000000001,103.94132232666016,2.929750000000001,87.91194915771484,2.929750000000001,83.6124496459961,2.9297499999999994,77.15608215332031,Stood
2.939750000000001,82.41886138916016,2.939749999999999,103.89969635009766,2.9397500000000027,88.17713165283203,2.939749999999999,83.61068725585938,2.939750000000001,77.39657592773438,Stood
2.949749999999999,82.72813415527344,2.9497500000000008,103.85950469970705,2.9497500000000008,88.43098449707031,2.9497500000000008,83.6126937866211,2.9497500000000025,77.65791320800781,Stood
2.9597500000000005,82.90969848632812,2.9597499999999988,103.82478332519533,2.9597500000000023,88.7015151977539,2.9597499999999988,83.61626434326172,2.9597500000000005,77.93538665771484,Stood
2.9697499999999986,83.2374038696289,2.9697500000000003,103.79871368408205,2.9697500000000003,89.02690124511719,2.9697500000000003,83.62113952636719,2.969750000000002,78.19376373291016,Stood
2.97975,83.48860931396484,2.9797499999999983,103.78411102294922,2.979750000000002,89.24694061279297,2.9797499999999983,83.62940216064453,2.97975,78.42692565917969,Stood
2.989749999999998,83.7580337524414,2.98975,103.77140045166016,2.98975,89.148193359375,2.98975,83.63511657714844,2.9897500000000017,78.62254333496094,Stood
2.9997499999999997,83.9487075805664,2.9997500000000015,103.75879669189452,2.9997500000000015,89.31752014160156,2.999749999999998,83.63710021972656,2.9997499999999997,78.7867660522461,Stood
3.0097500000000013,84.11637878417969,3.0097499999999995,103.74436950683594,3.0097499999999995,89.51326751708984,3.0097499999999995,83.64248657226562,3.0097500000000013,78.9178695678711,Stood
3.0197499999999993,84.34874725341797,3.019750000000001,103.73908996582033,3.019750000000001,89.67723083496094,3.019750000000001,83.64532470703125,3.019750000000003,79.00627899169922,Stood
3.029750000000001,84.49187469482422,3.029749999999999,103.74571228027344,3.0297500000000026,89.83483123779297,3.029749999999999,83.65156555175781,3.029750000000001,79.0533218383789,Stood
3.039749999999999,84.55546569824219,3.0397500000000006,103.75334930419922,3.0397500000000006,89.97589111328125,3.0397500000000006,83.65576171875,3.0397500000000024,79.06182861328125,Stood
3.0497500000000004,84.67781829833984,3.0497499999999986,103.75984954833984,3.049750000000002,90.04656219482422,3.0497499999999986,83.6594467163086,3.0497500000000004,79.05036163330078,Stood
3.0597499999999984,84.76446533203125,3.05975,103.753173828125,3.05975,90.15538024902344,3.05975,83.66190338134766,3.059750000000002,79.01365661621094,Stood
3.06975,84.86734771728516,3.0697500000000018,103.74179077148438,3.0697500000000018,90.19348907470705,3.069749999999998,83.66075897216797,3.06975,78.99893188476562,Stood
3.0797500000000015,84.98623657226562,3.0797499999999998,103.7512435913086,3.0797499999999998,90.2330093383789,3.0797499999999998,83.66011810302734,3.0797500000000015,79.01374053955078,Stood
3.0897499999999996,85.06468200683594,3.0897500000000013,103.76309967041016,3.0897500000000013,90.30967712402344,3.0897499999999978,83.66275787353516,3.0897499999999996,79.0489273071289,Stood
3.099750000000001,85.1277084350586,3.0997499999999993,103.75321197509766,3.099750000000003,90.3258285522461,3.0997499999999993,83.66972351074219,3.099750000000001,79.0985336303711,Stood
3.109749999999999,85.19046783447266,3.109750000000001,103.75665283203124,3.109750000000001,90.31044006347656,3.109750000000001,83.67558288574219,3.1097500000000027,79.17464447021484,Stood
3.1197500000000007,85.24988555908203,3.119749999999999,103.7870101928711,3.1197500000000025,90.2929229736328,3.119749999999999,83.67813873291016,3.1197500000000007,79.2644271850586,Stood
3.1297499999999987,85.29047393798828,3.1297500000000005,103.81500244140624,3.1297500000000005,90.27335357666016,3.1297500000000005,83.68095397949219,3.1297500000000023,79.34356689453125,Stood
3.1397500000000003,85.36201477050781,3.1397499999999985,103.8160629272461,3.139750000000002,90.25071716308594,3.1397499999999985,83.68270874023438,3.1397500000000003,79.42240142822266,Stood
3.1497499999999983,85.44511413574219,3.14975,103.800537109375,3.14975,90.22494506835938,3.14975,83.68040466308594,3.149750000000002,79.49784851074219,Stood
3.15975,85.53028869628906,3.1597500000000016,103.7976531982422,3.1597500000000016,90.18474578857422,3.159749999999998,83.67442321777344,3.15975,79.57174682617188,Stood
3.1697500000000014,85.61031341552734,3.1697499999999996,103.79470825195312,3.1697499999999996,90.15727996826172,3.1697499999999996,83.66787719726562,3.1697500000000014,79.65494537353516,Stood
3.1797499999999994,85.64305877685547,3.179750000000001,103.78883361816406,3.179750000000001,90.14688110351562,3.179750000000001,83.66596984863281,3.1797499999999994,79.74830627441406,Stood
3.189750000000001,85.72642517089844,3.189749999999999,103.77642822265624,3.1897500000000027,90.14571380615234,3.189749999999999,83.66358947753906,3.189750000000001,79.83415222167969,Stood
3.199749999999999,85.8143081665039,3.1997500000000008,103.75425720214844,3.1997500000000008,90.15416717529295,3.1997500000000008,83.66554260253906,3.1997500000000025,79.90906524658203,Stood
3.2097500000000005,85.85286712646484,3.2097499999999988,103.74091339111328,3.2097500000000023,90.17240142822266,3.2097499999999988,83.6728515625,3.2097500000000005,79.9878921508789,Stood
3.2197499999999986,85.96402740478516,3.2197500000000003,103.7413558959961,3.2197500000000003,90.19713592529295,3.2197500000000003,83.68235778808594,3.219750000000002,80.05912780761719,Stood
3.22975,86.03515625,3.2297499999999983,103.7398452758789,3.229750000000002,90.24236297607422,3.2297499999999983,83.69188690185547,3.22975,80.1173324584961,Stood
3.239749999999998,86.09974670410156,3.23975,103.7340087890625,3.23975,90.3012924194336,3.23975,83.70087432861328,3.2397500000000017,80.16313171386719,Stood
3.2497499999999997,86.21435546875,3.2497500000000015,103.72317504882812,3.2497500000000015,90.35310363769533,3.249749999999998,83.70825958251953,3.2497499999999997,80.21050262451172,Stood
3.2597500000000013,86.34686279296875,3.2597499999999995,103.71322631835938,3.259750000000003,90.38655853271484,3.2597499999999995,83.71473693847656,3.2597500000000013,80.26155853271484,Stood
3.2697499999999993,86.40595245361328,3.269750000000001,103.71483612060548,3.269750000000001,90.39988708496094,3.269750000000001,83.71947479248047,3.269750000000003,80.30985260009766,Stood
3.279750000000001,86.52371978759766,3.279749999999999,103.72149658203124,3.2797500000000026,90.4089126586914,3.279749999999999,83.72529602050781,3.279750000000001,80.35952758789062,Stood
3.289749999999999,86.57981872558594,3.2897500000000006,103.72541809082033,3.2897500000000006,90.4267349243164,3.2897500000000006,83.73091888427734,3.2897500000000024,80.4037094116211,Stood
3.2997500000000004,86.69114685058594,3.2997499999999986,103.72682189941406,3.299750000000002,90.45526885986328,3.2997499999999986,83.73845672607422,3.2997500000000004,80.43962097167969,Stood
3.3097499999999984,86.7884750366211,3.30975,103.72785186767578,3.30975,90.49517822265624,3.30975,83.74702453613281,3.309750000000002,80.46178436279297,Stood
3.31975,86.86070251464844,3.3197500000000018,103.73321533203124,3.3197500000000018,90.54903411865234,3.319749999999998,83.75547790527344,3.31975,80.45924377441406,Stood
3.3297499999999998,86.88334655761719,3.3297499999999998,103.74056243896484,3.3297499999999998,90.59315490722656,3.3297499999999998,83.7633285522461,3.3297499999999998,80.45803833007812,Stood
3.3397499999999996,86.92411804199219,3.3397499999999996,103.73458862304688,3.3397499999999996,90.63011169433594,3.3397499999999996,83.7704086303711,3.3397499999999996,80.4639663696289,Stood
3.3497499999999993,86.95088195800781,3.3497499999999993,103.73014831542967,3.3497500000000047,90.66594696044922,3.3497499999999993,83.77684020996094,3.3497499999999993,80.4747314453125,Stood
3.359750000000001,86.96640014648438,3.359750000000001,103.7383804321289,3.359750000000001,90.69467163085938,3.359750000000001,83.78536987304688,3.3597500000000027,80.49876403808594,Stood
3.3697500000000007,86.98799133300781,3.3697500000000007,103.74298095703124,3.3697500000000025,90.70848083496094,3.3697500000000007,83.79164123535156,3.3697500000000007,80.50611114501953,Stood
3.3797500000000005,87.03202819824219,3.3797500000000005,103.73855590820312,3.3797500000000005,90.72735595703124,3.3797500000000005,83.79688262939453,3.3797500000000023,80.5084457397461,Stood
3.3897500000000003,87.0860824584961,3.3897499999999985,103.7275848388672,3.389750000000002,90.73656463623048,3.3897499999999985,83.80146026611328,3.3897500000000003,80.51420593261719,Stood
3.3997499999999983,87.16112518310547,3.39975,103.71189880371094,3.39975,90.74652862548828,3.39975,83.80538177490234,3.399750000000002,80.52616882324219,Stood
3.40975,87.22626495361328,3.40975,103.70257568359376,3.40975,90.76654815673828,3.409749999999998,83.8072509765625,3.40975,80.54474639892578,Stood
3.4197499999999996,87.25652313232422,3.4197499999999996,103.69850158691406,3.4197499999999996,90.79305267333984,3.4197499999999996,83.8114013671875,3.4197499999999996,80.56443786621094,Stood
3.4297499999999994,87.31475067138672,3.4297499999999994,103.69271850585938,3.4297499999999994,90.81570434570312,3.4297499999999994,83.81522369384766,3.4297500000000047,80.58035278320312,Stood
3.439750000000001,87.33816528320312,3.439750000000001,103.6839599609375,3.4397500000000045,90.83048248291016,3.439750000000001,83.82085418701172,3.439750000000001,80.59210968017578,Stood
3.4497500000000008,87.37564086914062,3.4497500000000008,103.67434692382812,3.4497500000000008,90.82064819335938,3.4497500000000008,83.82737731933594,3.4497500000000025,80.6008529663086,Stood
3.4597500000000005,87.4223861694336,3.4597500000000005,103.6673812866211,3.4597500000000023,90.81385803222656,3.4597500000000005,83.83370208740234,3.4597500000000005,80.60680389404297,Stood
3.4697499999999986,87.45447540283203,3.4697500000000003,103.65654754638672,3.4697500000000003,90.81524658203124,3.4697500000000003,83.83815002441406,3.469750000000002,80.6119613647461,Stood
3.47975,87.47360229492188,3.4797499999999983,103.65568542480467,3.479750000000002,90.83342742919922,3.4797499999999983,83.84579467773438,3.47975,80.6207275390625,Stood
3.489749999999998,87.47488403320312,3.48975,103.65367126464844,3.48975,90.83672332763672,3.48975,83.8554916381836,3.48975,80.62921905517578,Stood
3.4997499999999997,87.49250793457031,3.4997499999999997,103.66999053955078,3.4997499999999997,90.831787109375,3.499749999999998,83.86080169677734,3.4997499999999997,80.63353729248047,Stood
3.5097499999999995,87.51188659667969,3.5097499999999995,103.69629669189452,3.509750000000005,90.82321166992188,3.5097499999999995,83.86705780029297,3.5097499999999995,80.63374328613281,Stood
3.519750000000001,87.52460479736328,3.519750000000001,103.71183776855467,3.519750000000001,90.81964874267578,3.519750000000001,83.87273406982422,3.5197500000000046,80.63086700439453,Stood
3.529750000000001,87.57054901123047,3.529750000000001,103.72166442871094,3.5297500000000026,90.81919860839844,3.529750000000001,83.87860107421875,3.529750000000001,80.6301498413086,Stood
3.5397500000000006,87.60236358642578,3.5397500000000006,103.72337341308594,3.5397500000000006,90.8270492553711,3.5397500000000006,83.88347625732422,3.5397500000000024,80.62520599365234,Stood
3.5497500000000004,87.59087371826172,3.5497499999999986,103.72370910644533,3.549750000000002,90.84326171875,3.5497499999999986,83.88630676269531,3.5497500000000004,80.61335754394531,Stood
3.5597499999999984,87.60964965820312,3.55975,103.7153778076172,3.55975,90.86135864257812,3.55975,83.8888931274414,3.559750000000002,80.59449005126953,Stood
3.56975,87.62384796142578,3.5697500000000018,103.70231628417967,3.5697500000000018,90.88029479980467,3.569749999999998,83.89031982421875,3.56975,80.56983947753906,Stood
3.5797499999999998,87.65734100341797,3.5797499999999998,103.6943588256836,3.5797499999999998,90.88821411132812,3.5797499999999998,83.89336395263672,3.5797499999999998,80.54544830322266,Stood
3.5897499999999996,87.67678833007812,3.5897499999999996,103.68832397460938,3.5897499999999996,90.88046264648438,3.5897499999999996,83.89576721191406,3.5897499999999996,80.5199203491211,Stood
3.5997499999999993,87.68742370605469,3.5997499999999993,103.6787338256836,3.5997500000000047,90.87600708007812,3.5997499999999993,83.89898681640625,3.5997499999999993,80.49343872070312,Sitting down
3.609750000000001,87.70887756347656,3.609750000000001,103.66625213623048,3.609750000000001,90.8803939819336,3.609750000000001,83.90508270263672,3.6097500000000027,80.46790313720703,Sitting down
3.6197500000000007,87.73268127441406,3.6197500000000007,103.64697265625,3.6197500000000025,90.89100646972656,3.6197500000000007,83.91040802001953,3.6197500000000007,80.4380111694336,Sitting down
3.6297500000000005,87.75454711914062,3.6297500000000005,103.6275405883789,3.6297500000000005,90.90847778320312,3.6297500000000005,83.91368103027344,3.6297500000000023,80.4050064086914,Sitting down
3.6397500000000003,87.77346801757812,3.6397499999999985,103.60950469970705,3.639750000000002,90.92234802246094,3.6397499999999985,83.91788482666016,3.6397500000000003,80.36943817138672,Sitting down
3.6497499999999983,87.78504943847656,3.64975,103.59185028076172,3.64975,90.91374969482422,3.64975,83.92183685302734,3.649750000000002,80.33404541015625,Sitting down
3.65975,87.79603576660156,3.65975,103.57389831542967,3.65975,90.90982055664062,3.659749999999998,83.92619323730469,3.65975,80.29736328125,Sitting down
3.6697499999999996,87.8144302368164,3.6697499999999996,103.55620574951172,3.6697499999999996,90.91577911376952,3.6697499999999996,83.93106842041016,3.6697499999999996,80.26445007324219,Sitting down
3.6797499999999994,87.83231353759766,3.6797499999999994,103.54450988769533,3.6797499999999994,90.92366790771484,3.6797499999999994,83.93462371826172,3.6797500000000047,80.23776245117188,Sitting down
3.689750000000001,87.85067749023438,3.689750000000001,103.52313995361328,3.6897500000000045,90.9311752319336,3.689750000000001,83.93927001953125,3.689750000000001,80.2151107788086,Sitting down
3.6997500000000008,87.89573669433594,3.6997500000000008,103.47554779052734,3.6997500000000008,90.9396743774414,3.6997500000000008,83.9432373046875,3.6997500000000025,80.19348907470703,Sitting down
3.7097500000000005,87.93822479248047,3.7097500000000005,103.45693969726562,3.7097500000000023,90.94837951660156,3.7097500000000005,83.946533203125,3.7097500000000005,80.17372131347656,Sitting down
3.7197499999999986,87.9629898071289,3.7197500000000003,103.451416015625,3.7197500000000003,90.95117950439452,3.7197500000000003,83.94925689697266,3.719750000000002,80.15745544433594,Sitting down
3.72975,87.96581268310547,3.7297499999999983,103.45248413085938,3.729750000000002,90.94731903076172,3.7297499999999983,83.95247650146484,3.72975,80.14575958251953,Sitting down
3.739749999999998,87.9577407836914,3.73975,103.45721435546876,3.73975,90.94615173339844,3.73975,83.95669555664062,3.73975,80.13175201416016,Sitting down
3.7497499999999997,87.93328857421875,3.7497499999999997,103.479736328125,3.7497499999999997,90.9464874267578,3.749749999999998,83.95944213867188,3.7497499999999997,80.11597442626953,Sitting down
3.7597499999999995,87.89546203613281,3.7597499999999995,103.49054718017578,3.759750000000005,90.94686126708984,3.7597499999999995,83.961669921875,3.7597499999999995,80.10474395751953,Sitting down
3.769750000000001,87.8676986694336,3.769750000000001,103.49077606201172,3.769750000000001,90.94577026367188,3.769750000000001,83.96536254882812,3.7697500000000046,80.09420013427734,Sitting down
3.779750000000001,87.84851837158203,3.779750000000001,103.48553466796876,3.7797500000000026,90.94485473632812,3.779750000000001,83.9658432006836,3.779750000000001,80.08130645751953,Sitting down
3.7897500000000006,87.84990692138672,3.7897500000000006,103.4818344116211,3.7897500000000006,90.94498443603516,3.7897500000000006,83.9654541015625,3.7897500000000024,80.06745147705078,Sitting down
3.7997500000000004,87.85330200195312,3.7997499999999986,103.47997283935548,3.799750000000002,90.94225311279295,3.7997499999999986,83.9640884399414,3.7997500000000004,80.0511474609375,Sitting down
3.8097499999999984,87.85663604736328,3.80975,103.47639465332033,3.80975,90.9347915649414,3.80975,83.961181640625,3.809750000000002,80.03622436523438,Sitting down
3.81975,87.85575103759766,3.8197500000000018,103.47286224365234,3.8197500000000018,90.92431640625,3.819749999999998,83.95942687988281,3.81975,80.02786254882812,Sitting down
3.8297499999999998,87.8573989868164,3.8297499999999998,103.4669952392578,3.8297499999999998,90.90505981445312,3.8297499999999998,83.95693969726562,3.8297499999999998,80.02519989013672,Sitting down
3.8397499999999996,87.84866333007812,3.8397499999999996,103.46187591552734,3.8397499999999996,90.88331604003906,3.8397499999999996,83.95426177978516,3.8397499999999996,80.0263442993164,Sitting down
3.8497499999999993,87.84364318847656,3.8497499999999993,103.46436309814452,3.8497500000000047,90.86416625976562,3.8497499999999993,83.95085144042969,3.8497499999999993,80.03118133544922,Sitting down
3.859750000000001,87.84236145019531,3.859750000000001,103.46852111816406,3.859750000000001,90.84739685058594,3.859750000000001,83.94923400878906,3.8597500000000027,80.03752136230469,Sitting down
3.8697500000000007,87.8442153930664,3.8697500000000007,103.46887969970705,3.8697500000000025,90.83363342285156,3.8697500000000007,83.94725036621094,3.8697500000000007,80.0447006225586,Sitting down
3.8797500000000005,87.85673522949219,3.8797500000000005,103.4689483642578,3.8797500000000005,90.8243637084961,3.8797500000000005,83.94376373291016,3.8797500000000023,80.0521469116211,Sitting down
3.8897500000000003,87.86233520507812,3.8897499999999985,103.4705810546875,3.889750000000002,90.81775665283205,3.8897499999999985,83.94197845458984,3.8897500000000003,80.06199645996094,Sitting down
3.8997499999999983,87.86933898925781,3.89975,103.47374725341795,3.89975,90.80773162841795,3.89975,83.93972778320312,3.899750000000002,80.07062530517578,Sitting down
3.90975,87.88886260986328,3.90975,103.47909545898438,3.90975,90.79631042480467,3.909749999999998,83.93696594238281,3.90975,80.07564544677734,Sitting down
3.9197499999999996,87.8832015991211,3.9197499999999996,103.4792251586914,3.9197499999999996,90.7850341796875,3.9197499999999996,83.93597412109375,3.9197499999999996,80.07573699951172,Sitting down
3.9297499999999994,87.88614654541016,3.9297499999999994,103.47702026367188,3.9297499999999994,90.77996826171876,3.9297499999999994,83.9341049194336,3.9297500000000047,80.07555389404297,Sitting down
3.939750000000001,87.8881607055664,3.939750000000001,103.48468017578124,3.9397500000000045,90.78626251220705,3.939750000000001,83.93123626708984,3.939750000000001,80.0733413696289,Sitting down
3.9497500000000008,87.8946533203125,3.9497500000000008,103.48492431640624,3.9497500000000008,90.79428100585938,3.9497500000000008,83.92842864990234,3.9497500000000025,80.07244110107422,Sitting down
3.9597500000000005,87.90599822998047,3.9597500000000005,103.47419738769533,3.9597500000000023,90.8061294555664,3.9597500000000005,83.92584991455078,3.9597500000000005,80.07416534423828,Sitting down
3.9697499999999986,87.914794921875,3.9697500000000003,103.4629135131836,3.9697500000000003,90.81653594970705,3.9697500000000003,83.9244155883789,3.969750000000002,80.07881927490234,Sitting down
3.97975,87.93114471435547,3.9797499999999983,103.45389556884766,3.979750000000002,90.82561492919922,3.9797499999999983,83.92251586914062,3.97975,80.08235931396484,Sitting down
3.989749999999998,87.94300079345703,3.98975,103.4483642578125,3.98975,90.83575439453124,3.98975,83.91922760009766,3.98975,80.08734893798828,Sitting down
3.9997499999999997,87.96076202392578,3.9997499999999997,103.44070434570312,3.9997499999999997,90.8481903076172,3.999749999999998,83.91876983642578,3.9997499999999997,80.09100341796875,Sitting down
4.0097499999999995,87.96784210205078,4.0097499999999995,103.42754364013672,4.009750000000005,90.86119842529295,4.0097499999999995,83.92381286621094,4.0097499999999995,80.09308624267578,Sitting down
4.019750000000001,87.976806640625,4.019750000000001,103.4133758544922,4.019750000000001,90.87168884277344,4.019750000000001,83.92344665527344,4.019750000000005,80.09334564208984,Sitting down
4.029750000000001,87.98954010009766,4.029750000000001,103.3967742919922,4.029750000000003,90.88671112060548,4.029750000000001,83.92208862304688,4.029750000000001,80.08890533447266,Sitting down
4.039750000000001,87.99816131591797,4.039750000000001,103.3801727294922,4.039750000000001,90.90408325195312,4.039750000000001,83.92417907714844,4.039750000000002,80.09237670898438,Sitting down
4.04975,88.00231170654297,4.049749999999999,103.36605834960938,4.049750000000002,90.92537689208984,4.049749999999999,83.92356872558594,4.04975,80.09761810302734,Sitting down
4.059749999999998,88.00432586669922,4.05975,103.35266876220705,4.05975,90.95333862304688,4.05975,83.92404174804688,4.059750000000002,80.10215759277344,Sitting down
4.06975,88.00450134277344,4.069750000000002,103.34051513671876,4.069750000000002,90.96826934814452,4.069749999999998,83.92507934570312,4.06975,80.1065673828125,Sitting down
4.07975,88.00194549560547,4.07975,103.32782745361328,4.07975,90.96942138671876,4.07975,83.92764282226562,4.07975,80.10742950439453,Sitting down
4.0897499999999996,88.00027465820312,4.0897499999999996,103.31533813476562,4.0897499999999996,90.97027587890624,4.0897499999999996,83.93077850341797,4.0897499999999996,80.10221862792969,Sitting down
4.099749999999999,88.00312042236328,4.099749999999999,103.30491638183594,4.099750000000005,90.9728546142578,4.099749999999999,83.9334945678711,4.099749999999999,80.09599304199219,Sitting down
4.109750000000001,88.01215362548828,4.109750000000001,103.2909698486328,4.109750000000001,90.97671508789062,4.109750000000001,83.93872833251953,4.109750000000003,80.09170532226562,Sitting down
4.119750000000001,88.0141372680664,4.119750000000001,103.27466583251952,4.1197500000000025,90.98147583007812,4.119750000000001,83.93998718261719,4.119750000000001,80.08885192871094,Sitting down
4.1297500000000005,88.0057144165039,4.1297500000000005,103.26260375976562,4.1297500000000005,90.98863220214844,4.1297500000000005,83.94387817382812,4.129750000000002,80.08811950683594,Sitting down
4.13975,87.99220275878906,4.1397499999999985,103.25489807128906,4.139750000000002,90.9951629638672,4.1397499999999985,83.94741821289062,4.13975,80.0861587524414,Sitting down
4.149749999999998,87.97784423828125,4.14975,103.25133514404295,4.14975,91.00279998779295,4.14975,83.95066833496094,4.149750000000002,80.0848159790039,Sitting down
4.15975,87.9659652709961,4.15975,103.24138641357422,4.15975,91.0106430053711,4.159749999999998,83.95494079589844,4.15975,80.08655548095703,Sitting down
4.16975,87.96227264404297,4.16975,103.22614288330078,4.16975,91.02010345458984,4.16975,83.95720672607422,4.16975,80.08750915527344,Sitting down
4.179749999999999,87.96057891845703,4.179749999999999,103.20993041992188,4.179749999999999,91.03077697753906,4.179749999999999,83.95906066894531,4.179750000000005,80.08831787109375,Sitting down
4.189750000000001,87.95985412597656,4.189750000000001,103.1959991455078,4.1897500000000045,91.03816986083984,4.189750000000001,83.96208953857422,4.189750000000001,80.08186340332031,Sitting down
4.199750000000001,87.95758819580078,4.199750000000001,103.1837921142578,4.199750000000001,91.04440307617188,4.199750000000001,83.96438598632812,4.1997500000000025,80.0705795288086,Sitting down
4.2097500000000005,87.95284271240234,4.2097500000000005,103.17066955566406,4.209750000000002,91.04869842529295,4.2097500000000005,83.96730041503906,4.2097500000000005,80.05856323242188,Sitting down
4.219749999999999,87.94405364990234,4.21975,103.16485595703124,4.21975,91.05277252197266,4.21975,83.96993255615234,4.219750000000002,80.04583740234375,Sitting down
4.22975,87.93035125732422,4.229749999999998,103.15826416015624,4.229750000000002,91.05718994140624,4.229749999999998,83.97112274169922,4.22975,80.03107452392578,Sitting down
4.239749999999998,87.91443634033203,4.23975,103.15389251708984,4.23975,91.05968475341795,4.23975,83.97484588623047,4.23975,80.01300811767578,Sitting down
4.24975,87.89911651611328,4.24975,103.14567565917967,4.24975,91.06371307373048,4.249749999999998,83.9769515991211,4.24975,79.99227905273438,Sitting down
4.2597499999999995,87.8876953125,4.2597499999999995,103.13521575927734,4.259750000000005,91.07118225097656,4.2597499999999995,83.97960662841797,4.2597499999999995,79.9703598022461,Sitting down
4.269750000000001,87.87799072265625,4.269750000000001,103.12071228027344,4.269750000000001,91.08145141601562,4.269750000000001,83.98170471191406,4.269750000000005,79.9466323852539,Sitting down
4.279750000000001,87.86833190917969,4.279750000000001,103.106689453125,4.279750000000003,91.08995819091795,4.279750000000001,83.98355102539062,4.279750000000001,79.92140197753906,Sitting down
4.289750000000001,87.85488891601562,4.289750000000001,103.0968017578125,4.289750000000001,91.09097290039062,4.289750000000001,83.9850082397461,4.289750000000002,79.89215850830078,Sitting down
4.29975,87.83304595947266,4.299749999999999,103.08404541015624,4.299750000000002,91.0890884399414,4.299749999999999,83.98465728759766,4.29975,79.85939025878906,Sitting down
4.309749999999998,87.80509948730469,4.30975,103.0744857788086,4.30975,91.08929443359376,4.30975,83.9851303100586,4.309750000000002,79.82740020751953,Sitting down
4.31975,87.77194213867188,4.319750000000002,103.06651306152344,4.319750000000002,91.09329223632812,4.319749999999998,83.98655700683594,4.31975,79.79448699951172,Sitting down
4.32975,87.73859405517578,4.32975,103.05858612060548,4.32975,91.09703063964844,4.32975,83.98821258544922,4.32975,79.75818634033203,Sitting down
4.3397499999999996,87.70172119140625,4.3397499999999996,103.05400848388672,4.3397499999999996,91.09854125976562,4.3397499999999996,83.98712158203125,4.3397499999999996,79.71701049804688,Sitting down
4.349749999999999,87.66041564941406,4.349749999999999,103.04872131347656,4.349750000000005,91.09481048583984,4.349749999999999,83.98552703857422,4.349749999999999,79.6698989868164,Sitting down
4.359750000000001,87.61393737792969,4.359750000000001,103.04291534423828,4.359750000000001,91.08272552490234,4.359750000000001,83.9854736328125,4.359750000000003,79.61894226074219,Sitting down
4.369750000000001,87.56227111816406,4.369750000000001,103.03500366210938,4.3697500000000025,91.0671157836914,4.369750000000001,83.98429107666016,4.369750000000001,79.56380462646484,Sitting down
4.3797500000000005,87.50801086425781,4.3797500000000005,103.02676391601562,4.3797500000000005,91.04412078857422,4.3797500000000005,83.98201751708984,4.379750000000002,79.50658416748047,Sitting down
4.38975,87.44803619384766,4.3897499999999985,103.0182113647461,4.389750000000002,91.01715850830078,4.3897499999999985,83.97871398925781,4.38975,79.44641876220703,Sitting down
4.399749999999998,87.37973022460938,4.39975,103.01789855957033,4.39975,90.99000549316406,4.39975,83.97724151611328,4.399750000000002,79.38516235351562,Sitting down
4.40975,87.30378723144531,4.40975,103.01873779296876,4.40975,90.9621353149414,4.409749999999998,83.97622680664062,4.40975,79.31568145751953,Sitting down
4.41975,87.22032165527344,4.41975,103.01947784423828,4.41975,90.9323959350586,4.41975,83.97449493408203,4.41975,79.24038696289062,Sitting down
4.429749999999999,87.12583923339844,4.429749999999999,103.02462768554688,4.429749999999999,90.90455627441406,4.429749999999999,83.97276306152344,4.429750000000005,79.165283203125,Sitting down
4.439750000000001,87.02794647216797,4.439750000000001,103.03084564208984,4.4397500000000045,90.87120819091795,4.439750000000001,83.96990966796875,4.439750000000001,79.08811950683594,Sitting down
4.449750000000001,86.92752075195312,4.449750000000001,103.0324478149414,4.449750000000001,90.83154296875,4.449750000000001,83.96601104736328,4.4497500000000025,79.00900268554688,Sitting down
4.4597500000000005,86.80745697021484,4.4597500000000005,103.02996063232422,4.459750000000002,90.78054809570312,4.4597500000000005,83.96231079101562,4.4597500000000005,78.92975616455078,Sitting down
4.469749999999999,86.69852447509766,4.46975,103.02690887451172,4.46975,90.71965026855467,4.46975,83.95849609375,4.469750000000002,78.85610961914062,Sitting down
4.47975,86.57360076904297,4.479749999999998,103.02377319335938,4.479750000000002,90.6484146118164,4.479749999999998,83.95475769042969,4.47975,78.78761291503906,Sitting down
4.489749999999998,86.43760681152344,4.48975,103.02413940429688,4.48975,90.5641098022461,4.48975,83.95137786865234,4.48975,78.72560119628906,Sitting down
4.49975,86.29002380371094,4.49975,103.03170776367188,4.49975,90.47259521484376,4.499749999999998,83.94868469238281,4.49975,78.66950988769531,Sitting down
4.5097499999999995,86.13086700439453,4.5097499999999995,103.0442886352539,4.509750000000005,90.37165832519533,4.5097499999999995,83.94435119628906,4.5097499999999995,78.61872100830078,Sitting down
4.519750000000001,85.95536804199219,4.519750000000001,103.05303955078124,4.519750000000001,90.26022338867188,4.519750000000001,83.93938446044922,4.519750000000005,78.56900024414062,Sitting down
4.529750000000001,85.78070831298828,4.529750000000001,103.05608367919922,4.529750000000003,90.14366149902344,4.529750000000001,83.93460845947266,4.529750000000001,78.51445770263672,Sitting down
4.539750000000001,85.58293151855469,4.539750000000001,103.0570068359375,4.539750000000001,90.02198791503906,4.539750000000001,83.92940521240234,4.539750000000002,78.45455169677734,Sitting down
4.54975,85.3431167602539,4.549749999999999,103.06576538085938,4.549750000000002,89.89871215820312,4.549749999999999,83.92382049560547,4.54975,78.3893814086914,Sitting down
4.559749999999998,85.06324768066406,4.55975,103.077880859375,4.55975,89.76558685302734,4.55975,83.91678619384766,4.559750000000002,78.32363891601562,Sitting down
4.56975,84.78519439697266,4.569750000000002,103.0873794555664,4.569750000000002,89.60724639892578,4.569749999999998,83.90975952148438,4.56975,78.25245666503906,Sitting down
4.57975,84.5357666015625,4.57975,103.09722137451172,4.57975,89.41706848144531,4.57975,83.9024658203125,4.57975,78.17799377441406,Sitting down
4.5897499999999996,84.23550415039062,4.5897499999999996,103.11260223388672,4.5897499999999996,89.24252319335938,4.5897499999999996,83.89620971679688,4.5897499999999996,78.10314178466797,Sitting down
4.599749999999999,83.8825454711914,4.599749999999999,103.14254760742188,4.599750000000005,89.08139038085938,4.599749999999999,83.88842010498047,4.599749999999999,78.0344009399414,Sitting down
4.609750000000001,83.5571517944336,4.609750000000001,103.1938247680664,4.609750000000001,88.91072845458984,4.609750000000001,83.88197326660156,4.609750000000003,77.96421813964844,Sitting down
4.619750000000001,83.1680908203125,4.619750000000001,103.24979400634766,4.6197500000000025,88.7130126953125,4.619750000000001,83.87545776367188,4.619750000000001,77.88838958740234,Sitting down
4.6297500000000005,82.7838363647461,4.6297500000000005,103.2941436767578,4.6297500000000005,88.49686431884766,4.6297500000000005,83.86585998535156,4.629750000000002,77.81103515625,Sitting down
4.63975,82.3934097290039,4.6397499999999985,103.3434600830078,4.639750000000002,88.28827667236328,4.6397499999999985,83.85824584960938,4.63975,77.72032928466797,Sitting down
4.649749999999998,81.9963607788086,4.64975,103.39581298828124,4.64975,88.10075378417969,4.64975,83.85176849365234,4.649750000000002,77.5977554321289,Sitting down
4.65975,81.54219055175781,4.65975,103.44638061523438,4.65975,87.90396118164062,4.659749999999998,83.84523010253906,4.65975,77.43246459960938,Sitting down
4.66975,81.0503158569336,4.66975,103.51412963867188,4.66975,87.5367431640625,4.66975,83.84253692626953,4.66975,77.22003173828125,Sitting down
4.679749999999999,80.52046203613281,4.679749999999999,103.58716583251952,4.679749999999999,87.20880126953125,4.679749999999999,83.84210205078125,4.679750000000005,76.970703125,Sitting down
4.689750000000001,79.91600036621094,4.689750000000001,103.6658935546875,4.6897500000000045,86.84488677978516,4.689750000000001,83.84254455566406,4.689750000000001,76.68876647949219,Sitting down
4.699750000000001,79.26325225830078,4.699750000000001,103.7500228881836,4.699750000000001,86.50936889648438,4.699750000000001,83.83965301513672,4.6997500000000025,76.37554168701172,Sitting down
4.7097500000000005,78.65538024902344,4.7097500000000005,103.83206939697266,4.709750000000002,86.06509399414062,4.7097500000000005,83.8349380493164,4.7097500000000005,76.02483367919922,Sitting down
4.719749999999999,77.90629577636719,4.71975,103.90302276611328,4.71975,85.5583267211914,4.71975,83.8256607055664,4.719750000000002,75.63955688476562,Sitting down
4.72975,77.13839721679688,4.729749999999998,103.97496795654295,4.729750000000002,85.05474853515625,4.729749999999998,83.81470489501953,4.72975,75.22721099853516,Sitting down
4.739749999999998,76.35379791259766,4.73975,104.0369110107422,4.73975,84.52976989746094,4.73975,83.80682373046875,4.73975,74.78155517578125,Sitting down
4.74975,75.56387329101562,4.74975,104.08218383789062,4.74975,84.04317474365234,4.749749999999998,83.8040771484375,4.74975,74.31580352783203,Sitting down
4.7597499999999995,74.81282043457031,4.7597499999999995,104.1368179321289,4.759750000000005,83.66700744628906,4.7597499999999995,83.80607604980469,4.7597499999999995,73.83503723144531,Sitting down
4.769750000000001,74.07483673095703,4.769750000000001,104.18941497802734,4.769750000000001,83.23007202148438,4.769750000000001,83.81144714355469,4.769750000000005,73.34647369384766,Sitting down
4.779750000000001,73.41836547851562,4.779750000000001,104.23882293701172,4.779750000000003,82.65692901611328,4.779750000000001,83.81963348388672,4.779750000000001,72.8487548828125,Sitting down
4.789750000000001,72.73368835449219,4.789750000000001,104.2562026977539,4.789750000000001,81.93412780761719,4.789750000000001,83.82748413085938,4.789750000000002,72.3381118774414,Sitting down
4.79975,72.0193862915039,4.799749999999999,104.2530746459961,4.799750000000002,81.16358947753906,4.799749999999999,83.8384780883789,4.79975,71.80928802490234,Sitting down
4.809749999999998,71.35108184814453,4.80975,104.24927520751952,4.80975,80.45173645019531,4.80975,83.84707641601562,4.809750000000002,71.27307891845703,Sitting down
4.81975,70.71321105957031,4.819750000000002,104.2745590209961,4.819750000000002,79.68913269042969,4.819749999999998,83.8468017578125,4.81975,70.73472595214844,Sitting down
4.82975,70.06782531738281,4.82975,104.3097686767578,4.82975,78.94820404052734,4.82975,83.85282897949219,4.82975,70.18777465820312,Sitting down
4.8397499999999996,69.49069213867188,4.8397499999999996,104.32312774658205,4.8397499999999996,78.1388168334961,4.8397499999999996,83.8537826538086,4.8397499999999996,69.62628173828125,Sitting down
4.849749999999999,68.9286880493164,4.849749999999999,104.34754180908205,4.849750000000005,77.35750579833984,4.849749999999999,83.85539245605469,4.849749999999999,69.04540252685547,Sitting down
4.859750000000001,68.36907196044922,4.859750000000001,104.39398193359376,4.859750000000001,76.21125030517578,4.859750000000001,83.85134887695312,4.859750000000003,68.46348571777344,Sitting down
4.869750000000001,67.70133972167969,4.869750000000001,104.45687103271484,4.8697500000000025,74.84501647949219,4.869750000000001,83.85175323486328,4.869750000000001,67.86878204345703,Sitting down
4.8797500000000005,67.02473449707031,4.8797500000000005,104.50753021240234,4.8797500000000005,73.87642669677734,4.8797500000000005,83.84744262695312,4.879750000000002,67.27008056640625,Sitting down
4.88975,66.40745544433594,4.8897499999999985,104.56529998779295,4.889750000000002,73.09771728515625,4.8897499999999985,83.85269927978516,4.88975,66.67973327636719,Sitting down
4.899749999999998,65.63995361328125,4.89975,104.66927337646484,4.89975,72.09477996826172,4.89975,83.85869598388672,4.899750000000002,66.09749603271484,Sitting down
4.90975,64.88480377197266,4.90975,104.77154541015624,4.90975,70.95503997802734,4.909749999999998,83.86746215820312,4.90975,65.50465393066406,Sitting down
4.91975,64.2177963256836,4.91975,104.82902526855467,4.91975,70.67186737060547,4.91975,83.88766479492188,4.91975,64.92698669433594,Sitting down
4.929749999999999,63.545597076416016,4.929749999999999,104.86841583251952,4.929749999999999,69.94605255126953,4.929749999999999,83.91275787353516,4.929750000000005,64.35111999511719,Sitting down
4.939750000000001,62.843746185302734,4.939750000000001,104.931640625,4.9397500000000045,69.24580383300781,4.939750000000001,83.94259643554688,4.939750000000001,63.7728157043457,Sitting down
4.949750000000001,62.1537971496582,4.949750000000001,105.03137969970705,4.949750000000001,68.61261749267578,4.949750000000001,83.96659851074219,4.9497500000000025,63.19943618774414,Sitting down
4.9597500000000005,61.49000549316406,4.9597500000000005,105.13785552978516,4.959750000000002,67.8783187866211,4.9597500000000005,83.98672485351562,4.9597500000000005,62.646034240722656,Sitting down
4.969749999999999,60.80322265625,4.96975,105.2341766357422,4.96975,67.11820983886719,4.96975,84.00328826904297,4.969750000000002,62.08723068237305,Sitting down
4.97975,60.08745956420898,4.979749999999998,105.32821655273438,4.979750000000002,66.36774444580078,4.979749999999998,84.02100372314453,4.97975,61.53108215332031,Sitting down
4.989749999999998,59.37229537963867,4.98975,105.4487533569336,4.98975,65.6502914428711,4.98975,84.01756286621094,4.98975,60.98300552368164,Sitting down
4.99975,58.65264129638672,4.99975,105.59070587158205,4.99975,64.9416275024414,4.999749999999998,84.02728271484375,4.99975,60.44599533081055,Sitting down
5.0097499999999995,57.92573928833008,5.0097499999999995,105.71908569335938,5.009750000000005,64.2955093383789,5.0097499999999995,84.03339385986328,5.0097499999999995,59.91616439819336,Sitting down
5.019750000000001,57.19088363647461,5.019750000000001,105.8359375,5.019750000000001,63.63969039916992,5.019750000000001,84.05162811279297,5.019750000000005,59.39769744873047,Sitting down
5.029750000000001,56.42977142333984,5.029750000000001,105.96275329589844,5.029750000000003,62.921852111816406,5.029750000000001,84.08528137207031,5.029750000000001,58.89977264404297,Sitting down
5.039750000000001,55.637203216552734,5.039750000000001,106.08352661132812,5.039750000000001,62.14126205444336,5.039750000000001,84.12845611572266,5.039750000000002,58.412410736083984,Sitting down
5.04975,54.847129821777344,5.049749999999999,106.19384765625,5.049750000000002,61.3373908996582,5.049749999999999,84.1781005859375,5.04975,57.93862533569336,Sitting down
5.059749999999998,54.07850646972656,5.05975,106.30707550048828,5.05975,60.504695892333984,5.05975,84.23761749267578,5.059750000000002,57.49544143676758,Sitting down
5.06975,53.35029220581055,5.069750000000002,106.42420959472656,5.069750000000002,59.78262710571289,5.069749999999998,84.30302429199219,5.06975,57.09464263916016,Sitting down
5.07975,52.58324813842773,5.07975,106.54137420654295,5.07975,59.034454345703125,5.07975,84.36495208740234,5.07975,56.71833038330078,Sitting down
5.0897499999999996,51.75241470336914,5.0897499999999996,106.6396484375,5.0897499999999996,58.24501037597656,5.0897499999999996,84.41681671142578,5.0897499999999996,56.3525505065918,Sitting down
5.099749999999999,50.88197326660156,5.099749999999999,106.73279571533205,5.099750000000005,57.584590911865234,5.099749999999999,84.46453094482422,5.099749999999999,55.98336410522461,Sitting down
5.109750000000001,50.00447082519531,5.109750000000001,106.82317352294922,5.109750000000001,56.91713333129883,5.109750000000001,84.51762390136719,5.109750000000003,55.61829376220703,Sitting down
5.119750000000001,49.16041946411133,5.119750000000001,106.90315246582033,5.1197500000000025,56.16280364990234,5.119750000000001,84.5616683959961,5.119750000000001,55.2569694519043,Sitting down
5.1297500000000005,48.39838790893555,5.1297500000000005,106.96929931640624,5.1297500000000005,55.35966873168945,5.1297500000000005,84.59713745117188,5.129750000000002,54.91016387939453,Sitting down
5.13975,47.66896438598633,5.1397499999999985,107.0374526977539,5.139750000000002,54.56896209716797,5.1397499999999985,84.62393188476562,5.13975,54.605411529541016,Sitting down
5.149749999999998,46.95500946044922,5.14975,107.11009979248048,5.14975,53.740116119384766,5.14975,84.65135955810547,5.149750000000002,54.32262420654297,Sitting down
5.15975,46.23980712890625,5.15975,107.15484619140624,5.15975,52.89637756347656,5.159749999999998,84.67996215820312,5.15975,54.07380676269531,Sitting down
5.16975,45.5200080871582,5.16975,107.18272399902344,5.16975,52.07736206054688,5.16975,84.70015716552734,5.16975,53.85599136352539,Sitting down
5.179749999999999,44.759578704833984,5.179749999999999,107.21446228027344,5.179749999999999,51.2744369506836,5.179749999999999,84.73930358886719,5.179750000000005,53.657806396484375,Sitting down
5.189750000000001,44.034759521484375,5.189750000000001,107.24913787841795,5.1897500000000045,50.453369140625,5.189750000000001,84.7845230102539,5.189750000000001,53.507286071777344,Sitting down
5.199750000000001,43.33641052246094,5.199750000000001,107.28260040283205,5.199750000000001,49.62793350219727,5.199750000000001,84.83929443359375,5.1997500000000025,53.38866424560547,Sitting down
5.2097500000000005,42.638282775878906,5.2097500000000005,107.30091094970705,5.209750000000002,48.81920623779297,5.2097500000000005,84.90008544921875,5.2097500000000005,53.27912521362305,Sitting down
5.219749999999999,41.94503021240234,5.21975,107.29532623291016,5.21975,48.0474967956543,5.21975,84.95514678955078,5.219750000000002,53.18891143798828,Sitting down
5.22975,41.25734329223633,5.229749999999998,107.28851318359376,5.229750000000002,47.30328750610352,5.229749999999998,85.00328063964844,5.22975,53.118919372558594,Sitting down
5.239749999999998,40.59577941894531,5.23975,107.3019027709961,5.23975,46.55713653564453,5.23975,85.0401382446289,5.23975,53.05844497680664,Sitting down
5.24975,39.946327209472656,5.24975,107.31663513183594,5.24975,45.80875396728516,5.249749999999998,85.09542083740234,5.24975,53.03604888916016,Sitting down
5.2597499999999995,39.287227630615234,5.2597499999999995,107.30631256103516,5.259750000000005,45.05086898803711,5.2597499999999995,85.15728759765625,5.2597499999999995,53.03839874267578,Sitting down
5.269750000000001,38.62387466430664,5.269750000000001,107.27259826660156,5.269750000000001,44.331172943115234,5.269750000000001,85.2289810180664,5.269750000000005,53.05086898803711,Sitting down
5.279750000000001,37.94767761230469,5.279750000000001,107.2293930053711,5.279750000000003,43.59136199951172,5.279750000000001,85.30494689941406,5.279750000000001,53.08082962036133,Sitting down
5.289750000000001,37.25860977172852,5.289750000000001,107.18008422851562,5.289750000000001,42.84023666381836,5.289750000000001,85.35858154296875,5.289750000000002,53.1060905456543,Sitting down
5.29975,36.59246826171875,5.299749999999999,107.13111877441406,5.299750000000002,42.11843490600586,5.299749999999999,85.42588806152344,5.29975,53.07975769042969,Sitting down
5.309749999999998,35.947757720947266,5.30975,107.093994140625,5.30975,41.40964126586914,5.30975,85.50285339355469,5.309750000000002,53.03630447387695,Sitting down
5.31975,35.29631805419922,5.319750000000002,107.05430603027344,5.319750000000002,40.70604705810547,5.319749999999998,85.5772705078125,5.31975,52.9655647277832,Sitting down
5.32975,34.640586853027344,5.32975,107.01734161376952,5.32975,39.99380493164063,5.32975,85.63732147216797,5.32975,52.893775939941406,Sitting down
5.3397499999999996,33.998687744140625,5.3397499999999996,106.9771957397461,5.3397499999999996,39.314239501953125,5.3397499999999996,85.67127990722656,5.3397499999999996,52.85567092895508,Sitting down
5.349749999999999,33.37556076049805,5.349749999999999,106.91908264160156,5.349750000000005,38.61906433105469,5.349749999999999,85.68985748291016,5.349749999999999,52.89559173583984,Sitting down
5.359750000000001,32.769615173339844,5.359750000000001,106.82698822021484,5.359750000000001,37.99287414550781,5.359750000000001,85.68972778320312,5.359750000000003,53.02586364746094,Sitting down
5.369750000000001,32.173828125,5.369750000000001,106.72943115234376,5.3697500000000025,37.35918045043945,5.369750000000001,85.6796875,5.369750000000001,53.21817398071289,Sitting down
5.3797500000000005,31.59687614440918,5.3797500000000005,106.62689971923828,5.3797500000000005,36.73554992675781,5.3797500000000005,85.67192077636719,5.379750000000002,53.455322265625,Sitting down
5.38975,31.040861129760746,5.3897499999999985,106.50849151611328,5.389750000000002,36.09927368164063,5.3897499999999985,85.6778335571289,5.38975,53.71754455566406,Sitting down
5.399749999999998,30.496028900146484,5.39975,106.40624237060548,5.39975,35.4578857421875,5.39975,85.6834945678711,5.399750000000002,53.91670227050781,Sitting down
5.40975,29.964778900146484,5.40975,106.2902603149414,5.40975,34.82048034667969,5.409749999999998,85.68729400634766,5.40975,54.0469970703125,Sitting down
5.41975,29.442123413085938,5.41975,106.16844940185548,5.41975,34.201881408691406,5.41975,85.66937255859375,5.41975,54.1881103515625,Sitting down
5.429749999999999,28.932573318481445,5.429749999999999,106.0438003540039,5.429749999999999,33.6019172668457,5.429749999999999,85.6137466430664,5.429750000000005,54.38929748535156,Sitting down
5.439750000000001,28.419883728027344,5.439750000000001,105.91699981689452,5.4397500000000045,33.00532150268555,5.439750000000001,85.53411865234375,5.439750000000001,54.607200622558594,Sitting down
5.449750000000001,27.914060592651367,5.449750000000001,105.79802703857422,5.449750000000001,32.44594192504883,5.449750000000001,85.46231079101562,5.4497500000000025,54.79713821411133,Sitting down
5.4597500000000005,27.408504486083984,5.4597500000000005,105.67906951904295,5.459750000000002,31.89908599853516,5.4597500000000005,85.40261840820312,5.4597500000000005,54.944183349609375,Sitting down
5.469749999999999,26.90522003173828,5.46975,105.54995727539062,5.46975,31.35381126403809,5.46975,85.35518646240234,5.469750000000002,55.06568908691406,Sitting down
5.47975,26.420881271362305,5.479749999999998,105.40254974365234,5.479750000000002,30.81309509277344,5.479749999999998,85.31588745117188,5.47975,55.2196159362793,Sitting down
5.489749999999998,25.952465057373047,5.48975,105.24205780029295,5.48975,30.283203125,5.48975,85.28550720214844,5.48975,55.47895431518555,Sitting down
5.49975,25.501344680786133,5.49975,105.0746078491211,5.49975,29.78586196899414,5.499749999999998,85.25535583496094,5.49975,55.8171501159668,Sitting down
5.5097499999999995,25.06346702575684,5.5097499999999995,104.91764831542967,5.509750000000005,29.25938415527344,5.5097499999999995,85.24076080322266,5.5097499999999995,56.17462539672852,Sitting down
5.519750000000001,24.63981437683105,5.519750000000001,104.76036071777344,5.519750000000001,28.765613555908203,5.519750000000001,85.23759460449219,5.519750000000005,56.503299713134766,Sitting down
5.529750000000001,24.22610092163086,5.529750000000001,104.5946044921875,5.529750000000003,28.33195686340332,5.529750000000001,85.23912811279297,5.529750000000001,56.80813217163086,Sitting down
5.539750000000001,23.803911209106445,5.539750000000001,104.42967987060548,5.539750000000001,27.849395751953125,5.539750000000001,85.24491882324219,5.539750000000002,57.07218551635742,Sitting down
5.54975,23.3836727142334,5.549749999999999,104.26155090332033,5.549750000000002,27.42951393127441,5.549749999999999,85.24777221679688,5.54975,57.290626525878906,Sitting down
5.559749999999998,22.976825714111328,5.55975,104.09234619140624,5.55975,26.999191284179688,5.55975,85.24334716796875,5.559750000000002,57.4777946472168,Sitting down
5.56975,22.59373664855957,5.569750000000002,103.92668914794922,5.569750000000002,26.584148406982425,5.569749999999998,85.23542785644531,5.56975,57.66567993164063,Sitting down
5.57975,22.233139038085938,5.57975,103.75767517089844,5.57975,26.202655792236328,5.57975,85.23246002197266,5.57975,57.87580871582031,Sitting down
5.5897499999999996,21.89326858520508,5.5897499999999996,103.59246063232422,5.5897499999999996,25.82557678222656,5.5897499999999996,85.2378158569336,5.5897499999999996,58.144981384277344,Sitting down
5.599749999999999,21.56493759155273,5.599749999999999,103.42755126953124,5.599750000000005,25.44951820373535,5.599749999999999,85.25521087646484,5.599749999999999,58.48991012573242,Sitting down
5.609750000000001,21.241071701049805,5.609750000000001,103.26335906982422,5.609750000000001,25.075109481811523,5.609750000000001,85.28079223632812,5.609750000000003,58.87054443359375,Sitting down
5.619750000000001,20.91240119934082,5.619750000000001,103.09259796142578,5.6197500000000025,24.715126037597656,5.619750000000001,85.31307983398438,5.619750000000001,59.25672912597656,Sitting down
5.6297500000000005,20.5799560546875,5.6297500000000005,102.94479370117188,5.6297500000000005,24.366811752319336,5.6297500000000005,85.34720611572266,5.629750000000002,59.6116943359375,Sitting down
5.63975,20.268693923950195,5.6397499999999985,102.79593658447266,5.639750000000002,24.03043556213379,5.6397499999999985,85.3834457397461,5.63975,59.9355697631836,Sitting down
5.649749999999998,19.96794319152832,5.64975,102.6496810913086,5.64975,23.71156311035156,5.64975,85.41841125488281,5.649750000000002,60.22967529296875,Sitting down
5.65975,19.67422103881836,5.65975,102.5070571899414,5.65975,23.40778350830078,5.659749999999998,85.45092010498047,5.65975,60.510719299316406,Sitting down
5.66975,19.399065017700195,5.66975,102.37061309814452,5.66975,23.11700439453125,5.66975,85.48095703125,5.66975,60.81069564819336,Sitting down
5.679749999999999,19.143369674682617,5.679749999999999,102.24639129638672,5.679749999999999,22.84172439575196,5.679749999999999,85.5059814453125,5.679750000000005,61.14697647094727,Sitting down
5.689750000000001,18.880348205566406,5.689750000000001,102.1314697265625,5.6897500000000045,22.571741104125977,5.689750000000001,85.52659606933594,5.689750000000001,61.54063034057617,Sat
5.699750000000001,18.595434188842773,5.699750000000001,102.02034759521484,5.699750000000001,22.28584289550781,5.699750000000001,85.54219055175781,5.6997500000000025,61.99438095092773,Sat
5.7097500000000005,18.312885284423828,5.7097500000000005,101.91320037841795,5.709750000000002,21.99397659301757,5.7097500000000005,85.55476379394531,5.7097500000000005,62.47803115844727,Sat
5.719749999999999,18.04150390625,5.71975,101.81690979003906,5.71975,21.69149780273437,5.71975,85.56769561767578,5.719750000000002,62.9576416015625,Sat
5.72975,17.777891159057617,5.729749999999998,101.72908782958984,5.729750000000002,21.36496353149414,5.729749999999998,85.57781219482422,5.72975,63.40389633178711,Sat
5.739749999999998,17.52467918395996,5.73975,101.65103912353516,5.73975,21.03451919555664,5.73975,85.58030700683594,5.73975,63.859649658203125,Sat
5.74975,17.288400650024414,5.74975,101.5728759765625,5.74975,20.71554374694824,5.749749999999998,85.57818603515625,5.74975,64.348388671875,Sat
5.7597499999999995,17.044208526611328,5.7597499999999995,101.49262237548828,5.759750000000005,20.4313907623291,5.7597499999999995,85.56724548339844,5.7597499999999995,64.85218048095703,Sat
5.769750000000001,16.81142807006836,5.769750000000001,101.42127227783205,5.769750000000001,20.168550491333008,5.769750000000001,85.54457092285156,5.769750000000005,65.32096099853516,Sat
5.779750000000001,16.5954647064209,5.779750000000001,101.363037109375,5.779750000000003,19.912233352661133,5.779750000000001,85.52125549316406,5.779750000000001,65.77904510498047,Sat
5.789750000000001,16.406259536743164,5.789750000000001,101.29988098144533,5.789750000000001,19.660728454589844,5.789750000000001,85.50007629394531,5.789750000000002,66.23812866210938,Sat
5.79975,16.2291316986084,5.799749999999999,101.2419662475586,5.799750000000002,19.407447814941406,5.799749999999999,85.48218536376953,5.79975,66.70750427246094,Sat
5.809749999999998,16.053077697753906,5.80975,101.18098449707033,5.80975,19.13066864013672,5.80975,85.46700286865234,5.809750000000002,67.19745635986328,Sat
5.81975,15.877689361572266,5.819750000000002,101.11994934082033,5.819750000000002,18.83424186706543,5.819749999999998,85.4478759765625,5.81975,67.71424865722656,Sat
5.82975,15.70179843902588,5.82975,101.07189178466795,5.82975,18.55286407470703,5.82975,85.4216079711914,5.82975,68.24403381347656,Sat
5.8397499999999996,15.535609245300291,5.8397499999999996,101.02781677246094,5.8397499999999996,18.29262924194336,5.8397499999999996,85.39025115966797,5.8397499999999996,68.7942123413086,Sat
5.849749999999999,15.385611534118652,5.849749999999999,100.98761749267578,5.849750000000005,18.041400909423828,5.849749999999999,85.35784912109375,5.849749999999999,69.35063934326172,Sat
5.859750000000001,15.250689506530762,5.859750000000001,100.93782806396484,5.859750000000001,17.812198638916016,5.859750000000001,85.3258056640625,5.859750000000003,69.91362762451172,Sat
5.869750000000001,15.13106918334961,5.869750000000001,100.88993072509766,5.8697500000000025,17.61131477355957,5.869750000000001,85.28524780273438,5.869750000000001,70.48218536376953,Sat
5.8797500000000005,15.00688934326172,5.8797500000000005,100.84442901611328,5.8797500000000005,17.43085289001465,5.8797500000000005,85.24190521240234,5.879750000000002,71.06354522705078,Sat
5.88975,14.88847827911377,5.8897499999999985,100.7943878173828,5.889750000000002,17.241792678833008,5.8897499999999985,85.19613647460938,5.88975,71.64500427246094,Sat
5.899749999999998,14.786284446716309,5.89975,100.73796844482422,5.89975,17.039514541625977,5.89975,85.16228485107422,5.899750000000002,72.22416687011719,Sat
5.90975,14.685308456420898,5.90975,100.68383026123048,5.90975,16.820880889892578,5.909749999999998,85.13716888427734,5.90975,72.80148315429688,Sat
5.91975,14.565577507019045,5.91975,100.6401824951172,5.91975,16.611452102661133,5.91975,85.12194061279297,5.91975,73.36634826660156,Sat
5.929749999999999,14.44489288330078,5.929749999999999,100.59906768798828,5.929749999999999,16.41504669189453,5.929749999999999,85.10350036621094,5.929750000000005,73.92681121826172,Sat
5.939750000000001,14.3252534866333,5.939750000000001,100.54813385009766,5.9397500000000045,16.231346130371094,5.939750000000001,85.07884979248047,5.939750000000001,74.4896240234375,Sat
5.949750000000001,14.22853946685791,5.949750000000001,100.48790740966795,5.949750000000001,16.061344146728516,5.949750000000001,85.05162811279297,5.9497500000000025,75.04783630371094,Sat
5.9597500000000005,14.144423484802246,5.9597500000000005,100.43118286132812,5.959750000000002,15.873473167419434,5.9597500000000005,85.00614929199219,5.9597500000000005,75.60060119628906,Sat
5.969749999999999,14.06563949584961,5.96975,100.38545989990234,5.96975,15.640628814697266,5.96975,84.94305419921875,5.969750000000002,76.14229583740234,Sat
5.97975,13.977548599243164,5.979749999999998,100.34902954101562,5.979750000000002,15.395031929016112,5.979749999999998,84.86686706542969,5.97975,76.67890167236328,Sat
5.989749999999998,13.883912086486816,5.98975,100.30970001220705,5.98975,15.1575345993042,5.98975,84.79141235351562,5.98975,77.2115478515625,Sat
5.99975,13.79238224029541,5.99975,100.27262115478516,5.99975,14.934300422668455,5.999749999999998,84.73077392578125,5.99975,77.73652648925781,Sat
6.0097499999999995,13.707427978515623,6.0097499999999995,100.2388916015625,6.009750000000005,14.73493194580078,6.0097499999999995,84.67881774902344,6.0097499999999995,78.25456237792969,Sat
6.019750000000001,13.611178398132324,6.019750000000001,100.2143783569336,6.019750000000001,14.575817108154297,6.019750000000001,84.63418579101562,6.019750000000005,78.75636291503906,Sat
6.029750000000001,13.525274276733398,6.029750000000001,100.18400573730467,6.029750000000003,14.448139190673828,6.029750000000001,84.59796905517578,6.029750000000001,79.25997161865234,Sat
6.039750000000001,13.420475006103516,6.039750000000001,100.1176528930664,6.039750000000001,14.362741470336914,6.039750000000001,84.567626953125,6.039750000000002,79.763427734375,Sat
6.04975,13.318280220031738,6.049749999999999,100.04683685302734,6.049750000000002,14.224128723144531,6.049749999999999,84.5481948852539,6.04975,80.25738525390625,Sat
6.059749999999998,13.220202445983888,6.05975,99.99877166748048,6.05975,14.056828498840332,6.05975,84.53193664550781,6.059750000000002,80.73796081542969,Sat
6.06975,13.124821662902832,6.069750000000002,99.9720687866211,6.069750000000002,13.867403984069824,6.069749999999998,84.51155853271484,6.06975,81.2077407836914,Sat
6.07975,13.041418075561523,6.07975,99.95506286621094,6.07975,13.715753555297852,6.07975,84.48104858398438,6.07975,81.67560577392578,Sat
6.0897499999999996,12.96347713470459,6.0897499999999996,99.94207000732422,6.0897499999999996,13.607394218444824,6.0897499999999996,84.43365478515625,6.0897499999999996,82.13938903808594,Sat
6.099749999999999,12.88652229309082,6.099749999999999,99.92327117919922,6.099750000000005,13.477928161621094,6.099749999999999,84.37651824951172,6.099749999999999,82.58507537841797,Sat
6.109750000000001,12.814315795898438,6.109750000000001,99.90723419189452,6.109750000000001,13.307212829589844,6.109750000000001,84.30754089355469,6.109750000000003,83.01459503173828,Sat
6.119750000000001,12.749996185302734,6.119750000000001,99.88908386230467,6.1197500000000025,13.11411190032959,6.119750000000001,84.24527740478516,6.119750000000001,83.44141387939453,Sat
6.1297500000000005,12.718775749206545,6.1297500000000005,99.86788177490234,6.1297500000000005,12.927807807922363,6.1297500000000005,84.19976043701172,6.129750000000002,83.87281036376953,Sat
6.13975,12.68301773071289,6.1397499999999985,99.84333801269533,6.139750000000002,12.802186965942385,6.1397499999999985,84.16813659667969,6.13975,84.28841400146484,Sat
6.149749999999998,12.608393669128418,6.14975,99.8010711669922,6.14975,12.687650680541992,6.14975,84.1535873413086,6.149750000000002,84.69232940673828,Sat
6.15975,12.51944351196289,6.15975,99.77503204345705,6.15975,12.573161125183104,6.159749999999998,84.14814758300781,6.15975,85.0827407836914,Sat
6.16975,12.452019691467283,6.16975,99.76325988769533,6.16975,12.493453025817873,6.16975,84.14476013183594,6.16975,85.45418548583984,Sat
6.179749999999999,12.400694847106934,6.179749999999999,99.77645111083984,6.179749999999999,12.441375732421877,6.179749999999999,84.13928985595703,6.179750000000005,85.81590270996094,Sat
6.189750000000001,12.34306526184082,6.189750000000001,99.7938232421875,6.1897500000000045,12.39525032043457,6.189750000000001,84.12824249267578,6.189750000000001,86.1511001586914,Sat
6.199750000000001,12.281610488891602,6.199750000000001,99.80281829833984,6.199750000000001,12.365559577941896,6.199750000000001,84.10322570800781,6.1997500000000025,86.4647445678711,Sat
6.2097500000000005,12.227370262145996,6.2097500000000005,99.81967163085938,6.209750000000002,12.334172248840332,6.2097500000000005,84.06721496582031,6.2097500000000005,86.75696563720703,Sat
6.219749999999999,12.1961669921875,6.21975,99.83068084716795,6.21975,12.289297103881836,6.21975,84.0143814086914,6.219750000000002,87.05229949951172,Sat
6.22975,12.163591384887695,6.229749999999998,99.8325424194336,6.229750000000002,12.240182876586914,6.229749999999998,83.96939086914062,6.22975,87.3473129272461,Sat
6.239749999999998,12.11681842803955,6.23975,99.83473205566406,6.23975,12.19935417175293,6.23975,83.94117736816406,6.23975,87.61482238769531,Sat
6.24975,12.06989574432373,6.24975,99.85131072998048,6.24975,12.171321868896484,6.249749999999998,83.9208984375,6.24975,87.84554290771484,Sat
6.2597499999999995,12.04198169708252,6.2597499999999995,99.86754608154295,6.259750000000005,12.154247283935549,6.2597499999999995,83.92088317871094,6.2597499999999995,88.0478515625,Sat
6.269750000000001,12.06239414215088,6.269750000000001,99.88856506347656,6.269750000000001,12.148996353149414,6.269750000000001,83.93001556396484,6.269750000000005,88.23426818847656,Sat
6.279750000000001,12.069091796875,6.279750000000001,99.90879821777344,6.279750000000003,12.148774147033691,6.279750000000001,83.94754791259766,6.279750000000001,88.4105224609375,Sat
6.289750000000001,12.04294776916504,6.289750000000001,99.9393081665039,6.289750000000001,12.14792251586914,6.289750000000001,83.96357727050781,6.289750000000002,88.57167053222656,Sat
6.29975,12.000996589660645,6.299749999999999,99.96715545654295,6.299750000000002,12.141963958740234,6.299749999999999,83.9628677368164,6.29975,88.74102783203125,Sat
6.309749999999998,11.958425521850586,6.30975,99.98765563964844,6.30975,12.137787818908691,6.30975,83.94314575195312,6.309750000000002,88.93476867675781,Sat
6.31975,11.926505088806152,6.319750000000002,100.00375366210938,6.319750000000002,12.13322925567627,6.319749999999998,83.91183471679688,6.31975,89.14170837402344,Sat
6.32975,11.921557426452637,6.32975,100.0095672607422,6.32975,12.128209114074709,6.32975,83.87919616699219,6.32975,89.34258270263672,Sat
6.3397499999999996,11.944025039672852,6.3397499999999996,100.0216293334961,6.3397499999999996,12.13152313232422,6.3397499999999996,83.85277557373047,6.3397499999999996,89.51983642578125,Sat
6.349749999999999,11.952532768249512,6.349749999999999,100.03988647460938,6.349750000000005,12.149109840393066,6.349749999999999,83.83207702636719,6.349749999999999,89.65950775146484,Sat
6.359750000000001,11.968663215637209,6.359750000000001,100.06991577148438,6.359750000000001,12.177471160888672,6.359750000000001,83.83028411865234,6.359750000000003,89.77377319335938,Sat
6.369750000000001,12.000170707702637,6.369750000000001,100.09944915771484,6.3697500000000025,12.217373847961426,6.369750000000001,83.84095001220703,6.369750000000001,89.8754653930664,Sat
6.3797500000000005,12.001201629638672,6.3797500000000005,100.12728118896484,6.3797500000000005,12.261959075927734,6.3797500000000005,83.86038970947266,6.379750000000002,89.98780822753906,Sat
6.38975,11.96291446685791,6.3897499999999985,100.15304565429688,6.389750000000002,12.304559707641602,6.3897499999999985,83.87517547607422,6.38975,90.1244888305664,Sat
6.399749999999998,11.919102668762209,6.39975,100.17147064208984,6.39975,12.337464332580566,6.39975,83.88192749023438,6.399750000000002,90.29338073730467,Sat
6.40975,11.870406150817873,6.40975,100.17967987060548,6.40975,12.359076499938965,6.409749999999998,83.87002563476562,6.40975,90.50122833251952,Sat
6.41975,11.8303804397583,6.41975,100.18757629394533,6.41975,12.372620582580566,6.41975,83.85155487060547,6.41975,90.73253631591795,Sat
6.429749999999999,11.812369346618652,6.429749999999999,100.19329833984376,6.429749999999999,12.377774238586426,6.429749999999999,83.83309173583984,6.429750000000005,90.95774841308594,Sat
6.439750000000001,11.825901985168455,6.439750000000001,100.19585418701172,6.4397500000000045,12.374398231506348,6.439750000000001,83.81619262695312,6.439750000000001,91.16185760498048,Sat
6.449750000000001,11.839612007141112,6.449750000000001,100.19833374023438,6.449750000000001,12.365769386291504,6.449750000000001,83.80667114257812,6.4497500000000025,91.33423614501952,Sat
6.4597500000000005,11.856547355651855,6.4597500000000005,100.20184326171876,6.459750000000002,12.37313461303711,6.4597500000000005,83.8031005859375,6.4597500000000005,91.48147583007812,Sat
6.469749999999999,11.876787185668944,6.46975,100.2159423828125,6.46975,12.38489055633545,6.46975,83.80386352539062,6.469750000000002,91.6096420288086,Sat
6.47975,11.886539459228516,6.479749999999998,100.22248840332033,6.479750000000002,12.389368057250977,6.479749999999998,83.80707550048828,6.47975,91.73001861572266,Sat
6.489749999999998,11.91249179840088,6.48975,100.225830078125,6.48975,12.410529136657717,6.48975,83.80664825439453,6.48975,91.85464477539062,Sat
6.49975,11.930242538452148,6.49975,100.21173095703124,6.49975,12.427810668945312,6.499749999999998,83.80548858642578,6.49975,91.98062896728516,Sat
6.5097499999999995,11.918660163879396,6.5097499999999995,100.19649505615234,6.509750000000005,12.455181121826172,6.5097499999999995,83.80156707763672,6.5097499999999995,92.10272216796876,Sat
6.519750000000001,11.890466690063477,6.519750000000001,100.18199157714844,6.519750000000001,12.483282089233398,6.519750000000001,83.79491424560547,6.519750000000005,92.21346282958984,Sat
6.529750000000001,11.870044708251951,6.529750000000001,100.16941833496094,6.529750000000003,12.519457817077637,6.529750000000001,83.78820037841797,6.529750000000001,92.3101806640625,Sat
6.539750000000001,11.849048614501951,6.539750000000001,100.15906524658205,6.539750000000001,12.55858039855957,6.539750000000001,83.78028106689453,6.539750000000002,92.38916015625,Sat
6.54975,11.830121994018556,6.549749999999999,100.14862823486328,6.549750000000002,12.586570739746094,6.549749999999999,83.77728271484375,6.54975,92.44911193847656,Sat
6.559749999999998,11.822468757629396,6.55975,100.1417465209961,6.55975,12.615317344665527,6.55975,83.78141021728516,6.559750000000002,92.4918975830078,Sat
6.56975,11.814308166503906,6.569750000000002,100.13320922851562,6.569750000000002,12.646756172180176,6.569749999999998,83.78872680664062,6.56975,92.53822326660156,Sat
6.57975,11.794179916381836,6.57975,100.1278305053711,6.57975,12.669093132019045,6.57975,83.79723358154297,6.57975,92.59783172607422,Sat
6.5897499999999996,11.771949768066406,6.5897499999999996,100.1173324584961,6.5897499999999996,12.672410011291504,6.5897499999999996,83.80625915527344,6.5897499999999996,92.66883087158205,Sat
6.599749999999999,11.748205184936523,6.599749999999999,100.10540771484376,6.599750000000005,12.656105041503906,6.599749999999999,83.81651306152344,6.599749999999999,92.7489242553711,Sat
6.609750000000001,11.708333969116213,6.609750000000001,100.09671783447266,6.609750000000001,12.616350173950195,6.609750000000001,83.81788635253906,6.609750000000003,92.83788299560548,Sat
6.619750000000001,11.670302391052246,6.619750000000001,100.08169555664062,6.6197500000000025,12.56906032562256,6.619750000000001,83.82025146484375,6.619750000000001,92.9296875,Sat
6.6297500000000005,11.639501571655272,6.6297500000000005,100.07140350341795,6.6297500000000005,12.523308753967283,6.6297500000000005,83.82127380371094,6.629750000000002,93.01310729980467,Sat
6.63975,11.623211860656738,6.6397499999999985,100.06558990478516,6.639750000000002,12.477643966674805,6.6397499999999985,83.81903076171875,6.63975,93.083251953125,Sat
6.649749999999998,11.622401237487791,6.64975,100.06031799316406,6.64975,12.437423706054688,6.64975,83.8192138671875,6.649750000000002,93.14505004882812,Sat
6.65975,11.623854637145996,6.65975,100.06137084960938,6.65975,12.40963363647461,6.659749999999998,83.82109832763672,6.65975,93.2039566040039,Sat
6.66975,11.628788948059082,6.66975,100.06438446044922,6.66975,12.404037475585938,6.66975,83.82382202148438,6.66975,93.26939392089844,Sat
6.679749999999999,11.621779441833496,6.679749999999999,100.06224822998048,6.679749999999999,12.410248756408691,6.679749999999999,83.82731628417969,6.679750000000005,93.33943176269533,Sat
6.689750000000001,11.602903366088867,6.689750000000001,100.06472778320312,6.6897500000000045,12.411027908325195,6.689750000000001,83.82786560058594,6.689750000000001,93.41453552246094,Standing up
6.699750000000001,11.581476211547852,6.699750000000001,100.07242584228516,6.699750000000001,12.403077125549316,6.699750000000001,83.8228530883789,6.6997500000000025,93.49016571044922,Standing up
6.7097500000000005,11.558026313781738,6.7097500000000005,100.07391357421876,6.709750000000002,12.385087013244627,6.7097500000000005,83.82010650634766,6.7097500000000005,93.56470489501952,Standing up
6.719749999999999,11.530218124389648,6.71975,100.08269500732422,6.71975,12.361255645751951,6.71975,83.81635284423828,6.719750000000002,93.6316146850586,Standing up
6.72975,11.510781288146973,6.729749999999998,100.09628295898438,6.729750000000002,12.32817554473877,6.729749999999998,83.81278991699219,6.72975,93.69051361083984,Standing up
6.739749999999998,11.494065284729004,6.73975,100.10567474365234,6.73975,12.291276931762695,6.73975,83.81129455566406,6.73975,93.74424743652344,Standing up
6.74975,11.489912033081056,6.74975,100.12024688720705,6.74975,12.258421897888184,6.749749999999998,83.81168365478516,6.74975,93.79739379882812,Standing up
6.7597499999999995,11.485015869140623,6.7597499999999995,100.13825225830078,6.759750000000005,12.233521461486816,6.7597499999999995,83.81316375732422,6.7597499999999995,93.84899139404295,Standing up
6.769750000000001,11.478734970092772,6.769750000000001,100.1620635986328,6.769750000000001,12.225358963012695,6.769750000000001,83.81625366210938,6.769750000000005,93.9038543701172,Standing up
6.779750000000001,11.461289405822754,6.779750000000001,100.18074798583984,6.779750000000003,12.233327865600586,6.779750000000001,83.81948852539062,6.779750000000001,93.96466827392578,Standing up
6.789750000000001,11.44794464111328,6.789750000000001,100.19857788085938,6.789750000000001,12.25123119354248,6.789750000000001,83.81991577148438,6.789750000000002,94.0317611694336,Standing up
6.79975,11.437532424926758,6.799749999999999,100.20216369628906,6.799750000000002,12.2645845413208,6.799749999999999,83.81562805175781,6.79975,94.09893035888672,Standing up
6.809749999999998,11.428281784057615,6.80975,100.20379638671876,6.80975,12.26516819000244,6.80975,83.81124114990234,6.809750000000002,94.1625747680664,Standing up
6.81975,11.419918060302734,6.819750000000002,100.20719909667967,6.819750000000002,12.247334480285645,6.819749999999998,83.8064193725586,6.81975,94.21812438964844,Standing up
6.82975,11.424922943115234,6.82975,100.21427917480467,6.82975,12.218432426452637,6.82975,83.79913330078125,6.82975,94.26732635498048,Standing up
6.8397499999999996,11.434788703918455,6.8397499999999996,100.22412109375,6.8397499999999996,12.185843467712402,6.8397499999999996,83.7942123413086,6.8397499999999996,94.31137084960938,Standing up
6.849749999999999,11.457990646362305,6.849749999999999,100.23981475830078,6.849750000000005,12.156988143920898,6.849749999999999,83.79096984863281,6.849749999999999,94.3511734008789,Standing up
6.859750000000001,11.474821090698242,6.859750000000001,100.25816345214844,6.859750000000001,12.139183044433594,6.859750000000001,83.79064178466797,6.859750000000003,94.38739776611328,Standing up
6.869750000000001,11.49731731414795,6.869750000000001,100.29015350341795,6.8697500000000025,12.13471508026123,6.869750000000001,83.79219055175781,6.869750000000001,94.42587280273438,Standing up
6.8797500000000005,11.495308876037598,6.8797500000000005,100.3064422607422,6.8797500000000005,12.145069122314451,6.8797500000000005,83.79214477539062,6.879750000000002,94.46967315673828,Standing up
6.88975,11.485555648803713,6.8897499999999985,100.30801391601562,6.889750000000002,12.162598609924316,6.8897499999999985,83.78986358642578,6.88975,94.52193450927734,Standing up
6.899749999999998,11.473662376403809,6.89975,100.30381774902344,6.89975,12.17714786529541,6.89975,83.78732299804688,6.899750000000002,94.571533203125,Standing up
6.90975,11.462239265441896,6.90975,100.2973403930664,6.90975,12.18071746826172,6.909749999999998,83.78275299072266,6.90975,94.61226654052734,Standing up
6.91975,11.450925827026367,6.91975,100.29196166992188,6.91975,12.17051124572754,6.91975,83.77962493896484,6.91975,94.64510345458984,Standing up
6.929749999999999,11.437259674072266,6.929749999999999,100.28883361816406,6.929749999999999,12.150453567504885,6.929749999999999,83.77690124511719,6.929750000000005,94.66976165771484,Standing up
6.939750000000001,11.427867889404297,6.939750000000001,100.2896499633789,6.9397500000000045,12.127272605895996,6.939750000000001,83.77629852294922,6.939750000000001,94.6844253540039,Standing up
6.949750000000001,11.432014465332031,6.949750000000001,100.29157257080078,6.949750000000001,12.106561660766602,6.949750000000001,83.77754211425781,6.9497500000000025,94.69181060791016,Standing up
6.9597500000000005,11.440369606018066,6.9597500000000005,100.29415130615234,6.959750000000002,12.093116760253906,6.9597500000000005,83.78102111816406,6.9597500000000005,94.70074462890624,Standing up
6.969749999999999,11.44084930419922,6.96975,100.2937240600586,6.96975,12.094430923461914,6.96975,83.78671264648438,6.969750000000002,94.72921752929688,Standing up
6.97975,11.43725299835205,6.979749999999998,100.29480743408205,6.979750000000002,12.107001304626465,6.979749999999998,83.79271697998047,6.97975,94.74703979492188,Standing up
6.989749999999998,11.428242683410645,6.98975,100.29646301269533,6.98975,12.12323760986328,6.98975,83.79508209228516,6.98975,94.78428649902344,Standing up
6.99975,11.410195350646973,6.99975,100.29794311523438,6.99975,12.134318351745604,6.999749999999998,83.795166015625,6.99975,94.81829833984376,Standing up
7.0097499999999995,11.400507926940918,7.0097499999999995,100.30072021484376,7.009750000000005,12.137940406799316,7.0097499999999995,83.79412841796875,7.0097499999999995,94.8369369506836,Standing up
7.019750000000001,11.39090633392334,7.019750000000001,100.3048095703125,7.019750000000001,12.132100105285645,7.019750000000001,83.79412078857422,7.019750000000005,94.84752655029295,Standing up
7.029750000000001,11.388713836669922,7.029750000000001,100.3081283569336,7.029750000000003,12.118781089782717,7.029750000000001,83.79354858398438,7.029750000000001,94.85216522216795,Standing up
7.039750000000001,11.38843059539795,7.039750000000001,100.31393432617188,7.039750000000001,12.100090026855469,7.039750000000001,83.79363250732422,7.039750000000002,94.85367584228516,Standing up
7.04975,11.38508415222168,7.049749999999999,100.32193756103516,7.049750000000002,12.079704284667969,7.049749999999999,83.79210662841797,7.04975,94.85345458984376,Standing up
7.059749999999998,11.388057708740234,7.05975,100.33367919921876,7.05975,12.062016487121582,7.05975,83.79486083984375,7.059750000000002,94.85456085205078,Standing up
7.06975,11.388071060180664,7.069750000000002,100.34739685058594,7.069750000000002,12.061029434204102,7.069749999999998,83.79658508300781,7.06975,94.85110473632812,Standing up
7.07975,11.379796028137209,7.07975,100.35755157470705,7.07975,12.067480087280272,7.07975,83.79670715332031,7.07975,94.8486557006836,Standing up
7.0897499999999996,11.370505332946776,7.0897499999999996,100.3665542602539,7.0897499999999996,12.076298713684082,7.0897499999999996,83.79513549804688,7.0897499999999996,94.8519515991211,Standing up
7.099749999999999,11.36043930053711,7.099749999999999,100.3763198852539,7.099750000000005,12.082525253295898,7.099749999999999,83.79181671142578,7.099749999999999,94.85954284667967,Standing up
7.109750000000001,11.350407600402832,7.109750000000001,100.38461303710938,7.109750000000001,12.085041046142578,7.109750000000001,83.78836059570312,7.109750000000003,94.87361907958984,Standing up
7.119750000000001,11.353975296020508,7.119750000000001,100.39128112792967,7.1197500000000025,12.083658218383787,7.119750000000001,83.78336334228516,7.119750000000001,94.8803253173828,Standing up
7.1297500000000005,11.364738464355469,7.1297500000000005,100.39762878417967,7.1297500000000005,12.07595157623291,7.1297500000000005,83.77749633789062,7.129750000000002,94.88455963134766,Standing up
7.13975,11.374744415283203,7.1397499999999985,100.40393829345705,7.139750000000002,12.069488525390623,7.1397499999999985,83.7738037109375,7.13975,94.88662719726562,Standing up
7.149749999999998,11.38284397125244,7.14975,100.40966033935548,7.14975,12.067421913146973,7.14975,83.76924896240234,7.149750000000002,94.884521484375,Standing up
7.15975,11.386438369750977,7.15975,100.41481018066406,7.15975,12.075148582458496,7.159749999999998,83.76932525634766,7.15975,94.87865447998048,Standing up
7.16975,11.384556770324709,7.16975,100.42977142333984,7.16975,12.083154678344728,7.16975,83.76417541503906,7.16975,94.87091827392578,Standing up
7.179749999999999,11.384965896606444,7.179749999999999,100.44437408447266,7.179749999999999,12.096378326416016,7.179749999999999,83.76472473144531,7.179750000000005,94.86316680908205,Standing up
7.189750000000001,11.39134407043457,7.189750000000001,100.45169830322266,7.1897500000000045,12.11160373687744,7.189750000000001,83.76377868652344,7.189750000000001,94.855712890625,Standing up
7.199750000000001,11.398064613342283,7.199750000000001,100.45523834228516,7.199750000000001,12.12477970123291,7.199750000000001,83.76177215576172,7.1997500000000025,94.8530731201172,Standing up
7.2097500000000005,11.40768814086914,7.2097500000000005,100.4620132446289,7.209750000000002,12.130179405212402,7.2097500000000005,83.76013946533203,7.2097500000000005,94.85546112060548,Standing up
7.219749999999999,11.411097526550291,7.21975,100.4844970703125,7.21975,12.13227653503418,7.21975,83.75472259521484,7.219750000000002,94.85698699951172,Standing up
7.22975,11.408308029174805,7.229749999999998,100.50527954101562,7.229750000000002,12.130008697509766,7.229749999999998,83.75204467773438,7.22975,94.85623931884766,Standing up
7.239749999999998,11.408456802368164,7.23975,100.50921630859376,7.23975,12.125666618347168,7.23975,83.74685668945312,7.23975,94.86033630371094,Standing up
7.24975,11.410205841064451,7.24975,100.50922393798828,7.24975,12.126078605651855,7.249749999999998,83.74494171142578,7.24975,94.8578109741211,Standing up
7.2597499999999995,11.401371002197266,7.2597499999999995,100.51049041748048,7.259750000000005,12.130935668945312,7.2597499999999995,83.7437973022461,7.2597499999999995,94.84976196289062,Standing up
7.269750000000001,11.393521308898926,7.269750000000001,100.51327514648438,7.269750000000001,12.136157989501951,7.269750000000001,83.7429428100586,7.269750000000005,94.83757781982422,Standing up
7.279750000000001,11.385161399841309,7.279750000000001,100.51719665527344,7.279750000000003,12.14299774169922,7.279750000000001,83.74057006835938,7.279750000000001,94.8254623413086,Standing up
7.289750000000001,11.383087158203123,7.289750000000001,100.51802825927734,7.289750000000001,12.151939392089844,7.289750000000001,83.73677062988281,7.289750000000002,94.81221771240234,Standing up
7.29975,11.384530067443848,7.299749999999999,100.51622772216795,7.299750000000002,12.165315628051758,7.299749999999999,83.73373413085938,7.29975,94.80177307128906,Standing up
7.309749999999998,11.381766319274902,7.30975,100.5173797607422,7.30975,12.174951553344728,7.30975,83.73311614990234,7.309750000000002,94.790771484375,Standing up
7.31975,11.37924861907959,7.319750000000002,100.52777099609376,7.319750000000002,12.183563232421877,7.319749999999998,83.73457336425781,7.31975,94.78372955322266,Standing up
7.32975,11.381265640258787,7.32975,100.53754425048828,7.32975,12.188029289245604,7.32975,83.73468017578125,7.32975,94.78095245361328,Standing up
7.3397499999999996,11.382015228271484,7.3397499999999996,100.5430679321289,7.3397499999999996,12.189212799072266,7.3397499999999996,83.73249053955078,7.3397499999999996,94.78401947021484,Standing up
7.349749999999999,11.385113716125488,7.349749999999999,100.54552459716795,7.349750000000005,12.18471908569336,7.349749999999999,83.73136901855469,7.349749999999999,94.7938003540039,Standing up
7.359750000000001,11.379633903503418,7.359750000000001,100.54461669921876,7.359750000000001,12.178093910217283,7.359750000000001,83.72994232177734,7.359750000000003,94.8296356201172,Standing up
7.369750000000001,11.371895790100098,7.369750000000001,100.54330444335938,7.3697500000000025,12.169052124023438,7.369750000000001,83.7290267944336,7.369750000000001,94.86474609375,Standing up
7.3797500000000005,11.367663383483888,7.3797500000000005,100.54166412353516,7.3797500000000005,12.158422470092772,7.3797500000000005,83.72517395019531,7.379750000000002,94.8659896850586,Standing up
7.38975,11.366090774536133,7.3897499999999985,100.54239654541016,7.389750000000002,12.145590782165527,7.3897499999999985,83.7208251953125,7.38975,94.86080169677734,Standing up
7.399749999999998,11.365556716918944,7.39975,100.54386138916016,7.39975,12.133273124694824,7.39975,83.71696472167969,7.399750000000002,94.85267639160156,Standing up
7.40975,11.3707914352417,7.40975,100.54309844970705,7.40975,12.1220064163208,7.409749999999998,83.71318817138672,7.40975,94.8409423828125,Standing up
7.41975,11.371633529663086,7.41975,100.5445785522461,7.41975,12.114394187927246,7.41975,83.7110366821289,7.41975,94.82708740234376,Standing up
7.429749999999999,11.375114440917969,7.429749999999999,100.55116271972656,7.429749999999999,12.110468864440918,7.429749999999999,83.70877075195312,7.429750000000005,94.81332397460938,Standing up
7.439750000000001,11.372613906860352,7.439750000000001,100.56011962890624,7.4397500000000045,12.11817741394043,7.439750000000001,83.70759582519531,7.439750000000001,94.79802703857422,Standing up
7.449750000000001,11.352734565734863,7.449750000000001,100.56554412841795,7.449750000000001,12.130374908447266,7.449750000000001,83.70590209960938,7.4497500000000025,94.78173065185548,Standing up
7.4597500000000005,11.35031509399414,7.4597500000000005,100.5705337524414,7.459750000000002,12.148412704467772,7.4597500000000005,83.70507049560547,7.4597500000000005,94.77020263671876,Standing up
7.469749999999999,11.342348098754885,7.46975,100.57634735107422,7.46975,12.161332130432127,7.46975,83.70577239990234,7.469750000000002,94.76079559326172,Standing up
7.47975,11.328765869140623,7.479749999999998,100.58504486083984,7.479750000000002,12.169678688049316,7.479749999999998,83.7060317993164,7.47975,94.7521743774414,Standing up
7.489749999999998,11.321149826049805,7.48975,100.59207916259766,7.48975,12.165940284729004,7.48975,83.70436096191406,7.48975,94.74427032470705,Standing up
7.49975,11.31680965423584,7.49975,100.5986099243164,7.49975,12.158759117126465,7.499749999999998,83.70171356201172,7.49975,94.73870849609376,Standing up
7.5097499999999995,11.313783645629885,7.5097499999999995,100.60563659667967,7.509750000000005,12.146037101745604,7.5097499999999995,83.70075988769531,7.5097499999999995,94.7322769165039,Standing up
7.519750000000001,11.314635276794434,7.519750000000001,100.61526489257812,7.519750000000001,12.135483741760254,7.519750000000001,83.69884490966797,7.519750000000005,94.72022247314452,Standing up
7.529750000000001,11.314922332763672,7.529750000000001,100.6270980834961,7.529750000000003,12.129497528076172,7.529750000000001,83.69654083251953,7.529750000000001,94.70445251464844,Standing up
7.539750000000001,11.320915222167969,7.539750000000001,100.63924407958984,7.539750000000001,12.12484645843506,7.539750000000001,83.69532775878906,7.539750000000002,94.68955993652344,Standing up
7.54975,11.331436157226562,7.549749999999999,100.64616394042967,7.549750000000002,12.125738143920898,7.549749999999999,83.69342803955078,7.54975,94.67552947998048,Standing up
7.559749999999998,11.33841609954834,7.55975,100.65064239501952,7.55975,12.12633991241455,7.55975,83.69094848632812,7.559750000000002,94.66725158691406,Standing up
7.56975,11.342727661132812,7.569750000000002,100.6568832397461,7.569750000000002,12.130249977111816,7.569749999999998,83.68701171875,7.56975,94.68788146972656,Standing up
7.57975,11.344700813293455,7.57975,100.66340637207033,7.57975,12.137411117553713,7.57975,83.68194580078125,7.57975,94.7088851928711,Standing up
7.5897499999999996,11.34209156036377,7.5897499999999996,100.66680145263672,7.5897499999999996,12.135998725891112,7.5897499999999996,83.6785888671875,7.5897499999999996,94.70095825195312,Standing up
7.599749999999999,11.338350296020508,7.599749999999999,100.6679229736328,7.599750000000005,12.122111320495604,7.599749999999999,83.67373657226562,7.599749999999999,94.6772918701172,Standing up
7.609750000000001,11.332195281982422,7.609750000000001,100.66870880126952,7.609750000000001,12.112762451171877,7.609750000000001,83.67080688476562,7.609750000000003,94.65428924560548,Standing up
7.619750000000001,11.331652641296388,7.619750000000001,100.66675567626952,7.6197500000000025,12.104178428649902,7.619750000000001,83.66809844970703,7.619750000000001,94.62948608398438,Standing up
7.6297500000000005,11.34142780303955,7.6297500000000005,100.66961669921876,7.6297500000000005,12.100030899047852,7.6297500000000005,83.66533660888672,7.629750000000002,94.60218048095705,Standing up
7.63975,11.350430488586426,7.6397499999999985,100.69099426269533,7.639750000000002,12.10049057006836,7.6397499999999985,83.6643295288086,7.63975,94.5796356201172,Standing up
7.649749999999998,11.357128143310549,7.64975,100.69782257080078,7.64975,12.104744911193848,7.64975,83.66326904296875,7.649750000000002,94.56369018554688,Standing up
7.65975,11.36213493347168,7.65975,100.69892120361328,7.65975,12.109759330749512,7.659749999999998,83.66064453125,7.65975,94.55313110351562,Standing up
7.66975,11.376580238342283,7.66975,100.69967651367188,7.66975,12.115696907043455,7.66975,83.65730285644531,7.66975,94.54936981201172,Standing up
7.679749999999999,11.385286331176758,7.679749999999999,100.7001495361328,7.679749999999999,12.12032985687256,7.679749999999999,83.65365600585938,7.679750000000005,94.54988098144533,Standing up
7.689750000000001,11.38978672027588,7.689750000000001,100.6922378540039,7.6897500000000045,12.121285438537598,7.689750000000001,83.65121459960938,7.689750000000001,94.54948425292967,Standing up
7.699750000000001,11.397582054138184,7.699750000000001,100.68146514892578,7.699750000000001,12.117453575134276,7.699750000000001,83.64472961425781,7.6997500000000025,94.54535675048828,Standing up
7.7097500000000005,11.40485382080078,7.7097500000000005,100.67535400390624,7.709750000000002,12.107815742492676,7.7097500000000005,83.63914489746094,7.7097500000000005,94.54073333740234,Standing up
7.719749999999999,11.408175468444824,7.71975,100.67298126220705,7.71975,12.09788703918457,7.71975,83.63465118408203,7.719750000000002,94.5320053100586,Standing up
7.72975,11.408133506774902,7.729749999999998,100.67044830322266,7.729750000000002,12.091668128967283,7.729749999999998,83.63360595703125,7.72975,94.51627349853516,Standing up
7.739749999999998,11.39700412750244,7.73975,100.66853332519533,7.73975,12.08987522125244,7.73975,83.63029479980469,7.73975,94.5021514892578,Standing up
7.74975,11.38520050048828,7.74975,100.6668472290039,7.74975,12.090971946716309,7.749749999999998,83.62866973876953,7.74975,94.49417877197266,Standing up
7.7597499999999995,11.371546745300291,7.7597499999999995,100.66360473632812,7.759750000000005,12.096880912780762,7.7597499999999995,83.62804412841797,7.7597499999999995,94.48865509033205,Standing up
7.769750000000001,11.35435676574707,7.769750000000001,100.65741729736328,7.769750000000001,12.102429389953612,7.769750000000001,83.6263198852539,7.769750000000005,94.48603057861328,Standing up
7.779750000000001,11.345449447631836,7.779750000000001,100.63712310791016,7.779750000000003,12.11016845703125,7.779750000000001,83.622314453125,7.779750000000001,94.48698425292967,Standing up
7.789750000000001,11.339213371276855,7.789750000000001,100.60787963867188,7.789750000000001,12.11823844909668,7.789750000000001,83.61642456054688,7.789750000000002,94.49957275390624,Stood
7.79975,11.331297874450684,7.799749999999999,100.5762710571289,7.799750000000002,12.12868595123291,7.799749999999999,83.61024475097656,7.79975,94.50997161865234,Stood
7.809749999999998,11.32239818572998,7.80975,100.5435562133789,7.80975,12.135544776916504,7.80975,83.60401153564453,7.809750000000002,94.5105209350586,Stood
7.81975,11.318439483642578,7.819750000000002,100.5203094482422,7.819750000000002,12.139892578125,7.819749999999998,83.5982666015625,7.81975,94.5067138671875,Stood
7.82975,11.310492515563965,7.82975,100.49761199951172,7.82975,12.139659881591797,7.82975,83.59044647216797,7.82975,94.50413513183594,Stood
7.8397499999999996,11.297057151794434,7.8397499999999996,100.46973419189452,7.8397499999999996,12.137054443359377,7.8397499999999996,83.5836181640625,7.8397499999999996,94.50111389160156,Stood
7.849749999999999,11.270779609680176,7.849749999999999,100.4433135986328,7.849750000000005,12.136069297790527,7.849749999999999,83.56977844238281,7.849749999999999,94.4924545288086,Stood
7.859750000000001,11.24049949645996,7.859750000000001,100.40818786621094,7.859750000000001,12.12985610961914,7.859750000000001,83.55095672607422,7.859750000000003,94.48178100585938,Stood
7.869750000000001,11.214872360229492,7.869750000000001,100.36663818359376,7.8697500000000025,12.122488975524902,7.869750000000001,83.51844787597656,7.869750000000001,94.46759033203124,Stood
7.8797500000000005,11.191431999206545,7.8797500000000005,100.299560546875,7.8797500000000005,12.115555763244627,7.8797500000000005,83.47053527832031,7.879750000000002,94.45475769042967,Stood
7.88975,11.170768737792969,7.8897499999999985,100.25019073486328,7.889750000000002,12.108600616455078,7.8897499999999985,83.4061050415039,7.88975,94.44153594970705,Stood
7.899749999999998,11.155105590820312,7.89975,100.20506286621094,7.89975,12.101962089538574,7.89975,83.3263931274414,7.899750000000002,94.42808532714844,Stood
7.90975,11.130396842956545,7.90975,100.16703033447266,7.90975,12.103538513183594,7.909749999999998,83.23484802246094,7.90975,94.41187286376952,Stood
7.91975,11.09846305847168,7.91975,100.12806701660156,7.91975,12.106471061706545,7.91975,83.12602233886719,7.91975,94.39412689208984,Stood
7.929749999999999,11.060932159423828,7.929749999999999,100.07222747802734,7.929749999999999,12.107625961303713,7.929749999999999,83.00048065185547,7.929750000000005,94.37198638916016,Stood
7.939750000000001,11.015862464904783,7.939750000000001,100.00919342041016,7.9397500000000045,12.103704452514648,7.939750000000001,82.85298919677734,7.939750000000001,94.34036254882812,Stood
7.949750000000001,10.973469734191896,7.949750000000001,99.9439926147461,7.949750000000001,12.080684661865234,7.949750000000001,82.69107055664062,7.9497500000000025,94.3016357421875,Stood
7.9597500000000005,10.932333946228027,7.9597500000000005,99.87443542480467,7.959750000000002,12.059743881225586,7.9597500000000005,82.5133285522461,7.9597500000000005,94.25668334960938,Stood
7.969749999999999,10.8856782913208,7.96975,99.7942352294922,7.96975,12.053372383117676,7.96975,82.33676147460938,7.969750000000002,94.20278930664062,Stood
7.97975,10.834461212158203,7.979749999999998,99.72071838378906,7.979750000000002,12.0645112991333,7.979749999999998,82.14874267578125,7.97975,94.1400146484375,Stood
7.989749999999998,10.776947021484377,7.98975,99.65031433105467,7.98975,12.081626892089844,7.98975,81.9748306274414,7.98975,94.0656967163086,Stood
7.99975,10.70966625213623,7.99975,99.59142303466795,7.99975,12.105255126953123,7.999749999999998,81.79923248291016,7.99975,93.983642578125,Stood
8.00975,10.636992454528809,8.00975,99.52604675292967,8.009750000000004,12.129110336303713,8.00975,81.64059448242188,8.00975,93.89590454101562,Stood
8.019750000000002,10.561155319213867,8.019750000000002,99.4643325805664,8.019750000000002,12.15446662902832,8.019750000000002,81.4695053100586,8.019750000000005,93.8052215576172,Stood
8.02975,10.485088348388672,8.02975,99.39952850341795,8.029750000000003,12.173965454101562,8.02975,81.3108139038086,8.02975,93.71600341796876,Stood
8.039750000000002,10.423246383666992,8.039750000000002,99.33790588378906,8.039750000000002,12.190363883972168,8.039750000000002,81.15605926513672,8.039750000000002,93.61944580078124,Stood
8.04975,10.37168312072754,8.04975,99.27955627441406,8.049750000000003,12.195844650268556,8.04975,81.01329803466797,8.04975,93.51073455810548,Stood
8.059749999999998,10.328771591186523,8.059750000000001,99.22827911376952,8.059750000000001,12.206000328063965,8.059750000000001,80.88203430175781,8.059750000000001,93.38493347167967,Stood
8.069749999999999,10.292840957641602,8.069750000000003,99.18228912353516,8.069750000000003,12.204655647277832,8.069749999999999,80.77022552490234,8.069749999999999,93.23798370361328,Stood
8.07975,10.26771354675293,8.07975,99.14590454101562,8.07975,12.194671630859377,8.07975,80.67703247070312,8.07975,93.0654754638672,Stood
8.089749999999999,10.2622652053833,8.089749999999999,99.11398315429688,8.089749999999999,12.180608749389648,8.089749999999999,80.60800170898438,8.089749999999999,92.86304473876952,Stood
8.09975,10.26144790649414,8.09975,99.08678436279295,8.099750000000004,12.143503189086914,8.09975,80.55826568603516,8.09975,92.63605499267578,Stood
8.109750000000002,10.26683521270752,8.109750000000002,99.0652313232422,8.109750000000002,12.08730697631836,8.109750000000002,80.53743743896484,8.109750000000002,92.39714813232422,Stood
8.11975,10.268056869506836,8.11975,99.0488739013672,8.119750000000003,12.052433967590332,8.11975,80.54020690917969,8.11975,92.1598892211914,Stood
8.129750000000001,10.27050495147705,8.129750000000001,99.04586029052734,8.129750000000001,12.018791198730469,8.129750000000001,80.5694351196289,8.129750000000001,91.91631317138672,Stood
8.13975,10.275083541870115,8.13975,99.04302215576172,8.139750000000003,11.987156867980955,8.13975,80.62134552001953,8.13975,91.67436981201172,Stood
8.149749999999997,10.2831449508667,8.149750000000001,99.03641510009766,8.149750000000001,11.988204956054688,8.149750000000001,80.70133972167969,8.149750000000001,91.44185638427734,Stood
8.159749999999999,10.299105644226074,8.159749999999999,99.02474975585938,8.159749999999999,11.98329734802246,8.159749999999999,80.80670166015625,8.159749999999999,91.21234130859376,Stood
8.16975,10.321778297424316,8.16975,99.00543975830078,8.16975,11.972772598266602,8.16975,80.9342269897461,8.16975,90.96736145019533,Stood
8.179749999999999,10.339733123779297,8.179749999999999,98.99994659423828,8.179749999999999,11.948197364807127,8.179749999999999,81.0853271484375,8.179750000000006,90.71285247802734,Stood
8.18975,10.352910041809082,8.18975,98.99222564697266,8.189750000000004,11.909852981567385,8.18975,81.25550079345703,8.18975,90.44075775146484,Stood
8.199750000000002,10.36732006072998,8.199750000000002,98.98771667480467,8.199750000000002,11.87386703491211,8.199750000000002,81.4428939819336,8.199750000000002,90.18253326416016,Stood
8.20975,10.376341819763184,8.20975,99.0019760131836,8.209750000000003,11.83560276031494,8.20975,81.64534759521484,8.20975,89.92023468017578,Stood
8.219749999999998,10.385428428649902,8.219750000000001,99.02043151855467,8.219750000000001,11.809155464172363,8.219750000000001,81.87225341796875,8.219750000000001,89.62609100341797,Stood
8.22975,10.395679473876951,8.22975,99.03054809570312,8.229750000000003,11.800668716430664,8.22975,82.06230926513672,8.22975,89.31981658935547,Stood
8.239749999999997,10.405610084533691,8.23975,99.0363540649414,8.23975,11.80278778076172,8.23975,82.29415130615234,8.23975,88.9812240600586,Stood
8.249749999999999,10.419757843017578,8.249749999999999,99.031982421875,8.249749999999999,11.807133674621582,8.249749999999999,82.46614074707031,8.249749999999999,88.6184310913086,Stood
8.25975,10.441564559936523,8.25975,99.0217056274414,8.259750000000004,11.791200637817385,8.25975,82.63883972167969,8.25975,88.24652099609375,Stood
8.269750000000002,10.471135139465332,8.269750000000002,99.01725006103516,8.269750000000002,11.781713485717772,8.269750000000002,82.78009033203125,8.269750000000005,87.86270904541016,Stood
8.27975,10.512584686279297,8.27975,99.0217514038086,8.279750000000003,11.781903266906738,8.27975,82.90202331542969,8.27975,87.44892120361328,Stood
8.289750000000002,10.568679809570312,8.289750000000002,99.04115295410156,8.289750000000002,11.773783683776855,8.289750000000002,83.00360107421875,8.289750000000002,87.01112365722656,Stood
8.29975,10.629949569702148,8.29975,99.07025909423828,8.299750000000003,11.755938529968262,8.29975,83.08367156982422,8.29975,86.54793548583984,Stood
8.309749999999998,10.691564559936523,8.309750000000001,99.10044860839844,8.309750000000001,11.73849868774414,8.309750000000001,83.1670150756836,8.309750000000001,86.07242584228516,Stood
8.319749999999999,10.750170707702637,8.319750000000003,99.1329574584961,8.319750000000003,11.74248504638672,8.319749999999999,83.2503433227539,8.319749999999999,85.564208984375,Stood
8.32975,10.809616088867188,8.32975,99.17305755615234,8.32975,11.758824348449709,8.32975,83.33597564697266,8.32975,85.05001831054688,Stood
8.339749999999999,10.870265007019045,8.339749999999999,99.2252960205078,8.339749999999999,11.77134895324707,8.339749999999999,83.42375183105469,8.339749999999999,84.53512573242188,Stood
8.34975,10.931796073913574,8.34975,99.28459167480467,8.349750000000004,11.791010856628418,8.34975,83.51709747314453,8.34975,84.00455474853516,Stood
8.359750000000002,10.996048927307127,8.359750000000002,99.35506439208984,8.359750000000002,11.874637603759766,8.359750000000002,83.60945129394531,8.359750000000002,83.46391296386719,Stood
8.36975,11.07323932647705,8.36975,99.4232406616211,8.369750000000003,11.928956985473633,8.36975,83.7061538696289,8.36975,82.89231872558594,Stood
8.379750000000001,11.167570114135742,8.379750000000001,99.49472045898438,8.379750000000001,11.993898391723633,8.379750000000001,83.80377197265625,8.379750000000001,82.26629638671875,Stood
8.38975,11.278485298156738,8.38975,99.57770538330078,8.389750000000003,11.996782302856444,8.38975,83.89027404785156,8.38975,81.59703826904297,Stood
8.399749999999997,11.393146514892578,8.399750000000001,99.67294311523438,8.399750000000001,11.992228507995604,8.399750000000001,83.97418975830078,8.399750000000001,80.92491912841797,Stood
8.409749999999999,11.509467124938965,8.409749999999999,99.7793426513672,8.409749999999999,12.010824203491213,8.409749999999999,84.05359649658203,8.409749999999999,80.25318145751953,Stood
8.41975,11.631355285644531,8.41975,99.891845703125,8.41975,12.054776191711426,8.41975,84.13224029541016,8.41975,79.55725860595703,Stood
8.429749999999999,11.766350746154783,8.429749999999999,100.01074981689452,8.429749999999999,12.134538650512695,8.429749999999999,84.20514678955078,8.429750000000006,78.84770965576172,Stood
8.43975,11.907660484313965,8.43975,100.14553833007812,8.439750000000004,12.229105949401855,8.43975,84.2806625366211,8.43975,78.11327362060547,Stood
8.449750000000002,12.045936584472656,8.449750000000002,100.28469848632812,8.449750000000002,12.337130546569824,8.449750000000002,84.3538818359375,8.449750000000002,77.35155487060547,Stood
8.45975,12.18431282043457,8.45975,100.42667388916016,8.459750000000003,12.470335006713867,8.45975,84.43138885498047,8.45975,76.59281158447266,Stood
8.469749999999998,12.360529899597168,8.469750000000001,100.57008361816406,8.469750000000001,12.621883392333984,8.469750000000001,84.5176773071289,8.469750000000001,75.79125213623047,Stood
8.47975,12.59396266937256,8.47975,100.72206115722656,8.479750000000003,12.810532569885254,8.47975,84.61817932128906,8.47975,75.02103424072266,Stood
8.489749999999997,12.866069793701172,8.48975,100.88172912597656,8.48975,13.007685661315918,8.48975,84.72576904296875,8.48975,74.38612365722656,Stood
8.499749999999999,13.15371036529541,8.499749999999999,101.058837890625,8.499749999999999,13.188533782958984,8.499749999999999,84.834716796875,8.499749999999999,73.60883331298828,Stood
8.50975,13.441368103027344,8.50975,101.24411010742188,8.509750000000004,13.361404418945312,8.50975,84.94970703125,8.50975,72.86164093017578,Stood
8.519750000000002,13.73745059967041,8.519750000000002,101.44245147705078,8.519750000000002,13.574716567993164,8.519750000000002,85.05499267578125,8.519750000000005,72.16047668457031,Stood
8.52975,14.034811973571776,8.52975,101.65723419189452,8.529750000000003,13.808550834655762,8.52975,85.15648651123047,8.52975,71.46373748779297,Stood
8.539750000000002,14.35837173461914,8.539750000000002,101.8851547241211,8.539750000000002,14.116004943847656,8.539750000000002,85.25051879882812,8.539750000000002,70.77491760253906,Stood
8.54975,14.705965042114258,8.54975,102.1385726928711,8.549750000000003,14.470455169677734,8.54975,85.32968139648438,8.54975,70.06475067138672,Stood
8.559749999999998,15.05177879333496,8.559750000000001,102.41455841064452,8.559750000000001,14.827963829040527,8.559750000000001,85.39852905273438,8.559750000000001,69.38336944580078,Stood
8.569749999999999,15.420696258544922,8.569750000000003,102.70843505859376,8.569750000000003,15.10683536529541,8.569749999999999,85.4577407836914,8.569749999999999,68.6526870727539,Stood
8.57975,15.824114799499512,8.57975,103.00049591064452,8.57975,15.46394157409668,8.57975,85.50239562988281,8.57975,67.93535614013672,Stood
8.589749999999999,16.255176544189453,8.589749999999999,103.2906494140625,8.589749999999999,15.94118595123291,8.589749999999999,85.53579711914062,8.589749999999999,67.24742126464844,Stood
8.59975,16.733196258544922,8.59975,103.59112548828124,8.599750000000004,16.4107666015625,8.59975,85.5503158569336,8.59975,66.55558776855469,Stood
8.609750000000002,17.245441436767578,8.609750000000002,103.90623474121094,8.609750000000002,16.87211799621582,8.609750000000002,85.54686737060547,8.609750000000002,65.86634826660156,Stood
8.61975,17.785945892333984,8.61975,104.2319564819336,8.619750000000003,17.36308479309082,8.61975,85.52772521972656,8.61975,65.1296615600586,Stood
8.629750000000001,18.35562896728516,8.629750000000001,104.5632095336914,8.629750000000001,17.805683135986328,8.629750000000001,85.48127746582031,8.629750000000001,64.2785873413086,Stood
8.63975,18.925172805786133,8.63975,104.90521240234376,8.639750000000003,18.23769760131836,8.63975,85.42411804199219,8.63975,63.34466552734375,Stood
8.649749999999997,19.492116928100582,8.649750000000001,105.2552490234375,8.649750000000001,18.845579147338867,8.649750000000001,85.3457260131836,8.649750000000001,62.40581130981445,Stood
8.659749999999999,20.06186866760254,8.659749999999999,105.60090637207033,8.659749999999999,19.319839477539062,8.659749999999999,85.24890899658203,8.659749999999999,61.45244598388672,Stood
8.66975,20.64719009399414,8.66975,105.94987487792967,8.66975,19.842384338378903,8.66975,85.14086151123047,8.66975,60.502742767333984,Stood
8.679749999999999,21.253406524658203,8.679749999999999,106.30060577392578,8.679749999999999,20.39075469970703,8.679749999999999,85.0262222290039,8.679750000000006,59.5904541015625,Stood
8.68975,21.89648628234864,8.68975,106.6443099975586,8.689750000000004,20.965103149414062,8.68975,84.91920471191406,8.68975,58.72933197021485,Stood
8.699750000000002,22.60140037536621,8.699750000000002,106.9785614013672,8.699750000000002,21.529430389404297,8.699750000000002,84.81471252441406,8.699750000000002,57.9809684753418,Stood
8.70975,23.3532772064209,8.70975,107.29849243164062,8.709750000000003,22.09929656982422,8.70975,84.72209167480469,8.70975,57.40835952758789,Stood
8.719749999999998,24.14275360107422,8.719750000000001,107.59764099121094,8.719750000000001,22.62918472290039,8.719750000000001,84.64569091796875,8.719750000000001,57.00716781616211,Stood
8.72975,24.957246780395508,8.72975,107.88703918457033,8.729750000000003,23.197052001953125,8.72975,84.56369018554688,8.72975,56.668087005615234,Stood
8.739749999999997,25.779281616210938,8.73975,108.17776489257812,8.73975,23.792938232421875,8.73975,84.49005126953125,8.73975,56.35115051269531,Stood
8.749749999999999,26.618968963623047,8.749749999999999,108.48358154296876,8.749749999999999,24.39620590209961,8.749749999999999,84.42506408691406,8.749749999999999,56.01577758789063,Stood
8.75975,27.487010955810547,8.75975,108.77767181396484,8.759750000000004,25.02330207824707,8.75975,84.35884094238281,8.75975,55.59736633300781,Stood
8.769750000000002,28.37921142578125,8.769750000000002,109.06578826904295,8.769750000000002,25.692380905151367,8.769750000000002,84.29765319824219,8.769750000000005,55.02864837646485,Stood
8.77975,29.29448509216309,8.77975,109.34852600097656,8.779750000000003,26.41980743408203,8.77975,84.23446655273438,8.77975,54.37084197998047,Stood
8.789750000000002,30.231632232666016,8.789750000000002,109.63052368164062,8.789750000000002,27.21402740478516,8.789750000000002,84.16986846923828,8.789750000000002,53.67545318603516,Stood
8.79975,31.197263717651367,8.79975,109.8927230834961,8.799750000000003,28.07099151611328,8.79975,84.10850524902344,8.79975,53.09183120727539,Stood
8.809749999999998,32.19917297363281,8.809750000000001,110.1347885131836,8.809750000000001,28.970911026000977,8.809750000000001,84.04170989990234,8.809750000000001,52.56629180908203,Stood
8.819749999999999,33.222999572753906,8.819750000000003,110.37023162841795,8.819750000000003,30.01205062866211,8.819749999999999,83.97250366210938,8.819749999999999,52.077781677246094,Stood
8.82975,34.24446105957031,8.82975,110.56563568115234,8.82975,31.04806137084961,8.82975,83.9012451171875,8.82975,51.6258430480957,Stood
8.839749999999999,35.262203216552734,8.839749999999999,110.72988891601562,8.839749999999999,32.031681060791016,8.839749999999999,83.82181549072266,8.839749999999999,51.20922088623047,Stood
8.84975,36.26304626464844,8.84975,110.88961029052734,8.849750000000004,33.036712646484375,8.84975,83.74396514892578,8.84975,50.86483001708984,Stood
8.859750000000002,37.24639892578125,8.859750000000002,111.0566177368164,8.859750000000002,34.03837585449219,8.859750000000002,83.6697998046875,8.859750000000002,50.5924186706543,Stood
8.86975,38.21222686767578,8.86975,111.2081069946289,8.869750000000003,35.029808044433594,8.86975,83.60535430908203,8.86975,50.3694953918457,Stood
8.879750000000001,39.16534805297852,8.879750000000001,111.29777526855467,8.879750000000001,36.015872955322266,8.879750000000001,83.54902648925781,8.879750000000001,50.17302703857422,Stood
8.88975,40.11793518066406,8.88975,111.34349060058594,8.889750000000003,36.99131774902344,8.88975,83.50303649902344,8.88975,50.04571533203125,Stood
8.899749999999997,41.07270812988281,8.899750000000001,111.3597183227539,8.899750000000001,37.95972442626953,8.899750000000001,83.46021270751953,8.899750000000001,49.9998893737793,Stood
8.909749999999999,42.02473831176758,8.909749999999999,111.3717269897461,8.909749999999999,38.964149475097656,8.909749999999999,83.41212463378906,8.909749999999999,50.01213455200195,Stood
8.91975,42.9825439453125,8.91975,111.37157440185548,8.91975,39.96567535400391,8.91975,83.36961364746094,8.91975,50.07771682739258,Stood
8.929749999999999,43.93991470336914,8.929749999999999,111.35750579833984,8.929749999999999,40.97973251342773,8.929749999999999,83.33051300048828,8.929750000000006,50.19179916381836,Stood
8.93975,44.88774871826172,8.93975,111.31697845458984,8.939750000000004,42.02438735961914,8.93975,83.29531860351562,8.93975,50.351600646972656,Stood
8.949750000000002,45.83247375488281,8.949750000000002,111.2519760131836,8.949750000000002,43.04914093017578,8.949750000000002,83.26189422607422,8.949750000000002,50.55030059814453,Stood
8.95975,46.78360748291016,8.95975,111.1892318725586,8.959750000000003,44.08466720581055,8.95975,83.23170471191406,8.95975,50.79356384277344,Stood
8.969749999999998,47.72780990600586,8.969750000000001,111.1205596923828,8.969750000000001,45.10651779174805,8.969750000000001,83.2033462524414,8.969750000000001,51.07644271850586,Stood
8.97975,48.670997619628906,8.97975,111.05269622802734,8.979750000000003,46.08346939086914,8.97975,83.1751937866211,8.97975,51.406768798828125,Stood
8.989749999999997,49.62434768676758,8.98975,110.9755859375,8.98975,47.01516342163086,8.98975,83.14608001708984,8.98975,51.758487701416016,Stood
8.999749999999999,50.58230972290039,8.999749999999999,110.89214324951172,8.999749999999999,47.90789794921875,8.999749999999999,83.11579132080078,8.999749999999999,52.11455154418945,Stood
9.00975,51.53054428100586,9.00975,110.79390716552734,9.009750000000004,48.84878921508789,9.00975,83.08185577392578,9.00975,52.48893737792969,Stood
9.019750000000002,52.46500778198242,9.019750000000002,110.68997955322266,9.019750000000002,49.826297760009766,9.019750000000002,83.04765319824219,9.019750000000005,52.87587738037109,Stood
9.02975,53.38207244873047,9.02975,110.59589385986328,9.029750000000003,50.84040069580078,9.02975,83.0092544555664,9.02975,53.2745246887207,Stood
9.039750000000002,54.25225830078125,9.039750000000002,110.45696258544922,9.039750000000002,51.86370468139648,9.039750000000002,82.97261810302734,9.039750000000002,53.7125129699707,Stood
9.04975,55.07144165039063,9.04975,110.30070495605467,9.049750000000003,52.85184097290039,9.04975,82.93671417236328,9.04975,54.149070739746094,Stood
9.059749999999998,55.940948486328125,9.059750000000001,110.1673812866211,9.059750000000001,53.87124633789063,9.059750000000001,82.9006576538086,9.059750000000001,54.5511360168457,Stood
9.069749999999999,56.75519180297852,9.069750000000003,110.04107666015624,9.069750000000003,54.8690299987793,9.069749999999999,82.86957550048828,9.069749999999999,54.93767166137695,Stood
9.07975,57.62408828735352,9.07975,109.90139770507812,9.07975,55.97687530517578,9.07975,82.84154510498047,9.07975,55.30537796020508,Stood
9.089749999999999,58.45595932006836,9.089749999999999,109.75579833984376,9.089749999999999,56.784141540527344,9.089749999999999,82.81608581542969,9.089749999999999,55.71178817749024,Stood
9.09975,59.31501388549805,9.09975,109.64024353027344,9.099750000000004,57.72883224487305,9.09975,82.78710174560547,9.09975,56.142234802246094,Stood
9.109750000000002,60.2413444519043,9.109750000000002,109.51583099365234,9.109750000000002,58.77632141113281,9.109750000000002,82.75312805175781,9.109750000000002,56.560916900634766,Stood
9.11975,61.15690231323242,9.11975,109.2989730834961,9.119750000000003,59.72008514404297,9.11975,82.71722412109375,9.11975,57.008209228515625,Stood
9.129750000000001,62.09809494018555,9.129750000000001,109.10503387451172,9.129750000000001,60.57876968383789,9.129750000000001,82.68781280517578,9.129750000000001,57.49324417114258,Stood
9.13975,62.953857421875,9.13975,108.92010498046876,9.139750000000003,61.435791015625,9.13975,82.66429901123047,9.13975,58.00499725341797,Stood
9.149749999999997,63.850467681884766,9.149750000000001,108.7351531982422,9.149750000000001,62.269866943359375,9.149750000000001,82.64437866210938,9.149750000000001,58.53417205810547,Stood
9.159749999999999,64.71754455566406,9.159749999999999,108.56527709960938,9.159749999999999,62.96734619140625,9.159749999999999,82.62751770019531,9.159749999999999,59.04731750488281,Stood
9.16975,65.4404067993164,9.16975,108.4176025390625,9.16975,64.19026184082031,9.16975,82.60246276855469,9.16975,59.54844284057617,Stood
9.179749999999999,66.22151184082031,9.179749999999999,108.2752685546875,9.179749999999999,65.07009887695312,9.179749999999999,82.57891845703125,9.179750000000006,60.0226936340332,Stood
9.18975,66.95525360107422,9.18975,108.14616394042967,9.189750000000004,65.78608703613281,9.18975,82.55609893798828,9.18975,60.43770599365234,Stood
9.199750000000002,67.55376434326172,9.199750000000002,108.0088348388672,9.199750000000002,66.39566040039062,9.199750000000002,82.52657318115234,9.199750000000002,60.84637451171875,Stood
9.20975,68.19466400146484,9.20975,107.8655242919922,9.209750000000003,66.9391098022461,9.20975,82.4987564086914,9.20975,61.26251602172852,Stood
9.219749999999998,68.87935638427734,9.219750000000001,107.73011016845705,9.219750000000001,67.41291809082031,9.219750000000001,82.46761322021484,9.219750000000001,61.69379806518555,Stood
9.22975,69.54115295410156,9.22975,107.60475158691406,9.229750000000003,67.89191436767578,9.22975,82.44902801513672,9.22975,62.14606475830078,Stood
9.239749999999997,70.20165252685547,9.23975,107.47834777832033,9.23975,68.63003540039062,9.23975,82.44158935546875,9.23975,62.622825622558594,Stood
9.249749999999999,70.89405059814453,9.249749999999999,107.35416412353516,9.249749999999999,69.52706146240234,9.249749999999999,82.42811584472656,9.249749999999999,63.09447860717773,Stood
9.25975,71.60967254638672,9.25975,107.28035736083984,9.259750000000004,70.2801742553711,9.25975,82.41011047363281,9.25975,63.57110977172852,Stood
9.269750000000002,72.27215576171875,9.269750000000002,107.20562744140624,9.269750000000002,70.83516693115234,9.269750000000002,82.39022827148438,9.269750000000005,64.02579498291016,Stood
9.27975,72.85271453857422,9.27975,107.13751220703124,9.279750000000003,71.72791290283203,9.27975,82.3715591430664,9.27975,64.46991729736328,Stood
9.289750000000002,73.22064971923828,9.289750000000002,107.06221771240234,9.289750000000002,72.19291687011719,9.289750000000002,82.34732055664062,9.289750000000002,64.91077423095703,Stood
9.29975,73.82806396484375,9.29975,106.9997329711914,9.299750000000003,72.51310729980469,9.29975,82.31805419921875,9.29975,65.33641815185547,Stood
9.309749999999998,74.38099670410156,9.309750000000001,106.94538879394533,9.309750000000001,73.04601287841797,9.309750000000001,82.28713989257812,9.309750000000001,65.73953247070312,Stood
9.319749999999999,74.76637268066406,9.319750000000003,106.89466857910156,9.319750000000003,73.99807739257812,9.319749999999999,82.25093841552734,9.319749999999999,66.14125061035156,Stood
9.32975,75.26896667480469,9.32975,106.84729766845705,9.32975,75.23920440673828,9.32975,82.22360229492188,9.32975,66.55014038085938,Stood
9.339749999999999,75.73126983642578,9.339749999999999,106.79927825927734,9.339749999999999,75.46504974365234,9.339749999999999,82.19844818115234,9.339749999999999,66.97047424316406,Stood
9.34975,76.2142333984375,9.34975,106.7542724609375,9.349750000000004,75.64349365234375,9.34975,82.16863250732422,9.34975,67.4231948852539,Stood
9.359750000000002,76.70248413085938,9.359750000000002,106.7042465209961,9.359750000000002,76.02093505859375,9.359750000000002,82.16117858886719,9.359750000000002,67.865478515625,Stood
9.36975,77.21731567382812,9.36975,106.6606903076172,9.369750000000003,77.60514068603516,9.36975,82.16476440429688,9.36975,68.29798126220703,Stood
9.379750000000001,77.66075134277344,9.379750000000001,106.62125396728516,9.379750000000001,79.31243133544922,9.379750000000001,82.16558074951172,9.379750000000001,68.71875762939453,Stood
9.38975,78.10953521728516,9.38975,106.5725555419922,9.389750000000003,81.74417877197266,9.38975,82.173583984375,9.38975,69.12665557861328,Stood
9.399749999999997,78.57968139648438,9.399750000000001,106.53130340576172,9.399750000000001,82.08582305908203,9.399750000000001,82.18866729736328,9.399750000000001,69.51591491699219,Stood
9.409749999999999,79.48439025878906,9.409749999999999,106.50274658203124,9.409749999999999,82.55207061767578,9.409749999999999,82.1976089477539,9.409749999999999,69.88484191894531,Stood
9.41975,79.29823303222656,9.41975,106.46324920654295,9.41975,82.82070922851562,9.41975,82.2007064819336,9.41975,70.2253646850586,Stood
9.429749999999999,79.88194274902344,9.429749999999999,106.41809844970705,9.429749999999999,83.18772888183594,9.429749999999999,82.19734954833984,9.429750000000006,70.56217956542969,Stood
9.43975,80.4556655883789,9.43975,106.3711166381836,9.439750000000004,83.49006652832031,9.43975,82.2010498046875,9.43975,70.89851379394531,Stood
9.449750000000002,80.73719024658203,9.449750000000002,106.32752990722656,9.449750000000002,83.77053833007812,9.449750000000002,82.21165466308594,9.449750000000002,71.23304748535156,Stood
9.45975,81.12029266357422,9.45975,106.3004913330078,9.459750000000003,84.09109497070312,9.45975,82.22090911865234,9.45975,71.57294464111328,Stood
9.469749999999998,81.43476867675781,9.469750000000001,106.29132080078124,9.469750000000001,84.43905639648438,9.469750000000001,82.22114562988281,9.469750000000001,71.9283676147461,Stood
9.47975,81.72332000732422,9.47975,106.27308654785156,9.479750000000003,84.77947998046875,9.47975,82.22743225097656,9.47975,72.2646255493164,Stood
9.489749999999997,82.06412506103516,9.48975,106.24703216552734,9.48975,85.13972473144531,9.48975,82.23230743408203,9.48975,72.59579467773438,Stood
9.499749999999999,82.356689453125,9.499749999999999,106.2284927368164,9.499749999999999,85.40415954589844,9.499749999999999,82.23668670654297,9.499749999999999,72.92376708984375,Stood
9.50975,82.59028625488281,9.50975,106.20905303955078,9.509750000000004,85.67508697509766,9.50975,82.25753021240234,9.50975,73.2330322265625,Stood
9.519750000000002,82.86962890625,9.519750000000002,106.17872619628906,9.519750000000002,85.99246215820312,9.519750000000002,82.28797149658203,9.519750000000005,73.53236389160156,Stood
9.52975,83.13737487792969,9.52975,106.16104888916016,9.529750000000003,86.24414825439453,9.52975,82.30429077148438,9.52975,73.8294677734375,Stood
9.539750000000002,83.44990539550781,9.539750000000002,106.1515884399414,9.539750000000002,86.43502044677734,9.539750000000002,82.32941436767578,9.539750000000002,74.11904907226562,Stood
9.54975,83.7027587890625,9.54975,106.13565063476562,9.549750000000003,86.6693115234375,9.54975,82.34856414794922,9.54975,74.40940856933594,Stood
9.559749999999998,84.05107116699219,9.559750000000001,106.11541748046876,9.559750000000001,86.90064239501953,9.559750000000001,82.36750030517578,9.559750000000001,74.69098663330078,Stood
9.569749999999999,84.26233673095703,9.569750000000003,106.09505462646484,9.569750000000003,87.11286163330078,9.569749999999999,82.3942642211914,9.569749999999999,74.97016143798828,Stood
9.57975,84.47964477539062,9.57975,106.07437896728516,9.57975,87.22452545166016,9.57975,82.41814422607422,9.57975,75.24700164794922,Stood
9.589749999999999,84.6737060546875,9.589749999999999,106.0625457763672,9.589749999999999,87.25506591796875,9.589749999999999,82.43928527832031,9.589749999999999,75.5033187866211,Stood
9.59975,84.8380126953125,9.59975,106.05426025390624,9.599750000000004,87.51909637451172,9.59975,82.4601821899414,9.59975,75.7532958984375,Stood
9.609750000000002,84.97418975830078,9.609750000000002,106.0595932006836,9.609750000000002,87.84593963623047,9.609750000000002,82.47896575927734,9.609750000000002,75.99056243896484,Stood
9.61975,85.14115905761719,9.61975,106.0469970703125,9.619750000000003,88.06922149658203,9.61975,82.49702453613281,9.61975,76.21287536621094,Stood
9.629750000000001,85.29644012451172,9.629750000000001,106.02832794189452,9.629750000000001,88.15896606445312,9.629750000000001,82.51329803466797,9.629750000000001,76.43737030029297,Stood
9.63975,85.48308563232422,9.63975,106.01671600341795,9.639750000000003,88.34700775146484,9.63975,82.52629089355469,9.63975,76.6671371459961,Stood
9.649749999999997,85.6649398803711,9.649750000000001,106.0043716430664,9.649750000000001,88.57315063476562,9.649750000000001,82.54463195800781,9.649750000000001,76.89415740966797,Stood
9.659749999999999,85.8595199584961,9.659749999999999,105.98827362060548,9.659749999999999,88.76383972167969,9.659749999999999,82.56627655029297,9.659749999999999,77.1263427734375,Stood
9.66975,85.99300384521484,9.66975,105.96768951416016,9.66975,88.90209197998047,9.66975,82.5908432006836,9.66975,77.34899139404297,Stood
9.679749999999999,86.23096466064453,9.679749999999999,105.93962097167967,9.679749999999999,89.05232238769531,9.679749999999999,82.62033081054688,9.679750000000006,77.54855346679688,Stood
9.68975,86.49287414550781,9.68975,105.91001892089844,9.689750000000004,89.23583984375,9.68975,82.64718627929688,9.68975,77.72482299804688,Stood
9.699750000000002,86.68135070800781,9.699750000000002,105.89435577392578,9.699750000000002,89.37616729736328,9.699750000000002,82.6730728149414,9.699750000000002,77.87675476074219,Stood
9.70975,86.91513061523438,9.70975,105.87715911865234,9.709750000000003,89.56268310546875,9.70975,82.70111083984375,9.70975,77.99816131591797,Stood
9.719749999999998,87.08448028564453,9.719750000000001,105.86214447021484,9.719750000000001,89.68400573730469,9.719750000000001,82.71931457519531,9.719750000000001,78.08431243896484,Stood
9.72975,87.23133087158203,9.72975,105.83087158203124,9.729750000000003,89.90318298339844,9.72975,82.73564147949219,9.72975,78.15284729003906,Stood
9.739749999999997,87.47484588623047,9.73975,105.78494262695312,9.73975,90.14945220947266,9.73975,82.75027465820312,9.73975,78.20377349853516,Stood
9.749749999999999,87.62752532958984,9.749749999999999,105.74273681640624,9.749749999999999,90.40647888183594,9.749749999999999,82.76455688476562,9.749749999999999,78.2414779663086,Stood
9.75975,87.81298828125,9.75975,105.7034912109375,9.759750000000004,90.6470718383789,9.75975,82.78076934814453,9.75975,78.27680206298828,Stood
9.769750000000002,88.05159759521484,9.769750000000002,105.67242431640624,9.769750000000002,90.86278533935548,9.769750000000002,82.80414581298828,9.769750000000005,78.31743621826172,Stood
9.77975,88.19026947021484,9.77975,105.6535873413086,9.779750000000003,91.0334930419922,9.77975,82.83242797851562,9.77975,78.35311126708984,Stood
9.789750000000002,88.38895416259766,9.789750000000002,105.64599609375,9.789750000000002,91.22217559814452,9.789750000000002,82.86219024658203,9.789750000000002,78.37884521484375,Stood
9.79975,88.54853820800781,9.79975,105.67017364501952,9.799750000000003,91.46859741210938,9.79975,82.8951416015625,9.79975,78.388671875,Stood
9.809749999999998,88.7369613647461,9.809750000000001,105.69171142578124,9.809750000000001,91.62627410888672,9.809750000000001,82.92889404296875,9.809750000000001,78.3839340209961,Stood
9.819749999999999,88.82335662841797,9.819750000000003,105.6820297241211,9.819750000000003,91.73904418945312,9.819749999999999,82.96296691894531,9.819749999999999,78.37335968017578,Stood
9.82975,88.98297119140625,9.82975,105.6339340209961,9.82975,91.84844207763672,9.82975,82.99524688720703,9.82975,78.36075592041016,Stood
9.839749999999999,89.09170532226562,9.839749999999999,105.5997085571289,9.839749999999999,91.9543914794922,9.839749999999999,83.02345275878906,9.839749999999999,78.34872436523438,Stood
9.84975,89.1139144897461,9.84975,105.59597778320312,9.849750000000004,92.06129455566406,9.84975,83.04979705810547,9.84975,78.33793640136719,Stood
9.859750000000002,89.17378234863281,9.859750000000002,105.5522689819336,9.859750000000002,92.16727447509766,9.859750000000002,83.07561492919922,9.859750000000002,78.32791900634766,Stood
9.86975,89.23912811279297,9.86975,105.51262664794922,9.869750000000003,92.2475357055664,9.86975,83.09711456298828,9.86975,78.32765197753906,Stood
9.879750000000001,89.29182434082031,9.879750000000001,105.47232818603516,9.879750000000001,92.3090591430664,9.879750000000001,83.1208724975586,9.879750000000001,78.35010528564453,Stood
9.88975,89.39772033691406,9.88975,105.45333862304688,9.889750000000003,92.36286163330078,9.88975,83.13990783691406,9.88975,78.39260864257812,Stood
9.899749999999997,89.48958587646484,9.899750000000001,105.4356689453125,9.899750000000001,92.3857192993164,9.899750000000001,83.1573257446289,9.899750000000001,78.4517593383789,Stood
9.909749999999999,89.61746978759766,9.909749999999999,105.42163848876952,9.909749999999999,92.3793716430664,9.909749999999999,83.17276763916016,9.909749999999999,78.51500701904297,Stood
9.91975,89.63275146484375,9.91975,105.4248275756836,9.91975,92.37039947509766,9.91975,83.1865005493164,9.91975,78.58570098876953,Stood
9.929749999999999,89.64232635498047,9.929749999999999,105.43331909179688,9.929749999999999,92.35991668701172,9.929749999999999,83.20230102539062,9.929750000000006,78.6584243774414,Stood
9.93975,89.64735412597656,9.93975,105.43995666503906,9.939750000000004,92.3419418334961,9.93975,83.21259307861328,9.93975,78.72815704345703,Stood
9.949750000000002,89.6761703491211,9.949750000000002,105.43467712402344,9.949750000000002,92.30992889404295,9.949750000000002,83.2220230102539,9.949750000000002,78.7917251586914,Stood
9.95975,89.72309112548828,9.95975,105.40808868408205,9.959750000000003,92.25350189208984,9.95975,83.22654724121094,9.95975,78.85082244873047,Stood
9.969749999999998,89.76321411132812,9.969750000000001,105.38996124267578,9.969750000000001,92.18032836914062,9.969750000000001,83.22956848144531,9.969750000000001,78.9056625366211,Stood
9.97975,89.78164672851562,9.979750000000003,105.39686584472656,9.979750000000003,92.1027374267578,9.97975,83.23103332519531,9.97975,78.95197296142578,Stood
9.98975,89.79717254638672,9.98975,105.4101333618164,9.98975,92.03697204589844,9.98975,83.22673797607422,9.98975,78.98768615722656,Stood
9.999749999999999,89.80103302001953,9.999749999999999,105.42198944091795,9.999749999999999,91.98992919921876,9.999749999999999,83.2295913696289,9.999749999999999,79.01283264160156,Stood
10.00975,89.7818603515625,10.00975,105.42594146728516,10.009750000000004,91.9900894165039,10.00975,83.23387908935547,10.00975,79.03123474121094,Stood
10.019750000000002,89.75843048095703,10.019750000000002,105.42436981201172,10.019750000000002,91.9910125732422,10.019750000000002,83.23696899414062,10.019750000000005,79.05021667480469,Stood
10.02975,89.74763488769531,10.02975,105.41768646240234,10.029750000000003,91.97997283935548,10.02975,83.24043273925781,10.02975,79.0644302368164,Stood
10.039750000000002,89.75262451171875,10.039750000000002,105.40831756591795,10.039750000000002,91.96833801269533,10.039750000000002,83.24347686767578,10.039750000000002,79.07049560546875,Stood
10.04975,89.75843048095703,10.04975,105.3946533203125,10.049750000000003,91.95074462890624,10.04975,83.25031280517578,10.04975,79.07435607910156,Stood
10.059749999999998,89.76748657226562,10.059750000000001,105.38378143310548,10.059750000000001,91.92636108398438,10.059750000000001,83.25448608398438,10.059750000000001,79.07467651367188,Stood
10.069749999999999,89.7780532836914,10.069750000000003,105.37723541259766,10.069750000000003,91.8943099975586,10.069749999999999,83.25831604003906,10.069749999999999,79.07416534423828,Stood
10.07975,89.7898178100586,10.07975,105.37249755859376,10.07975,91.85936737060548,10.07975,83.26206970214844,10.07975,79.07982635498047,Stood
10.089749999999999,89.8082504272461,10.089749999999999,105.35724639892578,10.089749999999999,91.8244171142578,10.089749999999999,83.26284790039062,10.089749999999999,79.08673095703125,Stood
10.09975,89.83297729492188,10.09975,105.32746887207033,10.099750000000004,91.79566955566406,10.09975,83.26447296142578,10.09975,79.09645080566406,Stood
10.109750000000002,89.86156463623047,10.109750000000002,105.29705810546876,10.109750000000002,91.77318572998048,10.109750000000002,83.26421356201172,10.109750000000002,79.11021423339844,Stood
10.11975,89.89482116699219,10.11975,105.2662353515625,10.119750000000003,91.7618408203125,10.11975,83.26172637939453,10.11975,79.1302490234375,Stood
10.129750000000001,89.92538452148438,10.129750000000001,105.2363739013672,10.129750000000001,91.75067901611328,10.129750000000001,83.25922393798828,10.129750000000001,79.15634155273438,Stood
10.13975,89.9726791381836,10.13975,105.1987075805664,10.139750000000003,91.74464416503906,10.13975,83.25859069824219,10.13975,79.18671417236328,Stood
10.149749999999997,90.05836486816406,10.149750000000001,105.16746520996094,10.149750000000001,91.74212646484376,10.149750000000001,83.2574234008789,10.149750000000001,79.22050476074219,Stood
10.159749999999999,90.10619354248048,10.159749999999999,105.1384506225586,10.159749999999999,91.73778533935548,10.159749999999999,83.2587661743164,10.159749999999999,79.25804901123047,Stood
10.16975,90.2000732421875,10.16975,105.11402893066406,10.169750000000004,91.7269287109375,10.16975,83.26222229003906,10.16975,79.30411529541016,Stood
10.179749999999999,90.26458740234376,10.179749999999999,105.09065246582033,10.179749999999999,91.7155532836914,10.179749999999999,83.26551818847656,10.179750000000006,79.349853515625,Stood
10.18975,90.32383728027344,10.18975,105.06566619873048,10.189750000000004,91.70870208740234,10.18975,83.27104949951172,10.18975,79.3880844116211,Stood
10.199750000000002,90.36363983154295,10.199750000000002,105.04541778564452,10.199750000000002,91.71144104003906,10.199750000000002,83.27599334716797,10.199750000000002,79.41883850097656,Stood
10.20975,90.39608764648438,10.20975,105.03118896484376,10.209750000000003,91.72059631347656,10.20975,83.27996063232422,10.20975,79.44412231445312,Stood
10.219749999999998,90.41950988769533,10.219750000000001,105.01588439941406,10.219750000000001,91.73381805419922,10.219750000000001,83.2874755859375,10.219750000000001,79.45683288574219,Stood
10.22975,90.44007873535156,10.229750000000003,104.99632263183594,10.229750000000003,91.75206756591795,10.22975,83.29319763183594,10.22975,79.46002960205078,Stood
10.23975,90.45520782470705,10.23975,104.9744644165039,10.23975,91.77297973632812,10.23975,83.29716491699219,10.23975,79.46234130859375,Stood
10.249749999999999,90.46552276611328,10.249749999999999,104.9521942138672,10.249749999999999,91.7946548461914,10.249749999999999,83.30331420898438,10.249749999999999,79.46427917480469,Stood
10.25975,90.47966766357422,10.25975,104.9307098388672,10.259750000000004,91.81285095214844,10.25975,83.3058090209961,10.25975,79.46424865722656,Stood
10.269750000000002,90.49281311035156,10.269750000000002,104.91276550292967,10.269750000000002,91.8330307006836,10.269750000000002,83.31027221679688,10.269750000000005,79.46070098876953,Sitting down
10.27975,90.50961303710938,10.27975,104.89713287353516,10.279750000000003,91.8573226928711,10.27975,83.3141860961914,10.27975,79.45613098144531,Sitting down
10.289750000000002,90.52188873291016,10.289750000000002,104.88427734375,10.289750000000002,91.8884506225586,10.289750000000002,83.31978607177734,10.289750000000002,79.4546127319336,Sitting down
10.29975,90.5329360961914,10.29975,104.87582397460938,10.299750000000003,91.91275787353516,10.29975,83.32508850097656,10.29975,79.45654296875,Sitting down
10.309749999999998,90.56663513183594,10.309750000000001,104.87564086914062,10.309750000000001,91.93521881103516,10.309750000000001,83.33089447021484,10.309750000000001,79.45872497558594,Sitting down
10.319749999999999,90.57259368896484,10.319750000000003,104.87267303466795,10.319750000000003,91.96143341064452,10.319749999999999,83.3365478515625,10.319749999999999,79.45872497558594,Sitting down
10.329750000000004,90.57461547851562,10.32975,104.86820220947266,10.32975,91.98748779296876,10.32975,83.34174346923828,10.329750000000004,79.45757293701172,Sitting down
10.339750000000002,90.56089782714844,10.339750000000002,104.87248229980467,10.339750000000002,92.00499725341795,10.339750000000002,83.3454360961914,10.339750000000002,79.45966339111328,Sitting down
10.34975,90.54332733154295,10.34975,104.90342712402344,10.349750000000004,92.0103988647461,10.34975,83.34976196289062,10.34975,79.4642562866211,Sitting down
10.359749999999998,90.53724670410156,10.359750000000002,104.95759582519533,10.359750000000002,92.00397491455078,10.359750000000002,83.35270690917969,10.359750000000005,79.46867370605469,Sitting down
10.369750000000003,90.53522491455078,10.36975,104.98148345947266,10.369750000000003,91.99796295166016,10.36975,83.35404205322266,10.369750000000003,79.47247314453125,Sitting down
10.379750000000001,90.54033660888672,10.379750000000001,104.98765563964844,10.379750000000001,91.99615478515624,10.379750000000001,83.35203552246094,10.379750000000001,79.48030853271484,Sitting down
10.38975,90.56588745117188,10.38975,104.99972534179688,10.389750000000003,92.00309753417967,10.38975,83.3495864868164,10.38975,79.49100494384766,Sitting down
10.399749999999997,90.57259368896484,10.399750000000001,105.01956176757812,10.399750000000001,92.0187759399414,10.399750000000001,83.34439849853516,10.399750000000004,79.50336456298828,Sitting down
10.409750000000003,90.57789611816406,10.409750000000003,105.01869201660156,10.409750000000003,92.03595733642578,10.409749999999999,83.34017181396484,10.409750000000003,79.51644134521484,Sitting down
10.41975,90.58902740478516,10.41975,105.01044464111328,10.419750000000004,92.0507354736328,10.41975,83.33529663085938,10.41975,79.53447723388672,Sitting down
10.429749999999999,90.60299682617188,10.429750000000002,104.99919128417967,10.429750000000002,92.05990600585938,10.429750000000002,83.32933807373047,10.429750000000006,79.54627227783203,Sitting down
10.439750000000004,90.61317443847656,10.43975,104.99225616455078,10.439750000000004,92.06430053710938,10.43975,83.32512664794922,10.439750000000004,79.56295013427734,Sitting down
10.449750000000002,90.61701202392578,10.449750000000002,104.99551391601562,10.449750000000002,92.06739807128906,10.449750000000002,83.32076263427734,10.449750000000002,79.57769775390625,Sitting down
10.45975,90.62203216552734,10.45975,105.0020980834961,10.459750000000003,92.0664520263672,10.45975,83.32111358642578,10.45975,79.59142303466797,Sitting down
10.469749999999998,90.6292953491211,10.469750000000001,104.99705505371094,10.469750000000001,92.0584716796875,10.469750000000001,83.3215560913086,10.469750000000005,79.60352325439453,Sitting down
10.479750000000003,90.64221954345705,10.479750000000003,104.98699951171876,10.479750000000003,92.03472137451172,10.47975,83.3225326538086,10.479750000000003,79.61703491210938,Sitting down
10.48975,90.66777801513672,10.48975,104.97493743896484,10.48975,92.00272369384766,10.48975,83.32127380371094,10.48975,79.62942504882812,Sitting down
10.499749999999999,90.6895751953125,10.499750000000002,104.9632797241211,10.499750000000002,91.97624969482422,10.499750000000002,83.32154846191406,10.499749999999999,79.64051818847656,Sitting down
10.509750000000004,90.7053680419922,10.50975,104.95658111572266,10.509750000000004,91.96918487548828,10.50975,83.31938934326172,10.509750000000004,79.6513442993164,Sitting down
10.519750000000002,90.71569061279295,10.519750000000002,104.95484924316406,10.519750000000002,91.9612274169922,10.519750000000002,83.31619262695312,10.519750000000002,79.65784454345703,Sitting down
10.52975,90.73804473876952,10.52975,104.94731903076172,10.529750000000003,91.94367980957033,10.52975,83.3134536743164,10.52975,79.66270446777344,Sitting down
10.539749999999998,90.76209259033205,10.539750000000002,104.93524932861328,10.539750000000002,91.93229675292967,10.539750000000002,83.31151580810547,10.539750000000005,79.67034912109375,Sitting down
10.549750000000003,90.77734375,10.54975,104.9186782836914,10.549750000000003,91.93212890625,10.54975,83.30998229980469,10.549750000000003,79.68235778808594,Sitting down
10.559750000000001,90.79769897460938,10.559750000000001,104.90682220458984,10.559750000000001,91.93533325195312,10.559750000000001,83.3080825805664,10.559750000000001,79.69876861572266,Sitting down
10.569749999999999,90.81293487548828,10.569750000000003,104.8974151611328,10.569750000000003,91.93380737304688,10.569749999999999,83.30549621582031,10.569749999999999,79.71043395996094,Sitting down
10.579750000000004,90.82422637939452,10.57975,104.88653564453124,10.57975,91.92144012451172,10.57975,83.30211639404297,10.579750000000004,79.70882415771484,Sitting down
10.589750000000002,90.83026885986328,10.589750000000002,104.87991333007812,10.589750000000002,91.90509796142578,10.589750000000002,83.29573059082031,10.589750000000002,79.70130157470703,Sitting down
10.59975,90.820068359375,10.59975,104.88040924072266,10.599750000000004,91.89456176757812,10.59975,83.28923034667969,10.59975,79.69630432128906,Sitting down
10.609749999999998,90.80558776855467,10.609750000000002,104.87863159179688,10.609750000000002,91.89147186279295,10.609750000000002,83.2865982055664,10.609750000000005,79.6973876953125,Sitting down
10.619750000000003,90.7947006225586,10.61975,104.87246704101562,10.619750000000003,91.8949737548828,10.61975,83.28826904296875,10.619750000000003,79.70050811767578,Sitting down
10.629750000000001,90.78661346435548,10.629750000000001,104.86756134033205,10.629750000000001,91.8970947265625,10.629750000000001,83.28839111328125,10.629750000000001,79.70500183105469,Sitting down
10.63975,90.78401947021484,10.63975,104.8637924194336,10.639750000000003,91.90425872802734,10.63975,83.28946685791016,10.63975,79.70982360839844,Sitting down
10.649749999999997,90.78723907470705,10.649750000000001,104.85403442382812,10.649750000000001,91.91012573242188,10.649750000000001,83.28897857666016,10.649750000000004,79.71845245361328,Sitting down
10.659750000000003,90.79178619384766,10.659750000000003,104.8456802368164,10.659750000000003,91.9121322631836,10.659749999999999,83.29122161865234,10.659750000000003,79.72972869873047,Sitting down
10.66975,90.79161071777344,10.66975,104.84194946289062,10.669750000000004,91.90874481201172,10.66975,83.29009246826172,10.66975,79.74358367919922,Sitting down
10.679749999999999,90.78734588623048,10.679750000000002,104.83820343017578,10.679750000000002,91.9034652709961,10.679750000000002,83.28524017333984,10.679750000000006,79.75768280029297,Sitting down
10.689750000000004,90.7833023071289,10.68975,104.8342056274414,10.689750000000004,91.89708709716795,10.68975,83.28559112548828,10.689750000000004,79.76905059814453,Sitting down
10.699750000000002,90.77674865722656,10.699750000000002,104.8284683227539,10.699750000000002,91.89418029785156,10.699750000000002,83.28610229492188,10.699750000000002,79.77792358398438,Sitting down
10.70975,90.76749420166016,10.70975,104.82229614257812,10.709750000000003,91.89505004882812,10.70975,83.28668212890625,10.70975,79.78466033935547,Sitting down
10.719749999999998,90.7600555419922,10.719750000000001,104.82659912109376,10.719750000000001,91.8945770263672,10.719750000000001,83.2890625,10.719750000000005,79.79081726074219,Sitting down
10.729750000000003,90.75341033935548,10.729750000000003,104.8471908569336,10.729750000000003,91.88946533203124,10.72975,83.28974914550781,10.729750000000003,79.79320526123047,Sitting down
10.73975,90.7450942993164,10.73975,104.85118103027344,10.73975,91.88790893554688,10.73975,83.29132843017578,10.73975,79.79346466064453,Sitting down
10.749749999999999,90.74396514892578,10.749750000000002,104.84210205078124,10.749750000000002,91.89008331298828,10.749750000000002,83.29239654541016,10.749749999999999,79.79295349121094,Sitting down
10.759750000000004,90.75997161865234,10.75975,104.82867431640624,10.759750000000004,91.89340209960938,10.75975,83.29269409179688,10.759750000000004,79.79363250732422,Sitting down
10.769750000000002,90.76819610595705,10.769750000000002,104.82372283935548,10.769750000000002,91.89381408691406,10.769750000000002,83.29088592529297,10.769750000000002,79.79951477050781,Sitting down
10.77975,90.76773071289062,10.77975,104.82280731201172,10.779750000000003,91.8960952758789,10.77975,83.28960418701172,10.77975,79.80815124511719,Sitting down
10.789749999999998,90.76744842529295,10.789750000000002,104.817626953125,10.789750000000002,91.8945541381836,10.789750000000002,83.29080200195312,10.789750000000005,79.81307220458984,Sitting down
10.799750000000003,90.77828979492188,10.79975,104.804931640625,10.799750000000003,91.89117431640624,10.79975,83.29138946533203,10.799750000000003,79.81798553466797,Sitting down
10.809750000000001,90.7820053100586,10.809750000000001,104.79071044921876,10.809750000000001,91.88951873779295,10.809750000000001,83.2925033569336,10.809750000000001,79.82197570800781,Sitting down
10.819749999999999,90.78184509277344,10.819750000000003,104.7804946899414,10.819750000000003,91.8903350830078,10.819749999999999,83.29080963134766,10.819749999999999,79.8262939453125,Sitting down
10.829750000000004,90.77342987060548,10.82975,104.77053833007812,10.82975,91.89661407470705,10.82975,83.29142761230469,10.829750000000004,79.82817840576172,Sitting down
10.839750000000002,90.7641830444336,10.839750000000002,104.76343536376952,10.839750000000002,91.89901733398438,10.839750000000002,83.29485321044922,10.839750000000002,79.82759094238281,Sitting down
10.84975,90.74859619140624,10.84975,104.7562255859375,10.849750000000004,91.90361785888672,10.84975,83.2970962524414,10.84975,79.82450866699219,Sitting down
10.859749999999998,90.73504638671876,10.859750000000002,104.74562072753906,11.559750000000001,83.02436828613281,10.859750000000002,83.29849243164062,10.859750000000005,79.81747436523438,Sitting down
10.869750000000003,90.72498321533205,10.86975,104.7380599975586,11.569749999999999,82.36959075927734,10.86975,83.29924011230469,10.869750000000003,79.80708312988281,Sitting down
10.879750000000001,90.71666717529295,10.879750000000001,104.72881317138672,11.579750000000004,81.60581970214844,10.879750000000001,83.29914855957031,10.879750000000001,79.79640197753906,Sitting down
10.88975,90.71358489990234,10.88975,104.7165756225586,11.589750000000002,81.02418518066406,10.88975,83.29817962646484,10.88975,79.78783416748047,Sitting down
10.899749999999997,90.71408081054688,10.899750000000001,104.70380401611328,11.59975,80.41810607910156,10.899750000000001,83.29570007324219,10.899750000000004,79.7871322631836,Sitting down
10.909750000000003,90.71234893798828,10.909750000000003,104.68838500976562,11.609750000000005,79.67717742919922,10.909749999999999,83.29668426513672,10.909750000000003,79.79145812988281,Sitting down
10.91975,90.70825958251952,10.91975,104.67022705078124,11.619750000000003,78.8647689819336,10.91975,83.29808044433594,10.91975,79.79720306396484,Sitting down
10.929749999999999,90.70249938964844,10.929750000000002,104.65328216552734,11.629750000000001,78.10884857177734,10.929750000000002,83.29822540283203,10.929750000000006,79.80332946777344,Sitting down
10.939750000000004,90.6927490234375,10.93975,104.637451171875,11.63975,77.20406341552734,10.93975,83.29985809326172,10.939750000000004,79.80601501464844,Sitting down
10.949750000000002,90.68254852294922,10.949750000000002,104.62113189697266,11.649750000000004,76.00377655029297,10.949750000000002,83.29920959472656,10.949750000000002,79.806640625,Sitting down
10.95975,90.6725616455078,10.95975,104.60454559326172,11.659750000000003,75.20741271972656,10.95975,83.30451965332031,10.95975,79.80657958984375,Sitting down
10.969749999999998,90.66334533691406,10.969750000000001,104.59180450439452,11.66975,74.44096374511719,10.969750000000001,83.30917358398438,10.969750000000005,79.8039321899414,Sitting down
10.979750000000003,90.65476989746094,10.979750000000003,104.57913208007812,11.679750000000006,73.52202606201172,10.97975,83.31507110595703,10.979750000000003,79.80089569091797,Sitting down
10.98975,90.6464385986328,10.98975,104.56729125976562,11.689750000000004,72.65421295166016,10.98975,83.32054138183594,10.98975,79.7977066040039,Sitting down
10.999749999999999,90.640625,10.999750000000002,104.549072265625,11.699750000000002,71.58672332763672,10.999750000000002,83.32656860351562,10.999749999999999,79.79784393310547,Sitting down
11.009750000000004,90.6402359008789,11.00975,104.52790832519533,11.70975,70.91423797607422,11.00975,83.32989501953125,11.009750000000004,79.80409240722656,Sitting down
11.019750000000002,90.63919067382812,11.019749999999998,104.50659942626952,11.719750000000005,70.26107025146484,11.019750000000002,83.333740234375,11.019750000000002,79.8158950805664,Sitting down
11.02975,90.63156127929688,11.029750000000003,104.4905776977539,11.729750000000003,69.54505157470703,11.02975,83.33683776855469,11.02975,79.8315200805664,Sitting down
11.039750000000005,90.61720275878906,11.039750000000002,104.47611236572266,11.73975,68.84248352050781,11.039750000000002,83.34086608886719,11.039750000000005,79.8492431640625,Sitting down
11.049750000000003,90.60075378417967,11.04975,104.46127319335938,11.749749999999999,68.12176513671875,11.04975,83.3446044921875,11.049750000000003,79.8695068359375,Sitting down
11.059750000000001,90.58262634277344,11.059749999999998,104.44500732421876,11.759750000000004,67.37034606933594,11.059750000000001,83.34892272949219,11.059750000000001,79.8875961303711,Sitting down
11.069749999999999,90.56378936767578,11.069750000000003,104.42626953125,11.769750000000002,66.62277221679688,11.069749999999999,83.35466766357422,11.069749999999999,79.9074478149414,Sitting down
11.079750000000004,90.54242706298828,11.07975,104.4092025756836,11.77975,65.93110656738281,11.07975,83.36001586914062,11.079750000000004,79.92427062988281,Sitting down
11.089750000000002,90.5229949951172,11.089749999999999,104.38967895507812,11.789750000000005,65.2890625,11.089750000000002,83.36487579345703,11.089750000000002,79.9350357055664,Sitting down
11.09975,90.50593566894533,11.099750000000004,104.37396240234376,11.799750000000003,64.64238739013672,11.09975,83.3698959350586,11.09975,79.93939208984375,Sitting down
11.109750000000005,90.49209594726562,11.109750000000002,104.36090087890624,11.809750000000001,63.99296951293945,11.109750000000002,83.37438201904297,11.109750000000005,79.94176483154297,Sitting down
11.119750000000003,90.47879028320312,11.11975,104.35069274902344,11.819749999999999,63.304954528808594,11.11975,83.37894439697266,11.119750000000003,79.94670104980469,Sitting down
11.129750000000001,90.4691390991211,11.129749999999998,104.33848571777344,11.829750000000004,62.56769943237305,11.129750000000001,83.3825454711914,11.129750000000001,79.95613861083984,Sitting down
11.13975,90.45468139648438,11.139750000000003,104.3277587890625,11.839750000000002,61.85055541992188,11.13975,83.38385772705078,11.13975,79.96324157714844,Sitting down
11.149750000000004,90.43234252929688,11.149750000000001,104.30854034423828,11.84975,61.17814636230469,11.149750000000001,83.38509368896484,11.149750000000004,79.96756744384766,Sitting down
11.159750000000003,90.40960693359376,11.159749999999999,104.29817199707033,11.859750000000005,60.52533721923828,11.159749999999999,83.38648223876953,11.159750000000003,79.96942901611328,Sitting down
11.16975,90.38582611083984,11.169750000000004,104.29258728027344,11.869750000000003,59.858489990234375,11.16975,83.38971710205078,11.16975,79.96858215332031,Sitting down
11.179750000000006,90.36080932617188,11.179750000000002,104.28333282470705,11.879750000000001,59.19742965698242,11.179750000000002,83.39269256591797,11.179750000000006,79.96635437011719,Sitting down
11.189750000000004,90.33161163330078,11.18975,104.28140258789062,11.88975,58.51512145996094,11.18975,83.39241027832031,11.189750000000004,79.96270751953125,Sitting down
11.199750000000002,90.29647064208984,11.199749999999998,104.28209686279295,11.899750000000004,57.84323501586914,11.199750000000002,83.39219665527344,11.199750000000002,79.95513916015625,Sitting down
11.20975,90.25291442871094,11.209750000000003,104.2772445678711,11.909750000000003,57.19579315185547,11.20975,83.38863372802734,11.20975,79.94088745117188,Sitting down
11.219750000000005,90.1989288330078,11.219750000000001,104.283203125,11.91975,56.53633880615234,11.219750000000001,83.38418579101562,11.219750000000005,79.9179916381836,Sitting down
11.229750000000003,90.14361572265624,11.22975,104.30314636230467,11.929750000000006,55.82622909545898,11.22975,83.38260650634766,11.229750000000003,79.89077758789062,Sitting down
11.23975,90.08406066894533,11.239750000000004,104.32738494873048,11.939750000000004,55.08823394775391,11.23975,83.37935638427734,11.23975,79.85897064208984,Sitting down
11.249750000000006,90.01194763183594,11.249750000000002,104.35965728759766,11.949750000000002,54.31121444702149,11.249750000000002,83.37267303466797,11.249749999999999,79.82344818115234,Sitting down
11.259750000000004,89.9264144897461,11.25975,104.3961181640625,11.95975,53.522220611572266,11.25975,83.36402893066406,11.259750000000004,79.78438568115234,Sitting down
11.269750000000002,89.82280731201172,11.269749999999998,104.44110107421876,11.969750000000005,52.77129364013672,11.269750000000002,83.35289764404297,11.269750000000002,79.73734283447266,Sitting down
11.27975,89.69730377197266,11.279750000000003,104.4922332763672,11.979750000000003,52.06071090698242,11.27975,83.33919525146484,11.27975,79.68191528320312,Sitting down
11.289750000000005,89.54656219482422,11.289750000000002,104.55785369873048,11.98975,51.37704849243164,11.289749999999998,83.32463073730469,11.289750000000005,79.61373901367188,Sitting down
11.299750000000003,89.36959838867188,11.29975,104.6369171142578,11.999749999999999,50.692142486572266,11.299750000000003,83.30836486816406,11.299750000000003,79.53086853027344,Sitting down
11.309750000000001,89.17798614501953,11.309749999999998,104.72074127197266,12.009750000000004,49.99027633666992,11.309750000000001,83.29252624511719,11.309750000000001,79.43060302734375,Sitting down
11.319749999999999,88.96211242675781,11.319750000000003,104.79942321777344,12.019750000000002,49.29207992553711,11.319749999999999,83.27445983886719,11.319749999999999,79.31354522705078,Sitting down
11.329750000000004,88.7199935913086,11.32975,104.87549591064452,12.02975,48.59350204467773,11.329749999999997,83.25387573242188,11.329750000000004,79.18437957763672,Sitting down
11.339750000000002,88.46488952636719,11.339749999999999,104.95150756835938,12.039750000000005,47.87867736816406,11.339750000000002,83.22991943359375,11.339750000000002,79.04550170898438,Sitting down
11.34975,88.19005584716797,11.349750000000004,105.0246810913086,12.049750000000003,47.2013053894043,11.34975,83.20455169677734,11.34975,78.90775299072266,Sitting down
11.359750000000005,87.88681030273438,11.359750000000002,105.0932159423828,12.059750000000001,46.56916809082031,11.359749999999998,83.1799087524414,11.359750000000005,78.77970123291016,Sitting down
11.369750000000003,87.54484558105469,11.36975,105.1655044555664,12.069749999999999,45.9309196472168,11.369750000000003,83.15310668945312,11.369750000000003,78.65499877929688,Sitting down
11.379750000000001,87.14117431640625,11.379749999999998,105.24430847167967,12.079750000000004,45.27932357788086,11.379750000000001,83.12528228759766,11.379750000000001,78.53608703613281,Sitting down
11.38975,86.70325469970703,11.389750000000003,105.3261947631836,12.089750000000002,44.63862228393555,11.38975,83.09713745117188,11.389750000000006,78.41755676269531,Sitting down
11.399750000000004,86.22959899902344,11.399750000000001,105.40910339355467,12.09975,44.0156478881836,11.399749999999997,83.07185363769531,11.399750000000004,78.29602813720703,Sitting down
11.409750000000003,85.68096923828125,11.409749999999999,105.4912109375,12.109750000000005,43.44685363769531,11.409750000000003,83.04728698730469,11.409750000000003,78.16595458984375,Sitting down
11.41975,85.1407241821289,11.419750000000004,105.5635223388672,12.119750000000003,42.898685455322266,11.41975,83.01580047607422,11.41975,78.0181655883789,Sitting down
11.429750000000006,84.55890655517578,11.429750000000002,105.62222290039062,12.129750000000001,42.348724365234375,11.429749999999999,82.97956085205078,11.429750000000006,77.85470581054688,Sitting down
11.439750000000004,83.94512176513672,11.43975,105.66265106201172,12.13975,41.8059196472168,11.439750000000004,82.94387817382812,11.439750000000004,77.66484832763672,Sitting down
11.449750000000002,83.33732604980469,11.449749999999998,105.68931579589844,12.149750000000004,41.25057601928711,11.449750000000002,82.9084701538086,11.449750000000002,77.45133972167969,Sitting down
11.45975,82.67730712890625,11.459750000000003,105.70996856689452,12.159750000000003,40.66743469238281,11.45975,82.86940002441406,11.459750000000007,77.22703552246094,Sitting down
11.469750000000005,81.9749984741211,11.469750000000001,105.7135772705078,12.16975,40.06735610961914,11.469749999999998,82.82884216308594,11.469750000000005,76.98042297363281,Sitting down
11.479750000000003,81.23550415039062,11.47975,105.71536254882812,12.179750000000006,39.47262954711914,11.479750000000003,82.79527282714844,11.479750000000003,76.69364929199219,Sitting down
11.48975,80.4202651977539,11.489750000000004,105.7083511352539,12.189750000000004,38.90160751342773,11.48975,82.76497650146484,11.48975,76.35877227783203,Sitting down
11.499750000000006,79.74126434326172,11.499750000000002,105.689208984375,12.199750000000002,38.34077453613281,11.499749999999999,82.73882293701172,11.499750000000006,75.97191619873047,Sitting down
11.509750000000004,79.08355712890625,11.50975,105.6430435180664,12.20975,37.791873931884766,11.509750000000004,82.71692657470703,11.509750000000004,75.54117584228516,Sitting down
11.519750000000002,78.35192108154297,11.519749999999998,105.5834503173828,12.219750000000005,37.25128173828125,11.519750000000002,82.70305633544922,11.519750000000002,75.06726837158203,Sitting down
11.52975,77.57759094238281,11.529750000000003,105.51277160644533,12.229750000000003,36.711952209472656,11.52975,82.69873046875,11.529750000000007,74.57083129882812,Sitting down
11.539750000000005,76.67787170410156,11.539750000000002,105.43424224853516,12.23975,36.17881393432617,11.539749999999998,82.70221710205078,11.539750000000005,74.05989837646484,Sitting down
11.549750000000003,75.83098602294922,11.54975,105.36544799804688,12.249749999999999,35.646480560302734,11.549750000000003,82.7251968383789,11.549750000000003,73.54161071777344,Sitting down
11.559750000000001,75.10749053955078,11.559749999999998,105.3046417236328,12.259750000000004,35.1138916015625,11.559750000000001,82.75218200683594,11.559750000000001,73.00588989257812,Sitting down
11.569749999999999,74.43557739257812,11.569750000000003,105.23509216308594,12.269750000000002,34.57474899291992,11.569749999999999,82.79769134521484,11.569750000000006,72.4489517211914,Sitting down
11.579750000000004,73.79598999023438,11.57975,105.1663589477539,12.27975,34.03304672241211,11.579749999999997,82.85034942626953,11.579750000000004,71.87330627441406,Sitting down
11.589750000000002,73.18433380126953,11.589749999999999,105.09485626220705,12.289750000000005,33.49248504638672,11.589750000000002,82.91028594970703,11.589750000000002,71.27933502197266,Sitting down
11.59975,72.5572280883789,11.599750000000004,104.99684143066406,12.299750000000003,32.96464157104492,11.59975,82.98188781738281,11.599750000000007,70.66780090332031,Sitting down
11.609750000000005,71.88341522216797,11.609750000000002,104.89056396484376,12.309750000000001,32.455078125,11.609749999999998,83.04693603515625,11.609750000000005,70.06500244140625,Sitting down
11.619750000000003,71.18472290039062,11.61975,104.81480407714844,12.319749999999999,31.96363067626953,11.619750000000003,83.08936309814453,11.619750000000003,69.45121765136719,Sitting down
11.629750000000001,70.53709411621094,11.629749999999998,104.73011779785156,12.329750000000004,31.493173599243164,11.629750000000001,83.1240005493164,11.629750000000001,68.84295654296875,Sitting down
11.63975,69.88629913330078,11.639750000000003,104.66561889648438,12.339750000000002,31.01607131958008,11.63975,83.1418228149414,11.639750000000006,68.22473907470703,Sitting down
11.649750000000004,69.2436752319336,11.649750000000001,104.6230926513672,12.34975,30.53901672363281,11.649749999999997,83.15140533447266,11.649750000000004,67.59429931640625,Sitting down
11.659750000000003,68.5490493774414,11.659749999999999,104.6057586669922,12.359750000000005,30.05353164672852,11.659750000000003,83.18140411376953,11.659750000000003,66.95304107666016,Sitting down
11.66975,68.01290130615234,11.669750000000004,104.6142807006836,12.36975,29.56963539123535,11.66975,83.20899963378906,11.66975,66.28899383544922,Sitting down
11.679750000000006,67.46704864501953,11.679750000000002,104.63410186767578,12.379750000000001,29.09148597717285,11.679749999999999,83.24386596679688,11.679750000000006,65.57865905761719,Sitting down
11.689750000000004,66.80252838134766,11.68975,104.68734741210938,12.38975,28.62425804138184,11.689750000000004,83.29350280761719,11.689750000000004,64.88306427001953,Sitting down
11.699750000000002,66.13272857666016,11.699749999999998,104.7551040649414,12.399750000000004,28.18364524841309,11.699750000000002,83.35942840576172,11.699750000000002,64.19026184082031,Sitting down
11.70975,65.48717498779297,11.709750000000003,104.81537628173828,12.409750000000003,27.756196975708008,11.70975,83.4425277709961,11.709750000000007,63.49617385864258,Sitting down
11.719750000000005,64.79216766357422,11.719750000000001,104.8600082397461,12.41975,27.33512115478516,11.719749999999998,83.5328140258789,11.719750000000005,62.79498672485352,Sitting down
11.729750000000003,64.0599594116211,11.72975,104.90802001953124,12.429750000000006,26.9093074798584,11.729750000000003,83.63980865478516,11.729750000000003,62.093997955322266,Sitting down
11.73975,63.35655975341797,11.739750000000004,104.99703979492188,12.439750000000004,26.4805908203125,11.73975,83.76553344726562,11.73975,61.420711517333984,Sitting down
11.749750000000006,62.6733627319336,11.749750000000002,105.1257553100586,12.449750000000002,26.07543182373047,11.749749999999999,83.87877655029297,11.749750000000006,60.79187774658203,Sitting down
11.759750000000004,61.99935150146485,11.75975,105.30179595947266,12.45975,25.677152633666992,11.759750000000004,83.96849060058594,11.759750000000004,60.13839721679688,Sitting down
11.769750000000002,61.34708786010742,11.769749999999998,105.4426498413086,12.469750000000005,25.271774291992188,11.769750000000002,84.03040313720703,11.769750000000002,59.49161911010742,Sitting down
11.77975,60.70123291015625,11.779750000000003,105.56439971923828,12.479750000000003,24.869892120361328,11.77975,84.07553100585938,11.779750000000007,58.85894775390625,Sitting down
11.789750000000005,60.03937530517578,11.789750000000002,105.67363739013672,12.48975,24.46152687072754,11.789749999999998,84.12418365478516,11.789750000000005,58.25013732910156,Sitting down
11.799750000000003,59.348140716552734,11.79975,105.77815246582033,12.499750000000002,24.053016662597656,11.799750000000003,84.1837387084961,11.799750000000003,57.66417694091797,Sitting down
11.809750000000001,58.65458679199219,11.809749999999998,105.87616729736328,12.509750000000004,23.64828872680664,11.809750000000001,84.26106262207031,11.809750000000001,57.08327865600586,Sitting down
11.819749999999999,57.93724060058594,11.819750000000003,105.9767074584961,12.519750000000002,23.257471084594727,11.819749999999999,84.35032653808594,11.819750000000006,56.54487609863281,Sitting down
11.829750000000004,57.20989227294922,11.82975,106.07247924804688,12.52975,22.876605987548828,11.829749999999997,84.44964599609375,11.829750000000004,56.03862380981445,Sitting down
11.839750000000002,56.49741363525391,11.839749999999999,106.1605453491211,12.539750000000005,22.49995422363281,11.839750000000002,84.543701171875,11.839750000000002,55.55948638916016,Sitting down
11.84975,55.79079818725586,11.849750000000004,106.252685546875,12.54975,22.12991714477539,11.84975,84.61238098144531,11.849750000000007,55.1112174987793,Sitting down
11.859750000000005,55.07356262207031,11.859750000000002,106.3574447631836,12.559750000000001,21.7592830657959,11.859749999999998,84.66266632080078,11.859750000000005,54.66363143920898,Sitting down
11.869750000000003,54.34638595581055,11.86975,106.45858764648438,12.569750000000003,21.38702774047852,11.869750000000003,84.71409606933594,11.869750000000003,54.26274871826172,Sitting down
11.879750000000001,53.62258529663086,11.879749999999998,106.55896759033205,12.579750000000004,21.013471603393555,11.879750000000001,84.76583862304688,11.879750000000001,53.896263122558594,Sitting down
11.88975,52.88280487060547,11.889750000000003,106.64427185058594,12.589750000000002,20.635168075561523,11.88975,84.8315200805664,11.889750000000006,53.53083419799805,Sitting down
11.899750000000004,52.126346588134766,11.899750000000001,106.7270965576172,12.59975,20.275842666625977,11.899749999999997,84.89624786376953,11.899750000000004,53.1568603515625,Sitting down
11.909750000000003,51.412052154541016,11.909749999999999,106.81198120117188,12.609750000000005,19.97226524353028,11.909750000000003,84.9604721069336,11.909750000000003,52.772369384765625,Sitting down
11.91975,50.73083114624024,11.919750000000004,106.89078521728516,12.61975,19.705829620361328,11.91975,85.02031707763672,11.91975,52.40599822998047,Sitting down
11.929750000000006,50.0551643371582,11.929750000000002,106.95122528076172,12.629750000000001,19.459985733032227,11.929749999999999,85.07627868652344,11.929750000000006,52.06077194213867,Sitting down
11.939750000000004,49.341827392578125,11.93975,106.99929809570312,12.63975,19.2251205444336,11.939750000000004,85.12812042236328,11.939750000000004,51.72829818725586,Sitting down
11.949750000000002,48.60988235473633,11.949749999999998,107.03864288330078,12.649750000000004,18.98179626464844,11.949750000000002,85.15279388427734,11.949750000000002,51.42856597900391,Sitting down
11.95975,47.87583541870117,11.959750000000003,107.0671615600586,12.659750000000003,18.709392547607425,11.95975,85.14490509033203,11.959750000000007,51.14314651489258,Sitting down
11.969750000000005,47.1518783569336,11.969750000000001,107.06761932373048,12.66975,18.433712005615234,11.969749999999998,85.12693786621094,11.969750000000005,50.90027618408203,Sitting down
11.979750000000003,46.47737884521485,11.97975,107.0752410888672,12.679750000000006,18.171669006347656,11.979750000000003,85.11692810058594,11.979750000000003,50.67768478393555,Sitting down
11.98975,45.85736083984375,11.989750000000004,107.10627746582033,12.689750000000004,17.926128387451172,11.98975,85.11750793457031,11.98975,50.47393035888672,Sitting down
11.999750000000006,45.24652862548828,11.999750000000002,107.14586639404295,12.699750000000002,17.67265510559082,11.999749999999999,85.1192855834961,11.999750000000006,50.30146789550781,Sitting down
12.009750000000004,44.61254119873047,12.00975,107.18531036376952,12.70975,17.41964340209961,12.009750000000004,85.11368560791016,12.009750000000004,50.15124130249024,Sitting down
12.019750000000002,43.96898651123047,12.019749999999998,107.22472381591795,12.719750000000005,17.175931930541992,12.019750000000002,85.1082763671875,12.019750000000002,50.027103424072266,Sitting down
12.02975,43.32738494873047,12.029750000000003,107.240966796875,12.729750000000003,16.969560623168945,12.02975,85.09935760498047,12.029750000000007,49.946266174316406,Sitting down
12.039750000000005,42.70051574707031,12.039750000000002,107.22611236572266,12.73975,16.856454849243164,12.039749999999998,85.0973892211914,12.039750000000005,49.87483596801758,Sitting down
12.049750000000003,42.10127639770508,12.04975,107.18277740478516,12.749750000000002,16.829586029052734,12.049750000000003,85.12647247314453,12.049750000000003,49.82962417602539,Sitting down
12.059750000000001,41.53843688964844,12.059749999999998,107.14453125,12.759750000000004,16.77585792541504,12.059750000000001,85.18814849853516,12.059750000000001,49.79903030395508,Sitting down
12.069749999999999,40.977516174316406,12.069750000000003,107.09827423095705,12.769750000000002,16.6453800201416,12.069749999999999,85.27214050292969,12.069750000000006,49.78756713867188,Sitting down
12.079750000000004,40.39636993408203,12.07975,107.03890991210938,12.77975,16.536949157714844,12.079749999999997,85.36331939697266,12.079750000000004,49.742523193359375,Sitting down
12.089750000000002,39.78975677490234,12.089749999999999,106.96844482421876,12.789750000000005,16.40287971496582,12.089750000000002,85.45491790771484,12.089750000000002,49.58711624145508,Sitting down
12.09975,39.16030502319336,12.099750000000004,106.89620208740234,12.79975,16.255735397338867,12.09975,85.52242279052734,12.099750000000007,49.53511047363281,Sitting down
12.109750000000005,38.55303955078125,12.109750000000002,106.82194519042967,12.809750000000001,16.117656707763672,12.109749999999998,85.54765319824219,12.109750000000005,49.49460220336914,Sitting down
12.119750000000003,37.96440505981445,12.11975,106.7494659423828,12.819750000000003,15.977604866027832,12.119750000000003,85.54700469970703,12.119750000000003,49.361473083496094,Sitting down
12.129750000000001,37.3909912109375,12.129749999999998,106.67550659179688,12.829750000000004,15.85433292388916,12.129750000000001,85.52207946777344,12.129750000000001,49.26506805419922,Sitting down
12.13975,36.82373809814453,12.139750000000003,106.5990982055664,12.839750000000002,15.71174430847168,12.13975,85.49642944335938,12.139750000000006,49.204872131347656,Sitting down
12.149750000000004,36.260345458984375,12.149750000000001,106.50798034667967,12.84975,15.55634880065918,12.149749999999997,85.47981262207031,12.149750000000004,49.2213134765625,Sitting down
12.159750000000003,35.705833435058594,12.159749999999999,106.40957641601562,12.859750000000005,15.397695541381836,12.159750000000003,85.47450256347656,12.159750000000003,49.29589080810547,Sitting down
12.16975,35.170597076416016,12.169750000000004,106.30262756347656,12.86975,15.248023986816406,12.16975,85.47217559814453,12.16975,49.38639831542969,Sitting down
12.179750000000006,34.65892028808594,12.179750000000002,106.18611907958984,12.879750000000001,15.119117736816406,12.179749999999999,85.47084045410156,12.179750000000006,49.48678588867188,Sitting down
12.189750000000004,34.14459991455078,12.18975,106.06198120117188,12.88975,15.000788688659668,12.189750000000004,85.47367858886719,12.189750000000004,49.60760116577149,Sat
12.199750000000002,33.61961364746094,12.199749999999998,105.92666625976562,12.899750000000004,14.853852272033691,12.199750000000002,85.47978210449219,12.199750000000002,49.758544921875,Sat
12.20975,33.080406188964844,12.209750000000003,105.79087829589844,12.909750000000003,14.686614990234377,12.20975,85.47945404052734,12.209750000000007,49.88048553466797,Sat
12.219750000000005,32.52729797363281,12.219750000000001,105.6465301513672,12.91975,14.51002597808838,12.219749999999998,85.47034454345703,12.219750000000005,49.98048400878906,Sat
12.229750000000003,31.973278045654297,12.22975,105.49248504638672,12.929750000000006,14.356406211853027,12.229750000000003,85.45552062988281,12.229750000000003,50.07105255126953,Sat
12.23975,31.42662048339844,12.239750000000004,105.3467254638672,12.939750000000004,14.21620273590088,12.23975,85.43870544433594,12.23975,50.15422439575195,Sat
12.249750000000006,30.892728805541992,12.249750000000002,105.19947814941406,12.949750000000002,14.070547103881836,12.249749999999999,85.42143249511719,12.249750000000006,50.25122833251953,Sat
12.259750000000004,30.3712100982666,12.25975,105.05225372314452,12.95975,13.91697597503662,12.259750000000004,85.40079498291016,12.259750000000004,50.38117599487305,Sat
12.269750000000002,29.87006568908692,12.269749999999998,104.90125274658205,12.969750000000005,13.767539024353027,12.269750000000002,85.38365936279297,12.269750000000002,50.53083801269531,Sat
12.27975,29.38832092285156,12.279750000000003,104.72682189941406,12.979750000000003,13.606329917907717,12.27975,85.38526916503906,12.279750000000007,50.72324752807617,Sat
12.289750000000005,28.89957427978516,12.289750000000002,104.59241485595705,12.98975,13.39850902557373,12.289749999999998,85.39723205566406,12.289750000000005,50.92695617675781,Sat
12.299750000000003,28.411449432373047,12.29975,104.45249938964844,12.999750000000002,13.172358512878418,12.299750000000003,85.4177017211914,12.299750000000003,51.12641906738281,Sat
12.309750000000001,27.930238723754883,12.309749999999998,104.30880737304688,13.009750000000004,12.951116561889648,12.309750000000001,85.44705200195312,12.309750000000001,51.317344665527344,Sat
12.319749999999999,27.46035957336425,12.319750000000003,104.17138671875,13.019750000000002,12.746105194091797,12.319749999999999,85.48133087158203,12.319750000000006,51.51490020751953,Sat
12.329750000000004,26.989320755004883,12.32975,104.0257797241211,13.02975,12.576973915100098,12.32975,85.5165023803711,12.329750000000004,51.71573638916016,Sat
12.339750000000002,26.51616096496582,12.339750000000002,103.87516784667967,13.039750000000005,12.435246467590332,12.339750000000002,85.55059051513672,12.339750000000002,51.918087005615234,Sat
12.34975,26.0506591796875,12.349750000000004,103.72528839111328,13.04975,12.33106517791748,12.34975,85.58078002929688,12.349750000000007,52.135047912597656,Sat
12.359750000000005,25.59218978881836,12.359750000000002,103.58480072021484,13.059750000000001,12.241575241088867,12.359750000000002,85.60875701904297,12.359750000000005,52.35477828979492,Sat
12.36975,25.151456832885746,12.36975,103.46588897705078,13.069750000000003,12.130003929138184,12.36975,85.63256072998047,12.36975,52.60696792602539,Sat
12.379750000000001,24.74243354797364,12.379750000000001,103.35314178466795,13.079750000000004,11.992122650146484,12.379750000000001,85.65019226074219,12.379750000000001,52.891231536865234,Sat
12.38975,24.350492477416992,12.38975,103.24131774902344,13.089750000000002,11.87180519104004,12.38975,85.66475677490234,12.389750000000006,53.20012283325195,Sat
12.399750000000004,23.96550941467285,12.399750000000001,103.11833953857422,13.09975,11.91299819946289,12.399750000000001,85.67835235595703,12.399750000000004,53.52106857299805,Sat
12.409750000000003,23.584449768066406,12.409750000000003,102.99618530273438,13.109750000000005,11.96908187866211,12.409750000000003,85.68403625488281,12.409750000000003,53.83977890014648,Sat
12.41975,23.218402862548828,12.419750000000004,102.88011932373048,13.11975,11.924072265625,12.41975,85.68376922607422,12.41975,54.141971588134766,Sat
12.429750000000006,22.843711853027344,12.429750000000002,102.77994537353516,13.129750000000001,11.828086853027344,12.429750000000002,85.68270111083984,12.429750000000006,54.43330383300781,Sat
12.439750000000004,22.465314865112305,12.43975,102.68309020996094,13.13975,11.822731018066406,12.439750000000004,85.68241882324219,12.439750000000004,54.70501708984375,Sat
12.449750000000002,22.0944938659668,12.449750000000002,102.5880355834961,13.149750000000004,11.849652290344238,12.449750000000002,85.6914291381836,12.449750000000002,54.94797897338867,Sat
12.45975,21.72603225708008,12.45975,102.49591064453124,13.159750000000003,11.84325122833252,12.45975,85.69886779785156,12.45975000000001,55.18750762939453,Sat
12.469750000000005,21.353946685791016,12.469750000000001,102.40960693359376,13.16975,11.808713912963867,12.469750000000001,85.69488525390625,12.469750000000005,55.46021270751953,Sat
12.479750000000003,20.994836807250977,12.479750000000003,102.31893157958984,13.179750000000006,11.83535385131836,12.479750000000003,85.68070983886719,12.479750000000003,55.79783248901367,Sat
12.48975,20.65389060974121,12.489750000000004,102.23095703125,13.189750000000004,11.86892318725586,12.48975,85.6555404663086,12.48975,56.19053649902344,Sat
12.499750000000006,20.330352783203125,12.499750000000002,102.1531753540039,13.199750000000002,11.81316089630127,12.499750000000002,85.62498474121094,12.499750000000006,56.61531829833984,Sat
12.509750000000004,20.018421173095703,12.50975,102.0725326538086,13.20975,11.771842956542969,12.509750000000004,85.59160614013672,12.509750000000004,57.06900787353516,Sat
12.519750000000002,19.7077865600586,12.519750000000002,101.98683166503906,13.219750000000005,11.733400344848633,12.519750000000002,85.5418701171875,12.519750000000002,57.51652145385742,Sat
12.52975,19.40531349182129,12.52975,101.9056167602539,13.229750000000003,11.70771598815918,12.52975,85.50017547607422,12.52975000000001,57.931488037109375,Sat
12.539750000000005,19.11744880676269,12.539750000000002,101.83876037597656,13.23975,11.699385643005373,12.539750000000002,85.46196746826172,12.539750000000005,58.31330490112305,Sat
12.54975,18.826313018798828,12.54975,101.77381134033205,13.249750000000002,11.672795295715332,12.54975,85.4185791015625,12.54975,58.66324996948242,Sat
12.559750000000001,18.545669555664062,12.559750000000001,101.70240020751952,13.259750000000004,11.65083122253418,12.559750000000001,85.38060760498047,12.559750000000001,59.0171012878418,Sat
12.569750000000003,18.282546997070312,12.569750000000003,101.6236572265625,13.269750000000002,11.606578826904297,12.569750000000003,85.3490219116211,12.569750000000006,59.41110610961914,Sat
12.579750000000004,18.04279327392578,12.57975,101.53314208984376,13.27975,11.57530403137207,12.57975,85.3145980834961,12.579750000000004,59.85971832275391,Sat
12.589750000000002,17.800569534301758,12.589750000000002,101.41985321044922,13.289750000000005,11.551767349243164,12.589750000000002,85.27050018310547,12.589750000000002,60.31853866577149,Sat
12.59975,17.546064376831055,12.599750000000004,101.28580474853516,13.29975,11.554356575012209,12.59975,85.2276611328125,12.599750000000007,60.7490119934082,Sat
12.609750000000005,17.282339096069336,12.609750000000002,101.17755889892578,13.309750000000001,11.60027027130127,12.609750000000002,85.19023132324219,12.609750000000005,61.1513557434082,Sat
12.61975,17.026357650756836,12.61975,101.08992004394533,13.319750000000003,11.641669273376465,12.61975,85.15863037109375,12.61975,61.57676696777344,Sat
12.629750000000001,16.78730583190918,12.629750000000001,101.00331115722656,13.329750000000004,11.66302490234375,12.629750000000001,85.126708984375,12.629750000000001,62.06752395629883,Sat
12.63975,16.57318687438965,12.63975,100.92720794677734,13.339750000000002,11.676751136779783,12.63975,85.07845306396484,12.639750000000006,62.58335876464844,Sat
12.649750000000004,16.38894271850586,12.649750000000001,100.84911346435548,13.34975,11.65557098388672,12.649750000000001,85.01306915283203,12.649750000000004,63.127227783203125,Sat
12.659750000000003,16.22810935974121,12.659750000000003,100.76823425292967,13.359750000000005,11.600598335266112,12.659750000000003,84.9212875366211,12.659750000000003,63.69536972045898,Sat
12.66975,16.08308219909668,12.669750000000004,100.6907958984375,13.36975,11.563820838928224,12.66975,84.80101776123047,12.66975,64.2452163696289,Sat
12.679750000000006,15.92931842803955,12.679750000000002,100.61006927490234,13.379750000000001,11.573857307434082,12.679750000000002,84.69562530517578,12.679750000000006,64.78231811523438,Sat
12.689750000000004,15.7583589553833,12.68975,100.51873779296876,13.38975,11.5858793258667,12.689750000000004,84.62702941894531,12.689750000000004,65.29035949707031,Sat
12.699750000000002,15.573871612548828,12.699750000000002,100.4318618774414,13.399750000000004,11.55514907836914,12.699750000000002,84.58474731445312,12.699750000000002,65.79705810546875,Sat
12.70975,15.382983207702637,12.70975,100.35491180419922,13.409750000000003,11.53574275970459,12.70975,84.5558853149414,12.70975000000001,66.3286361694336,Sat
12.719750000000005,15.199196815490724,12.719750000000001,100.29937744140624,13.41975,11.593268394470217,12.719750000000001,84.52976989746094,12.719750000000005,66.89128112792969,Sat
12.729750000000003,15.04550075531006,12.729750000000003,100.24465942382812,13.429750000000006,11.60984992980957,12.729750000000003,84.49095916748047,12.729750000000003,67.469482421875,Sat
12.73975,14.906238555908203,12.739750000000004,100.173828125,13.439750000000004,11.602394104003906,12.73975,84.43569946289062,12.73975,68.04975128173828,Sat
12.749750000000006,14.77795696258545,12.749750000000002,100.1007843017578,13.449750000000002,11.632055282592772,12.749750000000002,84.35738372802734,12.749750000000006,68.64070129394531,Sat
12.759750000000004,14.66323184967041,12.75975,100.02547454833984,13.45975,11.671905517578123,12.759750000000004,84.27162170410156,12.759750000000004,69.23432159423828,Sat
12.769750000000002,14.550992965698242,12.769750000000002,99.9592514038086,13.469750000000005,11.724584579467772,12.769750000000002,84.1947250366211,12.769750000000002,69.8338394165039,Sat
12.77975,14.443764686584473,12.77975,99.9040069580078,13.479750000000003,11.728655815124512,12.77975,84.13458251953125,12.77975000000001,70.43888854980469,Sat
12.789750000000005,14.320817947387695,12.789750000000002,99.85637664794922,13.48975,11.724695205688477,12.789750000000002,84.0935287475586,12.789750000000005,71.04129791259766,Sat
12.79975,14.184211730957031,12.79975,99.81015014648438,13.499750000000006,11.73301887512207,12.79975,84.06216430664062,12.79975,71.6365737915039,Sat
12.809750000000001,14.042994499206545,12.809750000000001,99.7664566040039,13.509750000000004,11.745861053466797,12.809750000000001,84.04134368896484,12.809750000000001,72.22340393066406,Sat
12.819750000000003,13.889488220214844,12.819750000000003,99.71794128417967,13.519750000000002,11.750749588012695,12.819750000000003,84.02407836914062,12.819750000000006,72.81813049316406,Sat
12.829750000000004,13.726906776428224,12.82975,99.66632843017578,13.52975,11.761578559875488,12.82975,84.0058822631836,12.829750000000004,73.41246032714844,Sat
12.839750000000002,13.579123497009276,12.839750000000002,99.61000061035156,13.539750000000005,11.775323867797852,12.839750000000002,83.98709869384766,12.839750000000002,74.0002212524414,Sat
12.84975,13.449711799621582,12.849750000000004,99.54955291748048,13.54975,11.771499633789062,12.84975,83.96334838867188,12.849750000000007,74.57573699951172,Sat
12.859750000000005,13.341656684875488,12.859750000000002,99.4899673461914,13.559750000000001,11.764066696166992,12.859750000000002,83.94246673583984,12.859750000000005,75.15735626220703,Sat
12.86975,13.256808280944824,12.86975,99.43011474609376,13.569750000000003,11.748970985412598,12.86975,83.91858673095703,12.86975,75.7382583618164,Sat
12.879750000000001,13.16831111907959,12.879750000000001,99.36907958984376,13.579750000000004,11.730613708496094,12.879750000000001,83.89891815185547,12.879750000000001,76.30546569824219,Sat
12.88975,13.072989463806152,12.88975,99.30779266357422,13.589750000000002,11.71791648864746,12.88975,83.88459777832031,12.889750000000006,76.86946105957031,Sat
12.899750000000004,12.982781410217283,12.899750000000001,99.24549102783205,13.59975,11.711817741394045,12.899750000000001,83.87419128417969,12.899750000000004,77.4203872680664,Sat
12.909750000000003,12.895888328552246,12.909750000000003,99.18366241455078,13.609750000000005,11.703791618347168,12.909750000000003,83.86469268798828,12.909750000000003,77.96473693847656,Sat
12.91975,12.811105728149414,12.919750000000004,99.1206283569336,13.61975,11.701973915100098,12.91975,83.86656188964844,12.91975,78.49942016601562,Sat
12.929750000000006,12.717514038085938,12.929750000000002,99.05799865722656,13.629750000000001,11.693391799926758,12.929750000000002,83.85801696777344,12.929750000000006,79.02848052978516,Sat
12.939750000000004,12.610679626464844,12.93975,99.00132751464844,13.63975,11.676040649414062,12.939750000000004,83.85391235351562,12.939750000000004,79.55725860595703,Sat
12.949750000000002,12.499921798706056,12.949750000000002,98.94044494628906,13.649750000000004,11.674059867858888,12.949750000000002,83.84761810302734,12.949750000000002,80.0833511352539,Sat
12.95975,12.395281791687012,12.95975,98.88257598876952,13.659750000000003,11.676928520202637,12.95975,83.84335327148438,12.95975000000001,80.60456085205078,Sat
12.969750000000005,12.30210018157959,12.969750000000001,98.82966613769533,13.66975,11.69870376586914,12.969750000000001,83.83910369873047,12.969750000000005,81.1059341430664,Sat
12.979750000000003,12.22202205657959,12.979750000000003,98.77374267578124,13.679750000000006,11.728487014770508,12.979750000000003,83.83409118652344,12.979750000000003,81.59656524658203,Sat
12.98975,12.154504776000977,12.989750000000004,98.7180404663086,13.689750000000004,11.753033638000488,12.98975,83.82959747314453,12.98975,82.07112884521484,Sat
12.999750000000006,12.094895362854004,12.999750000000002,98.6738510131836,13.699750000000002,11.758959770202637,12.999750000000002,83.81961059570312,12.999750000000006,82.5221939086914,Sat
13.009750000000004,12.03860569000244,13.00975,98.63214111328124,13.70975,11.763330459594728,13.009750000000004,83.81356048583984,13.009750000000004,82.95406341552734,Sat
13.019750000000002,11.972869873046877,13.019750000000002,98.58462524414062,13.719750000000005,11.763228416442873,13.019750000000002,83.80673217773438,13.019750000000002,83.3758544921875,Sat
13.02975,11.901951789855955,13.02975,98.5387191772461,13.729750000000003,11.765907287597656,13.02975,83.80366516113281,13.02975000000001,83.80054473876953,Sat
13.039750000000005,11.828089714050291,13.039750000000002,98.50249481201172,13.73975,11.768878936767578,13.039750000000002,83.79849243164062,13.039750000000005,84.22118377685547,Sat
13.04975,11.756380081176758,13.04975,98.46571350097656,13.749750000000006,11.775677680969238,13.04975,83.79542541503906,13.04975,84.63710021972656,Sat
13.059750000000001,11.680739402770996,13.059750000000001,98.4329605102539,13.759750000000004,11.78482723236084,13.059750000000001,83.79452514648438,13.059750000000001,85.04745483398438,Sat
13.069750000000003,11.618974685668944,13.069750000000003,98.40203094482422,13.769750000000002,11.800209045410156,13.069750000000003,83.79069519042969,13.069750000000006,85.43878936767578,Sat
13.079750000000004,11.56058120727539,13.07975,98.3890380859375,13.77975,11.815320014953612,13.07975,83.79104614257812,13.079750000000004,85.81187438964844,Sat
13.089750000000002,11.490984916687012,13.089750000000002,98.38815307617188,13.789750000000005,11.824450492858888,13.089750000000002,83.78958129882812,13.089750000000002,86.16091918945312,Sat
13.09975,11.449747085571287,13.099750000000004,98.39165496826172,13.79975,11.824963569641112,13.09975,83.7901611328125,13.099750000000007,86.49114990234375,Sat
13.109750000000005,11.417340278625488,13.109750000000002,98.3970947265625,13.809750000000001,11.821698188781738,13.109750000000002,83.78622436523438,13.109750000000005,86.8199234008789,Sat
13.11975,11.380690574645996,13.11975,98.40091705322266,13.819750000000003,11.815958976745604,13.11975,83.78636169433594,13.11975,87.14787292480469,Sat
13.129750000000001,11.34638500213623,13.129750000000001,98.39420318603516,13.829750000000004,11.81313133239746,13.129750000000001,83.78223419189453,13.129750000000001,87.4738998413086,Sat
13.13975,11.314688682556152,13.13975,98.3914566040039,13.839750000000002,11.814769744873049,13.13975,83.77106475830078,13.139750000000006,87.80696868896484,Sat
13.149750000000004,11.295113563537598,13.149750000000001,98.38990783691406,13.84975,11.82127571105957,13.149750000000001,83.7635269165039,13.149750000000004,88.13851928710938,Sat
13.159750000000003,11.284907341003418,13.159750000000003,98.39728546142578,13.859750000000005,11.829301834106444,13.159750000000003,83.75236511230469,13.159750000000003,88.4639663696289,Sat
13.16975,11.27830410003662,13.169750000000004,98.41132354736328,13.86975,11.83859634399414,13.16975,83.74191284179688,13.16975,88.7691650390625,Sat
13.179750000000006,11.26931858062744,13.179750000000002,98.42640686035156,13.879750000000001,11.852015495300291,13.179750000000002,83.72850799560547,13.179750000000006,89.04669189453125,Sat
13.189750000000004,11.252768516540527,13.18975,98.4434585571289,13.88975,11.853560447692873,13.189750000000004,83.72053527832031,13.189750000000004,89.28734588623047,Sat
13.199750000000002,11.232837677001951,13.199750000000002,98.46450805664062,13.899750000000004,11.850386619567873,13.199750000000002,83.71476745605469,13.199750000000002,89.49176788330078,Sat
13.20975,11.207149505615234,13.20975,98.48653411865234,13.909750000000003,11.83992862701416,13.20975,83.70938110351562,13.20975000000001,89.68866729736328,Sat
13.219750000000005,11.181875228881836,13.219750000000001,98.4942398071289,13.91975,11.826361656188965,13.219750000000001,83.69903564453125,13.219750000000005,89.88411712646484,Sat
13.229750000000003,11.163800239562988,13.229750000000003,98.49870300292967,13.929750000000006,11.8163480758667,13.229750000000003,83.6849365234375,13.229750000000003,90.08483123779295,Sat
13.23975,11.148497581481934,13.239750000000004,98.4900894165039,13.939750000000004,11.798248291015623,13.23975,83.66675567626953,13.23975,90.28430938720705,Sat
13.249750000000006,11.142069816589355,13.249750000000002,98.4737319946289,13.949750000000002,11.777358055114746,13.249750000000002,83.65215301513672,13.249750000000006,90.47154998779295,Sat
13.259750000000004,11.145462036132812,13.25975,98.46229553222656,13.95975,11.760293006896973,13.259750000000004,83.63845825195312,13.259750000000004,90.636474609375,Sat
13.269750000000002,11.14346981048584,13.269750000000002,98.46268463134766,13.969750000000005,11.748910903930664,13.269750000000002,83.62738037109375,13.269750000000002,90.77112579345705,Sat
13.27975,11.13552188873291,13.27975,98.4708480834961,13.979750000000003,11.74745750427246,13.27975,83.61793518066406,13.27975000000001,90.87932586669922,Sat
13.289750000000005,11.127972602844238,13.289750000000002,98.48297119140624,13.98975,11.752412796020508,13.289750000000002,83.60894012451172,13.289750000000005,90.96612548828124,Sat
13.29975,11.11423397064209,13.29975,98.48524475097656,13.999750000000006,11.766918182373049,13.29975,83.60115814208984,13.29975,91.05166625976562,Sat
13.309750000000001,11.09195041656494,13.309750000000005,98.48269653320312,14.009750000000004,11.789710998535156,13.309750000000001,83.5811996459961,13.309750000000001,91.14952850341795,Sat
13.319750000000006,11.069745063781738,13.319750000000003,98.47840118408205,14.019750000000002,11.81113338470459,13.319750000000003,83.5556869506836,13.319750000000006,91.27371978759766,Sat
13.329750000000004,11.053277969360352,13.32975,98.47737884521484,14.02975,11.832847595214844,13.32975,83.52989959716797,13.329750000000004,91.41323852539062,Sat
13.339750000000002,11.044663429260254,13.339750000000002,98.47286224365234,14.039750000000005,11.854898452758787,13.339750000000002,83.50127410888672,13.339750000000002,91.55867004394533,Sat
13.34975,11.047883987426758,13.349750000000004,98.469970703125,14.04975,11.875778198242188,13.34975,83.47250366210938,13.349750000000007,91.69557189941406,Sat
13.359750000000005,11.061150550842283,13.359750000000002,98.47042083740234,14.059750000000001,11.890584945678713,13.359750000000002,83.45423126220703,13.359750000000005,91.81695556640624,Sat
13.36975,11.068881034851074,13.36975,98.4785385131836,14.069750000000003,11.899438858032228,13.36975,83.44013214111328,13.36975,91.92465209960938,Sat
13.379750000000001,11.059598922729492,13.379750000000001,98.47877502441406,14.079750000000004,11.905858039855955,13.379750000000001,83.4395980834961,13.379750000000001,92.02539825439452,Sat
13.38975,11.040383338928224,13.38975,98.47637176513672,14.089750000000002,11.910117149353027,13.38975,83.44344329833984,13.389750000000006,92.12873840332033,Sat
13.399750000000004,11.015501976013184,13.399750000000001,98.4770965576172,14.09975,11.910274505615234,13.399750000000001,83.4498519897461,13.399750000000004,92.24192810058594,Sat
13.409750000000003,10.992645263671877,13.409750000000003,98.47550964355467,14.109750000000005,11.909479141235352,13.409750000000003,83.45458984375,13.409750000000003,92.3546371459961,Sat
13.41975,10.967940330505373,13.419750000000004,98.47329711914062,14.11975,11.9110689163208,13.41975,83.4557876586914,13.41975,92.45955657958984,Sat
13.429750000000006,10.94445514678955,13.429750000000002,98.46997833251952,14.129750000000001,11.918490409851074,13.429750000000002,83.45879364013672,13.429750000000006,92.54309844970705,Sat
13.439750000000004,10.926156997680664,13.43975,98.47190856933594,14.13975,11.928507804870604,13.439750000000004,83.45891571044922,13.439750000000004,92.6028823852539,Sat
13.449750000000002,10.91711139678955,13.449750000000002,98.4831771850586,14.149750000000004,11.934040069580078,13.449750000000002,83.4565658569336,13.449750000000002,92.6438980102539,Sat
13.45975,10.92398452758789,13.45975,98.50187683105467,14.159750000000003,11.935943603515623,13.45975,83.45533752441406,13.45975000000001,92.67960357666016,Sat
13.469750000000005,10.925549507141112,13.469750000000001,98.52516174316406,14.16975,11.931105613708496,13.469750000000001,83.45952606201172,13.469750000000005,92.71139526367188,Sat
13.479750000000003,10.910319328308104,13.479750000000003,98.55403900146484,14.179750000000006,11.926541328430176,13.479750000000003,83.45796203613281,13.479750000000003,92.74220275878906,Standing up
13.48975,10.88697624206543,13.489750000000004,98.57723999023438,14.189750000000004,11.923290252685549,13.48975,83.4613037109375,13.48975,92.78337097167967,Standing up
13.499750000000006,10.870327949523926,13.499750000000002,98.58956909179688,14.199750000000002,11.924724578857422,13.499750000000002,83.45881652832031,13.499750000000006,92.83624267578124,Standing up
13.509750000000004,10.85798454284668,13.50975,98.58574676513672,14.20975,11.928265571594238,13.509750000000004,83.45528411865234,13.509750000000004,92.88461303710938,Standing up
13.519750000000002,10.847771644592283,13.519750000000002,98.58130645751952,14.219750000000005,11.934059143066406,13.519750000000002,83.4521255493164,13.519750000000002,92.92069244384766,Standing up
13.52975,10.83945655822754,13.52975,98.58194732666016,14.229750000000003,11.936665534973145,13.52975,83.44744873046875,13.52975000000001,92.9459228515625,Standing up
13.539750000000005,10.838653564453123,13.539750000000002,98.5854263305664,14.23975,11.93402099609375,13.539750000000002,83.444091796875,13.539750000000005,92.95846557617188,Standing up
13.54975,10.839561462402344,13.54975,98.59876251220705,14.249750000000006,11.925939559936523,13.54975,83.44481658935547,13.54975,92.96971130371094,Standing up
13.559750000000001,10.841347694396973,13.559750000000005,98.6141357421875,14.259750000000004,11.917645454406738,13.559750000000001,83.44693756103516,13.559750000000001,92.98485565185548,Standing up
13.569750000000006,10.84813404083252,13.569750000000003,98.62571716308594,14.269750000000002,11.909031867980955,13.569750000000003,83.44705200195312,13.569750000000006,93.00616455078124,Standing up
13.579750000000004,10.852874755859377,13.57975,98.63619232177734,14.27975,11.902073860168455,13.579750000000004,83.4427490234375,13.579750000000004,93.03861236572266,Standing up
13.589750000000002,10.840020179748535,13.589750000000002,98.6491241455078,14.289750000000005,11.898075103759766,13.589750000000002,83.4294204711914,13.589750000000002,93.09033203125,Standing up
13.59975,10.83372402191162,13.599750000000004,98.6462860107422,14.29975,11.899802207946776,13.59975,83.40716552734375,13.599750000000007,93.15614318847656,Standing up
13.609750000000005,10.83572769165039,13.609750000000002,98.64083099365234,14.309750000000001,11.910816192626951,13.609750000000002,83.38490295410156,13.609750000000005,93.21598052978516,Standing up
13.61975,10.83755874633789,13.61975,98.63520050048828,14.319750000000003,11.919919967651367,13.61975,83.35725402832031,13.61975,93.2605209350586,Standing up
13.629750000000001,10.842655181884766,13.629750000000001,98.63272094726562,14.329750000000004,11.92485523223877,13.629750000000001,83.3311538696289,13.629750000000001,93.2881088256836,Standing up
13.63975,10.853569984436035,13.63975,98.63510131835938,14.339750000000002,11.928631782531738,13.63975,83.31535339355469,13.639750000000006,93.30320739746094,Standing up
13.649750000000004,10.864380836486816,13.649750000000001,98.649169921875,14.34975,11.936256408691406,13.649750000000001,83.30159759521484,13.649750000000004,93.31684112548828,Standing up
13.659750000000003,10.872812271118164,13.659750000000003,98.65911102294922,14.359750000000005,11.942869186401367,13.659750000000003,83.29957580566406,13.659750000000003,93.33759307861328,Standing up
13.66975,10.87728786468506,13.669750000000004,98.67102813720705,14.36975,11.943350791931152,13.66975,83.29750061035156,13.669750000000008,93.3721160888672,Standing up
13.679750000000006,10.86449146270752,13.679750000000002,98.67344665527344,14.379750000000001,11.940649032592772,13.679750000000002,83.29618072509766,13.679750000000006,93.42034149169922,Standing up
13.689750000000004,10.8483247756958,13.68975,98.67253875732422,14.38975,11.94079303741455,13.689750000000004,83.2940673828125,13.689750000000004,93.47740936279295,Standing up
13.699750000000002,10.82960033416748,13.699750000000002,98.66873168945312,14.399750000000004,11.937886238098145,13.699750000000002,83.29342651367188,13.699750000000002,93.53157806396484,Standing up
13.70975,10.814303398132324,13.70975,98.66033172607422,14.409750000000003,11.930337905883787,13.70975,83.29066467285156,13.70975000000001,93.5788345336914,Standing up
13.719750000000005,10.809813499450684,13.719750000000001,98.65477752685548,14.41975,11.916522979736328,13.719750000000001,83.28602600097656,13.719750000000005,93.61650848388672,Standing up
13.729750000000003,10.812539100646973,13.729750000000003,98.65711975097656,14.429750000000006,11.916537284851074,13.729750000000003,83.28196716308594,13.729750000000003,93.64421844482422,Standing up
13.73975,10.82017993927002,13.739750000000004,98.65314483642578,14.439750000000004,11.91777515411377,13.73975,83.27993774414062,13.73975,93.66226959228516,Standing up
13.749750000000006,10.83263111114502,13.749750000000002,98.6462631225586,14.449750000000002,11.922569274902344,13.749750000000002,83.27809143066406,13.749750000000006,93.6740951538086,Standing up
13.759750000000004,10.838128089904783,13.75975,98.64205932617188,14.45975,11.92958641052246,13.759750000000004,83.28544616699219,13.759750000000004,93.68651580810548,Standing up
13.769750000000002,10.831558227539062,13.769750000000002,98.62356567382812,14.469750000000005,11.932994842529297,13.769750000000002,83.28917694091797,13.769750000000002,93.70083618164062,Standing up
13.77975,10.82533359527588,13.77975,98.57628631591795,14.479750000000003,11.93118667602539,13.77975,83.2931900024414,13.77975000000001,93.71401977539062,Standing up
13.789750000000005,10.821770668029783,13.789750000000002,98.54093933105467,14.48975,11.93470287322998,13.789750000000002,83.29556274414062,13.789750000000005,93.7280502319336,Standing up
13.79975,10.8229341506958,13.79975,98.53874969482422,14.499750000000006,11.937989234924316,13.79975,83.29421997070312,13.79975,93.73854064941406,Standing up
13.809750000000001,10.827314376831056,13.809750000000005,98.54068756103516,14.509750000000004,11.939375877380373,13.809750000000001,83.29350280761719,13.809750000000001,93.7432632446289,Standing up
13.819750000000006,10.82802963256836,13.819750000000003,98.54464721679688,14.519750000000002,11.93927764892578,13.819750000000003,83.29264831542969,13.819750000000006,93.74413299560548,Standing up
13.829750000000004,10.830358505249023,13.82975,98.55169677734376,14.52975,11.939615249633787,13.829750000000004,83.29328155517578,13.829750000000004,93.75753021240234,Standing up
13.839750000000002,10.818211555480955,13.839750000000002,98.56246948242188,14.539750000000005,11.941855430603027,13.839750000000002,83.29331970214844,13.839750000000002,93.74986267089844,Standing up
13.84975,10.802919387817385,13.849750000000004,98.57179260253906,14.54975,11.944332122802734,13.84975,83.29759979248047,13.849750000000007,93.74211120605467,Standing up
13.859750000000005,10.795242309570312,13.859750000000002,98.57740020751952,14.559750000000001,11.94705581665039,13.859750000000002,83.30083465576172,13.859750000000005,93.73846435546876,Standing up
13.86975,10.78072738647461,13.86975,98.58484649658205,14.569750000000003,11.951112747192385,13.86975,83.3043441772461,13.86975,93.74129486083984,Standing up
13.879750000000001,10.763792991638184,13.879750000000001,98.59959411621094,14.579750000000004,11.9555082321167,13.879750000000001,83.30659484863281,13.879750000000001,93.75333404541016,Standing up
13.88975,10.751534461975098,13.88975,98.61397552490234,14.589750000000002,11.958675384521484,13.88975,83.30706024169922,13.889750000000006,93.77355194091795,Standing up
13.899750000000004,10.755602836608888,13.899750000000001,98.62223815917967,14.59975,11.960199356079102,13.899750000000001,83.30667114257812,13.899750000000004,93.7895050048828,Standing up
13.909750000000003,10.764490127563477,13.909750000000003,98.62628936767578,14.609750000000005,11.962382316589355,13.909750000000003,83.30475616455078,13.909750000000003,93.80267333984376,Standing up
13.91975,10.774222373962402,13.919750000000004,98.63761901855467,14.61975,11.965092658996582,13.91975,83.30259704589844,13.919750000000008,93.81681823730467,Standing up
13.929750000000006,10.785238265991213,13.929750000000002,98.65200805664062,14.629750000000001,11.96920108795166,13.929750000000002,83.29837036132812,13.929750000000006,93.8238296508789,Standing up
13.939750000000004,10.798995971679688,13.93975,98.6665496826172,14.63975,11.968451499938965,13.939750000000004,83.28958892822266,13.939750000000004,93.82559204101562,Standing up
13.949750000000002,10.812926292419434,13.949750000000002,98.66667938232422,14.649750000000004,11.96713924407959,13.949750000000002,83.28032684326172,13.949750000000002,93.82666778564452,Standing up
13.95975,10.826886177062988,13.95975,98.66600799560548,14.659750000000003,11.964628219604492,13.95975,83.27303314208984,13.95975000000001,93.82501220703124,Standing up
13.969750000000005,10.829888343811035,13.969750000000001,98.67001342773438,14.66975,11.957472801208496,13.969750000000001,83.2671127319336,13.969750000000005,93.81809997558594,Standing up
13.979750000000003,10.823246955871582,13.979750000000003,98.6825714111328,14.679750000000006,11.945633888244627,13.979750000000003,83.26107025146484,13.979750000000003,93.805419921875,Standing up
13.98975,10.817760467529297,13.989750000000004,98.69202423095705,14.689750000000004,11.93704605102539,13.98975,83.2545166015625,13.98975,93.79167175292967,Standing up
13.999750000000006,10.816560745239258,13.999750000000002,98.69707489013672,14.699750000000002,11.938262939453123,13.999750000000002,83.24921417236328,13.999750000000006,93.78258514404295,Standing up
14.009750000000004,10.81992530822754,14.00975,98.69910430908205,14.70975,11.941929817199709,14.009750000000004,83.24727630615234,14.009750000000004,93.77848815917967,Standing up
14.019750000000002,10.818602561950684,14.019750000000002,98.70368194580078,14.719750000000005,11.944672584533691,14.019750000000002,83.24579620361328,14.019750000000002,93.76622772216795,Standing up
14.02975,10.816736221313477,14.02975,98.70777893066406,14.729750000000003,11.945185661315918,14.02975,83.24407196044922,14.02975000000001,93.750732421875,Standing up
14.039750000000005,10.82178783416748,14.039750000000002,98.71188354492188,14.73975,11.943108558654783,14.039750000000002,83.23873138427734,14.039750000000005,93.73562622070312,Standing up
14.04975,10.827974319458008,14.04975,98.71379089355467,14.749750000000006,11.939552307128906,14.04975,83.23553466796875,14.04975,93.7248992919922,Standing up
14.059750000000001,10.830089569091797,14.059750000000005,98.718994140625,14.759750000000004,11.935443878173828,14.059750000000001,83.23271179199219,14.059750000000001,93.71321868896484,Standing up
14.069750000000006,10.825870513916016,14.069750000000003,98.72576904296876,14.769750000000002,11.932180404663086,14.069750000000003,83.23069763183594,14.069750000000006,93.69237518310548,Standing up
14.079750000000004,10.82631492614746,14.07975,98.73214721679688,14.77975,11.93069076538086,14.079750000000004,83.23111724853516,14.079750000000004,93.67965698242188,Standing up
14.089750000000002,10.827356338500977,14.089750000000002,98.73993682861328,14.789750000000005,11.927144050598145,14.089750000000002,83.23173522949219,14.089750000000002,93.67464447021484,Standing up
14.09975,10.822017669677734,14.099750000000004,98.76810455322266,14.79975,11.923891067504885,14.09975,83.2347640991211,14.099750000000007,93.6768569946289,Standing up
14.109750000000005,10.815407752990724,14.109750000000002,98.79589080810548,14.809750000000001,11.919425010681152,14.109750000000002,83.23727416992188,14.109750000000005,93.68462371826172,Standing up
14.11975,10.812445640563965,14.11975,98.8131332397461,14.819750000000003,11.911975860595703,14.11975,83.2376708984375,14.11975,93.6943588256836,Standing up
14.129750000000001,10.810918807983398,14.129750000000001,98.81532287597656,14.829750000000004,11.900960922241213,14.129750000000001,83.23655700683594,14.129750000000001,93.6981964111328,Standing up
14.13975,10.811795234680176,14.13975,98.8166961669922,14.839750000000002,11.888728141784668,14.13975,83.23584747314453,14.139750000000006,93.7015151977539,Standing up
14.149750000000004,10.810412406921388,14.149750000000001,98.8207015991211,14.84975,11.873468399047852,14.149750000000001,83.23311614990234,14.149750000000004,93.70319366455078,Standing up
14.159750000000003,10.806278228759766,14.159750000000003,98.82394409179688,14.859750000000005,11.851841926574709,14.159750000000003,83.22994995117188,14.159750000000003,93.69961547851562,Standing up
14.16975,10.807600021362305,14.169750000000004,98.8267822265625,14.86975,11.827142715454102,14.16975,83.22605895996094,14.169750000000008,93.69115447998048,Standing up
14.179750000000006,10.811205863952637,14.179750000000002,98.8317413330078,14.879750000000001,11.807339668273926,14.179750000000002,83.22206115722656,14.179750000000006,93.68218994140624,Standing up
14.189750000000004,10.811903953552246,14.18975,98.84081268310548,14.88975,11.800585746765137,14.189750000000004,83.22126770019531,14.189750000000004,93.67662048339844,Standing up
14.199750000000002,10.807088851928713,14.199750000000002,98.85188293457033,14.899750000000004,11.806296348571776,14.199750000000002,83.2236328125,14.199750000000002,93.6701431274414,Standing up
14.20975,10.79826545715332,14.20975,98.85452270507812,14.909750000000003,11.813872337341309,14.20975,83.22511291503906,14.20975000000001,93.66415405273438,Standing up
14.219750000000005,10.793072700500488,14.219750000000001,98.86127471923828,14.91975,11.821011543273926,14.219750000000001,83.22705078125,14.219750000000005,93.6650619506836,Standing up
14.229750000000003,10.78213119506836,14.229750000000003,98.8690185546875,14.929750000000006,11.835193634033203,14.229750000000003,83.22997283935547,14.229750000000003,93.67377471923828,Standing up
14.23975,10.77467155456543,14.239750000000004,98.87378692626952,14.939750000000004,11.868090629577637,14.23975,83.23082733154297,14.23975,93.68450927734376,Standing up
14.249750000000006,10.779452323913574,14.249750000000002,98.87452697753906,14.949750000000002,11.908823013305664,14.249750000000002,83.23014068603516,14.249750000000006,93.68697357177734,Standing up
14.259750000000004,10.784696578979492,14.25975,98.87261199951172,14.95975,11.932300567626951,14.259750000000004,83.2313003540039,14.259750000000004,93.69256591796876,Standing up
14.269750000000002,10.785985946655272,14.269750000000002,98.87471771240234,14.969750000000005,11.93688678741455,14.269750000000002,83.23201751708984,14.269750000000002,93.69702911376952,Standing up
14.27975,10.78302001953125,14.27975,98.88005828857422,14.979750000000003,11.93659782409668,14.27975,83.23148345947266,14.27975000000001,93.69845581054688,Standing up
14.289750000000005,10.777307510375977,14.289750000000002,98.8836898803711,14.98975,11.93635082244873,14.289750000000002,83.2313461303711,14.289750000000005,93.69515991210938,Standing up
14.29975,10.771921157836914,14.29975,98.88638305664062,14.999750000000006,11.942706108093262,14.29975,83.22942352294922,14.29975,93.69007873535156,Standing up
14.309750000000001,10.774181365966797,14.309750000000005,98.88577270507812,15.009750000000004,11.95103359222412,14.309750000000001,83.23094940185547,14.309750000000001,93.69140625,Standing up
14.319750000000006,10.771395683288574,14.319750000000003,98.88704681396484,15.019750000000002,11.952353477478027,14.319750000000003,83.2331314086914,14.319750000000006,93.7060089111328,Standing up
14.329750000000004,10.76479721069336,14.32975,98.8916244506836,15.02975,11.969016075134276,14.329750000000004,83.23424530029297,14.329750000000004,93.73101806640624,Standing up
14.339750000000002,10.75886344909668,14.339750000000002,98.89334106445312,15.039750000000005,11.969093322753906,14.339750000000002,83.23345184326172,14.339750000000002,93.74705505371094,Standing up
14.34975,10.757266998291016,14.349750000000004,98.89183807373048,15.04975,11.943766593933104,14.34975,83.23145294189453,14.349750000000007,93.7608871459961,Standing up
14.359750000000005,10.759954452514648,14.359750000000002,98.89125061035156,15.059750000000001,11.91022491455078,14.359750000000002,83.22723388671875,14.359750000000005,93.7760009765625,Standing up
14.36975,10.761765480041504,14.36975,98.89571380615234,15.069750000000003,11.883875846862791,14.36975,83.2219009399414,14.36975,93.79171752929688,Standing up
14.379750000000001,10.75986099243164,14.379750000000001,98.90288543701172,15.079750000000004,11.867005348205566,14.379750000000001,83.21987915039062,14.379750000000001,93.79041290283205,Standing up
14.38975,10.756214141845703,14.38975,98.90294647216795,15.089750000000002,11.864754676818848,14.38975,83.22173309326172,14.389750000000006,93.77899169921876,Standing up
14.399750000000004,10.75821590423584,14.399750000000001,98.89960479736328,15.09975,11.866156578063965,14.399750000000001,83.22325897216797,14.399750000000004,93.76673126220705,Standing up
14.409750000000003,10.752275466918944,14.409750000000003,98.90342712402344,15.109750000000005,11.865520477294922,14.409750000000003,83.22224426269531,14.409750000000003,93.75877380371094,Standing up
14.41975,10.74880313873291,14.419750000000004,98.91545104980467,15.11975,11.881747245788574,14.41975,83.22309875488281,14.419750000000008,93.74713897705078,Standing up
14.429750000000006,10.744627952575684,14.429750000000002,98.92406463623048,15.129750000000001,11.903698921203612,14.429750000000002,83.22142791748047,14.429750000000006,93.7367935180664,Standing up
14.439750000000004,10.746939659118652,14.43975,98.92425537109376,15.13975,11.914356231689451,14.439750000000004,83.21841430664062,14.439750000000004,93.72532653808594,Standing up
14.449750000000002,10.747901916503906,14.449750000000002,98.92515563964844,15.149750000000004,11.939423561096191,14.449750000000002,83.21566009521484,14.449750000000002,93.72164916992188,Standing up
14.45975,10.738807678222656,14.45975,98.93303680419922,15.159750000000003,11.99068546295166,14.45975,83.21114349365234,14.45975000000001,93.72599029541016,Standing up
14.469750000000005,10.731910705566406,14.469750000000001,98.93649291992188,15.16975,11.98885726928711,14.469750000000001,83.20793151855469,14.469750000000005,93.72892761230467,Standing up
14.479750000000003,10.730913162231444,14.479750000000003,98.93731689453124,15.179750000000006,12.00165843963623,14.479750000000003,83.20252227783203,14.479750000000003,93.72423553466795,Standing up
14.48975,10.73777675628662,14.489750000000004,98.9386978149414,15.189750000000004,11.970399856567385,14.48975,83.19801330566406,14.48975,93.7209014892578,Standing up
14.499750000000006,10.742366790771484,14.499750000000002,98.9448471069336,15.199750000000002,11.97797393798828,14.499750000000002,83.19278717041016,14.499750000000006,93.72047424316406,Standing up
14.509750000000004,10.740592002868652,14.50975,98.9479751586914,15.20975,11.994519233703612,14.509750000000004,83.18932342529297,14.509750000000004,93.71753692626952,Standing up
14.519750000000002,10.738088607788086,14.519750000000002,98.9465103149414,15.219750000000005,11.975445747375488,14.519750000000002,83.1852035522461,14.519750000000002,93.71061706542967,Standing up
14.52975,10.741437911987305,14.52975,98.94224548339844,15.229750000000003,11.9607515335083,14.52975,83.18118286132812,14.52975000000001,93.69605255126952,Standing up
14.539750000000005,10.741451263427734,14.539750000000002,98.94224548339844,15.23975,11.948229789733888,14.539750000000002,83.17845153808594,14.539750000000005,93.68604278564452,Standing up
14.54975,10.739954948425291,14.54975,98.94009399414062,15.249750000000006,11.91607666015625,14.54975,83.17676544189453,14.54975,93.68115997314452,Standing up
14.559750000000001,10.740008354187012,14.559750000000005,98.93840026855467,15.259750000000004,11.892129898071287,14.559750000000001,83.17435455322266,14.559750000000001,93.6771011352539,Standing up
14.569750000000006,10.742971420288086,14.569750000000003,98.9382553100586,15.269750000000002,11.878994941711426,14.569750000000003,83.1695556640625,14.569750000000006,93.6767120361328,Standing up
14.579750000000004,10.742506980895996,14.57975,98.93775939941406,15.27975,11.85190200805664,14.579750000000004,83.1686782836914,14.579750000000004,93.6839828491211,Standing up
14.589750000000002,10.740496635437012,14.589750000000002,98.94144439697266,15.289750000000005,11.888349533081056,14.589750000000002,83.16769409179688,14.589750000000002,93.68880462646484,Standing up
14.59975,10.73761749267578,14.599750000000004,98.94564819335938,15.29975,11.968904495239258,14.59975,83.16541290283203,14.599750000000007,93.68758392333984,Standing up
14.609750000000005,10.73157787322998,14.609750000000002,98.95004272460938,15.309750000000001,11.994208335876465,14.609750000000002,83.16338348388672,14.609750000000005,93.68401336669922,Standing up
14.61975,10.722268104553224,14.61975,98.95011138916016,15.319750000000003,11.951420783996582,14.61975,83.16108703613281,14.61975,93.68067169189452,Standing up
14.629750000000001,10.71278190612793,14.629750000000001,98.95001983642578,15.329750000000004,11.90126132965088,14.629750000000001,83.15869140625,14.629750000000001,93.6783447265625,Standing up
14.63975,10.70481014251709,14.63975,98.95015716552734,15.339750000000002,11.94388198852539,14.63975,83.15446472167969,14.639750000000006,93.67528533935548,Standing up
14.649750000000004,10.697592735290527,14.649750000000001,98.94927215576172,15.34975,12.048025131225586,14.649750000000001,83.14894104003906,14.649750000000004,93.6755599975586,Standing up
14.659750000000003,10.693076133728027,14.659750000000003,98.94585418701172,15.359750000000005,12.12670612335205,14.659750000000003,83.144775390625,14.659750000000003,93.68424224853516,Stood
14.66975,10.68794059753418,14.669750000000004,98.9391860961914,15.36975,12.186219215393066,14.66975,83.13790130615234,14.669750000000008,93.69189453125,Stood
14.679750000000006,10.683819770812988,14.679750000000002,98.92909240722656,15.379750000000001,12.248213768005373,14.679750000000002,83.1324234008789,14.679750000000006,93.69776916503906,Stood
14.689750000000004,10.678949356079102,14.68975,98.92140197753906,15.38975,12.314268112182615,14.689750000000004,83.12857818603516,14.689750000000004,93.71117401123048,Stood
14.699750000000002,10.680002212524414,14.699750000000002,98.90973663330078,15.399750000000004,12.4022216796875,14.699750000000002,83.1249771118164,14.699750000000002,93.7145767211914,Stood
14.70975,10.684465408325195,14.70975,98.90025329589844,15.409750000000003,12.52082347869873,14.70975,83.12162017822266,14.70975000000001,93.7125244140625,Stood
14.719750000000005,10.686574935913086,14.719750000000001,98.88739776611328,15.41975,12.63976764678955,14.719750000000001,83.11815643310547,14.719750000000005,93.70956420898438,Stood
14.729750000000003,10.675532341003418,14.729750000000003,98.89051055908205,15.429750000000006,12.805139541625977,14.729750000000003,83.11467742919922,14.729750000000003,93.70797729492188,Stood
14.73975,10.660566329956056,14.739750000000004,98.89933776855467,15.439750000000004,13.017680168151855,14.73975,83.11143493652344,14.73975,93.70294952392578,Stood
14.749750000000006,10.645501136779783,14.749750000000002,98.9061508178711,15.449750000000002,13.221352577209473,14.749750000000002,83.10356903076172,14.749750000000006,93.69210052490234,Stood
14.759750000000004,10.629626274108888,14.75975,98.90596771240234,15.45975,13.445367813110352,14.759750000000004,83.09033203125,14.759750000000004,93.6746063232422,Stood
14.769750000000002,10.617899894714355,14.769750000000002,98.8980941772461,15.469750000000005,13.68087387084961,14.769750000000002,83.07361602783203,14.769750000000002,93.66828918457033,Stood
14.77975,10.608137130737305,14.77975,98.88616943359376,15.479750000000003,13.967401504516602,14.77975,83.0514907836914,14.77975000000001,93.6644058227539,Stood
14.789750000000005,10.59963607788086,14.789750000000002,98.8733901977539,15.48975,14.368022918701172,14.789750000000002,83.02700805664062,14.789750000000005,93.65978240966795,Stood
14.79975,10.59956169128418,14.79975,98.86151123046876,15.499750000000006,14.82528018951416,14.79975,82.99957275390625,14.79975,93.65924072265624,Stood
14.809750000000001,10.594520568847656,14.809750000000005,98.8477554321289,15.509750000000004,15.29105281829834,14.809750000000001,82.97369384765625,14.809750000000001,93.66072845458984,Stood
14.819750000000006,10.57695770263672,14.819750000000003,98.82894897460938,15.519750000000002,15.747742652893066,14.819750000000003,82.95130157470703,14.819750000000006,93.66207122802734,Stood
14.829750000000004,10.55754280090332,14.82975,98.8065185546875,15.52975,16.228300094604492,14.829750000000004,82.92758178710938,14.829750000000004,93.66502380371094,Stood
14.839750000000002,10.53360652923584,14.839750000000002,98.77754974365234,15.539750000000005,16.748323440551758,14.839750000000002,82.90748596191406,14.839750000000002,93.67217254638672,Stood
14.84975,10.508377075195312,14.849750000000004,98.74807739257812,15.54975,17.280841827392578,14.84975,82.88101196289062,14.849750000000007,93.683349609375,Stood
14.859750000000005,10.48698616027832,14.859750000000002,98.71381378173828,15.559750000000001,17.835369110107422,14.859750000000002,82.85514068603516,14.859750000000005,93.69307708740234,Stood
14.86975,10.471009254455566,14.86975,98.6768035888672,15.569750000000003,18.390846252441406,14.86975,82.82418060302734,14.86975,93.6956024169922,Stood
14.879750000000001,10.45908546447754,14.879750000000001,98.64010620117188,15.579750000000004,18.95815086364746,14.879750000000001,82.78800201416016,14.879750000000001,93.68921661376952,Stood
14.88975,10.450161933898926,14.88975,98.60740661621094,15.589750000000002,19.57041549682617,14.88975,82.7470703125,14.889750000000006,93.67269134521484,Stood
14.899750000000004,10.445213317871094,14.899750000000001,98.57534790039062,15.59975,20.10560417175293,14.899750000000001,82.70457458496094,14.899750000000004,93.64640045166016,Stood
14.909750000000003,10.442350387573242,14.909750000000003,98.54087829589844,15.609750000000005,20.77172470092773,14.909750000000003,82.65840911865234,14.909750000000003,93.61515808105467,Stood
14.91975,10.422329902648926,14.919750000000004,98.50828552246094,15.61975,21.45075225830078,14.91975,82.60960388183594,14.919750000000008,93.58319091796876,Stood
14.929750000000006,10.385973930358888,14.929750000000002,98.47630310058594,15.629750000000001,22.162229537963867,14.929750000000002,82.56653594970703,14.929750000000006,93.55297088623048,Stood
14.939750000000004,10.351977348327637,14.93975,98.4388427734375,15.63975,22.872573852539062,14.939750000000004,82.50859069824219,14.939750000000004,93.52208709716795,Stood
14.949750000000002,10.322664260864258,14.949750000000002,98.39971923828124,15.649750000000004,23.58589172363281,14.949750000000002,82.45699310302734,14.949750000000002,93.49310302734376,Stood
14.95975,10.308992385864258,14.95975,98.36160278320312,15.659750000000003,24.323047637939453,14.95975,82.39541625976562,14.95975000000001,93.4612045288086,Stood
14.969750000000005,10.30463409423828,14.969750000000001,98.32568359375,15.66975,25.07691764831543,14.969750000000001,82.34087371826172,14.969750000000005,93.42145538330078,Stood
14.979750000000003,10.30506420135498,14.979750000000003,98.29286193847656,15.679750000000006,25.850645065307617,14.979750000000003,82.2938461303711,14.979750000000003,93.36907196044922,Stood
14.98975,10.301738739013672,14.989750000000004,98.26850128173828,15.689750000000004,26.61211395263672,14.98975,82.25880432128906,14.98975,93.30370330810548,Stood
14.999750000000006,10.29311466217041,14.999750000000002,98.25267791748048,15.699750000000002,27.422306060791016,14.999750000000002,82.23397064208984,14.999750000000006,93.2302017211914,Stood
15.009750000000004,10.278679847717283,15.00975,98.23687744140624,15.70975,28.30373191833496,15.009750000000004,82.21590423583984,15.009750000000004,93.15741729736328,Stood
15.019750000000002,10.254685401916504,15.019750000000002,98.2153549194336,15.719750000000005,29.262741088867188,15.019750000000002,82.21263122558594,15.019750000000002,93.09373474121094,Stood
15.02975,10.221686363220217,15.02975,98.19100952148438,15.729750000000003,30.29200935363769,15.02975,82.2169189453125,15.02975000000001,93.05017852783205,Stood
15.039750000000005,10.195466995239258,15.039750000000002,98.15941619873048,15.73975,31.384950637817383,15.039750000000002,82.22859191894531,15.039750000000005,93.0185775756836,Stood
15.04975,10.181294441223145,15.04975,98.12657165527344,15.749750000000006,32.51934051513672,15.04975,82.2353744506836,15.04975,92.98908996582033,Stood
15.059750000000001,10.182729721069336,15.059750000000005,98.09404754638672,15.759750000000004,33.64331817626953,15.059750000000001,82.24275970458984,15.059750000000001,92.95016479492188,Stood
15.069750000000006,10.189921379089355,15.069750000000003,98.06468963623048,15.769750000000002,34.72504806518555,15.069750000000003,82.24935150146484,15.069750000000006,92.8893585205078,Stood
15.079750000000004,10.200824737548828,15.07975,98.0448989868164,15.77975,35.763206481933594,15.079750000000004,82.25695037841797,15.079750000000004,92.78937530517578,Stood
15.089750000000002,10.20703125,15.089750000000002,98.0259017944336,15.789750000000005,36.740360260009766,15.089750000000002,82.26832580566406,15.089750000000002,92.6583480834961,Stood
15.09975,10.20295524597168,15.099750000000004,98.00150299072266,15.79975,37.68976974487305,15.09975,82.2786636352539,15.099750000000007,92.50254821777344,Stood
15.109750000000005,10.193379402160645,15.109750000000002,97.96817779541016,15.809750000000001,38.63507843017578,15.109750000000002,82.28951263427734,15.109750000000005,92.32984161376952,Stood
15.11975,10.182007789611816,15.11975,97.93881225585938,15.819750000000003,39.58755874633789,15.11975,82.2967300415039,15.11975,92.14777374267578,Stood
15.129750000000001,10.172327041625977,15.129750000000001,97.91024017333984,15.829750000000004,40.544376373291016,15.129750000000001,82.3028564453125,15.129750000000001,91.94774627685548,Stood
15.13975,10.173731803894045,15.13975,97.87632751464844,15.839750000000002,41.50505065917969,15.13975,82.304931640625,15.139750000000006,91.73015594482422,Stood
15.149750000000004,10.180330276489258,15.149750000000001,97.84088897705078,15.84975,42.45685577392578,15.149750000000001,82.30438995361328,15.149750000000004,91.4901885986328,Stood
15.159750000000003,10.196283340454102,15.159750000000003,97.80552673339844,15.859750000000005,43.38447189331055,15.159750000000003,82.30633544921875,15.159750000000003,91.22724151611328,Stood
15.16975,10.218017578125,15.169750000000004,97.77102661132812,15.86975,44.30719375610352,15.16975,82.31134033203125,15.169750000000008,90.94454193115234,Stood
15.179750000000006,10.2407808303833,15.179750000000002,97.73680877685548,15.879750000000001,45.24237823486328,15.179750000000002,82.32199096679688,15.179750000000006,90.63225555419922,Stood
15.189750000000004,10.262899398803713,15.18975,97.7019271850586,15.88975,46.155250549316406,15.189750000000004,82.3414535522461,15.189750000000004,90.29869842529295,Stood
15.199750000000002,10.28765106201172,15.199750000000002,97.6750946044922,15.899750000000004,47.078887939453125,15.199750000000002,82.36868286132812,15.199750000000002,89.94104766845703,Stood
15.20975,10.318592071533203,15.20975,97.66291809082033,15.909750000000003,48.00674819946289,15.20975,82.40435028076172,15.20975000000001,89.5712661743164,Stood
15.219750000000005,10.347344398498535,15.219750000000001,97.66214752197266,15.91975,48.89022445678711,15.219750000000001,82.44820404052734,15.219750000000005,89.19245910644531,Stood
15.229750000000003,10.383008003234863,15.229750000000003,97.68221282958984,15.929750000000006,49.763427734375,15.229750000000003,82.50609588623047,15.229750000000003,88.80530548095703,Stood
15.23975,10.433110237121582,15.239750000000004,97.71452331542967,15.939750000000004,50.69567489624024,15.23975,82.57447814941406,15.23975,88.41043853759766,Stood
15.249750000000006,10.50329303741455,15.249750000000002,97.74032592773438,15.949750000000002,51.61503601074219,15.249750000000002,82.65965270996094,15.249750000000006,88.00208282470703,Stood
15.259750000000004,10.580556869506836,15.25975,97.75225830078124,15.95975,52.50583267211914,15.259750000000004,82.76179504394531,15.259750000000004,87.57891082763672,Stood
15.269750000000002,10.660743713378906,15.269750000000002,97.77619171142578,15.969750000000005,53.43241500854492,15.269750000000002,82.89271545410156,15.269750000000002,87.1346206665039,Stood
15.27975,10.735532760620115,15.27975,97.8406982421875,15.979750000000003,54.29241180419922,15.27975,83.06183624267578,15.27975000000001,86.66532135009766,Stood
15.289750000000005,10.80527114868164,15.289750000000002,97.9391632080078,15.98975,55.1806526184082,15.289750000000002,83.276123046875,15.289750000000005,86.18111419677734,Stood
15.29975,10.85886573791504,15.29975,98.03857421875,15.999750000000006,56.04573059082031,15.29975,83.53137969970703,15.29975,85.67378234863281,Stood
15.309750000000001,10.889519691467283,15.309750000000005,98.13357543945312,16.009750000000004,56.84779357910156,15.309750000000001,83.81095886230469,15.309750000000001,85.15293884277344,Stood
15.319750000000006,10.906131744384766,15.319750000000003,98.22796630859376,16.019750000000002,57.639278411865234,15.319750000000003,84.07266998291016,15.319750000000006,84.61327362060547,Stood
15.329750000000004,10.92951202392578,15.32975,98.3341827392578,16.02975,58.46818542480469,15.329750000000004,84.30414581298828,15.329750000000004,84.06578826904297,Stood
15.339750000000002,10.963047981262209,15.339750000000002,98.4567642211914,16.039750000000005,59.69244003295898,15.339750000000002,84.51322174072266,15.339750000000002,83.50460052490234,Stood
15.34975,11.019974708557127,15.349750000000004,98.58761596679688,16.04975,60.51471328735352,15.34975,84.7395248413086,15.349750000000007,82.92475128173828,Stood
15.359750000000005,11.11357593536377,15.359750000000002,98.72120666503906,16.05975,61.32952117919922,15.359750000000002,84.96891021728516,15.359750000000005,82.35252380371094,Stood
15.36975,11.236284255981444,15.36975,98.86931610107422,16.069750000000003,61.97026062011719,15.36975,85.1800765991211,15.36975,81.82711029052734,Stood
15.379750000000001,11.381982803344728,15.379750000000001,99.04914093017578,16.079750000000004,62.56622314453125,15.379750000000001,85.40421295166016,15.379750000000001,81.32475280761719,Stood
15.38975,11.534863471984863,15.38975,99.24664306640624,16.089750000000002,63.157527923583984,15.38975,85.63343048095703,15.389750000000006,80.83734893798828,Stood
15.399750000000004,11.668028831481934,15.399750000000001,99.44973754882812,16.09975,63.7320671081543,15.399750000000001,85.8735580444336,15.399750000000004,80.3205337524414,Stood
15.409750000000003,11.777316093444824,15.409750000000003,99.64391326904295,16.109750000000005,64.27664947509766,15.409750000000003,86.12374877929688,15.409750000000003,79.72286224365234,Stood
15.41975,11.905628204345703,15.419750000000004,99.8416748046875,16.11975,64.83295440673828,15.41975,86.34638977050781,15.419750000000008,79.06730651855469,Stood
15.429750000000006,12.074273109436035,15.429750000000002,100.05724334716795,16.12975,65.69673919677734,15.429750000000002,86.52879333496094,15.429750000000006,78.38363647460938,Stood
15.439750000000004,12.342351913452148,15.43975,100.2890167236328,16.13975,66.34422302246094,15.439750000000004,86.67766571044922,15.439750000000004,77.69538879394531,Stood
15.449750000000002,12.701711654663086,15.449750000000002,100.54234313964844,16.149750000000004,67.1749267578125,15.449750000000002,86.79022216796875,15.449750000000002,77.037841796875,Stood
15.45975,13.07475471496582,15.45975,100.80647277832033,16.159750000000003,67.92271423339844,15.45975,86.87784576416016,15.45975000000001,76.41229248046875,Stood
15.469750000000005,13.461019515991213,15.469750000000001,101.07434844970705,16.16975,68.5995864868164,15.469750000000001,86.94319915771484,15.469750000000005,75.7640151977539,Stood
15.479750000000003,13.857206344604492,15.479750000000003,101.35663604736328,16.179750000000006,69.05755615234375,15.479750000000003,86.97933197021484,15.479750000000003,74.98313903808594,Stood
15.48975,14.28011417388916,15.489750000000004,101.67920684814452,16.189750000000004,69.60668182373047,15.48975,86.97510528564453,15.48975,74.07077026367188,Stood
15.499750000000006,14.756509780883787,15.499750000000002,102.00861358642578,16.19975,70.32792663574219,15.499750000000002,86.93424987792969,15.499750000000006,73.069091796875,Stood
15.509750000000004,15.25111961364746,15.50975,102.3350601196289,16.20975,71.79534149169922,15.509750000000004,86.86205291748047,15.509750000000004,72.00901794433594,Stood
15.519750000000002,15.785025596618652,15.519750000000002,102.66433715820312,16.219750000000005,72.66387176513672,15.519750000000002,86.77167510986328,15.519750000000002,70.9580307006836,Stood
15.52975,16.350305557250977,15.52975,102.9895248413086,16.229750000000003,72.96839904785156,15.52975,86.65078735351562,15.52975000000001,70.0295639038086,Stood
15.539750000000005,16.942623138427734,15.539750000000002,103.30964660644533,16.23975,74.30989837646484,15.539750000000002,86.50529479980469,15.539750000000005,69.13663482666016,Stood
15.54975,17.55112648010254,15.54975,103.63142395019533,16.249750000000006,75.71798706054688,15.54975,86.35467529296875,15.54975,68.22687530517578,Stood
15.559750000000001,18.17247009277344,15.559750000000005,103.95393371582033,16.259750000000004,77.13306427001953,15.559750000000001,86.21427154541016,15.559750000000001,67.30367279052734,Stood
15.569750000000006,18.810909271240234,15.569750000000003,104.2811508178711,16.269750000000002,78.96858978271484,15.569750000000003,86.08441162109375,15.569750000000006,66.44063568115234,Stood
15.579750000000004,19.4686222076416,15.57975,104.60139465332033,16.27975,79.46188354492188,15.579750000000004,85.95632934570312,15.579750000000004,65.74298858642578,Stood
15.589750000000002,20.154151916503903,15.589750000000002,104.90848541259766,16.289750000000005,79.91339111328125,15.589750000000002,85.82715606689453,15.589750000000002,65.21065521240234,Stood
15.59975,20.86479759216309,15.599750000000004,105.22016143798828,16.29975,80.21800994873047,15.59975,85.69544982910156,15.599750000000007,64.8162612915039,Stood
15.609750000000005,21.59886360168457,15.609750000000002,105.53170776367188,16.30975,80.45775604248047,15.609750000000002,85.55602264404297,15.609750000000005,64.53530883789062,Stood
15.61975,22.36685943603516,15.61975,105.82704162597656,16.319750000000003,80.84049224853516,15.61975,85.42034912109375,15.61975,64.28414916992188,Stood
15.629750000000001,23.163333892822266,15.629750000000001,106.10961151123048,16.329750000000004,81.24629211425781,15.629750000000001,85.29332733154297,15.629750000000001,64.00016021728516,Stood
15.63975,23.999725341796875,15.63975,106.3924331665039,16.339750000000002,81.77156829833984,15.63975,85.1716079711914,15.639750000000006,63.6933822631836,Stood
15.649750000000004,24.876405715942383,15.649750000000001,106.66722869873048,16.34975,82.31340026855469,15.649750000000001,85.05257415771484,15.649750000000004,63.32324600219727,Stood
15.659750000000003,25.7863712310791,15.659750000000003,106.95787048339844,16.359750000000005,82.78152465820312,15.659750000000003,84.9293441772461,15.659750000000003,62.92984390258789,Stood
15.66975,26.72757911682129,15.669750000000004,107.24107360839844,16.36975,83.21284484863281,15.66975,84.81153106689453,15.669750000000008,62.50794982910156,Stood
15.679750000000006,27.69962501525879,15.679750000000002,107.50458526611328,16.37975,83.44458770751953,15.679750000000002,84.69940948486328,15.679750000000006,62.05329513549805,Stood
15.689750000000004,28.71605682373047,15.68975,107.76801300048828,16.38975,83.76097106933594,15.689750000000004,84.58486938476562,15.689750000000004,61.584205627441406,Stood
15.699750000000002,29.782751083374023,15.699750000000002,108.0400161743164,16.399750000000004,84.1929702758789,15.699750000000002,84.47303009033203,15.699750000000002,61.12343978881836,Stood
15.70975,30.874727249145508,15.70975,108.30865478515624,16.409750000000003,84.52725219726562,15.70975,84.3567123413086,15.70975000000001,60.67068862915039,Stood
15.719750000000005,31.98273468017578,15.719750000000001,108.5859375,16.41975,84.72930145263672,15.719750000000001,84.24822235107422,15.719750000000005,60.26272964477539,Stood
15.729750000000003,33.08245086669922,15.729750000000003,108.87364959716795,16.429750000000006,85.13292694091797,15.729750000000003,84.162353515625,15.729750000000003,59.92713928222656,Stood
15.73975,34.15461349487305,15.739750000000004,109.1289520263672,16.439750000000004,85.4720458984375,15.73975,84.0937271118164,15.73975,59.651023864746094,Stood
15.749750000000006,35.1790771484375,15.749750000000002,109.37109375,16.44975,85.7496566772461,15.749750000000002,84.0334701538086,15.749750000000006,59.48850631713867,Stood
15.759750000000004,36.15694427490234,15.75975,109.62809753417967,16.45975,86.01875305175781,15.759750000000004,83.98124694824219,15.759750000000004,59.38850402832031,Stood
15.769750000000002,37.0996322631836,15.769750000000002,109.87745666503906,16.469750000000005,86.30699157714844,15.769750000000002,83.92524719238281,15.769750000000002,59.33609008789063,Stood
15.77975,38.02392578125,15.77975,110.10855102539062,16.479750000000003,86.49678802490234,15.77975,83.86781311035156,15.77975000000001,59.32667922973633,Stood
15.789750000000005,38.93360900878906,15.789750000000002,110.28307342529295,16.48975,86.78702545166016,15.789750000000002,83.80945587158203,15.789750000000005,59.33004379272461,Stood
15.79975,39.83487701416016,15.79975,110.43798828125,16.499750000000006,87.08167266845703,15.79975,83.74102783203125,15.79975,59.36038589477539,Stood
15.809750000000001,40.738094329833984,15.809750000000005,110.55628967285156,16.509750000000004,87.31868743896484,15.809750000000001,83.65078735351562,15.809750000000001,59.41176223754883,Stood
15.819750000000006,41.63600540161133,15.819750000000003,110.64537048339844,16.519750000000002,87.58836364746094,15.819750000000003,83.55855560302734,15.819750000000006,59.49435424804688,Stood
15.829750000000004,42.52903747558594,15.82975,110.71747589111328,16.52975,87.85882568359375,15.829750000000004,83.48336029052734,15.829750000000004,59.58831024169922,Stood
15.839750000000002,43.42309188842773,15.839750000000002,110.74441528320312,16.539750000000005,88.03214263916016,15.839750000000002,83.41946411132812,15.839750000000002,59.6973876953125,Stood
15.84975,44.32935333251953,15.849750000000004,110.73760986328124,16.54975,88.19633483886719,15.84975,83.36128997802734,15.849750000000007,59.80022811889648,Stood
15.859750000000005,45.25178527832031,15.859750000000002,110.736572265625,16.55975,88.37037658691406,15.859750000000002,83.30614471435547,15.859750000000005,59.92664337158203,Stood
15.86975,46.18638610839844,15.86975,110.7322006225586,16.569750000000003,88.52513122558594,15.86975,83.26488494873047,15.86975,60.095703125,Stood
15.879750000000001,47.091434478759766,15.879750000000001,110.73834991455078,16.579750000000004,88.68208312988281,15.879750000000001,83.2289810180664,15.879750000000001,60.28976821899414,Stood
15.88975,47.95619583129883,15.88975,110.7657470703125,16.589750000000002,88.84290313720703,15.88975,83.19805908203125,15.889750000000006,60.5092658996582,Stood
15.899750000000004,48.797489166259766,15.899750000000001,110.78815460205078,16.59975,88.99915313720703,15.899750000000001,83.16858673095703,15.899750000000004,60.697715759277344,Stood
15.909750000000003,49.596309661865234,15.909750000000003,110.79283142089844,16.609750000000005,89.14604187011719,15.909750000000003,83.13531494140625,15.909750000000003,60.89669418334961,Stood
15.91975,50.41315078735352,15.919750000000004,110.76626586914062,16.61975,89.30754089355469,15.91975,83.08782958984375,15.919750000000008,61.10707473754883,Stood
15.929750000000006,51.21572113037109,15.929750000000002,110.73931121826172,16.62975,89.47623443603516,15.929750000000002,83.0414047241211,15.929750000000006,61.30097198486328,Stood
15.939750000000004,52.04359436035156,15.93975,110.71459197998048,16.63975,89.63859558105469,15.939750000000004,83.00022888183594,15.939750000000004,61.50323486328125,Stood
15.949750000000002,52.89327621459961,15.949750000000002,110.66609954833984,16.649750000000004,89.8069076538086,15.949750000000002,82.95311737060547,15.949750000000002,61.738807678222656,Stood
15.95975,53.75160217285156,15.95975,110.6105728149414,16.659750000000003,89.93650817871094,15.95975,82.91785430908203,15.95975000000001,61.98877716064453,Stood
15.969750000000005,54.63761901855469,15.969750000000001,110.51224517822266,16.66975,89.98329162597656,15.969750000000001,82.88143920898438,15.969750000000005,62.24609756469727,Stood
15.979750000000003,55.51792526245117,15.979750000000003,110.38780975341795,16.679750000000006,90.032470703125,15.979750000000003,82.85343170166016,15.979750000000003,62.53413391113281,Stood
15.98975,56.394229888916016,15.989750000000004,110.25682067871094,16.689750000000004,90.07189178466797,15.98975,82.8249740600586,15.98975,62.83162307739258,Stood
15.999750000000006,57.27616882324219,15.999750000000002,110.11943817138672,16.69975,90.1031723022461,15.999750000000002,82.79751586914062,15.999750000000006,63.116973876953125,Stood
16.009750000000004,58.09645080566406,16.00975,109.95663452148438,16.70975,90.1351089477539,16.009750000000004,82.77373504638672,16.009750000000004,63.40682220458984,Stood
16.019750000000002,58.83041000366211,16.019750000000002,109.77234649658205,16.719750000000005,90.16822052001952,16.019750000000002,82.74480438232422,16.019750000000002,63.71682357788086,Stood
16.02975,59.65573120117188,16.02975,109.5753936767578,16.729750000000003,90.18790435791016,16.02975,82.71916961669922,16.02975000000001,64.03302001953125,Stood
16.039750000000005,60.48701858520508,16.03975,109.4054183959961,16.73975,90.2025909423828,16.03975,82.69367218017578,16.039750000000005,64.3363037109375,Stood
16.04975,61.32028579711914,16.04975,109.23053741455078,16.749750000000006,90.21471405029295,16.04975,82.66507720947266,16.04975,64.65389251708984,Stood
16.05975,62.234493255615234,16.059750000000005,109.0768051147461,16.759750000000004,90.20451354980467,16.05975,82.63512420654297,16.05975,65.00200653076172,Stood
16.069750000000006,63.02446746826172,16.069750000000003,108.95274353027344,16.769750000000002,90.19425201416016,16.069750000000003,82.60508728027344,16.069750000000006,65.33003997802734,Stood
16.079750000000004,63.64347457885742,16.07975,108.83908081054688,16.77975,90.18829345703124,16.079750000000004,82.58143615722656,16.079750000000004,65.64749145507812,Stood
16.089750000000002,64.28209686279297,16.089750000000002,108.70320129394533,16.789750000000005,90.19139862060548,16.089750000000002,82.5488052368164,16.089750000000002,65.96261596679688,Stood
16.09975,64.96266174316406,16.099750000000004,108.54060363769533,16.79975,90.173828125,16.09975,82.51177215576172,16.099750000000007,66.27725982666016,Stood
16.109750000000005,65.60899353027344,16.109750000000002,108.38796997070312,16.80975,90.14803314208984,16.109750000000002,82.49120330810547,16.109750000000005,66.59680938720703,Stood
16.11975,66.24165344238281,16.11975,108.23919677734376,16.819750000000003,90.1131362915039,16.11975,82.47044372558594,16.11975,66.92901611328125,Stood
16.12975,66.88581085205078,16.12975,108.08160400390624,16.829750000000004,90.07892608642578,16.12975,82.45787811279297,16.12975,67.26227569580078,Stood
16.13975,67.54389953613281,16.13975,107.93294525146484,16.839750000000002,90.0513916015625,16.13975,82.46336364746094,16.139750000000006,67.6037368774414,Stood
16.149750000000004,68.20582580566406,16.14975,107.79615020751952,16.84975,90.03607940673828,16.14975,82.45539093017578,16.149750000000004,67.93914031982422,Stood
16.159750000000003,68.84512329101562,16.159750000000003,107.6406707763672,16.859750000000005,90.03335571289062,16.159750000000003,82.44365692138672,16.159750000000003,68.28131866455078,Stood
16.16975,69.45928955078125,16.169750000000004,107.51179504394533,16.86975,90.03952026367188,16.16975,82.44245147705078,16.169750000000008,68.6216049194336,Stood
16.179750000000006,70.00288391113281,16.179750000000002,107.39389038085938,16.87975,90.05181121826172,16.179750000000002,82.44463348388672,16.179750000000006,68.96483612060547,Stood
16.189750000000004,70.50765991210938,16.18975,107.27568817138672,16.88975,90.07213592529295,16.189750000000004,82.45844268798828,16.189750000000004,69.2988052368164,Stood
16.19975,71.1399917602539,16.19975,107.16952514648438,16.899750000000004,90.10511779785156,16.19975,82.47663116455078,16.19975,69.63538360595703,Stood
16.20975,71.6344223022461,16.20975,107.05427551269533,16.909750000000003,90.14869689941406,16.20975,82.47373962402344,16.20975000000001,69.98896026611328,Stood
16.219750000000005,72.17382049560547,16.21975,106.93247985839844,16.91975,90.2018814086914,16.21975,82.47435760498047,16.219750000000005,70.35273742675781,Stood
16.229750000000003,72.7208251953125,16.229750000000003,106.83291625976562,16.929750000000006,90.26334381103516,16.229750000000003,82.48468780517578,16.229750000000003,70.75418853759766,Stood
16.23975,73.25597381591797,16.239750000000004,106.7311782836914,16.939750000000004,90.32869720458984,16.23975,82.49978637695312,16.23975,71.15625,Stood
16.249750000000006,73.78438568115234,16.249750000000002,106.61885833740234,16.94975,90.39430236816406,16.249750000000002,82.53409576416016,16.249750000000006,71.5413818359375,Stood
16.259750000000004,74.2979965209961,16.25975,106.53839874267578,16.95975,90.45467376708984,16.259750000000004,82.55876159667969,16.259750000000004,71.93534088134766,Stood
16.269750000000002,74.87310028076172,16.269750000000002,106.44010162353516,16.969750000000005,90.51326751708984,16.269750000000002,82.5824966430664,16.269750000000002,72.32537841796875,Stood
16.27975,75.44979095458984,16.27975,106.35420989990234,16.979750000000003,90.56647491455078,16.27975,82.61443328857422,16.27975000000001,72.71489715576172,Stood
16.289750000000005,76.22901916503906,16.28975,106.26189422607422,16.98975,90.61219787597656,16.28975,82.62631225585938,16.289750000000005,73.08988189697266,Stood
16.29975,76.43953704833984,16.29975,106.14649200439452,16.999750000000006,90.65362548828124,16.29975,82.66171264648438,16.29975,73.4371109008789,Stood
16.30975,77.00285339355469,16.309750000000005,106.04569244384766,17.009750000000004,90.69766235351562,16.30975,82.69224548339844,16.30975,73.77603912353516,Stood
16.319750000000006,77.53282165527344,16.319750000000003,105.95138549804688,17.019750000000002,90.74736785888672,16.319750000000003,82.70267486572266,16.319750000000006,74.10465240478516,Stood
16.329750000000004,78.06578063964844,16.32975,105.85262298583984,17.02975,90.79839324951172,16.329750000000004,82.72830200195312,16.329750000000004,74.4154281616211,Stood
16.339750000000002,78.56936645507812,16.339750000000002,105.75536346435548,17.039750000000005,90.84844207763672,16.339750000000002,82.7414321899414,16.339750000000002,74.72679901123047,Stood
16.34975,79.08283233642578,16.349750000000004,105.64913177490234,17.04975,90.88919067382812,16.34975,82.7518539428711,16.349750000000007,75.03974914550781,Stood
16.359750000000005,79.6052017211914,16.359750000000002,105.5543441772461,17.05975,90.91999053955078,16.359750000000002,82.77742004394531,16.359750000000005,75.34245300292969,Stood
16.36975,80.10311889648438,16.36975,105.47517395019533,17.069750000000003,90.93965911865234,16.36975,82.78996276855469,16.36975,75.63882446289062,Stood
16.37975,80.5916748046875,16.37975,105.39299774169922,17.079750000000004,90.9465103149414,16.37975,82.81846618652344,16.37975,75.9183349609375,Stood
16.38975,81.04645538330078,16.38975,105.30297088623048,17.089750000000002,90.93917846679688,16.38975,82.84436798095703,16.389750000000006,76.18561553955078,Stood
16.399750000000004,81.51001739501953,16.39975,105.21416473388672,17.09975,90.91314697265624,16.39975,82.85765838623047,16.399750000000004,76.42890930175781,Stood
16.409750000000003,81.97208404541016,16.409750000000003,105.13034057617188,17.109750000000005,90.87255859375,16.409750000000003,82.8846435546875,16.409750000000003,76.64712524414062,Stood
16.41975,82.41150665283203,16.419750000000004,105.0571060180664,17.11975,90.82744598388672,16.41975,82.90691375732422,16.419750000000008,76.83021545410156,Stood
16.429750000000006,82.77410888671875,16.429750000000002,104.97295379638672,17.12975,90.7873306274414,16.429750000000002,82.9325180053711,16.429750000000006,76.97748565673828,Stood
16.439750000000004,83.15387725830078,16.43975,104.87696075439452,17.13975,90.74622344970705,16.439750000000004,82.9572525024414,16.439750000000004,77.10032653808594,Stood
16.44975,83.50677490234375,16.44975,104.77877807617188,17.149750000000004,90.7088623046875,16.44975,82.97374725341797,16.44975,77.20089721679688,Stood
16.45975,83.87545013427734,16.45975,104.67606353759766,17.159750000000003,90.67806243896484,16.45975,82.99732971191406,16.45975000000001,77.30731964111328,Stood
16.469750000000005,84.26158905029297,16.46975,104.56734466552734,17.16975,90.63998413085938,16.46975,83.02478790283203,16.469750000000005,77.41976165771484,Stood
16.479750000000003,84.60144805908203,16.479750000000003,104.4688491821289,17.179750000000006,90.59439086914062,16.479750000000003,83.0506591796875,16.479750000000003,77.52850341796875,Stood
16.48975,84.96527099609375,16.489750000000004,104.37934112548828,17.189750000000004,90.5544204711914,16.48975,83.08222198486328,16.48975,77.63326263427734,Stood
16.499750000000006,85.30492401123047,16.499750000000002,104.2922134399414,17.19975,90.54051208496094,16.499750000000002,83.1134033203125,16.499750000000006,77.7181396484375,Stood
16.509750000000004,85.73473358154297,16.50975,104.20033264160156,17.20975,90.54176330566406,16.509750000000004,83.14215087890625,16.509750000000004,77.78910827636719,Stood
16.519750000000002,86.10296630859375,16.519750000000002,104.09699249267578,17.219750000000005,90.54385375976562,16.519750000000002,83.17317962646484,16.519750000000002,77.84613037109375,Stood
16.52975,86.43152618408203,16.52975,103.98893737792967,17.229750000000003,90.54496002197266,16.52975,83.20008087158203,16.52975000000001,77.89102172851562,Stood
16.539750000000005,86.78158569335938,16.53975,103.8943099975586,17.399750000000004,90.60309600830078,16.53975,83.22886657714844,16.539750000000005,77.92627716064453,Stood
16.54975,87.08305358886719,16.54975,103.82341766357422,17.409750000000003,90.5829086303711,16.54975,83.26093292236328,16.54975,77.95095825195312,Stood
16.55975,87.38275909423828,16.559750000000005,103.77020263671876,17.41975,90.56159973144533,16.55975,83.29256439208984,16.55975,77.96681213378906,Stood
16.569750000000006,87.63687896728516,16.569750000000003,103.7167739868164,17.429750000000006,90.54102325439452,16.569750000000003,83.32321166992188,16.569750000000006,77.97334289550781,Stood
16.579750000000004,87.93943786621094,16.57975,103.66353607177734,17.439750000000004,90.5292510986328,16.579750000000004,83.35118865966797,16.579750000000004,77.97511291503906,Stood
16.589750000000002,88.1414794921875,16.589750000000002,103.6196517944336,17.44975,90.52175903320312,16.589750000000002,83.37266540527344,16.589750000000002,77.9783706665039,Stood
16.59975,88.36407470703125,16.599750000000004,103.57099151611328,17.45975,90.51355743408205,16.59975,83.39347839355469,16.599750000000007,77.97041320800781,Stood
16.609750000000005,88.55231475830078,16.609750000000002,103.55181121826172,17.469750000000005,90.50521087646484,16.609750000000002,83.41500854492188,16.609750000000005,77.95508575439453,Stood
16.61975,88.708251953125,16.61975,103.54077911376952,17.479750000000003,90.4990005493164,16.61975,83.43307495117188,16.61975,77.93704223632812,Stood
16.62975,88.87014770507812,16.62975,103.5304946899414,17.48975,90.49750518798828,16.62975,83.45198059082031,16.62975,77.94087982177734,Stood
16.63975,89.01290130615234,16.63975,103.52476501464844,17.499750000000006,90.49874877929688,16.63975,83.46855163574219,16.639750000000006,77.97799682617188,Stood
16.649750000000004,89.13632202148438,16.64975,103.53206634521484,17.509750000000004,90.50017547607422,16.64975,83.48341369628906,16.649750000000004,78.05072021484375,Stood
16.659750000000003,89.18263244628906,16.659750000000003,103.55990600585938,17.519750000000002,90.49734497070312,16.659750000000003,83.49821472167969,16.659750000000003,78.152587890625,Stood
16.66975,89.32298278808594,16.669750000000004,103.60518646240234,17.52975,90.4952392578125,16.66975,83.50851440429688,16.669750000000008,78.28350067138672,Stood
16.679750000000006,89.35041046142578,16.679750000000002,103.66136932373048,17.539750000000005,90.4948272705078,16.679750000000002,83.51688385009766,16.679750000000006,78.42507934570312,Stood
16.689750000000004,89.36373901367188,16.68975,103.71498107910156,17.54975,90.49239349365234,16.689750000000004,83.5185775756836,16.689750000000004,78.57606506347656,Stood
16.69975,89.32870483398438,16.69975,103.75917053222656,17.55975,90.50228881835938,16.69975,83.51783752441406,16.69975,78.74097442626953,Stood
16.70975,89.2933349609375,16.70975,103.79436492919922,17.569750000000003,90.51256561279295,16.70975,83.51140594482422,16.70975000000001,78.91514587402344,Stood
16.719750000000005,89.24352264404297,16.71975,103.82442474365234,17.579750000000004,90.51817321777344,16.71975,83.5001449584961,16.719750000000005,79.1011962890625,Stood
16.729750000000003,89.1783676147461,16.729750000000003,103.8400421142578,17.589750000000002,90.5208740234375,16.729750000000003,83.49127960205078,16.729750000000003,79.2942123413086,Stood
16.73975,89.1126708984375,16.739750000000004,103.84269714355467,17.59975,90.52717590332033,16.73975,83.47904205322266,16.73975,79.49961853027344,Stood
16.749750000000006,89.04595947265625,16.749750000000002,103.83808135986328,17.609750000000005,90.52813720703124,16.749750000000002,83.47162628173828,16.749750000000006,79.70220947265625,Stood
16.759750000000004,88.98452758789062,16.75975,103.8316421508789,17.61975,90.52569580078124,16.759750000000004,83.46576690673828,16.759750000000004,79.88925170898438,Stood
16.769750000000002,88.94134521484375,16.769750000000002,103.81314849853516,17.62975,90.51936340332033,16.769750000000002,83.46221923828125,16.769750000000002,80.0514144897461,Stood
16.77975,88.9116439819336,16.77975,103.78379821777344,17.63975,90.51072692871094,16.77975,83.45620727539062,16.77975000000001,80.19451141357422,Stood
16.789750000000005,88.89966583251953,16.78975,103.75350189208984,17.649750000000004,90.49706268310548,16.78975,83.45046997070312,16.789750000000005,80.3208236694336,Stood
16.79975,88.9056396484375,16.79975,103.72830200195312,17.659750000000003,90.4810791015625,16.79975,83.44159698486328,16.79975,80.42326354980469,Stood
16.80975,88.92839050292969,16.809750000000005,103.70319366455078,17.66975,90.4650650024414,16.80975,83.43301391601562,16.80975,80.50215911865234,Stood
16.819750000000006,88.95618438720703,16.819750000000003,103.66651916503906,17.679750000000006,90.4493637084961,16.819750000000003,83.42610931396484,16.819750000000006,80.5538558959961,Stood
16.829750000000004,88.97724151611328,16.82975,103.62432861328124,17.689750000000004,90.43701934814452,16.829750000000004,83.422119140625,16.829750000000004,80.57904815673828,Sitting down
16.839750000000002,88.99063873291016,16.839750000000002,103.5801239013672,17.69975,90.42848205566406,16.839750000000002,83.41893768310547,16.839750000000002,80.5854263305664,Sitting down
16.84975,89.01062774658203,16.849750000000004,103.54593658447266,17.70975,90.41918182373048,16.84975,83.42012023925781,16.849750000000007,80.57846069335938,Sitting down
16.859750000000005,89.0413589477539,16.859750000000002,103.51172637939452,17.719750000000005,90.40617370605467,16.859750000000002,83.42279052734375,16.859750000000005,80.55916595458984,Sitting down
16.86975,89.08103942871094,16.86975,103.475341796875,17.729750000000003,90.39381408691406,16.86975,83.42784881591797,16.86975,80.52828216552734,Sitting down
16.87975,89.12696838378906,16.87975,103.4341812133789,17.73975,90.38013458251952,16.87975,83.43582153320312,16.87975,80.48926544189453,Sitting down
16.88975,89.1778793334961,16.88975,103.3909149169922,17.749750000000006,90.3662338256836,16.88975,83.44454956054688,16.889750000000006,80.4431381225586,Sitting down
16.899750000000004,89.22936248779297,16.89975,103.3546371459961,17.759750000000004,90.3425521850586,16.89975,83.45671844482422,16.899750000000004,80.39278411865234,Sitting down
16.909750000000003,89.31208801269531,16.909750000000003,103.3217544555664,17.769750000000002,90.31493377685548,16.909750000000003,83.47008514404297,16.909750000000003,80.34193420410156,Sitting down
16.91975,89.46267700195312,16.919750000000004,103.28408813476562,17.77975,90.28447723388672,16.91975,83.48494720458984,16.919750000000008,80.28727722167969,Sitting down
16.929750000000006,89.54158020019531,16.929750000000002,103.24242401123048,17.839750000000002,90.10833740234376,16.929750000000002,83.5018310546875,16.929750000000006,80.22616577148438,Sitting down
16.939750000000004,89.66665649414062,16.93975,103.19751739501952,17.84975,90.0943603515625,16.939750000000004,83.5189437866211,16.939750000000004,80.16040802001953,Sitting down
16.94975,89.76493072509766,16.94975,103.14737701416016,17.859750000000005,90.07581329345705,16.94975,83.53499603271484,16.94975,80.09676361083984,Sitting down
16.95975,89.8393325805664,16.95975,103.09095764160156,17.86975,90.06852722167969,16.95975,83.55269622802734,16.95975000000001,80.03456115722656,Sitting down
16.969750000000005,89.93592834472656,16.96975,103.043701171875,17.87975,90.06876373291016,16.96975,83.57063293457031,16.969750000000005,79.97616577148438,Sitting down
16.979750000000003,90.0106430053711,16.979750000000003,103.00514221191406,17.88975,90.05622863769531,16.979750000000003,83.58797454833984,16.979750000000003,79.92041778564453,Sitting down
16.98975,90.08838653564452,16.989750000000004,102.96832275390624,17.899750000000004,90.0383529663086,16.98975,83.60430908203125,16.98975,79.86825561523438,Sitting down
16.999750000000006,90.14254760742188,16.999750000000002,102.93380737304688,17.909750000000003,90.02164459228516,16.999750000000002,83.61630249023438,16.999750000000006,79.8168716430664,Sitting down
17.009750000000004,90.20831298828124,17.00975,102.90257263183594,17.91975,90.00800323486328,17.009750000000004,83.62232971191406,17.009750000000004,79.76815032958984,Sitting down
17.019750000000002,90.29595947265624,17.019750000000002,102.87557983398438,17.929750000000006,89.99359893798828,17.019750000000002,83.62715148925781,17.019750000000002,79.7260513305664,Sitting down
17.02975,90.34119415283205,17.02975,102.8615493774414,17.939750000000004,89.98007202148438,17.02975,83.6290512084961,17.02975000000001,79.69185638427734,Sitting down
17.039750000000005,90.36355590820312,17.03975,102.8577651977539,17.94975,89.96757507324219,17.03975,83.62919616699219,17.039750000000005,79.66580200195312,Sitting down
17.04975,90.37198638916016,17.04975,102.86408996582033,17.95975,89.95677185058594,17.04975,83.62672424316406,17.04975,79.65211486816406,Sitting down
17.05975,90.37511444091795,17.059750000000005,102.88304901123048,17.969750000000005,89.94139099121094,17.05975,83.62374877929688,17.05975,79.64824676513672,Sitting down
17.069750000000006,90.37174987792967,17.069750000000003,102.90998840332033,17.979750000000003,89.91859436035156,17.069750000000003,83.61866760253906,17.069750000000006,79.65013122558594,Sitting down
17.079750000000004,90.36846923828124,17.07975,102.93272399902344,17.98975,89.89017486572266,17.079750000000004,83.61166381835938,17.079750000000004,79.6569595336914,Sitting down
17.089750000000002,90.35986328125,17.089750000000002,102.95006561279295,17.999750000000006,89.85636901855469,17.089750000000002,83.60663604736328,17.089750000000002,79.66748046875,Sitting down
17.09975,90.34404754638672,17.099750000000004,102.9687271118164,18.009750000000004,89.81910705566406,17.09975,83.59658813476562,17.099750000000007,79.68141174316406,Sitting down
17.109750000000005,90.31956481933594,17.109750000000002,102.9927215576172,18.019750000000002,89.77879333496094,17.109750000000002,83.59004211425781,17.109750000000005,79.69097900390625,Sitting down
17.11975,90.29812622070312,17.11975,103.01268005371094,18.02975,89.73770904541016,17.11975,83.58448791503906,17.11975,79.69224548339844,Sitting down
17.12975,90.2841567993164,17.12975,103.0274658203125,18.039750000000005,89.69710540771484,17.12975,83.57780456542969,17.12975,79.69389343261719,Sitting down
17.13975,90.28004455566406,17.13975,103.0440673828125,18.04975,89.6572494506836,17.13975,83.5718994140625,17.139750000000006,79.7004623413086,Sitting down
17.149750000000004,90.28118896484376,17.14975,103.0576400756836,18.05975,89.62126159667969,17.14975,83.56483459472656,17.149750000000004,79.72087097167969,Sitting down
17.159750000000003,90.28553009033205,17.159750000000003,103.0632781982422,18.069750000000003,89.58966064453125,17.159750000000003,83.55513763427734,17.159750000000003,79.74598693847656,Sitting down
17.16975,90.2909164428711,17.169750000000004,103.06673431396484,18.079750000000004,89.55223083496094,17.16975,83.54598999023438,17.169750000000008,79.773193359375,Sitting down
17.179750000000006,90.29084014892578,17.179750000000002,103.06977081298828,18.089750000000002,89.51033020019531,17.179750000000002,83.53718566894531,17.179750000000006,79.80139923095703,Sitting down
17.189750000000004,90.28897094726562,17.18975,103.07088470458984,18.09975,89.45504760742188,17.189750000000004,83.53105163574219,17.189750000000004,79.83259582519531,Sitting down
17.19975,90.28996276855467,17.19975,103.06961059570312,18.109750000000005,89.39510345458984,17.19975,83.52735900878906,17.19975,79.86032104492188,Sitting down
17.20975,90.30076599121094,17.20975,103.06710815429688,18.11975,89.33058166503906,17.20975,83.52637481689453,17.20975000000001,79.88156127929688,Sitting down
17.219750000000005,90.30765533447266,17.21975,103.06676483154295,18.12975,89.25566101074219,17.21975,83.5273208618164,17.219750000000005,79.89799499511719,Sitting down
17.229750000000003,90.314453125,17.229750000000003,103.09156036376952,18.13975,89.177734375,17.229750000000003,83.52629089355469,17.229750000000003,79.90863037109375,Sitting down
17.23975,90.33154296875,17.239750000000004,103.10643005371094,18.149750000000004,89.11117553710938,17.23975,83.53301239013672,17.23975,79.9135971069336,Sitting down
17.249750000000006,90.35053253173828,17.249750000000002,103.11255645751952,18.159750000000003,89.0420150756836,17.249750000000002,83.53717041015625,17.249750000000006,79.91608428955078,Sitting down
17.259750000000004,90.36822509765624,17.25975,103.13058471679688,18.16975,88.96407318115234,17.259750000000004,83.54033660888672,17.259750000000004,79.91802978515625,Sitting down
17.269750000000002,90.39598083496094,17.269750000000002,103.13468933105467,18.179750000000006,88.84133911132812,17.269750000000002,83.54058837890625,17.269750000000002,79.91912078857422,Sitting down
17.27975,90.41697692871094,17.27975,103.13495635986328,18.189750000000004,88.74015808105469,17.27975,83.53943634033203,17.27975000000001,79.9187240600586,Sitting down
17.289750000000005,90.43355560302734,17.28975,103.14034271240234,18.19975,88.64633178710938,17.28975,83.53970336914062,17.289750000000005,79.9244384765625,Sitting down
17.29975,90.45752716064452,17.29975,103.14822387695312,18.20975,88.55424499511719,17.29975,83.5373764038086,17.29975,79.93107604980469,Sitting down
17.30975,90.46822357177734,17.309750000000005,103.15362548828124,18.219750000000005,88.45759582519531,17.30975,83.53742980957031,17.30975,79.93476867675781,Sitting down
17.319750000000006,90.48624420166016,17.319750000000003,103.1553955078125,18.229750000000003,88.33423614501953,17.319750000000003,83.53565216064453,17.319750000000006,79.93622589111328,Sitting down
17.329750000000004,90.50567626953124,17.32975,103.1543197631836,18.23975,88.1419906616211,17.329750000000004,83.5368881225586,17.329750000000004,79.9421157836914,Sitting down
17.339750000000002,90.52014923095705,17.339750000000002,103.15584564208984,18.249750000000006,87.8481216430664,17.339750000000002,83.53926086425781,17.339750000000002,79.95065307617188,Sitting down
17.34975,90.5357894897461,17.349750000000004,103.15559387207033,18.259750000000004,87.58001708984375,17.34975,83.5439682006836,17.349750000000007,79.96534729003906,Sitting down
17.359750000000005,90.54991912841795,17.359750000000002,103.1563491821289,18.269750000000002,87.39502716064453,17.359750000000002,83.5472640991211,17.359750000000005,79.98294830322266,Sitting down
17.36975,90.55844116210938,17.36975,103.15813446044922,18.27975,87.15443420410156,17.36975,83.55117797851562,17.36975,80.00333404541016,Sitting down
17.37975,90.55799865722656,17.37975,103.16014099121094,18.289750000000005,86.81388092041016,17.37975,83.55517578125,17.37975,80.02520751953125,Sitting down
17.38975,90.5521469116211,17.38975,103.16226959228516,18.29975,86.38833618164062,17.38975,83.55630493164062,17.389750000000006,80.04169464111328,Sitting down
17.399750000000004,90.54771423339844,17.39975,103.1637191772461,18.30975,85.85621643066406,17.39975,83.55917358398438,17.399750000000004,80.0559310913086,Sitting down
17.409750000000003,90.5405502319336,17.409750000000003,103.16180419921876,18.319750000000003,85.24241638183594,17.409750000000003,83.56108856201172,17.409750000000003,80.07136535644531,Sitting down
17.41975,90.5390853881836,17.419750000000004,103.15614318847656,18.329750000000004,84.69120788574219,17.41975,83.56133270263672,17.419750000000008,80.08899688720703,Sitting down
17.429750000000006,90.54547119140624,17.429750000000002,103.1460418701172,18.339750000000002,84.10159301757812,17.429750000000002,83.5634765625,17.429750000000006,80.10581970214844,Sitting down
17.439750000000004,90.54784393310548,17.43975,103.1346435546875,18.34975,83.49042510986328,17.439750000000004,83.56620025634766,17.439750000000004,80.11937713623047,Sitting down
17.44975,90.54705047607422,17.44975,103.12552642822266,18.359750000000005,82.79090118408203,17.44975,83.56805419921875,17.44975,80.13257598876953,Sitting down
17.45975,90.54405212402344,17.45975,103.1194076538086,18.36975,82.15026092529297,17.45975,83.56983947753906,17.45975000000001,80.14073181152344,Sitting down
17.469750000000005,90.53968811035156,17.46975,103.1158676147461,18.37975,81.57106018066406,17.46975,83.5703125,17.469750000000005,80.1467056274414,Sitting down
17.479750000000003,90.5443878173828,17.479750000000003,103.10144805908205,18.38975,80.86392974853516,17.479750000000003,83.57129669189453,17.479750000000003,80.15062713623047,Sitting down
17.48975,90.56077575683594,17.489750000000004,103.08650970458984,18.399750000000004,80.15204620361328,17.48975,83.57218170166016,17.48975,80.15523529052734,Sitting down
17.499750000000006,90.58446502685548,17.499750000000002,103.07142639160156,18.409750000000003,79.39620971679688,17.499750000000002,83.5718002319336,17.499750000000006,80.16361236572266,Sitting down
17.509750000000004,90.60018920898438,17.50975,103.05772399902344,18.41975,78.60814666748047,17.509750000000004,83.57022094726562,17.509750000000004,80.16773986816406,Sitting down
17.519750000000002,90.60620880126952,17.519750000000002,103.0452880859375,18.429750000000006,77.74739837646484,17.519750000000002,83.56854248046875,17.519750000000002,80.16748046875,Sitting down
17.52975,90.60321807861328,17.52975,103.03581237792967,18.439750000000004,76.89920043945312,17.52975,83.56671142578125,17.52975000000001,80.16108703613281,Sitting down
17.539750000000005,90.58404541015624,17.53975,103.03048706054688,18.44975,76.04143524169922,17.53975,83.5659408569336,17.539750000000005,80.15338897705078,Sitting down
17.54975,90.56657409667967,17.54975,103.02733612060548,18.45975,75.12256622314453,17.54975,83.5638656616211,17.54975,80.14383697509766,Sitting down
17.55975,90.5578842163086,17.559750000000005,103.02088928222656,18.469750000000005,74.07307434082031,17.55975,83.56538391113281,17.55975,80.13449096679688,Sitting down
17.569750000000006,90.5531005859375,17.569750000000003,103.01554870605467,18.479750000000003,73.25621032714844,17.569750000000003,83.56764221191406,17.569750000000006,80.12142944335938,Sitting down
17.579750000000004,90.5483627319336,17.57975,103.0096435546875,18.48975,72.42998504638672,17.579750000000004,83.57080841064453,17.579750000000004,80.09626770019531,Sitting down
17.589750000000002,90.5398178100586,17.589750000000002,103.0041275024414,18.499750000000006,71.4168701171875,17.589750000000002,83.57423400878906,17.589750000000002,80.06726837158203,Sitting down
17.59975,90.53162384033205,17.599750000000004,102.9962387084961,18.509750000000004,70.46234893798828,17.59975,83.57856750488281,17.599750000000007,80.04840087890625,Sitting down
17.609750000000005,90.52559661865234,17.609750000000002,102.98777770996094,18.519750000000002,69.30001831054688,17.609750000000002,83.58118438720703,17.609750000000005,80.03504943847656,Sitting down
17.61975,90.52098083496094,17.61975,102.97720336914062,18.52975,68.37792205810547,17.61975,83.5823974609375,17.61975,80.01908874511719,Sitting down
17.62975,90.51675415039062,17.62975,102.96681213378906,18.539750000000005,67.64469909667969,17.62975,83.58139038085938,17.62975,80.00027465820312,Sitting down
17.63975,90.51190185546876,17.63975,102.95685577392578,18.54975,66.9146728515625,17.63975,83.5797119140625,17.639750000000006,79.9776611328125,Sitting down
17.649750000000004,90.50447845458984,17.64975,102.94593811035156,18.55975,66.1300048828125,17.64975,83.57823944091797,17.649750000000004,79.95574188232422,Sitting down
17.659750000000003,90.49864959716795,17.659750000000003,102.93478393554688,18.569750000000003,65.30573272705078,17.659750000000003,83.5771713256836,17.659750000000003,79.93583679199219,Sitting down
17.66975,90.49099731445312,17.669750000000004,102.92543029785156,18.579750000000004,64.441650390625,17.66975,83.57527160644531,17.669750000000008,79.91914367675781,Sitting down
17.679750000000006,90.47926330566406,17.679750000000002,102.91545104980467,18.589750000000002,63.53104019165039,17.679750000000002,83.57405853271484,17.679750000000006,79.9059829711914,Sitting down
17.689750000000004,90.46751403808594,17.68975,102.90666961669922,18.59975,62.6124382019043,17.689750000000004,83.572998046875,17.689750000000004,79.89225769042969,Sitting down
17.69975,90.45313262939452,17.69975,102.89967346191406,18.609750000000005,61.72698974609375,17.69975,83.57463073730469,17.69975,79.8826675415039,Sitting down
17.70975,90.44064331054688,17.70975,102.89180755615234,18.61975,60.86439895629883,17.70975,83.5750503540039,17.70975000000001,79.8777084350586,Sitting down
17.719750000000005,90.4323272705078,17.71975,102.88343811035156,18.62975,59.99925231933594,17.71975,83.57501983642578,17.719750000000005,79.87171936035156,Sitting down
17.729750000000003,90.4216079711914,17.729750000000003,102.87159729003906,18.63975,59.12032318115234,17.729750000000003,83.57597351074219,17.729750000000003,79.8609848022461,Sitting down
17.73975,90.4098892211914,17.739750000000004,102.85892486572266,18.649750000000004,58.2187385559082,17.73975,83.57535552978516,17.73975,79.8457260131836,Sitting down
17.749750000000006,90.40081787109376,17.749750000000002,102.84652709960938,18.659750000000003,57.26542282104492,17.749750000000002,83.57412719726562,17.749750000000006,79.82830810546875,Sitting down
17.759750000000004,90.3932876586914,17.75975,102.8322525024414,18.66975,56.25543975830078,17.759750000000004,83.57351684570312,17.759750000000004,79.8100357055664,Sitting down
17.769750000000002,90.38151550292967,17.769750000000002,102.81719970703124,18.679750000000006,55.235496520996094,17.769750000000002,83.57332611083984,17.769750000000002,79.79046630859375,Sitting down
17.77975,90.36666870117188,17.77975,102.80101776123048,18.689750000000004,54.230464935302734,17.77975,83.57201385498047,17.77975000000001,79.76913452148438,Sitting down
17.789750000000005,90.34989166259766,17.78975,102.7841339111328,18.69975,53.20908737182617,17.78975,83.57181549072266,17.789750000000005,79.74241638183594,Sitting down
17.79975,90.3275375366211,17.79975,102.76535034179688,18.70975,52.17859649658203,17.79975,83.57395935058594,17.79975,79.71401977539062,Sitting down
17.80975,90.30418395996094,17.809750000000005,102.74543762207033,18.719750000000005,51.183292388916016,17.80975,83.57723999023438,17.80975,79.68865966796875,Sitting down
17.819750000000006,90.28195190429688,17.819750000000003,102.7254867553711,18.729750000000003,50.18258666992188,17.819750000000003,83.58015441894531,17.819750000000006,79.66438293457031,Sitting down
17.829750000000004,90.25470733642578,17.82975,102.70252990722656,18.73975,49.186161041259766,17.829750000000004,83.58236694335938,17.829750000000004,79.6413803100586,Sitting down
17.839750000000002,90.23538970947266,17.839750000000002,102.6787567138672,18.749750000000006,48.216773986816406,17.839750000000002,83.58392333984375,17.839750000000002,79.61701202392578,Sitting down
17.84975,90.2110366821289,17.849750000000004,102.65370178222656,18.759750000000004,47.29717254638672,17.84975,83.5855712890625,17.849750000000007,79.59183502197266,Sitting down
17.859750000000005,90.1856460571289,17.859750000000002,102.62840270996094,18.769750000000002,46.44377136230469,17.859750000000002,83.5850601196289,17.859750000000005,79.56722259521484,Sitting down
17.86975,90.15754699707033,17.86975,102.6032485961914,18.77975,45.58787155151367,17.86975,83.58716583251953,17.86975,79.54129791259766,Sitting down
17.87975,90.1224594116211,17.87975,102.5805206298828,18.789750000000005,44.707313537597656,17.87975,83.58960723876953,17.87975,79.5119857788086,Sitting down
17.88975,90.08724975585938,17.88975,102.55734252929688,18.79975,43.83516311645508,17.88975,83.59127044677734,17.889750000000006,79.48400115966797,Sitting down
17.899750000000004,90.0501708984375,17.89975,102.5358428955078,18.80975,42.983428955078125,17.89975,83.59524536132812,17.899750000000004,79.45779418945312,Sitting down
17.909750000000003,90.00988006591797,17.909750000000003,102.51329803466795,18.819750000000003,42.07605743408203,17.909750000000003,83.60023498535156,17.909750000000003,79.43107604980469,Sitting down
17.91975,89.96975708007812,17.919750000000004,102.48918151855467,18.829750000000004,41.13976287841797,17.91975,83.60466766357422,17.919750000000008,79.40637969970703,Sitting down
17.929750000000006,89.9258804321289,17.929750000000002,102.46340942382812,18.839750000000002,40.22882843017578,17.929750000000002,83.60967254638672,17.929750000000006,79.38494110107422,Sitting down
17.939750000000004,89.8800048828125,17.93975,102.43659210205078,18.84975,39.38789749145508,17.939750000000004,83.61273193359375,17.939750000000004,79.3592758178711,Sitting down
17.94975,89.83489990234375,17.94975,102.41043090820312,18.859750000000005,38.598915100097656,17.94975,83.61531066894531,17.94975,79.3294677734375,Sitting down
17.95975,89.78448486328125,17.95975,102.38397979736328,18.86975,37.91250228881836,17.95975,83.61859893798828,17.95975000000001,79.29734802246094,Sitting down
17.969750000000005,89.72509002685547,17.96975,102.3512191772461,18.87975,36.89481735229492,17.96975,83.62166595458984,17.969750000000005,79.2654037475586,Sitting down
17.979750000000003,89.67035675048828,17.979750000000003,102.31640625,18.88975,35.95641326904297,17.979750000000003,83.62625885009766,17.979750000000003,79.22940826416016,Sitting down
17.98975,89.60690307617188,17.989750000000004,102.28221130371094,18.899750000000004,35.25448226928711,17.98975,83.63143920898438,17.98975,79.1966781616211,Sitting down
17.999750000000006,89.54896545410156,17.999750000000002,102.2453384399414,18.909750000000003,34.50075149536133,17.999750000000002,83.63697814941406,17.999750000000006,79.16864013671875,Sitting down
18.009750000000004,89.49315643310547,18.00975,102.20610809326172,18.91975,33.89317321777344,18.009750000000004,83.639892578125,18.009750000000004,79.13301086425781,Sitting down
18.019750000000002,89.42913055419922,18.019750000000002,102.16490173339844,18.929750000000006,33.207908630371094,18.019750000000002,83.64505004882812,18.019750000000002,79.09782409667969,Sitting down
18.02975,89.3519287109375,18.02975,102.12397003173828,18.939750000000004,32.47055435180664,18.02975,83.65032196044922,18.02975000000001,79.06175994873047,Sitting down
18.039750000000005,89.26876831054688,18.03975,102.08432006835938,18.94975,31.7323055267334,18.03975,83.65450286865234,18.039750000000005,79.02632904052734,Sitting down
18.04975,89.18514251708984,18.04975,102.04763793945312,18.95975,31.04226875305176,18.04975,83.65970611572266,18.04975,78.98866271972656,Sitting down
18.05975,89.11539459228516,18.059750000000005,102.01021575927734,18.969750000000005,30.35284996032715,18.05975,83.6653823852539,18.05975,78.95074462890625,Sitting down
18.069750000000006,89.02469635009766,18.069750000000003,101.97611236572266,18.979750000000003,29.6655387878418,18.069750000000003,83.6712646484375,18.069750000000006,78.90924072265625,Sitting down
18.079750000000004,88.92733764648438,18.07975,101.9436492919922,18.98975,28.960947036743164,18.079750000000004,83.677490234375,18.079750000000004,78.8703384399414,Sitting down
18.089750000000002,88.83169555664062,18.089750000000002,101.89210510253906,18.999750000000006,28.29591560363769,18.089750000000002,83.6845932006836,18.089750000000002,78.82611083984375,Sitting down
18.09975,88.71749877929688,18.099750000000004,101.83596801757812,19.009750000000004,27.595617294311523,18.09975,83.68965911865234,18.099750000000007,78.7798080444336,Sitting down
18.109750000000005,88.57532501220703,18.109750000000002,101.7894287109375,19.019750000000002,26.86783599853516,18.109750000000002,83.69631958007812,18.109750000000005,78.73407745361328,Sitting down
18.11975,88.44976043701172,18.11975,101.75762939453124,19.02975,26.19479179382324,18.11975,83.70285034179688,18.11975,78.68235778808594,Sitting down
18.12975,88.32693481445312,18.12975,101.74254608154295,19.039750000000005,25.512556076049805,18.12975,83.70826721191406,18.12975,78.62158203125,Sitting down
18.13975,88.17792510986328,18.13975,101.7276382446289,19.04975,24.86153984069824,18.13975,83.71480560302734,18.139750000000006,78.54773712158203,Sitting down
18.149750000000004,87.98380279541016,18.14975,101.71060943603516,19.05975,24.23653030395508,18.14975,83.71994018554688,18.149750000000004,78.46856689453125,Sitting down
18.159750000000003,87.7658462524414,18.159750000000003,101.7058334350586,19.069750000000003,23.60503578186035,18.159750000000003,83.72416687011719,18.159750000000003,78.38599395751953,Sitting down
18.16975,87.51126098632812,18.169750000000004,101.70838928222656,19.079750000000004,23.00296211242676,18.16975,83.72998809814453,18.169750000000008,78.29100799560547,Sitting down
18.179750000000006,87.24667358398438,18.179750000000002,101.73391723632812,19.089750000000002,22.41441535949707,18.179750000000002,83.73278045654297,18.179750000000006,78.17833709716797,Sitting down
18.189750000000004,86.85848999023438,18.18975,101.78838348388672,19.09975,21.84560203552246,18.189750000000004,83.73634338378906,18.189750000000004,78.05459594726562,Sitting down
18.19975,86.49451446533203,18.19975,101.8612289428711,19.109750000000005,21.319469451904297,18.19975,83.74098205566406,18.19975,77.91246032714844,Sitting down
18.20975,86.048583984375,18.20975,101.9460220336914,19.11975,20.855712890625,18.20975,83.74220275878906,18.20975000000001,77.75031280517578,Sitting down
18.219750000000005,85.55125427246094,18.21975,102.04573059082033,19.12975,20.47430419921875,18.21975,83.74878692626953,18.219750000000005,77.5704574584961,Sitting down
18.229750000000003,85.02164459228516,18.229750000000003,102.1706085205078,19.13975,20.20013427734375,18.229750000000003,83.75346374511719,18.229750000000003,77.38450622558594,Sitting down
18.23975,84.43678283691406,18.239750000000004,102.31147003173828,19.149750000000004,20.0572452545166,18.23975,83.76023864746094,18.23975,77.19613647460938,Sitting down
18.249750000000006,83.79631042480469,18.249750000000002,102.46939086914062,19.159750000000003,20.039928436279297,18.249750000000002,83.76860809326172,18.249750000000006,76.99430084228516,Sitting down
18.259750000000004,83.06585693359375,18.25975,102.632080078125,19.16975,20.10180854797364,18.259750000000004,83.78073120117188,18.259750000000004,76.76973724365234,Sitting down
18.269750000000002,82.31768798828125,18.269750000000002,102.8022918701172,19.179750000000006,20.20752143859864,18.269750000000002,83.795166015625,18.269750000000002,76.52143859863281,Sitting down
18.27975,81.49837493896484,18.27975,102.95978546142578,19.189750000000004,20.3010196685791,18.27975,83.8033218383789,18.27975000000001,76.25489044189453,Sitting down
18.289750000000005,80.65351104736328,18.28975,103.09049987792967,19.19975,20.33461570739746,18.28975,83.80123138427734,18.289750000000005,75.97666931152344,Sitting down
18.29975,79.7547836303711,18.29975,103.22889709472656,19.20975,20.26764869689941,18.29975,83.78933715820312,18.29975,75.69115447998047,Sitting down
18.30975,78.72931671142578,18.309750000000005,103.3984146118164,19.219750000000005,20.114866256713867,18.30975,83.77342987060547,18.30975,75.38812255859375,Sitting down
18.319750000000006,77.81880187988281,18.319750000000003,103.58245849609376,19.229750000000003,19.93742179870605,18.319750000000003,83.75274658203125,18.319750000000006,75.06147766113281,Sitting down
18.329750000000004,76.96419525146484,18.32975,103.76126098632812,19.23975,19.731096267700195,18.329750000000004,83.7276382446289,18.329750000000004,74.71886444091797,Sitting down
18.339750000000002,75.93214416503906,18.339750000000002,103.90906524658205,19.249750000000006,19.48035430908203,18.339750000000002,83.70903015136719,18.339750000000002,74.37098693847656,Sitting down
18.34975,74.93694305419922,18.349750000000004,104.05034637451172,19.259750000000004,19.22524070739746,18.34975,83.6956787109375,18.349750000000007,74.02923583984375,Sitting down
18.359750000000005,74.1892318725586,18.359750000000002,104.1946792602539,19.269750000000002,19.01105690002441,18.359750000000002,83.69158935546875,18.359750000000005,73.68489837646484,Sitting down
18.36975,73.5606918334961,18.36975,104.31854248046876,19.27975,18.832921981811523,18.36975,83.69500732421875,18.36975,73.33396911621094,Sitting down
18.37975,72.8717269897461,18.37975,104.42833709716795,19.289750000000005,18.669816970825195,18.37975,83.72306060791016,18.37975,72.98121643066406,Sitting down
18.38975,72.22005462646484,18.38975,104.55977630615234,19.29975,18.5125732421875,18.38975,83.77572631835938,18.389750000000006,72.62843322753906,Sitting down
18.399750000000004,71.52477264404297,18.39975,104.73617553710938,19.30975,18.329120635986328,18.39975,83.8218765258789,18.399750000000004,72.27305603027344,Sitting down
18.409750000000003,70.78863525390625,18.409750000000003,104.92176055908205,19.319750000000003,18.08369445800781,18.409750000000003,83.83598327636719,18.409750000000003,71.90625762939453,Sitting down
18.41975,70.02908325195312,18.419750000000004,105.11629486083984,19.329750000000004,17.79393196105957,18.41975,83.83577728271484,18.419750000000008,71.52827453613281,Sitting down
18.429750000000006,69.3170166015625,18.429750000000002,105.31527709960938,19.339750000000002,17.473037719726562,18.429750000000002,83.84544372558594,18.429750000000006,71.12396240234375,Sitting down
18.439750000000004,68.66259765625,18.43975,105.53254699707033,19.34975,17.166486740112305,18.439750000000004,83.85511779785156,18.439750000000004,70.7086410522461,Sitting down
18.44975,67.97066497802734,18.44975,105.75729370117188,19.359750000000005,16.879940032958984,18.44975,83.8649673461914,18.44975,70.26922607421875,Sitting down
18.45975,67.20599365234375,18.45975,105.9553680419922,19.36975,16.425153732299805,18.45975,83.87537384033203,18.45975000000001,69.82740020751953,Sitting down
18.469750000000005,66.39828491210938,18.46975,106.14749908447266,19.37975,16.143268585205078,18.46975,83.89543914794922,18.469750000000005,69.37290954589844,Sitting down
18.479750000000003,65.61998748779297,18.479750000000003,106.33769989013672,19.38975,15.843570709228516,18.479750000000003,83.9345703125,18.479750000000003,68.91574096679688,Sitting down
18.48975,64.86666870117188,18.489750000000004,106.5337142944336,19.399750000000004,15.55632209777832,18.48975,83.97083282470703,18.48975,68.43630981445312,Sitting down
18.499750000000006,64.03536987304688,18.499750000000002,106.73983001708984,19.409750000000003,15.349431991577148,18.499750000000002,84.00779724121094,18.499750000000006,67.922119140625,Sitting down
18.509750000000004,63.14644241333008,18.50975,106.97705841064452,19.41975,15.112895965576172,18.509750000000004,84.04771423339844,18.509750000000004,67.39759063720703,Sitting down
18.519750000000002,62.27674102783203,18.519750000000002,107.2139129638672,19.429750000000006,14.873770713806152,18.519750000000002,84.06744384765625,18.519750000000002,66.89614868164062,Sitting down
18.52975,61.48536682128906,18.52975,107.44142150878906,19.439750000000004,14.667184829711914,18.52975,84.07244873046875,18.52975000000001,66.35065460205078,Sitting down
18.539750000000005,60.73432540893555,18.53975,107.69103240966795,19.44975,14.486392974853516,18.53975,84.08250427246094,18.539750000000005,65.79804229736328,Sitting down
18.54975,59.93975067138672,18.54975,107.94905090332033,19.45975,14.34451675415039,18.54975,84.08854675292969,18.54975,65.2162857055664,Sitting down
18.55975,59.07862091064453,18.559750000000005,108.1812973022461,19.469750000000005,14.253222465515137,18.55975,84.09625244140625,18.55975,64.63642120361328,Sitting down
18.569750000000006,58.176414489746094,18.569750000000003,108.39612579345705,19.479750000000003,14.189106941223145,18.569750000000003,84.10919189453125,18.569750000000006,64.04244232177734,Sitting down
18.579750000000004,57.253604888916016,18.57975,108.61272430419922,19.48975,14.117883682250977,18.579750000000004,84.13868713378906,18.579750000000004,63.4194450378418,Sitting down
18.589750000000002,56.29800033569336,18.589750000000002,108.83927154541016,19.499750000000006,14.009217262268066,18.589750000000002,84.1630630493164,18.589750000000002,62.78871536254883,Sitting down
18.59975,55.32048416137695,18.599750000000004,109.0445785522461,19.509750000000004,13.868508338928224,18.59975,84.16299438476562,18.599750000000007,62.16193008422852,Sitting down
18.609750000000005,54.36873245239258,18.609750000000002,109.20648956298828,19.519750000000002,13.687827110290527,18.609750000000002,84.16788482666016,18.609750000000005,61.53242492675781,Sitting down
18.61975,53.466094970703125,18.61975,109.337158203125,19.52975,13.496230125427246,18.61975,84.1658706665039,18.61975,60.904903411865234,Sitting down
18.62975,52.56534957885742,18.62975,109.46687316894533,19.539750000000005,13.268290519714355,18.62975,84.16353607177734,18.62975,60.27836990356445,Sitting down
18.63975,51.65338134765625,18.63975,109.5877685546875,19.54975,13.04011058807373,18.63975,84.16576385498047,18.639750000000006,59.67037963867188,Sitting down
18.649750000000004,50.73853302001953,18.64975,109.70036315917967,19.55975,12.872876167297363,18.64975,84.15824890136719,18.649750000000004,59.09828186035156,Sitting down
18.659750000000003,49.80779647827149,18.659750000000003,109.79459381103516,19.569750000000003,12.659259796142578,18.659750000000003,84.1528091430664,18.659750000000003,58.547019958496094,Sitting down
18.66975,48.87715530395508,18.669750000000004,109.88861083984376,19.579750000000004,12.437796592712402,18.66975,84.14593505859375,18.669750000000008,58.04121017456055,Sitting down
18.679750000000006,47.9890022277832,18.679750000000002,109.97897338867188,19.589750000000002,12.214227676391602,18.679750000000002,84.13594818115234,18.679750000000006,57.59868240356445,Sitting down
18.689750000000004,47.09642791748047,18.68975,110.017333984375,19.59975,12.01958465576172,18.689750000000004,84.12242889404297,18.689750000000004,57.195499420166016,Sitting down
18.69975,46.19954299926758,18.69975,110.04289245605467,19.609750000000005,11.890716552734377,18.69975,84.11544799804688,18.69975,56.82752227783203,Sitting down
18.70975,45.306827545166016,18.70975,110.07494354248048,19.61975,11.816637992858888,18.70975,84.10826873779297,18.70975000000001,56.5126953125,Sitting down
18.719750000000005,44.41344451904297,18.71975,110.09969329833984,19.62975,11.714499473571776,18.71975,84.09312438964844,18.719750000000005,56.23046875,Sat
18.729750000000003,43.51521301269531,18.729750000000003,110.10958099365234,19.63975,11.6375093460083,18.729750000000003,84.0904769897461,18.729750000000003,55.97068786621094,Sat
18.73975,42.64788436889648,18.739750000000004,110.10336303710938,19.649750000000004,11.672144889831545,18.73975,84.08660125732422,18.73975,55.71456146240234,Sat
18.749750000000006,41.7988395690918,18.749750000000002,110.10796356201172,19.659750000000003,11.69235134124756,18.749750000000002,84.0818862915039,18.749750000000006,55.46620559692383,Sat
18.759750000000004,40.95750045776367,18.75975,110.094482421875,19.66975,11.73208999633789,18.759750000000004,84.0869140625,18.759750000000004,55.20168685913086,Sat
18.769750000000002,40.11899566650391,18.769750000000002,110.07450103759766,19.679750000000006,11.811976432800291,18.769750000000002,84.08605194091797,18.769750000000002,54.919864654541016,Sat
18.77975,39.2835693359375,18.77975,110.04557800292967,19.689750000000004,11.903589248657228,18.77975,84.08235931396484,18.77975000000001,54.6146354675293,Sat
18.789750000000005,38.4487190246582,18.78975,110.00103759765624,19.69975,11.978764533996582,18.78975,84.08179473876953,18.789750000000005,54.32589721679688,Sat
18.79975,37.63996124267578,18.79975,109.94184112548828,19.70975,11.971831321716309,18.79975,84.09285736083984,18.79975,54.13950729370117,Sat
18.80975,36.851783752441406,18.809750000000005,109.8569107055664,19.719750000000005,11.950724601745604,18.80975,84.10798645019531,18.80975,54.01287841796875,Sat
18.819750000000006,36.05474472045898,18.819750000000003,109.76647186279295,19.729750000000003,11.932613372802734,18.819750000000003,84.11904907226562,18.819750000000006,53.91291046142578,Sat
18.829750000000004,35.25364685058594,18.82975,109.66693878173828,19.73975,11.908830642700195,18.829750000000004,84.14054107666016,18.829750000000004,53.8027229309082,Sat
18.839750000000002,34.445556640625,18.839750000000002,109.5474090576172,19.749750000000006,11.900094985961914,18.839750000000002,84.15362548828125,18.839750000000002,53.67854309082031,Sat
18.84975,33.62788391113281,18.849750000000004,109.43978118896484,19.759750000000004,11.91160488128662,18.84975,84.15851593017578,18.849750000000007,53.46607208251953,Sat
18.859750000000005,32.827491760253906,18.859750000000002,109.32904815673828,19.769750000000002,11.859573364257812,18.859750000000002,84.16910552978516,18.859750000000005,53.53546905517578,Sat
18.86975,32.03487014770508,18.86975,109.20352935791016,19.77975,11.769363403320312,18.86975,84.17967224121094,18.86975,53.541595458984375,Sat
18.87975,31.24485206604004,18.87975,109.0242919921875,19.789750000000005,11.67958641052246,18.87975,84.18780517578125,18.87975,53.59245300292969,Sat
18.88975,30.473501205444336,18.88975,108.87718963623048,19.79975,11.626829147338867,18.88975,84.20658874511719,18.889750000000006,53.72858810424805,Sat
18.899750000000004,29.709190368652344,18.89975,108.73944854736328,19.80975,11.56541633605957,18.89975,84.21806335449219,18.899750000000004,53.90285110473633,Sat
18.909750000000003,28.944454193115234,18.909750000000003,108.57057189941406,19.819750000000003,11.59378433227539,18.909750000000003,84.22996520996094,18.909750000000003,54.05353927612305,Sat
18.91975,28.183380126953125,18.919750000000004,108.38431549072266,19.829750000000004,11.657071113586426,18.91975,84.24615478515625,18.919750000000008,54.17360305786133,Sat
18.929750000000006,27.42272186279297,18.929750000000002,108.190185546875,19.839750000000002,11.696725845336914,18.929750000000002,84.26580047607422,18.929750000000006,54.29951477050781,Sat
18.939750000000004,26.658092498779297,18.93975,107.98462677001952,19.84975,11.791959762573242,18.939750000000004,84.31391143798828,18.939750000000004,54.42498397827149,Sat
18.94975,25.886947631835938,18.94975,107.77798461914062,19.859750000000005,11.857794761657717,18.94975,84.34728240966797,18.94975,54.50285720825195,Sat
18.95975,25.12946510314941,18.95975,107.57340240478516,19.86975,11.932915687561035,18.95975,84.38985443115234,18.95975000000001,54.59406661987305,Sat
18.969750000000005,24.39511680603028,18.96975,107.36091613769533,19.87975,11.88579559326172,18.96975,84.43096923828125,18.969750000000005,54.74873733520508,Sat
18.979750000000003,23.69414710998535,18.979750000000003,107.14684295654295,19.88975,11.830951690673828,18.979750000000003,84.45655059814453,18.979750000000003,54.935977935791016,Sat
18.98975,23.013521194458008,18.989750000000004,106.9152603149414,19.899750000000004,11.77109146118164,18.98975,84.48722839355469,18.98975,55.16945266723633,Sat
18.999750000000006,22.34490394592285,18.999750000000002,106.68133544921876,19.909750000000003,11.72358226776123,18.999750000000002,84.50782775878906,18.999750000000006,55.44447326660156,Sat
19.009750000000004,21.68787002563477,19.00975,106.44252014160156,19.91975,11.718958854675291,19.009750000000004,84.544921875,19.009750000000004,55.757694244384766,Sat
19.019750000000002,21.04971694946289,19.019750000000002,106.19326782226562,19.929750000000006,11.74050998687744,19.019750000000002,84.58565521240234,19.019750000000002,56.11366653442383,Sat
19.02975,20.457420349121094,19.02975,105.95528411865234,19.939750000000004,11.771239280700684,19.02975,84.62223815917969,19.02975000000001,56.56357192993164,Sat
19.039750000000005,19.89734649658203,19.03975,105.72052764892578,19.94975,11.786347389221191,19.03975,84.67974090576172,19.039750000000005,57.068634033203125,Sat
19.04975,19.39595413208008,19.04975,105.5025634765625,19.95975,11.80645751953125,19.04975,84.74728393554688,19.04975,57.6243896484375,Sat
19.05975,18.99337387084961,19.059750000000005,105.2783660888672,19.969750000000005,11.81506061553955,19.05975,84.79505157470703,19.05975,58.22783660888672,Sat
19.069750000000006,18.67417335510254,19.069750000000003,105.06315612792967,19.979750000000003,11.801016807556152,19.069750000000003,84.83819580078125,19.069750000000006,58.88602066040039,Sat
19.079750000000004,18.445125579833984,19.07975,104.87432861328124,19.98975,11.77051067352295,19.079750000000004,84.87913513183594,19.079750000000004,59.59460067749024,Sat
19.089750000000002,18.32278633117676,19.089750000000002,104.70825958251952,19.999750000000006,11.749825477600098,19.089750000000002,84.92911529541016,19.089750000000002,60.25711441040039,Sat
19.09975,18.26097869873047,19.099750000000004,104.53971862792967,20.009750000000004,11.742836952209473,19.09975,84.99331665039062,19.099750000000007,60.715145111083984,Sat
19.109750000000005,18.214712142944336,19.109750000000002,104.35419464111328,20.019750000000002,11.757256507873535,19.109750000000002,85.05184173583984,19.109750000000005,60.9747200012207,Sat
19.11975,18.1557674407959,19.11975,104.19667053222656,20.02975,11.788573265075684,19.11975,85.10153198242188,19.11975,61.079986572265625,Sat
19.12975,18.07475471496582,19.12975,104.09430694580078,20.039750000000005,11.832944869995115,19.12975,85.13568878173828,19.12975,61.09946060180664,Sat
19.13975,17.959918975830078,19.13975,104.02962493896484,20.04975,11.876581192016602,19.13975,85.11067199707031,19.139750000000006,61.18765258789063,Sat
19.149750000000004,17.813823699951172,19.14975,103.9809341430664,20.05975,11.909839630126951,19.14975,85.04322814941406,19.149750000000004,61.455039978027344,Sat
19.159750000000003,17.675214767456055,19.159750000000003,103.96527862548828,20.069750000000003,11.924463272094728,19.159750000000003,84.94451904296875,19.159750000000003,61.92233276367188,Sat
19.16975,17.57671356201172,19.169750000000004,103.98342895507812,20.079750000000004,11.92367172241211,19.16975,84.80030059814453,19.169750000000008,62.5091552734375,Sat
19.179750000000006,17.534709930419922,19.179750000000002,104.01104736328124,20.089750000000002,11.902871131896973,19.179750000000002,84.6067886352539,19.179750000000006,63.03801345825195,Sat
19.189750000000004,17.53963851928711,19.18975,104.0371551513672,20.09975,11.867457389831545,19.189750000000004,84.38917541503906,19.189750000000004,63.566837310791016,Sat
19.19975,17.553911209106445,19.19975,104.07185363769533,20.109750000000005,11.834259033203123,19.19975,84.25020599365234,19.19975,64.16841888427734,Sat
19.20975,17.544754028320312,19.20975,104.0873794555664,20.11975,11.801605224609377,19.20975,84.10115051269531,19.20975000000001,64.79086303710938,Sat
19.219750000000005,17.470653533935547,19.21975,104.09744262695312,20.12975,11.80031967163086,19.21975,83.98170471191406,19.219750000000005,65.37342834472656,Sat
19.229750000000003,17.345792770385742,19.229750000000003,104.10015106201172,20.13975,11.793678283691406,19.229750000000003,83.86048889160156,19.229750000000003,65.87863159179688,Sat
19.23975,17.186986923217773,19.239750000000004,104.09587860107422,20.149750000000004,11.792269706726074,19.23975,83.74195861816406,19.23975,66.33515167236328,Sat
19.249750000000006,17.027616500854492,19.249750000000002,104.0841293334961,20.159750000000003,11.796171188354492,19.249750000000002,83.6254653930664,19.249750000000006,66.75786590576172,Sat
19.259750000000004,16.86960220336914,19.25975,104.05867004394533,20.16975,11.784442901611328,19.259750000000004,83.50843811035156,19.259750000000004,67.1820297241211,Sat
19.269750000000002,16.69654083251953,19.269750000000002,104.02132415771484,20.179750000000006,11.755391120910645,19.269750000000002,83.41390228271484,19.269750000000002,67.6624526977539,Sat
19.27975,16.509052276611328,19.27975,103.97592163085938,20.189750000000004,11.71996784210205,19.27975,83.3199234008789,19.27975000000001,68.24224090576172,Sat
19.289750000000005,16.31224822998047,19.28975,103.91617584228516,20.19975,11.699175834655762,19.28975,83.23542785644531,19.289750000000005,68.869873046875,Sat
19.29975,16.116243362426758,19.29975,103.84812927246094,20.20975,11.702420234680176,19.29975,83.14474487304688,19.29975,69.52104949951172,Sat
19.30975,15.912821769714355,19.309750000000005,103.78126525878906,20.219750000000005,11.721516609191896,19.30975,83.05511474609375,19.30975,70.1929931640625,Sat
19.319750000000006,15.696396827697754,19.319750000000003,103.6986846923828,20.229750000000003,11.748433113098145,19.319750000000003,82.9687728881836,19.319750000000006,70.90228271484375,Sat
19.329750000000004,15.448077201843262,19.32975,103.59545135498048,20.23975,11.77672290802002,19.329750000000004,82.88329315185547,19.329750000000004,71.660888671875,Sat
19.339750000000002,15.19764518737793,19.339750000000002,103.48773193359376,20.249750000000006,11.808249473571776,19.339750000000002,82.80433654785156,19.339750000000002,72.42469024658203,Sat
19.34975,14.977639198303224,19.349750000000004,103.37342834472656,20.259750000000004,11.831871032714844,19.34975,82.72706604003906,19.349750000000007,73.189697265625,Sat
19.359750000000005,14.770696640014648,19.359750000000002,103.25045013427734,20.269750000000002,11.848074913024902,19.359750000000002,82.65614318847656,19.359750000000005,73.95188903808594,Sat
19.36975,14.595507621765137,19.36975,103.11248779296876,20.27975,11.86823558807373,19.36975,82.5903091430664,19.36975,74.70697021484375,Sat
19.37975,14.442514419555664,19.37975,102.96501159667967,20.289750000000005,11.897116661071776,19.37975,82.5279312133789,19.37975,75.44303131103516,Sat
19.38975,14.299172401428224,19.38975,102.81172943115234,20.29975,11.930569648742676,19.38975,82.46560668945312,19.389750000000006,76.177001953125,Sat
19.399750000000004,14.170669555664062,19.39975,102.64974975585938,20.30975,11.958137512207031,19.39975,82.39884948730469,19.399750000000004,76.89398193359375,Sat
19.409750000000003,14.049962043762209,19.409750000000003,102.47879791259766,20.319750000000003,11.97617530822754,19.409750000000003,82.34362030029297,19.409750000000003,77.59040069580078,Sat
19.41975,13.956162452697754,19.419750000000004,102.30591583251952,20.329750000000004,12.003046989440918,19.41975,82.29509735107422,19.419750000000008,78.2738037109375,Sat
19.429750000000006,13.883196830749512,19.429750000000002,102.13214874267578,20.339750000000002,12.015278816223145,19.429750000000002,82.26016998291016,19.429750000000006,78.93276977539062,Sat
19.439750000000004,13.829879760742188,19.43975,101.95247650146484,20.34975,12.015064239501951,19.439750000000004,82.22059631347656,19.439750000000004,79.56072235107422,Sat
19.44975,13.77615737915039,19.44975,101.77619171142578,20.359750000000005,12.045001983642578,19.44975,82.16788482666016,19.44975,80.17332458496094,Sat
19.45975,13.70599365234375,19.45975,101.6117172241211,20.36975,12.07343292236328,19.45975,82.12268829345703,19.45975000000001,80.77887725830078,Sat
19.469750000000005,13.61770725250244,19.46975,101.44520568847656,20.37975,12.10206127166748,19.46975,82.08113861083984,19.469750000000005,81.37200927734375,Sat
19.479750000000003,13.518224716186523,19.479750000000003,101.28871154785156,20.38975,12.13856601715088,19.479750000000003,82.03451538085938,19.479750000000003,81.96363067626953,Sat
19.48975,13.402307510375977,19.489750000000004,101.12792205810548,20.399750000000004,12.172290802001951,19.48975,81.99284362792969,19.48975,82.56294250488281,Sat
19.499750000000006,13.266743659973145,19.499750000000002,100.96105194091795,20.409750000000003,12.205384254455566,19.499750000000002,81.9426498413086,19.499750000000006,83.16051483154297,Sat
19.509750000000004,13.118573188781738,19.50975,100.80754852294922,20.41975,12.225822448730469,19.509750000000004,81.91736602783203,19.509750000000004,83.74748229980469,Sat
19.519750000000002,12.970110893249512,19.519750000000002,100.67044830322266,20.429750000000006,12.248897552490234,19.519750000000002,81.89697265625,19.519750000000002,84.31817626953125,Sat
19.52975,12.835633277893066,19.52975,100.55543518066406,20.439750000000004,12.255316734313965,19.52975,81.88836669921875,19.52975000000001,84.87373352050781,Sat
19.539750000000005,12.68551540374756,19.53975,100.46045684814452,20.44975,12.24492645263672,19.53975,81.89686584472656,19.539750000000005,85.4168472290039,Sat
19.54975,12.49764633178711,19.54975,100.36275482177734,20.45975,12.241190910339355,19.54975,81.90982818603516,19.54975,85.95557403564453,Sat
19.55975,12.312045097351074,19.559750000000005,100.25684356689452,20.469750000000005,12.22669506072998,19.55975,81.91796112060547,19.55975,86.47736358642578,Sat
19.569750000000006,12.1380615234375,19.569750000000003,100.13005065917967,20.479750000000003,12.212484359741213,19.569750000000003,81.92736053466797,19.569750000000006,86.99876403808594,Sat
19.579750000000004,11.980810165405272,19.57975,100.0107421875,20.48975,12.19691276550293,19.579750000000004,81.92485809326172,19.579750000000004,87.53616333007812,Sat
19.589750000000002,11.865751266479492,19.589750000000002,99.9016342163086,20.499750000000006,12.186481475830078,19.589750000000002,81.91092681884766,19.589750000000002,88.07048797607422,Sat
19.59975,11.84573745727539,19.599750000000004,99.7974090576172,20.509750000000004,12.190221786499023,19.59975,81.9155502319336,19.599750000000007,88.60289764404297,Sat
19.609750000000005,11.866207122802734,19.609750000000002,99.6993179321289,20.519750000000002,12.208123207092283,19.609750000000002,81.90861511230469,19.609750000000005,89.12357330322266,Sat
19.61975,11.849771499633787,19.61975,99.61979675292967,20.52975,12.234027862548828,19.61975,81.90714263916016,19.61975,89.62451171875,Sat
19.62975,11.75763988494873,19.62975,99.56765747070312,20.539750000000005,12.26137351989746,19.62975,81.90628051757812,19.62975,90.08404541015624,Sat
19.63975,11.643566131591797,19.63975,99.53385925292967,20.54975,12.281824111938477,19.63975,81.9098892211914,19.639750000000006,90.53470611572266,Sat
19.649750000000004,11.53604507446289,19.64975,99.5138702392578,20.55975,12.281402587890623,19.64975,81.90116119384766,19.649750000000004,90.98220825195312,Sat
19.659750000000003,11.420080184936523,19.659750000000003,99.49242401123048,20.569750000000003,12.271577835083008,19.659750000000003,81.88290405273438,19.659750000000003,91.40484619140624,Sat
19.66975,11.320218086242676,19.669750000000004,99.47798919677734,20.579750000000004,12.259523391723633,19.66975,81.86605072021484,19.669750000000008,91.78010559082033,Sat
19.679750000000006,11.28569507598877,19.679750000000002,99.45647430419922,20.589750000000002,12.214559555053713,19.679750000000002,81.84545135498047,19.679750000000006,92.10269165039062,Sat
19.689750000000004,11.323699951171877,19.68975,99.4592742919922,20.59975,12.219758987426758,19.689750000000004,81.82893371582031,19.689750000000004,92.38645935058594,Sat
19.69975,11.351147651672363,19.69975,99.48926544189452,20.609750000000005,12.273653984069824,19.69975,81.82213592529297,19.69975,92.63687133789062,Sat
19.70975,11.330883026123049,19.70975,99.53740692138672,20.61975,12.296875953674316,19.70975,81.82886505126953,19.70975000000001,92.86947631835938,Sat
19.719750000000005,11.306830406188965,19.71975,99.60711669921876,20.62975,12.297327041625977,19.71975,81.84247589111328,19.719750000000005,93.0933837890625,Sat
19.729750000000003,11.26909065246582,19.729750000000003,99.67993927001952,20.63975,12.31168270111084,19.729750000000003,81.86688232421875,19.729750000000003,93.33098602294922,Sat
19.73975,11.201404571533203,19.739750000000004,99.74510192871094,20.649750000000004,12.302783966064451,19.73975,81.88677978515625,19.73975,93.58781433105467,Sat
19.749750000000006,11.147079467773438,19.749750000000002,99.7986068725586,20.659750000000003,12.27903652191162,19.749750000000002,81.90279388427734,19.749750000000006,93.84969329833984,Sat
19.759750000000004,11.136235237121582,19.75975,99.83394622802734,20.66975,12.249577522277832,19.759750000000004,81.91254425048828,19.759750000000004,94.09371185302734,Sat
19.769750000000002,11.152074813842772,19.769750000000002,99.85466003417967,20.679750000000006,12.21058464050293,19.769750000000002,81.9188232421875,19.769750000000002,94.31038665771484,Sat
19.77975,11.192158699035645,19.77975,99.88044738769533,20.689750000000004,12.174188613891602,19.77975,81.97932434082031,19.77975000000001,94.49397277832033,Sat
19.789750000000005,11.215639114379885,19.78975,99.91097259521484,20.69975,12.168892860412598,19.78975,82.0074234008789,19.789750000000005,94.6529769897461,Sat
19.79975,11.206235885620115,19.79975,99.96016693115234,20.70975,12.164490699768066,19.79975,82.05271911621094,19.79975,94.7963409423828,Sat
19.80975,11.183462142944336,19.809750000000005,100.00899505615234,20.719750000000005,12.16011905670166,19.80975,82.09489440917969,19.80975,94.9328384399414,Sat
19.819750000000006,11.158821105957031,19.819750000000003,100.0568618774414,20.729750000000003,12.163058280944824,19.819750000000003,82.13224792480469,19.819750000000006,95.0687026977539,Sat
19.829750000000004,11.153509140014648,19.82975,100.0996322631836,20.73975,12.17294979095459,19.829750000000004,82.16183471679688,19.829750000000004,95.2236328125,Sat
19.839750000000002,11.147239685058594,19.839750000000002,100.13829803466795,20.749750000000006,12.163912773132324,19.839750000000002,82.1712875366211,19.839750000000002,95.39740753173828,Sat
19.84975,11.127196311950684,19.849750000000004,100.16077423095705,20.759750000000004,12.140177726745604,19.84975,82.17110443115234,19.849750000000007,95.56094360351562,Sat
19.859750000000005,11.113238334655762,19.859750000000002,100.18526458740234,20.769750000000002,12.118428230285645,19.859750000000002,82.16461181640625,19.859750000000005,95.70507049560548,Sat
19.86975,11.102065086364746,19.86975,100.20199584960938,20.77975,12.096766471862791,19.86975,82.14798736572266,19.86975,95.83018493652344,Sat
19.87975,11.088526725769045,19.87975,100.2089385986328,20.789750000000005,12.08469295501709,19.87975,82.12960815429688,19.87975,95.93077850341795,Sat
19.88975,11.070539474487305,19.88975,100.20889282226562,20.79975,12.057208061218262,19.88975,82.11212158203125,19.889750000000006,96.01004791259766,Sat
19.899750000000004,11.057849884033203,19.89975,100.21891021728516,20.80975,12.076926231384276,19.89975,82.10100555419922,19.899750000000004,96.07408142089844,Sat
19.909750000000003,11.060192108154297,19.909750000000003,100.24357604980467,20.819750000000003,12.097359657287598,19.909750000000003,82.09557342529297,19.909750000000003,96.13351440429688,Sat
19.91975,11.070119857788086,19.919750000000004,100.26653289794922,20.829750000000004,12.117780685424805,19.91975,82.09088134765625,19.919750000000008,96.1908950805664,Sat
19.929750000000006,11.080821990966797,19.929750000000002,100.27085876464844,20.839750000000002,12.137910842895508,19.929750000000002,82.09307098388672,19.929750000000006,96.24299621582033,Sat
19.939750000000004,11.069726943969728,19.93975,100.27418518066406,20.84975,12.167418479919434,19.939750000000004,82.10396575927734,19.939750000000004,96.29135131835938,Sat
19.94975,11.059228897094728,19.94975,100.29039764404295,20.859750000000005,12.177729606628418,19.94975,82.11080169677734,19.94975,96.33182525634766,Sat
19.95975,11.062886238098145,19.95975,100.30655670166016,20.86975,12.16858196258545,19.95975,82.1150894165039,19.95975000000001,96.36442565917967,Sat
19.969750000000005,11.070347785949709,19.96975,100.3148193359375,20.87975,12.153862953186035,19.96975,82.11672973632812,19.969750000000005,96.3895263671875,Sat
19.979750000000003,11.070013046264648,19.979750000000003,100.32110595703124,20.88975,12.132741928100586,19.979750000000003,82.11781311035156,19.979750000000003,96.40602111816406,Sat
19.98975,11.066153526306152,19.989750000000004,100.32757568359376,20.899750000000004,12.113019943237305,19.98975,82.12006378173828,19.98975,96.4240951538086,Sat
19.999750000000006,11.053348541259766,19.999750000000002,100.33267211914062,20.909750000000003,12.086475372314451,19.999750000000002,82.12491607666016,19.999750000000006,96.44808197021484,Sat
20.009750000000004,11.037416458129885,20.00975,100.3386459350586,20.91975,12.071168899536133,20.009750000000004,82.12571716308594,20.009750000000004,96.48057556152344,Sat
20.019750000000002,11.036444664001465,20.019750000000002,100.33940887451172,20.929750000000006,12.081132888793944,20.019750000000002,82.12443542480469,20.019750000000002,96.50569152832033,Standing up
20.02975,11.023072242736816,20.02975,100.33911895751952,20.939750000000004,12.089786529541016,20.02975,82.12702178955078,20.02975000000001,96.51212310791016,Standing up
20.039750000000005,11.002951622009276,20.03975,100.35108184814452,20.94975,12.08655071258545,20.03975,82.1295394897461,20.039750000000005,96.51158905029295,Standing up
20.04975,10.98183536529541,20.04975,100.36298370361328,20.95975,12.077874183654783,20.04975,82.13034057617188,20.04975,96.50603485107422,Standing up
20.05975,10.962328910827637,20.059750000000005,100.37541961669922,20.969750000000005,12.07877254486084,20.05975,82.12940216064453,20.05975,96.4978485107422,Standing up
20.069750000000006,10.94436740875244,20.069750000000003,100.38597869873048,20.979750000000003,12.0899658203125,20.069750000000003,82.12913513183594,20.069750000000006,96.4895477294922,Standing up
20.079750000000004,10.926612854003906,20.07975,100.39620208740234,20.98975,12.090143203735352,20.079750000000004,82.13016510009766,20.079750000000004,96.4859619140625,Standing up
20.089750000000002,10.921309471130373,20.089750000000002,100.40657806396484,20.999750000000006,12.098954200744627,20.089750000000002,82.13664245605469,20.089750000000002,96.490478515625,Standing up
20.09975,10.931669235229492,20.099750000000004,100.41592407226562,21.009750000000004,12.122637748718262,20.09975,82.14146423339844,20.099750000000007,96.5054702758789,Standing up
20.109750000000005,10.942988395690918,20.109750000000002,100.4265365600586,21.019750000000002,12.152050018310549,20.109750000000002,82.14521789550781,20.109750000000005,96.51648712158205,Standing up
20.11975,10.924907684326172,20.11975,100.43921661376952,21.02975,12.164850234985352,20.11975,82.15254211425781,20.11975,96.51856231689452,Standing up
20.12975,10.913783073425291,20.12975,100.4536590576172,21.039750000000005,12.170616149902344,20.12975,82.16085052490234,20.12975,96.5093231201172,Standing up
20.13975,10.908493995666504,20.13975,100.47227478027344,21.04975,12.166720390319824,20.13975,82.16905975341797,20.139750000000006,96.49829864501952,Standing up
20.149750000000004,10.898518562316896,20.14975,100.49273681640624,21.05975,12.157090187072754,20.14975,82.1750259399414,20.149750000000004,96.4861068725586,Standing up
20.159750000000003,10.879411697387695,20.159750000000003,100.51350402832033,21.069750000000003,12.16514778137207,20.159750000000003,82.17984771728516,20.159750000000003,96.46746826171876,Standing up
20.16975,10.871416091918944,20.169750000000004,100.53119659423828,21.079750000000004,12.185447692871094,20.16975,82.18161010742188,20.169750000000008,96.44384002685548,Standing up
20.179750000000006,10.871243476867676,20.179750000000002,100.5473403930664,21.089750000000002,12.198403358459473,20.179750000000002,82.1787109375,20.179750000000006,96.41365051269533,Standing up
20.189750000000004,10.878743171691896,20.18975,100.55769348144533,21.09975,12.214048385620115,20.189750000000004,82.17450714111328,20.189750000000004,96.38074493408205,Standing up
20.19975,10.89589023590088,20.19975,100.56533813476562,21.109750000000005,12.24023151397705,20.19975,82.16791534423828,20.19975,96.34805297851562,Standing up
20.20975,10.91256046295166,20.20975,100.5737762451172,21.11975,12.26112174987793,20.20975,82.16130828857422,20.20975000000001,96.31258392333984,Standing up
20.219750000000005,10.928171157836914,20.21975,100.58189392089844,21.12975,12.264735221862791,20.21975,82.15513610839844,20.219750000000005,96.2765655517578,Standing up
20.229750000000003,10.944771766662598,20.229750000000003,100.58164978027344,21.13975,12.239240646362305,20.229750000000003,82.1469955444336,20.229750000000003,96.24004364013672,Standing up
20.23975,10.960847854614258,20.239750000000004,100.57928466796876,21.149750000000004,12.233214378356934,20.23975,82.14466857910156,20.23975,96.19721221923828,Standing up
20.249750000000006,10.97043228149414,20.249750000000002,100.57942199707033,21.159750000000003,12.217829704284668,20.249750000000002,82.14176177978516,20.249750000000006,96.14551544189452,Standing up
20.259750000000004,10.972697257995604,20.25975,100.5797882080078,21.16975,12.205160140991213,20.259750000000004,82.14319610595703,20.259750000000004,96.08651733398438,Standing up
20.269750000000002,10.975314140319824,20.269750000000002,100.59139251708984,21.179750000000006,12.198236465454102,20.269750000000002,82.14374542236328,20.269750000000002,96.02162170410156,Standing up
20.27975,10.97652530670166,20.27975,100.60665893554688,21.189750000000004,12.183611869812012,20.27975,82.14785766601562,20.27975000000001,95.95343017578124,Standing up
20.289750000000005,10.976678848266602,20.28975,100.6200714111328,21.19975,12.158342361450195,20.28975,82.15155029296875,20.289750000000005,95.89046478271484,Standing up
20.29975,10.971586227416992,20.29975,100.6300048828125,21.20975,12.142443656921388,20.29975,82.1559829711914,20.29975,95.8385238647461,Standing up
20.30975,10.967992782592772,20.309750000000005,100.63483428955078,21.219750000000005,12.13678741455078,20.30975,82.1601791381836,20.30975,95.80177307128906,Standing up
20.319750000000006,10.969974517822266,20.319750000000003,100.63518524169922,21.229750000000003,12.141408920288086,20.319750000000003,82.16292572021484,20.319750000000006,95.77655792236328,Standing up
20.329750000000004,10.970845222473145,20.32975,100.63368225097656,21.23975,12.165685653686523,20.329750000000004,82.16168975830078,20.329750000000004,95.74799346923828,Standing up
20.339750000000002,10.969110488891602,20.339750000000002,100.62775421142578,21.249750000000006,12.200090408325195,20.339750000000002,82.16072082519531,20.339750000000002,95.7141571044922,Standing up
20.34975,10.980962753295898,20.349750000000004,100.6290054321289,21.259750000000004,12.229506492614746,20.34975,82.15959167480469,20.349750000000007,95.6650619506836,Standing up
20.359750000000005,10.995644569396973,20.359750000000002,100.63451385498048,21.269750000000002,12.268714904785156,20.359750000000002,82.16104888916016,20.359750000000005,95.6017837524414,Standing up
20.36975,11.019513130187988,20.36975,100.6406478881836,21.27975,12.30308437347412,20.36975,82.16682434082031,20.36975,95.53016662597656,Standing up
20.37975,11.041739463806152,20.37975,100.6481704711914,21.289750000000005,12.334565162658691,20.37975,82.17820739746094,20.37975,95.4541015625,Standing up
20.38975,11.046905517578123,20.38975,100.65489959716795,21.29975,12.373701095581056,20.38975,82.19019317626953,20.389750000000006,95.37771606445312,Standing up
20.399750000000004,11.043773651123049,20.39975,100.67044067382812,21.30975,12.413474082946776,20.39975,82.2033920288086,20.399750000000004,95.302734375,Standing up
20.409750000000003,11.04073715209961,20.409750000000003,100.68923950195312,21.319750000000003,12.43677806854248,20.409750000000003,82.21344757080078,20.409750000000003,95.2366943359375,Standing up
20.41975,11.03606414794922,20.419750000000004,100.70752716064452,21.329750000000004,12.465795516967772,20.41975,82.22025299072266,20.419750000000008,95.18165588378906,Standing up
20.429750000000006,11.037918090820312,20.429750000000002,100.72063446044922,21.339750000000002,12.50156307220459,20.429750000000002,82.22322845458984,20.429750000000006,95.13536071777344,Standing up
20.439750000000004,11.039684295654297,20.43975,100.73192596435548,21.34975,12.548614501953123,20.439750000000004,82.2205810546875,20.439750000000004,95.09632110595705,Standing up
20.44975,11.042819023132324,20.44975,100.73406982421876,21.359750000000005,12.57384967803955,20.44975,82.21485900878906,20.44975,95.06044006347656,Standing up
20.45975,11.053091049194336,20.45975,100.73413848876952,21.36975,12.592863082885742,20.45975,82.20270538330078,20.45975000000001,95.02532196044922,Standing up
20.469750000000005,11.078129768371582,20.46975,100.73013305664062,21.37975,12.60058307647705,20.46975,82.19160461425781,20.469750000000005,94.99103546142578,Standing up
20.479750000000003,11.107335090637209,20.479750000000003,100.7390365600586,21.38975,12.599336624145508,20.479750000000003,82.18368530273438,20.479750000000003,94.9534912109375,Standing up
20.48975,11.128156661987305,20.489750000000004,100.75094604492188,21.399750000000004,12.59922981262207,20.48975,82.1761703491211,20.48975,94.91539001464844,Standing up
20.499750000000006,11.137109756469728,20.499750000000002,100.7645492553711,21.409750000000003,12.602312088012695,20.499750000000002,82.1738052368164,20.499750000000006,94.87904357910156,Standing up
20.509750000000004,11.14334774017334,20.50975,100.7646942138672,21.41975,12.614723205566406,20.509750000000004,82.17094421386719,20.509750000000004,94.83358764648438,Standing up
20.519750000000002,11.156964302062988,20.519750000000002,100.76374053955078,21.429750000000006,12.624380111694336,20.519750000000002,82.17166900634766,20.519750000000002,94.7749252319336,Standing up
20.52975,11.173210144042969,20.52975,100.75907135009766,21.439750000000004,12.635624885559082,20.52975,82.16429901123047,20.52975000000001,94.72418975830078,Standing up
20.539750000000005,11.180391311645508,20.53975,100.75066375732422,21.44975,12.657243728637695,20.53975,82.15444946289062,20.539750000000005,94.69125366210938,Standing up
20.54975,11.1944580078125,20.54975,100.74127197265624,21.45975,12.671503067016602,20.54975,82.14534759521484,20.54975,94.6645278930664,Standing up
20.55975,11.21340560913086,20.559750000000005,100.72937774658205,21.469750000000005,12.68612289428711,20.55975,82.13645935058594,20.55975,94.67295837402344,Standing up
20.569750000000006,11.234786033630373,20.569750000000003,100.71710968017578,21.479750000000003,12.684414863586426,20.569750000000003,82.12691497802734,20.569750000000006,94.64080810546876,Standing up
20.579750000000004,11.245610237121582,20.57975,100.70442962646484,21.48975,12.685108184814451,20.579750000000004,82.12462615966797,20.579750000000004,94.595458984375,Standing up
20.589750000000002,11.252424240112305,20.589750000000002,100.6949234008789,21.499750000000006,12.707708358764648,20.589750000000002,82.12682342529297,20.589750000000002,94.55068969726562,Standing up
20.59975,11.25249195098877,20.599750000000004,100.69857788085938,21.509750000000004,12.751541137695312,20.59975,82.13165283203125,20.599750000000007,94.49993896484376,Standing up
20.609750000000005,11.24839210510254,20.609750000000002,100.6931610107422,21.519750000000002,12.8076171875,20.609750000000002,82.13713836669922,20.609750000000005,94.4480209350586,Standing up
20.61975,11.242918014526367,20.61975,100.69816589355467,21.52975,12.87136936187744,20.61975,82.14192199707031,20.61975,94.40005493164062,Standing up
20.62975,11.235825538635254,20.62975,100.69281768798828,21.539750000000005,12.938039779663086,20.62975,82.14350891113281,20.62975,94.3525619506836,Standing up
20.63975,11.223605155944824,20.63975,100.68800354003906,21.54975,13.039005279541016,20.63975,82.14293670654297,20.639750000000006,94.31114959716795,Standing up
20.649750000000004,11.227416038513184,20.64975,100.68177795410156,21.55975,13.114675521850586,20.64975,82.14082336425781,20.649750000000004,94.27725219726562,Standing up
20.659750000000003,11.244264602661133,20.659750000000003,100.67878723144533,21.569750000000003,13.116360664367676,20.659750000000003,82.13357543945312,20.659750000000003,94.23963928222656,Standing up
20.66975,11.262388229370115,20.669750000000004,100.67839050292967,21.579750000000004,13.121260643005373,20.66975,82.128662109375,20.669750000000008,94.19719696044922,Standing up
20.679750000000006,11.268487930297852,20.679750000000002,100.67976379394533,21.589750000000002,13.234537124633787,20.679750000000002,82.12493133544922,20.679750000000006,94.14512634277344,Standing up
20.689750000000004,11.26518726348877,20.68975,100.68325805664062,21.59975,13.33028507232666,20.689750000000004,82.12550354003906,20.689750000000004,94.09236907958984,Standing up
20.69975,11.261817932128906,20.69975,100.68667602539062,21.609750000000005,13.386173248291016,20.69975,82.12850189208984,20.69975,94.03878021240234,Standing up
20.70975,11.25561237335205,20.70975,100.69440460205078,21.61975,13.429160118103027,20.70975,82.1292724609375,20.70975000000001,93.9941864013672,Standing up
20.719750000000005,11.247620582580566,20.71975,100.6943817138672,21.62975,13.480669975280762,20.71975,82.13321685791016,20.719750000000005,93.9593276977539,Standing up
20.729750000000003,11.242551803588867,20.729750000000003,100.69197082519533,21.63975,13.561306953430176,20.729750000000003,82.13871765136719,20.729750000000003,93.93602752685548,Standing up
20.73975,11.24424648284912,20.739750000000004,100.68744659423828,21.649750000000004,13.642952919006348,20.73975,82.14193725585938,20.73975,93.9215316772461,Standing up
20.749750000000006,11.2433443069458,20.749750000000002,100.68114471435548,21.659750000000003,13.717275619506836,20.749750000000002,82.1472396850586,20.749750000000006,93.90740966796876,Standing up
20.759750000000004,11.248723983764648,20.75975,100.67725372314452,21.66975,13.79560375213623,20.759750000000004,82.15047454833984,20.759750000000004,93.89630889892578,Standing up
20.769750000000002,11.25578784942627,20.769750000000002,100.67638397216795,21.679750000000006,13.8843994140625,20.769750000000002,82.15814971923828,20.769750000000002,93.88248443603516,Standing up
20.77975,11.262794494628906,20.77975,100.67711639404295,21.689750000000004,13.99724292755127,20.77975,82.16534423828125,20.77975000000001,93.86058044433594,Standing up
20.789750000000005,11.271902084350586,20.78975,100.67858123779295,21.69975,14.12818717956543,20.78975,82.17241668701172,20.789750000000005,93.82782745361328,Standing up
20.79975,11.27780532836914,20.79975,100.67649841308594,21.70975,14.264135360717772,20.79975,82.18476867675781,20.79975,93.78279113769533,Standing up
20.80975,11.273698806762695,20.809750000000005,100.66709899902344,21.719750000000005,14.420599937438965,20.80975,82.1966781616211,20.80975,93.73617553710938,Standing up
20.819750000000006,11.26596736907959,20.819750000000003,100.6573486328125,21.729750000000003,14.622453689575195,20.819750000000003,82.21125030517578,20.819750000000006,93.69451904296876,Standing up
20.829750000000004,11.25160789489746,20.82975,100.650634765625,21.73975,14.930095672607422,20.829750000000004,82.22116088867188,20.829750000000004,93.6600341796875,Standing up
20.839750000000002,11.231218338012695,20.839750000000002,100.64222717285156,21.749750000000006,15.35270881652832,20.839750000000002,82.23348236083984,20.839750000000002,93.6347198486328,Standing up
20.84975,11.218552589416504,20.849750000000004,100.63793182373048,21.759750000000004,15.836400985717772,20.84975,82.24349212646484,20.849750000000007,93.61621856689452,Standing up
20.859750000000005,11.205284118652344,20.859750000000002,100.64026641845705,21.769750000000002,16.249794006347656,20.859750000000002,82.25434112548828,20.859750000000005,93.59025573730467,Standing up
20.86975,11.2060546875,20.86975,100.6457748413086,21.77975,16.62674903869629,20.86975,82.2669906616211,20.86975,93.56061553955078,Standing up
20.87975,11.205345153808594,20.87975,100.65185546875,21.789750000000005,16.98073387145996,20.87975,82.28093719482422,20.87975,93.5298309326172,Standing up
20.88975,11.199477195739746,20.88975,100.65930938720705,21.79975,17.323686599731445,20.88975,82.29476928710938,20.889750000000006,93.49688720703124,Standing up
20.899750000000004,11.188203811645508,20.89975,100.66971588134766,21.80975,17.7303524017334,20.89975,82.30860137939453,20.899750000000004,93.45745086669922,Standing up
20.909750000000003,11.193777084350586,20.909750000000003,100.68138885498048,21.819750000000003,18.224590301513672,20.909750000000003,82.32176208496094,20.909750000000003,93.40516662597656,Standing up
20.91975,11.20445728302002,20.919750000000004,100.6965103149414,21.829750000000004,18.75345039367676,20.91975,82.33402252197266,20.919750000000008,93.34127807617188,Standing up
20.929750000000006,11.210491180419922,20.929750000000002,100.71662139892578,21.839750000000002,19.272762298583984,20.929750000000002,82.34774017333984,20.929750000000006,93.26834869384766,Standing up
20.939750000000004,11.20382022857666,20.93975,100.7326202392578,21.84975,19.784912109375,20.939750000000004,82.36306762695312,20.939750000000004,93.19095611572266,Standing up
20.94975,11.192656517028809,20.94975,100.74959564208984,21.859750000000005,20.317832946777344,20.94975,82.37458038330078,20.94975,93.11022186279295,Standing up
20.95975,11.18502140045166,20.95975,100.7664794921875,21.86975,20.88924789428711,20.95975,82.38391876220703,20.95975000000001,93.0374526977539,Standing up
20.969750000000005,11.180815696716309,20.96975,100.78268432617188,21.87975,21.4787826538086,20.96975,82.38982391357422,20.969750000000005,92.97352600097656,Standing up
20.979750000000003,11.178386688232422,20.979750000000003,100.79344177246094,21.88975,22.0722885131836,20.979750000000003,82.39520263671875,20.979750000000003,92.92269134521484,Standing up
20.98975,11.184526443481444,20.989750000000004,100.80176544189452,21.899750000000004,22.683273315429688,20.98975,82.39896392822266,20.98975,92.8873519897461,Standing up
20.999750000000006,11.201079368591309,20.999750000000002,100.81194305419922,21.909750000000003,23.32546615600586,20.999750000000002,82.401123046875,20.999750000000006,92.86080169677734,Standing up
21.009750000000004,11.218605995178224,21.00975,100.8244171142578,21.91975,23.97781181335449,21.009750000000004,82.40591430664062,21.009750000000004,92.83226776123048,Standing up
21.019750000000002,11.239058494567873,21.019750000000002,100.83478546142578,21.929750000000006,24.644933700561523,21.019750000000002,82.41524505615234,21.019750000000002,92.80138397216795,Standing up
21.02975,11.256226539611816,21.02975,100.8442153930664,21.939750000000004,25.347820281982425,21.02975,82.42752838134766,21.02975000000001,92.76825714111328,Standing up
21.039750000000005,11.26328468322754,21.03975,100.85334014892578,21.94975,26.080472946166992,21.03975,82.44083404541016,21.039750000000005,92.73975372314452,Standing up
21.04975,11.26694393157959,21.04975,100.86278533935548,21.95975,26.822195053100582,21.04975,82.45618438720703,21.04975,92.71346282958984,Standing up
21.05975,11.26948070526123,21.059750000000005,100.86737060546876,21.969750000000005,27.58191680908203,21.05975,82.46908569335938,21.05975,92.68801879882812,Standing up
21.069750000000006,11.27602481842041,21.069750000000003,100.87384033203124,21.979750000000003,28.38772201538086,21.069750000000003,82.48131561279297,21.069750000000006,92.6702651977539,Standing up
21.079750000000004,11.284049034118652,21.07975,100.87799835205078,21.98975,29.21459579467773,21.079750000000004,82.48851776123047,21.079750000000004,92.65227508544922,Standing up
21.089750000000002,11.296284675598145,21.089750000000002,100.88384246826172,21.999750000000006,30.066160202026367,21.089750000000002,82.49694061279297,21.089750000000002,92.63089752197266,Standing up
21.09975,11.311001777648926,21.099750000000004,100.89173126220705,22.009750000000004,30.94173812866211,21.09975,82.504150390625,21.099750000000007,92.6037368774414,Standing up
21.109750000000005,11.330207824707031,21.109750000000002,100.90143585205078,22.019750000000002,31.81887435913086,21.109750000000002,82.51083374023438,21.109750000000005,92.57645416259766,Standing up
21.11975,11.33922290802002,21.11975,100.91134643554688,22.02975,32.71505355834961,21.11975,82.5213623046875,21.11975,92.55309295654295,Standing up
21.12975,11.340483665466309,21.12975,100.92230224609376,22.039750000000005,33.624568939208984,21.12975,82.53347778320312,21.12975,92.5404052734375,Standing up
21.13975,11.3377046585083,21.13975,100.93216705322266,22.04975,34.5322265625,21.13975,82.54766845703125,21.139750000000006,92.53645324707033,Standing up
21.149750000000004,11.340476989746094,21.14975,100.9431610107422,22.05975,35.44586563110352,21.14975,82.55890655517578,21.149750000000004,92.53797912597656,Standing up
21.159750000000003,11.3458890914917,21.159750000000003,100.95610809326172,22.069750000000003,36.37295913696289,21.159750000000003,82.56916046142578,21.159750000000003,92.54449462890624,Standing up
21.16975,11.357223510742188,21.169750000000004,100.9589385986328,22.079750000000004,37.30043029785156,21.16975,82.57910919189453,21.169750000000008,92.54631042480467,Standing up
21.179750000000006,11.370319366455078,21.179750000000002,100.95858764648438,22.089750000000002,38.22614669799805,21.179750000000002,82.58796691894531,21.179750000000006,92.53807830810548,Standing up
21.189750000000004,11.380250930786133,21.18975,100.95555114746094,22.09975,39.14680862426758,21.189750000000004,82.59463500976562,21.189750000000004,92.52181243896484,Standing up
21.19975,11.382659912109377,21.19975,100.9493637084961,22.109750000000005,40.08065414428711,21.19975,82.59904479980469,21.19975,92.5009307861328,Standing up
21.20975,11.39294147491455,21.20975,100.94174194335938,22.11975,41.01810836791992,21.20975,82.6033935546875,21.20975000000001,92.4769515991211,Standing up
21.219750000000005,11.39510440826416,21.21975,100.93417358398438,22.12975,41.936710357666016,21.21975,82.61048126220703,21.219750000000005,92.45489501953124,Standing up
21.229750000000003,11.393461227416992,21.229750000000003,100.9204330444336,22.13975,42.831809997558594,21.229750000000003,82.61654663085938,21.229750000000003,92.43819427490234,Standing up
21.23975,11.390395164489746,21.239750000000004,100.89688110351562,22.149750000000004,43.71334457397461,21.23975,82.62543487548828,21.23975,92.425537109375,Stood
21.249750000000006,11.392104148864746,21.249750000000002,100.86698150634766,22.159750000000003,44.5666389465332,21.249750000000002,82.63334655761719,21.249750000000006,92.40319061279295,Stood
21.259750000000004,11.38775634765625,21.25975,100.8292236328125,22.16975,45.43011474609375,21.259750000000004,82.64151763916016,21.259750000000004,92.36959075927734,Stood
21.269750000000002,11.387762069702148,21.269750000000002,100.77873992919922,22.179750000000006,46.31813049316406,21.269750000000002,82.64797973632812,21.269750000000002,92.32703399658205,Stood
21.27975,11.395813941955566,21.27975,100.72418975830078,22.189750000000004,47.24270248413086,21.27975,82.65164947509766,21.27975000000001,92.2751922607422,Stood
21.289750000000005,11.409966468811035,21.28975,100.67820739746094,22.19975,48.15938949584961,21.28975,82.6521224975586,21.289750000000005,92.21955871582033,Stood
21.29975,11.425060272216797,21.29975,100.63014221191406,22.20975,49.09535598754883,21.29975,82.65251922607422,21.29975,92.15660095214844,Stood
21.30975,11.440972328186035,21.309750000000005,100.58311462402344,22.219750000000005,50.02219009399414,21.30975,82.65516662597656,21.30975,92.08168029785156,Stood
21.319750000000006,11.444905281066896,21.319750000000003,100.5428466796875,22.229750000000003,51.01858901977539,21.319750000000003,82.66349792480469,21.319750000000006,91.9941635131836,Stood
21.329750000000004,11.44155216217041,21.32975,100.49712371826172,22.23975,51.92023086547852,21.329750000000004,82.67400360107422,21.329750000000004,91.892578125,Stood
21.339750000000002,11.439044952392578,21.339750000000002,100.44622802734376,22.249750000000006,52.82625961303711,21.339750000000002,82.69230651855469,21.339750000000002,91.7852554321289,Stood
21.34975,11.44512176513672,21.349750000000004,100.40330505371094,22.259750000000004,53.74038314819336,21.34975,82.71478271484375,21.349750000000007,91.67250061035156,Stood
21.359750000000005,11.450515747070312,21.359750000000002,100.3685073852539,22.269750000000002,54.61733627319336,21.359750000000002,82.74056243896484,21.359750000000005,91.5561981201172,Stood
21.36975,11.457108497619627,21.36975,100.34738159179688,22.27975,55.48873519897461,21.36975,82.77180480957031,21.36975,91.43364715576172,Stood
21.37975,11.476998329162598,21.37975,100.34668731689452,22.289750000000005,56.35308837890625,21.37975,82.81169128417969,21.37975,91.30198669433594,Stood
21.38975,11.508732795715332,21.38975,100.35396575927734,22.29975,57.20559310913086,21.38975,82.85408020019531,21.389750000000006,91.15657043457033,Stood
21.399750000000004,11.548535346984863,21.39975,100.36785888671876,22.30975,58.10057830810547,21.39975,82.90961456298828,21.399750000000004,90.99614715576172,Stood
21.409750000000003,11.582983016967772,21.409750000000003,100.40538024902344,22.319750000000003,59.0342025756836,21.409750000000003,82.97367095947266,21.409750000000003,90.82264709472656,Stood
21.41975,11.617979049682615,21.419750000000004,100.49923706054688,22.329750000000004,60.19586181640625,21.41975,83.05045318603516,21.419750000000008,90.6360092163086,Stood
21.429750000000006,11.65118408203125,21.429750000000002,100.64212036132812,22.339750000000002,61.03655624389648,21.429750000000002,83.13986206054688,21.429750000000006,90.42888641357422,Stood
21.439750000000004,11.69102668762207,21.43975,100.79592895507812,22.34975,61.77869415283203,21.439750000000004,83.2528076171875,21.439750000000004,90.201171875,Stood
21.44975,11.744863510131836,21.44975,100.93024444580078,22.359750000000005,62.35076522827149,21.44975,83.39604187011719,21.44975,89.94910430908203,Stood
21.45975,11.801623344421388,21.45975,101.03076934814452,22.36975,62.94820785522461,21.45975,83.56258392333984,21.45975000000001,89.67090606689453,Stood
21.469750000000005,11.855558395385742,21.46975,101.12046813964844,22.37975,63.53166198730469,21.46975,83.76303100585938,21.469750000000005,89.37116241455078,Stood
21.479750000000003,11.909554481506348,21.479750000000003,101.19951629638672,22.38975,64.07809448242188,21.479750000000003,84.03050231933594,21.479750000000003,89.04876708984375,Stood
21.48975,11.948216438293455,21.489750000000004,101.2754135131836,22.399750000000004,64.71612548828125,21.48975,84.3965835571289,21.48975,88.70413208007812,Stood
21.499750000000006,11.957097053527832,21.499750000000002,101.35504150390624,22.409750000000003,65.62922668457031,21.499750000000002,84.87622833251953,21.499750000000006,88.34172058105469,Stood
21.509750000000004,11.946937561035156,21.50975,101.43831634521484,22.41975,66.4744644165039,21.509750000000004,85.3823471069336,21.509750000000004,87.9637222290039,Stood
21.519750000000002,11.943309783935549,21.519750000000002,101.52001953125,22.429750000000006,67.27049255371094,21.519750000000002,85.8197021484375,21.519750000000002,87.5701675415039,Stood
21.52975,11.961836814880373,21.52975,101.59523010253906,22.439750000000004,67.7582778930664,21.52975,86.1710205078125,21.52975000000001,87.15705108642578,Stood
21.539750000000005,11.99002742767334,21.53975,101.66155242919922,22.44975,68.62154388427734,21.53975,86.45890808105469,21.539750000000005,86.7294692993164,Stood
21.54975,12.042664527893066,21.54975,101.70618438720705,22.45975,69.0643310546875,21.54975,86.68199157714844,21.54975,86.28105163574219,Stood
21.55975,12.092547416687012,21.559750000000005,101.74169921875,22.469750000000005,69.6824722290039,21.55975,86.86597442626953,21.55975,85.81613159179688,Stood
21.569750000000006,12.12800121307373,21.569750000000003,101.77465057373048,22.479750000000003,70.50498962402344,21.569750000000003,87.01093292236328,21.569750000000006,85.33899688720703,Stood
21.579750000000004,12.15881061553955,21.57975,101.81780242919922,22.48975,72.05426025390625,21.579750000000004,87.12682342529297,21.579750000000004,84.8494644165039,Stood
21.589750000000002,12.1808500289917,21.589750000000002,101.87242126464844,22.499750000000006,72.97197723388672,21.589750000000002,87.21683502197266,21.589750000000002,84.34319305419922,Stood
21.59975,12.189390182495115,21.599750000000004,101.93244934082033,22.509750000000004,73.28506469726562,21.59975,87.2830581665039,21.599750000000007,83.81394958496094,Stood
21.609750000000005,12.202513694763184,21.609750000000002,102.01074981689452,22.519750000000002,74.70806884765625,21.609750000000002,87.32184600830078,21.609750000000005,83.26814270019531,Stood
21.61975,12.228617668151855,21.61975,102.10160064697266,22.52975,75.69979095458984,21.61975,87.32896423339844,21.61975,82.7122802734375,Stood
21.62975,12.27453327178955,21.62975,102.20134735107422,22.539750000000005,76.62638854980469,21.62975,87.29915618896484,21.62975,82.12809753417969,Stood
21.63975,12.340694427490234,21.63975,102.31973266601562,22.54975,78.57730865478516,21.63975,87.22451782226562,21.639750000000006,81.53974914550781,Stood
21.649750000000004,12.43221664428711,21.64975,102.44239807128906,22.55975,79.54695129394531,21.64975,87.12677001953125,21.649750000000004,80.96282196044922,Stood
21.659750000000003,12.574883460998535,21.659750000000003,102.56599426269533,22.569750000000003,79.89347839355469,21.659750000000003,87.03155517578125,21.659750000000003,80.4046401977539,Stood
21.66975,12.735647201538086,21.669750000000004,102.69842529296876,22.579750000000004,80.2220230102539,21.66975,86.95225524902344,21.669750000000008,79.85840606689453,Stood
21.679750000000006,12.914525985717772,21.679750000000002,102.8359832763672,22.589750000000002,80.66590881347656,21.679750000000002,86.88300323486328,21.679750000000006,79.37962341308594,Stood
21.689750000000004,13.205628395080566,21.68975,102.98058319091795,22.59975,81.13088989257812,21.689750000000004,86.81514739990234,21.689750000000004,78.91119384765625,Stood
21.69975,13.556536674499512,21.69975,103.15583801269533,22.609750000000005,81.50382232666016,21.69975,86.74601745605469,21.69975,78.38565826416016,Stood
21.70975,13.87989902496338,21.70975,103.34201049804688,22.61975,81.81376647949219,21.70975,86.67281341552734,21.70975000000001,77.7533187866211,Stood
21.719750000000005,14.215535163879396,21.71975,103.53787231445312,22.62975,82.26556396484375,21.71975,86.58375549316406,21.719750000000005,77.04537200927734,Stood
21.729750000000003,14.558883666992188,21.729750000000003,103.73785400390624,22.63975,82.67489624023438,21.729750000000003,86.46920013427734,21.729750000000003,76.30034637451172,Stood
21.73975,14.915019989013672,21.739750000000004,103.948974609375,22.649750000000004,83.00899505615234,21.73975,86.32982635498047,21.73975,75.5575942993164,Stood
21.749750000000006,15.323038101196287,21.749750000000002,104.1460952758789,22.659750000000003,83.41468048095703,21.749750000000002,86.15499877929688,21.749750000000006,74.78413391113281,Stood
21.759750000000004,15.76403522491455,21.75975,104.3555145263672,22.66975,83.70701599121094,21.759750000000004,85.96319580078125,21.759750000000004,73.91039276123047,Stood
21.769750000000002,16.234243392944336,21.769750000000002,104.58358764648438,22.679750000000006,84.08123016357422,21.769750000000002,85.78215789794922,21.769750000000002,72.93508911132812,Stood
21.77975,16.710004806518555,21.77975,104.82381439208984,22.689750000000004,84.41754150390625,21.77975,85.60347747802734,21.77975000000001,71.9094467163086,Stood
21.789750000000005,17.17498016357422,21.78975,105.08088684082033,22.69975,84.80448150634766,21.78975,85.4240951538086,21.789750000000005,70.86884307861328,Stood
21.79975,17.650794982910156,21.79975,105.3349151611328,22.70975,85.11060333251953,21.79975,85.2440185546875,21.79975,69.87421417236328,Stood
21.80975,18.135086059570312,21.809750000000005,105.59636688232422,22.719750000000005,85.50228881835938,21.80975,85.04837799072266,21.80975,68.97029113769531,Stood
21.819750000000006,18.64138412475586,21.819750000000003,105.86736297607422,22.729750000000003,85.76651000976562,21.819750000000003,84.85499572753906,21.819750000000006,68.1452865600586,Stood
21.829750000000004,19.17412567138672,21.82975,106.14317321777344,22.73975,85.9312744140625,21.829750000000004,84.67179107666016,21.829750000000004,67.39732360839844,Stood
21.839750000000002,19.75857734680176,21.839750000000002,106.41129302978516,22.749750000000006,86.32064056396484,21.839750000000002,84.50164794921875,21.839750000000002,66.7058334350586,Stood
21.84975,20.36453628540039,21.849750000000004,106.6803207397461,22.759750000000004,86.63768768310547,21.84975,84.369384765625,21.849750000000007,66.07560729980469,Stood
21.859750000000005,21.00887489318848,21.859750000000002,106.93946075439452,22.769750000000002,87.00389862060547,21.859750000000002,84.27349090576172,21.859750000000005,65.48396301269531,Stood
21.86975,21.68226623535156,21.86975,107.18907928466795,22.77975,87.28628540039062,21.86975,84.19957733154297,21.86975,64.90987396240234,Stood
21.87975,22.382387161254883,21.87975,107.42765808105467,22.789750000000005,87.56912231445312,21.87975,84.1413803100586,21.87975,64.36921691894531,Stood
21.88975,23.110265731811523,21.88975,107.6556167602539,22.79975,87.8412857055664,21.88975,84.09724426269531,21.889750000000006,63.886756896972656,Stood
21.899750000000004,23.85490798950196,21.89975,107.8779296875,22.80975,88.12577056884766,21.89975,84.05461120605469,21.899750000000004,63.450172424316406,Stood
21.909750000000003,24.61664581298828,21.909750000000003,108.0909194946289,22.819750000000003,88.48382568359375,21.909750000000003,84.01223754882812,21.909750000000003,63.03002548217773,Stood
21.91975,25.384952545166016,21.919750000000004,108.3038101196289,22.829750000000004,88.74549865722656,21.91975,83.97013854980469,21.919750000000008,62.61328506469727,Stood
21.929750000000006,26.17696189880371,21.929750000000002,108.5066909790039,22.839750000000002,89.04759979248047,21.929750000000002,83.9315185546875,21.929750000000006,62.154911041259766,Stood
21.939750000000004,27.00594711303711,21.93975,108.70397186279295,22.84975,89.31339263916016,21.939750000000004,83.90248107910156,21.939750000000004,61.70270156860352,Stood
21.94975,27.85708808898925,21.94975,108.8861846923828,22.859750000000005,89.623291015625,21.94975,83.87234497070312,21.94975,61.25802993774414,Stood
21.95975,28.734241485595703,21.95975,109.06217956542967,22.86975,89.93701171875,21.95975,83.84536743164062,21.95975000000001,60.83406829833984,Stood
21.969750000000005,29.61528587341309,21.96975,109.23171997070312,22.87975,90.1988754272461,21.96975,83.82876586914062,21.969750000000005,60.44122695922852,Stood
21.979750000000003,30.513389587402344,21.979750000000003,109.39590454101562,22.88975,90.43382263183594,21.979750000000003,83.80367279052734,21.979750000000003,60.0831298828125,Stood
21.98975,31.435775756835938,21.989750000000004,109.550048828125,22.899750000000004,90.65602111816406,21.98975,83.77696990966797,21.98975,59.75741195678711,Stood
21.999750000000006,32.37723159790039,21.999750000000002,109.71155548095705,22.909750000000003,90.88748168945312,21.999750000000002,83.74359130859375,21.999750000000006,59.47076797485352,Stood
22.009750000000004,33.328792572021484,22.00975,109.87287902832033,22.91975,91.08954620361328,22.009750000000004,83.7013168334961,22.009750000000004,59.2274284362793,Stood
22.019750000000002,34.289974212646484,22.019750000000002,110.03406524658205,22.929750000000006,91.34819793701172,22.019750000000002,83.6504135131836,22.019750000000002,59.02470779418945,Stood
22.02975,35.233619689941406,22.02975,110.20978546142578,22.939750000000004,91.48208618164062,22.02975,83.60047912597656,22.02975000000001,58.87190246582031,Stood
22.039750000000005,36.14571762084961,22.03975,110.38423919677734,22.94975,91.59479522705078,22.03975,83.55747985839844,22.039750000000005,58.75717544555664,Stood
22.04975,37.03689956665039,22.04975,110.54218292236328,22.95975,91.69137573242188,22.04975,83.51770782470703,22.04975,58.69368362426758,Stood
22.05975,37.90594482421875,22.059750000000005,110.7002410888672,22.969750000000005,91.78538513183594,22.05975,83.48640441894531,22.05975,58.66218948364258,Stood
22.069750000000006,38.7510871887207,22.069750000000003,110.8221206665039,22.979750000000003,91.9060516357422,22.069750000000003,83.46104431152344,22.069750000000006,58.66769409179688,Stood
22.079750000000004,39.58218765258789,22.07975,110.88552856445312,22.98975,92.03462982177734,22.079750000000004,83.43346405029297,22.079750000000004,58.71909332275391,Stood
22.089750000000002,40.400535583496094,22.089750000000002,110.91014099121094,22.999750000000006,92.1371612548828,22.089750000000002,83.3951187133789,22.089750000000002,58.80662155151367,Stood
22.09975,41.2281494140625,22.099750000000004,110.88188934326172,23.009750000000004,92.22528076171876,22.09975,83.35517883300781,22.099750000000007,58.91184616088867,Stood
22.109750000000005,42.07440185546875,22.109750000000002,110.86872100830078,23.019750000000002,92.29989624023438,22.109750000000002,83.309326171875,22.109750000000005,59.0457649230957,Stood
22.11975,42.93427276611328,22.11975,110.8377456665039,23.02975,92.35173034667967,22.11975,83.26187133789062,22.11975,59.21481323242188,Stood
22.12975,43.8120346069336,22.12975,110.76702880859376,23.039750000000005,92.38557434082033,22.12975,83.22770690917969,22.12975,59.39691925048828,Stood
22.13975,44.70402145385742,22.13975,110.6904754638672,23.04975,92.40538024902344,22.13975,83.19776916503906,22.139750000000006,59.593894958496094,Stood
22.149750000000004,45.59339141845703,22.14975,110.6148910522461,23.05975,92.42466735839844,22.14975,83.17688751220703,22.149750000000004,59.79449844360352,Stood
22.159750000000003,46.47769165039063,22.159750000000003,110.50492095947266,23.069750000000003,92.45032501220705,22.159750000000003,83.16014099121094,22.159750000000003,60.00712203979492,Stood
22.16975,47.35237121582031,22.169750000000004,110.40676879882812,23.079750000000004,92.47756958007812,22.16975,83.1438217163086,22.169750000000008,60.23307037353516,Stood
22.179750000000006,48.1508903503418,22.179750000000002,110.28955078125,23.089750000000002,92.50178527832033,22.179750000000002,83.1413803100586,22.179750000000006,60.45675277709961,Stood
22.189750000000004,49.01255416870117,22.18975,110.16350555419922,23.09975,92.51862335205078,22.189750000000004,83.13655090332031,22.189750000000004,60.67046356201172,Stood
22.19975,49.7745361328125,22.19975,110.04151153564452,23.109750000000005,92.52950286865234,22.19975,83.13714599609375,22.19975,60.8742561340332,Stood
22.20975,50.565059661865234,22.20975,109.8771514892578,23.11975,92.54000854492188,22.20975,83.14068603515625,22.20975000000001,61.07559585571289,Stood
22.219750000000005,51.385345458984375,22.21975,109.70742797851562,23.12975,92.55213165283205,22.21975,83.13628387451172,22.219750000000005,61.296653747558594,Stood
22.229750000000003,52.21182632446289,22.229750000000003,109.50007629394533,23.13975,92.56810760498048,22.229750000000003,83.13044738769531,22.229750000000003,61.53763961791992,Stood
22.23975,53.10180282592773,22.239750000000004,109.281494140625,23.149750000000004,92.59146881103516,22.23975,83.12761688232422,22.23975,61.7862548828125,Stood
22.249750000000006,54.009220123291016,22.249750000000002,109.0381088256836,23.159750000000003,92.6273422241211,22.249750000000002,83.1302490234375,22.249750000000006,62.06416320800781,Stood
22.259750000000004,54.95030975341797,22.25975,108.73270416259766,23.16975,92.67889404296876,22.259750000000004,83.12838745117188,22.259750000000004,62.38473892211914,Stood
22.269750000000002,55.92141342163086,22.269750000000002,108.4067611694336,23.179750000000006,92.73242950439452,22.269750000000002,83.13188171386719,22.269750000000002,62.71368789672852,Stood
22.27975,56.87213897705078,22.27975,108.06644439697266,23.189750000000004,92.79126739501952,22.27975,83.14073944091797,22.27975000000001,63.05894088745117,Stood
22.289750000000005,57.74779891967773,22.28975,107.77015686035156,23.19975,92.85855865478516,22.28975,83.14778137207031,22.289750000000005,63.406864166259766,Stood
22.29975,58.62215042114258,22.29975,107.4905242919922,23.20975,92.92660522460938,22.29975,83.16009521484375,22.29975,63.76443099975586,Stood
22.30975,59.464012145996094,22.309750000000005,107.22315979003906,23.219750000000005,92.99679565429688,22.30975,83.17247772216797,22.30975,64.11003112792969,Stood
22.319750000000006,60.29920959472656,22.319750000000003,106.96196746826172,23.229750000000003,93.07123565673828,22.319750000000003,83.1832046508789,22.319750000000006,64.43489837646484,Stood
22.329750000000004,61.115020751953125,22.32975,106.67787170410156,23.23975,93.15006256103516,22.329750000000004,83.19261169433594,22.329750000000004,64.79083251953125,Stood
22.339750000000002,61.91199493408203,22.339750000000002,106.430908203125,23.249750000000006,93.2346649169922,22.339750000000002,83.19731140136719,22.339750000000002,65.12545776367188,Stood
22.34975,62.62506484985352,22.349750000000004,106.21221923828124,23.259750000000004,93.31922912597656,22.34975,83.20889282226562,22.349750000000007,65.4415054321289,Stood
22.359750000000005,63.32566452026367,22.359750000000002,106.00930786132812,23.269750000000002,93.39558410644533,22.359750000000002,83.21639251708984,22.359750000000005,65.7680892944336,Stood
22.36975,64.02313995361328,22.36975,105.80711364746094,23.27975,93.4605941772461,22.36975,83.22061920166016,22.36975,66.08370208740234,Stood
22.37975,64.73455810546875,22.37975,105.6039581298828,23.289750000000005,93.49720764160156,22.37975,83.22602844238281,22.37975,66.41282653808594,Stood
22.38975,65.44203186035156,22.38975,105.41741943359376,23.29975,93.5286636352539,22.38975,83.23753356933594,22.389750000000006,66.74565887451172,Stood
22.399750000000004,66.15924835205078,22.39975,105.24781036376952,23.30975,93.55149841308594,22.39975,83.24874114990234,22.399750000000004,67.0776596069336,Stood
22.409750000000003,66.83602905273438,22.409750000000003,105.11101531982422,23.319750000000003,93.57227325439452,22.409750000000003,83.26628875732422,22.409750000000003,67.41542053222656,Stood
22.41975,67.4703598022461,22.419750000000004,104.98283386230467,23.329750000000004,93.60179138183594,22.41975,83.27978515625,22.419750000000008,67.76846313476562,Stood
22.429750000000006,68.1041030883789,22.429750000000002,104.84832763671876,23.339750000000002,93.64607238769533,22.429750000000002,83.29594421386719,22.429750000000006,68.13304138183594,Stood
22.439750000000004,68.85407257080078,22.43975,104.7197036743164,23.34975,93.68478393554688,22.439750000000004,83.31336212158203,22.439750000000004,68.49148559570312,Stood
22.44975,69.42581939697266,22.44975,104.57654571533205,23.359750000000005,93.69723510742188,22.44975,83.3227310180664,22.44975,68.8314437866211,Stood
22.45975,69.9417953491211,22.45975,104.42766571044922,23.36975,93.7042007446289,22.45975,83.32785034179688,22.45975000000001,69.16322326660156,Stood
22.469750000000005,70.49824523925781,22.46975,104.28254699707033,23.37975,93.71076965332033,22.46975,83.33743286132812,22.469750000000005,69.5038070678711,Stood
22.479750000000003,71.06635284423828,22.479750000000003,104.14266204833984,23.38975,93.71366119384766,22.479750000000003,83.34256744384766,22.479750000000003,69.84188079833984,Stood
22.48975,71.70186614990234,22.489750000000004,104.016845703125,23.399750000000004,93.70169830322266,22.48975,83.35163879394531,22.48975,70.1665267944336,Stood
22.499750000000006,72.31807708740234,22.499750000000002,103.89683532714844,23.409750000000003,93.6865692138672,22.499750000000002,83.3627700805664,22.499750000000006,70.50374603271484,Stood
22.509750000000004,72.88585662841797,22.50975,103.78009796142578,23.41975,93.67849731445312,22.509750000000004,83.374755859375,22.509750000000004,70.84019470214844,Stood
22.519750000000002,73.67691040039062,22.519750000000002,103.68131256103516,23.429750000000006,93.67559051513672,22.519750000000002,83.3893814086914,22.519750000000002,71.180908203125,Stood
22.52975,74.06099700927734,22.52975,103.5793914794922,23.439750000000004,93.6770477294922,22.52975,83.40444946289062,22.52975000000001,71.51685333251953,Stood
22.539750000000005,74.69519805908203,22.53975,103.46817016601562,23.44975,93.67906188964844,22.53975,83.41648864746094,22.539750000000005,71.851806640625,Stood
22.54975,75.26698303222656,22.54975,103.37208557128906,23.45975,93.67610931396484,22.54975,83.43053436279297,22.54975,72.18399810791016,Stood
22.55975,75.72982025146484,22.559750000000005,103.29122161865234,23.469750000000005,93.66765594482422,22.55975,83.44850158691406,22.55975,72.51155090332031,Stood
22.569750000000006,76.2690200805664,22.569750000000003,103.18590545654295,23.479750000000003,93.6591796875,22.569750000000003,83.47224426269531,22.569750000000006,72.83330535888672,Stood
22.579750000000004,76.73188018798828,22.57975,103.0828857421875,23.48975,93.6520004272461,22.579750000000004,83.49378204345703,22.579750000000004,73.14268493652344,Stood
22.589750000000002,77.21002197265625,22.589750000000002,102.9944305419922,23.499750000000006,93.63914489746094,22.589750000000002,83.5137710571289,22.589750000000002,73.4476089477539,Stood
22.59975,77.67910766601562,22.599750000000004,102.90223693847656,23.509750000000004,93.62100982666016,22.59975,83.53426361083984,22.599750000000007,73.7367172241211,Stood
22.609750000000005,78.12847900390625,22.609750000000002,102.8188018798828,23.519750000000002,93.60421752929688,22.609750000000002,83.55389404296875,22.609750000000005,74.01258087158203,Stood
22.61975,78.59848022460938,22.61975,102.73909759521484,23.52975,93.59107971191406,22.61975,83.57341003417969,22.61975,74.27825927734375,Stood
22.62975,79.08251190185547,22.62975,102.6571273803711,23.539750000000005,93.58705139160156,22.62975,83.59860229492188,22.62975,74.530029296875,Stood
22.63975,79.58631896972656,22.63975,102.57352447509766,23.54975,93.59846496582033,22.63975,83.6091079711914,22.639750000000006,74.77244567871094,Stood
22.649750000000004,80.09215545654297,22.64975,102.4908676147461,23.55975,93.6205062866211,22.64975,83.62959289550781,22.649750000000004,75.00184631347656,Stood
22.659750000000003,80.51708221435547,22.659750000000003,102.4210433959961,23.569750000000003,93.61287689208984,22.659750000000003,83.65613555908203,22.659750000000003,75.21730041503906,Stood
22.66975,80.9718246459961,22.669750000000004,102.35363006591795,23.579750000000004,93.60308837890624,22.66975,83.677734375,22.669750000000008,75.41403198242188,Stood
22.679750000000006,81.31488037109375,22.679750000000002,102.27375030517578,23.589750000000002,93.59319305419922,22.679750000000002,83.70423126220703,22.679750000000006,75.5933837890625,Stood
22.689750000000004,81.733642578125,22.68975,102.18780517578124,23.59975,93.5693359375,22.689750000000004,83.73111724853516,22.689750000000004,75.74596405029297,Stood
22.69975,82.12995147705078,22.69975,102.1124267578125,23.609750000000005,93.56201934814452,22.69975,83.7535400390625,22.69975,75.86802673339844,Stood
22.70975,82.49544525146484,22.70975,102.05674743652344,23.61975,93.56153869628906,22.70975,83.77734375,22.70975000000001,75.96060943603516,Stood
22.719750000000005,82.84962463378906,22.71975,102.00135040283205,23.62975,93.57489013671876,22.71975,83.79883575439453,22.719750000000005,76.03247833251953,Stood
22.729750000000003,83.2360610961914,22.729750000000003,101.9341049194336,23.63975,93.58399200439452,22.729750000000003,83.81967163085938,22.729750000000003,76.07999420166016,Stood
22.73975,83.57862854003906,22.739750000000004,101.86167907714844,23.649750000000004,93.58705139160156,22.73975,83.83621978759766,22.73975,76.11288452148438,Stood
22.749750000000006,83.83197021484375,22.749750000000002,101.78777313232422,23.659750000000003,93.58908081054688,22.749750000000002,83.85088348388672,22.749750000000006,76.13904571533203,Stood
22.759750000000004,84.24677276611328,22.75975,101.7115478515625,23.66975,93.59375,22.759750000000004,83.86849975585938,22.759750000000004,76.16072082519531,Stood
22.769750000000002,84.55113983154297,22.769750000000002,101.6355209350586,23.679750000000006,93.59635162353516,22.769750000000002,83.88002014160156,22.769750000000002,76.18707275390625,Stood
22.77975,84.91148376464844,22.77975,101.55937957763672,23.689750000000004,93.59820556640624,22.77975,83.89342498779297,22.77975000000001,76.22793579101562,Stood
22.789750000000005,85.2170181274414,22.78975,101.47193145751952,23.69975,93.60570526123048,22.78975,83.9026107788086,22.789750000000005,76.26958465576172,Stood
22.79975,85.50566101074219,22.79975,101.3793716430664,23.70975,93.62232208251952,22.79975,83.90729522705078,22.79975,76.29270935058594,Stood
22.80975,85.796630859375,22.809750000000005,101.28844451904295,23.719750000000005,93.64812469482422,22.80975,83.91224670410156,22.80975,76.30118560791016,Stood
22.819750000000006,86.07292938232422,22.819750000000003,101.1983413696289,23.729750000000003,93.67796325683594,22.819750000000003,83.91984558105469,22.819750000000006,76.29310607910156,Stood
22.829750000000004,86.39866638183594,22.82975,101.1135711669922,23.73975,93.69940185546876,22.829750000000004,83.92793273925781,22.829750000000004,76.27159881591797,Stood
22.839750000000002,86.66521453857422,22.839750000000002,101.04157257080078,23.749750000000006,93.7177276611328,22.839750000000002,83.93562316894531,22.839750000000002,76.24215698242188,Stood
22.84975,86.99160766601562,22.849750000000004,100.97705841064452,23.759750000000004,93.73033905029295,22.84975,83.94792938232422,22.849750000000007,76.2060317993164,Stood
22.859750000000005,87.31061553955078,22.859750000000002,100.91431427001952,23.769750000000002,93.7397003173828,22.859750000000002,83.96087646484375,22.859750000000005,76.16093444824219,Stood
22.86975,87.58063507080078,22.86975,100.84927368164062,23.77975,93.7498016357422,22.86975,83.9699478149414,22.86975,76.11515808105469,Stood
22.87975,87.89247131347656,22.87975,100.78645324707033,23.789750000000005,93.76764678955078,22.87975,83.98052215576172,22.87975,76.06693267822266,Stood
22.88975,88.14160919189453,22.88975,100.72703552246094,23.79975,93.7899169921875,22.88975,83.9900894165039,22.889750000000006,76.02315521240234,Stood
22.899750000000004,88.42757415771484,22.89975,100.67278289794922,23.80975,93.80054473876952,22.89975,83.99867248535156,22.899750000000004,75.99190521240234,Stood
22.909750000000003,88.70155334472656,22.909750000000003,100.63092041015624,23.819750000000003,93.80277252197266,22.909750000000003,84.00374603271484,22.909750000000003,75.96613311767578,Stood
22.91975,88.9524154663086,22.919750000000004,100.60411071777344,23.829750000000004,93.80279541015624,22.91975,84.0107192993164,22.919750000000008,75.93836212158203,Stood
22.929750000000006,89.16366577148438,22.929750000000002,100.57823181152344,23.839750000000002,93.80135345458984,22.929750000000002,84.02139282226562,22.929750000000006,75.89778137207031,Stood
22.939750000000004,89.38371276855469,22.93975,100.55665588378906,23.84975,93.80268096923828,22.939750000000004,84.02814483642578,22.939750000000004,75.8504638671875,Stood
22.94975,89.6459732055664,22.94975,100.5401611328125,23.859750000000005,93.80842590332033,22.94975,84.03424072265625,22.94975,75.80540466308594,Stood
22.95975,89.81904602050781,22.95975,100.50698852539062,23.86975,93.8109130859375,22.95975,84.03868865966797,22.95975000000001,75.77108764648438,Stood
22.969750000000005,89.97911834716797,22.96975,100.47615814208984,23.87975,93.80506896972656,22.96975,84.04135131835938,22.969750000000005,75.72815704345703,Stood
22.979750000000003,90.13784790039062,22.979750000000003,100.45348358154295,23.88975,93.79212188720705,22.979750000000003,84.04415130615234,22.979750000000003,75.70564270019531,Stood
22.98975,90.30272674560548,22.989750000000004,100.4461669921875,23.899750000000004,93.7798309326172,22.98975,84.04591369628906,22.98975,75.68575286865234,Stood
22.999750000000006,90.4399871826172,22.999750000000002,100.4525146484375,23.909750000000003,93.77405548095705,22.999750000000002,84.04705047607422,22.999750000000006,75.6751480102539,Stood
23.009750000000004,90.55645751953124,23.00975,100.46039581298828,23.91975,93.79273986816406,23.009750000000004,84.0498275756836,23.009750000000004,75.66922760009766,Stood
23.019750000000002,90.6343994140625,23.019750000000002,100.46012115478516,23.929750000000006,93.79939270019533,23.019750000000002,84.05349731445312,23.019750000000002,75.68506622314453,Stood
23.02975,90.6954345703125,23.02975,100.4698715209961,23.939750000000004,93.78572845458984,23.02975,84.05492401123047,23.02975000000001,75.71737670898438,Stood
23.039750000000005,90.74858856201172,23.03975,100.48257446289062,23.94975,93.75802612304688,23.03975,84.05348205566406,23.039750000000005,75.75498962402344,Stood
23.04975,90.85057830810548,23.04975,100.49259185791016,23.95975,93.72557067871094,23.04975,84.05095672607422,23.04975,75.79177856445312,Stood
23.05975,90.89016723632812,23.059750000000005,100.50135803222656,23.969750000000005,93.68985748291016,23.05975,84.0481948852539,23.05975,75.8418197631836,Stood
23.069750000000006,90.9416961669922,23.069750000000003,100.51979064941406,23.979750000000003,93.65812683105467,23.069750000000003,84.04544067382812,23.069750000000006,75.9083023071289,Stood
23.079750000000004,90.97091674804688,23.07975,100.54202270507812,23.98975,93.63233184814452,23.079750000000004,84.04254150390625,23.079750000000004,75.98324584960938,Stood
23.089750000000002,90.99158477783205,23.089750000000002,100.55753326416016,23.999750000000006,93.60279846191406,23.089750000000002,84.03929901123047,23.089750000000002,76.06107330322266,Stood
23.09975,91.02471160888672,23.099750000000004,100.56483459472656,24.009750000000004,93.55926513671876,23.09975,84.03263854980469,23.099750000000007,76.13882446289062,Stood
23.109750000000005,91.06536865234376,23.109750000000002,100.5732879638672,24.019750000000002,93.50245666503906,23.109750000000002,84.02278137207031,23.109750000000005,76.21790313720703,Stood
23.11975,91.13577270507812,23.11975,100.60066223144533,24.02975,93.42810821533205,23.11975,84.01102447509766,23.11975,76.30218505859375,Stood
23.12975,91.19952392578124,23.12975,100.62028503417967,24.039750000000005,93.33920288085938,23.12975,83.99836730957031,23.12975,76.37673950195312,Stood
23.13975,91.2864227294922,23.13975,100.62413787841795,24.04975,93.24070739746094,23.13975,83.9871826171875,23.139750000000006,76.44316101074219,Sitting down
23.149750000000004,91.3677215576172,23.14975,100.62716674804688,24.05975,93.13579559326172,23.14975,83.9766845703125,23.149750000000004,76.49920654296875,Sitting down
23.159750000000003,91.45413970947266,23.159750000000003,100.63251495361328,24.069750000000003,93.02657318115234,23.159750000000003,83.9678726196289,23.159750000000003,76.54776000976562,Sitting down
23.16975,91.57484436035156,23.169750000000004,100.63987731933594,24.079750000000004,92.9105987548828,23.16975,83.96392059326172,23.169750000000008,76.5921859741211,Sitting down
23.179750000000006,91.68787384033205,23.179750000000002,100.64875030517578,24.089750000000002,92.7802276611328,23.179750000000002,83.95849609375,23.179750000000006,76.63591003417969,Sitting down
23.189750000000004,91.80011749267578,23.18975,100.65662384033205,24.09975,92.64347076416016,23.189750000000004,83.95574951171875,23.189750000000004,76.68316650390625,Sitting down
23.19975,91.93898010253906,23.19975,100.66897583007812,24.109750000000005,92.4878921508789,23.19975,83.95547485351562,23.19975,76.73371124267578,Sitting down
23.20975,92.04792022705078,23.20975,100.67799377441406,24.11975,92.33551025390624,23.20975,83.9542465209961,23.20975000000001,76.78128814697266,Sitting down
23.219750000000005,92.19176483154295,23.21975,100.6851806640625,24.12975,92.19086456298828,23.21975,83.95421600341797,23.219750000000005,76.82340240478516,Sitting down
23.229750000000003,92.33480072021484,23.229750000000003,100.68728637695312,24.13975,92.0447006225586,23.229750000000003,83.9532470703125,23.229750000000003,76.86509704589844,Sitting down
23.23975,92.49220275878906,23.239750000000004,100.6885757446289,24.149750000000004,91.91088104248048,23.23975,83.95221710205078,23.23975,76.90193176269531,Sitting down
23.249750000000006,92.61428833007812,23.249750000000002,100.6815185546875,24.159750000000003,91.76951599121094,23.249750000000002,83.94925689697266,23.249750000000006,76.9364242553711,Sitting down
23.259750000000004,92.6861343383789,23.25975,100.66351318359376,24.16975,91.59504699707033,23.259750000000004,83.94561767578125,23.259750000000004,76.9625015258789,Sitting down
23.269750000000002,92.82408905029295,23.269750000000002,100.65071868896484,24.179750000000006,91.35256958007812,23.269750000000002,83.94390869140625,23.269750000000002,76.98636627197266,Sitting down
23.27975,92.91374206542967,23.27975,100.6339340209961,24.189750000000004,91.1279296875,23.27975,83.9438247680664,23.27975000000001,77.00695037841797,Sitting down
23.289750000000005,93.0320053100586,23.28975,100.61272430419922,24.19975,90.85243225097656,23.28975,83.94378662109375,23.289750000000005,77.01890563964844,Sitting down
23.29975,93.11593627929688,23.29975,100.61231231689452,24.20975,90.6020050048828,23.29975,83.94572448730469,23.29975,77.02163696289062,Sitting down
23.30975,93.23703002929688,23.309750000000005,100.61569213867188,24.219750000000005,90.3264617919922,23.30975,83.94644165039062,23.30975,77.02425384521484,Sitting down
23.319750000000006,93.351806640625,23.319750000000003,100.6161651611328,24.229750000000003,89.85379028320312,23.319750000000003,83.94660949707031,23.319750000000006,77.02301788330078,Sitting down
23.329750000000004,93.40868377685548,23.32975,100.62821197509766,24.23975,89.44383239746094,23.329750000000004,83.94677734375,23.329750000000004,77.0163345336914,Sitting down
23.339750000000002,93.479736328125,23.339750000000002,100.64967346191406,24.249750000000006,88.93921661376953,23.339750000000002,83.94699096679688,23.339750000000002,77.00358581542969,Sitting down
23.34975,93.5259017944336,23.349750000000004,100.67184448242188,24.259750000000004,88.47537231445312,23.34975,83.94532012939453,23.349750000000007,76.98885345458984,Sitting down
23.359750000000005,93.57017517089844,23.359750000000002,100.69674682617188,24.269750000000002,88.029296875,23.359750000000002,83.94208526611328,23.359750000000005,76.9708480834961,Sitting down
23.36975,93.6087875366211,23.36975,100.7229995727539,24.27975,87.58170318603516,23.36975,83.93885040283203,23.36975,76.95377349853516,Sitting down
23.37975,93.63982391357422,23.37975,100.7443389892578,24.289750000000005,87.1966552734375,23.37975,83.93418884277344,23.37975,76.93507385253906,Sitting down
23.38975,93.66355895996094,23.38975,100.76193237304688,24.29975,86.69590759277344,23.38975,83.92859649658203,23.389750000000006,76.91778564453125,Sitting down
23.399750000000004,93.6815414428711,23.39975,100.7780532836914,24.30975,86.24480438232422,23.39975,83.92271423339844,23.399750000000004,76.90187072753906,Sitting down
23.409750000000003,93.69906616210938,23.409750000000003,100.79759979248048,24.319750000000003,85.69256591796875,23.409750000000003,83.91474914550781,23.409750000000003,76.8880844116211,Sitting down
23.41975,93.7162857055664,23.419750000000004,100.81989288330078,24.329750000000004,85.20559692382812,23.41975,83.908203125,23.419750000000008,76.88226318359375,Sitting down
23.429750000000006,93.73233032226562,23.429750000000002,100.8434600830078,24.339750000000002,84.68425750732422,23.429750000000002,83.90129089355469,23.429750000000006,76.88052368164062,Sitting down
23.439750000000004,93.75045776367188,23.43975,100.86589050292967,24.34975,84.20337677001953,23.439750000000004,83.89373779296875,23.439750000000004,76.88028717041016,Sitting down
23.44975,93.7671127319336,23.44975,100.88886260986328,24.359750000000005,83.53662109375,23.44975,83.88655090332031,23.44975,76.88410949707031,Sitting down
23.45975,93.78326416015624,23.45975,100.91114044189452,24.36975,82.89997863769531,23.45975,83.8772201538086,23.45975000000001,76.88465118408203,Sitting down
23.469750000000005,93.8010711669922,23.46975,100.93408203125,24.37975,82.18608856201172,23.46975,83.8662109375,23.469750000000005,76.88497161865234,Sitting down
23.479750000000003,93.81251525878906,23.479750000000003,100.95823669433594,24.38975,81.49366760253906,23.479750000000003,83.85261535644531,23.479750000000003,76.8895263671875,Sitting down
23.48975,93.82366180419922,23.489750000000004,100.98748779296876,24.399750000000004,80.70254516601562,23.48975,83.83899688720703,23.48975,76.90476989746094,Sitting down
23.499750000000006,93.84117126464844,23.499750000000002,101.02023315429688,24.409750000000003,79.71699523925781,23.499750000000002,83.82649230957031,23.499750000000006,76.92831420898438,Sitting down
23.509750000000004,93.85588836669922,23.50975,101.05189514160156,24.41975,78.658203125,23.509750000000004,83.81477355957031,23.509750000000004,76.95548248291016,Sitting down
23.519750000000002,93.87053680419922,23.519750000000002,101.07667541503906,24.429750000000006,77.75019073486328,23.519750000000002,83.80011749267578,23.519750000000002,76.98208618164062,Sitting down
23.52975,93.89087677001952,23.52975,101.09730529785156,24.439750000000004,76.81055450439453,23.52975,83.78929138183594,23.52975000000001,77.00874328613281,Sitting down
23.539750000000005,93.90945434570312,23.53975,101.11383056640624,24.44975,75.83434295654297,23.53975,83.77864837646484,23.539750000000005,77.0382080078125,Sitting down
23.54975,93.91649627685548,23.54975,101.1298828125,24.45975,74.6815414428711,23.54975,83.7692642211914,23.54975,77.0689697265625,Sitting down
23.55975,93.92015838623048,23.559750000000005,101.1520004272461,24.469750000000005,73.17695617675781,23.55975,83.76464080810547,23.55975,77.10099029541016,Sitting down
23.569750000000006,93.92315673828124,23.569750000000003,101.17349243164062,24.479750000000003,72.36756134033203,23.569750000000003,83.7572021484375,23.569750000000006,77.13322448730469,Sitting down
23.579750000000004,93.93169403076172,23.57975,101.1987762451172,24.48975,71.65137481689453,23.579750000000004,83.74971771240234,23.579750000000004,77.16393280029297,Sitting down
23.589750000000002,93.9494857788086,23.589750000000002,101.21027374267578,24.499750000000006,70.94135284423828,23.589750000000002,83.74337005615234,23.589750000000002,77.19232177734375,Sitting down
23.59975,93.96499633789062,23.599750000000004,101.21895599365234,24.509750000000004,70.17265319824219,23.59975,83.73946380615234,23.599750000000007,77.21837615966797,Sitting down
23.609750000000005,93.97417449951172,23.609750000000002,101.22808837890624,24.519750000000002,69.31329345703125,23.609750000000002,83.7340087890625,23.609750000000005,77.24256896972656,Sitting down
23.61975,93.98008728027344,23.61975,101.23429870605467,24.52975,68.40510559082031,23.61975,83.72822570800781,23.61975,77.26681518554688,Sitting down
23.62975,93.98721313476562,23.62975,101.2386703491211,24.539750000000005,67.50788879394531,23.62975,83.72415924072266,23.62975,77.2890396118164,Sitting down
23.63975,93.9941177368164,23.63975,101.23798370361328,24.54975,66.6568374633789,23.63975,83.7215347290039,23.639750000000006,77.31179809570312,Sitting down
23.649750000000004,94.00031280517578,23.64975,101.23529815673828,24.55975,65.87702178955078,23.64975,83.71865844726562,23.649750000000004,77.33716583251953,Sitting down
23.659750000000003,94.00633239746094,23.659750000000003,101.23072814941406,24.569750000000003,65.10269165039062,23.659750000000003,83.71509552001953,23.659750000000003,77.35380554199219,Sitting down
23.66975,94.01628875732422,23.669750000000004,101.2248306274414,24.579750000000004,64.32222747802734,23.66975,83.71357727050781,23.669750000000008,77.3639144897461,Sitting down
23.679750000000006,94.02824401855467,23.679750000000002,101.2237777709961,24.589750000000002,63.4697265625,23.679750000000002,83.71605682373047,23.679750000000006,77.37086486816406,Sitting down
23.689750000000004,94.03346252441406,23.68975,101.2265396118164,24.59975,62.54856872558594,23.689750000000004,83.71643829345703,23.689750000000004,77.37295532226562,Sitting down
23.69975,94.03868865966795,23.69975,101.22891998291016,24.609750000000005,61.60073471069336,23.69975,83.71929931640625,23.69975,77.37564086914062,Sitting down
23.70975,94.04668426513672,23.70975,101.22930145263672,24.61975,60.69329833984375,23.70975,83.72218322753906,23.70975000000001,77.3799819946289,Sitting down
23.719750000000005,94.06141662597656,23.71975,101.22575378417967,24.62975,59.83935928344727,23.71975,83.72296905517578,23.719750000000005,77.37998962402344,Sitting down
23.729750000000003,94.07771301269533,23.729750000000003,101.22344970703124,24.63975,58.9896240234375,23.729750000000003,83.72309875488281,23.729750000000003,77.38111114501953,Sitting down
23.73975,94.0919189453125,23.739750000000004,101.21875,24.649750000000004,58.06525802612305,23.73975,83.72200775146484,23.73975,77.38026428222656,Sitting down
23.749750000000006,94.10293579101562,23.749750000000002,101.2134017944336,24.659750000000003,57.08892440795898,23.749750000000002,83.72354888916016,23.749750000000006,77.37791442871094,Sitting down
23.759750000000004,94.10333251953124,23.75975,101.20760345458984,24.66975,56.136043548583984,23.759750000000004,83.72376251220703,23.759750000000004,77.37409210205078,Sitting down
23.769750000000002,94.09305572509766,23.769750000000002,101.20323181152344,24.679750000000006,55.20547103881836,23.769750000000002,83.72442626953125,23.769750000000002,77.3714599609375,Sitting down
23.77975,94.08467864990234,23.77975,101.19341278076172,24.689750000000004,54.24534225463867,23.77975,83.72483825683594,23.77975000000001,77.36465454101562,Sitting down
23.789750000000005,94.0869140625,23.78975,101.17838287353516,24.69975,53.23995590209961,23.78975,83.72589874267578,23.789750000000005,77.35382080078125,Sitting down
23.79975,94.09197998046876,23.79975,101.16413879394533,24.70975,52.268646240234375,23.79975,83.7278060913086,23.79975,77.3380126953125,Sitting down
23.80975,94.09414672851562,23.809750000000005,101.15135955810548,24.719750000000005,51.296905517578125,23.80975,83.73275756835938,23.80975,77.320068359375,Sitting down
23.819750000000006,94.08673858642578,23.819750000000003,101.13745880126952,24.729750000000003,50.31415939331055,23.819750000000003,83.73568725585938,23.819750000000006,77.30046081542969,Sitting down
23.829750000000004,94.0716552734375,23.82975,101.12682342529295,24.73975,49.33436584472656,23.829750000000004,83.73916625976562,23.829750000000004,77.28299713134766,Sitting down
23.839750000000002,94.05452728271484,23.839750000000002,101.12030029296876,24.749750000000006,48.377235412597656,23.839750000000002,83.74310302734375,23.839750000000002,77.26313018798828,Sitting down
23.84975,94.03572082519533,23.849750000000004,101.11190795898438,24.759750000000004,47.501930236816406,23.84975,83.74573516845703,23.849750000000007,77.24628448486328,Sitting down
23.859750000000005,94.01817321777344,23.859750000000002,101.0980453491211,24.769750000000002,46.6489143371582,23.859750000000002,83.74790954589844,23.859750000000005,77.22700500488281,Sitting down
23.86975,94.0010757446289,23.86975,101.07917022705078,24.77975,45.759090423583984,23.86975,83.74812316894531,23.86975,77.20604705810547,Sitting down
23.87975,93.97986602783205,23.87975,101.06754302978516,24.789750000000005,44.902103424072266,23.87975,83.74676513671875,23.87975,77.18318176269531,Sitting down
23.88975,93.95178985595705,23.88975,101.05530548095705,24.79975,44.0733757019043,23.88975,83.7454605102539,23.889750000000006,77.15776824951172,Sitting down
23.899750000000004,93.91442108154295,23.89975,101.04009246826172,24.80975,43.2744026184082,23.89975,83.744140625,23.899750000000004,77.12992095947266,Sitting down
23.909750000000003,93.8715362548828,23.909750000000003,101.03013610839844,24.819750000000003,42.50304412841797,23.909750000000003,83.74131774902344,23.909750000000003,77.09424591064453,Sitting down
23.91975,93.82427215576172,23.919750000000004,101.02682495117188,24.829750000000004,41.73532104492188,23.91975,83.73863983154297,23.919750000000008,77.0529556274414,Sitting down
23.929750000000006,93.77083587646484,23.929750000000002,101.0246353149414,24.839750000000002,40.9578971862793,23.929750000000002,83.7366714477539,23.929750000000006,77.0018310546875,Sitting down
23.939750000000004,93.71334838867188,23.93975,101.02153778076172,24.84975,40.163082122802734,23.939750000000004,83.73416137695312,23.939750000000004,76.94249725341797,Sitting down
23.94975,93.64998626708984,23.94975,101.01660919189452,24.859750000000005,39.43045425415039,23.94975,83.73193359375,23.94975,76.87429809570312,Sitting down
23.95975,93.57997131347656,23.95975,101.0144271850586,24.86975,38.73459243774414,23.95975,83.72761535644531,23.95975000000001,76.79610443115234,Sitting down
23.969750000000005,93.49961853027344,23.96975,101.01211547851562,24.87975,38.03093338012695,23.96975,83.7229232788086,23.969750000000005,76.70845794677734,Sitting down
23.979750000000003,93.40924835205078,23.979750000000003,101.00930786132812,24.88975,37.33660125732422,23.979750000000003,83.71724700927734,23.979750000000003,76.61328887939453,Sitting down
23.98975,93.3072280883789,23.989750000000004,101.00537872314452,24.899750000000004,36.6673469543457,23.98975,83.71305084228516,23.98975,76.50989532470703,Sitting down
23.999750000000006,93.1940460205078,23.999750000000002,100.9993133544922,24.909750000000003,36.03470230102539,23.999750000000002,83.70748901367188,23.999750000000006,76.39868927001953,Sitting down
24.009750000000004,93.07594299316406,24.00975,100.99225616455078,24.91975,35.392024993896484,24.009750000000004,83.705322265625,24.009750000000004,76.281494140625,Sitting down
24.019750000000002,92.93275451660156,24.019750000000002,100.98793029785156,24.929750000000006,34.72891998291016,24.019750000000002,83.70127868652344,24.019750000000002,76.16275024414062,Sitting down
24.02975,92.7899169921875,24.02975,100.98175048828124,24.939750000000004,34.087135314941406,24.02975,83.700927734375,24.02975000000001,76.0496826171875,Sitting down
24.039750000000005,92.61964416503906,24.03975,100.97554779052734,24.94975,33.452781677246094,24.03975,83.69705963134766,24.039750000000005,75.94489288330078,Sitting down
24.04975,92.43737030029295,24.04975,100.968505859375,24.95975,32.831634521484375,24.04975,83.6939697265625,24.04975,75.8470458984375,Sitting down
24.05975,92.21460723876952,24.059750000000005,100.95865631103516,24.969750000000005,32.19660568237305,24.05975,83.68970489501953,24.05975,75.7521743774414,Sitting down
24.069750000000006,91.93665313720705,24.069750000000003,100.94850158691406,24.979750000000003,31.536487579345703,24.069750000000003,83.68498229980469,24.069750000000006,75.65209197998047,Sitting down
24.079750000000004,91.6449966430664,24.07975,100.94268035888672,24.98975,30.862030029296875,24.079750000000004,83.67943572998047,24.079750000000004,75.5446548461914,Sitting down
24.089750000000002,91.28414154052734,24.089750000000002,100.94402313232422,24.999750000000006,30.16549491882324,24.089750000000002,83.67542266845703,24.089750000000002,75.4227294921875,Sitting down
24.09975,90.91384887695312,24.099750000000004,100.95720672607422,25.009750000000004,29.483123779296875,24.09975,83.67263793945312,24.099750000000007,75.27730560302734,Sitting down
24.109750000000005,90.5159912109375,24.109750000000002,100.96754455566406,25.019750000000002,28.832508087158203,24.109750000000002,83.66708374023438,24.109750000000005,75.1036148071289,Sitting down
24.11975,90.08151245117188,24.11975,100.95337677001952,25.02975,28.225372314453125,24.11975,83.6611328125,24.11975,74.92296600341797,Sitting down
24.12975,89.63648223876953,24.12975,100.9150848388672,25.039750000000005,27.65449523925781,24.12975,83.65291595458984,24.12975,74.75118255615234,Sitting down
24.13975,89.17301940917969,24.13975,100.85801696777344,25.04975,27.07813835144043,24.13975,83.64453125,24.139750000000006,74.59093475341797,Sitting down
24.149750000000004,88.65644073486328,24.14975,100.78485870361328,25.05975,26.484134674072266,24.14975,83.63597106933594,24.149750000000004,74.47474670410156,Sitting down
24.159750000000003,88.1259765625,24.159750000000003,100.70355987548828,25.069750000000003,25.86729049682617,24.159750000000003,83.62825012207031,24.159750000000003,74.40570068359375,Sitting down
24.16975,87.61286163330078,24.169750000000004,100.62348175048828,25.079750000000004,25.23045539855957,24.16975,83.62152099609375,24.169750000000008,74.34217834472656,Sitting down
24.179750000000006,87.07656860351562,24.179750000000002,100.53488159179688,25.089750000000002,24.57465171813965,24.179750000000002,83.61676788330078,24.179750000000006,74.27181243896484,Sitting down
24.189750000000004,86.57637023925781,24.18975,100.42798614501952,25.09975,23.89308357238769,24.189750000000004,83.61355590820312,24.189750000000004,74.18585968017578,Sitting down
24.19975,86.06920623779297,24.19975,100.30225372314452,25.109750000000005,23.206457138061523,24.19975,83.60831451416016,24.19975,74.06561279296875,Sitting down
24.20975,85.56929016113281,24.20975,100.17942810058594,25.11975,22.553730010986328,24.20975,83.6068344116211,24.20975000000001,73.89256286621094,Sitting down
24.219750000000005,85.06932067871094,24.21975,100.06594848632812,25.12975,21.937530517578125,24.21975,83.60980987548828,24.219750000000005,73.67471313476562,Sitting down
24.229750000000003,84.53335571289062,24.229750000000003,99.93413543701172,25.13975,21.330698013305664,24.229750000000003,83.61418914794922,24.229750000000003,73.4072494506836,Sitting down
24.23975,83.98918151855469,24.239750000000004,99.7899398803711,25.149750000000004,20.713029861450195,24.23975,83.62175750732422,24.23975,73.10365295410156,Sitting down
24.249750000000006,83.39453125,24.249750000000002,99.64521026611328,25.159750000000003,20.061656951904297,24.249750000000002,83.62842559814453,24.249750000000006,72.78304290771484,Sitting down
24.259750000000004,82.7238540649414,24.25975,99.51226806640624,25.16975,19.444580078125,24.259750000000004,83.63935089111328,24.259750000000004,72.43933868408203,Sitting down
24.269750000000002,82.00769805908203,24.269750000000002,99.4174346923828,25.179750000000006,18.91333198547364,24.269750000000002,83.6529769897461,24.269750000000002,72.06782531738281,Sitting down
24.27975,81.23067474365234,24.27975,99.35594940185548,25.189750000000004,18.4674072265625,24.27975,83.66900634765625,24.27975000000001,71.66902160644531,Sitting down
24.289750000000005,80.40557098388672,24.28975,99.32825469970705,25.19975,18.1069278717041,24.28975,83.6928939819336,24.289750000000005,71.25633239746094,Sitting down
24.29975,79.61808013916016,24.29975,99.33892822265624,25.20975,17.910388946533203,24.29975,83.7252426147461,24.29975,70.82552337646484,Sitting down
24.30975,78.89623260498047,24.309750000000005,99.38412475585938,25.219750000000005,17.777116775512695,24.30975,83.7687759399414,24.30975,70.3735580444336,Sitting down
24.319750000000006,78.10018920898438,24.319750000000003,99.43602752685548,25.229750000000003,17.620973587036133,24.319750000000003,83.8304672241211,24.319750000000006,69.91401672363281,Sitting down
24.329750000000004,77.2802505493164,24.32975,99.46863555908205,25.23975,17.479448318481445,24.329750000000004,83.90717315673828,24.329750000000004,69.43914031982422,Sitting down
24.339750000000002,76.4351806640625,24.339750000000002,99.51246643066406,25.249750000000006,17.338590621948242,24.339750000000002,83.99232482910156,24.339750000000002,68.94180297851562,Sitting down
24.34975,75.51835632324219,24.349750000000004,99.57355499267578,25.259750000000004,17.14631462097168,24.34975,84.08171081542969,24.349750000000007,68.4155502319336,Sitting down
24.359750000000005,74.6555404663086,24.359750000000002,99.6340560913086,25.269750000000002,16.908124923706055,24.359750000000002,84.17964172363281,24.359750000000005,67.86455535888672,Sitting down
24.36975,73.81707000732422,24.36975,99.66712951660156,25.27975,16.655183792114258,24.36975,84.28062438964844,24.36975,67.30403137207031,Sitting down
24.37975,72.97687530517578,24.37975,99.68458557128906,25.289750000000005,16.417734146118164,24.37975,84.37321472167969,24.37975,66.74522399902344,Sitting down
24.38975,72.21063232421875,24.38975,99.72248077392578,25.29975,16.208152770996094,24.38975,84.46627044677734,24.389750000000006,66.1874008178711,Sitting down
24.399750000000004,71.49307250976562,24.39975,99.78759765625,25.30975,16.020051956176758,24.39975,84.56016540527344,24.399750000000004,65.61942291259766,Sitting down
24.409750000000003,70.81248474121094,24.409750000000003,99.86482238769533,25.319750000000003,15.837181091308594,24.409750000000003,84.64824676513672,24.409750000000003,65.05205535888672,Sitting down
24.41975,70.17766571044922,24.419750000000004,99.93025207519533,25.329750000000004,15.651488304138184,24.41975,84.73419952392578,24.419750000000008,64.50154113769531,Sitting down
24.429750000000006,69.50485229492188,24.429750000000002,100.00946807861328,25.339750000000002,15.469808578491213,24.429750000000002,84.80876159667969,24.429750000000006,63.95372009277344,Sitting down
24.439750000000004,68.74791717529297,24.43975,100.11942291259766,25.34975,15.296274185180664,24.439750000000004,84.8896713256836,24.439750000000004,63.41608810424805,Sitting down
24.44975,67.94062805175781,24.44975,100.24188995361328,25.359750000000005,15.14549446105957,24.44975,84.97191619873047,24.44975,62.89364242553711,Sitting down
24.45975,67.15726470947266,24.45975,100.36475372314452,25.36975,15.016490936279297,24.45975,85.0519790649414,24.45975000000001,62.355865478515625,Sitting down
24.469750000000005,66.40870666503906,24.46975,100.50267028808594,25.37975,14.8972749710083,24.46975,85.11759948730469,24.469750000000005,61.81175231933594,Sitting down
24.479750000000003,65.67010498046875,24.479750000000003,100.64813995361328,25.38975,14.760395050048828,24.479750000000003,85.13885498046875,24.479750000000003,61.26146697998047,Sitting down
24.48975,64.89542388916016,24.489750000000004,100.81841278076172,25.399750000000004,14.62674045562744,24.48975,85.1451644897461,24.48975,60.69889068603516,Sitting down
24.499750000000006,64.08805847167969,24.499750000000002,101.0019989013672,25.409750000000003,14.458043098449709,24.499750000000002,85.15298461914062,24.499750000000006,60.10556411743164,Sitting down
24.509750000000004,63.226524353027344,24.50975,101.18804168701172,25.41975,14.253250122070312,24.509750000000004,85.17218017578125,24.509750000000004,59.489776611328125,Sitting down
24.519750000000002,62.36590194702149,24.519750000000002,101.39338684082033,25.429750000000006,14.021395683288574,24.519750000000002,85.19358825683594,24.519750000000002,58.8624153137207,Sitting down
24.52975,61.53468704223633,24.52975,101.61976623535156,25.439750000000004,13.792923927307127,24.52975,85.20880126953125,24.52975000000001,58.248634338378906,Sitting down
24.539750000000005,60.72851943969727,24.53975,101.86968994140624,25.44975,13.561718940734863,24.53975,85.20455169677734,24.539750000000005,57.619964599609375,Sitting down
24.54975,59.92300033569336,24.54975,102.1360092163086,25.45975,13.337964057922363,24.54975,85.21170043945312,24.54975,57.011962890625,Sitting down
24.55975,59.109954833984375,24.559750000000005,102.39514923095705,25.469750000000005,13.133133888244627,24.55975,85.22370910644531,24.55975,56.39778137207031,Sitting down
24.569750000000006,58.23673629760742,24.569750000000003,102.6638412475586,25.479750000000003,12.95778465270996,24.569750000000003,85.2413558959961,24.569750000000006,55.79526519775391,Sitting down
24.579750000000004,57.2663688659668,24.57975,102.89484405517578,25.48975,12.81273365020752,24.579750000000004,85.24990844726562,24.579750000000004,55.20606994628906,Sitting down
24.589750000000002,56.261322021484375,24.589750000000002,103.12077331542967,25.499750000000006,12.684093475341797,24.589750000000002,85.23129272460938,24.589750000000002,54.64810562133789,Sitting down
24.59975,55.34111404418945,24.599750000000004,103.3486557006836,25.509750000000004,12.599684715270996,24.59975,85.21835327148438,24.599750000000007,54.14377212524414,Sitting down
24.609750000000005,54.435523986816406,24.609750000000002,103.5548095703125,25.519750000000002,12.503576278686523,24.609750000000002,85.22930145263672,24.609750000000005,53.66001510620117,Sitting down
24.61975,53.51475524902344,24.61975,103.74160766601562,25.52975,12.457510948181152,24.61975,85.26403045654297,24.61975,53.18834686279297,Sitting down
24.62975,52.598880767822266,24.62975,103.90587615966795,25.539750000000005,12.43679141998291,24.62975,85.29350280761719,24.62975,52.70817565917969,Sitting down
24.63975,51.68484878540039,24.63975,104.07901763916016,25.54975,12.4217529296875,24.63975,85.31123352050781,24.639750000000006,52.211544036865234,Sitting down
24.649750000000004,50.74773788452149,24.64975,104.25579833984376,25.55975,12.418898582458496,24.64975,85.31334686279297,24.649750000000004,51.72396469116211,Sitting down
24.659750000000003,49.77680587768555,24.659750000000003,104.40052032470705,25.569750000000003,12.404912948608398,24.659750000000003,85.29690551757812,24.659750000000003,51.25217819213867,Sitting down
24.66975,48.82138442993164,24.669750000000004,104.51508331298828,25.579750000000004,12.361023902893066,24.66975,85.28079986572266,24.669750000000008,50.80799865722656,Sitting down
24.679750000000006,47.88775634765625,24.679750000000002,104.60958099365234,25.589750000000002,12.33846950531006,24.679750000000002,85.2746353149414,24.679750000000006,50.446075439453125,Sitting down
24.689750000000004,46.97480392456055,24.68975,104.67718505859376,25.59975,12.331059455871582,24.689750000000004,85.28670501708984,24.689750000000004,50.138484954833984,Sitting down
24.69975,46.07257461547852,24.69975,104.7154541015625,25.609750000000005,12.34963321685791,24.69975,85.3258285522461,24.69975,49.89767456054688,Sitting down
24.70975,45.16157531738281,24.70975,104.74822235107422,25.61975,12.350831985473633,24.70975,85.35896301269531,24.70975000000001,49.70587158203125,Sitting down
24.719750000000005,44.262939453125,24.71975,104.7623062133789,25.62975,12.342835426330566,24.71975,85.41282653808594,24.719750000000005,49.54662322998047,Sat
24.729750000000003,43.40779113769531,24.729750000000003,104.7533721923828,25.63975,12.363438606262209,24.729750000000003,85.45032501220703,24.729750000000003,49.391090393066406,Sat
24.73975,42.55289077758789,24.739750000000004,104.73176574707033,25.649750000000004,12.374780654907228,24.73975,85.46375274658203,24.73975,49.25868606567383,Sat
24.749750000000006,41.68878936767578,24.749750000000002,104.70447540283205,25.659750000000003,12.334312438964844,24.749750000000002,85.48641204833984,24.749750000000006,49.135009765625,Sat
24.759750000000004,40.85221099853516,24.75975,104.6807098388672,25.66975,12.234408378601074,24.759750000000004,85.53054809570312,24.759750000000004,48.952518463134766,Sat
24.769750000000002,40.04829025268555,24.769750000000002,104.64701080322266,25.679750000000006,12.167852401733398,24.769750000000002,85.58191680908203,24.769750000000002,48.74004364013672,Sat
24.77975,39.27695083618164,24.77975,104.59103393554688,25.689750000000004,12.14885139465332,24.77975,85.61653137207031,24.77975000000001,48.53736114501953,Sat
24.789750000000005,38.547969818115234,24.78975,104.52884674072266,25.69975,12.250240325927734,24.78975,85.66151428222656,24.789750000000005,48.35659790039063,Sat
24.79975,37.83112716674805,24.79975,104.4714813232422,25.70975,12.285356521606444,24.79975,85.72669219970703,24.79975,48.18318176269531,Sat
24.80975,37.11790466308594,24.809750000000005,104.4113311767578,25.719750000000005,12.261248588562012,24.80975,85.79893493652344,24.80975,47.98993682861328,Sat
24.819750000000006,36.40224075317383,24.819750000000003,104.33667755126952,25.729750000000003,12.352977752685549,24.819750000000003,85.88084411621094,24.819750000000006,47.807106018066406,Sat
24.829750000000004,35.68033981323242,24.82975,104.24909210205078,25.73975,12.511842727661133,24.829750000000004,85.96739196777344,24.829750000000004,47.67799377441406,Sat
24.839750000000002,34.94087219238281,24.839750000000002,104.1423797607422,25.749750000000006,12.663602828979492,24.839750000000002,86.06816864013672,24.839750000000002,47.57683944702149,Sat
24.84975,34.20528793334961,24.849750000000004,104.02320861816406,25.759750000000004,12.694652557373049,24.84975,86.16072082519531,24.849750000000007,47.51255798339844,Sat
24.859750000000005,33.48711013793945,24.859750000000002,103.89920043945312,25.769750000000002,12.758493423461914,24.859750000000002,86.24059295654297,24.859750000000005,47.47143173217773,Sat
24.86975,32.80620193481445,24.86975,103.7787857055664,25.77975,12.78871726989746,24.86975,86.3248291015625,24.86975,47.44633483886719,Sat
24.87975,32.13597106933594,24.87975,103.65653228759766,25.789750000000005,12.818354606628418,24.87975,86.41031646728516,24.87975,47.36727142333984,Sat
24.88975,31.467735290527344,24.88975,103.53030395507812,25.79975,13.03976058959961,24.88975,86.49397277832031,24.889750000000006,47.31843185424805,Sat
24.899750000000004,30.784610748291016,24.89975,103.40675354003906,25.80975,13.12182331085205,24.89975,86.5745620727539,24.899750000000004,47.302711486816406,Sat
24.909750000000003,30.101789474487305,24.909750000000003,103.2791519165039,25.819750000000003,13.092357635498049,24.909750000000003,86.65772247314453,24.909750000000003,47.27399063110352,Sat
24.91975,29.438819885253903,24.919750000000004,103.1150894165039,25.829750000000004,13.073023796081545,24.91975,86.74616241455078,24.919750000000008,47.23980712890625,Sat
24.929750000000006,28.79976463317871,24.929750000000002,102.9973373413086,25.839750000000002,13.03936004638672,24.929750000000002,86.83477783203125,24.929750000000006,47.29444885253906,Sat
24.939750000000004,28.16229820251465,24.93975,102.8797378540039,25.84975,12.978971481323242,24.939750000000004,86.91604614257812,24.939750000000004,47.455116271972656,Sat
24.94975,27.529041290283203,24.94975,102.76117706298828,25.859750000000005,12.8886079788208,24.94975,86.99124145507812,24.94975,47.65965270996094,Sat
24.95975,26.877628326416016,24.95975,102.63318634033205,25.86975,12.782788276672363,24.95975,87.05449676513672,24.95975000000001,47.86051177978516,Sat
24.969750000000005,26.227012634277344,24.96975,102.51080322265624,25.87975,12.695062637329102,24.96975,87.10381317138672,24.969750000000005,48.06471252441406,Sat
24.979750000000003,25.573223114013672,24.979750000000003,102.39681243896484,25.88975,12.593610763549805,24.979750000000003,87.1417007446289,24.979750000000003,48.300758361816406,Sat
24.98975,24.92937660217285,24.989750000000004,102.28465270996094,25.899750000000004,12.503997802734377,24.98975,87.17008972167969,24.98975,48.596710205078125,Sat
24.999750000000006,24.29616355895996,24.999750000000002,102.1768035888672,25.909750000000003,12.437747955322266,24.999750000000002,87.18537139892578,24.999750000000006,48.96094131469727,Sat
25.009750000000004,23.67573356628418,25.00975,102.06517791748048,25.91975,12.39022159576416,25.009750000000004,87.20931243896484,25.009750000000004,49.41508865356445,Sat
25.019750000000002,23.06855010986328,25.019750000000002,101.94391632080078,25.929750000000006,12.338303565979004,25.019750000000002,87.24007415771484,25.019750000000002,49.92595672607422,Sat
25.02975,22.470458984375,25.02975,101.82257843017578,25.939750000000004,12.282342910766602,25.02975,87.2572021484375,25.02975000000001,50.47433853149414,Sat
25.039750000000005,21.87411880493164,25.03975,101.69670867919922,25.94975,12.20395851135254,25.03975,87.26908111572266,25.039750000000005,51.01689147949219,Sat
25.04975,21.26926612854004,25.04975,101.570556640625,25.95975,12.131824493408203,25.04975,87.28204345703125,25.04975,51.590576171875,Sat
25.05975,20.65707015991211,25.059750000000005,101.44654083251952,25.969750000000005,12.093110084533691,25.05975,87.28256225585938,25.05975,52.22123718261719,Sat
25.069750000000006,20.04595184326172,25.069750000000003,101.32891845703124,25.979750000000003,12.112457275390623,25.069750000000003,87.2734375,25.069750000000006,52.886512756347656,Sat
25.079750000000004,19.445417404174805,25.07975,101.209228515625,25.98975,12.201214790344238,25.079750000000004,87.25926208496094,25.079750000000004,53.61443328857422,Sat
25.089750000000002,18.882999420166016,25.089750000000002,101.07823944091795,25.999750000000006,12.31312656402588,25.089750000000002,87.24746704101562,25.089750000000002,54.36264801025391,Sat
25.09975,18.37337875366211,25.099750000000004,100.92923736572266,26.009750000000004,12.456151962280272,25.09975,87.2210464477539,25.099750000000007,55.10648727416992,Sat
25.109750000000005,17.91868019104004,25.109750000000002,100.76265716552734,26.019750000000002,12.61662769317627,25.109750000000002,87.188720703125,25.109750000000005,55.862003326416016,Sat
25.11975,17.500356674194336,25.11975,100.60122680664062,26.02975,12.750245094299316,25.11975,87.15579986572266,25.11975,56.61631774902344,Sat
25.12975,17.111953735351562,25.12975,100.44928741455078,26.039750000000005,12.876690864562988,25.12975,87.12145233154297,25.12975,57.34161376953125,Sat
25.13975,16.79218101501465,25.13975,100.29422760009766,26.04975,12.985098838806152,25.13975,87.10956573486328,25.139750000000006,58.061065673828125,Sat
25.149750000000004,16.56476402282715,25.14975,100.13638305664062,26.05975,13.035133361816406,25.14975,87.12100219726562,25.149750000000004,58.625484466552734,Sat
25.159750000000003,16.402132034301758,25.159750000000003,99.97603607177734,26.069750000000003,13.00555419921875,25.159750000000003,87.14545440673828,25.159750000000003,59.1318473815918,Sat
25.16975,16.237058639526367,25.169750000000004,99.82746887207033,26.079750000000004,12.931544303894045,25.16975,87.18342590332031,25.169750000000008,59.787864685058594,Sat
25.179750000000006,16.042509078979492,25.179750000000002,99.67771911621094,26.089750000000002,12.906496047973633,25.179750000000002,87.2237319946289,25.179750000000006,60.39765167236328,Sat
25.189750000000004,15.855917930603027,25.18975,99.5204849243164,26.09975,12.898271560668944,25.189750000000004,87.25875854492188,25.189750000000004,61.01250457763672,Sat
25.19975,15.70138454437256,25.19975,99.36258697509766,26.109750000000005,12.869675636291504,25.19975,87.300048828125,25.19975,61.57868576049805,Sat
25.20975,15.56408405303955,25.20975,99.2077178955078,26.11975,12.825567245483398,25.20975,87.35647583007812,25.20975000000001,62.11998748779297,Sat
25.219750000000005,15.433939933776855,25.21975,99.05939483642578,26.12975,12.78487491607666,25.21975,87.43159484863281,25.219750000000005,62.64230346679688,Sat
25.229750000000003,15.336627006530762,25.229750000000003,98.9231948852539,26.13975,12.75543975830078,25.229750000000003,87.51461791992188,25.229750000000003,63.21849822998047,Sat
25.23975,15.267389297485352,25.239750000000004,98.80157470703124,26.149750000000004,12.723769187927246,25.23975,87.58100891113281,25.23975,63.85841369628906,Sat
25.249750000000006,15.19200325012207,25.249750000000002,98.68113708496094,26.159750000000003,12.68662929534912,25.249750000000002,87.6165542602539,25.249750000000006,64.5612564086914,Sat
25.259750000000004,15.08387565612793,25.25975,98.5582275390625,26.16975,12.665419578552246,25.259750000000004,87.63167572021484,25.259750000000004,65.34758758544922,Sat
25.269750000000002,14.945405960083008,25.269750000000002,98.4313735961914,26.179750000000006,12.675292015075684,25.269750000000002,87.6204605102539,25.269750000000002,66.18122863769531,Sat
25.27975,14.771660804748535,25.27975,98.2961883544922,26.189750000000004,12.684585571289062,25.27975,87.58837890625,25.27975000000001,67.0173568725586,Sat
25.289750000000005,14.594887733459473,25.28975,98.1687240600586,26.19975,12.70234489440918,25.28975,87.54840087890625,25.289750000000005,67.85076141357422,Sat
25.29975,14.438909530639648,25.29975,98.05714416503906,26.20975,12.724288940429688,25.29975,87.49446868896484,25.29975,68.66873168945312,Sat
25.30975,14.298433303833008,25.309750000000005,97.95288848876952,26.219750000000005,12.767528533935549,25.30975,87.41942596435547,25.30975,69.47034454345703,Sat
25.319750000000006,14.153966903686523,25.319750000000003,97.85678100585938,26.229750000000003,12.776308059692385,25.319750000000003,87.32463836669922,25.319750000000006,70.26905059814453,Sat
25.329750000000004,14.000810623168944,25.32975,97.77423858642578,26.23975,12.770336151123049,25.329750000000004,87.22586059570312,25.329750000000004,71.05791473388672,Sat
25.339750000000002,13.845444679260254,25.339750000000002,97.69503021240234,26.249750000000006,12.752509117126465,25.339750000000002,87.13650512695312,25.339750000000002,71.8304672241211,Sat
25.34975,13.69056510925293,25.349750000000004,97.60742950439452,26.259750000000004,12.72991943359375,25.34975,87.0578842163086,25.349750000000007,72.57830047607422,Sat
25.359750000000005,13.551687240600586,25.359750000000002,97.52057647705078,26.269750000000002,12.72164821624756,25.359750000000002,86.9894027709961,25.359750000000005,73.28032684326172,Sat
25.36975,13.4258451461792,25.36975,97.43757629394533,26.27975,12.71201229095459,25.36975,86.9232177734375,25.36975,73.97222900390625,Sat
25.37975,13.326370239257812,25.37975,97.36531066894533,26.289750000000005,12.70291233062744,25.37975,86.85453796386719,25.37975,74.63882446289062,Sat
25.38975,13.214680671691896,25.38975,97.30585479736328,26.29975,12.684815406799316,25.38975,86.79199981689453,25.389750000000006,75.2853775024414,Sat
25.399750000000004,13.079489707946776,25.39975,97.24983215332033,26.30975,12.657691955566406,25.39975,86.7556381225586,25.399750000000004,75.92852020263672,Sat
25.409750000000003,12.936537742614746,25.409750000000003,97.19712829589844,26.31975,12.635821342468262,25.409750000000003,86.73322296142578,25.409750000000003,76.54838562011719,Sat
25.41975,12.789202690124512,25.419750000000004,97.14307403564452,26.329750000000004,12.651300430297852,25.41975,86.71277618408203,25.419750000000008,77.13947296142578,Sat
25.429750000000006,12.634845733642578,25.429750000000002,97.08506774902344,26.339750000000002,12.658080101013184,25.429750000000002,86.68551635742188,25.429750000000006,77.72273254394531,Sat
25.439750000000004,12.498966217041016,25.43975,97.0282211303711,26.34975,12.673211097717283,25.439750000000004,86.64751434326172,25.439750000000004,78.29264831542969,Sat
25.44975,12.388129234313965,25.44975,96.98026275634766,26.359750000000005,12.685624122619627,25.44975,86.60330200195312,25.44975,78.8567886352539,Sat
25.45975,12.28792953491211,25.45975,96.9520034790039,26.369750000000003,12.705463409423828,25.45975,86.55805206298828,25.45975000000001,79.42440795898438,Sat
25.469750000000005,12.208093643188477,25.46975,96.93196868896484,26.37975,12.716265678405762,25.46975,86.51455688476562,25.469750000000005,79.98715209960938,Sat
25.479750000000003,12.152151107788086,25.479750000000003,96.91204071044922,26.38975,12.70218276977539,25.479750000000003,86.46700286865234,25.479750000000003,80.53820037841797,Sat
25.48975,12.099058151245115,25.489750000000004,96.8989028930664,26.399750000000004,12.67345905303955,25.48975,86.4048080444336,25.48975,81.0710220336914,Sat
25.499750000000006,12.027368545532228,25.499750000000002,96.88031005859376,26.409750000000003,12.640787124633787,25.499750000000002,86.32682800292969,25.499750000000006,81.55681610107422,Sat
25.509750000000004,11.940557479858398,25.50975,96.85763549804688,26.41975,12.598139762878418,25.509750000000004,86.24943542480469,25.509750000000004,82.01808166503906,Sat
25.519750000000002,11.863991737365724,25.519750000000002,96.85133361816406,26.429750000000006,12.559273719787598,25.519750000000002,86.18085479736328,25.519750000000002,82.47167205810547,Sat
25.52975,11.80045223236084,25.52975,96.8588409423828,26.439750000000004,12.5358247756958,25.52975,86.11070251464844,25.52975000000001,82.9112548828125,Sat
25.539750000000005,11.785326957702637,25.53975,96.86444854736328,26.44975,12.547849655151367,25.53975,86.0392837524414,25.539750000000005,83.32872772216797,Sat
25.54975,11.791329383850098,25.54975,96.87506103515624,26.45975,12.577529907226562,25.54975,85.95887756347656,25.54975,83.72408294677734,Sat
25.55975,11.76197338104248,25.559750000000005,96.89214324951172,26.469750000000005,12.608678817749023,25.55975,85.86483001708984,25.55975,84.10633850097656,Sat
25.569750000000006,11.718558311462402,25.569750000000003,96.90953826904295,26.479750000000003,12.64590072631836,25.569750000000003,85.76191711425781,25.569750000000006,84.46839141845703,Sat
25.579750000000004,11.66185188293457,25.57975,96.92286682128906,26.48975,12.673569679260254,25.579750000000004,85.67064666748047,25.579750000000004,84.8152084350586,Sat
25.589750000000002,11.602031707763672,25.589750000000002,96.9358139038086,26.499750000000006,12.69350814819336,25.589750000000002,85.58914947509766,25.589750000000002,85.15525817871094,Sat
25.59975,11.537558555603027,25.599750000000004,96.95699310302734,26.509750000000004,12.711943626403809,25.59975,85.50678253173828,25.599750000000007,85.49421691894531,Sat
25.609750000000005,11.476152420043944,25.609750000000002,96.9676513671875,26.519750000000002,12.737408638000488,25.609750000000002,85.42471313476562,25.609750000000005,85.84300231933594,Sat
25.61975,11.42422866821289,25.61975,96.95884704589844,26.52975,12.746674537658691,25.61975,85.34931182861328,25.61975,86.18901062011719,Sat
25.62975,11.384737014770508,25.62975,96.9471206665039,26.539750000000005,12.733972549438477,25.62975,85.27587127685547,25.62975,86.52350616455078,Sat
25.63975,11.377449035644531,25.63975,96.94849395751952,26.549750000000003,12.714587211608888,25.63975,85.19158935546875,25.639750000000006,86.8326187133789,Sat
25.649750000000004,11.41447639465332,25.64975,96.95907592773438,26.55975,12.693479537963867,25.64975,85.09815216064453,25.649750000000004,87.10600280761719,Sat
25.659750000000003,11.452437400817873,25.659750000000003,96.98116302490234,26.56975,12.678936004638672,25.659750000000003,84.9818344116211,25.659750000000003,87.35445404052734,Sat
25.66975,11.452980041503906,25.669750000000004,97.01195526123048,26.579750000000004,12.657543182373049,25.66975,84.85552215576172,25.669750000000008,87.58758544921875,Sat
25.679750000000006,11.418821334838867,25.679750000000002,97.05027770996094,26.589750000000002,12.625045776367188,25.679750000000002,84.71910095214844,25.679750000000006,87.81846618652344,Sat
25.689750000000004,11.37551212310791,25.68975,97.0781021118164,26.59975,12.602152824401855,25.689750000000004,84.5716552734375,25.689750000000004,88.04627990722656,Sat
25.69975,11.330371856689451,25.69975,97.11083221435548,26.609750000000005,12.589712142944336,25.69975,84.40840148925781,25.69975,88.26820373535156,Sat
25.70975,11.28703784942627,25.70975,97.13023376464844,26.619750000000003,12.579418182373049,25.70975,84.24937438964844,25.70975000000001,88.49183654785156,Sat
25.719750000000005,11.258657455444336,25.71975,97.14633178710938,26.62975,12.57623291015625,25.71975,84.13703155517578,25.719750000000005,88.69224548339844,Sat
25.729750000000003,11.239657402038574,25.729750000000003,97.1556396484375,26.63975,12.576725006103516,25.729750000000003,84.05480194091797,25.729750000000003,88.85132598876953,Sat
25.73975,11.22850227355957,25.739750000000004,97.15433502197266,26.649750000000004,12.575421333312988,25.73975,83.98599243164062,25.73975,88.96597290039062,Sat
25.749750000000006,11.234509468078612,25.749750000000002,97.1540298461914,26.659750000000003,12.577610969543455,25.749750000000002,83.93206024169922,25.749750000000006,89.05648040771484,Sat
25.759750000000004,11.245049476623535,25.75975,97.16590881347656,26.66975,12.582310676574709,25.759750000000004,83.8943862915039,25.759750000000004,89.12654876708984,Sat
25.769750000000002,11.249731063842772,25.769750000000002,97.1668930053711,26.679750000000006,12.587475776672363,25.769750000000002,83.86700439453125,25.769750000000002,89.19026947021484,Sat
25.77975,11.241456031799316,25.77975,97.17386627197266,26.689750000000004,12.56862735748291,25.77975,83.84371185302734,25.77975000000001,89.26993560791016,Sat
25.789750000000005,11.214363098144531,25.78975,97.1834716796875,26.69975,12.541093826293944,25.78975,83.82341766357422,25.789750000000005,89.37415313720703,Sat
25.79975,11.17226505279541,25.79975,97.18751525878906,26.70975,12.529242515563965,25.79975,83.801513671875,25.79975,89.4942398071289,Sat
25.80975,11.13118839263916,25.809750000000005,97.19210815429688,26.719750000000005,12.528047561645508,25.80975,83.77871704101562,25.80975,89.60847473144531,Sat
25.819750000000006,11.1024169921875,25.819750000000003,97.19629669189452,26.729750000000003,12.516616821289062,25.819750000000003,83.74797058105469,25.819750000000006,89.71022033691406,Sat
25.829750000000004,11.089594841003418,25.82975,97.20394134521484,26.73975,12.51749324798584,25.829750000000004,83.71931457519531,25.829750000000004,89.79429626464844,Sat
25.839750000000002,11.088318824768066,25.839750000000002,97.21022033691406,26.749750000000006,12.526537895202637,25.839750000000002,83.6963119506836,25.839750000000002,89.85258483886719,Sat
25.84975,11.086504936218262,25.849750000000004,97.21390533447266,26.759750000000004,12.527188301086426,25.84975,83.6826400756836,25.849750000000007,89.88604736328125,Sat
25.859750000000005,11.072786331176758,25.859750000000002,97.21443176269533,26.769750000000002,12.521977424621582,25.859750000000002,83.67507934570312,25.859750000000005,89.91240692138672,Sat
25.86975,11.039713859558104,25.86975,97.21240234375,26.77975,12.516209602355955,25.86975,83.66802978515625,25.86975,89.96876525878906,Sat
25.87975,10.995331764221191,25.87975,97.2155303955078,26.789750000000005,12.511799812316896,25.87975,83.6635971069336,25.87975,90.0319595336914,Sat
25.88975,10.958205223083496,25.88975,97.21923065185548,26.799750000000003,12.503514289855955,25.88975,83.66570281982422,25.889750000000006,90.05718231201172,Sat
25.899750000000004,10.93736743927002,25.89975,97.2278823852539,26.80975,12.501325607299805,25.89975,83.66976165771484,25.899750000000004,90.07728576660156,Sat
25.909750000000003,10.92011547088623,25.909750000000003,97.23709106445312,26.81975,12.491908073425291,25.909750000000003,83.6734390258789,25.909750000000003,90.0822296142578,Sat
25.91975,10.903008460998535,25.919750000000004,97.26071166992188,26.829750000000004,12.48699951171875,25.91975,83.67852783203125,25.919750000000008,90.0748062133789,Sat
25.929750000000006,10.881892204284668,25.929750000000002,97.27626037597656,26.839750000000002,12.476866722106934,25.929750000000002,83.68484497070312,25.929750000000006,90.06964874267578,Sat
25.939750000000004,10.855323791503906,25.93975,97.2837905883789,26.84975,12.447596549987791,25.939750000000004,83.69145202636719,25.939750000000004,90.07088470458984,Sat
25.94975,10.864995956420898,25.94975,97.29376983642578,26.859750000000005,12.417218208312988,25.94975,83.69620513916016,25.94975,90.07896423339844,Sat
25.95975,10.883049964904783,25.95975,97.30223083496094,26.869750000000003,12.41403865814209,25.95975,83.69806671142578,25.95975000000001,90.09970092773438,Sat
25.969750000000005,10.888032913208008,25.96975,97.30894470214844,26.87975,12.4234037399292,25.96975,83.69672393798828,25.969750000000005,90.1282730102539,Sat
25.979750000000003,10.87814235687256,25.979750000000003,97.30770874023438,26.88975,12.433897018432615,25.979750000000003,83.69342803955078,25.979750000000003,90.16819763183594,Sat
25.98975,10.86845588684082,25.989750000000004,97.30289459228516,26.899750000000004,12.436387062072754,25.98975,83.68909454345703,25.98975,90.2009506225586,Sat
25.999750000000006,10.86626434326172,25.999750000000002,97.30281829833984,26.909750000000003,12.45612335205078,25.999750000000002,83.68391418457031,25.999750000000006,90.2197723388672,Sat
26.009750000000004,10.866169929504396,26.00975,97.30796813964844,26.91975,12.45508098602295,26.009750000000004,83.68579864501953,26.009750000000004,90.21916198730467,Sat
26.019750000000002,10.86061191558838,26.019750000000002,97.34098815917967,26.929750000000006,12.433629035949709,26.019750000000002,83.69027709960938,26.019750000000002,90.20226287841795,Sat
26.02975,10.837335586547852,26.02975,97.37285614013672,26.939750000000004,12.42789363861084,26.02975,83.70162200927734,26.02975000000001,90.1754379272461,Sat
26.039750000000005,10.813706398010254,26.03975,97.39342498779295,26.94975,12.433759689331056,26.03975,83.71330261230469,26.039750000000005,90.15121459960938,Sat
26.04975,10.7953462600708,26.04975,97.40950775146484,26.95975,12.450946807861328,26.04975,83.72374725341797,26.04975,90.13504028320312,Sat
26.05975,10.778878211975098,26.059750000000005,97.4230499267578,26.969750000000005,12.468679428100586,26.05975,83.7314682006836,26.05975,90.13430786132812,Sat
26.069750000000006,10.757951736450195,26.069750000000003,97.43511199951172,26.979750000000003,12.469533920288086,26.069750000000003,83.73748779296875,26.069750000000006,90.15323638916016,Sat
26.079750000000004,10.74331283569336,26.07975,97.44499206542967,26.98975,12.49462890625,26.079750000000004,83.7403793334961,26.079750000000004,90.19601440429688,Sat
26.089750000000002,10.733445167541504,26.089750000000002,97.4524154663086,26.999750000000006,12.562305450439451,26.089750000000002,83.74073028564453,26.089750000000002,90.25993347167967,Sat
26.09975,10.724623680114746,26.099750000000004,97.46047973632812,27.009750000000004,12.67324161529541,26.09975,83.73904418945312,26.099750000000007,90.32151794433594,Sat
26.109750000000005,10.72119426727295,26.109750000000002,97.46998596191406,27.019750000000002,12.806550979614258,26.109750000000002,83.74080657958984,26.109750000000005,90.35913848876952,Sat
26.11975,10.723514556884766,26.11975,97.48036193847656,27.02975,12.90279483795166,26.11975,83.74264526367188,26.11975,90.3700180053711,Sat
26.12975,10.73382568359375,26.12975,97.4953155517578,27.039750000000005,12.980668067932127,26.12975,83.7461929321289,26.12975,90.35896301269533,Sat
26.13975,10.737626075744627,26.13975,97.5119857788086,27.049750000000003,13.008737564086914,26.13975,83.7498779296875,26.139750000000006,90.32562255859376,Sat
26.149750000000004,10.739452362060549,26.14975,97.52515411376952,27.05975,13.00999927520752,26.14975,83.75350952148438,26.149750000000004,90.28192138671876,Sat
26.159750000000003,10.736953735351562,26.159750000000003,97.53372955322266,27.069750000000006,12.990636825561523,26.159750000000003,83.75471496582031,26.159750000000003,90.2378387451172,Sat
26.16975,10.72519874572754,26.169750000000004,97.5419464111328,27.079750000000004,12.91982078552246,26.16975,83.75627899169922,26.169750000000008,90.2015380859375,Sat
26.179750000000006,10.710817337036133,26.179750000000002,97.5476303100586,27.089750000000002,12.826324462890623,26.179750000000002,83.75765991210938,26.179750000000006,90.17179870605467,Sat
26.189750000000004,10.697524070739746,26.18975,97.55267333984376,27.09975,12.707439422607422,26.189750000000004,83.76008605957031,26.189750000000004,90.1441421508789,Sat
26.19975,10.682726860046388,26.19975,97.55723571777344,27.109750000000005,12.629231452941896,26.19975,83.75933074951172,26.19975,90.11615753173828,Sat
26.20975,10.673491477966309,26.20975,97.5625228881836,27.119750000000003,12.570097923278809,26.20975,83.75354766845703,26.20975000000001,90.08879852294922,Sat
26.219750000000005,10.666956901550291,26.21975,97.56719207763672,27.12975,12.533763885498049,26.21975,83.7565689086914,26.219750000000005,90.0598373413086,Sat
26.229750000000003,10.65769386291504,26.229750000000003,97.572021484375,27.13975,12.53317642211914,26.229750000000003,83.76026153564453,26.229750000000003,90.03272247314453,Sat
26.23975,10.655366897583008,26.239750000000004,97.57750701904295,27.149750000000004,12.511900901794434,26.23975,83.7648696899414,26.23975,90.0066909790039,Sat
26.249750000000006,10.65587043762207,26.249750000000002,97.58171081542967,27.159750000000003,12.529000282287598,26.249750000000002,83.76885223388672,26.249750000000006,89.98379516601562,Sat
26.259750000000004,10.652056694030762,26.25975,97.58349609375,27.16975,12.537399291992188,26.259750000000004,83.77040100097656,26.259750000000004,89.96986389160156,Sat
26.269750000000002,10.642829895019531,26.269750000000002,97.5873031616211,27.179750000000006,12.58029079437256,26.269750000000002,83.7715835571289,26.269750000000002,89.97151184082031,Sat
26.27975,10.630956649780272,26.27975,97.59396362304688,27.189750000000004,12.67856216430664,26.27975,83.77379608154297,26.27975000000001,89.97208404541016,Sat
26.289750000000005,10.612106323242188,26.28975,97.59904479980467,27.19975,12.763995170593262,26.28975,83.77532958984375,26.289750000000005,89.95722961425781,Standing up
26.29975,10.594757080078123,26.29975,97.60450744628906,27.20975,12.876800537109377,26.29975,83.77857971191406,26.29975,89.935546875,Standing up
26.30975,10.589802742004396,26.30975,97.61074829101562,27.219750000000005,13.013163566589355,26.30975,83.78231048583984,26.30975,89.9046859741211,Standing up
26.319750000000006,10.589314460754396,26.319750000000006,97.61759948730467,27.229750000000003,13.162677764892578,26.31975,83.78333282470703,26.319750000000006,89.8673324584961,Standing up
26.329750000000004,10.59069538116455,26.329750000000004,97.6232681274414,27.23975,13.296825408935549,26.329750000000004,83.78575897216797,26.329750000000004,89.82865905761719,Standing up
26.339750000000002,10.597829818725586,26.339750000000002,97.62918090820312,27.249750000000006,13.428009033203123,26.339750000000002,83.78489685058594,26.339750000000002,89.79444885253906,Standing up
26.34975,10.604788780212402,26.349750000000007,97.6354522705078,27.259750000000004,13.528664588928224,26.34975,83.78375244140625,26.349750000000007,89.76762390136719,Standing up
26.359750000000005,10.606870651245115,26.35975,97.64532470703124,27.269750000000002,13.632939338684082,26.35975,83.78321075439453,26.359750000000005,89.748291015625,Standing up
26.369750000000003,10.60191249847412,26.369750000000003,97.65638732910156,27.27975,13.71189308166504,26.369750000000003,83.78409576416016,26.369750000000003,89.73124694824219,Standing up
26.37975,10.59042739868164,26.379749999999994,97.6579360961914,27.289750000000005,13.794007301330566,26.37975,83.7828140258789,26.37975,89.71524047851562,Standing up
26.38975,10.581344604492188,26.38975,97.6592254638672,27.299750000000003,13.932929039001465,26.38975,83.78184509277344,26.389750000000006,89.70111846923828,Standing up
26.399750000000004,10.571922302246094,26.399750000000004,97.67057037353516,27.30975,14.134328842163086,26.399750000000004,83.78239440917969,26.399750000000004,89.68932342529297,Standing up
26.409750000000003,10.567811965942385,26.409749999999995,97.6837158203125,27.319750000000006,14.383091926574709,26.409750000000003,83.78243255615234,26.409750000000003,89.67805480957031,Standing up
26.41975,10.571043968200684,26.41975,97.69285583496094,27.329750000000004,14.627814292907717,26.41975,83.77897644042969,26.419750000000008,89.66697692871094,Standing up
26.429750000000006,10.576801300048828,26.429750000000006,97.69635772705078,27.339750000000002,14.873026847839355,26.42975,83.774658203125,26.429750000000006,89.6614761352539,Standing up
26.439750000000004,10.588729858398438,26.439749999999997,97.69818878173828,27.34975,15.125099182128906,26.439750000000004,83.7734375,26.439750000000004,89.66688537597656,Standing up
26.44975,10.602993965148926,26.44975,97.69903564453124,27.359750000000005,15.32997989654541,26.44975,83.77239227294922,26.44975,89.65901947021484,Standing up
26.45975,10.610586166381836,26.459750000000007,97.70003509521484,27.369750000000003,15.54742431640625,26.45975,83.76937866210938,26.459750000000007,89.64891052246094,Standing up
26.469750000000005,10.618895530700684,26.469749999999998,97.70278930664062,27.37975,15.890527725219728,26.469749999999998,83.76583862304688,26.469750000000005,89.64204406738281,Standing up
26.479750000000003,10.634925842285156,26.479750000000003,97.70564270019533,27.38975,16.38529396057129,26.479750000000003,83.76251220703125,26.479750000000003,89.63186645507812,Standing up
26.48975,10.650196075439451,26.489750000000008,97.70755767822266,27.399750000000004,17.034137725830078,26.48975,83.76089477539062,26.48975,89.62031555175781,Standing up
26.499750000000006,10.655054092407228,26.49975,97.70608520507812,27.409750000000003,17.693117141723633,26.49975,83.76051330566406,26.499750000000006,89.60704040527344,Standing up
26.509750000000004,10.649279594421388,26.509750000000004,97.71495819091795,27.41975,18.332857131958008,26.509750000000004,83.76091766357422,26.509750000000004,89.58800506591797,Standing up
26.519750000000002,10.632123947143556,26.519749999999995,97.72486114501952,27.429750000000006,18.93240165710449,26.519750000000002,83.75814056396484,26.519750000000002,89.57123565673828,Standing up
26.52975,10.610687255859377,26.52975,97.72396087646484,27.439750000000004,19.478883743286133,26.52975,83.75782012939453,26.529750000000007,89.55757141113281,Standing up
26.539750000000005,10.598684310913086,26.539750000000005,97.71980285644533,27.44975,19.985620498657227,26.539749999999998,83.75798797607422,26.539750000000005,89.55133056640625,Standing up
26.549750000000003,10.584593772888184,26.549749999999996,97.71717834472656,27.45975,20.51577949523925,26.549750000000003,83.7566146850586,26.549750000000003,89.55028533935547,Standing up
26.55975,10.571182250976562,26.55975,97.71990203857422,27.469750000000005,21.06105613708496,26.55975,83.7546157836914,26.55975,89.54684448242188,Standing up
26.569750000000006,10.56355094909668,26.569750000000006,97.7162094116211,27.479750000000003,21.54276657104492,26.56975,83.75484466552734,26.569750000000006,89.53746032714844,Standing up
26.579750000000004,10.565214157104492,26.579750000000004,97.70831298828124,27.48975,21.989059448242188,26.579750000000004,83.75399780273438,26.579750000000004,89.52763366699219,Standing up
26.589750000000002,10.57917308807373,26.589750000000002,97.7021026611328,27.499750000000006,22.49443817138672,26.589750000000002,83.75354766845703,26.589750000000002,89.51708221435547,Standing up
26.59975,10.593024253845217,26.599750000000007,97.6962661743164,27.509750000000004,23.044723510742188,26.59975,83.75640869140625,26.599750000000007,89.51744079589844,Standing up
26.609750000000005,10.604303359985352,26.60975,97.68480682373048,27.519750000000002,23.62401580810547,26.60975,83.7559585571289,26.609750000000005,89.51636505126953,Standing up
26.619750000000003,10.61713695526123,26.619750000000003,97.66901397705078,27.52975,24.186243057250977,26.619750000000003,83.75399780273438,26.619750000000003,89.52050018310547,Standing up
26.62975,10.631860733032228,26.629749999999994,97.65544891357422,27.539750000000005,24.728492736816406,26.62975,83.75004577636719,26.62975,89.5357666015625,Standing up
26.63975,10.646119117736816,26.63975,97.65250396728516,27.549750000000003,25.24343490600586,26.63975,83.746337890625,26.639750000000006,89.5577392578125,Standing up
26.649750000000004,10.666986465454102,26.649750000000004,97.65037536621094,27.55975,25.721342086791992,26.649750000000004,83.74226379394531,26.649750000000004,89.56621551513672,Standing up
26.659750000000003,10.693005561828612,26.659749999999995,97.64423370361328,27.569750000000006,26.17119598388672,26.659750000000003,83.73751831054688,26.659750000000003,89.5710220336914,Standing up
26.66975,10.726000785827637,26.66975,97.63343048095705,27.579750000000004,26.62761306762696,26.66975,83.73280334472656,26.669750000000008,89.57300567626953,Standing up
26.679750000000006,10.766029357910156,26.679750000000006,97.61890411376952,27.589750000000002,27.123186111450195,26.67975,83.7319564819336,26.679750000000006,89.57391357421875,Standing up
26.689750000000004,10.803343772888184,26.689749999999997,97.60518646240234,27.59975,27.62559509277344,26.689750000000004,83.73040008544922,26.689750000000004,89.56937408447266,Standing up
26.69975,10.828506469726562,26.69975,97.5971450805664,27.609750000000005,28.30557441711425,26.69975,83.72798919677734,26.69975,89.56166076660156,Standing up
26.70975,10.850077629089355,26.709750000000007,97.59976196289062,27.619750000000003,29.13056755065918,26.70975,83.7258071899414,26.709750000000007,89.56087493896484,Standing up
26.719750000000005,10.86913776397705,26.719749999999998,97.60665893554688,27.62975,29.957788467407227,26.719749999999998,83.72496795654297,26.719750000000005,89.55918884277344,Standing up
26.729750000000003,10.88906192779541,26.729750000000003,97.60326385498048,27.63975,30.94063186645508,26.729750000000003,83.72474670410156,26.729750000000003,89.56290435791016,Standing up
26.73975,10.91000270843506,26.739750000000008,97.59024810791016,27.649750000000004,31.79932975769043,26.73975,83.72272491455078,26.73975,89.56243133544922,Standing up
26.749750000000006,10.936819076538086,26.74975,97.57123565673828,27.659750000000003,32.60295104980469,26.74975,83.7158203125,26.749750000000006,89.56427001953125,Standing up
26.759750000000004,10.965384483337402,26.759750000000004,97.55065155029295,27.66975,33.37087631225586,26.759750000000004,83.703857421875,26.759750000000004,89.57731628417969,Standing up
26.769750000000002,10.995006561279297,26.769749999999995,97.53174591064452,27.679750000000006,34.1213264465332,26.769750000000002,83.69109344482422,26.769750000000002,89.57707977294922,Standing up
26.77975,11.027019500732422,26.77975,97.51709747314452,27.689750000000004,34.850528717041016,26.77975,83.67719268798828,26.779750000000007,89.57440185546875,Standing up
26.789750000000005,11.055054664611816,26.789750000000005,97.49658203125,27.69975,35.6225471496582,26.789749999999998,83.66376495361328,26.789750000000005,89.56851959228516,Standing up
26.799750000000003,11.078070640563965,26.799749999999996,97.47779846191406,27.70975,36.4576416015625,26.799750000000003,83.65232849121094,26.799750000000003,89.5578842163086,Standing up
26.80975,11.100915908813477,26.80975,97.4665756225586,27.719750000000005,37.378517150878906,26.80975,83.63904571533203,26.80975,89.5362548828125,Standing up
26.819750000000006,11.128826141357422,26.819750000000006,97.46051025390624,27.729750000000003,38.38154220581055,26.81975,83.62644958496094,26.819750000000006,89.50617218017578,Standing up
26.829750000000004,11.16065788269043,26.829750000000004,97.4625015258789,27.73975,39.415138244628906,26.829750000000004,83.61539459228516,26.829750000000004,89.47083282470703,Standing up
26.839750000000002,11.193229675292969,26.839750000000002,97.46174621582033,27.749750000000006,40.444942474365234,26.839750000000002,83.60174560546875,26.839750000000002,89.42731475830078,Standing up
26.84975,11.22111988067627,26.849750000000007,97.45441436767578,27.759750000000004,41.43447113037109,26.84975,83.58899688720703,26.849750000000007,89.37252807617188,Standing up
26.859750000000005,11.250483512878418,26.85975,97.436767578125,27.769750000000002,42.39996337890625,26.85975,83.57420349121094,26.859750000000005,89.30797576904297,Standing up
26.869750000000003,11.282100677490234,26.869750000000003,97.4140167236328,27.77975,43.36920166015625,26.869750000000003,83.54802703857422,26.869750000000003,89.23735809326172,Standing up
26.87975,11.31325912475586,26.87975000000001,97.39258575439452,27.789750000000005,44.34165954589844,26.87975,83.51667022705078,26.87975,89.15902709960938,Standing up
26.889750000000006,11.333426475524902,26.88975,97.3798370361328,27.799750000000003,45.31746292114258,26.88975,83.48095703125,26.889750000000006,89.07765197753906,Standing up
26.899750000000004,11.34369659423828,26.899750000000004,97.36904907226562,27.80975,46.27025985717773,26.899750000000004,83.44112396240234,26.899750000000004,88.98515319824219,Standing up
26.909750000000003,11.349288940429688,26.909749999999995,97.34964752197266,27.819750000000006,47.19508361816406,26.909750000000003,83.39776611328125,26.909750000000003,88.8787841796875,Standing up
26.91975,11.349607467651367,26.91975,97.3276596069336,27.829750000000004,48.03997421264648,26.91975,83.35050964355469,26.919750000000008,88.76162719726562,Standing up
26.929750000000006,11.37573528289795,26.929750000000006,97.29605102539062,27.839750000000002,49.170536041259766,26.92975,83.29519653320312,26.929750000000006,88.6336898803711,Standing up
26.939750000000004,11.377105712890623,26.939749999999997,97.26862335205078,27.84975,50.377384185791016,26.939750000000004,83.2304458618164,26.939750000000004,88.49838256835938,Standing up
26.94975,11.376346588134766,26.94975,97.23997497558594,27.859750000000005,51.3305778503418,26.94975,83.15193939208984,26.94975,88.35092163085938,Standing up
26.95975,11.378743171691896,26.959750000000007,97.21074676513672,27.869750000000003,52.07954025268555,26.95975,83.06143951416016,26.959750000000007,88.18318939208984,Standing up
26.969750000000005,11.390043258666992,26.969749999999998,97.1867904663086,27.87975,53.103641510009766,26.969749999999998,82.96052551269531,26.969750000000005,87.99723052978516,Standing up
26.979750000000003,11.399334907531738,26.979750000000003,97.1787338256836,27.88975,54.013671875,26.979750000000003,82.86698913574219,26.979750000000003,87.79104614257812,Standing up
26.98975,11.401776313781738,26.989750000000008,97.18183135986328,27.899750000000004,55.0466423034668,26.98975,82.77381134033203,26.98975,87.56855010986328,Standing up
26.999750000000006,11.39220142364502,26.99975,97.19698333740234,27.909750000000003,55.95490264892578,26.99975,82.68873596191406,26.999750000000006,87.34053039550781,Standing up
27.009750000000004,11.356558799743652,27.009750000000004,97.22804260253906,27.91975,56.76021957397461,27.009750000000004,82.61608123779297,27.009750000000004,87.1052474975586,Standing up
27.019750000000002,11.314906120300291,27.019749999999995,97.2914047241211,27.929750000000006,57.63301086425781,27.019750000000002,82.54779052734375,27.019750000000002,86.86605834960938,Standing up
27.02975,11.27648639678955,27.02975,97.38227081298828,27.939750000000004,58.49256134033203,27.02975,82.49052429199219,27.029750000000007,86.62670135498047,Standing up
27.039750000000005,11.24503231048584,27.039750000000005,97.49461364746094,27.94975,59.26426315307617,27.039749999999998,82.43440246582031,27.039750000000005,86.37828063964844,Standing up
27.049750000000003,11.222875595092772,27.049749999999996,97.62458038330078,27.95975,60.03201675415039,27.049750000000003,82.38264465332031,27.049750000000003,86.11251068115234,Standing up
27.05975,11.21763038635254,27.05975,97.7554702758789,27.969750000000005,60.77410507202149,27.05975,82.32743835449219,27.05975,85.82164764404297,Standing up
27.069750000000006,11.21807861328125,27.069750000000006,97.86907196044922,27.979750000000003,61.50727081298828,27.06975,82.276611328125,27.069750000000006,85.507568359375,Standing up
27.079750000000004,11.227907180786133,27.079750000000004,97.97809600830078,27.98975,62.37575149536133,27.079750000000004,82.21453094482422,27.079750000000004,85.1645278930664,Standing up
27.089750000000002,11.249932289123535,27.089750000000002,98.08786010742188,27.999750000000006,63.47713851928711,27.089750000000002,82.15591430664062,27.089750000000002,84.79158782958984,Standing up
27.09975,11.287939071655272,27.099750000000007,98.20510864257812,28.009750000000004,64.13009643554688,27.09975,82.10676574707031,27.099750000000007,84.39279174804688,Standing up
27.109750000000005,11.350021362304688,27.10975,98.33163452148438,28.019750000000002,64.63729858398438,27.10975,82.066162109375,27.109750000000005,83.95613861083984,Standing up
27.119750000000003,11.429303169250488,27.119750000000003,98.46039581298828,28.02975,65.145751953125,27.119750000000003,82.04247283935547,27.119750000000003,83.49067687988281,Standing up
27.12975,11.518057823181152,27.12975000000001,98.58004760742188,28.039750000000005,65.65430450439453,27.12975,82.03158569335938,27.12975,82.99717712402344,Standing up
27.139750000000006,11.612298011779783,27.13975,98.67206573486328,28.049750000000003,66.11186981201172,27.13975,82.03966522216797,27.139750000000006,82.47596740722656,Standing up
27.149750000000004,11.716119766235352,27.149750000000004,98.7307357788086,28.05975,66.53565216064453,27.149750000000004,82.06177520751953,27.149750000000004,81.93030548095703,Standing up
27.159750000000003,11.830374717712402,27.159749999999995,98.76204681396484,28.069750000000006,66.98080444335938,27.159750000000003,82.10083770751953,27.159750000000003,81.34191131591797,Standing up
27.16975,11.936004638671877,27.16975,98.77447509765624,28.079750000000004,67.56529998779297,27.16975,82.16423034667969,27.169750000000008,80.71412658691406,Standing up
27.179750000000006,12.029338836669922,27.179750000000006,98.76895904541016,28.089750000000002,68.21839141845703,27.17975,82.2450180053711,27.179750000000006,80.03936767578125,Standing up
27.189750000000004,12.099405288696287,27.189749999999997,98.75481414794922,28.09975,68.80548095703125,27.189750000000004,82.35240936279297,27.189750000000004,79.32970428466797,Standing up
27.19975,12.141997337341309,27.19975,98.7620086669922,28.109750000000005,69.25444793701172,27.19975,82.51717376708984,27.19975,78.60088348388672,Standing up
27.20975,12.170065879821776,27.209750000000007,98.7881088256836,28.119750000000003,69.70246124267578,27.20975,82.69564819335938,27.209750000000007,77.87712860107422,Standing up
27.219750000000005,12.201126098632812,27.219749999999998,98.82847595214844,28.12975,70.0032958984375,27.219749999999998,82.90595245361328,27.219750000000005,77.1656723022461,Standing up
27.229750000000003,12.244866371154783,27.229750000000003,98.87464141845705,28.13975,70.27693176269531,27.229750000000003,83.1385726928711,27.229750000000003,76.46318054199219,Standing up
27.23975,12.313949584960938,27.239750000000008,98.91822052001952,28.149750000000004,70.8033676147461,27.23975,83.39246368408203,27.239750000000008,75.77572631835938,Standing up
27.249750000000006,12.397605895996094,27.24975,98.9620590209961,28.159750000000003,71.50151062011719,27.24975,83.6678237915039,27.249750000000006,75.10921478271484,Standing up
27.259750000000004,12.485034942626951,27.259750000000004,99.0186538696289,28.16975,72.96601867675781,27.259750000000004,83.91385650634766,27.259750000000004,74.48802947998047,Standing up
27.269750000000002,12.566984176635742,27.269749999999995,99.113037109375,28.179750000000006,73.54615783691406,27.269750000000002,84.1779556274414,27.269750000000002,73.8497085571289,Standing up
27.27975,12.627452850341797,27.27975,99.25853729248048,28.189750000000004,73.7258529663086,27.27975,84.46668243408203,27.279750000000007,73.2186508178711,Standing up
27.289750000000005,12.656445503234863,27.289750000000005,99.45573425292967,28.19975,74.86304473876953,27.289749999999998,84.76607513427734,27.289750000000005,72.63235473632812,Standing up
27.299750000000003,12.67982578277588,27.299749999999996,99.66595458984376,28.20975,75.91445922851562,27.299750000000003,85.05615997314453,27.299750000000003,72.00294494628906,Standing up
27.30975,12.724457740783691,27.30975,99.88284301757812,28.219750000000005,76.65983581542969,27.30975,85.31614685058594,27.30975,71.32132720947266,Standing up
27.319750000000006,12.820189476013184,27.319750000000006,100.09413146972656,28.229750000000003,78.49744415283203,27.31975,85.56063079833984,27.319750000000006,70.64230346679688,Standing up
27.329750000000004,12.97290325164795,27.329750000000004,100.32095336914062,28.23975,79.76504516601562,27.329750000000004,85.7959213256836,27.329750000000004,69.96599578857422,Standing up
27.339750000000002,13.168378829956056,27.339750000000002,100.55640411376952,28.249750000000006,80.21680450439453,27.339750000000002,86.03693389892578,27.339750000000002,69.29130554199219,Standing up
27.34975,13.417228698730469,27.349750000000007,100.81420135498048,28.259750000000004,80.55903625488281,27.34975,86.28672790527344,27.349750000000007,68.62879943847656,Standing up
27.359750000000005,13.805901527404783,27.35975,101.09562683105467,28.269750000000002,80.98280334472656,27.35975,86.52515411376953,27.359750000000005,67.92485809326172,Standing up
27.369750000000003,14.321916580200195,27.369750000000003,101.40583038330078,28.27975,81.42839813232422,27.369750000000003,86.72786712646484,27.369750000000003,67.21426391601562,Standing up
27.37975,14.78756046295166,27.37975000000001,101.73621368408205,28.289750000000005,81.81700897216797,27.37975,86.84819030761719,27.37975,66.51705932617188,Standing up
27.389750000000006,15.2246732711792,27.38975,102.09478759765624,28.299750000000003,82.16814422607422,27.38975,86.87042999267578,27.389750000000006,65.839111328125,Standing up
27.399750000000004,15.684976577758787,27.399750000000004,102.46255493164062,28.30975,82.5362319946289,27.399750000000004,86.79354858398438,27.399750000000004,65.1351089477539,Standing up
27.409750000000003,16.1696834564209,27.409749999999995,102.84595489501952,28.319750000000006,82.90690612792969,27.409750000000003,86.66738891601562,27.409750000000003,64.3486557006836,Standing up
27.41975,16.72385597229004,27.41975,103.22673797607422,28.329750000000004,83.27806854248047,27.41975,86.51337432861328,27.419750000000008,63.50284194946289,Standing up
27.429750000000006,17.329917907714844,27.429750000000006,103.6010513305664,28.339750000000002,83.66374969482422,27.42975,86.33085632324219,27.429750000000006,62.58967208862305,Standing up
27.439750000000004,17.904720306396484,27.439749999999997,103.9645767211914,28.34975,84.05004119873047,27.439750000000004,86.13775634765625,27.439750000000004,61.642051696777344,Standing up
27.44975,18.445161819458008,27.44975,104.3274154663086,28.359750000000005,84.46868133544922,27.44975,85.97044372558594,27.44975,60.69923782348633,Standing up
27.45975,18.987661361694336,27.459750000000007,104.68561553955078,28.369750000000003,84.87047576904297,27.45975,85.81320190429688,27.459750000000007,59.77361297607422,Stood
27.469750000000005,19.529693603515625,27.469749999999998,105.03483581542967,28.37975,85.21903228759766,27.469749999999998,85.6451416015625,27.469750000000005,58.875614166259766,Stood
27.479750000000003,20.07482147216797,27.479750000000003,105.38646697998048,28.38975,85.55809020996094,27.479750000000003,85.48890686035156,27.479750000000003,58.07965850830078,Stood
27.48975,20.63887023925781,27.489750000000008,105.72418975830078,28.399750000000004,85.8607177734375,27.48975,85.3396224975586,27.489750000000008,57.44011688232422,Stood
27.499750000000006,21.241920471191406,27.49975,106.05437469482422,28.409750000000003,86.21145629882812,27.49975,85.1849365234375,27.499750000000006,56.99406051635742,Stood
27.509750000000004,21.858606338500977,27.509750000000004,106.39311981201172,28.41975,86.54267883300781,27.509750000000004,85.02638244628906,27.509750000000004,56.77840805053711,Stood
27.519750000000002,22.465030670166016,27.519749999999995,106.7233428955078,28.429750000000006,86.86996459960938,27.519750000000002,84.86589050292969,27.519750000000002,56.682464599609375,Stood
27.52975,23.072668075561523,27.52975,107.02920532226562,28.439750000000004,87.14591217041016,27.52975,84.688720703125,27.529750000000007,56.65616226196289,Stood
27.539750000000005,23.68916130065918,27.539750000000005,107.31319427490234,28.44975,87.50797271728516,27.539749999999998,84.51102447509766,27.539750000000005,56.64882659912109,Stood
27.549750000000003,24.324840545654297,27.549749999999996,107.56543731689452,28.45975,87.92118835449219,27.549750000000003,84.35478210449219,27.549750000000003,56.61685180664063,Stood
27.55975,24.974008560180664,27.55975,107.81456756591795,28.469750000000005,88.24930572509766,27.55975,84.21223449707031,27.55975,56.49318313598633,Stood
27.569750000000006,25.65882110595703,27.569750000000006,108.04688262939452,28.479750000000003,88.56671142578125,27.56975,84.08756256103516,27.569750000000006,56.280120849609375,Stood
27.579750000000004,26.399694442749023,27.579750000000004,108.26184844970705,28.48975,88.90718841552734,27.579750000000004,83.99681854248047,27.579750000000004,55.92659378051758,Stood
27.589750000000002,27.23405647277832,27.589750000000002,108.46630096435548,28.499750000000006,89.24671936035156,27.589750000000002,83.9130859375,27.589750000000002,55.454708099365234,Stood
27.59975,28.137147903442383,27.599750000000007,108.6436996459961,28.509750000000004,89.56488800048828,27.59975,83.84362030029297,27.599750000000007,54.94612884521485,Stood
27.609750000000005,29.056835174560547,27.60975,108.80519104003906,28.519750000000002,89.87293243408203,27.60975,83.78214263916016,27.609750000000005,54.49563980102539,Stood
27.619750000000003,29.946224212646484,27.619750000000003,108.93852996826172,28.52975,90.14470672607422,27.619750000000003,83.72096252441406,27.619750000000003,54.13805770874024,Stood
27.62975,30.7950439453125,27.62975000000001,109.05021667480467,28.539750000000005,90.4071273803711,27.62975,83.65897369384766,27.62975,53.77157974243164,Stood
27.639750000000006,31.62762260437012,27.63975,109.1527099609375,28.549750000000003,90.64446258544922,27.63975,83.59982299804688,27.639750000000006,53.46160888671875,Stood
27.649750000000004,32.454803466796875,27.649750000000004,109.24543762207033,28.55975,90.91634368896484,27.649750000000004,83.54894256591797,27.649750000000004,53.23592758178711,Stood
27.659750000000003,33.28105926513672,27.659749999999995,109.32250213623048,28.569750000000006,91.12772369384766,27.659750000000003,83.49612426757812,27.659750000000003,53.12558364868164,Stood
27.66975,34.1392822265625,27.66975,109.39932250976562,28.579750000000004,91.30884552001952,27.66975,83.45259857177734,27.669750000000008,53.07954025268555,Stood
27.679750000000006,35.04030227661133,27.679750000000006,109.44562530517578,28.589750000000002,91.44652557373048,27.67975,83.41729736328125,27.679750000000006,53.08651351928711,Stood
27.689750000000004,35.9755859375,27.689749999999997,109.4918975830078,28.59975,91.58454895019533,27.689750000000004,83.38927459716797,27.689750000000004,53.12852096557617,Stood
27.69975,36.94856643676758,27.69975,109.53482055664062,28.609750000000005,91.70488739013672,27.69975,83.36711120605469,27.69975,53.184349060058594,Stood
27.70975,37.935325622558594,27.709750000000007,109.51609802246094,28.619750000000003,91.81023406982422,27.70975,83.35487365722656,27.709750000000007,53.26193237304688,Stood
27.719750000000005,38.91667556762695,27.719749999999998,109.42678833007812,28.62975,91.88379669189452,27.719749999999998,83.35542297363281,27.719750000000005,53.34907150268555,Stood
27.729750000000003,39.90058517456055,27.729750000000003,109.29361724853516,28.63975,91.93133544921876,27.729750000000003,83.36454772949219,27.729750000000003,53.43882369995117,Stood
27.73975,40.89046478271485,27.739750000000008,109.14110565185548,28.649750000000004,91.96261596679688,27.73975,83.3741455078125,27.739750000000008,53.53122329711914,Stood
27.749750000000006,41.8824462890625,27.74975,109.0275650024414,28.659750000000003,91.97086334228516,27.74975,83.38874053955078,27.749750000000006,53.6250114440918,Stood
27.759750000000004,42.87665557861328,27.759750000000004,108.92388153076172,28.66975,91.9723129272461,27.759750000000004,83.40507507324219,27.759750000000004,53.74334335327149,Stood
27.769750000000002,43.87215423583984,27.769749999999995,108.8084487915039,28.679750000000006,91.98753356933594,27.769750000000002,83.42886352539062,27.769750000000002,53.90839385986328,Stood
27.77975,44.84349822998047,27.77975,108.69745635986328,28.689750000000004,92.00739288330078,27.77975,83.45527648925781,27.779750000000007,54.10523986816406,Stood
27.789750000000005,45.79074096679688,27.789750000000005,108.59394073486328,28.69975,92.01077270507812,27.789749999999998,83.4819107055664,27.789750000000005,54.34180450439453,Stood
27.799750000000003,46.712398529052734,27.799749999999996,108.47637176513672,28.70975,92.02220153808594,27.799750000000003,83.51667785644531,27.799750000000003,54.59309768676758,Stood
27.80975,47.61674499511719,27.80975,108.3604736328125,28.719750000000005,92.0454559326172,27.80975,83.55770874023438,27.80975,54.83917999267578,Stood
27.819750000000006,48.51576614379883,27.819750000000006,108.2210922241211,28.729750000000003,92.07429504394533,27.81975,83.59699249267578,27.819750000000006,55.11925506591797,Stood
27.829750000000004,49.390960693359375,27.829750000000004,108.0660629272461,28.73975,92.09784698486328,27.829750000000004,83.6295166015625,27.829750000000004,55.44646835327149,Stood
27.839750000000002,50.25757598876953,27.839750000000002,107.8678207397461,28.749750000000006,92.1046905517578,27.839750000000002,83.66630554199219,27.839750000000002,55.78697967529297,Stood
27.84975,51.10707092285156,27.849750000000007,107.6925277709961,28.759750000000004,92.08159637451172,27.84975,83.69098663330078,27.849750000000007,56.15647506713867,Stood
27.859750000000005,51.862396240234375,27.85975,107.50728607177734,28.769750000000002,92.04743194580078,27.85975,83.70551300048828,27.859750000000005,56.56828308105469,Stood
27.869750000000003,52.59290313720703,27.869750000000003,107.2654037475586,28.77975,92.01580047607422,27.869750000000003,83.71099090576172,27.869750000000003,56.99222183227539,Stood
27.87975,53.34606552124024,27.87975000000001,107.03557586669922,28.789750000000005,91.98249053955078,27.87975,83.71250915527344,27.87975,57.3958740234375,Stood
27.889750000000006,54.07535934448242,27.88975,106.85482025146484,28.799750000000003,91.94122314453124,27.88975,83.71216583251953,27.889750000000006,57.78940200805664,Stood
27.899750000000004,54.867862701416016,27.899750000000004,106.68933868408205,28.80975,91.8992156982422,27.899750000000004,83.71949768066406,27.899750000000004,58.19234085083008,Stood
27.909750000000003,55.66241455078125,27.909749999999995,106.53076934814452,28.819750000000006,91.85935974121094,27.909750000000003,83.73494720458984,27.909750000000003,58.653263092041016,Stood
27.91975,56.49332809448242,27.91975,106.34046936035156,28.829750000000004,91.81867218017578,27.91975,83.74336242675781,27.919750000000008,59.13987350463867,Stood
27.929750000000006,57.34257125854492,27.929750000000006,106.13321685791016,28.839750000000002,91.76937866210938,27.92975,83.76396179199219,27.929750000000006,59.65795516967773,Stood
27.939750000000004,58.19345474243164,27.939749999999997,105.93255615234376,28.84975,91.70668029785156,27.939750000000004,83.77532196044922,27.939750000000004,60.18781661987305,Stood
27.94975,58.9917106628418,27.94975,105.74522399902344,28.859750000000005,91.64537048339844,27.94975,83.79216766357422,27.94975,60.71235275268555,Stood
27.95975,59.76454162597656,27.959750000000007,105.555419921875,28.869750000000003,91.5875015258789,27.95975,83.81074523925781,27.959750000000007,61.23262023925781,Stood
27.969750000000005,60.506622314453125,27.969749999999998,105.38525390625,28.87975,91.5634994506836,27.969749999999998,83.82323455810547,27.969750000000005,61.73213577270508,Stood
27.979750000000003,61.21178817749024,27.979750000000003,105.23307037353516,28.88975,91.55132293701172,27.979750000000003,83.83977508544922,27.979750000000003,62.22065734863281,Stood
27.98975,61.88972854614258,27.989750000000008,105.0689468383789,28.899750000000004,91.54706573486328,27.98975,83.85372924804688,27.989750000000008,62.7357063293457,Stood
27.999750000000006,62.54432678222656,27.99975,104.8986587524414,28.909750000000003,91.54460144042967,27.99975,83.86072540283203,27.999750000000006,63.23151016235352,Stood
28.009750000000004,63.13926315307617,28.009750000000004,104.74781799316406,28.91975,91.55658721923828,28.009750000000004,83.87442016601562,28.009750000000004,63.69717788696289,Stood
28.019750000000002,63.69853973388672,28.019749999999995,104.61425018310548,28.929750000000006,91.57608032226562,28.019750000000002,83.87735748291016,28.019750000000002,64.14250946044922,Stood
28.02975,64.29586791992188,28.02975,104.48509216308594,28.939750000000004,91.60980224609376,28.02975,83.88480377197266,28.029750000000007,64.56401062011719,Stood
28.039750000000005,64.92821502685547,28.039750000000005,104.37224578857422,28.94975,91.66840362548828,28.039749999999998,83.89764404296875,28.039750000000005,65.00050354003906,Stood
28.049750000000003,65.51868438720703,28.049749999999996,104.24398040771484,28.95975,91.73196411132812,28.049750000000003,83.90070343017578,28.049750000000003,65.43800354003906,Stood
28.05975,66.12852478027344,28.05975,104.10801696777344,28.969750000000005,91.79469299316406,28.05975,83.9089126586914,28.05975,65.86073303222656,Stood
28.069750000000006,66.71867370605469,28.069750000000006,103.95000457763672,28.979750000000003,91.85050964355467,28.06975,83.92223358154297,28.069750000000006,66.27816009521484,Stood
28.079750000000004,67.27056121826172,28.079750000000004,103.8499526977539,28.98975,91.89701080322266,28.079750000000004,83.93154907226562,28.079750000000004,66.69254302978516,Stood
28.089750000000002,67.69810485839844,28.089750000000002,103.75298309326172,28.999750000000006,91.93635559082033,28.089750000000002,83.93781280517578,28.089750000000002,67.10175323486328,Stood
28.09975,68.2689437866211,28.099750000000007,103.64727020263672,29.009750000000004,91.97824096679688,28.09975,83.94596099853516,28.099750000000007,67.5154037475586,Stood
28.109750000000005,68.76813507080078,28.10975,103.55584716796876,29.019750000000002,92.02613067626952,28.10975,83.95594024658203,28.109750000000005,67.8962631225586,Stood
28.119750000000003,69.18572998046875,28.119750000000003,103.46871185302734,29.02975,92.08265686035156,28.119750000000003,83.96623229980469,28.119750000000003,68.28828430175781,Stood
28.12975,69.63444519042969,28.12975000000001,103.3727569580078,29.039750000000005,92.14221954345705,28.12975,83.97283172607422,28.12975,68.67936706542969,Stood
28.139750000000006,70.08009338378906,28.13975,103.27088928222656,29.049750000000003,92.19778442382812,28.13975,83.9826431274414,28.139750000000006,69.06546783447266,Stood
28.149750000000004,70.54315948486328,28.149750000000004,103.16289520263672,29.05975,92.24555206298828,28.149750000000004,83.99120330810547,28.149750000000004,69.45411682128906,Stood
28.159750000000003,71.0249252319336,28.159749999999995,103.06333923339844,29.069750000000006,92.28518676757812,28.159750000000003,84.00190734863281,28.159750000000003,69.849609375,Stood
28.16975,71.5459213256836,28.16975,102.98402404785156,29.079750000000004,92.32560729980467,28.16975,84.01099395751953,28.169750000000008,70.24957275390625,Stood
28.179750000000006,72.31229400634766,28.179750000000006,102.89566802978516,29.089750000000002,92.37240600585938,28.17975,84.02690887451172,28.179750000000006,70.6584243774414,Stood
28.189750000000004,72.6236343383789,28.189749999999997,102.81298828125,29.09975,92.4285659790039,28.189750000000004,84.04963684082031,28.189750000000004,71.07391357421875,Stood
28.19975,73.1531753540039,28.19975,102.73519134521484,29.109750000000005,92.4906234741211,28.19975,84.06783294677734,28.19975,71.48078918457031,Stood
28.20975,73.70013427734375,28.209750000000007,102.6572036743164,29.119750000000003,92.55144500732422,28.20975,84.08770751953125,28.209750000000007,71.87217712402344,Stood
28.219750000000005,74.1593017578125,28.219749999999998,102.58871459960938,29.12975,92.61495208740234,28.219749999999998,84.10586547851562,28.219750000000005,72.24191284179688,Stood
28.229750000000003,74.57278442382812,28.229750000000003,102.5190887451172,29.13975,92.6772232055664,28.229750000000003,84.12767791748047,28.229750000000003,72.59028625488281,Stood
28.23975,74.9906234741211,28.239750000000008,102.44924926757812,29.149750000000004,92.71439361572266,28.23975,84.14936828613281,28.239750000000008,72.91374969482422,Stood
28.249750000000006,75.40965270996094,28.24975,102.37466430664062,29.159750000000003,92.75495910644533,28.24975,84.1689682006836,28.249750000000006,73.222412109375,Stood
28.259750000000004,75.91447448730469,28.259750000000004,102.3055191040039,29.16975,92.80645751953124,28.259750000000004,84.18352508544922,28.259750000000004,73.51277160644531,Stood
28.269750000000002,76.38544464111328,28.269749999999995,102.24359893798828,29.179750000000006,92.85470581054688,28.269750000000002,84.200927734375,28.269750000000002,73.78578186035156,Stood
28.27975,76.8255844116211,28.27975,102.18785095214844,29.189750000000004,92.89539337158205,28.27975,84.21231079101562,28.279750000000007,74.0518569946289,Stood
28.289750000000005,77.275390625,28.289750000000005,102.14005279541016,29.19975,92.94232177734376,28.289749999999998,84.22457885742188,28.289750000000005,74.30290222167969,Stood
28.299750000000003,77.68718719482422,28.299749999999996,102.07504272460938,29.20975,92.99263763427734,28.299750000000003,84.24580383300781,28.299750000000003,74.54637908935547,Stood
28.30975,78.11653137207031,28.30975,102.00599670410156,29.219750000000005,93.03565979003906,28.30975,84.26863861083984,28.30975,74.77384948730469,Stood
28.319750000000006,78.54769897460938,28.319750000000006,101.95087432861328,29.229750000000003,93.06941223144533,28.31975,84.28849792480469,28.319750000000006,74.98420715332031,Stood
28.329750000000004,78.93297576904297,28.329750000000004,101.90526580810548,29.23975,93.09500885009766,28.329750000000004,84.30680084228516,28.329750000000004,75.1724624633789,Stood
28.339750000000002,79.31976318359375,28.339750000000002,101.8548355102539,29.249750000000006,93.12330627441406,28.339750000000002,84.33007049560547,28.339750000000002,75.3309326171875,Stood
28.34975,79.69406127929688,28.349750000000007,101.80623626708984,29.259750000000004,93.15499114990234,28.34975,84.34022521972656,28.349750000000007,75.46539306640625,Stood
28.359750000000005,80.12411499023438,28.35975,101.75547790527344,29.269750000000002,93.1845474243164,28.35975,84.35609436035156,28.359750000000005,75.571044921875,Stood
28.369750000000003,80.49211120605469,28.369750000000003,101.6985321044922,29.27975,93.2121353149414,28.369750000000003,84.36656188964844,28.369750000000003,75.65327453613281,Stood
28.37975,80.88085174560547,28.37975000000001,101.6427001953125,29.289750000000005,93.24641418457033,28.37975,84.36795043945312,28.37975,75.71431732177734,Stood
28.389750000000006,81.25615692138672,28.38975,101.58763122558594,29.299750000000003,93.28662109375,28.38975,84.37731170654297,28.389750000000006,75.75877380371094,Stood
28.399750000000004,81.62374114990234,28.399750000000004,101.53654479980467,29.30975,93.32061767578124,28.399750000000004,84.37751770019531,28.399750000000004,75.79244995117188,Stood
28.409750000000003,82.03650665283203,28.409749999999995,101.489990234375,29.319750000000006,93.3395538330078,28.409750000000003,84.38238525390625,28.409750000000003,75.81495666503906,Stood
28.41975,82.39550018310547,28.41975,101.438720703125,29.329750000000004,93.35491943359376,28.41975,84.39081573486328,28.419750000000008,75.82640075683594,Stood
28.429750000000006,82.80304718017578,28.429750000000006,101.39337921142578,29.339750000000002,93.37345123291016,28.42975,84.39867401123047,28.429750000000006,75.83589935302734,Stood
28.439750000000004,83.13291931152344,28.439749999999997,101.3633804321289,29.34975,93.39669036865234,28.439750000000004,84.40714263916016,28.439750000000004,75.83573150634766,Stood
28.44975,83.51249694824219,28.44975,101.32183837890624,29.359750000000005,93.42868041992188,28.44975,84.41571044921875,28.44975,75.81935119628906,Stood
28.45975,83.81825256347656,28.459750000000007,101.27561950683594,29.369750000000003,93.47168731689452,28.45975,84.41854095458984,28.459750000000007,75.79312896728516,Stood
28.469750000000005,84.20011901855469,28.469749999999998,101.21604919433594,29.37975,93.4961166381836,28.469749999999998,84.41954803466797,28.469750000000005,75.75606536865234,Stood
28.479750000000003,84.5375747680664,28.479750000000003,101.15518951416016,29.38975,93.51287078857422,28.479750000000003,84.41748809814453,28.479750000000003,75.71546936035156,Stood
28.48975,84.9099349975586,28.489750000000008,101.09445190429688,29.399750000000004,93.52727508544922,28.48975,84.41163635253906,28.489750000000008,75.67298889160156,Stood
28.499750000000006,85.32174682617188,28.49975,101.03370666503906,29.409750000000003,93.54422760009766,28.49975,84.41232299804688,28.499750000000006,75.6422348022461,Stood
28.509750000000004,85.67066192626953,28.509750000000004,100.97854614257812,29.41975,93.56076049804688,28.509750000000004,84.40765380859375,28.509750000000004,75.62969970703125,Stood
28.519750000000002,86.05033111572266,28.519749999999995,100.93868255615234,29.429750000000006,93.58065795898438,28.519750000000002,84.40553283691406,28.519750000000002,75.63003540039062,Stood
28.52975,86.38368225097656,28.52975,100.9197998046875,29.439750000000004,93.60538482666016,28.52975,84.4070816040039,28.529750000000007,75.63433837890625,Stood
28.539750000000005,86.71212005615234,28.539750000000005,100.9020004272461,29.44975,93.6311264038086,28.539749999999998,84.40797424316406,28.539750000000005,75.63579559326172,Stood
28.549750000000003,87.02293395996094,28.549749999999996,100.83460998535156,29.45975,93.65404510498048,28.549750000000003,84.412353515625,28.549750000000003,75.63692474365234,Stood
28.55975,87.31011199951172,28.55975,100.80416107177734,29.469750000000005,93.67503356933594,28.55975,84.41680145263672,28.55975,75.65149688720703,Stood
28.569750000000006,87.5937728881836,28.569750000000006,100.79508209228516,29.479750000000003,93.69854736328124,28.56975,84.42040252685547,28.569750000000006,75.67772674560547,Stood
28.579750000000004,87.84019470214844,28.579750000000004,100.78711700439452,29.48975,93.7320327758789,28.579750000000004,84.42332458496094,28.579750000000004,75.7095718383789,Stood
28.589750000000002,88.0373306274414,28.589750000000002,100.81501770019533,29.499750000000006,93.7716064453125,28.589750000000002,84.42909240722656,28.589750000000002,75.74700927734375,Stood
28.59975,88.2150650024414,28.599750000000007,100.85245513916016,29.509750000000004,93.80994415283205,28.59975,84.43415832519531,28.599750000000007,75.7911148071289,Stood
28.609750000000005,88.39157104492188,28.60975,100.89048767089844,29.519750000000002,93.84839630126952,28.60975,84.43879699707031,28.609750000000005,75.82400512695312,Stood
28.619750000000003,88.5212173461914,28.619750000000003,100.93572998046876,29.52975,93.8865737915039,28.619750000000003,84.4405517578125,28.619750000000003,75.83789825439453,Stood
28.62975,88.61222076416016,28.62975000000001,100.98910522460938,29.539750000000005,93.91950988769533,28.62975,84.43811798095703,28.62975,75.87918853759766,Stood
28.639750000000006,88.69156646728516,28.63975,101.0505599975586,29.549750000000003,93.94884490966795,28.63975,84.4317398071289,28.639750000000006,75.94618225097656,Stood
28.649750000000004,88.76152038574219,28.649750000000004,101.115234375,29.55975,93.97290802001952,28.649750000000004,84.42272186279297,28.649750000000004,76.02477264404297,Stood
28.659750000000003,88.85145568847656,28.659749999999995,101.18108367919922,29.569750000000006,93.99354553222656,28.659750000000003,84.40814208984375,28.659750000000003,76.12366485595703,Stood
28.66975,88.94963073730469,28.66975,101.24544525146484,29.579750000000004,94.0081787109375,28.66975,84.38916778564453,28.669750000000008,76.2363510131836,Stood
28.679750000000006,89.0594253540039,28.679750000000006,101.31053161621094,29.589750000000002,94.0186538696289,28.67975,84.3678207397461,28.679750000000006,76.34834289550781,Stood
28.689750000000004,89.1436538696289,28.689749999999997,101.37232208251952,29.59975,94.02897644042967,28.689750000000004,84.34636688232422,28.689750000000004,76.45237731933594,Stood
28.69975,89.24037170410156,28.69975,101.44148254394533,29.609750000000005,94.03759002685548,28.69975,84.32205200195312,28.69975,76.56404876708984,Stood
28.70975,89.32772064208984,28.709750000000007,101.52706909179688,29.619750000000003,94.0429458618164,28.70975,84.29706573486328,28.709750000000007,76.6897964477539,Stood
28.719750000000005,89.3941879272461,28.719749999999998,101.62358856201172,29.62975,94.04432678222656,28.719749999999998,84.27381134033203,28.719750000000005,76.82600402832031,Stood
28.729750000000003,89.4685287475586,28.729750000000003,101.72000885009766,29.63975,94.03958892822266,28.729750000000003,84.25017547607422,28.729750000000003,76.95730590820312,Stood
28.73975,89.55941009521484,28.739750000000008,101.81090545654295,29.649750000000004,94.03176879882812,28.73975,84.22191619873047,28.739750000000008,77.06660461425781,Stood
28.749750000000006,89.68567657470703,28.74975,101.90021514892578,29.659750000000003,94.02233123779295,28.74975,84.19007110595703,28.749750000000006,77.16378784179688,Stood
28.759750000000004,89.7633056640625,28.759750000000004,101.98681640625,29.66975,94.01422882080078,28.759750000000004,84.15677642822266,28.759750000000004,77.25790405273438,Stood
28.769750000000002,89.88304901123047,28.769749999999995,102.07854461669922,29.679750000000006,94.0050048828125,28.769750000000002,84.11882781982422,28.769750000000002,77.35482025146484,Stood
28.77975,90.01334381103516,28.77975,102.17141723632812,29.689750000000004,93.99113464355467,28.77975,84.08419036865234,28.779750000000007,77.45884704589844,Stood
28.789750000000005,90.16197967529295,28.789750000000005,102.263427734375,29.69975,93.97579956054688,28.789749999999998,84.05064392089844,28.789750000000005,77.55902862548828,Stood
28.799750000000003,90.28887176513672,28.799749999999996,102.35205078125,29.70975,93.96530151367188,28.799750000000003,84.01953887939453,28.799750000000003,77.64691925048828,Stood
28.80975,90.39998626708984,28.80975,102.43354034423828,29.719750000000005,93.95954895019533,28.80975,83.98728942871094,28.80975,77.72062683105469,Stood
28.819750000000006,90.4775848388672,28.819750000000006,102.51387786865234,29.729750000000003,93.95545959472656,28.81975,83.95265197753906,28.819750000000006,77.77812194824219,Stood
28.829750000000004,90.55990600585938,28.829750000000004,102.59578704833984,29.73975,93.9598388671875,28.829750000000004,83.91880798339844,28.829750000000004,77.8224868774414,Stood
28.839750000000002,90.68306732177734,28.839750000000002,102.6745376586914,29.749750000000006,93.96492004394533,28.839750000000002,83.88346099853516,28.839750000000002,77.85484313964844,Stood
28.84975,90.78546905517578,28.849750000000007,102.74822998046876,29.759750000000004,93.97075653076172,28.84975,83.84810638427734,28.849750000000007,77.88330078125,Stood
28.859750000000005,90.86670684814452,28.85975,102.8155517578125,29.769750000000002,93.97744750976562,28.85975,83.8147964477539,28.859750000000005,77.90841674804688,Stood
28.869750000000003,90.95120239257812,28.869750000000003,102.87390899658205,29.77975,93.98230743408205,28.869750000000003,83.78101348876953,28.869750000000003,77.93217468261719,Stood
28.87975,91.0567398071289,28.87975000000001,102.92555236816406,29.789750000000005,93.98623657226562,28.87975,83.74649810791016,28.87975,77.95146942138672,Stood
28.889750000000006,91.1687469482422,28.88975,102.97166442871094,29.799750000000003,93.98760223388672,28.88975,83.71717834472656,28.889750000000006,77.96284484863281,Stood
28.899750000000004,91.28260040283205,28.899750000000004,103.01146697998048,29.80975,93.98440551757812,28.899750000000004,83.69133758544922,28.899750000000004,77.96636962890625,Stood
28.909750000000003,91.37432861328124,28.909749999999995,103.0472640991211,29.819750000000006,93.98453521728516,28.909750000000003,83.66299438476562,28.909750000000003,77.96707153320312,Stood
28.91975,91.47191619873048,28.91975,103.08174896240234,29.829750000000004,93.99029541015624,28.91975,83.64061737060547,28.919750000000008,77.96945190429688,Stood
28.929750000000006,91.5969467163086,28.929750000000006,103.1101303100586,29.839750000000002,93.99343872070312,28.92975,83.61766052246094,28.929750000000006,77.97209167480469,Stood
28.939750000000004,91.69923400878906,28.939749999999997,103.1376724243164,29.84975,93.99005126953124,28.939750000000004,83.59595489501953,28.939750000000004,77.96914672851562,Stood
28.94975,91.77406311035156,28.94975,103.16493225097656,29.859750000000005,93.98479461669922,28.94975,83.57569122314453,28.94975,77.96207427978516,Stood
28.95975,91.89501190185548,28.959750000000007,103.18701934814452,29.869750000000003,93.98394012451172,28.95975,83.5593490600586,28.959750000000007,77.95307922363281,Stood
28.969750000000005,91.97889709472656,28.969749999999998,103.209716796875,29.87975,93.98233795166016,28.969749999999998,83.54136657714844,28.969750000000005,77.94270324707031,Stood
28.979750000000003,92.0551300048828,28.979750000000003,103.23649597167967,29.88975,93.9804229736328,28.979750000000003,83.5263442993164,28.979750000000003,77.92527770996094,Stood
28.98975,92.1386489868164,28.989750000000008,103.27047729492188,29.899750000000004,93.97870635986328,28.98975,83.5114517211914,28.989750000000008,77.91485595703125,Stood
28.999750000000006,92.23641204833984,28.99975,103.2996063232422,29.909750000000003,93.97518157958984,28.99975,83.49898529052734,28.999750000000006,77.90419006347656,Stood
29.009750000000004,92.31754302978516,29.009750000000004,103.32662200927734,29.91975,93.96468353271484,29.009750000000004,83.48827362060547,29.009750000000004,77.88993835449219,Stood
29.019750000000002,92.41495513916016,29.019749999999995,103.34786224365234,29.929750000000006,93.94800567626952,29.019750000000002,83.47547912597656,29.019750000000002,77.86698913574219,Stood
29.02975,92.52604675292967,29.02975,103.36547088623048,29.939750000000004,93.93165588378906,29.02975,83.4596176147461,29.029750000000007,77.83430480957031,Stood
29.039750000000005,92.60626983642578,29.039750000000005,103.38363647460938,29.94975,93.9175796508789,29.039749999999998,83.4511947631836,29.039750000000005,77.7970962524414,Stood
29.049750000000003,92.67887878417967,29.049749999999996,103.40394592285156,29.95975,93.9066162109375,29.049750000000003,83.4407958984375,29.049750000000003,77.7716064453125,Stood
29.05975,92.75676727294922,29.05975,103.42644500732422,29.969750000000005,93.89838409423828,29.05975,83.43085479736328,29.05975,77.74761962890625,Stood
29.069750000000006,92.81204986572266,29.069750000000006,103.44596862792967,29.979750000000003,93.8921890258789,29.06975,83.42511749267578,29.069750000000006,77.71873474121094,Stood
29.079750000000004,92.88011932373048,29.079750000000004,103.4634780883789,29.98975,93.88143157958984,29.079750000000004,83.41730499267578,29.079750000000004,77.68363189697266,Stood
29.089750000000002,92.93524932861328,29.089750000000002,103.48381805419922,29.999750000000006,93.86825561523438,29.089750000000002,83.40995025634766,29.089750000000002,77.65068817138672,Stood
29.09975,92.97982788085938,29.099750000000007,103.50548553466795,30.009750000000004,93.85221862792967,29.09975,83.40165710449219,29.099750000000007,77.62232208251953,Stood
29.109750000000005,93.0229721069336,29.10975,103.52152252197266,30.019750000000002,93.83394622802734,29.10975,83.39270782470703,29.109750000000005,77.59992980957031,Stood
29.119750000000003,93.07086181640624,29.119750000000003,103.53275299072266,30.02975,93.81037139892578,29.119750000000003,83.38251495361328,29.119750000000003,77.58139038085938,Stood
29.12975,93.1223602294922,29.12975000000001,103.5438003540039,30.039750000000005,93.78533935546876,29.12975,83.37550354003906,29.12975,77.56143951416016,Stood
29.139750000000006,93.16802978515624,29.13975,103.554931640625,30.049750000000003,93.76316833496094,29.13975,83.36309051513672,29.139750000000006,77.5539779663086,Stood
29.149750000000004,93.2074203491211,29.149750000000004,103.56796264648438,30.05975,93.7447509765625,29.149750000000004,83.35140991210938,29.149750000000004,77.55955505371094,Stood
29.159750000000003,93.2463836669922,29.159749999999995,103.58096313476562,30.069750000000006,93.73146057128906,29.159750000000003,83.34092712402344,29.159750000000003,77.57533264160156,Stood
29.16975,93.2933349609375,29.16975,103.59529113769533,30.079750000000004,93.71983337402344,29.16975,83.333251953125,29.169750000000008,77.59542846679688,Stood
29.179750000000006,93.33094024658205,29.179750000000006,103.61268615722656,30.089750000000002,93.70526885986328,29.17975,83.3213119506836,29.179750000000006,77.61619567871094,Stood
29.189750000000004,93.34584045410156,29.189749999999997,103.63134765625,30.09975,93.68704223632812,29.189750000000004,83.31285858154297,29.189750000000004,77.63494110107422,Stood
29.19975,93.36082458496094,29.19975,103.6533432006836,30.109750000000005,93.6648941040039,29.19975,83.30221557617188,29.19975,77.6529312133789,Stood
29.20975,93.36553192138672,29.209750000000007,103.68477630615234,30.119750000000003,93.6396942138672,29.20975,83.29474639892578,29.209750000000007,77.6648941040039,Stood
29.219750000000005,93.3678970336914,29.219749999999998,103.71697235107422,30.12975,93.61581420898438,29.219749999999998,83.28532409667969,29.219750000000005,77.67184448242188,Stood
29.229750000000003,93.37902069091795,29.229750000000003,103.74249267578124,30.13975,93.5908432006836,29.229750000000003,83.27289581298828,29.229750000000003,77.67744445800781,Stood
29.23975,93.39119720458984,29.239750000000008,103.76927947998048,30.149750000000004,93.5619125366211,29.23975,83.2635269165039,29.239750000000008,77.68565368652344,Stood
29.249750000000006,93.41209411621094,29.24975,103.80211639404295,30.159750000000003,93.52884674072266,29.24975,83.24742126464844,29.249750000000006,77.70024871826172,Stood
29.259750000000004,93.42898559570312,29.259750000000004,103.8388442993164,30.16975,93.49617004394533,29.259750000000004,83.2347183227539,29.259750000000004,77.71991729736328,Stood
29.269750000000002,93.43729400634766,29.269749999999995,103.87738037109376,30.179750000000006,93.46487426757812,29.269750000000002,83.22450256347656,29.269750000000002,77.74115753173828,Stood
29.27975,93.44419860839844,29.27975,103.90058135986328,30.189750000000004,93.43041229248048,29.27975,83.21406555175781,29.279750000000007,77.76182556152344,Stood
29.289750000000005,93.45714569091795,29.289750000000005,103.91722869873048,30.19975,93.39250946044922,29.289749999999998,83.20287322998047,29.289750000000005,77.78065490722656,Stood
29.299750000000003,93.47699737548828,29.299749999999996,103.93058776855467,30.20975,93.34635925292967,29.299750000000003,83.1922836303711,29.299750000000003,77.79512786865234,Stood
29.30975,93.49349212646484,29.30975,103.94573211669922,30.219750000000005,93.29076385498048,29.30975,83.1839599609375,29.30975,77.80155944824219,Sitting down
29.319750000000006,93.50880432128906,29.319750000000006,103.96868133544922,30.229750000000003,93.22146606445312,29.31975,83.17707061767578,29.319750000000006,77.80484771728516,Sitting down
29.329750000000004,93.52830505371094,29.329750000000004,104.0103988647461,30.23975,93.14238739013672,29.329750000000004,83.1717300415039,29.329750000000004,77.80860137939453,Sitting down
29.339750000000002,93.54757690429688,29.339750000000002,104.02915954589844,30.249750000000006,93.05680084228516,29.339750000000002,83.16802978515625,29.339750000000002,77.81362915039062,Sitting down
29.34975,93.5753936767578,29.349750000000007,104.03898620605467,30.259750000000004,92.96019744873048,29.34975,83.16715240478516,29.349750000000007,77.815185546875,Sitting down
29.359750000000005,93.6051788330078,29.35975,104.04348754882812,30.269750000000002,92.85733032226562,29.35975,83.16812896728516,29.359750000000005,77.81177520751953,Sitting down
29.369750000000003,93.6347885131836,29.369750000000003,104.04244232177734,30.27975,92.7427215576172,29.369750000000003,83.16978454589844,29.369750000000003,77.80714416503906,Sitting down
29.37975,93.65872192382812,29.37975000000001,104.0390853881836,30.289750000000005,92.62388610839844,29.37975,83.1740951538086,29.37975,77.80342864990234,Sitting down
29.389750000000006,93.67719268798828,29.38975,104.03704833984376,30.299750000000003,92.49859619140624,29.38975,83.17835235595703,29.389750000000006,77.80498504638672,Sitting down
29.399750000000004,93.69365692138672,29.399750000000004,104.03748321533205,30.30975,92.3492202758789,29.399750000000004,83.18586730957031,29.399750000000004,77.81006622314453,Sitting down
29.409750000000003,93.70787811279295,29.409749999999995,104.03946685791016,30.319750000000006,92.18628692626952,29.409750000000003,83.19680786132812,29.409750000000003,77.81421661376953,Sitting down
29.41975,93.72376251220705,29.41975,104.0438461303711,30.329750000000004,92.00304412841795,29.41975,83.20741271972656,29.419750000000008,77.81464385986328,Sitting down
29.429750000000006,93.75240325927734,29.429750000000006,104.04176330566406,30.339750000000002,91.802734375,29.42975,83.21640014648438,29.429750000000006,77.81288146972656,Sitting down
29.439750000000004,93.78733825683594,29.439749999999997,104.03064727783205,30.34975,91.58966064453124,29.439750000000004,83.22450256347656,29.439750000000004,77.81050872802734,Sitting down
29.44975,93.8158187866211,29.44975,104.01802825927734,30.35975,91.3949203491211,29.44975,83.23333740234375,29.44975,77.80553436279297,Sitting down
29.45975,93.83888244628906,29.459750000000007,104.00694274902344,30.369750000000003,91.1915054321289,29.45975,83.24022674560547,29.459750000000007,77.80197143554688,Sitting down
29.469750000000005,93.85717010498048,29.469749999999998,103.9937744140625,30.37975,90.9414520263672,29.469749999999998,83.2459487915039,29.469750000000005,77.79873657226562,Sitting down
29.479750000000003,93.86964416503906,29.479750000000003,103.97786712646484,30.38975,90.69159698486328,29.479750000000003,83.25360107421875,29.479750000000003,77.79501342773438,Sitting down
29.48975,93.90189361572266,29.489750000000008,103.96768951416016,30.399750000000004,90.3826141357422,29.48975,83.2593765258789,29.489750000000008,77.79208374023438,Sitting down
29.499750000000006,93.91259765625,29.49975,103.95916748046876,30.409750000000003,90.06204223632812,29.49975,83.26708984375,29.499750000000006,77.7890625,Sitting down
29.509750000000004,93.91378784179688,29.509750000000004,103.94532012939452,30.41975,89.61361694335938,29.509750000000004,83.27473449707031,29.509750000000004,77.78611755371094,Sitting down
29.519750000000002,93.9115753173828,29.519749999999995,103.94248962402344,30.429750000000006,89.09247589111328,29.519750000000002,83.28096008300781,29.519750000000002,77.7818374633789,Sitting down
29.52975,93.91354370117188,29.52975,103.9382553100586,30.439750000000004,88.59137725830078,29.52975,83.28390502929688,29.529750000000007,77.7773208618164,Sitting down
29.539750000000005,93.91983032226562,29.539750000000005,103.93230438232422,30.44975,88.00174713134766,29.539749999999998,83.28489685058594,29.539750000000005,77.77099609375,Sitting down
29.549750000000003,93.92493438720705,29.549749999999996,103.93423461914062,30.45975,87.46705627441406,29.549750000000003,83.28545379638672,29.549750000000003,77.76409912109375,Sitting down
29.55975,93.922119140625,29.55975,103.9430160522461,30.469749999999998,86.95857238769531,29.55975,83.28646087646484,29.55975,77.76654815673828,Sitting down
29.569750000000006,93.91649627685548,29.569750000000006,103.94718933105467,30.479750000000003,86.4504623413086,29.56975,83.28787231445312,29.569750000000006,77.7745132446289,Sitting down
29.579750000000004,93.90675354003906,29.579750000000004,103.94473266601562,30.48975,85.80526733398438,29.579750000000004,83.28855895996094,29.579750000000004,77.78373718261719,Sitting down
29.589750000000002,93.8962631225586,29.589750000000002,103.9393081665039,30.499750000000006,85.0760498046875,29.589750000000002,83.28923797607422,29.589750000000002,77.79463195800781,Sitting down
29.59975,93.88758850097656,29.599750000000007,103.94029998779295,30.509750000000004,84.28520965576172,29.59975,83.28742980957031,29.599750000000007,77.80461120605469,Sitting down
29.609750000000005,93.87906646728516,29.60975,103.94823455810548,30.519750000000002,83.49673461914062,29.60975,83.28775024414062,29.609750000000005,77.81265258789062,Sitting down
29.619750000000003,93.87116241455078,29.619750000000003,103.95419311523438,30.52975,82.66761016845703,29.619750000000003,83.28388977050781,29.619750000000003,77.82096099853516,Sitting down
29.62975,93.87081146240234,29.62975000000001,103.95111846923828,30.539749999999998,81.72374725341797,29.62975,83.28376007080078,29.62975,77.83094787597656,Sitting down
29.639750000000006,93.87167358398438,29.63975,103.9436264038086,30.549750000000003,80.73175811767578,29.63975,83.28095245361328,29.639750000000006,77.84349060058594,Sitting down
29.649750000000004,93.87037658691406,29.649750000000004,103.93910217285156,30.55975,79.12084197998047,29.649750000000004,83.27911376953125,29.649750000000004,77.86031341552734,Sitting down
29.659750000000003,93.86766052246094,29.659749999999995,103.93846893310548,30.569750000000006,78.01628875732422,29.659750000000003,83.27880859375,29.659750000000003,77.88078308105469,Sitting down
29.66975,93.86090087890624,29.66975,103.94326782226562,30.579750000000004,77.08573913574219,29.66975,83.27991485595703,29.669750000000008,77.90080261230469,Sitting down
29.679750000000006,93.85367584228516,29.679750000000006,103.94425201416016,30.589750000000002,76.1330337524414,29.67975,83.28189086914062,29.679750000000006,77.92214965820312,Sitting down
29.689750000000004,93.8447723388672,29.689749999999997,103.94457244873048,30.59975,75.10678100585938,29.689750000000004,83.28484344482422,29.689750000000004,77.94389343261719,Sitting down
29.69975,93.82575988769533,29.69975,103.9469223022461,30.60975,74.11974334716797,29.69975,83.28527069091797,29.69975,77.96601867675781,Sitting down
29.70975,93.8034439086914,29.709750000000007,103.94927215576172,30.619750000000003,73.43604278564453,29.70975,83.28527069091797,29.709750000000007,77.98712158203125,Sitting down
29.719750000000005,93.79721069335938,29.719749999999998,103.95171356201172,30.62975,72.81947326660156,29.719749999999998,83.28620910644531,29.719750000000005,78.00713348388672,Sitting down
29.729750000000003,93.8026351928711,29.729750000000003,103.9488754272461,30.63975,72.05510711669922,29.729750000000003,83.28540802001953,29.729750000000003,78.02546691894531,Sitting down
29.73975,93.80731964111328,29.739750000000008,103.9479522705078,30.649750000000004,71.23635864257812,29.73975,83.28495025634766,29.739750000000008,78.04383087158203,Sitting down
29.749750000000006,93.79302978515624,29.74975,103.94927215576172,30.659750000000003,70.41099548339844,29.74975,83.28182983398438,29.749750000000006,78.05962371826172,Sitting down
29.759750000000004,93.77776336669922,29.759750000000004,103.95232391357422,30.66975,69.64804077148438,29.759750000000004,83.28030395507812,29.759750000000004,78.07193756103516,Sitting down
29.769750000000002,93.76983642578124,29.769749999999995,103.95001983642578,30.679750000000006,68.9710464477539,29.769750000000002,83.27914428710938,29.769750000000002,78.08445739746094,Sitting down
29.77975,93.76760864257812,29.77975,103.94466400146484,30.689750000000004,68.34253692626953,29.77975,83.27734375,29.779750000000007,78.09654998779297,Sitting down
29.789750000000005,93.76310729980467,29.789750000000005,103.9431610107422,30.69975,67.6434555053711,29.789749999999998,83.2790756225586,29.789750000000005,78.11129760742188,Sitting down
29.799750000000003,93.75074768066406,29.799749999999996,103.94740295410156,30.70975,66.86668395996094,29.799750000000003,83.2796630859375,29.799750000000003,78.12806701660156,Sitting down
29.80975,93.73662567138672,29.80975,103.95637512207033,30.719749999999998,66.0035171508789,29.80975,83.28042602539062,29.80975,78.1397705078125,Sitting down
29.819750000000006,93.72515869140624,29.819750000000006,103.96891784667967,30.729750000000003,65.15660095214844,29.81975,83.28030395507812,29.819750000000006,78.14750671386719,Sitting down
29.829750000000004,93.71936798095705,29.829750000000004,103.96975708007812,30.73975,64.29084777832031,29.829750000000004,83.28048706054688,29.829750000000004,78.15457153320312,Sitting down
29.839750000000002,93.71744537353516,29.839750000000002,103.96544647216795,30.749750000000006,63.44677734375,29.839750000000002,83.27912902832031,29.839750000000002,78.16041564941406,Sitting down
29.84975,93.72066497802734,29.849750000000007,103.95752716064452,30.759750000000004,62.64080047607422,29.84975,83.27841186523438,29.849750000000007,78.16647338867188,Sitting down
29.859750000000005,93.72325897216795,29.85975,103.9471206665039,30.769750000000002,61.861629486083984,29.85975,83.27806091308594,29.859750000000005,78.17032623291016,Sitting down
29.869750000000003,93.7190933227539,29.869750000000003,103.93675231933594,30.77975,61.084808349609375,29.869750000000003,83.28219604492188,29.869750000000003,78.17729187011719,Sitting down
29.87975,93.70948028564452,29.87975000000001,103.93309020996094,30.789749999999998,60.31269073486328,29.87975,83.28448486328125,29.87975,78.18672180175781,Sitting down
29.889750000000006,93.69638061523438,29.88975,103.9350128173828,30.799750000000003,59.54728698730469,29.88975,83.2857437133789,29.889750000000006,78.19489288330078,Sitting down
29.899750000000004,93.68212127685548,29.899750000000004,103.93326568603516,30.80975,58.747684478759766,29.899750000000004,83.28729248046875,29.899750000000004,78.19916534423828,Sitting down
29.909750000000003,93.6776885986328,29.909749999999995,103.92633056640624,30.819750000000006,57.913124084472656,29.909750000000003,83.28758239746094,29.909750000000003,78.20614624023438,Sitting down
29.91975,93.6818618774414,29.91975,103.91212463378906,30.829750000000004,57.039058685302734,29.91975,83.28810119628906,29.919750000000008,78.21382904052734,Sitting down
29.929750000000006,93.6848602294922,29.929750000000006,103.8974838256836,30.839750000000002,56.15602493286133,29.92975,83.28787231445312,29.929750000000006,78.22425842285156,Sitting down
29.939750000000004,93.67727661132812,29.939749999999997,103.87955474853516,30.84975,55.29234313964844,29.939750000000004,83.28697204589844,29.939750000000004,78.23773193359375,Sitting down
29.94975,93.66814422607422,29.94975,103.86482238769533,30.85975,54.45184326171875,29.94975,83.28816986083984,29.94975,78.25080108642578,Sitting down
29.95975,93.66275787353516,29.959750000000007,103.84535217285156,30.869750000000003,53.61579132080078,29.95975,83.28470611572266,29.959750000000007,78.25575256347656,Sitting down
29.969750000000005,93.65483856201172,29.969749999999998,103.82254791259766,30.87975,52.75169372558594,29.969749999999998,83.28736114501953,29.969750000000005,78.25690460205078,Sitting down
29.979750000000003,93.64196014404295,29.979750000000003,103.80260467529295,30.88975,51.85540390014648,29.979750000000003,83.29015350341797,29.979750000000003,78.25083923339844,Sitting down
29.98975,93.62322998046876,29.989750000000008,103.7866668701172,30.899750000000004,50.97991943359375,29.98975,83.29360961914062,29.989750000000008,78.23676300048828,Sitting down
29.999750000000006,93.6043930053711,29.99975,103.76824188232422,30.909750000000003,50.09214019775391,29.99975,83.29744720458984,29.999750000000006,78.21492004394531,Sitting down
30.009750000000004,93.58566284179688,30.009750000000004,103.7482452392578,30.91975,49.2059326171875,30.009750000000004,83.30170440673828,30.009750000000004,78.18695068359375,Sitting down
30.019750000000002,93.5663070678711,30.019749999999995,103.73123168945312,30.929750000000006,48.32776641845703,30.019750000000002,83.30596160888672,30.019750000000002,78.16462707519531,Sitting down
30.02975,93.54557037353516,30.02975,103.71009826660156,30.939750000000004,47.42046356201172,30.02975,83.31043243408203,30.029750000000007,78.15070343017578,Sitting down
30.039750000000005,93.52275848388672,30.039750000000005,103.69384765625,30.94975,46.5210075378418,30.039749999999998,83.31172180175781,30.039750000000005,78.13662719726562,Sitting down
30.049750000000003,93.49668884277344,30.049749999999996,103.67781066894533,30.95975,45.68595886230469,30.049750000000003,83.3132553100586,30.049750000000003,78.11996459960938,Sitting down
30.05975,93.46404266357422,30.05975,103.65738677978516,30.969749999999998,44.87812805175781,30.05975,83.31217193603516,30.05975,78.09764862060547,Sitting down
30.069750000000006,93.42404174804688,30.069750000000006,103.6392593383789,30.979750000000003,44.09514999389648,30.06975,83.31200408935547,30.069750000000006,78.07131958007812,Sitting down
30.079750000000004,93.37834930419922,30.079750000000004,103.62104034423828,30.98975,43.33863067626953,30.079750000000004,83.30939483642578,30.079750000000004,78.03954315185547,Sitting down
30.089750000000002,93.32579803466795,30.089750000000002,103.60481262207033,30.999750000000006,42.57551574707031,30.089750000000002,83.3104019165039,30.089750000000002,78.00434875488281,Sitting down
30.09975,93.26854705810548,30.099750000000007,103.5915985107422,31.009750000000004,41.80470275878906,30.09975,83.3096694946289,30.099750000000007,77.965576171875,Sitting down
30.109750000000005,93.21023559570312,30.10975,103.58154296875,31.019750000000002,41.00016021728516,30.10975,83.31036376953125,30.109750000000005,77.91671752929688,Sitting down
30.119750000000003,93.1490707397461,30.119750000000003,103.56845092773438,31.02975,40.20589447021485,30.119750000000003,83.31230163574219,30.119750000000003,77.85638427734375,Sitting down
30.12975,93.08363342285156,30.12975000000001,103.55496978759766,31.039749999999998,39.418983459472656,30.12975,83.31275939941406,30.12975,77.78373718261719,Sitting down
30.139750000000006,93.0093994140625,30.13975,103.55038452148438,31.049750000000003,38.702518463134766,30.13975,83.3132095336914,30.139750000000006,77.69489288330078,Sitting down
30.149750000000004,92.92491912841795,30.149750000000004,103.5500717163086,31.05975,37.99405670166016,30.149750000000004,83.31394958496094,30.149750000000004,77.59171295166016,Sitting down
30.159750000000003,92.82926177978516,30.159749999999995,103.55046844482422,31.069750000000006,37.36273956298828,30.159750000000003,83.31404876708984,30.159750000000003,77.48074340820312,Sitting down
30.16975,92.7222671508789,30.16975,103.55047607421876,31.079750000000004,36.74824905395508,30.16975,83.31266021728516,30.169750000000008,77.36821746826172,Sitting down
30.179750000000006,92.602783203125,30.179750000000006,103.5516357421875,31.089750000000002,36.09905624389648,30.17975,83.31234741210938,30.179750000000006,77.25680541992188,Sitting down
30.189750000000004,92.47408294677734,30.189749999999997,103.55164337158205,31.09975,35.479820251464844,30.189750000000004,83.31421661376953,30.189750000000004,77.1460952758789,Sitting down
30.19975,92.33180236816406,30.19975,103.54972076416016,31.10975,34.868412017822266,30.19975,83.31440734863281,30.19975,77.03546142578125,Sitting down
30.20975,92.17394256591795,30.209750000000007,103.54480743408205,31.119750000000003,34.2768669128418,30.20975,83.31306457519531,30.209750000000007,76.92230224609375,Sitting down
30.219750000000005,92.00315856933594,30.219749999999998,103.5370635986328,31.12975,33.68580627441406,30.219749999999998,83.31182861328125,30.219750000000005,76.80486297607422,Sitting down
30.229750000000003,91.83330535888672,30.229750000000003,103.52239990234376,31.13975,33.10172271728516,30.229750000000003,83.30883026123047,30.229750000000003,76.68730926513672,Sitting down
30.23975,91.64994049072266,30.239750000000008,103.50917053222656,31.149750000000004,32.57850646972656,30.23975,83.30658721923828,30.239750000000008,76.57188415527344,Sitting down
30.249750000000006,91.40774536132812,30.24975,103.50104522705078,31.159750000000003,32.09949493408203,30.24975,83.30638122558594,30.249750000000006,76.45315551757812,Sitting down
30.259750000000004,91.16126251220705,30.259750000000004,103.49261474609376,31.16975,31.638473510742188,30.259750000000004,83.30476379394531,30.259750000000004,76.326171875,Sitting down
30.269750000000002,90.91593933105467,30.269749999999995,103.4789047241211,31.179750000000006,31.1733341217041,30.269750000000002,83.30370330810547,30.269750000000002,76.18748474121094,Sitting down
30.27975,90.63788604736328,30.27975,103.4631576538086,31.189750000000004,30.700014114379883,30.27975,83.30200958251953,30.279750000000007,76.0392074584961,Sitting down
30.289750000000005,90.30318450927734,30.289750000000005,103.44415283203124,31.19975,30.234169006347656,30.289749999999998,83.29951477050781,30.289750000000005,75.89583587646484,Sitting down
30.299750000000003,89.98085021972656,30.299749999999996,103.4263153076172,31.20975,29.77539253234864,30.299750000000003,83.29747009277344,30.299750000000003,75.75702667236328,Sitting down
30.30975,89.64759826660156,30.30975,103.40813446044922,31.219749999999998,29.344615936279297,30.30975,83.29340362548828,30.30975,75.62538146972656,Sitting down
30.319750000000006,89.25428771972656,30.319750000000006,103.39695739746094,31.229750000000003,28.941442489624023,30.31975,83.29008483886719,30.319750000000006,75.49919128417969,Sitting down
30.329750000000004,88.86985778808594,30.329750000000004,103.39390563964844,31.23975,28.58050537109375,30.329750000000004,83.28766632080078,30.329750000000004,75.3731689453125,Sitting down
30.339750000000002,88.4499282836914,30.339750000000002,103.39297485351562,31.249750000000006,28.22429275512696,30.339750000000002,83.28634643554688,30.339750000000002,75.24696350097656,Sitting down
30.34975,87.97640228271484,30.349750000000007,103.3983383178711,31.259750000000004,27.87472343444824,30.34975,83.28438568115234,30.349750000000007,75.1178970336914,Sitting down
30.35975,87.51651000976562,30.35975,103.41097259521484,31.269750000000002,27.500696182250977,30.35975,83.2801284790039,30.35975,74.97361755371094,Sitting down
30.369750000000003,86.97024536132812,30.369750000000003,103.43251037597656,31.27975,27.091249465942383,30.369750000000003,83.27606964111328,30.369750000000003,74.79063415527344,Sitting down
30.37975,86.37702941894531,30.37975000000001,103.45408630371094,31.289749999999998,26.658655166625977,30.37975,83.27120971679688,30.37975,74.55953216552734,Sitting down
30.389750000000006,85.74022674560547,30.38975,103.47269439697266,31.299750000000003,26.21568298339844,30.38975,83.26184844970703,30.389750000000006,74.28279113769531,Sitting down
30.399750000000004,85.06037139892578,30.399750000000004,103.4870376586914,31.30975,25.771163940429688,30.399750000000004,83.252197265625,30.399750000000004,73.9554672241211,Sitting down
30.409750000000003,84.34187316894531,30.409750000000003,103.48624420166016,31.319750000000006,25.32906913757324,30.409750000000003,83.24018859863281,30.409750000000003,73.57677459716797,Sitting down
30.41975,83.58049774169922,30.41975,103.47984313964844,31.329750000000004,24.8762264251709,30.41975,83.22381591796875,30.419750000000008,73.15719604492188,Sitting down
30.429750000000006,82.80256652832031,30.429750000000006,103.46519470214844,31.339750000000002,24.418569564819336,30.42975,83.20475006103516,30.429750000000006,72.69603729248047,Sitting down
30.439750000000004,82.02532196044922,30.439750000000004,103.44449615478516,31.34975,23.95528984069824,30.439750000000004,83.18082427978516,30.439750000000004,72.20094299316406,Sitting down
30.44975,81.1765365600586,30.44975,103.43863677978516,31.35975,23.50554656982422,30.44975,83.16394805908203,30.44975,71.68071746826172,Sitting down
30.45975,80.31066131591797,30.459750000000007,103.44515228271484,31.369750000000003,23.051841735839844,30.45975,83.14977264404297,30.459750000000007,71.13383483886719,Sitting down
30.469749999999998,79.23255920410156,30.469749999999998,103.44137573242188,31.37975,22.57394790649414,30.469749999999998,83.13053894042969,30.469749999999998,70.5587158203125,Sitting down
30.479750000000003,78.3125,30.479750000000003,103.41287994384766,31.38975,22.09447479248047,30.479750000000003,83.10377502441406,30.479750000000003,69.95167541503906,Sitting down
30.48975,77.24845886230469,30.489750000000008,103.37606811523438,31.399750000000004,21.61937713623047,30.48975,83.07660675048828,30.489750000000008,69.3154067993164,Sitting down
30.499750000000006,76.11695098876953,30.49975,103.33174896240234,31.409750000000003,21.18664932250977,30.49975,83.03408813476562,30.499750000000006,68.66268920898438,Sitting down
30.509750000000004,75.11692810058594,30.509750000000004,103.2770004272461,31.41975,20.823543548583984,30.509750000000004,82.9851303100586,30.509750000000004,68.00131225585938,Sat
30.519750000000002,74.22238159179688,30.519750000000002,103.23046875,31.429750000000006,20.50680351257324,30.519750000000002,82.94300079345703,30.519750000000002,67.34724426269531,Sat
30.52975,73.390380859375,30.52975,103.21627807617188,31.439750000000004,20.187400817871094,30.52975,82.9183120727539,30.529750000000007,66.71015930175781,Sat
30.539749999999998,72.6055908203125,30.539749999999998,103.19596862792967,31.44975,19.9172592163086,30.539749999999998,82.91928100585938,30.539749999999998,66.08000946044922,Sat
30.549750000000003,71.84647369384766,30.549750000000003,103.17647552490234,31.45975,19.69381523132324,30.549750000000003,82.93203735351562,30.549750000000003,65.43443298339844,Sat
30.55975,71.0969467163086,30.55975,103.15666198730467,31.469749999999998,19.45478248596192,30.55975,82.95946502685547,30.55975,64.7845687866211,Sat
30.569750000000006,70.3624496459961,30.569750000000006,103.15615844726562,31.479750000000003,19.196413040161133,30.56975,83.00467681884766,30.569750000000006,64.14839172363281,Sat
30.579750000000004,69.63475036621094,30.579750000000004,103.1671905517578,31.48975,18.97002410888672,30.579750000000004,83.04344940185547,30.579750000000004,63.51686096191406,Sat
30.589750000000002,68.858154296875,30.589750000000002,103.17327117919922,31.499750000000006,18.765649795532227,30.589750000000002,83.08821105957031,30.589750000000002,62.88250350952149,Sat
30.59975,68.05810546875,30.599750000000007,103.18549346923828,31.509750000000004,18.56685256958008,30.59975,83.14872741699219,30.599750000000007,62.22751235961914,Sat
30.60975,67.24775695800781,30.60975,103.256103515625,31.519750000000002,18.38459587097168,30.60975,83.20338439941406,30.60975,61.57362747192383,Sat
30.619750000000003,66.47090911865234,30.619750000000003,103.37677001953124,31.52975,18.22311019897461,30.619750000000003,83.23648071289062,30.619750000000003,60.80559158325195,Sat
30.62975,65.70820617675781,30.62975000000001,103.5312042236328,31.539749999999998,18.103858947753903,30.62975,83.27066040039062,30.62975,60.09552383422852,Sat
30.639750000000006,64.9288558959961,30.63975,103.69182586669922,31.549750000000003,18.02046012878418,30.63975,83.29857635498047,30.639750000000006,59.43023681640625,Sat
30.649750000000004,64.13352966308594,30.649750000000004,103.83047485351562,31.55975,17.92344856262207,30.649750000000004,83.32774353027344,30.649750000000004,58.73564910888672,Sat
30.659750000000003,63.30831527709961,30.659750000000003,103.94976043701172,31.569750000000006,17.789609909057617,30.659750000000003,83.36565399169922,30.659750000000003,58.03868103027344,Sat
30.66975,62.48796463012695,30.66975,104.08293914794922,31.579750000000004,17.625957489013672,30.66975,83.41949462890625,30.669750000000008,57.33821105957031,Sat
30.679750000000006,61.64073181152344,30.679750000000006,104.218017578125,31.589750000000002,17.44202423095703,30.67975,83.491943359375,30.679750000000006,56.68178176879883,Sat
30.689750000000004,60.7774658203125,30.689750000000004,104.36766815185548,31.59975,17.23735237121582,30.689750000000004,83.57892608642578,30.689750000000004,56.040714263916016,Sat
30.69975,59.939720153808594,30.69975,104.54962158203124,31.60975,16.999507904052734,30.69975,83.68082427978516,30.69975,55.41477584838867,Sat
30.70975,59.13490676879883,30.709750000000007,104.73247528076172,31.619750000000003,16.7608642578125,30.70975,83.77496337890625,30.709750000000007,54.79593276977539,Sat
30.719749999999998,58.34983825683594,30.719749999999998,104.88584899902344,31.62975,16.514381408691406,30.719749999999998,83.84967041015625,30.719749999999998,54.187530517578125,Sat
30.729750000000003,57.57139587402344,30.729750000000003,105.0334701538086,31.63975,16.258724212646484,30.729750000000003,83.91468048095703,30.729750000000003,53.59188461303711,Sat
30.73975,56.77995681762695,30.739750000000008,105.17726135253906,31.649750000000004,16.01633644104004,30.73975,83.9666976928711,30.739750000000008,53.021671295166016,Sat
30.749750000000006,55.96460723876953,30.74975,105.32275390625,31.659750000000003,15.805058479309082,30.74975,84.02772521972656,30.749750000000006,52.45987319946289,Sat
30.759750000000004,55.14218521118164,30.759750000000004,105.46581268310548,31.66975,15.59915256500244,30.759750000000004,84.0992202758789,30.759750000000004,51.91131210327149,Sat
30.769750000000002,54.31074523925781,30.769750000000002,105.59774017333984,31.679750000000006,15.398353576660156,30.769750000000002,84.17339324951172,30.769750000000002,51.35374450683594,Sat
30.77975,53.47637939453125,30.77975,105.7310562133789,31.689750000000004,15.20632266998291,30.77975,84.28227996826172,30.779750000000007,50.77020263671875,Sat
30.789749999999998,52.63029861450195,30.789749999999998,105.87205505371094,31.69975,15.016376495361328,30.789749999999998,84.38629150390625,30.789749999999998,50.25754928588867,Sat
30.799750000000003,51.789058685302734,30.799750000000003,106.0138931274414,31.70975,14.83371353149414,30.799750000000003,84.47786712646484,30.799750000000003,49.758827209472656,Sat
30.80975,50.98224258422852,30.80975,106.13717651367188,31.719749999999998,14.671076774597168,30.80975,84.55829620361328,30.80975,49.2635612487793,Sat
30.819750000000006,50.16293716430664,30.819750000000006,106.2703857421875,31.729750000000003,14.510903358459473,30.81975,84.66233825683594,30.819750000000006,48.78647613525391,Sat
30.829750000000004,49.30685806274414,30.829750000000004,106.40848541259766,31.73975,14.351225852966309,30.829750000000004,84.78260803222656,30.829750000000004,48.35025787353516,Sat
30.839750000000002,48.44294738769531,30.839750000000002,106.54015350341795,31.749750000000006,14.189390182495115,30.839750000000002,84.90006256103516,30.839750000000002,47.97817993164063,Sat
30.84975,47.604129791259766,30.849750000000007,106.67639923095705,31.759750000000004,14.001009941101074,30.84975,85.01677703857422,30.849750000000007,47.62313079833984,Sat
30.85975,46.808536529541016,30.85975,106.7997817993164,31.769750000000002,13.823893547058104,30.85975,85.15149688720703,30.85975,47.289947509765625,Sat
30.869750000000003,46.03473663330078,30.869750000000003,106.90811157226562,31.77975,13.65977382659912,30.869750000000003,85.27022552490234,30.869750000000003,46.96471786499024,Sat
30.87975,45.22209930419922,30.87975000000001,107.00701904296876,31.789749999999998,13.584607124328612,30.87975,85.36663055419922,30.87975,46.726051330566406,Sat
30.889750000000006,44.37530899047852,30.88975,107.09980010986328,31.799750000000003,13.45395851135254,30.88975,85.43600463867188,30.889750000000006,46.512351989746094,Sat
30.899750000000004,43.51606750488281,30.899750000000004,107.19829559326172,31.80975,13.399247169494627,30.899750000000004,85.47712707519531,30.899750000000004,46.30830001831055,Sat
30.909750000000003,42.66767120361328,30.909750000000003,107.30810546875,31.819750000000006,13.26745319366455,30.909750000000003,85.5061264038086,30.909750000000003,46.148712158203125,Sat
30.91975,41.843074798583984,30.91975,107.40446472167967,31.829750000000004,13.202040672302246,30.91975,85.5385971069336,30.919750000000008,46.03343200683594,Sat
30.929750000000006,41.06836700439453,30.929750000000006,107.4965362548828,31.839750000000002,13.18244457244873,30.92975,85.5653305053711,30.929750000000006,45.97053909301758,Sat
30.939750000000004,40.3470573425293,30.939750000000004,107.5722885131836,31.84975,13.13886833190918,30.939750000000004,85.58428955078125,30.939750000000004,45.99313354492188,Sat
30.94975,39.62253189086914,30.94975,107.614990234375,31.85975,13.129267692565918,30.94975,85.59573364257812,30.94975,46.04906845092773,Sat
30.95975,38.90106964111328,30.959750000000007,107.64732360839844,31.869750000000003,13.105341911315918,30.95975,85.60213470458984,30.959750000000007,46.09980773925781,Sat
30.969749999999998,38.18917465209961,30.969749999999998,107.67497253417967,31.87975,12.991915702819824,30.969749999999998,85.6031494140625,30.969749999999998,46.16460037231445,Sat
30.979750000000003,37.46467971801758,30.979750000000003,107.69400787353516,31.88975,12.875277519226074,30.979750000000003,85.5950698852539,30.979750000000003,46.2391242980957,Sat
30.98975,36.747520446777344,30.989750000000008,107.70215606689452,31.899750000000004,12.859955787658691,30.98975,85.58329772949219,30.989750000000008,46.29362106323242,Sat
30.999750000000006,36.05375671386719,30.99975,107.70418548583984,31.909750000000003,12.779053688049316,30.99975,85.56849670410156,30.999750000000006,46.32331085205078,Sat
31.009750000000004,35.372596740722656,31.009750000000004,107.69485473632812,31.91975,12.678668975830078,31.009750000000004,85.5483627319336,31.009750000000004,46.399192810058594,Sat
31.019750000000002,34.68353271484375,31.019750000000002,107.67237854003906,31.929750000000006,12.573028564453123,31.019750000000002,85.51915740966797,31.019750000000002,46.50105285644531,Sat
31.02975,34.01024627685547,31.02975,107.61226654052734,31.939750000000004,12.53880214691162,31.02975,85.48401641845703,31.029750000000007,46.548561096191406,Sat
31.039749999999998,33.36726760864258,31.039749999999998,107.53411102294922,31.94975,12.564032554626465,31.039749999999998,85.4593276977539,31.039749999999998,46.62498474121094,Sat
31.049750000000003,32.761234283447266,31.049750000000003,107.43455505371094,31.95975,12.568909645080566,31.049750000000003,85.44988250732422,31.049750000000003,46.76018142700195,Sat
31.05975,32.17707443237305,31.05975,107.359619140625,31.969749999999998,12.61264705657959,31.05975,85.44417572021484,31.05975,46.922969818115234,Sat
31.069750000000006,31.59996795654297,31.069750000000006,107.28137969970705,31.979750000000003,12.672844886779783,31.06975,85.44391632080078,31.069750000000006,47.089874267578125,Sat
31.079750000000004,31.027727127075195,31.079750000000004,107.18466186523438,31.98975,12.71742057800293,31.079750000000004,85.44161224365234,31.079750000000004,47.24906539916992,Sat
31.089750000000002,30.446533203125,31.089750000000002,107.08966827392578,31.999750000000006,12.789554595947266,31.089750000000002,85.4385757446289,31.089750000000002,47.374698638916016,Sat
31.09975,29.878755569458008,31.099750000000007,106.97940063476562,32.009750000000004,12.832468032836914,31.09975,85.42339324951172,31.099750000000007,47.48202896118164,Sat
31.10975,29.33125877380371,31.10975,106.85296630859376,32.01975,12.83115005493164,31.10975,85.4061050415039,31.10975,47.59487533569336,Sat
31.119750000000003,28.826942443847656,31.119750000000003,106.70978546142578,32.02975,12.86095142364502,31.119750000000003,85.39837646484375,31.119750000000003,47.77922821044922,Sat
31.12975,28.360225677490234,31.12975000000001,106.56266021728516,32.03975,12.902325630187988,31.12975,85.3949966430664,31.12975,48.03733825683594,Sat
31.139750000000006,27.8929443359375,31.13975,106.42030334472656,32.04975,12.9072904586792,31.13975,85.39215087890625,31.139750000000006,48.31969833374024,Sat
31.149750000000004,27.42130470275879,31.149750000000004,106.27790069580078,32.05975,12.869019508361816,31.149750000000004,85.39030456542969,31.149750000000004,48.63759613037109,Sat
31.159750000000003,26.963001251220703,31.159750000000003,106.12925720214844,32.069750000000006,12.873546600341797,31.159750000000003,85.39337158203125,31.159750000000003,48.96035385131836,Sat
31.16975,26.50741577148437,31.16975,105.98190307617188,32.079750000000004,12.930747985839844,31.16975,85.40992736816406,31.169750000000008,49.2373161315918,Sat
31.179750000000006,26.04671859741211,31.179750000000006,105.83639526367188,32.08975,12.96013069152832,31.17975,85.42520141601562,31.179750000000006,49.49721145629883,Sat
31.189750000000004,25.57453155517578,31.189750000000004,105.69638061523438,32.09975,13.001895904541016,31.189750000000004,85.42594909667969,31.189750000000004,49.61240005493164,Sat
31.19975,25.11488342285156,31.19975,105.56748962402344,32.10975,13.03675365447998,31.19975,85.42011260986328,31.19975,49.624778747558594,Sat
31.20975,24.672754287719727,31.209750000000007,105.43780517578124,32.11975,13.054286003112791,31.20975,85.41694641113281,31.209750000000007,49.661094665527344,Sat
31.219749999999998,24.253557205200195,31.219749999999998,105.30426788330078,32.12975,13.049822807312012,31.219749999999998,85.42544555664062,31.219749999999998,49.80904006958008,Sat
31.229750000000003,23.83866310119629,31.229750000000003,105.17132568359376,32.13975,13.077309608459473,31.229750000000003,85.44051361083984,31.229750000000003,50.055213928222656,Sat
31.23975,23.422157287597656,31.239750000000008,105.04242706298828,32.149750000000004,13.083657264709473,31.23975,85.45674133300781,31.239750000000008,50.36663818359375,Sat
31.249750000000006,22.993764877319336,31.24975,104.9179916381836,32.15975,13.06278133392334,31.24975,85.46923065185547,31.249750000000006,50.6793327331543,Sat
31.259750000000004,22.54742813110352,31.259750000000004,104.80099487304688,32.16975,13.044995307922363,31.259750000000004,85.4722671508789,31.259750000000004,50.95807647705078,Sat
31.269750000000002,22.103849411010746,31.269750000000002,104.6882553100586,32.179750000000006,13.06178855895996,31.269750000000002,85.46833038330078,31.269750000000002,51.27632141113281,Sat
31.27975,21.66266822814941,31.27975,104.57613372802734,32.189750000000004,13.05732536315918,31.27975,85.4699478149414,31.279750000000007,51.67564392089844,Sat
31.289749999999998,21.23461532592773,31.289749999999998,104.45311737060548,32.19975,13.03492546081543,31.289749999999998,85.46736907958984,31.289749999999998,52.15764236450195,Sat
31.299750000000003,20.83647727966309,31.299750000000003,104.32689666748048,32.20975,13.021003723144531,31.299750000000003,85.46015930175781,31.299750000000003,52.710487365722656,Sat
31.30975,20.441267013549805,31.30975,104.20018005371094,32.21975,13.025423049926758,31.30975,85.4514389038086,31.30975,53.321754455566406,Sat
31.319750000000006,20.04906463623047,31.319750000000006,104.06591796875,32.22975,13.05070972442627,31.31975,85.45020294189453,31.319750000000006,54.04186248779297,Sat
31.329750000000004,19.64981842041016,31.329750000000004,103.91981506347656,32.23975,13.067951202392578,31.329750000000004,85.45513153076172,31.329750000000004,54.80249786376953,Sat
31.339750000000002,19.25691032409668,31.339750000000002,103.77090454101562,32.249750000000006,13.066557884216309,31.339750000000002,85.46540069580078,31.339750000000002,55.56740951538086,Sat
31.34975,18.8734073638916,31.349750000000007,103.62223052978516,32.259750000000004,13.080289840698242,31.34975,85.47584533691406,31.349750000000007,56.31962966918945,Sat
31.35975,18.50318717956543,31.35975,103.47914123535156,32.26975,13.084888458251951,31.35975,85.48783111572266,31.35975,57.05721282958984,Sat
31.369750000000003,18.158451080322266,31.369750000000003,103.32691955566406,32.27975,13.077940940856934,31.369750000000003,85.4957046508789,31.369750000000003,57.77323913574219,Sat
31.37975,17.836620330810547,31.37975000000001,103.167236328125,32.28975,13.100545883178713,31.37975,85.4994888305664,31.37975,58.43764114379883,Sat
31.389750000000006,17.510141372680664,31.38975,103.000732421875,32.29975,13.124945640563965,31.38975,85.49812316894531,31.389750000000006,59.06467056274414,Sat
31.399750000000004,17.190074920654297,31.399750000000004,102.83374786376952,32.30975,13.122135162353516,31.399750000000004,85.48556518554688,31.399750000000004,59.74441146850586,Sat
31.409750000000003,16.88376808166504,31.409750000000003,102.67091369628906,32.319750000000006,13.11765480041504,31.409750000000003,85.4655532836914,31.409750000000003,60.45979309082031,Sat
31.41975,16.611072540283203,31.41975,102.51426696777344,32.329750000000004,13.118696212768556,31.41975,85.46533966064453,31.419750000000008,61.16210174560547,Sat
31.429750000000006,16.399425506591797,31.429750000000006,102.3664093017578,32.33975,13.126543998718262,31.42975,85.46568298339844,31.429750000000006,61.85409927368164,Sat
31.439750000000004,16.237131118774414,31.439750000000004,102.21697998046876,32.34975,13.135616302490234,31.439750000000004,85.4740219116211,31.439750000000004,62.5478515625,Sat
31.44975,16.099132537841797,31.44975,102.07483673095705,32.35975,13.142215728759766,31.44975,85.49105072021484,31.44975,63.23754119873047,Sat
31.45975,15.98350715637207,31.459750000000007,101.94386291503906,32.36975,13.1386079788208,31.45975,85.49759674072266,31.459750000000007,63.93056869506836,Sat
31.469749999999998,15.864249229431152,31.469749999999998,101.81673431396484,32.37975,13.12253189086914,31.469749999999998,85.4892578125,31.469749999999998,64.65951538085938,Sat
31.479750000000003,15.7247953414917,31.479750000000003,101.68843841552734,32.38975,13.092569351196287,31.479750000000003,85.4695053100586,31.479750000000003,65.41736602783203,Sat
31.48975,15.553972244262695,31.489750000000008,101.57913970947266,32.399750000000004,13.041692733764648,31.48975,85.43920135498047,31.489750000000008,66.17744445800781,Sat
31.499750000000006,15.360450744628906,31.49975,101.48841094970705,32.40975,12.995964050292969,31.49975,85.40348052978516,31.499750000000006,66.93500518798828,Sat
31.509750000000004,15.16901969909668,31.509750000000004,101.39810180664062,32.41975,12.977434158325195,31.509750000000004,85.36307525634766,31.509750000000004,67.67984008789062,Sat
31.519750000000002,14.991613388061523,31.519750000000002,101.29849243164062,32.429750000000006,12.957537651062012,31.519750000000002,85.33216094970703,31.519750000000002,68.40282440185547,Sat
31.52975,14.858633041381836,31.52975,101.20310974121094,32.439750000000004,12.939353942871094,31.52975,85.31721496582031,31.529750000000007,69.13804626464844,Sat
31.539749999999998,14.750951766967772,31.539749999999998,101.11793518066406,32.44975,12.92535400390625,31.539749999999998,85.2962875366211,31.539749999999998,69.89278411865234,Sat
31.549750000000003,14.655362129211426,31.549750000000003,101.04576110839844,32.45975,12.913753509521484,31.549750000000003,85.26516723632812,31.549750000000003,70.64981079101562,Sat
31.55975,14.558998107910156,31.55975,100.98294067382812,32.46975,12.898430824279783,31.55975,85.22235107421875,31.55975,71.40145874023438,Sat
31.569750000000006,14.45720100402832,31.569750000000006,100.91806030273438,32.47975,12.894980430603027,31.56975,85.17510986328125,31.569750000000006,72.13345336914062,Sat
31.579750000000004,14.357436180114746,31.579750000000004,100.85916900634766,32.48975,12.88933563232422,31.579750000000004,85.11915588378906,31.579750000000004,72.84403991699219,Sat
31.589750000000002,14.249920845031738,31.589750000000002,100.80223083496094,32.499750000000006,12.88824462890625,31.589750000000002,85.04463195800781,31.589750000000002,73.52816772460938,Sat
31.59975,14.141528129577637,31.599750000000007,100.74861907958984,32.509750000000004,12.891535758972168,31.59975,84.97276306152344,31.599750000000007,74.1905288696289,Sat
31.60975,14.032672882080078,31.60975,100.69489288330078,32.51975,12.894497871398926,31.60975,84.90584564208984,31.60975,74.8324966430664,Sat
31.619750000000003,13.91175937652588,31.619750000000003,100.64434051513672,32.52975,12.897677421569824,31.619750000000003,84.84203338623047,31.619750000000003,75.4698486328125,Sat
31.62975,13.786361694335938,31.62975000000001,100.59642028808594,32.53975,12.899147987365724,31.62975,84.78214263916016,31.62975,76.09844970703125,Sat
31.639750000000006,13.679705619812012,31.63975,100.55713653564452,32.54975,12.89756202697754,31.63975,84.71976470947266,31.639750000000006,76.71588897705078,Sat
31.649750000000004,13.58359432220459,31.649750000000004,100.51588439941406,32.55975,12.899171829223633,31.649750000000004,84.64433288574219,31.649750000000004,77.33309173583984,Sat
31.659750000000003,13.500384330749512,31.659750000000003,100.47249603271484,32.569750000000006,12.91611385345459,31.659750000000003,84.5648422241211,31.659750000000003,77.94880676269531,Sat
31.66975,13.41551399230957,31.66975,100.42375183105467,32.579750000000004,12.917232513427734,31.66975,84.4925537109375,31.669750000000008,78.55303955078125,Sat
31.679750000000006,13.332337379455566,31.679750000000006,100.37245178222656,32.58975,12.912469863891602,31.67975,84.43257141113281,31.679750000000006,79.13822937011719,Sat
31.689750000000004,13.23568058013916,31.689750000000004,100.31529998779295,32.59975,12.904603004455566,31.689750000000004,84.37872314453125,31.689750000000004,79.69058227539062,Sat
31.69975,13.13918113708496,31.69975,100.27007293701172,32.60975,12.918828964233398,31.69975,84.3320083618164,31.69975,80.22574615478516,Sat
31.70975,13.066770553588867,31.709750000000007,100.2424087524414,32.61975,12.916275024414062,31.70975,84.29317474365234,31.709750000000007,80.74136352539062,Sat
31.719749999999998,13.008708000183104,31.719749999999998,100.22171783447266,32.62975,12.919737815856934,31.719749999999998,84.2517318725586,31.719749999999998,81.21334075927734,Sat
31.729750000000003,12.959029197692873,31.729750000000003,100.21426391601562,32.63975,12.938551902770996,31.729750000000003,84.2043685913086,31.729750000000003,81.65397644042969,Sat
31.73975,12.899927139282228,31.739750000000008,100.21598052978516,32.649750000000004,12.953036308288574,31.73975,84.13622283935547,31.739750000000008,82.0770492553711,Sat
31.749750000000006,12.824100494384766,31.74975,100.21412658691406,32.65975,12.96053695678711,31.74975,84.05821990966797,31.749750000000006,82.48307800292969,Sat
31.759750000000004,12.738311767578123,31.759750000000004,100.21086120605467,32.66975,12.961099624633787,31.759750000000004,83.97602081298828,31.759750000000004,82.87311553955078,Sat
31.769750000000002,12.64930820465088,31.769750000000002,100.20570373535156,32.679750000000006,12.962646484375,31.769750000000002,83.88921356201172,31.769750000000002,83.26211547851562,Sat
31.77975,12.53732204437256,31.77975,100.20689392089844,32.689750000000004,12.961334228515623,31.77975,83.82600402832031,31.779750000000007,83.62265014648438,Sat
31.789749999999998,12.418453216552734,31.789749999999998,100.21148681640624,32.69975,12.948699951171877,31.789749999999998,83.77153778076172,31.789749999999998,83.96304321289062,Sat
31.799750000000003,12.315728187561035,31.799750000000003,100.21955108642578,32.70975,12.933521270751951,31.799750000000003,83.71760559082031,31.799750000000003,84.282470703125,Sat
31.80975,12.241124153137209,31.80975,100.2240753173828,32.71975,12.927623748779297,31.80975,83.66952514648438,31.80975,84.58387756347656,Sat
31.819750000000006,12.19204330444336,31.819750000000006,100.22216796875,32.72975,12.926153182983398,31.81975,83.62078094482422,31.819750000000006,84.87679290771484,Sat
31.829750000000004,12.151748657226562,31.829750000000004,100.20988464355467,32.73975,12.923456192016602,31.829750000000004,83.57819366455078,31.829750000000004,85.1650390625,Sat
31.839750000000002,12.100752830505373,31.839750000000002,100.20140838623048,32.749750000000006,12.925403594970703,31.839750000000002,83.53311920166016,31.839750000000002,85.45906066894531,Sat
31.84975,12.04114818572998,31.849750000000007,100.2109146118164,32.759750000000004,12.933319091796877,31.84975,83.4909439086914,31.849750000000007,85.75662231445312,Sat
31.85975,11.97035026550293,31.85975,100.24034881591795,32.76975,12.935978889465332,31.85975,83.44921875,31.85975,86.04338836669922,Sat
31.869750000000003,11.869977951049805,31.869750000000003,100.27218627929688,32.77975,12.945616722106934,31.869750000000003,83.40079498291016,31.869750000000003,86.32279968261719,Sat
31.87975,11.759669303894045,31.87975000000001,100.29801177978516,32.78975,12.96135425567627,31.87975,83.3337631225586,31.87975,86.59927368164062,Sat
31.889750000000006,11.674345970153809,31.88975,100.30203247070312,32.79975,12.97453498840332,31.88975,83.24929809570312,31.889750000000006,86.85905456542969,Sat
31.899750000000004,11.615052223205566,31.899750000000004,100.29698181152344,32.80975,12.98180103302002,31.899750000000004,83.13835144042969,31.899750000000004,87.09140014648438,Sat
31.909750000000003,11.580585479736328,31.909750000000003,100.28713989257812,32.819750000000006,12.98507308959961,31.909750000000003,83.02328491210938,31.909750000000003,87.29171752929688,Sat
31.91975,11.578157424926758,31.91975,100.28411102294922,32.829750000000004,12.987323760986328,31.91975,82.90662384033203,31.919750000000008,87.47669219970703,Sat
31.929750000000006,11.585914611816406,31.929750000000006,100.29193115234376,32.83975,12.980271339416504,31.92975,82.7998275756836,31.929750000000006,87.66033935546875,Sat
31.939750000000004,11.59095573425293,31.939750000000004,100.31118774414062,32.84975,12.983070373535156,31.939750000000004,82.71759796142578,31.939750000000004,87.8441162109375,Sat
31.94975,11.575148582458496,31.94975,100.329833984375,32.85975,12.972389221191406,31.94975,82.6484146118164,31.94975,88.03038787841797,Sat
31.95975,11.5162353515625,31.959750000000007,100.35591888427734,32.86975,12.936971664428713,31.95975,82.59933471679688,31.959750000000007,88.226806640625,Sat
31.969749999999998,11.43089771270752,31.969749999999998,100.380126953125,32.87975,12.938406944274902,31.969749999999998,82.55870819091797,31.969749999999998,88.43968963623047,Sat
31.979750000000003,11.34551239013672,31.979750000000003,100.39281463623048,32.88975,12.936302185058594,31.979750000000003,82.51898193359375,31.979750000000003,88.65353393554688,Sat
31.98975,11.284475326538086,31.989750000000008,100.39850616455078,32.899750000000004,12.929553031921388,31.98975,82.48214721679688,31.989750000000008,88.85442352294922,Sat
31.999750000000006,11.260802268981934,31.99975,100.40203094482422,32.90975,12.924924850463867,31.99975,82.44544982910156,31.999750000000006,89.0299301147461,Sat
32.009750000000004,11.269251823425291,32.009750000000004,100.41317749023438,32.91975,12.920145988464355,32.009750000000004,82.41728210449219,32.009750000000004,89.17337036132812,Sat
32.01975,11.303353309631348,32.01975,100.43466186523438,32.929750000000006,12.914600372314451,32.01975,82.39300537109375,32.01975,89.29167175292969,Sat
32.02975,11.3590087890625,32.02975,100.47023010253906,32.939750000000004,12.91456413269043,32.02975,82.3816909790039,32.02975000000001,89.3949203491211,Sat
32.03975,11.420639038085938,32.03975,100.50888061523438,32.94975,12.916157722473145,32.03975,82.37650299072266,32.03975,89.49382781982422,Sat
32.04975,11.450346946716309,32.04975,100.54725646972656,32.95975,12.919599533081056,32.04975,82.38409423828125,32.04975,89.59320831298828,Sat
32.05975,11.43699550628662,32.05975,100.59163665771484,32.96975,12.921695709228516,32.05975,82.3895492553711,32.05975,89.70453643798828,Sat
32.069750000000006,11.40713119506836,32.069750000000006,100.6235809326172,32.97975,12.926684379577637,32.06975,82.40424346923828,32.069750000000006,89.83308410644531,Sat
32.079750000000004,11.37660789489746,32.079750000000004,100.643798828125,32.98975,12.93804168701172,32.079750000000004,82.44081115722656,32.079750000000004,89.97142791748047,Sat
32.08975,11.356783866882324,32.08975,100.65090942382812,32.999750000000006,12.955795288085938,32.08975,82.44713592529297,32.08975,90.1002426147461,Sat
32.09975,11.358968734741213,32.09975000000001,100.66378021240234,33.009750000000004,12.979044914245604,32.09975,82.46991729736328,32.09975000000001,90.21915435791016,Sat
32.10975,11.365364074707031,32.10975,100.68230438232422,33.01975,13.000516891479492,32.10975,82.47850799560547,32.10975,90.3191375732422,Sat
32.11975,11.39932918548584,32.11975,100.6996078491211,33.02975,13.012693405151367,32.11975,82.4961166381836,32.11975,90.4047393798828,Sat
32.12975,11.4347505569458,32.12975000000001,100.72225952148438,33.03975,13.011585235595703,32.12975,82.52088928222656,32.12975,90.48009490966795,Sat
32.13975000000001,11.459095001220703,32.13975,100.7427749633789,33.04975,13.009466171264648,32.13975,82.55230712890625,32.13975000000001,90.55052185058594,Sat
32.149750000000004,11.478723526000977,32.149750000000004,100.75076293945312,33.05975,13.000386238098145,32.149750000000004,82.59855651855469,32.149750000000004,90.62364196777344,Sat
32.15975,11.493659973144531,32.15975,100.7640609741211,33.069750000000006,12.99253749847412,32.15975,82.65110778808594,32.15975,90.70291900634766,Sat
32.16975,11.504476547241213,32.16975,100.77271270751952,33.079750000000004,12.985772132873535,32.16975,82.71758270263672,32.16975000000001,90.78498077392578,Sat
32.179750000000006,11.510040283203123,32.179750000000006,100.78073120117188,33.08975,12.98287582397461,32.17975,82.78709411621094,32.179750000000006,90.86466979980467,Sat
32.189750000000004,11.516915321350098,32.189750000000004,100.79071044921876,33.09975,12.973673820495604,32.189750000000004,82.85978698730469,32.189750000000004,90.9375457763672,Sat
32.19975,11.514273643493652,32.19975,100.79711151123048,33.10975,12.971860885620115,32.19975,82.9350357055664,32.19975,90.99918365478516,Sat
32.20975,11.510027885437012,32.20975000000001,100.79834747314452,33.11975,12.967181205749512,32.20975,83.00765991210938,32.20975000000001,91.05282592773438,Sat
32.21975,11.503504753112791,32.21975,100.80305480957033,33.12975,12.965240478515623,32.21975,83.07283782958984,32.21975,91.0995101928711,Sat
32.22975,11.504258155822754,32.22975,100.80583953857422,33.13975,12.966418266296388,32.22975,83.12561798095703,32.22975,91.14511108398438,Sat
32.23975,11.515896797180176,32.23975000000001,100.80237579345705,33.149750000000004,12.968931198120115,32.23975,83.16658020019531,32.23975000000001,91.18482208251952,Sat
32.249750000000006,11.53119945526123,32.24975,100.797607421875,33.15975,12.967641830444336,32.24975,83.19695281982422,32.249750000000006,91.2215805053711,Sat
32.259750000000004,11.546503067016602,32.259750000000004,100.79458618164062,33.16975,12.968274116516112,32.259750000000004,83.21728515625,32.259750000000004,91.25000762939452,Sat
32.26975,11.556796073913574,32.26975,100.78992462158205,33.179750000000006,12.973343849182127,32.26975,83.23336029052734,32.26975,91.26825714111328,Sat
32.27975,11.563827514648438,32.27975,100.78621673583984,33.189750000000004,12.972616195678713,32.27975,83.24583435058594,32.27975000000001,91.28104400634766,Sat
32.28975,11.57280158996582,32.28975,100.78181457519533,33.19975,12.97141170501709,32.28975,83.25589752197266,32.28975,91.29473876953124,Sat
32.29975,11.575899124145508,32.29975,100.77597045898438,33.20975,12.972368240356444,32.29975,83.26631927490234,32.29975,91.3243637084961,Sat
32.30975,11.562284469604492,32.30975,100.77302551269533,33.21975,12.980810165405272,32.30975,83.2811508178711,32.30975,91.3389892578125,Sat
32.319750000000006,11.540297508239746,32.319750000000006,100.7725601196289,33.22975,12.98241138458252,32.31975,83.29541778564453,32.319750000000006,91.3545913696289,Sat
32.329750000000004,11.524065971374512,32.329750000000004,100.76716613769533,33.23975,12.989632606506348,32.329750000000004,83.30677795410156,32.329750000000004,91.37348175048828,Sat
32.33975,11.516277313232422,32.33975,100.7618408203125,33.249750000000006,13.004488945007324,32.33975,83.31566619873047,32.33975,91.39595794677734,Sat
32.34975,11.502720832824709,32.34975000000001,100.76087951660156,33.259750000000004,13.017548561096191,32.34975,83.32498931884766,32.34975000000001,91.42341613769533,Sat
32.35975,11.489608764648438,32.35975,100.76429748535156,33.26975,13.028105735778809,32.35975,83.33173370361328,32.35975,91.45266723632812,Sat
32.36975,11.473074913024902,32.36975,100.7741470336914,33.27975,13.038016319274902,32.36975,83.33761596679688,32.36975,91.47838592529295,Sat
32.37975,11.454729080200195,32.37975000000001,100.78192901611328,33.28975,13.04295539855957,32.37975,83.34146118164062,32.37975,91.50629425048828,Sat
32.38975000000001,11.432682037353516,32.38975,100.79232025146484,33.29975,13.046147346496582,32.38975,83.34610748291016,32.38975000000001,91.53565979003906,Sat
32.399750000000004,11.425641059875488,32.399750000000004,100.79904174804688,33.30975,13.045896530151367,32.399750000000004,83.35066223144531,32.399750000000004,91.55694580078124,Sat
32.40975,11.421982765197754,32.40975,100.80585479736328,33.319750000000006,13.040901184082031,32.40975,83.35298156738281,32.40975,91.57353973388672,Sat
32.41975,11.412144660949709,32.41975,100.81414794921876,33.329750000000004,13.03165340423584,32.41975,83.35262298583984,32.41975000000001,91.58918762207033,Sat
32.429750000000006,11.4071044921875,32.429750000000006,100.81454467773438,33.33975,13.019347190856934,32.42975,83.35205841064453,32.429750000000006,91.6050033569336,Sat
32.439750000000004,11.396934509277344,32.439750000000004,100.81501007080078,33.34975,13.00804615020752,32.439750000000004,83.35420989990234,32.439750000000004,91.6207504272461,Sat
32.44975,11.390887260437012,32.44975,100.82109832763672,33.35975,13.005134582519531,32.44975,83.353271484375,32.44975,91.6379165649414,Sat
32.45975,11.383554458618164,32.45975000000001,100.83080291748048,33.36975,12.998373031616213,32.45975,83.35365295410156,32.45975000000001,91.6565170288086,Sat
32.46975,11.37650203704834,32.46975,100.84008026123048,33.37975,12.995657920837402,32.46975,83.35380554199219,32.46975,91.67093658447266,Sat
32.47975,11.36971378326416,32.47975,100.84758758544922,33.38975,12.999152183532717,32.47975,83.35187530517578,32.47975,91.69043731689452,Sat
32.48975,11.374130249023438,32.48975000000001,100.85275268554688,33.399750000000004,13.002978324890137,32.48975,83.35417175292969,32.48975000000001,91.73802185058594,Sat
32.499750000000006,11.372461318969728,32.49975,100.8593292236328,33.40975,13.00147819519043,32.49975,83.35684204101562,32.499750000000006,91.76968383789062,Sat
32.509750000000004,11.366328239440918,32.509750000000004,100.86994934082033,33.41975,12.998818397521973,32.509750000000004,83.35909271240234,32.509750000000004,91.78784942626952,Standing up
32.51975,11.363640785217283,32.51975,100.87935638427734,33.429750000000006,13.00035285949707,32.51975,83.35848236083984,32.51975,91.7957534790039,Standing up
32.52975,11.36912441253662,32.52975,100.88467407226562,33.439750000000004,12.996411323547363,32.52975,83.36017608642578,32.52975000000001,91.82054138183594,Standing up
32.53975,11.366180419921877,32.53975,100.88580322265624,33.44975,12.988540649414062,32.53975,83.35872650146484,32.53975,91.84786224365234,Standing up
32.54975,11.359500885009766,32.54975,100.89071655273438,33.45975,12.977945327758787,32.54975,83.35863494873047,32.54975,91.88799285888672,Standing up
32.55975,11.352813720703123,32.55975,100.90137481689452,33.46975,12.970308303833008,32.55975,83.36054992675781,32.55975,91.89529418945312,Standing up
32.569750000000006,11.352828979492188,32.569750000000006,100.90975189208984,33.47975,12.967931747436523,32.56975,83.35812377929688,32.569750000000006,91.89739227294922,Standing up
32.579750000000004,11.361494064331056,32.579750000000004,100.91595458984376,33.48975,12.970172882080078,32.579750000000004,83.35569763183594,32.579750000000004,91.89545440673828,Standing up
32.58975,11.368037223815918,32.58975,100.91976165771484,33.499750000000006,12.976935386657717,32.58975,83.35338592529297,32.58975,91.88665771484376,Standing up
32.59975,11.369966506958008,32.59975000000001,100.92413330078124,33.509750000000004,12.988544464111328,32.59975,83.35013580322266,32.59975000000001,91.8741455078125,Standing up
32.60975,11.37474536895752,32.60975,100.93051147460938,33.51975,12.99606990814209,32.60975,83.34962463378906,32.60975,91.8597412109375,Standing up
32.61975,11.378358840942385,32.61975,100.93669128417967,33.52975,13.005578994750977,32.61975,83.34574127197266,32.61975,91.84383392333984,Standing up
32.62975,11.389431953430176,32.62975000000001,100.94258880615234,33.53975,13.01619815826416,32.62975,83.34104919433594,32.62975,91.82752990722656,Standing up
32.63975000000001,11.402154922485352,32.63975,100.9481201171875,33.54975,13.024025917053224,32.63975,83.33895874023438,32.63975000000001,91.8126220703125,Standing up
32.649750000000004,11.404580116271973,32.649750000000004,100.9543228149414,33.55975,13.02953815460205,32.649750000000004,83.33799743652344,32.649750000000004,91.79937744140624,Standing up
32.65975,11.398805618286133,32.65975,100.96967315673828,33.569750000000006,13.035528182983398,32.65975,83.34125518798828,32.65975,91.7897720336914,Standing up
32.66975,11.386042594909668,32.66975,100.98676300048828,33.579750000000004,13.038689613342283,32.66975,83.34371948242188,32.66975000000001,91.78545379638672,Standing up
32.679750000000006,11.36903190612793,32.679750000000006,100.9948272705078,33.58975,13.040532112121582,32.67975,83.3465347290039,32.679750000000006,91.78252410888672,Standing up
32.689750000000004,11.355502128601074,32.689750000000004,101.00108337402344,33.59975,13.04249382019043,32.689750000000004,83.34762573242188,32.689750000000004,91.78541564941406,Standing up
32.69975,11.34543514251709,32.69975,101.01517486572266,33.60975,13.04443073272705,32.69975,83.34759521484375,32.69975,91.7868194580078,Standing up
32.70975,11.335305213928224,32.70975000000001,101.02315521240234,33.61975,13.043115615844728,32.70975,83.34780883789062,32.70975000000001,91.7808074951172,Standing up
32.71975,11.338604927062988,32.71975,101.02796936035156,33.62975,13.034958839416504,32.71975,83.34671020507812,32.71975,91.77223205566406,Standing up
32.72975,11.348684310913086,32.72975,101.03181457519533,33.63975,13.022096633911133,32.72975,83.34160614013672,32.72975,91.76561737060548,Standing up
32.73975,11.3524751663208,32.73975000000001,101.03668212890624,33.649750000000004,13.008479118347168,32.73975,83.33458709716797,32.73975000000001,91.7549819946289,Standing up
32.749750000000006,11.359970092773438,32.74975,101.04039001464844,33.65975,12.999749183654783,32.74975,83.33501434326172,32.749750000000006,91.73908996582033,Standing up
32.759750000000004,11.357558250427246,32.759750000000004,101.04480743408205,33.66975,12.995664596557615,32.759750000000004,83.33585357666016,32.759750000000004,91.7220230102539,Standing up
32.76975,11.345780372619627,32.76975,101.05345916748048,33.679750000000006,12.991193771362305,32.76975,83.3372573852539,32.76975,91.70549011230467,Standing up
32.77975,11.33843994140625,32.77975,101.06094360351562,33.689750000000004,12.98808479309082,32.77975,83.34029388427734,32.77975000000001,91.6906280517578,Standing up
32.78975,11.30165958404541,32.78975,101.06588745117188,33.69975,12.982250213623049,32.78975,83.3443374633789,32.78975,91.67422485351562,Standing up
32.79975,11.277742385864258,32.79975,101.0721435546875,33.70975,12.979365348815918,32.79975,83.3465347290039,32.79975,91.65876007080078,Standing up
32.80975,11.271586418151855,32.80975,101.07882690429688,33.71975,12.976475715637209,32.80975,83.34733581542969,32.80975,91.6480712890625,Standing up
32.819750000000006,11.270764350891112,32.819750000000006,101.08567810058594,,,32.81975,83.34890747070312,32.819750000000006,91.63591003417967,Standing up
32.829750000000004,11.252581596374512,32.829750000000004,101.09373474121094,,,32.829750000000004,83.35032653808594,32.829750000000004,91.62574005126952,Standing up
32.83975,11.248364448547363,32.83975,101.1024932861328,,,32.83975,83.3494873046875,32.83975,91.62196350097656,Standing up
32.84975,11.24423885345459,32.84975000000001,101.10953521728516,,,32.84975,83.34989166259766,32.84975000000001,91.6251220703125,Standing up
32.85975,11.232431411743164,32.85975,101.1159210205078,,,32.85975,83.35133361816406,32.85975,91.63058471679688,Standing up
32.86975,11.22012996673584,32.86975,101.12267303466795,,,32.86975,83.34963989257812,32.86975,91.63677978515624,Standing up
32.87975,11.216713905334473,32.87975000000001,101.1286392211914,,,32.87975,83.34814453125,32.87975,91.64403533935548,Standing up
32.88975000000001,11.21153163909912,32.88975,101.13832092285156,,,32.88975,83.34854125976562,32.88975000000001,91.65302276611328,Standing up
32.899750000000004,11.2169189453125,32.899750000000004,101.1487274169922,,,32.899750000000004,83.34769439697266,32.899750000000004,91.66217803955078,Standing up
32.90975,11.227006912231444,32.90975,101.17530822753906,,,32.90975,83.34599304199219,32.90975,91.67262268066406,Standing up
32.91975,11.235520362854004,32.91975,101.1961898803711,,,32.91975,83.3468246459961,32.91975000000001,91.68419647216795,Standing up
32.929750000000006,11.242114067077637,32.929750000000006,101.20081329345705,,,32.92975,83.34627532958984,32.929750000000006,91.69775390625,Standing up
32.939750000000004,11.24698257446289,32.939750000000004,101.20183563232422,,,32.939750000000004,83.3454360961914,32.939750000000004,91.7068862915039,Standing up
32.94975,11.25531005859375,32.94975,101.2002410888672,,,32.94975,83.34248352050781,32.94975,91.71307373046876,Standing up
32.95975,11.256391525268556,32.95975000000001,101.19419860839844,,,32.95975,83.3381576538086,32.95975000000001,91.71881103515624,Standing up
32.96975,11.253113746643066,32.96975,101.19007873535156,,,32.96975,83.33245086669922,32.96975,91.72061920166016,Standing up
32.97975,11.25394344329834,32.97975,101.1977310180664,,,32.97975,83.32747650146484,32.97975,91.71952056884766,Standing up
32.98975,11.256171226501465,32.98975000000001,101.20010375976562,,,32.98975,83.32464599609375,32.98975000000001,91.71233367919922,Standing up
32.999750000000006,11.259248733520508,32.99975,101.19852447509766,,,32.99975,83.32494354248047,32.999750000000006,91.70367431640624,Standing up
33.009750000000004,11.263394355773926,33.009750000000004,101.1959457397461,,,33.009750000000004,83.32783508300781,33.009750000000004,91.69683837890624,Standing up
33.01975,11.261343955993652,33.01975,101.1909637451172,,,33.01975,83.33132934570312,33.01975,91.6922607421875,Standing up
33.02975,11.255097389221191,33.02975,101.18798828125,,,33.02975,83.33467102050781,33.02975000000001,91.6892318725586,Standing up
33.03975,11.238512992858888,33.03975,101.18645477294922,,,33.03975,83.33477020263672,33.03975,91.6846160888672,Standing up
33.04975,11.232270240783691,33.04975,101.18738555908205,,,33.04975,83.33477783203125,33.04975,91.6819305419922,Standing up
33.05975,11.234073638916016,33.05975,101.1894073486328,,,33.05975,83.33380126953125,33.05975,91.68331909179688,Standing up
33.069750000000006,11.23133659362793,33.069750000000006,101.19414520263672,,,33.06975,83.33425903320312,33.069750000000006,91.6846923828125,Standing up
33.079750000000004,11.225811958312988,33.079750000000004,101.20695495605467,,,33.079750000000004,83.33622741699219,33.079750000000004,91.68295288085938,Standing up
33.08975,11.215672492980955,33.08975,101.21604919433594,,,33.08975,83.33805084228516,33.08975,91.68504333496094,Standing up
33.09975,11.205507278442385,33.09975000000001,101.22119903564452,,,33.09975,83.33885955810547,33.09975000000001,91.69132995605467,Standing up
33.10975,11.197168350219728,33.10975,101.22246551513672,,,33.10975,83.3370361328125,33.10975,91.7009506225586,Standing up
33.11975,11.189618110656738,33.11975,101.2250747680664,,,33.11975,83.33657836914062,33.11975,91.71556091308594,Standing up
33.12975,11.185107231140137,33.12975000000001,101.2310028076172,,,33.12975,83.33580017089844,33.12975,91.73313903808594,Standing up
33.13975000000001,11.185028076171877,33.13975,101.2335968017578,,,33.13975,83.33370971679688,33.13975000000001,91.7534408569336,Standing up
33.149750000000004,11.193873405456545,33.149750000000004,101.23372650146484,,,33.149750000000004,83.33121490478516,33.149750000000004,91.77216339111328,Standing up
33.15975,11.20793914794922,33.15975,101.2347640991211,,,33.15975,83.33094024658203,33.15975,91.78433990478516,Standing up
33.16975,11.21634006500244,33.16975,101.2420425415039,,,33.16975,83.33057403564453,33.16975000000001,91.79149627685548,Standing up
33.179750000000006,11.217106819152832,33.179750000000006,101.25221252441406,,,33.17975,83.33027648925781,33.179750000000006,91.79700469970705,Standing up
33.189750000000004,11.217724800109863,33.189750000000004,101.25174713134766,,,33.189750000000004,83.32823944091797,33.189750000000004,91.8065948486328,Standing up
33.19975,11.213184356689451,33.19975,101.24898529052734,,,33.19975,83.32323455810547,33.19975,91.817138671875,Standing up
33.20975,11.20937156677246,33.20975000000001,101.2500991821289,,,33.20975,83.32374572753906,33.20975000000001,91.82681274414062,Standing up
33.21975,11.203045845031738,33.21975,101.25312042236328,,,33.21975,83.32459259033203,33.21975,91.83377075195312,Standing up
33.22975,11.195963859558104,33.22975,101.25006103515624,,,33.22975,83.32272338867188,33.22975,91.83845520019533,Standing up
33.23975,11.192949295043944,33.23975000000001,101.24492645263672,,,33.23975,83.3238296508789,33.23975000000001,91.8402099609375,Standing up
33.249750000000006,11.186771392822266,33.24975,101.24315643310548,,,33.24975,83.32582092285156,33.249750000000006,91.86116790771484,Standing up
33.259750000000004,11.175332069396973,33.259750000000004,101.24276733398438,,,33.259750000000004,83.3290786743164,33.259750000000004,91.8766860961914,Standing up
33.26975,11.17152214050293,33.26975,101.23937225341795,,,33.26975,83.33058166503906,33.26975,91.8862533569336,Standing up
33.27975,11.179052352905272,33.27975,101.23693084716795,,,33.27975,83.3321304321289,33.27975000000001,91.8936996459961,Standing up
33.28975,11.18640422821045,33.28975,101.23017120361328,,,33.28975,83.3331527709961,33.28975,91.9034194946289,Standing up
33.29975,11.18957805633545,33.29975,101.22802734375,,,33.29975,83.33533477783203,33.29975,91.9034194946289,Standing up
33.30975,11.184015274047852,33.30975,101.2286148071289,,,33.30975,83.3377456665039,33.30975,91.90187072753906,Standing up
33.319750000000006,11.182600021362305,33.319750000000006,101.23007202148438,,,33.31975,83.33546447753906,33.319750000000006,91.89955139160156,Standing up
33.329750000000004,11.183703422546388,33.329750000000004,101.23383331298828,,,33.329750000000004,83.33222198486328,33.329750000000004,91.8966293334961,Standing up
33.33975,11.170035362243652,33.33975,101.23863983154295,,,33.33975,83.32782745361328,33.33975,91.8963851928711,Standing up
33.34975,11.149327278137209,33.34975000000001,101.244140625,,,33.34975,83.3282470703125,33.34975000000001,91.89678192138672,Standing up
33.35975,11.144708633422852,33.35975,101.25259399414062,,,33.35975,83.33025360107422,33.35975,91.89568328857422,Standing up
33.36975,11.141556739807127,33.36975,101.26310729980467,,,33.36975,83.33289337158203,33.36975,91.89301300048828,Standing up
33.37975,11.135717391967772,33.37975000000001,101.2729034423828,,,33.37975,83.333984375,33.37975,91.89368438720705,Standing up
33.38975000000001,11.134108543395996,33.38975,101.27944946289062,,,33.38975,83.33489990234375,33.38975000000001,91.9011001586914,Standing up
33.399750000000004,11.131990432739258,33.399750000000004,101.28473663330078,,,33.399750000000004,83.3343734741211,33.399750000000004,91.91107177734376,Standing up
33.40975,11.128402709960938,33.40975,101.28897094726562,,,33.40975,83.33358001708984,33.40975,91.92298126220705,Standing up
33.41975,11.12685203552246,33.41975,101.29605102539062,,,33.41975,83.33128356933594,33.41975000000001,91.93508911132812,Standing up
33.429750000000006,11.130501747131348,33.429750000000006,101.30162811279295,,,33.42975,83.3272933959961,33.429750000000006,91.94730377197266,Standing up
33.439750000000004,11.143973350524902,33.439750000000004,101.30289459228516,,,33.439750000000004,83.3240737915039,33.439750000000004,91.9591827392578,Standing up
33.44975,11.154707908630373,33.44975,101.3038558959961,,,33.44975,83.32090759277344,33.44975,91.96898651123048,Standing up
33.45975,11.158377647399902,33.45975000000001,101.3072738647461,,,33.45975,83.32115173339844,33.45975000000001,91.9735336303711,Standing up
33.46975,11.160805702209473,33.46975,101.3154296875,,,33.46975,83.32179260253906,33.46975,91.96925354003906,Standing up
33.47975,11.16371250152588,33.47975,101.31844329833984,,,33.47975,83.31929016113281,33.47975,91.96883392333984,Standing up
33.48975,11.163888931274414,33.48975000000001,101.31794738769533,,,33.48975,83.3197021484375,33.48975000000001,91.97643280029295,Standing up
33.499750000000006,11.167091369628906,33.49975,101.31578826904295,,,33.49975,83.31673431396484,33.499750000000006,91.98786163330078,Standing up
33.509750000000004,11.173409461975098,33.509750000000004,101.31171417236328,,,33.509750000000004,83.31456756591797,33.509750000000004,92.0014419555664,Standing up
33.51975,11.183988571166992,33.51975,101.30738067626952,,,33.51975,83.31423950195312,33.51975,92.01741790771484,Standing up
33.52975,11.198773384094238,33.52975,101.30066680908205,,,33.52975,83.31175231933594,33.52975000000001,92.03390502929688,Standing up
33.53975,11.208819389343262,33.53975,101.29395294189452,,,33.53975,83.30883026123047,33.53975,92.04684448242188,Standing up
33.54975,11.205994606018066,33.54975,101.28836059570312,,,33.54975,83.30854034423828,33.54975,92.05349731445312,Standing up
33.55975,11.201921463012695,33.55975,101.2839584350586,,,33.55975,83.31140899658203,33.55975,92.05975341796876,Standing up
33.569750000000006,11.199048042297363,33.569750000000006,101.27926635742188,,,33.56975,83.31263732910156,33.569750000000006,92.06002044677734,Stood
33.579750000000004,11.194605827331545,33.579750000000004,101.27628326416016,,,33.579750000000004,83.31385803222656,33.579750000000004,92.05487060546876,Stood
33.58975,11.19208526611328,33.58975,101.2701644897461,,,33.58975,83.31668853759766,33.58975,92.05638122558594,Stood
33.59975,11.185285568237305,33.59975000000001,101.26351928710938,,,33.59975,83.31970977783203,33.59975000000001,92.0572509765625,Stood
33.60975,11.18124771118164,33.60975,101.25595092773438,,,33.60975,83.32252502441406,33.60975,92.06053924560548,Stood
33.61975,11.17802906036377,33.61975,101.24889373779295,,,33.61975,83.32257843017578,33.61975,92.07256317138672,Stood
33.62975,11.1718168258667,33.62975000000001,101.24014282226562,,,33.62975,83.32427215576172,33.62975,92.0897216796875,Stood
33.63975000000001,11.162423133850098,33.63975,101.23360443115234,,,33.63975,83.32655334472656,33.63975000000001,92.10458374023438,Stood
33.649750000000004,11.150102615356444,33.649750000000004,101.228759765625,,,33.649750000000004,83.32710266113281,33.649750000000004,92.1164093017578,Stood
33.65975,11.136085510253906,33.65975,101.22193145751952,,,33.65975,83.32788848876953,33.65975,92.12593841552734,Stood
33.66975,11.1311616897583,33.66975,101.21833801269533,,,33.66975,83.32784271240234,33.66975000000001,92.130126953125,Stood
33.679750000000006,11.102291107177734,33.679750000000006,101.21929168701172,,,33.67975,83.3291015625,33.679750000000006,92.13416290283205,Stood
33.689750000000004,11.088997840881348,,,,,33.689750000000004,83.3316650390625,33.689750000000004,92.13507843017578,Stood
