rtTime,R Thigh Angle,rsTime,R Shank Angle,ltTime,L Thigh Angle,lsTime,L Shank Angle,hTime,Hip Angle
0.0,8.693793296813965,0.0,100.32379150390624,0.0,13.202430725097656,0.0,83.13194274902344,0.0,90.4728546142578
0.0100000000000015,8.703699111938477,0.0099999999999997,100.32250213623048,0.0099999999999997,13.19937229156494,0.0099999999999997,83.13111877441406,0.0100000000000015,90.4757308959961
0.0200000000000013,8.710399627685547,0.0199999999999995,100.32190704345705,0.0199999999999995,13.195064544677734,0.0199999999999995,83.13269805908203,0.0200000000000013,90.48257446289062
0.0300000000000011,8.711004257202148,0.0299999999999993,100.3231964111328,0.0299999999999993,13.193610191345217,0.0299999999999993,83.131103515625,0.0300000000000011,90.49057006835938
0.0400000000000009,8.710240364074707,0.0400000000000009,100.32781982421876,0.0399999999999991,13.192693710327148,0.0399999999999991,83.13048553466797,0.0400000000000009,90.49919891357422
0.0500000000000007,8.710598945617676,0.0500000000000007,100.33258056640624,0.0499999999999989,13.193652153015137,0.0499999999999989,83.12857055664062,0.0500000000000007,90.50598907470705
0.0600000000000005,8.704944610595703,0.0600000000000005,100.33373260498048,0.0599999999999987,13.196561813354492,0.0599999999999987,83.12897491455078,0.0600000000000005,90.51033782958984
0.0700000000000002,8.682947158813477,0.0700000000000002,100.3323211669922,0.0700000000000002,13.200844764709473,0.0699999999999985,83.12919616699219,0.0700000000000002,90.510498046875
0.08,8.676620483398438,0.08,100.33145904541016,0.08,13.205418586730955,0.08,83.12879943847656,0.08,90.50990295410156
0.0900000000000016,8.676603317260742,0.0899999999999998,100.3305206298828,0.0899999999999998,13.209905624389648,0.0899999999999998,83.128662109375,0.0900000000000016,90.51254272460938
0.1000000000000014,8.681401252746582,0.0999999999999996,100.32941436767578,0.0999999999999996,13.215664863586426,0.0999999999999996,83.12982940673828,0.1000000000000014,90.5238800048828
0.1100000000000012,8.686922073364258,0.1099999999999994,100.32844543457033,0.1099999999999994,13.220157623291016,0.1099999999999994,83.13090515136719,0.1100000000000012,90.53402709960938
0.120000000000001,8.7005615234375,0.120000000000001,100.3291244506836,0.1199999999999992,13.22438907623291,0.1199999999999992,83.1307373046875,0.120000000000001,90.5463409423828
0.1300000000000007,8.709301948547363,0.1300000000000007,100.32907104492188,0.129999999999999,13.225440979003906,0.129999999999999,83.1324234008789,0.1300000000000007,90.5576629638672
0.1400000000000005,8.716471672058105,0.1400000000000005,100.32977294921876,0.1399999999999988,13.22319793701172,0.1399999999999988,83.13346099853516,0.1400000000000005,90.56512451171876
0.1500000000000003,8.718552589416504,0.1500000000000003,100.32798767089844,0.1500000000000003,13.218391418457031,0.1499999999999985,83.1344223022461,0.1500000000000003,90.57178497314452
0.1600000000000001,8.718594551086426,0.1600000000000001,100.3280029296875,0.1600000000000001,13.214714050292969,0.1600000000000001,83.13467407226562,0.1600000000000001,90.57819366455078
0.1700000000000017,8.71977424621582,0.1699999999999999,100.33224487304688,0.1699999999999999,13.21271800994873,0.1699999999999999,83.13490295410156,0.1699999999999999,90.58570861816406
0.1800000000000015,8.719529151916504,0.1799999999999997,100.33441925048828,0.1799999999999997,13.211533546447754,0.1799999999999997,83.13426971435547,0.1800000000000015,90.5926284790039
0.1900000000000012,8.713813781738281,0.1899999999999995,100.33316802978516,0.1899999999999995,13.210197448730469,0.1899999999999995,83.13336944580078,0.1900000000000012,90.60196685791016
0.200000000000001,8.707263946533203,0.200000000000001,100.32911682128906,0.1999999999999993,13.207183837890623,0.1999999999999993,83.13365173339844,0.200000000000001,90.6120147705078
0.2100000000000008,8.701823234558105,0.2100000000000008,100.32540130615234,0.209999999999999,13.205241203308104,0.209999999999999,83.13562774658203,0.2100000000000008,90.62175750732422
0.2200000000000006,8.697888374328613,0.2200000000000006,100.3231964111328,0.2199999999999988,13.203411102294922,0.2199999999999988,83.13492584228516,0.2200000000000006,90.63127899169922
0.2300000000000004,8.698970794677734,0.2300000000000004,100.3201141357422,0.2299999999999986,13.202359199523926,0.2299999999999986,83.1360092163086,0.2300000000000004,90.6414031982422
0.2400000000000002,8.706036567687988,0.2400000000000002,100.31819152832033,0.2400000000000002,13.201622009277344,0.2400000000000002,83.13717651367188,0.2400000000000002,90.65298461914062
0.25,8.712944030761719,0.25,100.3169937133789,0.25,13.202418327331545,0.25,83.13701629638672,0.25,90.67024230957033
0.2600000000000015,8.714876174926758,0.2599999999999998,100.31761932373048,0.2599999999999998,13.20262336730957,0.2599999999999998,83.13687133789062,0.2600000000000015,90.69175720214844
0.2700000000000013,8.712985038757324,0.2699999999999996,100.31999969482422,0.2699999999999996,13.20171070098877,0.2699999999999996,83.13726806640625,0.2700000000000013,90.7135772705078
0.2800000000000011,8.71022891998291,0.2800000000000011,100.3205108642578,0.2799999999999993,13.202791213989258,0.2799999999999993,83.13919830322266,0.2800000000000011,90.73522186279295
0.2900000000000009,8.704734802246094,0.2900000000000009,100.31920623779295,0.2899999999999991,13.20343780517578,0.2899999999999991,83.13916015625,0.2900000000000009,90.74989318847656
0.3000000000000007,8.702343940734863,0.3000000000000007,100.31906127929688,0.2999999999999989,13.204385757446287,0.2999999999999989,83.13899993896484,0.3000000000000007,90.76286315917967
0.3100000000000005,8.69911003112793,0.3100000000000005,100.32242584228516,0.3099999999999987,13.20407772064209,0.3099999999999987,83.13894653320312,0.3100000000000005,90.78424835205078
0.3200000000000003,8.695554733276367,0.3200000000000003,100.32449340820312,0.3200000000000003,13.205330848693848,0.3199999999999985,83.1397476196289,0.3200000000000003,90.80974578857422
0.33,8.688531875610352,0.33,100.3232879638672,0.33,13.204917907714844,0.33,83.13895416259766,0.33,90.836669921875
0.3400000000000016,8.690317153930664,0.3399999999999998,100.32007598876952,0.3399999999999998,13.203194618225098,0.3399999999999998,83.13777160644531,0.3400000000000016,90.85879516601562
0.3500000000000014,8.694158554077148,0.3499999999999996,100.3207550048828,0.3499999999999996,13.203228950500488,0.3499999999999996,83.13756561279297,0.3500000000000014,90.87810516357422
0.3600000000000012,8.698619842529297,0.3599999999999994,100.32222747802734,0.3599999999999994,13.20153522491455,0.3599999999999994,83.13692474365234,0.3600000000000012,90.89482879638672
0.370000000000001,8.701080322265625,0.370000000000001,100.32119750976562,0.3699999999999992,13.201601028442385,0.3699999999999992,83.13594818115234,0.370000000000001,90.90723419189452
0.3800000000000008,8.70363998413086,0.3800000000000008,100.31794738769533,0.379999999999999,13.20327377319336,0.379999999999999,83.13397979736328,0.3800000000000008,90.9151840209961
0.3900000000000005,8.709712028503418,0.3900000000000005,100.31655883789062,0.3899999999999988,13.206615447998049,0.3899999999999988,83.1332015991211,0.3900000000000005,90.92488861083984
0.4000000000000003,8.711703300476074,0.4000000000000003,100.31766510009766,0.4000000000000003,13.21097469329834,0.3999999999999986,83.1342544555664,0.4000000000000003,90.94181823730467
0.4100000000000001,8.710672378540039,0.4100000000000001,100.3209228515625,0.4100000000000001,13.21549129486084,0.4100000000000001,83.13418579101562,0.4100000000000001,90.96631622314452
0.4200000000000017,8.711769104003906,0.4199999999999999,100.32096862792967,0.4199999999999999,13.218111038208008,0.4199999999999999,83.13402557373047,0.4199999999999999,90.9942855834961
0.4300000000000015,8.71165657043457,0.4299999999999997,100.3220672607422,0.4299999999999997,13.21888256072998,0.4299999999999997,83.13484954833984,0.4300000000000015,91.02368927001952
0.4400000000000013,8.715306282043457,0.4399999999999995,100.32257843017578,0.4399999999999995,13.217883110046388,0.4399999999999995,83.13449096679688,0.4400000000000013,91.05498504638672
0.450000000000001,8.718364715576172,0.450000000000001,100.32225036621094,0.4499999999999993,13.215774536132812,0.4499999999999993,83.1344223022461,0.450000000000001,91.08853912353516
0.4600000000000008,8.718378067016602,0.4600000000000008,100.32091522216795,0.4599999999999991,13.21388053894043,0.4599999999999991,83.13414001464844,0.4600000000000008,91.11441040039062
0.4700000000000006,8.716353416442871,0.4700000000000006,100.31905364990234,0.4699999999999988,13.210453033447266,0.4699999999999988,83.13463592529297,0.4700000000000006,91.13455963134766
0.4800000000000004,8.712506294250488,0.4800000000000004,100.31797790527344,0.4800000000000004,13.207460403442385,0.4799999999999986,83.13484191894531,0.4800000000000004,91.15357208251952
0.4900000000000002,8.710421562194824,0.4900000000000002,100.31764221191406,0.4900000000000002,13.201610565185549,0.4900000000000002,83.13616943359375,0.4900000000000002,91.17745208740234
0.5,8.709702491760254,0.5,100.31587982177734,0.5,13.19766330718994,0.5,83.13529968261719,0.5,91.20299530029295
0.5100000000000016,8.711355209350586,0.5099999999999998,100.31428527832033,0.5099999999999998,13.195192337036133,0.5099999999999998,83.13468933105469,0.5100000000000016,91.22417449951172
0.5200000000000014,8.711665153503418,0.5199999999999996,100.3154296875,0.5199999999999996,13.192756652832031,0.5199999999999996,83.13353729248047,0.5200000000000014,91.24041748046876
0.5300000000000011,8.707820892333984,0.5300000000000011,100.3173828125,0.5299999999999994,13.19228172302246,0.5299999999999994,83.13421630859375,0.5300000000000011,91.25852966308594
0.5400000000000009,8.70019245147705,0.5400000000000009,100.31777954101562,0.5399999999999991,13.191568374633787,0.5399999999999991,83.13262939453125,0.5400000000000009,91.27560424804688
0.5500000000000007,8.697388648986816,0.5500000000000007,100.31813049316406,0.5499999999999989,13.192625999450684,0.5499999999999989,83.1327133178711,0.5500000000000007,91.2877960205078
0.5600000000000005,8.701874732971191,0.5600000000000005,100.31717681884766,0.5599999999999987,13.192233085632324,0.5599999999999987,83.13382720947266,0.5600000000000005,91.29331970214844
0.5700000000000021,8.705384254455566,0.5700000000000003,100.31771850585938,0.5700000000000003,13.193114280700684,0.5700000000000003,83.13404083251953,0.5700000000000003,91.3017578125
0.5800000000000001,8.710396766662598,0.5800000000000001,100.31857299804688,0.5800000000000001,13.193793296813965,0.5800000000000001,83.13367462158203,0.5800000000000001,91.32057189941406
0.5900000000000016,8.713349342346191,0.5899999999999999,100.31884765625,0.5899999999999999,13.194049835205078,0.5899999999999999,83.13348388671875,0.5900000000000016,91.34275817871094
0.5999999999999996,8.712531089782715,0.5999999999999996,100.31896209716795,0.5999999999999996,13.196489334106444,0.5999999999999996,83.13520812988281,0.6000000000000014,91.36023712158205
0.6100000000000012,8.711907386779785,0.6099999999999994,100.31868743896484,0.6099999999999994,13.197978973388672,0.6099999999999994,83.13477325439453,0.6100000000000012,91.3667449951172
0.6199999999999992,8.71091365814209,0.620000000000001,100.31867218017578,0.6199999999999992,13.20101261138916,0.6199999999999992,83.13331604003906,0.620000000000001,91.37584686279295
0.6300000000000008,8.710683822631836,0.6300000000000008,100.3183364868164,0.629999999999999,13.202383995056152,0.629999999999999,83.13373565673828,0.6300000000000008,91.38827514648438
0.6400000000000023,8.71149730682373,0.6400000000000006,100.31613159179688,0.6399999999999988,13.20277500152588,0.6399999999999988,83.13377380371094,0.6400000000000006,91.39492797851562
0.6500000000000004,8.713196754455566,0.6500000000000004,100.31517028808594,0.6500000000000004,13.202685356140137,0.6499999999999986,83.13510131835938,0.6500000000000004,91.39083099365234
0.6600000000000019,8.714292526245117,0.6600000000000001,100.31629943847656,0.6600000000000001,13.20191764831543,0.6600000000000001,83.13431549072266,0.6600000000000001,91.38713073730467
0.6699999999999999,8.714677810668945,0.6699999999999999,100.31700897216795,0.6699999999999999,13.201772689819336,0.6699999999999999,83.13453674316406,0.6700000000000017,91.403564453125
0.6800000000000015,8.719206809997559,0.6800000000000015,100.31531524658205,0.6799999999999997,13.201620101928713,0.6799999999999997,83.13458251953125,0.6800000000000015,91.44901275634766
0.6899999999999995,8.724285125732422,0.6899999999999995,100.31342315673828,0.6899999999999995,13.201556205749512,0.6899999999999995,83.1361312866211,0.6900000000000013,91.5026626586914
0.7000000000000011,8.72791862487793,0.7000000000000011,100.31266784667967,0.6999999999999993,13.201408386230469,0.6999999999999993,83.13712310791016,0.7000000000000011,91.54869842529295
0.7099999999999991,8.729044914245605,0.7099999999999991,100.31272888183594,0.7099999999999991,13.201550483703612,0.7099999999999991,83.136474609375,0.7100000000000009,91.57620239257812
0.7200000000000006,8.728975296020508,0.7200000000000006,100.3132095336914,0.7199999999999989,13.202393531799316,0.7199999999999989,83.13582611083984,0.7200000000000006,91.59583282470705
0.7300000000000022,8.724750518798828,0.7299999999999986,100.31283569335938,0.7300000000000004,13.203363418579102,0.7299999999999986,83.13677215576172,0.7300000000000004,91.61076354980467
0.7400000000000002,8.721027374267578,0.7400000000000002,100.3147430419922,0.7400000000000002,13.202529907226562,0.7400000000000002,83.13636016845703,0.7400000000000002,91.61759185791016
0.7500000000000018,8.719780921936035,0.7500000000000018,100.31615447998048,0.75,13.201061248779297,0.75,83.1366195678711,0.75,91.62194061279295
0.7599999999999998,8.719782829284668,0.7599999999999998,100.31632995605467,0.7599999999999998,13.200480461120604,0.7599999999999998,83.13618469238281,0.7600000000000016,91.63800048828124
0.7700000000000014,8.719832420349121,0.7700000000000014,100.31564331054688,0.7699999999999996,13.198291778564451,0.7699999999999996,83.13582611083984,0.7700000000000014,91.65969848632812
0.7799999999999994,8.722482681274414,0.7799999999999994,100.3147430419922,0.7799999999999994,13.197064399719238,0.7799999999999994,83.13583374023438,0.7800000000000011,91.6794204711914
0.7900000000000009,8.724016189575195,0.7900000000000009,100.31354522705078,0.7899999999999991,13.195590019226074,0.7899999999999991,83.13638305664062,0.7900000000000009,91.6918487548828
0.8000000000000025,8.722362518310547,0.7999999999999989,100.31272888183594,0.7999999999999989,13.195887565612791,0.7999999999999989,83.13578796386719,0.8000000000000007,91.69969940185548
0.8100000000000005,8.71902084350586,0.8100000000000005,100.31295776367188,0.8099999999999987,13.198145866394045,0.8099999999999987,83.13549041748047,0.8100000000000005,91.7086181640625
0.8200000000000021,8.714778900146484,0.8199999999999985,100.31478118896484,0.8200000000000003,13.199591636657717,0.8200000000000003,83.13442993164062,0.8200000000000003,91.71874237060548
0.8300000000000001,8.713175773620605,0.8300000000000001,100.3169937133789,0.8300000000000001,13.202775955200195,0.8300000000000001,83.13409423828125,0.8300000000000001,91.72794342041016
0.8400000000000016,8.712957382202148,0.8400000000000016,100.3182601928711,0.8399999999999999,13.206368446350098,0.8399999999999999,83.13360595703125,0.8400000000000016,91.7362060546875
0.8499999999999996,8.712642669677734,0.8499999999999996,100.31996154785156,0.8499999999999996,13.20929718017578,0.8499999999999996,83.13465118408203,0.8500000000000014,91.74478912353516
0.8600000000000012,8.7147798538208,0.8600000000000012,100.3216552734375,0.8599999999999994,13.21177101135254,0.8599999999999994,83.13374328613281,0.8600000000000012,91.75243377685548
0.8699999999999992,8.718582153320312,0.8699999999999992,100.32149505615234,0.8699999999999992,13.21350383758545,0.8699999999999992,83.13219451904297,0.870000000000001,91.75594329833984
0.8800000000000008,8.72044563293457,0.8800000000000008,100.32072448730467,0.8800000000000008,13.214920997619627,0.879999999999999,83.13226318359375,0.8800000000000008,91.74886322021484
0.8900000000000023,8.724737167358398,0.8899999999999988,100.3178482055664,0.8899999999999988,13.215782165527344,0.8899999999999988,83.13270568847656,0.8900000000000006,91.73023223876952
0.9000000000000004,8.727999687194824,0.9000000000000004,100.31521606445312,0.9000000000000004,13.216437339782717,0.8999999999999986,83.13351440429688,0.9000000000000004,91.71131134033205
0.910000000000002,8.732163429260254,0.910000000000002,100.31378936767578,0.9099999999999984,13.216056823730469,0.91,83.13410949707031,0.91,91.70198822021484
0.92,8.734709739685059,0.92,100.3141860961914,0.92,13.214529991149902,0.92,83.13471221923828,0.9200000000000016,91.6986846923828
0.9300000000000016,8.734800338745117,0.9300000000000016,100.31505584716795,0.929999999999998,13.21360683441162,0.9299999999999996,83.13519287109375,0.9300000000000016,91.69872283935548
0.9399999999999996,8.7318115234375,0.9399999999999996,100.31482696533205,0.9399999999999996,13.21279525756836,0.9399999999999996,83.13506317138672,0.9400000000000012,91.70536041259766
0.9500000000000012,8.730531692504883,0.9500000000000012,100.31480407714844,0.9500000000000012,13.211400985717772,0.9499999999999992,83.13333129882812,0.9500000000000012,91.71775817871094
0.9599999999999992,8.727444648742676,0.9599999999999992,100.31539154052734,0.9599999999999992,13.21096897125244,0.9599999999999992,83.13317108154297,0.9600000000000009,91.7319107055664
0.9700000000000006,8.7257080078125,0.9700000000000006,100.31588745117188,0.9700000000000006,13.208446502685549,0.9700000000000006,83.13368225097656,0.9700000000000006,91.74381256103516
0.9800000000000022,8.723227500915527,0.9799999999999986,100.31404876708984,0.9799999999999986,13.206451416015623,0.9799999999999986,83.13399505615234,0.9800000000000004,91.75354766845705
0.9900000000000002,8.721949577331543,0.9900000000000002,100.3134994506836,0.9900000000000002,13.203954696655272,0.9900000000000002,83.13351440429688,0.9900000000000002,91.75687408447266
1.0000000000000018,8.720209121704102,1.0000000000000018,100.31192779541016,0.9999999999999982,13.199995994567873,0.9999999999999982,83.13533782958984,1.0,91.7628173828125
1.0099999999999998,8.720487594604492,1.0099999999999998,100.3109130859375,1.0099999999999998,13.197381973266602,1.0099999999999998,83.13526153564453,1.0100000000000016,91.77540588378906
1.0200000000000014,8.721592903137207,1.0200000000000014,100.3096160888672,1.0199999999999978,13.195012092590332,1.0199999999999978,83.13639068603516,1.0200000000000014,91.79059600830078
1.0299999999999994,8.722953796386719,1.0299999999999994,100.3092803955078,1.0299999999999994,13.193256378173828,1.0299999999999994,83.13568878173828,1.0300000000000011,91.80416870117188
1.040000000000001,8.72454833984375,1.040000000000001,100.3110809326172,1.040000000000001,13.19344711303711,1.040000000000001,83.13516235351562,1.040000000000001,91.81414031982422
1.0500000000000025,8.72665786743164,1.049999999999999,100.3133316040039,1.049999999999999,13.194119453430176,1.049999999999999,83.13294982910156,1.0500000000000007,91.82150268554688
1.0600000000000005,8.727435111999512,1.0600000000000005,100.31524658203124,1.0600000000000005,13.193817138671877,1.0600000000000005,83.13175964355469,1.0600000000000005,91.82491302490234
1.070000000000002,8.728936195373535,1.0699999999999985,100.31708526611328,1.0699999999999985,13.194991111755373,1.0699999999999985,83.1310806274414,1.070000000000002,91.82747650146484
1.08,8.72776985168457,1.08,100.31768035888672,1.08,13.197303771972656,1.08,83.13090515136719,1.08,91.8313446044922
1.0900000000000016,8.72648811340332,1.0900000000000016,100.31868743896484,1.089999999999998,13.199454307556152,1.089999999999998,83.12968444824219,1.0900000000000016,91.83702850341795
1.0999999999999996,8.723318099975586,1.0999999999999996,100.31784057617188,1.0999999999999996,13.201805114746094,1.0999999999999996,83.1292953491211,1.0999999999999996,91.84439086914062
1.1100000000000012,8.720460891723633,1.1100000000000012,100.31817626953124,1.1100000000000012,13.204069137573242,1.1099999999999977,83.1299057006836,1.1100000000000012,91.85221099853516
1.1199999999999992,8.72281551361084,1.1199999999999992,100.32061767578124,1.1199999999999992,13.205622673034668,1.1199999999999992,83.13005065917969,1.1199999999999992,91.85848999023438
1.1300000000000008,8.727879524230957,1.1300000000000008,100.3215789794922,1.1300000000000008,13.206287384033203,1.1300000000000008,83.1292495727539,1.1300000000000008,91.8597183227539
1.1400000000000023,8.732569694519043,1.1399999999999988,100.32178497314452,1.1399999999999988,13.20755100250244,1.1399999999999988,83.129638671875,1.1400000000000023,91.8551788330078
1.1500000000000004,8.73902416229248,1.1500000000000004,100.32360076904295,1.1500000000000004,13.20810317993164,1.1500000000000004,83.12946319580078,1.1500000000000004,91.85225677490234
1.160000000000002,8.742734909057617,1.160000000000002,100.32588958740234,1.1599999999999984,13.20904541015625,1.1599999999999984,83.12908935546875,1.160000000000002,91.85482788085938
1.17,8.744897842407227,1.17,100.32652282714844,1.17,13.210160255432127,1.17,83.12862396240234,1.17,91.86052703857422
1.1800000000000015,8.743371963500977,1.1800000000000015,100.32640075683594,1.179999999999998,13.210408210754396,1.179999999999998,83.12911987304688,1.1800000000000015,91.87028503417967
1.1899999999999995,8.742021560668945,1.1899999999999995,100.32540893554688,1.1899999999999995,13.211039543151855,1.1899999999999995,83.12850952148438,1.1899999999999995,91.88082122802734
1.200000000000001,8.739845275878906,1.200000000000001,100.32373046875,1.200000000000001,13.210935592651367,1.200000000000001,83.12808227539062,1.200000000000001,91.89310455322266
1.209999999999999,8.73600959777832,1.209999999999999,100.32122802734376,1.209999999999999,13.211233139038086,1.209999999999999,83.1283187866211,1.209999999999999,91.90998077392578
1.2200000000000006,8.734296798706055,1.2200000000000006,100.3176727294922,1.2200000000000006,13.21107292175293,1.2200000000000006,83.1287612915039,1.2200000000000006,91.9246063232422
1.2300000000000022,8.736810684204102,1.2299999999999986,100.31649017333984,1.2299999999999986,13.211039543151855,1.2299999999999986,83.1281967163086,1.2300000000000022,91.93942260742188
1.2400000000000002,8.741486549377441,1.2400000000000002,100.31784057617188,1.2400000000000002,13.2092866897583,1.2400000000000002,83.1273193359375,1.2400000000000002,91.95270538330078
1.2500000000000018,8.74648666381836,1.2500000000000018,100.31836700439452,1.2499999999999982,13.20832633972168,1.2499999999999982,83.12723541259766,1.2500000000000018,91.96672058105467
1.2599999999999998,8.75627613067627,1.2599999999999998,100.31749725341795,1.2599999999999998,13.206679344177246,1.2599999999999998,83.1273422241211,1.2599999999999998,91.97692108154295
1.2700000000000014,8.757854461669922,1.2700000000000014,100.31671905517578,1.2699999999999978,13.20458698272705,1.2699999999999978,83.12674713134766,1.2700000000000014,91.98394012451172
1.2799999999999994,8.759601593017578,1.2799999999999994,100.31466674804688,1.2799999999999994,13.20361328125,1.2799999999999994,83.12763214111328,1.2799999999999994,91.98876190185548
1.290000000000001,8.759571075439453,1.290000000000001,100.31082153320312,1.290000000000001,13.202040672302246,1.290000000000001,83.12796783447266,1.290000000000001,91.99401092529295
1.3000000000000025,8.757023811340332,1.299999999999999,100.30733489990234,1.299999999999999,13.202699661254885,1.299999999999999,83.1280288696289,1.3000000000000025,91.99669647216795
1.3100000000000005,8.754889488220215,1.3100000000000005,100.30620574951172,1.3100000000000005,13.203361511230469,1.3100000000000005,83.1278305053711,1.3100000000000005,91.99917602539062
1.320000000000002,8.74514102935791,1.3199999999999985,100.30964660644533,1.3199999999999985,13.205288887023926,1.3199999999999985,83.1267318725586,1.320000000000002,92.00518035888672
1.33,8.734210968017578,1.33,100.31327056884766,1.33,13.206979751586914,1.33,83.12638092041016,1.33,92.01319885253906
1.3400000000000016,8.725386619567871,1.3400000000000016,100.31687927246094,1.339999999999998,13.207391738891602,1.339999999999998,83.12531280517578,1.3400000000000016,92.02366638183594
1.3499999999999996,8.719254493713379,1.3499999999999996,100.31999969482422,1.3499999999999996,13.206873893737791,1.3499999999999996,83.12541198730469,1.3499999999999996,92.03524017333984
1.3600000000000012,8.72037124633789,1.3600000000000012,100.32032775878906,1.3600000000000012,13.205907821655272,1.3599999999999977,83.12368774414062,1.3600000000000012,92.04483795166016
1.3699999999999992,8.72536849975586,1.3699999999999992,100.3191909790039,1.3699999999999992,13.205300331115724,1.3699999999999992,83.12287902832031,1.3699999999999992,92.04708862304688
1.3800000000000008,8.731318473815918,1.3800000000000008,100.31783294677734,1.3800000000000008,13.205360412597656,1.3800000000000008,83.12244415283203,1.3800000000000008,92.0416030883789
1.3900000000000023,8.734827995300293,1.3899999999999988,100.31692504882812,1.3899999999999988,13.206376075744627,1.3899999999999988,83.12217712402344,1.3900000000000023,92.03721618652344
1.4000000000000004,8.740696907043457,1.4000000000000004,100.31719207763672,1.4000000000000004,13.206788063049316,1.4000000000000004,83.12156677246094,1.4000000000000004,92.03256225585938
1.410000000000002,8.7485933303833,1.410000000000002,100.31887817382812,1.4099999999999984,13.208173751831056,1.4099999999999984,83.12267303466797,1.410000000000002,92.02525329589844
1.42,8.752415657043457,1.42,100.31919860839844,1.42,13.207722663879396,1.42,83.12207794189453,1.42,92.01742553710938
1.4300000000000015,8.750832557678223,1.4300000000000015,100.32243347167967,1.429999999999998,13.20851707458496,1.429999999999998,83.12406158447266,1.4300000000000015,92.01693725585938
1.4399999999999995,8.746493339538574,1.4399999999999995,100.3257827758789,1.4399999999999995,13.20799446105957,1.4399999999999995,83.12396240234375,1.4399999999999995,92.03314971923828
1.450000000000001,8.740198135375977,1.450000000000001,100.32791137695312,1.450000000000001,13.208891868591309,1.450000000000001,83.1237564086914,1.450000000000001,92.0586166381836
1.459999999999999,8.735076904296875,1.459999999999999,100.32844543457033,1.459999999999999,13.211318016052246,1.459999999999999,83.12370300292969,1.459999999999999,92.08478546142578
1.4700000000000006,8.733551025390625,1.4700000000000006,100.32886505126952,1.4700000000000006,13.21287727355957,1.4700000000000006,83.12311553955078,1.4700000000000006,92.10617065429688
1.4800000000000022,8.732569694519043,1.4799999999999986,100.32887268066406,1.4799999999999986,13.213829040527344,1.4799999999999986,83.1248550415039,1.4800000000000022,92.1256103515625
1.4900000000000002,8.734383583068848,1.4900000000000002,100.32781982421876,1.4900000000000002,13.213014602661133,1.4900000000000002,83.12535858154297,1.4900000000000002,92.14008331298828
1.5000000000000018,8.735501289367676,1.5000000000000018,100.3267059326172,1.4999999999999982,13.212103843688965,1.4999999999999982,83.1254653930664,1.5000000000000018,92.14884948730467
1.5099999999999998,8.738245964050293,1.5099999999999998,100.32664489746094,1.5099999999999998,13.210561752319336,1.5099999999999998,83.12532043457031,1.5099999999999998,92.15559387207033
1.5200000000000014,8.742949485778809,1.5200000000000014,100.32695770263672,1.5199999999999978,13.2091646194458,1.5199999999999978,83.12478637695312,1.5200000000000014,92.1650848388672
1.5299999999999994,8.746963500976562,1.5299999999999994,100.32711029052734,1.5299999999999994,13.208555221557615,1.5299999999999994,83.1245346069336,1.5299999999999994,92.17650604248048
1.540000000000001,8.747465133666992,1.540000000000001,100.32770538330078,1.540000000000001,13.207636833190918,1.540000000000001,83.12434387207031,1.540000000000001,92.18302917480467
1.5500000000000025,8.747292518615723,1.549999999999999,100.32786560058594,1.549999999999999,13.208905220031738,1.549999999999999,83.12382507324219,1.5500000000000025,92.18489837646484
1.5600000000000005,8.747291564941406,1.5600000000000005,100.32772064208984,1.5600000000000005,13.21153736114502,1.5600000000000005,83.12290954589844,1.5600000000000005,92.18690490722656
1.570000000000002,8.746070861816406,1.5699999999999985,100.32577514648438,1.5699999999999985,13.213955879211426,1.5699999999999985,83.12277221679688,1.570000000000002,92.19314575195312
1.58,8.740884780883789,1.58,100.32334899902344,1.58,13.216554641723633,1.58,83.12284851074219,1.58,92.20156860351562
1.5900000000000016,8.737771034240723,1.5900000000000016,100.32439422607422,1.589999999999998,13.220784187316896,1.589999999999998,83.12222290039062,1.5900000000000016,92.2100601196289
1.5999999999999996,8.736401557922363,1.5999999999999996,100.3254165649414,1.5999999999999996,13.222573280334473,1.5999999999999996,83.12259674072266,1.5999999999999996,92.2177963256836
1.6100000000000012,8.739823341369629,1.6100000000000012,100.32550048828124,1.6100000000000012,13.224224090576172,1.6099999999999977,83.1227798461914,1.6100000000000012,92.22383880615234
1.6199999999999992,8.746885299682617,1.6199999999999992,100.32484436035156,1.6199999999999992,13.22446346282959,1.6199999999999992,83.1224365234375,1.6199999999999992,92.23211669921876
1.6300000000000008,8.752127647399902,1.6300000000000008,100.32400512695312,1.6300000000000008,13.223540306091309,1.6300000000000008,83.12162780761719,1.6300000000000008,92.245361328125
1.6400000000000023,8.758011817932129,1.6399999999999988,100.32364654541016,1.6399999999999988,13.222506523132324,1.6399999999999988,83.11970520019531,1.6400000000000023,92.2569351196289
1.6500000000000004,8.7604398727417,1.6500000000000004,100.32200622558594,1.6500000000000004,13.221110343933104,1.6500000000000004,83.12108612060547,1.6500000000000004,92.25777435302734
1.660000000000002,8.760709762573242,1.660000000000002,100.31853485107422,1.6599999999999984,13.219462394714355,1.6599999999999984,83.12123107910156,1.660000000000002,92.24681854248048
1.67,8.758527755737305,1.67,100.31633758544922,1.67,13.217241287231444,1.67,83.12076568603516,1.67,92.23527526855467
1.6800000000000015,8.753426551818848,1.6800000000000015,100.31356811523438,1.679999999999998,13.21458911895752,1.679999999999998,83.12140655517578,1.6800000000000015,92.23004913330078
1.6899999999999995,8.74193000793457,1.6899999999999995,100.3136215209961,1.6899999999999995,13.212246894836426,1.6899999999999995,83.12097930908203,1.6899999999999995,92.23487091064452
1.700000000000001,8.737797737121582,1.700000000000001,100.31312561035156,1.700000000000001,13.209619522094728,1.700000000000001,83.12039947509766,1.700000000000001,92.24754333496094
1.7100000000000026,8.730971336364746,1.709999999999999,100.31137084960938,1.709999999999999,13.20758056640625,1.709999999999999,83.12427520751953,1.709999999999999,92.26286315917967
1.7200000000000006,8.720930099487305,1.7200000000000006,100.31067657470705,1.7200000000000006,13.206415176391602,1.7200000000000006,83.12495422363281,1.7200000000000006,92.27557373046876
1.7300000000000022,8.718632698059082,1.7299999999999986,100.30926513671876,1.7299999999999986,13.20566463470459,1.7299999999999986,83.12521362304688,1.7300000000000022,92.28466796875
1.7400000000000002,8.717997550964355,1.7400000000000002,100.3087921142578,1.7400000000000002,13.203180313110352,1.7400000000000002,83.12490844726562,1.7400000000000002,92.29151153564452
1.7500000000000018,8.71934700012207,1.7500000000000018,100.30975341796876,1.7499999999999982,13.20201587677002,1.7499999999999982,83.1243896484375,1.7500000000000018,92.29291534423828
1.7599999999999998,8.722881317138672,1.7599999999999998,100.31060028076172,1.7599999999999998,13.200152397155762,1.7599999999999998,83.123779296875,1.7599999999999998,92.2900619506836
1.7700000000000014,8.72613525390625,1.7700000000000014,100.31114196777344,1.7699999999999978,13.198213577270508,1.7699999999999978,83.12540435791016,1.7700000000000014,92.28340911865234
1.7799999999999994,8.727313995361328,1.7799999999999994,100.3108901977539,1.7799999999999994,13.195687294006348,1.7799999999999994,83.12448120117188,1.7799999999999994,92.28196716308594
1.790000000000001,8.726211547851562,1.790000000000001,100.31204223632812,1.790000000000001,13.195653915405272,1.790000000000001,83.12564849853516,1.790000000000001,92.2902374267578
1.8000000000000025,8.72468376159668,1.799999999999999,100.31285095214844,1.799999999999999,13.195358276367188,1.799999999999999,83.12551879882812,1.8000000000000025,92.30094146728516
1.8100000000000005,8.723811149597168,1.8100000000000005,100.3121109008789,1.8100000000000005,13.194730758666992,1.8100000000000005,83.1251449584961,1.8100000000000005,92.30255126953124
1.820000000000002,8.721200942993164,1.820000000000002,100.3117218017578,1.8199999999999985,13.195351600646973,1.8199999999999985,83.12474822998047,1.820000000000002,92.2999038696289
1.83,8.716901779174805,1.83,100.31275939941406,1.83,13.195749282836914,1.83,83.12554931640625,1.83,92.2956085205078
1.8400000000000016,8.710847854614258,1.8400000000000016,100.31558227539062,1.839999999999998,13.196186065673828,1.839999999999998,83.12553405761719,1.8400000000000016,92.29021453857422
1.85,8.708587646484375,1.85,100.3183135986328,1.85,13.196929931640623,1.85,83.12356567382812,1.85,92.28396606445312
1.8600000000000008,8.708677291870117,1.8600000000000008,100.31888580322266,1.8600000000000008,13.197314262390137,1.8599999999999977,83.12410736083984,1.8600000000000008,92.2776870727539
1.8699999999999992,8.706812858581543,1.8699999999999992,100.31993103027344,1.8699999999999992,13.196775436401367,1.8699999999999992,83.12249755859375,1.8699999999999992,92.2696304321289
1.8800000000000008,8.707877159118652,1.8800000000000008,100.32059478759766,1.8800000000000008,13.19729232788086,1.8800000000000008,83.12200927734375,1.8800000000000008,92.2593994140625
1.8900000000000023,8.709129333496094,1.8899999999999988,100.32152557373048,1.8899999999999988,13.197525024414062,1.8899999999999988,83.12349700927734,1.8900000000000023,92.2491683959961
1.9000000000000004,8.714427947998047,1.9000000000000004,100.32054901123048,1.9000000000000004,13.19957447052002,1.9000000000000004,83.12380981445312,1.9000000000000004,92.23706817626952
1.910000000000002,8.719966888427734,1.910000000000002,100.31998443603516,1.9099999999999984,13.201576232910156,1.9099999999999984,83.1236343383789,1.910000000000002,92.22135162353516
1.92,8.724141120910645,1.92,100.3175277709961,1.92,13.20433521270752,1.92,83.12332153320312,1.92,92.20806121826172
1.9300000000000013,8.728800773620605,1.9300000000000013,100.31665802001952,1.929999999999998,13.205989837646484,1.929999999999998,83.12420654296875,1.9300000000000013,92.20248413085938
1.9399999999999995,8.727836608886719,1.9399999999999995,100.31584930419922,1.9399999999999995,13.206587791442873,1.9399999999999995,83.12494659423828,1.9399999999999995,92.20181274414062
1.950000000000001,8.727944374084473,1.950000000000001,100.3169937133789,1.950000000000001,13.206758499145508,1.950000000000001,83.12592315673828,1.950000000000001,92.19988250732422
1.9600000000000024,8.727202415466309,1.959999999999999,100.31758880615234,1.959999999999999,13.207271575927734,1.959999999999999,83.12665557861328,1.959999999999999,92.19355010986328
1.9700000000000009,8.729524612426758,1.9700000000000009,100.3182601928711,1.9700000000000009,13.206340789794922,1.9700000000000009,83.12581634521484,1.9700000000000009,92.17850494384766
1.9800000000000024,8.731464385986328,1.9799999999999984,100.31830596923828,1.9799999999999984,13.205565452575684,1.9799999999999984,83.12578582763672,1.9800000000000024,92.15756225585938
1.99,8.728964805603027,1.99,100.3175277709961,1.99,13.204019546508787,1.99,83.12578582763672,1.99,92.13471221923828
2.0000000000000018,8.726479530334473,2.0000000000000018,100.31671142578124,1.9999999999999984,13.202066421508787,1.9999999999999984,83.12501525878906,2.0000000000000018,92.1124038696289
2.01,8.721555709838867,2.01,100.31556701660156,2.01,13.201132774353027,2.01,83.12608337402344,2.01,92.09420776367188
2.0200000000000014,8.720123291015625,2.0200000000000014,100.3138427734375,2.0200000000000014,13.199588775634766,2.019999999999998,83.12651824951172,2.0200000000000014,92.08146667480467
2.03,8.721165657043457,2.03,100.31485748291016,2.03,13.198506355285645,2.03,83.127685546875,2.03,92.07191467285156
2.040000000000001,8.720932006835938,2.040000000000001,100.31526947021484,2.040000000000001,13.198047637939451,2.040000000000001,83.12820434570312,2.040000000000001,92.0600128173828
2.0500000000000025,8.71866226196289,2.049999999999999,100.31487274169922,2.049999999999999,13.197566986083984,2.049999999999999,83.1286392211914,2.0500000000000025,92.04016876220705
2.0600000000000005,8.720189094543457,2.0600000000000005,100.31424713134766,2.0600000000000005,13.198378562927246,2.0600000000000005,83.12816619873047,2.0600000000000005,92.00818634033205
2.070000000000002,8.723163604736328,2.070000000000002,100.31449127197266,2.0699999999999985,13.19882106781006,2.0699999999999985,83.12879943847656,2.070000000000002,91.97332000732422
2.08,8.723138809204102,2.08,100.31396484375,2.08,13.19760799407959,2.08,83.12828063964844,2.08,91.94571685791016
2.0900000000000016,8.719640731811523,2.0900000000000016,100.31381225585938,2.089999999999998,13.198243141174316,2.089999999999998,83.12928771972656,2.0900000000000016,91.92636108398438
2.1,8.713738441467285,2.1,100.31748962402344,2.1,13.198250770568848,2.1,83.12838745117188,2.1,91.90812683105467
2.110000000000001,8.694672584533691,2.110000000000001,100.32196044921876,2.110000000000001,13.199203491210938,2.110000000000001,83.12724304199219,2.110000000000001,91.88433074951172
2.119999999999999,8.693236351013184,2.119999999999999,100.32331085205078,2.119999999999999,13.199703216552734,2.119999999999999,83.12600708007812,2.119999999999999,91.85577392578124
2.130000000000001,8.697691917419434,2.130000000000001,100.32215881347656,2.130000000000001,13.19911766052246,2.130000000000001,83.12570190429688,2.130000000000001,91.82384490966795
2.1400000000000023,8.701322555541992,2.139999999999999,100.32239532470705,2.139999999999999,13.1990385055542,2.139999999999999,83.12578582763672,2.1400000000000023,91.78379821777344
2.1500000000000004,8.702874183654785,2.1500000000000004,100.32196807861328,2.1500000000000004,13.1987943649292,2.1500000000000004,83.12577819824219,2.1500000000000004,91.73643493652344
2.160000000000002,8.704279899597168,2.160000000000002,100.32000732421876,2.1599999999999984,13.19963550567627,2.1599999999999984,83.12870788574219,2.160000000000002,91.69149017333984
2.17,8.709940910339355,2.17,100.3187484741211,2.17,13.200078010559082,2.17,83.1293716430664,2.17,91.6620101928711
2.180000000000001,8.714667320251465,2.180000000000001,100.31853485107422,2.179999999999998,13.20189380645752,2.179999999999998,83.12955474853516,2.180000000000001,91.65802001953124
2.1899999999999995,8.713667869567871,2.1899999999999995,100.32080078125,2.1899999999999995,13.20305347442627,2.1899999999999995,83.12825012207031,2.1899999999999995,91.66950225830078
2.200000000000001,8.71120834350586,2.200000000000001,100.32048797607422,2.200000000000001,13.204378128051758,2.200000000000001,83.12844848632812,2.200000000000001,91.68180084228516
2.210000000000002,8.707025527954102,2.209999999999999,100.31836700439452,2.209999999999999,13.205522537231444,2.209999999999999,83.12889862060547,2.210000000000002,91.67707824707033
2.2200000000000006,8.701543807983398,2.2200000000000006,100.31824493408205,2.2200000000000006,13.20616340637207,2.2200000000000006,83.12892150878906,2.2200000000000006,91.6567611694336
2.230000000000002,8.702718734741211,2.229999999999998,100.31845092773438,2.229999999999998,13.205809593200684,2.229999999999998,83.1297607421875,2.230000000000002,91.62335968017578
2.24,8.706695556640625,2.24,100.31978607177734,2.24,13.203319549560549,2.24,83.12886047363281,2.24,91.57845306396484
2.2500000000000018,8.707625389099121,2.2500000000000018,100.32110595703124,2.2499999999999982,13.199641227722168,2.2499999999999982,83.12894439697266,2.2500000000000018,91.52751922607422
2.26,8.708182334899902,2.26,100.32077026367188,2.26,13.195979118347168,2.26,83.12848663330078,2.26,91.48511505126952
2.2700000000000014,8.707162857055664,2.2700000000000014,100.3202667236328,2.2700000000000014,13.191346168518066,2.269999999999998,83.12852478027344,2.2700000000000014,91.45800018310548
2.28,8.704442977905273,2.28,100.3193359375,2.28,13.189653396606444,2.28,83.12860107421875,2.28,91.43977355957033
2.290000000000001,8.70199203491211,2.290000000000001,100.31866455078124,2.290000000000001,13.188674926757812,2.290000000000001,83.12973022460938,2.290000000000001,91.42039489746094
2.3000000000000025,8.698102951049805,2.299999999999999,100.31744384765624,2.299999999999999,13.18951416015625,2.299999999999999,83.13066864013672,2.3000000000000025,91.39462280273438
2.3100000000000005,8.697654724121094,2.3100000000000005,100.3172607421875,2.3100000000000005,13.19125747680664,2.3100000000000005,83.13035583496094,2.3100000000000005,91.3628158569336
2.320000000000002,8.69951343536377,2.320000000000002,100.31905364990234,2.3199999999999985,13.194348335266112,2.3199999999999985,83.12902069091797,2.320000000000002,91.32666778564452
2.33,8.703849792480469,2.33,100.3223648071289,2.33,13.196468353271484,2.33,83.12820434570312,2.33,91.29183197021484
2.3400000000000016,8.706926345825195,2.3400000000000016,100.32430267333984,2.339999999999998,13.198829650878906,2.339999999999998,83.12691497802734,2.3400000000000016,91.26261901855467
2.35,8.7087984085083,2.35,100.32428741455078,2.35,13.201498031616213,2.35,83.12676239013672,2.35,91.23841857910156
2.360000000000001,8.70888900756836,2.360000000000001,100.32467651367188,2.360000000000001,13.204105377197266,2.360000000000001,83.1275405883789,2.360000000000001,91.21572875976562
2.369999999999999,8.71008586883545,2.369999999999999,100.3270492553711,2.369999999999999,13.20648956298828,2.369999999999999,83.12837219238281,2.369999999999999,91.18792724609376
2.380000000000001,8.716124534606934,2.380000000000001,100.32767486572266,2.380000000000001,13.207427978515623,2.380000000000001,83.12677001953125,2.380000000000001,91.1526870727539
2.3900000000000023,8.721582412719727,2.389999999999999,100.32518005371094,2.389999999999999,13.209307670593262,2.389999999999999,83.12538146972656,2.3900000000000023,91.1093292236328
2.4000000000000004,8.725225448608398,2.4000000000000004,100.32307434082033,2.4000000000000004,13.211288452148438,2.4000000000000004,83.12666320800781,2.4000000000000004,91.06678771972656
2.410000000000002,8.727540016174316,2.410000000000002,100.32516479492188,2.4099999999999984,13.213635444641112,2.4099999999999984,83.12703704833984,2.410000000000002,91.0378875732422
2.42,8.72934341430664,2.42,100.32653045654295,2.42,13.214253425598145,2.42,83.1287841796875,2.42,91.0203857421875
2.430000000000001,8.728724479675293,2.430000000000001,100.32500457763672,2.429999999999998,13.215444564819336,2.429999999999998,83.12938690185547,2.430000000000001,91.00887298583984
2.4399999999999995,8.723455429077148,2.4399999999999995,100.32164764404295,2.4399999999999995,13.215252876281738,2.4399999999999995,83.13020324707031,2.4399999999999995,91.00131225585938
2.450000000000001,8.724067687988281,2.450000000000001,100.31940460205078,2.450000000000001,13.214421272277832,2.450000000000001,83.13043212890625,2.450000000000001,90.99089050292967
2.460000000000002,8.72431755065918,2.459999999999999,100.32083129882812,2.459999999999999,13.214682579040527,2.459999999999999,83.13197326660156,2.460000000000002,90.97459411621094
2.4700000000000006,8.722980499267578,2.4700000000000006,100.32215881347656,2.4700000000000006,13.213443756103516,2.4700000000000006,83.13133239746094,2.4700000000000006,90.95380401611328
2.480000000000002,8.72083568572998,2.479999999999998,100.321044921875,2.479999999999998,13.213339805603027,2.479999999999998,83.1302261352539,2.480000000000002,90.93060302734376
2.49,8.721158027648926,2.49,100.31770324707033,2.49,13.211713790893556,2.49,83.1315689086914,2.49,90.90775299072266
2.5000000000000018,8.722192764282227,2.5000000000000018,100.31549072265624,2.4999999999999982,13.20896816253662,2.4999999999999982,83.13321685791016,2.5000000000000018,90.8887176513672
2.51,8.726642608642578,2.51,100.314453125,2.51,13.205609321594238,2.51,83.13224029541016,2.51,90.87450408935548
2.5200000000000014,8.726824760437012,2.5200000000000014,100.31112670898438,2.5200000000000014,13.202811241149902,2.519999999999998,83.13182830810547,2.5200000000000014,90.8631820678711
2.53,8.726733207702637,2.53,100.30783081054688,2.53,13.200957298278809,2.53,83.13257598876953,2.53,90.8515625
2.540000000000001,8.724828720092773,2.540000000000001,100.3045883178711,2.540000000000001,13.200268745422363,2.540000000000001,83.13226318359375,2.540000000000001,90.84154510498048
2.5500000000000025,8.726052284240723,2.549999999999999,100.30357360839844,2.549999999999999,13.19948387145996,2.549999999999999,83.13273620605469,2.5500000000000025,90.83238220214844
2.5600000000000005,8.724632263183594,2.5600000000000005,100.30558013916016,2.5600000000000005,13.19946002960205,2.5600000000000005,83.1338882446289,2.5600000000000005,90.82201385498048
2.570000000000002,8.722310066223145,2.570000000000002,100.30917358398438,2.5699999999999985,13.199963569641112,2.5699999999999985,83.13395690917969,2.570000000000002,90.8109359741211
2.58,8.718541145324707,2.58,100.31153106689452,2.58,13.200489044189451,2.58,83.13310241699219,2.58,90.80133819580078
2.5900000000000016,8.712730407714844,2.5900000000000016,100.31363677978516,2.589999999999998,13.200411796569824,2.589999999999998,83.13397216796875,2.5900000000000016,90.7881317138672
2.6,8.71141242980957,2.6,100.31551361083984,2.6,13.200207710266112,2.6,83.1331558227539,2.6,90.7728500366211
2.610000000000001,8.70993709564209,2.610000000000001,100.3195343017578,2.610000000000001,13.20082664489746,2.610000000000001,83.13204956054688,2.610000000000001,90.75431060791016
2.619999999999999,8.711528778076172,2.619999999999999,100.3200912475586,2.619999999999999,13.200566291809082,2.619999999999999,83.13237762451172,2.619999999999999,90.73587799072266
2.630000000000001,8.714829444885254,2.630000000000001,100.31961059570312,2.630000000000001,13.200272560119627,2.630000000000001,83.13311767578125,2.630000000000001,90.7176284790039
2.6400000000000023,8.72154712677002,2.639999999999999,100.3198013305664,2.639999999999999,13.20132541656494,2.639999999999999,83.1319580078125,2.6400000000000023,90.69632720947266
2.6500000000000004,8.727330207824707,2.6500000000000004,100.32102966308594,2.6500000000000004,13.202350616455078,2.6500000000000004,83.13191986083984,2.6500000000000004,90.67432403564452
2.660000000000002,8.731629371643066,2.660000000000002,100.322021484375,2.6599999999999984,13.20399284362793,2.6599999999999984,83.13269805908203,2.660000000000002,90.65235137939452
2.67,8.735349655151367,2.67,100.32119750976562,2.67,13.205644607543944,2.67,83.13339233398438,2.67,90.63158416748048
2.680000000000001,8.73840618133545,2.680000000000001,100.320068359375,2.679999999999998,13.210092544555664,2.679999999999998,83.1328125,2.680000000000001,90.61297607421876
2.6899999999999995,8.737887382507324,2.6899999999999995,100.3208999633789,2.6899999999999995,13.21259880065918,2.6899999999999995,83.13383483886719,2.6899999999999995,90.59771728515624
2.700000000000001,8.737229347229004,2.700000000000001,100.32160186767578,2.700000000000001,13.214216232299805,2.700000000000001,83.13275146484375,2.700000000000001,90.58539581298828
2.710000000000002,8.735074996948242,2.709999999999999,100.32223510742188,2.709999999999999,13.215046882629396,2.709999999999999,83.13246154785156,2.710000000000002,90.5727767944336
2.7200000000000006,8.73255729675293,2.7200000000000006,100.32452392578124,2.7200000000000006,13.214728355407717,2.7200000000000006,83.13162231445312,2.7200000000000006,90.56037139892578
2.730000000000002,8.733048439025879,2.729999999999998,100.32624816894533,2.729999999999998,13.21371078491211,2.729999999999998,83.1324691772461,2.730000000000002,90.5472640991211
2.74,8.733290672302246,2.74,100.32752990722656,2.74,13.21075439453125,2.74,83.13404846191406,2.74,90.5355453491211
2.7500000000000018,8.734163284301758,2.7500000000000018,100.3277816772461,2.7499999999999982,13.209425926208496,2.7499999999999982,83.13433074951172,2.7500000000000018,90.51945495605467
2.76,8.732956886291504,2.76,100.32838439941406,2.76,13.208047866821287,2.76,83.13550567626953,2.76,90.4983139038086
2.7700000000000014,8.733991622924805,2.7700000000000014,100.32681274414062,2.7700000000000014,13.206398010253906,2.769999999999998,83.13529968261719,2.7700000000000014,90.47631072998048
2.78,8.737319946289062,2.78,100.32623291015624,2.78,13.205561637878418,2.78,83.13518524169922,2.78,90.45490264892578
2.790000000000001,8.740497589111328,2.790000000000001,100.32534790039062,2.790000000000001,13.20539093017578,2.790000000000001,83.13448333740234,2.790000000000001,90.43351745605467
2.8000000000000025,8.741291999816895,2.799999999999999,100.32637786865234,2.799999999999999,13.20606517791748,2.799999999999999,83.13329315185547,2.8000000000000025,90.41561889648438
2.8100000000000005,8.741653442382812,2.8100000000000005,100.3265609741211,2.8100000000000005,13.206687927246094,2.8100000000000005,83.13311767578125,2.8100000000000005,90.4023208618164
2.820000000000002,8.739002227783203,2.820000000000002,100.32600402832033,2.8199999999999985,13.207390785217283,2.8199999999999985,83.1327896118164,2.820000000000002,90.3901138305664
2.83,8.727009773254395,2.83,100.32459259033205,2.83,13.206830024719238,2.83,83.13261413574219,2.83,90.37971496582033
2.8400000000000016,8.72634506225586,2.8400000000000016,100.32301330566406,2.839999999999998,13.207517623901367,2.839999999999998,83.13316345214844,2.8400000000000016,90.37222290039062
2.85,8.725564002990723,2.85,100.32230377197266,2.85,13.207256317138672,2.85,83.13396453857422,2.85,90.36172485351562
2.860000000000001,8.725053787231445,2.860000000000001,100.31873321533205,2.860000000000001,13.206084251403809,2.860000000000001,83.13346862792969,2.860000000000001,90.34923553466795
2.869999999999999,8.721175193786621,2.869999999999999,100.31455993652344,2.869999999999999,13.204778671264648,2.869999999999999,83.13300323486328,2.869999999999999,90.33561706542967
2.880000000000001,8.721124649047852,2.880000000000001,100.3146743774414,2.880000000000001,13.204510688781738,2.880000000000001,83.13302612304688,2.880000000000001,90.32445526123048
2.8900000000000023,8.719728469848633,2.889999999999999,100.31726837158205,2.889999999999999,13.204523086547852,2.889999999999999,83.1328125,2.8900000000000023,90.3222427368164
2.9000000000000004,8.715361595153809,2.9000000000000004,100.32047271728516,2.9000000000000004,13.205849647521973,2.9000000000000004,83.13248443603516,2.9000000000000004,90.3266830444336
2.910000000000002,8.715434074401855,2.910000000000002,100.32231903076172,2.9099999999999984,13.207744598388672,2.9099999999999984,83.13370513916016,2.910000000000002,90.33319091796876
2.92,8.71914291381836,2.92,100.3247299194336,2.92,13.209585189819336,2.92,83.13372802734375,2.92,90.33306121826172
2.930000000000001,8.724215507507324,2.930000000000001,100.3249740600586,2.929999999999998,13.212807655334473,2.929999999999998,83.13456726074219,2.930000000000001,90.32660675048828
2.9399999999999995,8.728148460388184,2.9399999999999995,100.32376098632812,2.9399999999999995,13.214957237243652,2.9399999999999995,83.13430786132812,2.9399999999999995,90.31906127929688
2.950000000000001,8.732807159423828,2.950000000000001,100.32207489013672,2.950000000000001,13.215825080871582,2.950000000000001,83.13288879394531,2.950000000000001,90.30768585205078
2.960000000000002,8.736446380615234,2.959999999999999,100.31991577148438,2.959999999999999,13.216139793395996,2.959999999999999,83.13243865966797,2.960000000000002,90.29969024658205
2.9700000000000006,8.7372407913208,2.9700000000000006,100.3196258544922,2.9700000000000006,13.215645790100098,2.9700000000000006,83.13162231445312,2.9700000000000006,90.2963638305664
2.980000000000002,8.736021041870117,2.979999999999998,100.3195571899414,2.979999999999998,13.212810516357422,2.979999999999998,83.13200378417969,2.980000000000002,90.30120086669922
2.99,8.732319831848145,2.99,100.32183074951172,2.99,13.211618423461914,2.99,83.13233947753906,2.99,90.31158447265624
3.0000000000000018,8.727641105651855,3.0000000000000018,100.3256607055664,2.9999999999999982,13.211051940917969,2.9999999999999982,83.13092803955078,3.0000000000000018,90.32102966308594
3.01,8.723320960998535,3.01,100.32716369628906,3.01,13.210652351379396,3.01,83.13028717041016,3.01,90.32481384277344
3.0200000000000014,8.721040725708008,3.0200000000000014,100.32687377929688,3.0200000000000014,13.211088180541992,3.019999999999998,83.13057708740234,3.0200000000000014,90.32524871826172
3.03,8.722405433654785,3.03,100.32756042480467,3.03,13.212177276611328,3.03,83.13042449951172,3.03,90.32442474365234
3.040000000000001,8.724356651306152,3.040000000000001,100.3279800415039,3.040000000000001,13.214609146118164,3.040000000000001,83.12962341308594,3.040000000000001,90.32866668701172
3.0500000000000025,8.723482131958008,3.049999999999999,100.32804870605467,3.049999999999999,13.219646453857422,3.049999999999999,83.12821960449219,3.0500000000000025,90.33560943603516
3.0600000000000005,8.72308349609375,3.0600000000000005,100.3273468017578,3.0600000000000005,13.225756645202637,3.0600000000000005,83.12891387939453,3.0600000000000005,90.34385681152344
3.070000000000002,8.72622299194336,3.070000000000002,100.32714080810548,3.0699999999999985,13.23137664794922,3.0699999999999985,83.13015747070312,3.070000000000002,90.3533172607422
3.08,8.727322578430176,3.08,100.32781219482422,3.08,13.234563827514648,3.08,83.12971496582031,3.08,90.36145782470705
3.0900000000000016,8.728886604309082,3.0900000000000016,100.32943725585938,3.089999999999998,13.237106323242188,3.089999999999998,83.13084411621094,3.0900000000000016,90.36216735839844
3.1,8.730039596557617,3.1,100.32991027832033,3.1,13.23561668395996,3.1,83.1302719116211,3.1,90.3610382080078
3.110000000000001,8.733256340026855,3.110000000000001,100.33172607421876,3.110000000000001,13.233495712280272,3.110000000000001,83.1288833618164,3.110000000000001,90.36563873291016
3.119999999999999,8.736515045166016,3.119999999999999,100.3335418701172,3.119999999999999,13.231529235839844,3.119999999999999,83.12939453125,3.119999999999999,90.3723602294922
3.130000000000001,8.738177299499512,3.130000000000001,100.33402252197266,3.130000000000001,13.230371475219728,3.130000000000001,83.1298828125,3.130000000000001,90.38278198242188
3.1400000000000023,8.737342834472656,3.139999999999999,100.333251953125,3.139999999999999,13.22866916656494,3.139999999999999,83.13052368164062,3.1400000000000023,90.3962860107422
3.1500000000000004,8.73427963256836,3.1500000000000004,100.3299331665039,3.1500000000000004,13.227081298828123,3.1500000000000004,83.13029479980469,3.1500000000000004,90.41165924072266
3.160000000000002,8.731273651123047,3.160000000000002,100.32738494873048,3.1599999999999984,13.225759506225586,3.1599999999999984,83.1314468383789,3.160000000000002,90.42292022705078
3.17,8.729979515075684,3.17,100.32546997070312,3.17,13.223301887512209,3.17,83.13204193115234,3.17,90.4277801513672
3.180000000000001,8.727274894714355,3.180000000000001,100.3218231201172,3.179999999999998,13.22242259979248,3.179999999999998,83.13184356689453,3.180000000000001,90.43384552001952
3.1899999999999995,8.72782039642334,3.1899999999999995,100.31941223144533,3.1899999999999995,13.222591400146484,3.1899999999999995,83.13353729248047,3.1899999999999995,90.44230651855467
3.200000000000001,8.7315092086792,3.200000000000001,100.31878662109376,3.200000000000001,13.222564697265623,3.200000000000001,83.13401794433594,3.200000000000001,90.45539855957033
3.210000000000002,8.734062194824219,3.209999999999999,100.31973266601562,3.209999999999999,13.221781730651855,3.209999999999999,83.13350677490234,3.210000000000002,90.4701919555664
3.2200000000000006,8.734795570373535,3.2200000000000006,100.32220458984376,3.2200000000000006,13.22038745880127,3.2200000000000006,83.13337707519531,3.2200000000000006,90.48374938964844
3.230000000000002,8.737327575683594,3.229999999999998,100.3250732421875,3.229999999999998,13.218993186950684,3.229999999999998,83.13470458984375,3.230000000000002,90.50012969970705
3.24,8.73719310760498,3.24,100.32561492919922,3.24,13.218498229980469,3.24,83.1321792602539,3.24,90.5181655883789
3.2500000000000018,8.73184585571289,3.2500000000000018,100.3254165649414,3.2499999999999982,13.217495918273926,3.2499999999999982,83.13427734375,3.2500000000000018,90.5345687866211
3.26,8.72598648071289,3.26,100.32274627685548,3.26,13.21544361114502,3.26,83.13501739501953,3.26,90.54851531982422
3.2700000000000014,8.72081184387207,3.2700000000000014,100.31939697265624,3.2700000000000014,13.214967727661133,3.269999999999998,83.13300323486328,3.2700000000000014,90.56707763671876
3.28,8.72032356262207,3.28,100.31607818603516,3.28,13.213993072509766,3.28,83.13289642333984,3.28,90.58927154541016
3.290000000000001,8.720510482788086,3.290000000000001,100.314453125,3.290000000000001,13.213858604431152,3.290000000000001,83.13397216796875,3.290000000000001,90.61286163330078
3.3000000000000025,8.725556373596191,3.299999999999999,100.31515502929688,3.299999999999999,13.214107513427734,3.299999999999999,83.13322448730469,3.3000000000000025,90.63507843017578
3.3100000000000005,8.7315673828125,3.3100000000000005,100.31732177734376,3.3100000000000005,13.213738441467283,3.3100000000000005,83.1330337524414,3.3100000000000005,90.65320587158205
3.320000000000002,8.736068725585938,3.320000000000002,100.32032775878906,3.3199999999999985,13.213624954223633,3.3199999999999985,83.13308715820312,3.320000000000002,90.67023468017578
3.33,8.737153053283691,3.33,100.32169342041016,3.33,13.214181900024414,3.33,83.13336181640625,3.33,90.68364715576172
3.3400000000000016,8.736647605895996,3.3400000000000016,100.32228088378906,3.339999999999998,13.215657234191896,3.339999999999998,83.13453674316406,3.3400000000000016,90.69441986083984
3.35,8.733927726745605,3.35,100.32411193847656,3.35,13.21647834777832,3.35,83.13549041748047,3.35,90.7042999267578
3.360000000000001,8.72888469696045,3.360000000000001,100.32337951660156,3.360000000000001,13.218639373779297,3.360000000000001,83.13512420654297,3.360000000000001,90.71589660644533
3.369999999999999,8.726468086242676,3.369999999999999,100.32047271728516,3.369999999999999,13.219261169433594,3.369999999999999,83.13522338867188,3.369999999999999,90.73036193847656
3.380000000000001,8.72441291809082,3.380000000000001,100.31754302978516,3.380000000000001,13.21998405456543,3.380000000000001,83.13590240478516,3.380000000000001,90.7455062866211
3.3900000000000023,8.727252006530762,3.389999999999999,100.31631469726562,3.389999999999999,13.21977710723877,3.389999999999999,83.13589477539062,3.3900000000000023,90.75960540771484
3.4000000000000004,8.730314254760742,3.4000000000000004,100.31792449951172,3.4000000000000004,13.218046188354492,3.4000000000000004,83.13668823242188,3.4000000000000004,90.77536010742188
3.410000000000002,8.733331680297852,3.410000000000002,100.32025909423828,3.4099999999999984,13.217540740966797,3.4099999999999984,83.13592529296875,3.410000000000002,90.79297637939452
3.42,8.739702224731445,3.42,100.31993103027344,3.42,13.216697692871094,3.42,83.13687896728516,3.42,90.811279296875
3.430000000000001,8.745088577270508,3.430000000000001,100.32059478759766,3.429999999999998,13.214686393737791,3.429999999999998,83.13711547851562,3.430000000000001,90.83096313476562
3.4399999999999995,8.746539115905762,3.4399999999999995,100.32496643066406,3.4399999999999995,13.21180248260498,3.4399999999999995,83.13700103759766,3.4399999999999995,90.8520736694336
3.450000000000001,8.743711471557617,3.450000000000001,100.32624053955078,3.450000000000001,13.209189414978027,3.450000000000001,83.13700103759766,3.450000000000001,90.87150573730467
3.460000000000002,8.738628387451172,3.459999999999999,100.32332611083984,3.459999999999999,13.20689582824707,3.459999999999999,83.1316909790039,3.460000000000002,90.88571166992188
3.4700000000000006,8.730696678161621,3.4700000000000006,100.31922912597656,3.4700000000000006,13.20445728302002,3.4700000000000006,83.13143920898438,3.4700000000000006,90.89012145996094
3.480000000000002,8.723945617675781,3.479999999999998,100.31838989257812,3.479999999999998,13.20335865020752,3.479999999999998,83.13277435302734,3.480000000000002,90.8948974609375
3.49,8.722212791442871,3.49,100.31864166259766,3.49,13.203133583068848,3.49,83.13099670410156,3.49,90.90504455566406
3.5000000000000018,8.721148490905762,3.5000000000000018,100.31683349609376,3.4999999999999982,13.203361511230469,3.4999999999999982,83.13077545166016,3.5000000000000018,90.92272186279295
3.51,8.721614837646484,3.51,100.31590270996094,3.51,13.204445838928224,3.51,83.13027954101562,3.51,90.93939208984376
3.5200000000000014,8.723562240600586,3.5200000000000014,100.31751251220705,3.5200000000000014,13.206658363342283,3.519999999999998,83.13050842285156,3.5200000000000014,90.9529037475586
3.53,8.725977897644043,3.53,100.32010650634766,3.53,13.208111763000488,3.53,83.12986755371094,3.53,90.96217346191406
3.540000000000001,8.730411529541016,3.540000000000001,100.32093811035156,3.540000000000001,13.209010124206545,3.540000000000001,83.12947845458984,3.540000000000001,90.96916961669922
3.5500000000000025,8.73104476928711,3.549999999999999,100.3211669921875,3.549999999999999,13.209108352661133,3.549999999999999,83.12950134277344,3.5500000000000025,90.9740982055664
3.5600000000000005,8.732210159301758,3.5600000000000005,100.32097625732422,3.5600000000000005,13.20744514465332,3.5600000000000005,83.1294174194336,3.5600000000000005,90.9789047241211
3.570000000000002,8.732499122619629,3.570000000000002,100.32069396972656,3.5699999999999985,13.205694198608398,3.5699999999999985,83.13148498535156,3.570000000000002,90.97698974609376
3.58,8.732016563415527,3.58,100.31977081298828,3.58,13.202903747558594,3.58,83.13229370117188,3.58,90.982421875
3.5900000000000016,8.732023239135742,3.5900000000000016,100.31824493408205,3.589999999999998,13.202508926391602,3.589999999999998,83.1329574584961,3.5900000000000016,91.00564575195312
3.6,8.731073379516602,3.6,100.31617736816406,3.6,13.202757835388184,3.6,83.1337890625,3.6,91.045654296875
3.610000000000001,8.729382514953613,3.610000000000001,100.31434631347656,3.610000000000001,13.202611923217772,3.610000000000001,83.13504028320312,3.610000000000001,91.08739471435548
3.619999999999999,8.726990699768066,3.619999999999999,100.31365203857422,3.619999999999999,13.203438758850098,3.619999999999999,83.13381958007812,3.619999999999999,91.11656188964844
3.630000000000001,8.730806350708008,3.630000000000001,100.31712341308594,3.630000000000001,13.204842567443848,3.630000000000001,83.13190460205078,3.630000000000001,91.13443756103516
3.6400000000000015,8.732056617736816,3.639999999999999,100.32006072998048,3.639999999999999,13.20601749420166,3.639999999999999,83.1305160522461,3.6400000000000015,91.15010833740234
3.65,8.727811813354492,3.65,100.3218994140625,3.65,13.205163955688477,3.65,83.12989807128906,3.65,91.16413116455078
3.660000000000002,8.725346565246582,3.660000000000002,100.32227325439452,3.6599999999999984,13.204411506652832,3.6599999999999984,83.1312484741211,3.660000000000002,91.1748275756836
3.67,8.724713325500488,3.67,100.3227767944336,3.67,13.20317268371582,3.67,83.13081359863281,3.67,91.1894302368164
3.6800000000000015,8.723613739013672,3.6800000000000015,100.32196807861328,3.679999999999998,13.20180606842041,3.679999999999998,83.13155364990234,3.6800000000000015,91.21310424804688
3.69,8.723152160644531,3.69,100.32129669189452,3.69,13.201333999633787,3.69,83.13179016113281,3.69,91.2449188232422
3.700000000000001,8.718989372253418,3.700000000000001,100.32136535644533,3.700000000000001,13.20192050933838,3.700000000000001,83.1314697265625,3.700000000000001,91.27915954589844
3.710000000000002,8.713018417358398,3.709999999999999,100.32108306884766,3.709999999999999,13.201042175292969,3.709999999999999,83.13003540039062,3.710000000000002,91.30174255371094
3.7200000000000006,8.712989807128906,3.7200000000000006,100.3223114013672,3.7200000000000006,13.202462196350098,3.7200000000000006,83.12918853759766,3.7200000000000006,91.31560516357422
3.730000000000002,8.716413497924805,3.729999999999999,100.32505798339844,3.729999999999999,13.204533576965332,3.729999999999999,83.12813568115234,3.730000000000002,91.32524871826172
3.74,8.718893051147461,3.74,100.32740783691406,3.74,13.207036972045898,3.74,83.12710571289062,3.74,91.33265686035156
3.7500000000000018,8.723957061767578,3.7500000000000018,100.32769012451172,3.7499999999999982,13.207770347595217,3.7499999999999982,83.1262435913086,3.7500000000000018,91.34510803222656
3.76,8.73270034790039,3.76,100.3280258178711,3.76,13.209209442138672,3.76,83.12612915039062,3.76,91.36605834960938
3.770000000000002,8.733780860900879,3.770000000000002,100.32589721679688,3.770000000000002,13.211050033569336,3.769999999999998,83.1267318725586,3.770000000000002,91.3898468017578
3.78,8.736902236938477,3.78,100.32445526123048,3.78,13.212716102600098,3.78,83.12833404541016,3.78,91.4145736694336
3.790000000000001,8.73885726928711,3.790000000000001,100.32366943359376,3.790000000000001,13.214326858520508,3.790000000000001,83.12808990478516,3.790000000000001,91.434326171875
3.8000000000000025,8.74476146697998,3.799999999999999,100.3218231201172,3.799999999999999,13.216150283813477,3.799999999999999,83.12980651855469,3.8000000000000025,91.447998046875
3.810000000000001,8.747434616088867,3.810000000000001,100.3182601928711,3.810000000000001,13.217050552368164,3.810000000000001,83.12991333007812,3.810000000000001,91.45196533203124
3.820000000000002,8.746087074279785,3.820000000000002,100.3156280517578,3.82,13.217266082763672,3.82,83.13072967529297,3.820000000000002,91.44972229003906
3.83,8.747726440429688,3.83,100.31565856933594,3.83,13.216907501220703,3.83,83.13164520263672,3.83,91.44580841064452
3.8400000000000016,8.749225616455078,3.8400000000000016,100.31517791748048,3.839999999999998,13.215020179748535,3.839999999999998,83.13178253173828,3.8400000000000016,91.44567108154295
3.85,8.750771522521973,3.85,100.31363677978516,3.85,13.212689399719238,3.85,83.13247680664062,3.85,91.45223999023438
3.860000000000001,8.75188159942627,3.860000000000001,100.3118896484375,3.860000000000001,13.210150718688965,3.860000000000001,83.13333892822266,3.860000000000001,91.46184539794922
3.869999999999999,8.750908851623535,3.869999999999999,100.31045532226562,3.869999999999999,13.207168579101562,3.869999999999999,83.13374328613281,3.869999999999999,91.47177124023438
3.880000000000001,8.746572494506836,3.880000000000001,100.3093032836914,3.880000000000001,13.204886436462402,3.880000000000001,83.1349105834961,3.880000000000001,91.4837875366211
3.8900000000000015,8.73983097076416,3.889999999999999,100.30681610107422,3.889999999999999,13.20063018798828,3.889999999999999,83.13488006591797,3.8900000000000015,91.49968719482422
3.9,8.736004829406738,3.9,100.3041534423828,3.9,13.19572639465332,3.9,83.13526916503906,3.9,91.5130386352539
3.910000000000002,8.731389999389648,3.910000000000002,100.30327606201172,3.9099999999999984,13.191625595092772,3.9099999999999984,83.1351547241211,3.910000000000002,91.5268325805664
3.92,8.724177360534668,3.92,100.30328369140624,3.92,13.189017295837402,3.92,83.13516235351562,3.92,91.5414047241211
3.9300000000000015,8.720502853393555,3.9300000000000015,100.30327606201172,3.929999999999998,13.18869686126709,3.929999999999998,83.13402557373047,3.9300000000000015,91.56031036376952
3.94,8.723374366760254,3.94,100.30219268798828,3.94,13.189011573791504,3.94,83.13387298583984,3.94,91.57787322998048
3.950000000000001,8.726314544677734,3.950000000000001,100.30109405517578,3.950000000000001,13.189865112304688,3.950000000000001,83.13334655761719,3.950000000000001,91.59162902832033
3.960000000000002,8.728438377380371,3.959999999999999,100.3020477294922,3.959999999999999,13.190947532653809,3.959999999999999,83.1323471069336,3.960000000000002,91.60122680664062
3.9700000000000006,8.728962898254395,3.9700000000000006,100.30240631103516,3.9700000000000006,13.19227409362793,3.9700000000000006,83.13014221191406,3.9700000000000006,91.6085968017578
3.980000000000002,8.728514671325684,3.979999999999999,100.30261993408205,3.979999999999999,13.192209243774414,3.979999999999999,83.13056182861328,3.980000000000002,91.61565399169922
3.99,8.725849151611328,3.99,100.30559539794922,3.99,13.19257926940918,3.99,83.12886047363281,3.99,91.62068176269533
4.000000000000002,8.723786354064941,4.000000000000002,100.30716705322266,3.9999999999999982,13.191980361938477,3.9999999999999982,83.12821960449219,4.000000000000002,91.62755584716795
4.01,8.722397804260254,4.01,100.30891418457033,4.01,13.191655158996582,4.01,83.12934112548828,4.01,91.63329315185548
4.020000000000001,8.72220516204834,4.020000000000001,100.31159973144533,4.020000000000001,13.192033767700195,4.019999999999998,83.12907409667969,4.020000000000001,91.6343002319336
4.029999999999999,8.725050926208496,4.029999999999999,100.31144714355467,4.029999999999999,13.19171142578125,4.029999999999999,83.12815856933594,4.029999999999999,91.63419342041016
4.040000000000001,8.728985786437988,4.040000000000001,100.31158447265624,4.040000000000001,13.193133354187012,4.040000000000001,83.12757110595703,4.040000000000001,91.64093017578124
4.0500000000000025,8.730257987976074,4.049999999999999,100.31243133544922,4.049999999999999,13.195591926574709,4.049999999999999,83.12784576416016,4.0500000000000025,91.65193939208984
4.0600000000000005,8.730951309204102,4.0600000000000005,100.31625366210938,4.0600000000000005,13.198906898498535,4.0600000000000005,83.12596130371094,4.0600000000000005,91.66669464111328
4.070000000000002,8.731929779052734,4.070000000000002,100.31835174560548,4.069999999999999,13.203176498413086,4.069999999999999,83.12499237060547,4.070000000000002,91.68362426757812
4.08,8.731788635253906,4.08,100.31785583496094,4.08,13.205767631530762,4.08,83.12699127197266,4.08,91.69750213623048
4.090000000000002,8.732723236083984,4.090000000000002,100.31755065917967,4.089999999999998,13.207552909851074,4.089999999999998,83.1274642944336,4.090000000000002,91.70513153076172
4.1,8.733598709106445,4.1,100.3175277709961,4.1,13.207919120788574,4.1,83.1279525756836,4.1,91.70872497558594
4.110000000000001,8.734342575073242,4.110000000000001,100.31757354736328,4.110000000000001,13.208574295043944,4.110000000000001,83.12905883789062,4.110000000000001,91.71236419677734
4.119999999999999,8.734912872314453,4.119999999999999,100.3149642944336,4.119999999999999,13.20773220062256,4.119999999999999,83.12955474853516,4.119999999999999,91.71680450439452
4.130000000000001,8.738628387451172,4.130000000000001,100.3138198852539,4.130000000000001,13.206453323364258,4.130000000000001,83.12946319580078,4.130000000000001,91.72431182861328
4.140000000000002,8.741333961486816,4.139999999999999,100.3156280517578,4.139999999999999,13.204421043395996,4.139999999999999,83.12879943847656,4.140000000000002,91.73368072509766
4.15,8.745259284973145,4.15,100.31676483154295,4.15,13.202481269836426,4.15,83.12850189208984,4.15,91.74231719970705
4.160000000000002,8.7457275390625,4.160000000000002,100.31756591796876,4.159999999999998,13.200250625610352,4.159999999999998,83.12869262695312,4.160000000000002,91.74820709228516
4.17,8.743799209594727,4.17,100.31901550292967,4.17,13.198966026306152,4.17,83.12869262695312,4.17,91.74818420410156
4.1800000000000015,8.742444038391113,4.1800000000000015,100.3174285888672,4.179999999999998,13.198304176330566,4.179999999999998,83.12955474853516,4.1800000000000015,91.74523162841795
4.19,8.740784645080566,4.19,100.3165512084961,4.19,13.197056770324709,4.19,83.13194274902344,4.19,91.7482452392578
4.200000000000001,8.73947525024414,4.200000000000001,100.31671142578124,4.200000000000001,13.198058128356934,4.200000000000001,83.13270568847656,4.200000000000001,91.75895690917967
4.210000000000003,8.738670349121094,4.209999999999999,100.31586456298828,4.209999999999999,13.198569297790527,4.209999999999999,83.13359069824219,4.210000000000003,91.77442169189452
4.220000000000001,8.736673355102539,4.220000000000001,100.31558227539062,4.220000000000001,13.200806617736816,4.220000000000001,83.13404846191406,4.220000000000001,91.78871154785156
4.230000000000002,8.734689712524414,4.229999999999999,100.31532287597656,4.229999999999999,13.201953887939451,4.229999999999999,83.1344223022461,4.230000000000002,91.80081176757812
4.24,8.735471725463867,4.24,100.31582641601562,4.24,13.201722145080566,4.24,83.135986328125,4.24,91.81188201904295
4.250000000000002,8.737180709838867,4.250000000000002,100.31561279296876,4.249999999999998,13.200183868408203,4.249999999999998,83.13584899902344,4.250000000000002,91.81834411621094
4.26,8.738993644714355,4.26,100.31568145751952,4.26,13.198481559753418,4.26,83.13568878173828,4.26,91.8155746459961
4.270000000000001,8.738150596618652,4.270000000000001,100.31654357910156,4.270000000000001,13.19700813293457,4.269999999999998,83.134765625,4.270000000000001,91.81631469726562
4.279999999999999,8.734028816223145,4.279999999999999,100.3178482055664,4.279999999999999,13.195406913757324,4.279999999999999,83.1342544555664,4.279999999999999,91.83023071289062
4.290000000000001,8.727977752685547,4.290000000000001,100.31771850585938,4.290000000000001,13.19517993927002,4.290000000000001,83.13300323486328,4.290000000000001,91.86603546142578
4.3000000000000025,8.72655963897705,4.299999999999999,100.31546783447266,4.299999999999999,13.194849014282228,4.299999999999999,83.13387298583984,4.3000000000000025,91.90872192382812
4.3100000000000005,8.722657203674316,4.3100000000000005,100.31377410888672,4.3100000000000005,13.19697380065918,4.3100000000000005,83.13320922851562,4.3100000000000005,91.94725799560548
4.320000000000002,8.72187614440918,4.320000000000002,100.31575775146484,4.319999999999999,13.198779106140137,4.319999999999999,83.1327896118164,4.320000000000002,91.98052978515624
4.33,8.724778175354004,4.33,100.31825256347656,4.33,13.200623512268066,4.33,83.13431549072266,4.33,92.01270294189452
4.340000000000002,8.73038387298584,4.340000000000002,100.32012939453124,4.339999999999998,13.201650619506836,4.339999999999998,83.13357543945312,4.340000000000002,92.04661560058594
4.35,8.736255645751953,4.35,100.32147979736328,4.35,13.201972007751465,4.35,83.13306427001953,4.35,92.07699584960938
4.360000000000001,8.739242553710938,4.360000000000001,100.3245620727539,4.360000000000001,13.202406883239746,4.360000000000001,83.13385009765625,4.360000000000001,92.09698486328124
4.369999999999999,8.736720085144043,4.369999999999999,100.3277587890625,4.369999999999999,13.201388359069824,4.369999999999999,83.13431549072266,4.369999999999999,92.11390686035156
4.380000000000001,8.73142147064209,4.380000000000001,100.3303680419922,4.380000000000001,13.20217990875244,4.380000000000001,83.13270568847656,4.380000000000001,92.1384735107422
4.390000000000002,8.722701072692871,4.389999999999999,100.33174896240234,4.389999999999999,13.201931953430176,4.389999999999999,83.13080596923828,4.390000000000002,92.18138885498048
4.4,8.71369743347168,4.4,100.33263397216795,4.4,13.20301628112793,4.4,83.13009643554688,4.4,92.24569702148438
4.410000000000002,8.7134370803833,4.410000000000002,100.3336181640625,4.409999999999998,13.20388126373291,4.409999999999998,83.12998962402344,4.410000000000002,92.3083267211914
4.42,8.718652725219727,4.42,100.33385467529295,4.42,13.206178665161133,4.42,83.12991333007812,4.42,92.35498046875
4.4300000000000015,8.722921371459961,4.4300000000000015,100.33385467529295,4.429999999999998,13.210493087768556,4.429999999999998,83.1301498413086,4.4300000000000015,92.38709259033205
4.44,8.724114418029785,4.44,100.3325653076172,4.44,13.214774131774902,4.44,83.13142395019531,4.44,92.41320037841795
4.450000000000001,8.726399421691895,4.450000000000001,100.33055877685548,4.450000000000001,13.21625518798828,4.450000000000001,83.13138580322266,4.450000000000001,92.44674682617188
4.460000000000003,8.725870132446289,4.459999999999999,100.3279037475586,4.459999999999999,13.219433784484863,4.459999999999999,83.1315689086914,4.460000000000003,92.49617004394533
4.470000000000001,8.722564697265625,4.470000000000001,100.32587432861328,4.470000000000001,13.230308532714844,4.470000000000001,83.12974548339844,4.470000000000001,92.55352783203124
4.480000000000002,8.718300819396973,4.479999999999999,100.3226089477539,4.479999999999999,13.251530647277832,4.479999999999999,83.12834167480469,4.480000000000002,92.61004638671876
4.49,8.715471267700195,4.49,100.31673431396484,4.49,13.281816482543944,4.49,83.12785339355469,4.49,92.65916442871094
4.500000000000002,8.714096069335938,4.500000000000002,100.31019592285156,4.499999999999998,13.313700675964355,4.499999999999998,83.12667846679688,4.500000000000002,92.69666290283205
4.51,8.71302318572998,4.51,100.3035659790039,4.51,13.34526538848877,4.51,83.12515258789062,4.51,92.72386932373048
4.520000000000001,8.71093463897705,4.520000000000001,100.29888153076172,4.520000000000001,13.374403953552246,4.519999999999998,83.12371826171875,4.520000000000001,92.75344848632812
4.529999999999999,8.709159851074219,4.529999999999999,100.3024444580078,4.529999999999999,13.402962684631348,4.529999999999999,83.12114715576172,4.529999999999999,92.78829956054688
4.540000000000001,8.7135648727417,4.540000000000001,100.32070922851562,4.540000000000001,13.433494567871094,4.540000000000001,83.11736297607422,4.540000000000001,92.8311004638672
4.5500000000000025,8.72030258178711,4.549999999999999,100.35325622558594,4.549999999999999,13.467844009399414,4.549999999999999,83.11538696289062,4.5500000000000025,92.8838882446289
4.5600000000000005,8.729601860046387,4.5600000000000005,100.37652587890624,4.5600000000000005,13.507637977600098,4.5600000000000005,83.10987854003906,4.5600000000000005,92.9487762451172
4.570000000000002,8.747727394104004,4.570000000000002,100.38758087158205,4.569999999999999,13.551665306091309,4.569999999999999,83.1025161743164,4.570000000000002,93.0274887084961
4.58,8.771760940551758,4.58,100.38856506347656,4.58,13.59839916229248,4.58,83.09046936035156,4.58,93.11514282226562
4.590000000000002,8.790905952453613,4.590000000000002,100.39450073242188,4.589999999999998,13.643268585205078,4.589999999999998,83.07758331298828,4.590000000000002,93.20085144042967
4.6,8.811164855957031,4.6,100.40225219726562,4.6,13.686936378479004,4.6,83.06370544433594,4.6,93.269775390625
4.610000000000001,8.821378707885742,4.610000000000001,100.40606689453124,4.610000000000001,13.723289489746094,4.610000000000001,83.05094909667969,4.610000000000001,93.31654357910156
4.619999999999999,8.803791046142578,4.619999999999999,100.39974212646484,4.619999999999999,13.754218101501465,4.619999999999999,83.03971099853516,4.619999999999999,93.36061096191406
4.630000000000001,8.764866828918457,4.630000000000001,100.37999725341795,4.630000000000001,13.778297424316406,4.630000000000001,83.03069305419922,4.630000000000001,93.4084014892578
4.640000000000002,8.719449996948242,4.639999999999999,100.35225677490234,4.639999999999999,13.79798412322998,4.639999999999999,83.02478790283203,4.640000000000002,93.45807647705078
4.65,8.675743103027344,4.65,100.3185043334961,4.65,13.841236114501951,4.65,83.02215576171875,4.65,93.51013946533205
4.660000000000002,8.641838073730469,4.660000000000002,100.2825698852539,4.659999999999998,13.85735321044922,4.659999999999998,83.02070617675781,4.660000000000002,93.57545471191406
4.67,8.621443748474121,4.67,100.2483139038086,4.67,13.85818576812744,4.67,83.02071380615234,4.67,93.66223907470705
4.6800000000000015,8.612025260925293,4.6800000000000015,100.21951293945312,4.679999999999998,13.844481468200684,4.679999999999998,83.0202865600586,4.6800000000000015,93.76953125
4.69,8.614148139953613,4.69,100.19744873046876,4.69,13.822683334350586,4.69,83.01695251464844,4.69,93.88493347167967
4.700000000000001,8.625448226928711,4.700000000000001,100.17961120605467,4.700000000000001,13.797196388244627,4.700000000000001,83.00926208496094,4.700000000000001,93.99307250976562
4.710000000000003,8.639327049255371,4.709999999999999,100.16952514648438,4.709999999999999,13.77409553527832,4.709999999999999,83.00236511230469,4.710000000000003,94.0868911743164
4.720000000000001,8.652196884155273,4.720000000000001,100.14180755615234,4.720000000000001,13.75049877166748,4.720000000000001,82.9913558959961,4.720000000000001,94.166748046875
4.730000000000002,8.663675308227539,4.729999999999999,100.06534576416016,4.729999999999999,13.724299430847168,4.729999999999999,82.97550964355469,4.730000000000002,94.22647857666016
4.74,8.677298545837402,4.74,99.95316314697266,4.74,13.703163146972656,4.74,82.93888854980469,4.74,94.26372528076172
4.750000000000002,8.692414283752441,4.750000000000002,99.8398895263672,4.749999999999998,13.687744140625,4.749999999999998,82.8673324584961,4.750000000000002,94.28018188476562
4.76,8.703309059143066,4.76,99.77499389648438,4.76,13.68316650390625,4.76,82.73021697998047,4.76,94.30713653564452
4.770000000000001,8.708274841308594,4.770000000000001,99.73260498046876,4.770000000000001,13.695266723632812,4.769999999999998,82.49897003173828,4.770000000000001,94.37156677246094
4.779999999999999,8.71142292022705,4.779999999999999,99.68883514404295,4.779999999999999,13.723886489868164,4.779999999999999,82.11343383789062,4.779999999999999,94.49024200439452
4.790000000000001,8.721421241760254,4.790000000000001,99.63347625732422,4.790000000000001,13.7706937789917,4.790000000000001,81.5154037475586,4.790000000000001,94.67223358154295
4.8000000000000025,8.727126121520996,4.799999999999999,99.55977630615234,4.799999999999999,13.83226203918457,4.799999999999999,80.71092987060547,4.8000000000000025,94.88654327392578
4.8100000000000005,8.69137191772461,4.8100000000000005,99.46199798583984,4.8100000000000005,13.903753280639648,4.8100000000000005,79.7203140258789,4.8100000000000005,95.0663070678711
4.820000000000002,8.586673736572266,4.820000000000002,99.32121276855467,4.819999999999999,13.98259162902832,4.819999999999999,78.65308380126953,4.820000000000002,95.15904998779295
4.83,8.381087303161621,4.83,99.09310913085938,4.83,14.06477165222168,4.83,77.39038848876953,4.83,95.10377502441406
4.840000000000002,8.074146270751953,4.840000000000002,98.74900817871094,4.839999999999998,14.148611068725586,4.839999999999998,76.05949401855469,4.840000000000002,94.88135528564452
4.85,7.691349983215332,4.85,98.2404327392578,4.85,14.235063552856444,4.85,74.6983871459961,4.85,94.55033111572266
4.860000000000001,7.253897190093994,4.860000000000001,97.62308502197266,4.860000000000001,14.32323932647705,4.860000000000001,73.3758544921875,4.860000000000001,94.23033905029295
4.869999999999999,6.750604152679443,4.869999999999999,97.10643005371094,4.869999999999999,14.413240432739258,4.869999999999999,72.12358093261719,4.869999999999999,94.01795959472656
4.880000000000001,6.214907646179199,4.880000000000001,96.79916381835938,4.880000000000001,14.502606391906738,4.880000000000001,71.1106948852539,4.880000000000001,93.9551239013672
4.890000000000002,5.682326316833496,4.889999999999999,96.6882781982422,4.889999999999999,14.588725090026855,4.889999999999999,70.75712585449219,4.890000000000002,94.00856018066406
4.9,5.154202461242676,4.9,96.63556671142578,4.9,14.671052932739258,4.9,71.03278350830078,4.9,94.12814331054688
4.910000000000002,4.613492488861084,4.910000000000002,96.61812591552734,4.909999999999998,14.745272636413574,4.909999999999998,71.93309020996094,4.910000000000002,94.2603988647461
4.92,4.051879405975342,4.92,96.60459899902344,4.92,14.811574935913086,4.92,73.15899658203125,4.92,94.34393310546876
4.9300000000000015,3.4897289276123047,4.9300000000000015,96.56875610351562,4.929999999999998,14.871262550354004,4.929999999999998,74.50901794433594,4.9300000000000015,94.33226013183594
4.94,2.9599525928497314,4.94,96.50523376464844,4.94,14.930168151855469,4.94,75.7922592163086,4.94,94.22437286376952
4.950000000000001,2.4717485904693604,4.950000000000001,96.43679809570312,4.950000000000001,14.986581802368164,4.950000000000001,76.918701171875,4.950000000000001,94.06838989257812
4.960000000000003,2.020055294036865,4.959999999999999,96.36434936523438,4.959999999999999,15.04417896270752,4.959999999999999,77.85865783691406,4.960000000000003,93.92839050292967
4.970000000000001,1.6069680452346802,4.970000000000001,96.2655792236328,4.970000000000001,15.102638244628906,4.970000000000001,78.64620208740234,4.970000000000001,93.86809539794922
4.980000000000002,1.233014702796936,4.979999999999999,96.1344223022461,4.979999999999999,15.161055564880373,4.979999999999999,79.26039123535156,4.980000000000002,93.89522552490234
4.99,0.8817499279975891,4.99,95.98758697509766,4.99,15.216503143310549,4.99,79.75035858154297,4.99,93.93384552001952
5.000000000000002,0.5555887818336487,5.000000000000002,95.82793426513672,4.999999999999998,15.263083457946776,4.999999999999998,80.10552978515625,5.000000000000002,93.93899536132812
5.01,0.2484708279371261,5.01,95.6622543334961,5.01,15.304797172546388,5.01,80.37711334228516,5.01,93.8915023803711
5.020000000000001,-0.0490463115274906,5.020000000000001,95.49925994873048,5.020000000000001,15.342536926269531,5.019999999999998,80.58700561523438,5.020000000000001,93.78838348388672
5.029999999999999,-0.3371836841106415,5.029999999999999,95.35867309570312,5.029999999999999,15.383140563964844,5.029999999999999,80.75456237792969,5.029999999999999,93.64556884765624
5.040000000000001,-0.6217508912086487,5.040000000000001,95.2614517211914,5.040000000000001,15.428018569946287,5.040000000000001,80.87092590332031,5.040000000000001,93.49639892578124
5.0500000000000025,-0.9002811908721924,5.049999999999999,95.2169952392578,5.049999999999999,15.47419261932373,5.049999999999999,80.92516326904297,5.0500000000000025,93.3713836669922
5.0600000000000005,-1.156541109085083,5.0600000000000005,95.21443939208984,5.0600000000000005,15.518177032470703,5.0600000000000005,80.90039825439453,5.0600000000000005,93.30182647705078
5.070000000000002,-1.3806374073028564,5.070000000000002,95.24250030517578,5.069999999999999,15.555850982666016,5.069999999999999,80.7907485961914,5.070000000000002,93.27682495117188
5.08,-1.5635744333267212,5.08,95.29688262939452,5.08,15.58974552154541,5.08,80.6051254272461,5.08,93.28089904785156
5.090000000000002,-1.6942375898361206,5.090000000000002,95.35113525390624,5.089999999999998,15.622596740722656,5.089999999999998,80.34292602539062,5.090000000000002,93.29927825927734
5.1,-1.7734535932540894,5.1,95.39068603515624,5.1,15.651144981384276,5.1,80.00726318359375,5.1,93.3214111328125
5.110000000000001,-1.7931478023529053,5.110000000000001,95.43006134033205,5.110000000000001,15.67691707611084,5.110000000000001,79.57191467285156,5.110000000000001,93.32540130615234
5.119999999999999,-1.7543452978134155,5.119999999999999,95.46648406982422,5.119999999999999,15.69400691986084,5.119999999999999,79.03385162353516,5.119999999999999,93.34242248535156
5.130000000000001,-1.6229878664016724,5.130000000000001,95.50914764404295,5.130000000000001,15.70098876953125,5.130000000000001,78.35208892822266,5.130000000000001,93.45439910888672
5.140000000000002,-1.4004595279693604,5.139999999999999,95.55926513671876,5.139999999999999,15.698774337768556,5.139999999999999,77.5644760131836,5.140000000000002,93.6302261352539
5.15,-1.0886268615722656,5.15,95.62098693847656,5.15,15.68359375,5.15,76.67092895507812,5.15,93.757080078125
5.160000000000002,-0.6865125894546509,5.160000000000002,95.67286682128906,5.159999999999998,15.655248641967772,5.159999999999998,75.71505737304688,5.160000000000002,93.73252868652344
5.17,-0.2299646139144897,5.17,95.65860748291016,5.17,15.615242958068848,5.17,74.73289489746094,5.17,93.58943176269533
5.1800000000000015,0.2856968641281128,5.1800000000000015,95.58049774169922,5.179999999999998,15.570134162902832,5.179999999999998,73.76204681396484,5.1800000000000015,93.37095642089844
5.19,0.8566835522651672,5.19,95.48497009277344,5.19,15.517202377319336,5.19,72.81659698486328,5.19,93.13452911376952
5.200000000000001,1.468485713005066,5.200000000000001,95.44058227539062,5.200000000000001,15.470516204833984,5.200000000000001,71.88605499267578,5.200000000000001,92.98666381835938
5.210000000000003,2.124755859375,5.209999999999999,95.40548706054688,5.209999999999999,15.440823554992676,5.209999999999999,70.97801208496094,5.210000000000003,92.98165130615234
5.220000000000001,2.8358688354492188,5.220000000000001,95.29015350341795,5.220000000000001,15.429099082946776,5.220000000000001,70.36436462402344,5.220000000000001,92.99691772460938
5.230000000000002,3.600897312164306,5.229999999999999,95.4919204711914,5.229999999999999,15.426729202270508,5.229999999999999,72.19014739990234,5.230000000000002,92.98231506347656
5.24,4.398056983947754,5.24,96.15827178955078,5.24,15.428400993347168,5.24,75.79499053955078,5.24,92.91252136230467
5.250000000000002,5.200626373291016,5.250000000000002,96.9872055053711,5.249999999999998,15.4258394241333,5.249999999999998,77.82168579101562,5.250000000000002,92.7826690673828
5.26,5.9469380378723145,5.26,97.47732543945312,5.26,15.410497665405272,5.26,80.41437530517578,5.26,92.6050033569336
5.270000000000001,6.566259860992432,5.270000000000001,97.49722290039062,5.270000000000001,15.381086349487305,5.269999999999998,83.21186828613281,5.270000000000001,92.44393157958984
5.279999999999999,7.132018089294434,5.279999999999999,97.53829956054688,5.279999999999999,15.35053825378418,5.279999999999999,83.28271484375,5.279999999999999,92.35531616210938
5.290000000000001,7.722784996032715,5.290000000000001,98.31311798095705,5.290000000000001,15.330472946166992,5.290000000000001,83.60398864746094,5.290000000000001,92.3515853881836
5.3000000000000025,8.279359817504883,5.299999999999999,98.70642852783205,5.299999999999999,15.318334579467772,5.299999999999999,83.53598022460938,5.3000000000000025,92.4203872680664
5.3100000000000005,8.694908142089844,5.3100000000000005,98.53581237792967,5.3100000000000005,15.315354347229004,5.3100000000000005,83.23692321777344,5.3100000000000005,92.57322692871094
5.320000000000002,8.892882347106934,5.320000000000002,98.26061248779295,5.319999999999999,15.321341514587402,5.319999999999999,82.8068618774414,5.320000000000002,92.7769546508789
5.33,8.83000659942627,5.33,98.12808990478516,5.33,15.329001426696776,5.33,82.23799896240234,5.33,93.0348663330078
5.340000000000002,8.518477439880371,5.340000000000002,98.0212860107422,5.339999999999998,15.329792022705078,5.339999999999998,81.34894561767578,5.340000000000002,93.30142974853516
5.35,8.268597602844238,5.35,97.88175964355467,5.35,15.322447776794434,5.35,80.45357513427734,5.35,93.48709869384766
5.360000000000001,8.067292213439941,5.360000000000001,97.75961303710938,5.360000000000001,15.303972244262695,5.360000000000001,79.79008483886719,5.360000000000001,93.54109191894533
5.369999999999999,7.91148042678833,5.369999999999999,97.58145904541016,5.369999999999999,15.27557373046875,5.369999999999999,78.98320770263672,5.369999999999999,93.53288269042967
5.380000000000001,7.803753852844238,5.380000000000001,97.18895721435548,5.380000000000001,15.240307807922363,5.380000000000001,78.10200500488281,5.380000000000001,93.51576232910156
5.390000000000002,7.666272163391113,5.389999999999999,96.80379486083984,5.389999999999999,15.207681655883787,5.389999999999999,77.2266616821289,5.390000000000002,93.52214813232422
5.4,7.468879699707031,5.4,96.50101470947266,5.4,15.18442153930664,5.4,76.28246307373047,5.4,93.5452651977539
5.410000000000002,7.249443531036377,5.410000000000002,96.2054443359375,5.409999999999998,15.174376487731934,5.409999999999998,75.26765441894531,5.410000000000002,93.54373168945312
5.42,7.018892765045166,5.42,95.939697265625,5.42,15.18619441986084,5.42,74.23665618896484,5.42,93.48038482666016
5.4300000000000015,6.753701686859131,5.4300000000000015,95.66925811767578,5.429999999999998,15.218453407287598,5.429999999999998,73.09619903564453,5.4300000000000015,93.34819793701172
5.44,6.4554853439331055,5.44,95.33932495117188,5.44,15.2686767578125,5.44,71.84883117675781,5.44,93.1856460571289
5.450000000000001,6.108778476715088,5.450000000000001,94.96524810791016,5.450000000000001,15.335467338562012,5.450000000000001,70.5163803100586,5.450000000000001,93.02588653564452
5.460000000000003,5.652787208557129,5.459999999999999,94.5597686767578,5.459999999999999,15.412508964538574,5.459999999999999,69.14196014404297,5.460000000000003,92.8770751953125
5.470000000000001,5.09954309463501,5.470000000000001,94.11746978759766,5.470000000000001,15.492646217346191,5.470000000000001,67.74017333984375,5.470000000000001,92.75860595703124
5.480000000000002,4.51528263092041,5.479999999999999,93.64307403564452,5.479999999999999,15.567023277282717,5.479999999999999,66.35293579101562,5.480000000000002,92.7107391357422
5.49,3.904829502105713,5.49,93.11701965332033,5.49,15.63056468963623,5.49,65.04264831542969,5.49,92.74456024169922
5.500000000000002,3.269739151000977,5.500000000000002,92.59998321533205,5.499999999999998,15.680977821350098,5.499999999999998,63.90505599975586,5.500000000000002,92.81202697753906
5.51,2.6057307720184326,5.51,92.20404815673828,5.51,15.71718978881836,5.51,63.026065826416016,5.51,92.8918228149414
5.520000000000001,1.9172179698944087,5.520000000000001,91.94334411621094,5.520000000000001,15.72456169128418,5.519999999999998,62.43593597412109,5.520000000000001,92.96546936035156
5.529999999999999,1.2238582372665403,5.529999999999999,91.80868530273438,5.529999999999999,15.71042823791504,5.529999999999999,62.19751739501953,5.529999999999999,93.01526641845705
5.540000000000001,0.5465487837791443,5.540000000000001,91.78485870361328,5.540000000000001,15.675162315368652,5.540000000000001,62.58024597167969,5.540000000000001,93.0252456665039
5.5500000000000025,-0.0901507586240768,5.549999999999999,91.83219909667967,5.549999999999999,15.632463455200195,5.549999999999999,63.33488464355469,5.5500000000000025,93.01895141601562
5.5600000000000005,-0.6870191097259521,5.5600000000000005,91.91463470458984,5.5600000000000005,15.5904541015625,5.5600000000000005,64.48809051513672,5.5600000000000005,93.03675079345705
5.570000000000002,-1.2424607276916504,5.570000000000002,92.00840759277344,5.569999999999999,15.558463096618652,5.569999999999999,65.89865112304688,5.570000000000002,93.07095336914062
5.58,-1.7849674224853516,5.58,92.10496520996094,5.58,15.53361988067627,5.58,67.52438354492188,5.58,93.1047592163086
5.590000000000002,-2.3340113162994385,5.590000000000002,92.1955795288086,5.589999999999998,15.517215728759766,5.589999999999998,69.20831298828125,5.590000000000002,93.1232452392578
5.6,-2.8969759941101074,5.6,92.25318145751952,5.6,15.502267837524414,5.6,70.79024505615234,5.6,93.12689971923828
5.610000000000001,-3.46809458732605,5.610000000000001,92.28035736083984,5.610000000000001,15.482783317565918,5.610000000000001,72.13884735107422,5.610000000000001,93.12203216552734
5.619999999999999,-4.033437252044678,5.619999999999999,92.2857894897461,5.619999999999999,15.455626487731934,5.619999999999999,73.12274169921875,5.619999999999999,93.12462615966795
5.630000000000001,-4.569579601287842,5.630000000000001,92.2746353149414,5.630000000000001,15.427427291870115,5.630000000000001,73.7001724243164,5.630000000000001,93.13726043701172
5.640000000000002,-5.056371688842773,5.639999999999999,92.26299285888672,5.639999999999999,15.402812957763672,5.639999999999999,73.91768646240234,5.640000000000002,93.15299987792967
5.65,-5.480701923370361,5.65,92.26749420166016,5.65,15.387466430664062,5.65,73.8577651977539,5.65,93.17100524902344
5.660000000000002,-5.855964660644531,5.660000000000002,92.29698944091795,5.659999999999998,15.373944282531738,5.659999999999998,73.62446594238281,5.660000000000002,93.19406127929688
5.67,-6.174220085144043,5.67,92.37718963623048,5.67,15.35088348388672,5.67,73.2876968383789,5.67,93.2312469482422
5.6800000000000015,-6.443234443664551,5.6800000000000015,92.48683166503906,5.679999999999998,15.31207275390625,5.679999999999998,72.92295837402344,5.6800000000000015,93.28683471679688
5.69,-6.665975093841553,5.69,92.61951446533205,5.69,15.257323265075684,5.69,72.5661392211914,5.69,93.36798095703124
5.700000000000001,-6.83128023147583,5.700000000000001,92.75200653076172,5.700000000000001,15.184797286987305,5.700000000000001,72.23159790039062,5.700000000000001,93.46942901611328
5.710000000000003,-6.9289069175720215,5.709999999999999,92.8354263305664,5.709999999999999,15.09920597076416,5.709999999999999,71.94022369384766,5.710000000000003,93.57994079589844
5.720000000000001,-6.924384593963623,5.720000000000001,92.8997573852539,5.720000000000001,15.006061553955078,5.720000000000001,71.66580200195312,5.720000000000001,93.69327545166016
5.730000000000002,-6.802863121032715,5.729999999999999,92.98587799072266,5.729999999999999,14.904083251953123,5.729999999999999,71.35684204101562,5.730000000000002,93.79845428466795
5.74,-6.568386077880859,5.74,93.13846588134766,5.74,14.7970609664917,5.74,70.95856475830078,5.74,93.9053192138672
5.750000000000002,-6.181010723114014,5.750000000000002,93.37774658203124,5.749999999999998,14.688714981079102,5.749999999999998,70.37742614746094,5.750000000000002,94.00714874267578
5.76,-5.6599650382995605,5.76,93.68856048583984,5.76,14.58419132232666,5.76,69.5703125,5.76,94.04293060302734
5.770000000000001,-4.990720748901367,5.770000000000001,94.0464096069336,5.770000000000001,14.482701301574709,5.769999999999998,68.49250030517578,5.770000000000001,94.01923370361328
5.779999999999999,-4.201971054077148,5.779999999999999,94.43634796142578,5.779999999999999,14.393033027648926,5.779999999999999,67.16644287109375,5.779999999999999,93.97881317138672
5.790000000000001,-3.33899998664856,5.790000000000001,94.8585433959961,5.790000000000001,14.319092750549316,5.790000000000001,65.65646362304688,5.790000000000001,93.9770050048828
5.8000000000000025,-2.440323829650879,5.799999999999999,95.28565216064452,5.799999999999999,14.27135181427002,5.799999999999999,64.00177001953125,5.8000000000000025,94.00774383544922
5.8100000000000005,-1.5362333059310913,5.8100000000000005,95.51638793945312,5.8100000000000005,14.251264572143556,5.8100000000000005,62.25994491577149,5.8100000000000005,94.04302215576172
5.820000000000002,-0.6243311166763306,5.820000000000002,95.51964569091795,5.819999999999999,14.26103401184082,5.819999999999999,60.82843017578125,5.820000000000002,94.08692932128906
5.83,0.3345790207386017,5.83,95.55274200439452,5.83,14.292620658874512,5.83,62.09711837768555,5.83,94.12425231933594
5.840000000000002,1.3345474004745483,5.840000000000002,96.27442932128906,5.839999999999998,14.342182159423828,5.839999999999998,65.76738739013672,5.840000000000002,94.1612319946289
5.85,2.3686442375183105,5.85,97.41690826416016,5.85,14.399856567382812,5.85,69.3420639038086,5.85,94.23462677001952
5.860000000000001,3.4233999252319336,5.860000000000001,98.54468536376952,5.860000000000001,14.450737953186035,5.860000000000001,72.38911437988281,5.860000000000001,94.34575653076172
5.869999999999999,4.446638107299805,5.869999999999999,99.39055633544922,5.869999999999999,14.480852127075195,5.869999999999999,75.93267059326172,5.869999999999999,94.45641326904295
5.880000000000001,5.385571479797363,5.880000000000001,99.94925689697266,5.880000000000001,14.485755920410156,5.880000000000001,79.27387237548828,5.880000000000001,94.52623748779295
5.890000000000002,6.251620292663574,5.889999999999999,99.8914031982422,5.889999999999999,14.466556549072266,5.889999999999999,82.82141876220703,5.890000000000002,94.59072875976562
5.9,7.028618812561035,5.9,99.07505798339844,5.9,14.430288314819336,5.9,83.54363250732422,5.9,94.6489028930664
5.910000000000002,7.707199573516846,5.910000000000002,100.10480499267578,5.909999999999998,14.37065887451172,5.909999999999998,84.16551971435547,5.910000000000002,94.69874572753906
5.92,8.370587348937988,5.92,100.7501449584961,5.92,14.288060188293455,5.92,84.1327896118164,5.92,94.761474609375
5.9300000000000015,9.05943775177002,5.9300000000000015,100.47103881835938,5.929999999999998,14.197766304016112,5.929999999999998,83.79623413085938,5.9300000000000015,94.78559112548828
5.94,9.552692413330078,5.94,100.24979400634766,5.94,14.106459617614746,5.94,83.30136108398438,5.94,94.78876495361328
5.950000000000001,9.689425468444824,5.950000000000001,100.43904113769533,5.950000000000001,14.009955406188965,5.950000000000001,82.57588958740234,5.950000000000001,94.79998779296876
5.960000000000003,9.270641326904297,5.959999999999999,100.67520904541016,5.959999999999999,13.921757698059082,5.959999999999999,81.50018310546875,5.960000000000003,94.78121948242188
5.970000000000001,8.767329216003418,5.970000000000001,100.76122283935548,5.970000000000001,13.848288536071776,5.970000000000001,80.54824829101562,5.970000000000001,94.74166107177734
5.980000000000002,8.327421188354492,5.979999999999999,100.63643646240234,5.979999999999999,13.788254737854004,5.979999999999999,79.82660675048828,5.980000000000002,94.74253845214844
5.99,7.98328685760498,5.99,100.42548370361328,5.99,13.730494499206545,5.99,79.21324157714844,5.99,94.81165313720705
6.000000000000002,7.796352386474609,6.000000000000002,100.24763488769533,5.999999999999998,13.677335739135742,5.999999999999998,78.73501586914062,6.000000000000002,94.90292358398438
6.01,7.718990325927734,6.01,100.0269775390625,6.01,13.634556770324709,6.01,78.53710174560547,6.01,94.9379425048828
6.020000000000001,7.558744430541992,6.020000000000001,99.70924377441406,6.020000000000001,13.607881546020508,6.019999999999998,78.52091217041016,6.020000000000001,94.93173217773438
6.029999999999999,7.284678936004639,6.029999999999999,99.35383605957033,6.029999999999999,13.60412883758545,6.029999999999999,78.6954116821289,6.029999999999999,94.9230728149414
6.040000000000001,7.011125564575195,6.040000000000001,99.10680389404295,6.040000000000001,13.612434387207031,6.040000000000001,79.03912353515625,6.040000000000001,94.93968200683594
6.0500000000000025,6.845372676849365,6.049999999999999,99.02450561523438,6.049999999999999,13.623065948486328,6.049999999999999,79.5350112915039,6.0500000000000025,94.96931457519533
6.0600000000000005,6.878645420074463,6.0600000000000005,99.0781021118164,6.0600000000000005,13.634764671325684,6.0600000000000005,80.2551498413086,6.0600000000000005,94.98297119140624
6.070000000000002,7.112904071807861,6.070000000000002,99.15084075927734,6.069999999999999,13.64699935913086,6.069999999999999,81.06087493896484,6.070000000000002,94.98242950439452
6.08,7.513187885284424,6.08,99.18423461914062,6.08,13.654199600219728,6.08,81.99057006835938,6.08,94.9761962890625
6.090000000000002,7.977699756622314,6.090000000000002,99.1641082763672,6.089999999999998,13.65432357788086,6.089999999999998,82.87832641601562,6.090000000000002,94.98387145996094
6.1,8.417105674743652,6.1,99.14942169189452,6.1,13.642337799072266,6.1,83.10820007324219,6.1,95.00718688964844
6.110000000000001,8.762605667114258,6.110000000000001,99.35154724121094,6.110000000000001,13.611200332641602,6.110000000000001,83.26043701171875,6.110000000000001,95.0309066772461
6.119999999999999,9.030923843383787,6.119999999999999,99.76263427734376,6.119999999999999,13.561373710632324,6.119999999999999,83.2987060546875,6.119999999999999,95.04972839355467
6.130000000000001,9.178627967834473,6.130000000000001,100.1557846069336,6.130000000000001,13.505114555358888,6.130000000000001,83.2417984008789,6.130000000000001,95.07714080810548
6.140000000000002,9.14324951171875,6.139999999999999,100.40838623046876,6.139999999999999,13.451025009155272,6.139999999999999,83.14498138427734,6.140000000000002,95.1236572265625
6.15,8.951367378234863,6.15,100.5079574584961,6.15,13.394421577453612,6.15,83.03289794921875,6.15,95.1845932006836
6.160000000000002,8.671940803527832,6.160000000000002,100.49076080322266,6.159999999999998,13.336424827575684,6.159999999999998,82.88172149658203,6.160000000000002,95.21695709228516
6.17,8.41849422454834,6.17,100.39118957519533,6.17,13.281447410583496,6.17,82.69674682617188,6.17,95.22296142578124
6.1800000000000015,8.215364456176758,6.1800000000000015,100.22376251220705,6.179999999999998,13.227694511413574,6.179999999999998,82.50675201416016,6.1800000000000015,95.21479034423828
6.19,8.060538291931152,6.19,100.01988983154295,6.19,13.173489570617676,6.19,82.3291015625,6.19,95.21500396728516
6.200000000000001,7.977755069732666,6.200000000000001,99.82501220703124,6.200000000000001,13.11197280883789,6.200000000000001,82.1915054321289,6.200000000000001,95.23143768310548
6.210000000000003,7.985793590545654,6.209999999999999,99.65679931640624,6.209999999999999,13.055646896362305,6.209999999999999,82.10997009277344,6.210000000000003,95.25643920898438
6.220000000000001,8.028632164001465,6.220000000000001,99.51849365234376,6.220000000000001,13.030625343322754,6.220000000000001,82.09852600097656,6.220000000000001,95.26153564453124
6.230000000000002,8.051623344421387,6.229999999999999,99.40343475341795,6.229999999999999,13.04050064086914,6.229999999999999,82.17963409423828,6.230000000000002,95.22044372558594
6.24,8.026317596435547,6.24,99.33224487304688,6.24,13.081720352172852,6.24,82.34319305419922,6.24,95.1195831298828
6.250000000000002,7.990347385406494,6.250000000000002,99.29705810546876,6.249999999999998,13.13436508178711,6.249999999999998,82.59835052490234,6.250000000000002,94.97866821289062
6.26,7.992934703826904,6.26,99.26461029052734,6.26,13.19520092010498,6.26,82.86245727539062,6.26,94.82766723632812
6.270000000000001,8.057311058044434,6.270000000000001,99.21440887451172,6.270000000000001,13.24661636352539,6.269999999999998,83.00486755371094,6.270000000000001,94.69049072265624
6.279999999999999,8.179305076599121,6.279999999999999,99.16407775878906,6.279999999999999,13.282362937927246,6.279999999999999,83.11066436767578,6.279999999999999,94.5740737915039
6.290000000000001,8.344975471496582,6.290000000000001,99.16532135009766,6.290000000000001,13.296915054321287,6.290000000000001,83.18910217285156,6.290000000000001,94.47737121582033
6.3000000000000025,8.532130241394043,6.299999999999999,99.23202514648438,6.299999999999999,13.291461944580078,6.299999999999999,83.23289489746094,6.3000000000000025,94.38186645507812
6.3100000000000005,8.701531410217285,6.3100000000000005,99.33574676513672,6.3100000000000005,13.259451866149902,6.3100000000000005,83.24364471435547,6.3100000000000005,94.27536010742188
6.320000000000002,8.819402694702148,6.320000000000002,99.43702697753906,6.319999999999999,13.212824821472168,6.319999999999999,83.23617553710938,6.320000000000002,94.16358947753906
6.33,8.869096755981445,6.33,99.53952026367188,6.33,13.157691955566406,6.33,83.22698974609375,6.33,94.04473876953124
6.340000000000002,8.83946418762207,6.340000000000002,99.642333984375,6.339999999999998,13.097434043884276,6.339999999999998,83.23438262939453,6.340000000000002,93.92035675048828
6.35,8.776838302612305,6.35,99.75182342529295,6.35,13.049070358276367,6.35,83.2670669555664,6.35,93.79783630371094
6.360000000000001,8.712573051452637,6.360000000000001,99.85733795166016,6.360000000000001,13.01651096343994,6.360000000000001,83.32390594482422,6.360000000000001,93.69034576416016
6.369999999999999,8.680818557739258,6.369999999999999,99.92621612548828,6.369999999999999,12.992737770080566,6.369999999999999,83.40607452392578,6.369999999999999,93.5926742553711
6.380000000000001,8.681549072265625,6.380000000000001,99.94195556640624,6.380000000000001,12.982675552368164,6.380000000000001,83.5076675415039,6.380000000000001,93.4932861328125
6.390000000000002,8.70892333984375,6.389999999999999,99.91488647460938,6.389999999999999,12.985356330871582,6.389999999999999,83.61470794677734,6.390000000000002,93.38937377929688
6.4,8.74983024597168,6.4,99.87030029296876,6.4,13.001142501831056,6.4,83.69839477539062,6.4,93.27452850341795
6.410000000000002,8.793442726135254,6.410000000000002,99.83779907226562,6.409999999999998,13.031455039978027,6.409999999999998,83.7592544555664,6.410000000000002,93.13516998291016
6.42,8.82950210571289,6.42,99.82188415527344,6.42,13.066683769226074,6.42,83.79306030273438,6.42,92.97821807861328
6.4300000000000015,8.855070114135742,6.4300000000000015,99.81787872314452,6.429999999999998,13.10581111907959,6.429999999999998,83.81417083740234,6.4300000000000015,92.82530212402344
6.44,8.874576568603516,6.44,99.82250213623048,6.44,13.149944305419922,6.44,83.81806945800781,6.44,92.68133544921876
6.450000000000001,8.893708229064941,6.450000000000001,99.83600616455078,6.450000000000001,13.197188377380373,6.450000000000001,83.81175231933594,6.450000000000001,92.53998565673828
6.460000000000003,8.908788681030273,6.459999999999999,99.86419677734376,6.459999999999999,13.24104118347168,6.459999999999999,83.78517150878906,6.460000000000003,92.38500213623048
6.470000000000001,8.927490234375,6.470000000000001,99.9020767211914,6.470000000000001,13.286087036132812,6.470000000000001,83.73944091796875,6.470000000000001,92.20314025878906
6.480000000000002,8.953527450561523,6.479999999999999,99.9441375732422,6.479999999999999,13.32721710205078,6.479999999999999,83.67862701416016,6.480000000000002,92.00714111328124
6.49,8.988394737243652,6.49,99.98121643066406,6.49,13.362067222595217,6.49,83.61090850830078,6.49,91.82584381103516
6.500000000000002,9.029641151428224,6.500000000000002,100.01620483398438,6.499999999999998,13.396355628967283,6.499999999999998,83.54049682617188,6.500000000000002,91.67723846435548
6.51,9.069907188415527,6.51,100.059814453125,6.51,13.43373966217041,6.51,83.47911071777344,6.51,91.57284545898438
6.520000000000001,9.099090576171877,6.520000000000001,100.1087646484375,6.520000000000001,13.465417861938477,6.519999999999998,83.42777252197266,6.520000000000001,91.48747253417967
6.529999999999999,9.1143798828125,6.529999999999999,100.15294647216795,6.529999999999999,13.48044776916504,6.529999999999999,83.38802337646484,6.529999999999999,91.39080047607422
6.540000000000001,9.122536659240724,6.540000000000001,100.19078826904295,6.540000000000001,13.486557006835938,6.540000000000001,83.3609619140625,6.540000000000001,91.25379180908205
6.5500000000000025,9.130792617797852,6.549999999999999,100.22834014892578,6.549999999999999,13.493871688842772,6.549999999999999,83.3464126586914,6.5500000000000025,91.0653076171875
6.5600000000000005,9.141615867614746,6.5600000000000005,100.26477813720705,6.5600000000000005,13.497235298156738,6.5600000000000005,83.3382568359375,6.5600000000000005,90.83360290527344
6.570000000000002,9.151691436767578,6.570000000000002,100.2898406982422,6.569999999999999,13.505704879760742,6.569999999999999,83.3316421508789,6.570000000000002,90.60626983642578
6.58,9.163803100585938,6.58,100.29666137695312,6.58,13.52155876159668,6.58,83.32785034179688,6.58,90.43421173095705
6.590000000000002,9.181209564208984,6.590000000000002,100.28482055664062,6.589999999999998,13.547101974487305,6.589999999999998,83.32373046875,6.590000000000002,90.31241607666016
6.6,9.197879791259766,6.6,100.26802825927734,6.6,13.575287818908691,6.6,83.31814575195312,6.6,90.21527862548828
6.610000000000001,9.206530570983888,6.610000000000001,100.25798797607422,6.610000000000001,13.600217819213867,6.610000000000001,83.30792236328125,6.610000000000001,90.12448120117188
6.619999999999999,9.20192527770996,6.619999999999999,100.2578353881836,6.619999999999999,13.614813804626465,6.619999999999999,83.29939270019531,6.619999999999999,89.99981689453125
6.630000000000001,9.193528175354004,6.630000000000001,100.26087188720705,6.630000000000001,13.62011432647705,6.630000000000001,83.28968048095703,6.630000000000001,89.78901672363281
6.640000000000002,9.17397117614746,6.639999999999999,100.26795196533205,6.639999999999999,13.606328010559082,6.639999999999999,83.27921295166016,6.640000000000002,89.48060607910156
6.65,9.140443801879885,6.65,100.28248596191406,6.65,13.592248916625977,6.65,83.27171325683594,6.65,89.12789154052734
6.660000000000002,9.112777709960938,6.660000000000002,100.29659271240234,6.659999999999998,13.58663272857666,6.659999999999998,83.263916015625,6.660000000000002,88.80024719238281
6.67,9.11019802093506,6.67,100.29840850830078,6.67,13.585505485534668,6.67,83.25643920898438,6.67,88.53779602050781
6.6800000000000015,9.147372245788574,6.6800000000000015,100.28864288330078,6.679999999999998,13.585535049438477,6.679999999999998,83.2513198852539,6.6800000000000015,88.34162139892578
6.69,9.207420349121094,6.69,100.27143096923828,6.69,13.59168815612793,6.69,83.25022888183594,6.69,88.19577026367188
6.700000000000001,9.283403396606444,6.700000000000001,100.2462387084961,6.700000000000001,13.586366653442385,6.700000000000001,83.2513427734375,6.700000000000001,88.06417846679688
6.710000000000003,9.359487533569336,6.709999999999999,100.22740936279295,6.709999999999999,13.570501327514648,6.709999999999999,83.2589340209961,6.710000000000003,87.89706420898438
6.720000000000001,9.418990135192873,6.720000000000001,100.21012115478516,6.720000000000001,13.555651664733888,6.720000000000001,83.27099609375,6.720000000000001,87.69317626953125
6.730000000000002,9.4600248336792,6.729999999999999,100.20372009277344,6.729999999999999,13.541533470153809,6.729999999999999,83.28575897216797,6.730000000000002,87.43628692626953
6.74,9.49063777923584,6.74,100.20491027832033,6.74,13.528793334960938,6.74,83.30650329589844,6.74,87.12834167480469
6.750000000000002,9.524409294128418,6.750000000000002,100.20890808105467,6.749999999999998,13.522879600524902,6.749999999999998,83.33087921142578,6.750000000000002,86.78252410888672
6.76,9.566555976867676,6.76,100.2000732421875,6.76,13.525514602661133,6.76,83.35746765136719,6.76,86.40455627441406
6.770000000000001,9.60951805114746,6.770000000000001,100.1846694946289,6.770000000000001,13.532458305358888,6.769999999999998,83.38694763183594,6.770000000000001,86.02220916748047
6.779999999999999,9.640241622924805,6.779999999999999,100.17472839355467,6.779999999999999,13.542520523071287,6.779999999999999,83.41351318359375,6.779999999999999,85.66413116455078
6.790000000000001,9.654685020446776,6.790000000000001,100.17122650146484,6.790000000000001,13.55886936187744,6.790000000000001,83.43860626220703,6.790000000000001,85.33782196044922
6.8000000000000025,9.6640625,6.799999999999999,100.17472076416016,6.799999999999999,13.583157539367676,6.799999999999999,83.45791625976562,6.8000000000000025,85.03605651855469
6.8100000000000005,9.680542945861816,6.8100000000000005,100.18634796142578,6.8100000000000005,13.608763694763184,6.8100000000000005,83.48214721679688,6.8100000000000005,84.7288589477539
6.820000000000002,9.704010009765623,6.820000000000002,100.20134735107422,6.819999999999999,13.626224517822266,6.819999999999999,83.5050048828125,6.820000000000002,84.388916015625
6.83,9.72663402557373,6.83,100.21629333496094,6.83,13.62739086151123,6.83,83.53028869628906,6.83,84.00521850585938
6.840000000000002,9.741671562194824,6.840000000000002,100.22390747070312,6.839999999999998,13.62904453277588,6.839999999999998,83.55826568603516,6.840000000000002,83.58677673339844
6.85,9.76041316986084,6.85,100.23336791992188,6.85,13.64809799194336,6.85,83.58766174316406,6.85,83.14657592773438
6.860000000000001,9.780029296875,6.860000000000001,100.26210021972656,6.860000000000001,13.684679985046388,6.860000000000001,83.61373138427734,6.860000000000001,82.66831970214844
6.869999999999999,9.7987699508667,6.869999999999999,100.3089599609375,6.869999999999999,13.733111381530762,6.869999999999999,83.64530944824219,6.869999999999999,82.16026306152344
6.880000000000001,9.822322845458984,6.880000000000001,100.3542251586914,6.880000000000001,13.796460151672363,6.880000000000001,83.67884826660156,6.880000000000001,81.60714721679688
6.890000000000002,9.849411010742188,6.889999999999999,100.39381408691406,6.889999999999999,13.867669105529783,6.889999999999999,83.7125473022461,6.890000000000002,80.98666381835938
6.9,9.883455276489258,6.9,100.42645263671876,6.9,13.9348726272583,6.9,83.74362182617188,6.9,80.33499145507812
6.910000000000002,9.925674438476562,6.910000000000002,100.45162200927734,6.909999999999998,14.001639366149902,6.909999999999998,83.76663208007812,6.910000000000002,79.67526245117188
6.92,9.983051300048828,6.92,100.48564910888672,6.92,14.079675674438477,6.92,83.78400421142578,6.92,79.03504943847656
6.9300000000000015,10.045442581176758,6.9300000000000015,100.54700469970705,6.929999999999998,14.175055503845217,6.929999999999998,83.79527282714844,6.9300000000000015,78.45738983154297
6.94,10.109094619750977,6.94,100.6249542236328,6.94,14.286930084228516,6.94,83.8093032836914,6.94,77.94366455078125
6.950000000000001,10.179006576538086,6.950000000000001,100.71205139160156,6.950000000000001,14.40646266937256,6.950000000000001,83.83110046386719,6.950000000000001,77.4908676147461
6.960000000000003,10.24576187133789,6.959999999999999,100.79090118408205,6.959999999999999,14.536086082458496,6.959999999999999,83.8580093383789,6.960000000000003,77.03535461425781
6.970000000000001,10.310587882995604,6.970000000000001,100.85912322998048,6.970000000000001,14.670345306396484,6.970000000000001,83.8847885131836,6.970000000000001,76.45731353759766
6.980000000000002,10.386589050292969,6.979999999999999,100.92723083496094,6.979999999999999,14.810710906982422,6.979999999999999,83.90806579589844,6.980000000000002,75.7384262084961
6.99,10.4774808883667,6.99,100.99791717529295,6.99,14.976505279541016,6.99,83.92882537841797,6.99,74.93840789794922
7.000000000000002,10.587950706481934,7.000000000000002,101.08680725097656,6.999999999999998,15.158772468566896,6.999999999999998,83.94866943359375,7.000000000000002,74.11883544921875
7.01,10.721760749816896,7.01,101.20333099365234,7.01,15.35867691040039,7.01,83.96549224853516,7.01,73.30888366699219
7.020000000000001,10.859355926513672,7.020000000000001,101.33978271484376,7.020000000000001,15.56103801727295,7.019999999999998,83.9868392944336,7.020000000000001,72.57642364501953
7.029999999999999,10.997804641723633,7.029999999999999,101.47496795654295,7.029999999999999,15.752044677734377,7.029999999999999,84.01433563232422,7.029999999999999,71.9526138305664
7.040000000000001,11.170445442199709,7.040000000000001,101.60480499267578,7.040000000000001,15.990829467773438,7.040000000000001,84.0443115234375,7.040000000000001,71.36477661132812
7.0500000000000025,11.370959281921388,7.049999999999999,101.73484802246094,7.049999999999999,16.273303985595703,7.049999999999999,84.0713882446289,7.0500000000000025,70.68350982666016
7.0600000000000005,11.594971656799316,7.0600000000000005,101.8860092163086,7.0600000000000005,16.591697692871094,7.0600000000000005,84.0929183959961,7.0600000000000005,69.81473541259766
7.070000000000002,11.87291431427002,7.070000000000002,102.05652618408205,7.069999999999999,16.94620132446289,7.069999999999999,84.11046600341797,7.070000000000002,68.83614349365234
7.08,12.23216152191162,7.08,102.24397277832033,7.08,17.343870162963867,7.08,84.12008666992188,7.08,67.86129760742188
7.090000000000002,12.630411148071287,7.090000000000002,102.4415512084961,7.089999999999998,17.774240493774414,7.089999999999998,84.11781311035156,7.090000000000002,67.009765625
7.1,13.008967399597168,7.1,102.63764190673828,7.1,18.21769142150879,7.1,84.10829162597656,7.1,66.23979187011719
7.110000000000001,13.414994239807127,7.110000000000001,102.83361053466795,7.110000000000001,18.687301635742188,7.110000000000001,84.08995056152344,7.110000000000001,65.50923919677734
7.119999999999999,13.873836517333984,7.119999999999999,103.04533386230467,7.119999999999999,19.15840148925781,7.119999999999999,84.07418823242188,7.119999999999999,64.80270385742188
7.130000000000001,14.351500511169434,7.130000000000001,103.26750946044922,7.130000000000001,19.62608528137207,7.130000000000001,84.06336212158203,7.130000000000001,64.10836029052734
7.140000000000002,14.825027465820312,7.139999999999999,103.49151611328124,7.139999999999999,20.10755920410156,7.139999999999999,84.05277252197266,7.140000000000002,63.422489166259766
7.15,15.301533699035645,7.15,103.72850799560548,7.15,20.61297607421875,7.15,84.03689575195312,7.15,62.74216079711914
7.160000000000002,15.77689266204834,7.160000000000002,103.9710693359375,7.159999999999998,21.129209518432617,7.159999999999998,84.0215072631836,7.160000000000002,62.04999923706055
7.17,16.268028259277344,7.17,104.21869659423828,7.17,21.641202926635746,7.17,84.0028076171875,7.17,61.37400817871094
7.1800000000000015,16.786359786987305,7.1800000000000015,104.4724349975586,7.179999999999998,22.15741729736328,7.179999999999998,83.97753143310547,7.1800000000000015,60.78709411621094
7.19,17.308889389038086,7.19,104.73451232910156,7.19,22.66146278381348,7.19,83.94895935058594,7.19,60.29418182373047
7.200000000000001,17.822938919067383,7.200000000000001,105.00955200195312,7.200000000000001,23.13577651977539,7.200000000000001,83.92068481445312,7.200000000000001,59.88287353515625
7.210000000000003,18.31372833251953,7.209999999999999,105.28832244873048,7.209999999999999,23.57866096496582,7.209999999999999,83.89585876464844,7.210000000000003,59.57184982299805
7.220000000000001,18.77878189086914,7.220000000000001,105.56209564208984,7.220000000000001,23.99142837524414,7.220000000000001,83.87554168701172,7.220000000000001,59.30122375488281
7.230000000000002,19.24175453186035,7.229999999999999,105.83171844482422,7.229999999999999,24.38321113586425,7.229999999999999,83.85498046875,7.230000000000002,59.0451774597168
7.24,19.708614349365234,7.24,106.1092300415039,7.24,24.750303268432617,7.24,83.83074188232422,7.24,58.79887390136719
7.250000000000002,20.17741775512696,7.250000000000002,106.39025115966795,7.249999999999998,25.10297966003418,7.249999999999998,83.80733489990234,7.250000000000002,58.56699752807617
7.26,20.65281105041504,7.26,106.666259765625,7.26,25.4707260131836,7.26,83.78104400634766,7.26,58.390602111816406
7.270000000000001,21.133703231811523,7.270000000000001,106.9401397705078,7.270000000000001,25.89839744567871,7.269999999999998,83.7489013671875,7.270000000000001,58.27730178833008
7.279999999999999,21.63123321533203,7.279999999999999,107.21208190917967,7.279999999999999,26.417516708374023,7.279999999999999,83.71147155761719,7.279999999999999,58.185325622558594
7.290000000000001,22.15705108642578,7.290000000000001,107.47956085205078,7.290000000000001,27.07768440246582,7.290000000000001,83.67010498046875,7.290000000000001,58.0439338684082
7.300000000000002,22.719947814941406,7.299999999999999,107.7410659790039,7.299999999999999,27.85669708251953,7.299999999999999,83.62596893310547,7.300000000000002,57.80112838745117
7.31,23.32598876953125,7.31,107.99496459960938,7.31,28.71176147460937,7.31,83.58242797851562,7.31,57.50857162475586
7.320000000000002,23.98792266845703,7.320000000000002,108.24021911621094,7.3199999999999985,29.594030380249023,7.3199999999999985,83.53492736816406,7.320000000000002,57.24007797241211
7.33,24.69630622863769,7.33,108.47935485839844,7.33,30.45865249633789,7.33,83.4827880859375,7.33,57.03067779541016
7.340000000000002,25.43282699584961,7.340000000000002,108.71351623535156,7.339999999999998,31.26075553894043,7.339999999999998,83.42901611328125,7.340000000000002,56.91135787963867
7.35,26.18008041381836,7.35,108.94064331054688,7.35,32.01325607299805,7.35,83.37895965576172,7.35,56.87710952758789
7.360000000000001,26.938770294189453,7.360000000000001,109.16323852539062,7.360000000000001,32.718589782714844,7.360000000000001,83.33123016357422,7.360000000000001,56.91990280151367
7.369999999999999,27.70501518249512,7.369999999999999,109.38850402832033,7.369999999999999,33.39407730102539,7.369999999999999,83.29008483886719,7.369999999999999,56.97099304199219
7.380000000000001,28.47515869140625,7.380000000000001,109.61128997802734,7.380000000000001,34.066673278808594,7.380000000000001,83.25592041015625,7.380000000000001,56.9985466003418
7.390000000000002,29.248750686645508,7.389999999999999,109.82149505615234,7.389999999999999,34.75747299194336,7.389999999999999,83.22937774658203,7.390000000000002,57.02760314941406
7.4,30.02577018737793,7.4,110.01806640625,7.4,35.482452392578125,7.4,83.20707702636719,7.4,57.082664489746094
7.410000000000002,30.804777145385746,7.410000000000002,110.2020034790039,7.409999999999998,36.250938415527344,7.409999999999998,83.18914031982422,7.410000000000002,57.18354797363281
7.42,31.583898544311523,7.42,110.36398315429688,7.42,37.05105972290039,7.42,83.17598724365234,7.42,57.340118408203125
7.4300000000000015,32.36966323852539,7.4300000000000015,110.51641845703124,7.429999999999998,37.88574981689453,7.429999999999998,83.16172790527344,7.4300000000000015,57.56641006469727
7.439999999999999,33.17520523071289,7.439999999999999,110.67012786865234,7.439999999999999,38.75238800048828,7.439999999999999,83.1441879272461,7.439999999999999,57.84222030639648
7.450000000000001,34.00285339355469,7.450000000000001,110.82465362548828,7.450000000000001,39.6452751159668,7.450000000000001,83.12628936767578,7.450000000000001,58.13195037841797
7.460000000000003,34.8460578918457,7.459999999999999,110.9646224975586,7.459999999999999,40.55928802490234,7.459999999999999,83.10871124267578,7.460000000000003,58.39791488647461
7.470000000000001,35.70265197753906,7.470000000000001,111.09200286865234,7.470000000000001,41.47111511230469,7.470000000000001,83.08967590332031,7.470000000000001,58.6231689453125
7.480000000000002,36.56819152832031,7.479999999999999,111.212646484375,7.479999999999999,42.35689163208008,7.479999999999999,83.07271575927734,7.480000000000002,58.84074401855469
7.49,37.441043853759766,7.49,111.32127380371094,7.49,43.23234939575195,7.49,83.05585479736328,7.49,59.07980728149414
7.500000000000002,38.308963775634766,7.500000000000002,111.40684509277344,7.499999999999998,44.0931282043457,7.499999999999998,83.04387664794922,7.500000000000002,59.35149383544922
7.51,39.16455078125,7.51,111.46329498291016,7.51,44.932228088378906,7.51,83.02904510498047,7.51,59.64152145385742
7.520000000000001,40.0145263671875,7.520000000000001,111.49190521240234,7.520000000000001,45.76194763183594,7.519999999999998,83.00900268554688,7.520000000000001,59.97622299194336
7.529999999999999,40.86441802978516,7.529999999999999,111.49951171875,7.529999999999999,46.58085632324219,7.529999999999999,82.98771667480469,7.529999999999999,60.383697509765625
7.540000000000001,41.71348571777344,7.540000000000001,111.49654388427734,7.540000000000001,47.40116500854492,7.540000000000001,82.95899200439453,7.540000000000001,60.87203598022461
7.550000000000002,42.56508255004883,7.549999999999999,111.48194885253906,7.549999999999999,48.24068832397461,7.549999999999999,82.92772674560547,7.550000000000002,61.39761352539063
7.56,43.42589569091797,7.56,111.45779418945312,7.56,49.09351348876953,7.56,82.89292907714844,7.56,61.94089126586914
7.570000000000002,44.30076599121094,7.570000000000002,111.4163589477539,7.5699999999999985,49.96512985229492,7.5699999999999985,82.86241149902344,7.570000000000002,62.48993682861328
7.58,45.18700408935547,7.58,111.3554458618164,7.58,50.86143493652344,7.58,82.83432006835938,7.58,62.98897171020508
7.590000000000002,46.07491683959961,7.590000000000002,111.2761688232422,7.589999999999998,51.76887130737305,7.589999999999998,82.80322265625,7.590000000000002,63.39022445678711
7.6,46.964385986328125,7.6,111.18003845214844,7.6,52.67815399169922,7.6,82.77173614501953,7.6,63.74775695800781
7.610000000000001,47.856483459472656,7.610000000000001,111.06674194335938,7.610000000000001,53.584354400634766,7.610000000000001,82.74415588378906,7.610000000000001,64.12504577636719
7.619999999999999,48.741512298583984,7.619999999999999,110.93421936035156,7.619999999999999,54.487640380859375,7.619999999999999,82.71908569335938,7.619999999999999,64.54119110107422
7.630000000000001,49.62028884887695,7.630000000000001,110.784423828125,7.630000000000001,55.38489532470703,7.630000000000001,82.69622039794922,7.630000000000001,65.00077819824219
7.640000000000002,50.50300979614258,7.639999999999999,110.61449432373048,7.639999999999999,56.279056549072266,7.639999999999999,82.6667251586914,7.640000000000002,65.50141143798828
7.65,51.39448928833008,7.65,110.42351531982422,7.65,57.17261505126953,7.65,82.6318588256836,7.65,66.0116958618164
7.660000000000002,52.28798294067383,7.660000000000002,110.23104858398438,7.659999999999998,58.06477355957031,7.659999999999998,82.59828186035156,7.660000000000002,66.51380920410156
7.67,53.18846130371094,7.67,110.05643463134766,7.67,58.95830535888672,7.67,82.56916046142578,7.67,67.00045013427734
7.6800000000000015,54.08616256713867,7.6800000000000015,109.88822174072266,7.679999999999998,59.85530090332031,7.679999999999998,82.5442123413086,7.6800000000000015,67.4641342163086
7.689999999999999,54.9735221862793,7.689999999999999,109.71983337402344,7.689999999999999,60.750335693359375,7.689999999999999,82.52291107177734,7.689999999999999,67.91146850585938
7.700000000000001,55.85551071166992,7.700000000000001,109.5337371826172,7.700000000000001,61.653934478759766,7.700000000000001,82.50462341308594,7.700000000000001,68.39653015136719
7.710000000000003,56.74518203735352,7.709999999999999,109.33108520507812,7.709999999999999,62.5622673034668,7.709999999999999,82.4852523803711,7.710000000000003,68.92688751220703
7.720000000000001,57.64401245117188,7.720000000000001,109.12423706054688,7.720000000000001,63.46743774414063,7.720000000000001,82.46949768066406,7.720000000000001,69.48351287841797
7.730000000000002,58.53154754638672,7.729999999999999,108.91666412353516,7.729999999999999,64.36878204345703,7.729999999999999,82.4609375,7.730000000000002,70.05693054199219
7.74,59.406646728515625,7.74,108.7084732055664,7.74,65.26253509521484,7.74,82.45571899414062,7.74,70.63734436035156
7.750000000000002,60.27365493774414,7.750000000000002,108.4974365234375,7.749999999999998,66.16403198242188,7.749999999999998,82.44914245605469,7.750000000000002,71.21438598632812
7.76,61.13860321044922,7.76,108.2756576538086,7.76,67.05744934082031,7.76,82.43881225585938,7.76,71.80298614501953
7.770000000000001,62.0041618347168,7.770000000000001,108.04769134521484,7.770000000000001,67.89798736572266,7.769999999999998,82.42384338378906,7.770000000000001,72.38999938964844
7.779999999999999,62.85805130004883,7.779999999999999,107.82311248779295,7.779999999999999,68.74794006347656,7.779999999999999,82.40638732910156,7.779999999999999,72.95973205566406
7.790000000000001,63.71726608276367,7.790000000000001,107.60997009277344,7.790000000000001,69.61113739013672,7.790000000000001,82.38681030273438,7.790000000000001,73.5014877319336
7.800000000000002,64.5821304321289,7.799999999999999,107.40853118896484,7.799999999999999,70.45582580566406,7.799999999999999,82.36746215820312,7.800000000000002,74.01790618896484
7.81,65.39917755126953,7.81,107.22705078125,7.81,71.28961944580078,7.81,82.34737396240234,7.81,74.54139709472656
7.820000000000002,66.17252349853516,7.820000000000002,107.0522918701172,7.8199999999999985,72.1239013671875,7.8199999999999985,82.32794952392578,7.820000000000002,75.09053802490234
7.83,66.95614624023438,7.83,106.87762451171876,7.83,72.94967651367188,7.83,82.30670166015625,7.83,75.65629577636719
7.840000000000002,67.75667572021484,7.840000000000002,106.69466400146484,7.839999999999998,73.76150512695312,7.839999999999998,82.28670501708984,7.840000000000002,76.20896911621094
7.85,68.56983947753906,7.85,106.49937438964844,7.85,74.5871353149414,7.85,82.26920318603516,7.85,76.72760772705078
7.860000000000001,69.40806579589844,7.860000000000001,106.33255767822266,7.860000000000001,75.44047546386719,7.860000000000001,82.25227355957031,7.860000000000001,77.19873809814453
7.869999999999999,70.21881866455078,7.869999999999999,106.17456817626952,7.869999999999999,76.28551483154297,7.869999999999999,82.23660278320312,7.869999999999999,77.67341613769531
7.880000000000001,70.96003723144531,7.880000000000001,106.04273223876952,7.880000000000001,77.0763931274414,7.880000000000001,82.22091674804688,7.880000000000001,78.14646911621094
7.890000000000002,71.67778778076172,7.889999999999999,105.91622924804688,7.889999999999999,77.81929016113281,7.889999999999999,82.20165252685547,7.890000000000002,78.57121276855469
7.9,72.38751220703125,7.9,105.7807388305664,7.9,78.53468322753906,7.9,82.18138122558594,7.9,78.96871948242188
7.910000000000002,73.07927703857422,7.910000000000002,105.6619110107422,7.909999999999998,79.23435974121094,7.909999999999998,82.15890502929688,7.910000000000002,79.3360366821289
7.92,73.76839447021484,7.92,105.5586395263672,7.92,79.91793060302734,7.92,82.1385269165039,7.92,79.65153503417969
7.9300000000000015,74.4349365234375,7.9300000000000015,105.4533233642578,7.929999999999998,80.55441284179688,7.929999999999998,82.12255859375,7.9300000000000015,79.98458862304688
7.939999999999999,75.0676498413086,7.939999999999999,105.36194610595705,7.939999999999999,81.14067077636719,7.939999999999999,82.10792541503906,7.939999999999999,80.37174987792969
7.950000000000001,75.65798950195312,7.950000000000001,105.28523254394533,7.950000000000001,81.72175598144531,7.950000000000001,82.09447479248047,7.950000000000001,80.76622772216797
7.960000000000003,76.26020812988281,7.959999999999999,105.22470092773438,7.959999999999999,82.316162109375,7.959999999999999,82.07891845703125,7.960000000000003,81.15835571289062
7.970000000000001,76.86441802978516,7.970000000000001,105.17947387695312,7.970000000000001,82.91094207763672,7.970000000000001,82.06341552734375,7.970000000000001,81.54098510742188
7.980000000000002,77.44099426269531,7.979999999999999,105.13748931884766,7.979999999999999,83.47840881347656,7.979999999999999,82.04769134521484,7.980000000000002,81.933349609375
7.99,78.00437927246094,7.99,105.09133911132812,7.99,83.99910736083984,7.99,82.03650665283203,7.99,82.28688049316406
8.000000000000002,78.525390625,8.000000000000002,105.04163360595705,7.999999999999998,84.49124908447266,7.999999999999998,82.02266693115234,8.000000000000002,82.61942291259766
8.01,79.0430679321289,8.01,104.99854278564452,8.01,84.98902130126953,8.01,82.00230407714844,8.01,82.9788589477539
8.020000000000001,79.57667541503906,8.020000000000001,104.9645767211914,8.020000000000001,85.48894500732422,8.019999999999998,81.98224639892578,8.020000000000001,83.34357452392578
8.03,80.09768676757812,8.03,104.92577362060548,8.03,85.99809265136719,8.03,81.95887756347656,8.03,83.68683624267578
8.040000000000001,80.58522033691406,8.040000000000001,104.87648010253906,8.040000000000001,86.49433135986328,8.040000000000001,81.93502807617188,8.040000000000001,84.04261016845703
8.050000000000002,81.0656509399414,8.049999999999999,104.81696319580078,8.049999999999999,86.95386505126953,8.049999999999999,81.91177368164062,8.050000000000002,84.40054321289062
8.06,81.51227569580078,8.06,104.75869750976562,8.06,87.38429260253906,8.06,81.88916015625,8.06,84.7319564819336
8.070000000000002,81.94188690185547,8.070000000000002,104.7122802734375,8.069999999999999,87.80441284179688,8.069999999999999,81.86701202392578,8.070000000000002,85.077392578125
8.08,82.3884506225586,8.08,104.6710968017578,8.08,88.22203826904297,8.08,81.84323120117188,8.08,85.40721130371094
8.090000000000002,82.85883331298828,8.090000000000002,104.62506103515624,8.089999999999998,88.62229919433594,8.089999999999998,81.82609558105469,8.090000000000002,85.74112701416016
8.1,83.28895568847656,8.1,104.58087158203124,8.1,89.00286865234375,8.1,81.8113784790039,8.1,86.06673431396484
8.110000000000001,83.67974090576172,8.110000000000001,104.54097747802734,8.110000000000001,89.39151763916016,8.110000000000001,81.7998275756836,8.110000000000001,86.36775970458984
8.12,84.09134674072266,8.12,104.50902557373048,8.12,89.80426788330078,8.12,81.7932357788086,8.12,86.64116668701172
8.13,84.49913787841797,8.13,104.48336791992188,8.13,90.23247528076172,8.13,81.79109191894531,8.13,86.90741729736328
8.140000000000002,84.88756561279297,8.139999999999999,104.4691162109375,8.139999999999999,90.65192413330078,8.139999999999999,81.7959976196289,8.140000000000002,87.14152526855469
8.15,85.25724792480469,8.15,104.46153259277344,8.15,91.06481170654295,8.15,81.80677795410156,8.15,87.32746887207031
8.160000000000002,85.60523223876953,8.160000000000002,104.44679260253906,8.159999999999998,91.473388671875,8.159999999999998,81.82183074951172,8.160000000000002,87.45985412597656
8.17,85.90705108642578,8.17,104.40119171142578,8.17,91.86322784423828,8.17,81.83905792236328,8.17,87.54686737060547
8.180000000000001,86.18060302734375,8.180000000000001,104.36261749267578,8.179999999999998,92.19866943359376,8.179999999999998,81.85679626464844,8.180000000000001,87.59708404541016
8.19,86.44964599609375,8.19,104.33641815185548,8.19,92.48102569580078,8.19,81.86724090576172,8.19,87.66181182861328
8.200000000000001,86.7164077758789,8.200000000000001,104.32366180419922,8.200000000000001,92.71769714355467,8.200000000000001,81.8733901977539,8.200000000000001,87.7623519897461
8.210000000000003,86.95429992675781,8.209999999999999,104.32325744628906,8.209999999999999,92.90901184082033,8.209999999999999,81.87144470214844,8.210000000000003,87.89972686767578
8.22,87.16216278076172,8.22,104.3246612548828,8.22,93.07400512695312,8.22,81.86837768554688,8.22,88.04341125488281
8.230000000000002,87.34548950195312,8.229999999999999,104.32044982910156,8.229999999999999,93.22613525390624,8.229999999999999,81.86325073242188,8.230000000000002,88.17949676513672
8.24,87.4728012084961,8.24,104.3073959350586,8.24,93.36865234375,8.24,81.8620376586914,8.24,88.29813385009766
8.250000000000002,87.56294250488281,8.250000000000002,104.28854370117188,8.249999999999998,93.51534271240234,8.249999999999998,81.86378479003906,8.250000000000002,88.40499877929688
8.26,87.65611267089844,8.26,104.27124786376952,8.26,93.64937591552734,8.26,81.8701171875,8.26,88.48320007324219
8.270000000000001,87.76483917236328,8.270000000000001,104.2621612548828,8.270000000000001,93.76134490966795,8.269999999999998,81.88078308105469,8.270000000000001,88.53419494628906
8.28,87.88488006591797,8.28,104.2553482055664,8.28,93.85594177246094,8.28,81.8897933959961,8.28,88.58268737792969
8.290000000000001,87.99996185302734,8.290000000000001,104.24536895751952,8.290000000000001,93.9217529296875,8.290000000000001,81.89441680908203,8.290000000000001,88.65384674072266
8.300000000000002,88.11322021484375,8.299999999999999,104.2288589477539,8.299999999999999,93.9208984375,8.299999999999999,81.89480590820312,8.300000000000002,88.74571228027344
8.31,88.21489715576172,8.31,104.20054626464844,8.31,93.86688995361328,8.31,81.89254760742188,8.31,88.87053680419922
8.320000000000002,88.28240966796875,8.320000000000002,104.16394805908205,8.319999999999999,93.7768325805664,8.319999999999999,81.88764953613281,8.320000000000002,89.0129165649414
8.33,88.33851623535156,8.33,104.12879943847656,8.33,93.6860809326172,8.33,81.88194274902344,8.33,89.13996124267578
8.340000000000002,88.3852767944336,8.340000000000002,104.08854675292967,8.339999999999998,93.6223373413086,8.339999999999998,81.87577819824219,8.340000000000002,89.22180938720703
8.35,88.42281341552734,8.35,104.04126739501952,8.35,93.5777359008789,8.35,81.87467193603516,8.35,89.2576675415039
8.360000000000001,88.45625305175781,8.360000000000001,103.9856185913086,8.360000000000001,93.53532409667967,8.360000000000001,81.88048553466797,8.360000000000001,89.26265716552734
8.37,88.50532531738281,8.37,103.92453002929688,8.37,93.49735260009766,8.37,81.89144134521484,8.37,89.25303649902344
8.38,88.56365203857422,8.38,103.86368560791016,8.38,93.45983123779295,8.38,81.9080581665039,8.38,89.23849487304688
8.390000000000002,88.62683868408203,8.389999999999999,103.8051986694336,8.389999999999999,93.42281341552734,8.389999999999999,81.92842864990234,8.390000000000002,89.21659851074219
8.4,88.67899322509766,8.4,103.75200653076172,8.4,93.40985107421876,8.4,81.94981384277344,8.4,89.18800354003906
8.410000000000002,88.72272491455078,8.410000000000002,103.71354675292967,8.409999999999998,93.43421173095705,8.409999999999998,81.96922302246094,8.410000000000002,89.16209411621094
8.42,88.755126953125,8.42,103.6856460571289,8.42,93.4539031982422,8.42,81.98448944091797,8.42,89.14930725097656
8.430000000000001,88.7699203491211,8.430000000000001,103.65501403808594,8.429999999999998,93.45508575439452,8.429999999999998,81.99586486816406,8.430000000000001,89.13567352294922
8.44,88.77044677734375,8.44,103.62120056152344,8.44,93.43913269042967,8.44,82.0037841796875,8.44,89.1161117553711
8.450000000000001,88.75289916992188,8.450000000000001,103.59010314941406,8.450000000000001,93.418701171875,8.450000000000001,82.01153564453125,8.450000000000001,89.06131744384766
8.460000000000003,88.72684478759766,8.459999999999999,103.55574035644533,8.459999999999999,93.435791015625,8.459999999999999,82.01889038085938,8.460000000000003,88.96524047851562
8.47,88.70547485351562,8.47,103.5199966430664,8.47,93.49224853515624,8.47,82.02693176269531,8.47,88.85443878173828
8.480000000000002,88.68592071533203,8.479999999999999,103.48204040527344,8.479999999999999,93.57488250732422,8.479999999999999,82.0379409790039,8.480000000000002,88.75108337402344
8.49,88.67635345458984,8.49,103.44190979003906,8.49,93.6506576538086,8.49,82.05056762695312,8.49,88.66566467285156
8.500000000000002,88.65670776367188,8.500000000000002,103.40522003173828,8.499999999999998,93.68877410888672,8.499999999999998,82.06292724609375,8.500000000000002,88.587158203125
8.51,88.61768341064453,8.51,103.36846160888672,8.51,93.6794662475586,8.51,82.07735443115234,8.51,88.52007293701172
8.520000000000001,88.56183624267578,8.520000000000001,103.3301239013672,8.520000000000001,93.65032196044922,8.519999999999998,82.09043884277344,8.520000000000001,88.46085357666016
8.53,88.51273345947266,8.53,103.29280853271484,8.53,93.62334442138672,8.53,82.1013412475586,8.53,88.40086364746094
8.540000000000001,88.47076416015625,8.540000000000001,103.25749206542967,8.540000000000001,93.61368560791016,8.540000000000001,82.11174774169922,8.540000000000001,88.33965301513672
8.550000000000002,88.44831848144531,8.549999999999999,103.2240753173828,8.549999999999999,93.6230697631836,8.549999999999999,82.12044525146484,8.550000000000002,88.27904510498047
8.56,88.43563842773438,8.56,103.18859100341795,8.56,93.640380859375,8.56,82.12773132324219,8.56,88.20951080322266
8.570000000000002,88.41920471191406,8.570000000000002,103.15190887451172,8.569999999999999,93.64408111572266,8.569999999999999,82.1342544555664,8.570000000000002,88.13175201416016
8.58,88.3887710571289,8.58,103.11107635498048,8.58,93.63275146484376,8.58,82.14221954345703,8.58,88.04501342773438
8.590000000000002,88.33671569824219,8.590000000000002,103.0654525756836,8.589999999999998,93.61177825927734,8.589999999999998,82.149169921875,8.590000000000002,87.95238494873047
8.6,88.27828216552734,8.6,103.01579284667967,8.6,93.57858276367188,8.6,82.15583038330078,8.6,87.85275268554688
8.610000000000001,88.22081756591797,8.610000000000001,102.96452331542967,8.610000000000001,93.53916931152344,8.610000000000001,82.16116333007812,8.610000000000001,87.74427795410156
8.620000000000003,88.1623306274414,8.62,102.91303253173828,8.62,93.48998260498048,8.62,82.16728210449219,8.62,87.6293716430664
8.63,88.10526275634766,8.63,102.85740661621094,8.63,93.42923736572266,8.63,82.17291259765625,8.63,87.51200103759766
8.640000000000002,88.03443145751953,8.639999999999999,102.79881286621094,8.639999999999999,93.34624481201172,8.639999999999999,82.17772674560547,8.640000000000002,87.40399932861328
8.65,87.9581298828125,8.65,102.74527740478516,8.65,93.22325134277344,8.65,82.18222045898438,8.65,87.30845642089844
8.660000000000002,87.87688446044922,8.660000000000002,102.70664978027344,8.659999999999998,93.07887268066406,8.659999999999998,82.18565368652344,8.660000000000002,87.22339630126953
8.67,87.78340911865234,8.67,102.67697143554688,8.67,92.93798065185548,8.67,82.18878936767578,8.67,87.12803649902344
8.680000000000001,87.6767578125,8.680000000000001,102.65093994140624,8.679999999999998,92.8103256225586,8.679999999999998,82.18834686279297,8.680000000000001,87.01390075683594
8.69,87.56657409667969,8.69,102.62720489501952,8.69,92.7010498046875,8.69,82.18678283691406,8.69,86.87525939941406
8.700000000000001,87.4497299194336,8.700000000000001,102.60173034667967,8.700000000000001,92.6095962524414,8.700000000000001,82.18505096435547,8.700000000000001,86.7209243774414
8.710000000000003,87.31373596191406,8.709999999999999,102.5724868774414,8.709999999999999,92.52122497558594,8.709999999999999,82.18106842041016,8.710000000000003,86.55122375488281
8.72,87.15770721435547,8.72,102.5408706665039,8.72,92.40799713134766,8.72,82.1778335571289,8.72,86.3799057006836
8.730000000000002,86.98663330078125,8.730000000000002,102.50599670410156,8.729999999999999,92.26334381103516,8.729999999999999,82.17829895019531,8.730000000000002,86.20880889892578
8.74,86.8052749633789,8.74,102.46531677246094,8.74,92.08790588378906,8.74,82.17980194091797,8.74,86.04269409179688
8.750000000000002,86.61315155029297,8.750000000000002,102.42408752441406,8.749999999999998,91.88661193847656,8.749999999999998,82.1817398071289,8.750000000000002,85.89292907714844
8.76,86.41836547851562,8.76,102.38817596435548,8.76,91.67356872558594,8.76,82.1798324584961,8.76,85.73963928222656
8.770000000000001,86.22019958496094,8.770000000000001,102.35935974121094,8.770000000000001,91.4518051147461,8.769999999999998,82.17825317382812,8.770000000000001,85.56661987304688
8.78,86.01475524902344,8.78,102.3346176147461,8.78,91.2104034423828,8.78,82.17889404296875,8.78,85.38294982910156
8.790000000000001,85.8061294555664,8.790000000000001,102.30437469482422,8.790000000000001,90.94583892822266,8.790000000000001,82.18267822265625,8.790000000000001,85.17406463623047
8.800000000000002,85.60021209716797,8.799999999999999,102.26792907714844,8.799999999999999,90.67733001708984,8.799999999999999,82.1890869140625,8.800000000000002,84.94432830810547
8.81,85.36962127685547,8.81,102.22518920898438,8.81,90.41828155517578,8.81,82.1963882446289,8.81,84.70564270019531
8.820000000000002,85.10791778564453,8.820000000000002,102.18162536621094,8.819999999999999,90.15746307373048,8.819999999999999,82.20071411132812,8.820000000000002,84.45759582519531
8.83,84.84530639648438,8.83,102.13643646240234,8.83,89.87727355957031,8.83,82.20587921142578,8.83,84.16960906982422
8.840000000000002,84.5658950805664,8.840000000000002,102.09618377685548,8.839999999999998,89.56917572021484,8.839999999999998,82.21195983886719,8.840000000000002,83.82971954345703
8.85,84.25899505615234,8.85,102.05963134765624,8.85,89.23130798339844,8.85,82.21360778808594,8.85,83.45988464355469
8.860000000000001,83.93354034423828,8.860000000000001,102.0323715209961,8.860000000000001,88.86373901367188,8.860000000000001,82.21875762939453,8.860000000000001,83.05796813964844
8.870000000000003,83.60824584960938,8.87,102.00869750976562,8.87,88.4791259765625,8.87,82.22701263427734,8.87,82.64783477783203
8.88,83.27761840820312,8.88,101.97994995117188,8.88,88.08121490478516,8.88,82.2366714477539,8.88,82.20865631103516
8.890000000000002,82.9725112915039,8.889999999999999,101.95586395263672,8.889999999999999,87.68672180175781,8.889999999999999,82.25042724609375,8.890000000000002,81.73307800292969
8.9,82.67098999023438,8.9,101.93480682373048,8.9,87.30703735351562,8.9,82.26637268066406,8.9,81.24021911621094
8.910000000000002,82.29659271240234,8.910000000000002,101.92867279052734,8.909999999999998,86.92816162109375,8.909999999999998,82.28103637695312,8.910000000000002,80.75141143798828
8.92,81.89908599853516,8.92,101.93277740478516,8.92,86.52017211914062,8.92,82.29129028320312,8.92,80.27962493896484
8.930000000000001,81.48905944824219,8.930000000000001,101.9378662109375,8.930000000000001,86.06273651123047,8.929999999999998,82.2990951538086,8.930000000000001,79.82439422607422
8.94,81.04447937011719,8.94,101.94176483154295,8.94,85.56781005859375,8.94,82.30376434326172,8.94,79.36066436767578
8.950000000000001,80.55314636230469,8.950000000000001,101.94979858398438,8.950000000000001,85.04689025878906,8.950000000000001,82.30548858642578,8.950000000000001,78.85243225097656
8.960000000000003,80.03153991699219,8.959999999999999,101.92903137207033,8.959999999999999,84.51876831054688,8.959999999999999,82.3115005493164,8.960000000000003,78.27447509765625
8.97,79.53992462158203,8.97,101.87073516845705,8.97,83.98973846435547,8.97,82.32178497314453,8.97,77.6592025756836
8.980000000000002,79.0720443725586,8.980000000000002,101.79989624023438,8.979999999999999,83.46114349365234,8.979999999999999,82.33578491210938,8.980000000000002,77.04171752929688
8.99,78.5326156616211,8.99,101.73665618896484,8.99,82.93539428710938,8.99,82.35603332519531,8.99,76.48001098632812
9.000000000000002,77.93206787109375,9.000000000000002,101.67424774169922,8.999999999999998,82.41670227050781,8.999999999999998,82.38623046875,9.000000000000002,75.9767074584961
9.01,77.28813934326172,9.01,101.63944244384766,9.01,81.90019226074219,9.01,82.42406463623047,9.01,75.54014587402344
9.02,76.61304473876953,9.02,101.6543960571289,9.02,81.36861419677734,9.02,82.46366882324219,9.02,75.11992645263672
9.03,75.97267150878906,9.03,101.67897033691406,9.03,80.81513214111328,9.03,82.4990005493164,9.03,74.64990997314453
9.04,75.4185791015625,9.04,101.68832397460938,9.04,80.21856689453125,9.04,82.53833770751953,9.04,74.1471939086914
9.050000000000002,74.92669677734375,9.05,101.6915054321289,9.05,79.59269714355469,9.05,82.58171081542969,9.050000000000002,73.6424331665039
9.06,74.46170806884766,9.06,101.69120025634766,9.06,78.98177337646484,9.06,82.62979888916016,9.06,73.10540771484375
9.070000000000002,73.93089294433594,9.070000000000002,101.69515991210938,9.07,78.38797760009766,9.07,82.68523406982422,9.070000000000002,72.54193115234375
9.08,73.3302993774414,9.08,101.69470977783205,9.08,77.78153228759766,9.08,82.74000549316406,9.08,71.97256469726562
9.090000000000002,72.65946960449219,9.090000000000002,101.69476318359376,9.089999999999998,77.13777923583984,9.089999999999998,82.7891845703125,9.090000000000002,71.40645599365234
9.1,71.93804168701172,9.1,101.71826934814452,9.1,76.4620132446289,9.1,82.8376693725586,9.1,70.85780334472656
9.11,71.20157623291016,9.11,101.74022674560548,9.11,75.7773666381836,9.11,82.88824462890625,9.11,70.34220123291016
9.120000000000005,70.47999572753906,9.12,101.72150421142578,9.12,75.09302520751953,9.12,82.94593048095703,9.120000000000005,69.8457260131836
9.13,69.79127502441406,9.13,101.6875228881836,9.13,74.4093246459961,9.13,83.00563049316406,9.13,69.34770965576172
9.140000000000002,69.23025512695312,9.14,101.6525650024414,9.14,73.78619384765625,9.14,83.05193328857422,9.140000000000002,68.84602355957031
9.15,68.76866149902344,9.15,101.63533020019533,9.15,73.22969055175781,9.15,83.08403015136719,9.15,68.33601379394531
9.160000000000002,68.2947998046875,9.160000000000002,101.65728759765624,9.159999999999998,72.66780090332031,9.159999999999998,83.10313415527344,9.160000000000002,67.77855682373047
9.17,67.67278289794922,9.17,101.69539642333984,9.17,72.06116485595703,9.17,83.13103485107422,9.17,67.20301818847656
9.18,66.9801025390625,9.18,101.72543334960938,9.18,71.40072631835938,9.179999999999998,83.1717529296875,9.18,66.64630126953125
9.19,66.30249786376953,9.19,101.74069213867188,9.19,70.70793151855469,9.19,83.22102355957031,9.19,66.14363098144531
9.2,65.6910400390625,9.2,101.74522399902344,9.2,70.02693939208984,9.2,83.26947784423828,9.2,65.68730163574219
9.210000000000004,65.15071105957031,9.21,101.76547241210938,9.21,69.40687561035156,9.21,83.3087158203125,9.210000000000004,65.24049377441406
9.22,64.62985229492188,9.22,101.78900146484376,9.22,68.85704803466797,9.22,83.339111328125,9.22,64.80548858642578
9.230000000000002,64.06507110595703,9.230000000000002,101.81490325927734,9.23,68.35702514648438,9.23,83.36493682861328,9.230000000000002,64.38298034667969
9.24,63.4554328918457,9.24,101.82737731933594,9.24,67.84461212158203,9.24,83.38992309570312,9.24,63.95476150512695
9.250000000000002,62.85850143432617,9.250000000000002,101.8650131225586,9.249999999999998,67.27249145507812,9.249999999999998,83.41853332519531,9.250000000000002,63.51305770874024
9.26,62.31550598144531,9.26,101.93292236328124,9.26,66.64608764648438,9.26,83.435546875,9.26,63.046974182128906
9.27,61.80024337768555,9.27,102.0039520263672,9.27,66.01457214355469,9.27,83.44928741455078,9.27,62.57940673828125
9.28,61.25223159790039,9.28,102.05729675292967,9.28,65.37920379638672,9.28,83.46160125732422,9.28,62.13437271118164
9.29,60.634986877441406,9.29,102.09613037109376,9.29,64.72822570800781,9.29,83.47422790527344,9.29,61.73344421386719
9.300000000000002,59.97802734375,9.3,102.14997100830078,9.3,64.06321716308594,9.3,83.50082397460938,9.300000000000002,61.34400177001953
9.31,59.30492401123047,9.31,102.2375259399414,9.31,63.39839172363281,9.31,83.54313659667969,9.31,60.963287353515625
9.320000000000002,58.61058807373047,9.320000000000002,102.31217193603516,9.32,62.76291275024414,9.32,83.5958023071289,9.320000000000002,60.58701705932617
9.33,57.93128967285156,9.33,102.40928649902344,9.33,62.13207626342773,9.33,83.66041564941406,9.33,60.223899841308594
9.340000000000002,57.25117492675781,9.340000000000002,102.53368377685548,9.339999999999998,61.47574996948242,9.339999999999998,83.72146606445312,9.340000000000002,59.86108016967773
9.35,56.5584602355957,9.35,102.67843627929688,9.35,60.7881965637207,9.35,83.77603912353516,9.35,59.510929107666016
9.36,55.85865783691406,9.36,102.83918762207033,9.36,60.08250045776367,9.36,83.82630157470703,9.36,59.18910598754883
9.370000000000005,55.15903854370117,9.37,102.99160766601562,9.37,59.36759185791016,9.37,83.87925720214844,9.370000000000005,58.90047454833984
9.38,54.45964431762695,9.38,103.13472747802734,9.38,58.66128921508789,9.38,83.92436981201172,9.38,58.63648223876953
9.390000000000002,53.76416778564453,9.39,103.2913055419922,9.39,57.94500732421875,9.39,83.95552825927734,9.390000000000002,58.42074203491211
9.4,53.069244384765625,9.4,103.47454833984376,9.4,57.2337646484375,9.4,83.97793579101562,9.4,58.233917236328125
9.410000000000002,52.37189483642578,9.410000000000002,103.670166015625,9.409999999999998,56.556549072265625,9.409999999999998,84.00896453857422,9.410000000000002,58.02996826171875
9.42,51.64378356933594,9.42,103.84384155273438,9.42,55.90085220336914,9.42,84.0531234741211,9.42,57.80995941162109
9.43,50.88235855102539,9.43,103.9808578491211,9.43,55.20444488525391,9.429999999999998,84.10497283935547,9.43,57.61966323852539
9.44,50.12761688232422,9.44,104.10497283935548,9.44,54.48600006103516,9.44,84.14115142822266,9.44,57.49236297607422
9.45,49.40560531616211,9.45,104.23072814941406,9.45,53.78291320800781,9.45,84.15129089355469,9.45,57.39516830444336
9.460000000000004,48.68296813964844,9.46,104.34937286376952,9.46,53.10219955444336,9.46,84.15445709228516,9.460000000000004,57.30844497680664
9.47,47.95014953613281,9.47,104.4789581298828,9.47,52.41998672485352,9.47,84.16571807861328,9.47,57.21559524536133
9.480000000000002,47.214637756347656,9.480000000000002,104.6268310546875,9.48,51.72039794921875,9.48,84.18607330322266,9.480000000000002,57.087989807128906
9.49,46.47993469238281,9.49,104.77978515625,9.49,51.01290130615234,9.49,84.23068237304688,9.49,56.95376586914063
9.500000000000002,45.7660026550293,9.500000000000002,104.92791748046876,9.499999999999998,50.301307678222656,9.499999999999998,84.29328155517578,9.500000000000002,56.85492706298828
9.51,45.07201766967773,9.51,105.07095336914062,9.51,49.60570526123047,9.51,84.34233856201172,9.51,56.83844375610352
9.52,44.37855911254883,9.52,105.18395233154295,9.52,48.92617416381836,9.52,84.38362121582031,9.52,56.95652770996094
9.53,43.69960784912109,9.53,105.27340698242188,9.53,48.26426315307617,9.53,84.42591094970703,9.53,57.15601348876953
9.54,43.05630493164063,9.54,105.34822082519533,9.54,47.63007736206055,9.54,84.44596099853516,9.54,57.35771179199219
9.550000000000002,42.4263916015625,9.55,105.42587280273438,9.55,47.00835037231445,9.55,84.4566650390625,9.550000000000002,57.47518539428711
9.56,41.8148307800293,9.56,105.5211181640625,9.56,46.41658020019531,9.56,84.49366760253906,9.56,57.480560302734375
9.570000000000002,41.19081115722656,9.570000000000002,105.61285400390624,9.57,45.8524284362793,9.57,84.55220794677734,9.570000000000002,57.3881950378418
9.58,40.54378128051758,9.58,105.68427276611328,9.58,45.2944221496582,9.58,84.61328887939453,9.58,57.28314971923828
9.590000000000002,39.89327239990234,9.590000000000002,105.72480010986328,9.589999999999998,44.72660827636719,9.589999999999998,84.67180633544922,9.590000000000002,57.264408111572266
9.6,39.25796508789063,9.6,105.74374389648438,9.6,44.13955307006836,9.6,84.71670532226562,9.6,57.30027770996094
9.61,38.6338119506836,9.61,105.72032165527344,9.61,43.5345458984375,9.61,84.72125244140625,9.61,57.35623550415039
9.620000000000005,38.019649505615234,9.62,105.71369934082033,9.62,42.926734924316406,9.62,84.67637634277344,9.620000000000005,57.40656280517578
9.63,37.43627548217773,9.63,105.75028228759766,9.63,42.32533264160156,9.63,84.59808349609375,9.63,57.39628219604492
9.640000000000002,36.88298034667969,9.64,105.79615020751952,9.64,41.73247146606445,9.64,84.54196166992188,9.640000000000002,57.33724212646485
9.65,36.35115432739258,9.65,105.83414459228516,9.65,41.15932083129883,9.65,84.53107452392578,9.65,57.30595397949219
9.660000000000002,35.81786346435547,9.660000000000002,105.8589859008789,9.659999999999998,40.58985900878906,9.659999999999998,84.52841186523438,9.660000000000002,57.34547424316406
9.67,35.275238037109375,9.67,105.84534454345705,9.67,40.01203155517578,9.67,84.54572296142578,9.67,57.43618392944336
9.68,34.73792266845703,9.68,105.80607604980467,9.68,39.43220520019531,9.679999999999998,84.57176971435547,9.68,57.49853897094727
9.69,34.211299896240234,9.69,105.75641632080078,9.69,38.88950729370117,9.69,84.56929016113281,9.69,57.47541046142578
9.7,33.68235778808594,9.7,105.7199478149414,9.7,38.41782379150391,9.7,84.56072998046875,9.7,57.3802375793457
9.710000000000004,33.174957275390625,9.71,105.71605682373048,9.71,38.00114822387695,9.71,84.57701873779297,9.710000000000004,57.22286224365234
9.72,32.70629119873047,9.72,105.7841796875,9.72,37.6223030090332,9.72,84.61290740966797,9.72,57.07331848144531
9.730000000000002,32.29135513305664,9.730000000000002,105.82609558105467,9.73,37.27950668334961,9.73,84.68323516845703,9.730000000000002,57.03767013549805
9.74,31.94609832763672,9.74,105.86377716064452,9.74,36.97893524169922,9.74,84.77947998046875,9.74,57.2299690246582
9.750000000000002,31.671831130981445,9.750000000000002,105.8898696899414,9.749999999999998,36.719825744628906,9.749999999999998,84.89035034179688,9.750000000000002,57.50765609741211
9.76,31.420658111572266,9.76,105.88882446289062,9.76,36.492706298828125,9.76,84.99506378173828,9.76,57.8135871887207
9.77,31.207067489624023,9.77,105.8570556640625,9.77,36.31550216674805,9.77,85.05342102050781,9.77,58.08363723754883
9.78,31.05963516235352,9.78,105.80504608154295,9.78,36.20086288452149,9.78,85.04312133789062,9.78,58.256832122802734
9.79,30.94859313964844,9.79,105.7742691040039,9.79,36.176082611083984,9.79,84.98870086669922,9.79,58.34868240356445
9.800000000000002,30.859277725219727,9.8,105.75938415527344,9.8,36.223392486572266,9.8,84.92927551269531,9.800000000000002,58.4468002319336
9.81,30.791358947753903,9.81,105.76236724853516,9.81,36.297489166259766,9.81,84.89765167236328,9.81,58.5611572265625
9.820000000000002,30.756668090820312,9.820000000000002,105.77194213867188,9.82,36.35184097290039,9.82,84.90499877929688,9.820000000000002,58.66677474975586
9.83,30.77015686035156,9.83,105.77615356445312,9.83,36.38856887817383,9.83,84.9284896850586,9.83,58.75718307495117
9.840000000000002,30.815797805786133,9.840000000000002,105.7771453857422,9.839999999999998,36.42599487304688,9.839999999999998,84.95525360107422,9.840000000000002,58.84867477416992
9.85,30.83721351623535,9.85,105.7805633544922,9.85,36.47444915771485,9.85,84.98624420166016,9.85,58.94945526123047
9.86,30.866682052612305,9.86,105.78712463378906,9.86,36.52618789672852,9.86,85.00297546386719,9.86,59.06774520874024
9.870000000000005,30.91050148010254,9.87,105.80242919921876,9.87,36.57779693603516,9.87,85.00383758544922,9.870000000000005,59.22761917114258
9.88,30.97724151611328,9.88,105.82156372070312,9.88,36.64979553222656,9.88,84.99610900878906,9.88,59.42367935180664
9.890000000000002,31.066125869750977,9.89,105.8374481201172,9.89,36.72407913208008,9.89,84.97431182861328,9.890000000000002,59.6572380065918
9.9,31.155336380004883,9.9,105.84498596191406,9.9,36.8132438659668,9.9,84.9162368774414,9.9,59.87070846557617
9.910000000000002,31.26112937927246,9.910000000000002,105.85295104980467,9.909999999999998,36.902252197265625,9.909999999999998,84.82022094726562,9.910000000000002,60.02798080444336
9.92,31.367095947265625,9.92,105.85620880126952,9.92,36.980751037597656,9.92,84.7032699584961,9.92,60.1175651550293
9.93,31.473642349243164,9.93,105.87761688232422,9.93,37.053504943847656,9.929999999999998,84.57893371582031,9.93,60.1655502319336
9.94,31.543481826782227,9.94,105.9039535522461,9.94,37.12303924560547,9.94,84.46843719482422,9.94,60.188846588134766
9.95,31.582942962646484,9.95,105.9301300048828,9.95,37.18070602416992,9.95,84.35685729980469,9.95,60.24767303466797
9.960000000000004,31.60877227783203,9.96,105.9485321044922,9.96,37.2000617980957,9.96,84.24156951904297,9.960000000000004,60.36988830566406
9.97,31.626235961914062,9.97,105.9675750732422,9.97,37.17559051513672,9.97,84.1211929321289,9.97,60.55927658081055
9.980000000000002,31.63501739501953,9.980000000000002,106.00578308105467,9.98,37.10240173339844,9.98,84.00371551513672,9.980000000000002,60.81882095336914
9.99,31.62834358215332,9.99,106.02862548828124,9.99,36.9961166381836,9.99,83.88533782958984,9.99,61.12421417236328
10.000000000000002,31.5803337097168,10.000000000000002,106.06307983398438,9.999999999999998,36.872257232666016,9.999999999999998,83.75639343261719,10.000000000000002,61.35930252075195
10.01,31.49640846252441,10.01,106.12474822998048,10.01,36.75749969482422,10.01,83.6379623413086,10.01,61.508548736572266
10.02,31.37161636352539,10.02,106.19214630126952,10.02,36.638328552246094,10.02,83.5512466430664,10.02,61.5943489074707
10.03,31.20050811767578,10.03,106.24664306640624,10.03,36.489990234375,10.03,83.48119354248047,10.03,61.66279983520508
10.04,31.00965118408203,10.04,106.27330017089844,10.04,36.31482696533203,10.04,83.43001556396484,10.04,61.78847122192383
10.050000000000002,30.825571060180664,10.05,106.27669525146484,10.05,36.12179183959961,10.05,83.38482666015625,10.050000000000002,61.94157409667969
10.06,30.653583526611328,10.06,106.28192138671876,10.06,35.91176986694336,10.06,83.3427505493164,10.06,62.06752395629883
10.070000000000002,30.478883743286133,10.070000000000002,106.30751037597656,10.07,35.65908432006836,10.07,83.31307983398438,10.070000000000002,62.16411590576172
10.08,30.300500869750977,10.08,106.34571838378906,10.08,35.38066864013672,10.08,83.29377746582031,10.08,62.25971984863281
10.090000000000002,30.1087703704834,10.090000000000002,106.36570739746094,10.089999999999998,35.10506820678711,10.089999999999998,83.27820587158203,10.090000000000002,62.319366455078125
10.1,29.892772674560547,10.1,106.35879516601562,10.1,34.85001373291016,10.1,83.264404296875,10.1,62.33618927001953
10.11,29.649364471435547,10.11,106.33344268798828,10.11,34.606468200683594,10.11,83.2474594116211,10.11,62.28376007080078
10.120000000000005,29.3881778717041,10.12,106.2961883544922,10.12,34.35929107666016,10.12,83.23793029785156,10.120000000000005,62.14016342163086
10.13,29.11769676208496,10.13,106.25130462646484,10.13,34.109188079833984,10.13,83.23565673828125,10.13,61.96928024291992
10.140000000000002,28.83358383178711,10.14,106.19200134277344,10.14,33.856929779052734,10.14,83.24090576171875,10.140000000000002,61.751075744628906
10.15,28.55033493041992,10.15,106.10948944091795,10.15,33.58045959472656,10.15,83.25183868408203,10.15,61.522708892822266
10.160000000000002,28.25374221801757,10.160000000000002,106.03374481201172,10.159999999999998,33.267059326171875,10.159999999999998,83.26716613769531,10.160000000000002,61.34107971191406
10.17,27.945587158203125,10.17,105.95726776123048,10.17,32.932186126708984,10.17,83.28767395019531,10.17,61.25883483886719
10.18,27.636505126953125,10.18,105.8633804321289,10.18,32.597904205322266,10.179999999999998,83.30846405029297,10.18,61.2960205078125
10.19,27.33795547485352,10.19,105.75910949707033,10.19,32.27939224243164,10.19,83.32958984375,10.19,61.42985153198242
10.2,27.05008125305176,10.2,105.65563201904295,10.2,31.97926139831543,10.2,83.3527603149414,10.2,61.53505706787109
10.210000000000004,26.750577926635746,10.21,105.54586791992188,10.21,31.691150665283203,10.21,83.37859344482422,10.210000000000004,61.54444122314453
10.22,26.44059562683105,10.22,105.43405151367188,10.22,31.40704917907715,10.22,83.4035415649414,10.22,61.4463996887207
10.230000000000002,26.123188018798828,10.230000000000002,105.31587982177734,10.23,31.107460021972656,10.23,83.42938232421875,10.230000000000002,61.30620193481445
10.24,25.800567626953125,10.24,105.18661499023438,10.24,30.793127059936523,10.24,83.45524597167969,10.24,61.20417404174805
10.250000000000002,25.47233390808105,10.250000000000002,105.04501342773438,10.249999999999998,30.46847152709961,10.249999999999998,83.4812240600586,10.250000000000002,61.16789245605469
10.26,25.13611602783203,10.26,104.8954086303711,10.26,30.13528060913086,10.26,83.50544738769531,10.26,61.199256896972656
10.27,24.80695343017578,10.27,104.75042724609376,10.27,29.80413246154785,10.27,83.52899169921875,10.27,61.28046798706055
10.28,24.48683738708496,10.28,104.60708618164062,10.28,29.47145271301269,10.28,83.55413055419922,10.28,61.37530517578125
10.29,24.15805625915528,10.29,104.45885467529295,10.29,29.143028259277344,10.29,83.58425903320312,10.29,61.42794418334961
10.300000000000002,23.8303279876709,10.3,104.29678344726562,10.3,28.81550025939941,10.3,83.61832427978516,10.300000000000002,61.42672729492188
10.31,23.508544921875,10.31,104.13095092773438,10.31,28.49184799194336,10.31,83.65042114257812,10.31,61.39220428466797
10.320000000000002,23.189048767089844,10.320000000000002,103.96894073486328,10.32,28.19596099853516,10.32,83.68614196777344,10.320000000000002,61.36846923828125
10.33,22.86567497253418,10.33,103.80108642578124,10.33,27.91702079772949,10.33,83.72267150878906,10.33,61.39640808105469
10.340000000000002,22.5400619506836,10.340000000000002,103.62901306152344,10.339999999999998,27.640390396118164,10.339999999999998,83.7540512084961,10.340000000000002,61.52693557739258
10.35,22.220420837402344,10.35,103.45954895019533,10.35,27.33883476257324,10.35,83.7802505493164,10.35,61.77241134643555
10.36,21.903175354003903,10.36,103.28472137451172,10.36,27.017457962036133,10.36,83.80233764648438,10.36,62.10330581665039
10.370000000000005,21.568449020385746,10.37,103.11483764648438,10.37,26.690807342529297,10.37,83.81925201416016,10.370000000000005,62.44857406616211
10.38,21.21285629272461,10.38,102.9529266357422,10.38,26.35919189453125,10.38,83.83885192871094,10.38,62.75912094116211
10.390000000000002,20.848228454589844,10.39,102.7908935546875,10.39,26.02082633972168,10.39,83.86376190185547,10.390000000000002,63.02083969116211
10.4,20.480283737182617,10.4,102.62311553955078,10.4,25.674793243408203,10.4,83.89392852783203,10.4,63.28261566162109
10.410000000000002,20.10134506225586,10.410000000000002,102.45451354980467,10.409999999999998,25.32857322692871,10.409999999999998,83.9202651977539,10.410000000000002,63.59318161010742
10.42,19.71627426147461,10.42,102.29242706298828,10.42,24.97260093688965,10.42,83.94442749023438,10.42,63.96374130249024
10.43,19.335281372070312,10.43,102.13286590576172,10.43,24.60305976867676,10.429999999999998,83.96380615234375,10.43,64.3864517211914
10.44,18.959611892700195,10.44,101.97711944580078,10.44,24.21660804748535,10.44,83.97825622558594,10.44,64.82337188720703
10.45,18.58526039123535,10.45,101.82980346679688,10.45,23.823415756225582,10.45,83.98739624023438,10.45,65.2518081665039
10.460000000000004,18.211706161499023,10.46,101.69386291503906,10.46,23.42226219177246,10.46,83.99408721923828,10.460000000000004,65.66354370117188
10.47,17.845962524414062,10.47,101.55989837646484,10.47,23.00665855407715,10.47,84.00067138671875,10.47,66.0464859008789
10.480000000000002,17.482851028442383,10.480000000000002,101.4258804321289,10.48,22.581439971923828,10.48,84.0084228515625,10.480000000000002,66.39649200439453
10.49,17.122230529785156,10.49,101.2841567993164,10.49,22.161346435546875,10.49,84.01905059814453,10.49,66.76911926269531
10.500000000000002,16.775806427001953,10.500000000000002,101.13927459716795,10.499999999999998,21.73731231689453,10.499999999999998,84.02753448486328,10.500000000000002,67.19866180419922
10.51,16.431486129760742,10.51,101.00489807128906,10.51,21.321332931518555,10.51,84.03617095947266,10.51,67.67286682128906
10.52,16.083826065063477,10.52,100.8830108642578,10.52,20.91864967346192,10.52,84.04351043701172,10.52,68.17341613769531
10.53,15.7332763671875,10.53,100.77206420898438,10.53,20.52525520324707,10.53,84.04569244384766,10.53,68.69536590576172
10.54,15.378477096557615,10.54,100.6668930053711,10.54,20.13550567626953,10.54,84.03951263427734,10.54,69.24278259277344
10.550000000000002,15.015965461730955,10.55,100.55974578857422,10.55,19.75466537475586,10.55,84.0213623046875,10.550000000000002,69.78240966796875
10.56,14.64864444732666,10.56,100.45362854003906,10.56,19.37247467041016,10.56,83.99272918701172,10.56,70.31177520751953
10.570000000000002,14.28623104095459,10.570000000000002,100.3413543701172,10.57,18.9844913482666,10.57,83.95289611816406,10.570000000000002,70.8211669921875
10.58,13.955547332763672,10.58,100.24517059326172,10.58,18.59300422668457,10.58,83.9032974243164,10.58,71.30795288085938
10.590000000000002,13.651350021362305,10.590000000000002,100.18572235107422,10.589999999999998,18.22099494934082,10.589999999999998,83.8555908203125,10.590000000000002,71.77418518066406
10.6,13.360642433166504,10.6,100.1518325805664,10.6,17.892621994018555,10.6,83.82076263427734,10.6,72.23344421386719
10.61,13.065505027770996,10.61,100.12393951416016,10.61,17.626359939575195,10.61,83.80039978027344,10.61,72.72135162353516
10.620000000000005,12.78704071044922,10.62,100.0862274169922,10.62,17.394628524780273,10.62,83.78339385986328,10.620000000000005,73.25521087646484
10.63,12.532584190368652,10.63,100.03812408447266,10.63,17.171630859375,10.63,83.76850128173828,10.63,73.80447387695312
10.640000000000002,12.302427291870115,10.64,99.98595428466795,10.64,16.941707611083984,10.64,83.75537109375,10.640000000000002,74.33021545410156
10.65,12.11627197265625,10.65,99.917724609375,10.65,16.701616287231445,10.65,83.73698425292969,10.65,74.79800415039062
10.660000000000002,11.959922790527344,10.660000000000002,99.83868408203124,10.659999999999998,16.487714767456055,10.659999999999998,83.70455932617188,10.660000000000002,75.2034912109375
10.67,11.811870574951172,10.67,99.77099609375,10.67,16.290634155273438,10.67,83.66307067871094,10.67,75.58181762695312
10.68,11.695134162902832,10.68,99.72677612304688,10.68,16.10223960876465,10.679999999999998,83.62104034423828,10.68,75.94719696044922
10.69,11.595712661743164,10.69,99.70880889892578,10.69,15.918148040771484,10.69,83.58030700683594,10.69,76.3272705078125
10.7,11.49372100830078,10.7,99.70703125,10.7,15.731311798095703,10.7,83.54012298583984,10.7,76.74773406982422
10.710000000000004,11.393445014953612,10.71,99.71328735351562,10.71,15.531098365783691,10.71,83.50314331054688,10.710000000000004,77.19884490966797
10.72,11.299030303955078,10.72,99.71334075927734,10.72,15.315982818603516,10.72,83.47089385986328,10.72,77.6402816772461
10.730000000000002,11.203152656555176,10.730000000000002,99.70752716064452,10.73,15.101544380187988,10.73,83.44415283203125,10.730000000000002,78.05046844482422
10.74,11.104716300964355,10.74,99.7020263671875,10.74,14.90293788909912,10.74,83.42280578613281,10.74,78.43412017822266
10.750000000000002,11.006168365478516,10.750000000000002,99.6966781616211,10.749999999999998,14.7362060546875,10.749999999999998,83.40343475341797,10.750000000000002,78.81278991699219
10.76,10.901917457580566,10.76,99.6933364868164,10.76,14.57798957824707,10.76,83.38224792480469,10.76,79.15917205810547
10.77,10.810246467590332,10.77,99.69529724121094,10.77,14.416098594665527,10.77,83.36226654052734,10.77,79.46031188964844
10.78,10.727856636047363,10.78,99.69529724121094,10.78,14.262675285339355,10.78,83.34427642822266,10.78,79.72969818115234
10.79,10.646010398864746,10.79,99.69661712646484,10.79,14.111438751220703,10.79,83.327880859375,10.79,80.0035400390625
10.800000000000002,10.569887161254885,10.8,99.69847869873048,10.8,13.97158908843994,10.8,83.3165054321289,10.800000000000002,80.33187866210938
10.81,10.506420135498049,10.81,99.70339965820312,10.81,13.840536117553713,10.81,83.3052749633789,10.81,80.75376892089844
10.820000000000002,10.448288917541504,10.820000000000002,99.71832275390624,10.82,13.711798667907717,10.82,83.293212890625,10.820000000000002,81.21871185302734
10.83,10.379701614379885,10.83,99.7393035888672,10.83,13.605253219604492,10.83,83.28389739990234,10.83,81.6893310546875
10.840000000000002,10.290766716003418,10.840000000000002,99.7629623413086,10.839999999999998,13.529924392700195,10.839999999999998,83.26909637451172,10.840000000000002,82.12777709960938
10.85,10.203659057617188,10.85,99.7855453491211,10.85,13.471991539001465,10.85,83.25761413574219,10.85,82.49742889404297
10.86,10.117693901062012,10.86,99.80828857421876,10.86,13.412038803100586,10.86,83.2460708618164,10.86,82.78251647949219
10.870000000000005,10.032899856567385,10.87,99.83082580566406,10.87,13.345870018005373,10.87,83.23711395263672,10.870000000000005,83.00716400146484
10.88,9.963655471801758,10.88,99.85196685791016,10.88,13.296229362487791,10.88,83.22306823730469,10.88,83.20978546142578
10.890000000000002,9.924566268920898,10.89,99.8607406616211,10.89,13.274984359741213,10.89,83.20925903320312,10.890000000000002,83.43639373779297
10.9,9.90963363647461,10.9,99.86736297607422,10.9,13.282483100891112,10.9,83.1968765258789,10.9,83.71468353271484
10.910000000000002,9.906085014343262,10.910000000000002,99.8864517211914,10.909999999999998,13.3106689453125,10.909999999999998,83.18714141845703,10.910000000000002,84.05293273925781
10.92,9.898079872131348,10.92,99.91768646240234,10.92,13.33559226989746,10.92,83.1758041381836,10.92,84.44091796875
10.93,9.87833023071289,10.93,99.95809173583984,10.93,13.356423377990724,10.929999999999998,83.16844940185547,10.93,84.82047271728516
10.94,9.85525608062744,10.94,99.99974822998048,10.94,13.374053001403809,10.94,83.1636734008789,10.94,85.1213607788086
10.95,9.832353591918944,10.95,100.039794921875,10.95,13.382137298583984,10.95,83.1603775024414,10.95,85.33673095703125
10.960000000000004,9.797463417053224,10.96,100.07705688476562,10.96,13.360427856445312,10.96,83.15843200683594,10.960000000000004,85.50603485107422
10.97,9.746733665466309,10.97,100.11453247070312,10.97,13.315861701965332,10.97,83.15518188476562,10.97,85.68453216552734
10.980000000000002,9.685269355773926,10.980000000000002,100.14397430419922,10.98,13.257183074951172,10.98,83.15067291259766,10.980000000000002,85.87699127197266
10.99,9.624777793884276,10.99,100.16851043701172,10.99,13.199750900268556,10.99,83.14607238769531,10.99,86.0679931640625
11.000000000000002,9.57331085205078,11.000000000000002,100.19744873046876,10.999999999999998,13.155574798583984,10.999999999999998,83.1384048461914,11.000000000000002,86.28770446777344
11.01,9.53071117401123,11.01,100.22517395019533,11.01,13.131590843200684,11.01,83.12792205810547,11.01,86.53791046142578
11.02,9.522748947143556,11.02,100.24781799316406,11.02,13.121228218078612,11.02,83.11590576171875,11.02,86.8071060180664
11.03,9.558611869812012,11.03,100.26923370361328,11.03,13.123343467712402,11.03,83.10340881347656,11.03,87.08222198486328
11.04,9.616456031799316,11.04,100.28897094726562,11.04,13.14699935913086,11.04,83.09349822998047,11.04,87.3438491821289
11.050000000000002,9.65809154510498,11.05,100.30611419677734,11.05,13.190265655517578,11.05,83.08612060546875,11.050000000000002,87.56352996826172
11.06,9.67505931854248,11.06,100.31856536865234,11.06,13.255861282348633,11.06,83.08392333984375,11.06,87.72850036621094
11.070000000000002,9.686569213867188,11.070000000000002,100.31654357910156,11.07,13.333654403686523,11.07,83.08065795898438,11.070000000000002,87.85379791259766
11.08,9.703288078308104,11.08,100.3042449951172,11.08,13.411121368408203,11.08,83.07646179199219,11.08,87.95250701904297
11.090000000000002,9.720606803894045,11.090000000000002,100.28406524658205,11.089999999999998,13.47603988647461,11.089999999999998,83.07698059082031,11.090000000000002,88.03327941894531
11.1,9.725637435913086,11.1,100.26156616210938,11.1,13.520007133483888,11.1,83.07616424560547,11.1,88.10983276367188
11.11,9.718019485473633,11.11,100.25180053710938,11.11,13.543167114257812,11.11,83.07521057128906,11.11,88.23041534423828
11.120000000000005,9.700990676879885,11.12,100.2514419555664,11.12,13.545217514038086,11.12,83.07194519042969,11.120000000000005,88.39192962646484
11.13,9.680916786193848,11.13,100.2557373046875,11.13,13.536055564880373,11.13,83.06897735595703,11.13,88.5802230834961
11.140000000000002,9.669358253479004,11.14,100.25638580322266,11.14,13.522860527038574,11.14,83.0628890991211,11.140000000000002,88.76787567138672
11.15,9.66434097290039,11.15,100.25199127197266,11.15,13.502154350280762,11.15,83.06329345703125,11.15,88.92408752441406
11.160000000000002,9.654569625854492,11.160000000000002,100.24353790283205,11.159999999999998,13.469863891601562,11.159999999999998,83.06634521484375,11.160000000000002,89.0485610961914
11.17,9.634074211120604,11.17,100.23048400878906,11.17,13.423297882080078,11.17,83.06909942626953,11.17,89.16314697265625
11.18,9.593450546264648,11.18,100.20814514160156,11.18,13.370916366577148,11.179999999999998,83.0726089477539,11.18,89.2849349975586
11.19,9.547903060913086,11.19,100.17959594726562,11.19,13.321457862854004,11.19,83.07365417480469,11.19,89.41077423095703
11.2,9.507412910461426,11.2,100.14802551269533,11.2,13.282800674438477,11.2,83.07552337646484,11.2,89.53663635253906
11.210000000000004,9.478375434875488,11.21,100.12237548828124,11.21,13.25727653503418,11.21,83.07628631591797,11.210000000000004,89.66493225097656
11.22,9.462274551391602,11.22,100.10266876220705,11.22,13.247105598449709,11.22,83.07545471191406,11.22,89.7811279296875
11.230000000000002,9.447306632995604,11.230000000000002,100.08682250976562,11.23,13.239988327026367,11.23,83.07576751708984,11.230000000000002,89.8704833984375
11.24,9.430374145507812,11.24,100.06842041015624,11.24,13.230216979980469,11.24,83.07372283935547,11.24,89.94403076171875
11.250000000000002,9.405290603637695,11.250000000000002,100.04777526855467,11.249999999999998,13.211137771606444,11.249999999999998,83.07001495361328,11.250000000000002,90.01644897460938
11.26,9.38313102722168,11.26,100.02506256103516,11.26,13.18667984008789,11.26,83.07009887695312,11.26,90.09569549560548
11.27,9.374399185180664,11.27,100.0004425048828,11.27,13.169149398803713,11.27,83.06884002685547,11.27,90.18352508544922
11.28,9.364173889160156,11.28,99.97396087646484,11.28,13.14870262145996,11.28,83.0665054321289,11.28,90.28327941894533
11.29,9.346274375915527,11.29,99.9499282836914,11.29,13.12625217437744,11.29,83.06578063964844,11.29,90.38795471191406
11.300000000000002,9.326690673828123,11.3,99.9251937866211,11.3,13.104734420776367,11.3,83.0635986328125,11.300000000000002,90.48719024658205
11.31,9.306331634521484,11.31,99.90885925292967,11.31,13.090669631958008,11.31,83.05953979492188,11.31,90.56256866455078
11.320000000000002,9.282186508178713,11.320000000000002,99.89830017089844,11.32,13.079404830932615,11.32,83.05697631835938,11.320000000000002,90.61421966552734
11.33,9.267629623413086,11.33,99.89157104492188,11.33,13.075090408325195,11.33,83.05392456054688,11.33,90.66123962402344
11.340000000000002,9.253174781799316,11.340000000000002,99.88517761230467,11.339999999999998,13.07553768157959,11.339999999999998,83.0512924194336,11.340000000000002,90.71281433105467
11.35,9.246159553527832,11.35,99.88085174560548,11.35,13.074164390563965,11.35,83.04876708984375,11.35,90.76653289794922
11.36,9.246195793151855,11.36,99.87987518310548,11.36,13.07436466217041,11.36,83.0487060546875,11.36,90.8160171508789
11.370000000000005,9.240687370300291,11.37,99.8814468383789,11.37,13.077890396118164,11.37,83.04824829101562,11.370000000000005,90.85319519042967
11.38,9.229247093200684,11.38,99.88375854492188,11.38,13.089740753173828,11.38,83.04800415039062,11.38,90.87672424316406
11.390000000000002,9.21587371826172,11.39,99.8882293701172,11.39,13.096166610717772,11.39,83.0458755493164,11.390000000000002,90.88916778564452
11.4,9.197879791259766,11.4,99.8907241821289,11.4,13.105056762695312,11.4,83.0467300415039,11.4,90.90147399902344
11.410000000000002,9.190595626831056,11.410000000000002,99.89556884765624,11.409999999999998,13.122000694274902,11.409999999999998,83.04378509521484,11.410000000000002,90.94924926757812
11.42,9.191044807434082,11.42,99.90882110595705,11.42,13.141790390014648,11.42,83.04281616210938,11.42,90.99703979492188
11.43,9.190555572509766,11.43,99.93040466308594,11.43,13.15279769897461,11.429999999999998,83.0404281616211,11.43,91.01753997802734
11.44,9.196477890014648,11.44,99.94805908203124,11.44,13.15452480316162,11.44,83.03577423095703,11.44,91.02618408203124
11.45,9.217217445373535,11.45,99.96238708496094,11.45,13.15391731262207,11.45,83.03129577636719,11.45,91.04598236083984
11.460000000000004,9.241867065429688,11.46,99.9745864868164,11.46,13.154789924621582,11.46,83.03044128417969,11.460000000000004,91.07209014892578
11.47,9.258402824401855,11.47,99.98607635498048,11.47,13.16092300415039,11.47,83.03082275390625,11.47,91.0959243774414
11.480000000000002,9.26658535003662,11.480000000000002,99.99322509765624,11.48,13.169473648071287,11.48,83.03128814697266,11.480000000000002,91.1089324951172
11.49,9.272951126098633,11.49,99.99475860595705,11.49,13.175111770629885,11.49,83.03116607666016,11.49,91.1103286743164
11.500000000000002,9.28157901763916,11.500000000000002,100.00167083740234,11.499999999999998,13.172210693359377,11.499999999999998,83.03118133544922,11.500000000000002,91.1098861694336
11.51,9.28309440612793,11.51,100.01653289794922,11.51,13.167654991149902,11.51,83.02947998046875,11.51,91.11861419677734
11.52,9.276473999023438,11.52,100.03160858154295,11.52,13.170662879943848,11.52,83.0247802734375,11.52,91.12462615966795
11.53,9.263931274414062,11.53,100.04814910888672,11.53,13.18436336517334,11.53,83.02482604980469,11.53,91.12059783935548
11.54,9.257224082946776,11.54,100.06193542480467,11.54,13.207942008972168,11.54,83.02570343017578,11.54,91.11071014404295
11.550000000000002,9.24882984161377,11.55,100.07476806640624,11.55,13.234169960021973,11.55,83.02745819091797,11.550000000000002,91.0923843383789
11.56,9.237982749938965,11.56,100.09039306640624,11.56,13.258829116821287,11.56,83.0276107788086,11.56,91.06359100341795
11.570000000000002,9.229450225830078,11.570000000000002,100.10904693603516,11.57,13.282526969909668,11.57,83.02879333496094,11.570000000000002,91.0376434326172
11.58,9.224745750427246,11.58,100.12552642822266,11.58,13.311281204223633,11.58,83.0294418334961,11.58,91.02378845214844
11.590000000000002,9.221793174743652,11.590000000000002,100.1397705078125,11.589999999999998,13.342434883117676,11.589999999999998,83.02881622314453,11.590000000000002,91.02883911132812
11.6,9.20981502532959,11.6,100.15544891357422,11.6,13.375937461853027,11.6,83.03011322021484,11.6,91.05181884765624
11.61,9.213336944580078,11.61,100.1708984375,11.61,13.394959449768066,11.61,83.0313491821289,11.61,91.06712341308594
11.620000000000005,9.219940185546877,11.62,100.19293212890624,11.62,13.39852523803711,11.62,83.0309829711914,11.620000000000005,91.05316925048828
11.63,9.22864818572998,11.63,100.21090698242188,11.63,13.396137237548828,11.63,83.03201293945312,11.63,91.01817321777344
11.640000000000002,9.240224838256836,11.64,100.23165893554688,11.64,13.388096809387209,11.64,83.0328140258789,11.640000000000002,90.97396850585938
11.65,9.255403518676758,11.65,100.24870300292967,11.65,13.37647819519043,11.65,83.03298950195312,11.65,90.9238739013672
11.660000000000002,9.270687103271484,11.660000000000002,100.261962890625,11.659999999999998,13.363834381103516,11.659999999999998,83.03395080566406,11.660000000000002,90.87554931640624
11.67,9.28822898864746,11.67,100.27311706542967,11.67,13.352300643920898,11.67,83.03411102294922,11.67,90.8468246459961
11.68,9.30759334564209,11.68,100.2796630859375,11.68,13.34167194366455,11.679999999999998,83.03363800048828,11.68,90.8520736694336
11.69,9.336523056030272,11.69,100.2914810180664,11.69,13.332521438598633,11.69,83.0336685180664,11.69,90.89318084716795
11.7,9.344679832458496,11.7,100.30706787109376,11.7,13.333189964294434,11.7,83.03356170654297,11.7,90.93536376953124
11.710000000000004,9.35055160522461,11.71,100.3376235961914,11.71,13.34165859222412,11.71,83.03032684326172,11.710000000000004,90.96209716796876
11.72,9.35801601409912,11.72,100.35415649414062,11.72,13.351693153381348,11.72,83.03084564208984,11.72,90.96633911132812
11.730000000000002,9.356914520263672,11.730000000000002,100.36614227294922,11.73,13.361324310302734,11.73,83.03489685058594,11.730000000000002,90.94577026367188
11.74,9.353994369506836,11.74,100.37445068359376,11.74,13.372577667236328,11.74,83.03665924072266,11.74,90.89896392822266
11.750000000000002,9.35234832763672,11.750000000000002,100.38209533691406,11.749999999999998,13.382513046264648,11.749999999999998,83.0394287109375,11.750000000000002,90.84141540527344
11.76,9.355113983154297,11.76,100.39485931396484,11.76,13.393900871276855,11.76,83.04227447509766,11.76,90.7946319580078
11.77,9.35800838470459,11.77,100.40666961669922,11.77,13.402908325195312,11.77,83.04493713378906,11.77,90.768310546875
11.78,9.360612869262695,11.78,100.41653442382812,11.78,13.40607452392578,11.78,83.04769897460938,11.78,90.760009765625
11.79,9.363779067993164,11.79,100.42611694335938,11.79,13.405418395996094,11.79,83.04903411865234,11.79,90.7608413696289
11.800000000000002,9.362682342529297,11.8,100.43146514892578,11.8,13.40553379058838,11.8,83.04947662353516,11.800000000000002,90.76116943359376
11.81,9.367191314697266,11.81,100.43743896484376,11.81,13.40822696685791,11.81,83.04949951171875,11.81,90.76709747314452
11.820000000000002,9.372411727905272,11.820000000000002,100.447509765625,11.82,13.416625022888184,11.82,83.04900360107422,11.820000000000002,90.7856903076172
11.83,9.369620323181152,11.83,100.45896911621094,11.83,13.429579734802246,11.83,83.0505142211914,11.83,90.80545806884766
11.840000000000002,9.361297607421877,11.840000000000002,100.46461486816406,11.839999999999998,13.447602272033691,11.839999999999998,83.05014038085938,11.840000000000002,90.79986572265624
11.85,9.35518741607666,11.85,100.4710464477539,11.85,13.46409034729004,11.85,83.05209350585938,11.85,90.7739715576172
11.86,9.352641105651855,11.86,100.47726440429688,11.86,13.477005004882812,11.86,83.05339050292969,11.86,90.743408203125
11.870000000000005,9.357912063598633,11.87,100.4762191772461,11.87,13.494380950927734,11.87,83.05549621582031,11.870000000000005,90.7117156982422
11.88,9.373263359069824,11.88,100.47228240966795,11.88,13.51435375213623,11.88,83.05796813964844,11.88,90.67346954345705
11.890000000000002,9.399368286132812,11.89,100.46540069580078,11.89,13.532977104187012,11.89,83.05946350097656,11.890000000000002,90.64323425292967
11.9,9.424901962280272,11.9,100.46350860595705,11.9,13.543092727661133,11.9,83.06157684326172,11.9,90.6428680419922
11.910000000000002,9.447967529296877,11.910000000000002,100.47291564941406,11.909999999999998,13.547924041748049,11.909999999999998,83.06510162353516,11.910000000000002,90.6584701538086
11.92,9.471261024475098,11.92,100.48635864257812,11.92,13.55104637145996,11.92,83.06958770751953,11.92,90.65959930419922
11.93,9.497292518615724,11.93,100.5023956298828,11.93,13.543378829956056,11.929999999999998,83.07242584228516,11.93,90.63744354248048
11.94,9.51949405670166,11.94,100.51702117919922,11.94,13.533230781555176,11.94,83.07463836669922,11.94,90.58194732666016
11.95,9.53381061553955,11.95,100.5265655517578,11.95,13.526103973388672,11.95,83.07694244384766,11.95,90.50262451171876
11.960000000000004,9.550716400146484,11.96,100.52777099609376,11.96,13.523539543151855,11.96,83.08081817626953,11.960000000000004,90.41110229492188
11.97,9.57948112487793,11.97,100.52091979980467,11.97,13.526087760925291,11.97,83.08558654785156,11.97,90.3236312866211
11.980000000000002,9.612194061279297,11.980000000000002,100.50907135009766,11.98,13.530957221984863,11.98,83.09062194824219,11.980000000000002,90.26183319091795
11.99,9.646501541137695,11.99,100.49630737304688,11.99,13.52857494354248,11.99,83.09739685058594,11.99,90.23246002197266
12.000000000000002,9.68081283569336,12.000000000000002,100.48617553710938,11.999999999999998,13.521737098693848,11.999999999999998,83.10305786132812,12.000000000000002,90.23271942138672
12.01,9.710460662841797,12.01,100.4775848388672,12.01,13.508977890014648,12.01,83.10862731933594,12.01,90.22315979003906
12.02,9.729634284973145,12.02,100.47024536132812,12.02,13.497986793518066,12.02,83.11385345458984,12.02,90.18878173828124
12.03,9.741387367248535,12.03,100.46940612792967,12.03,13.488597869873049,12.03,83.12059020996094,12.03,90.11602020263672
12.04,9.753398895263672,12.04,100.45901489257812,12.04,13.476417541503906,12.04,83.12776947021484,12.04,89.99720764160156
12.050000000000002,9.765792846679688,12.05,100.44754028320312,12.05,13.46009349822998,12.05,83.13423919677734,12.050000000000002,89.85541534423828
12.06,9.772956848144531,12.06,100.4462432861328,12.06,13.451263427734377,12.06,83.13997650146484,12.06,89.70490264892578
12.070000000000002,9.774287223815918,12.070000000000002,100.45067596435548,12.07,13.45778751373291,12.07,83.14507293701172,12.070000000000002,89.55980682373047
12.08,9.783367156982422,12.08,100.45127868652344,12.08,13.475692749023438,12.08,83.15221405029297,12.08,89.43265533447266
12.090000000000002,9.798473358154297,12.090000000000002,100.44949340820312,12.089999999999998,13.50206184387207,12.089999999999998,83.1607437133789,12.090000000000002,89.32830047607422
12.1,9.820116996765137,12.1,100.44391632080078,12.1,13.514299392700195,12.1,83.17008209228516,12.1,89.23426818847656
12.11,9.847752571105955,12.11,100.42108917236328,12.11,13.50953197479248,12.11,83.1790771484375,12.11,89.13045501708984
12.120000000000005,9.8753023147583,12.12,100.39413452148438,12.12,13.500067710876465,12.12,83.18608093261719,12.120000000000005,88.99822998046875
12.13,9.89613914489746,12.13,100.38213348388672,12.13,13.491521835327148,12.13,83.1927719116211,12.13,88.83164978027344
12.140000000000002,9.912834167480469,12.14,100.37691497802734,12.14,13.491998672485352,12.14,83.19613647460938,12.140000000000002,88.65799713134766
12.15,9.932198524475098,12.15,100.3697509765625,12.15,13.512296676635742,12.15,83.20100402832031,12.15,88.49282836914062
12.160000000000002,9.960213661193848,12.160000000000002,100.3635711669922,12.159999999999998,13.530824661254885,12.159999999999998,83.20952606201172,12.160000000000002,88.32975769042969
12.17,9.988170623779297,12.17,100.3493194580078,12.17,13.530773162841797,12.17,83.22419738769531,12.17,88.15902709960938
12.18,10.011785507202148,12.18,100.32708740234376,12.18,13.515501976013184,12.179999999999998,83.24251556396484,12.18,87.98790740966797
12.19,10.03119659423828,12.19,100.30084228515624,12.19,13.496526718139648,12.19,83.26065826416016,12.19,87.82456970214844
12.2,10.044153213500977,12.2,100.27655792236328,12.2,13.4771728515625,12.2,83.27936553955078,12.2,87.66793823242188
12.210000000000004,10.060912132263184,12.21,100.24520874023438,12.21,13.454493522644045,12.21,83.30027770996094,12.210000000000004,87.52194213867188
12.22,10.075514793395996,12.22,100.21768951416016,12.22,13.439207077026367,12.22,83.32337951660156,12.22,87.38008880615234
12.230000000000002,10.098447799682615,12.230000000000002,100.20257568359376,12.23,13.434062004089355,12.23,83.35044860839844,12.230000000000002,87.2333984375
12.24,10.123312950134276,12.24,100.1913604736328,12.24,13.44126319885254,12.24,83.37799835205078,12.24,87.06819152832031
12.250000000000002,10.143474578857422,12.250000000000002,100.17423248291016,12.249999999999998,13.455644607543944,12.249999999999998,83.4068374633789,12.250000000000002,86.88325500488281
12.26,10.16348648071289,12.26,100.1594467163086,12.26,13.47227954864502,12.26,83.43635559082031,12.26,86.65528106689453
12.27,10.184565544128418,12.27,100.13874053955078,12.27,13.503602027893066,12.27,83.46508026123047,12.27,86.3734359741211
12.28,10.201745986938477,12.28,100.11516571044922,12.28,13.536592483520508,12.28,83.49221801757812,12.28,86.05554962158203
12.29,10.21062469482422,12.29,100.09799194335938,12.29,13.548104286193848,12.29,83.51712036132812,12.29,85.75273895263672
12.300000000000002,10.212835311889648,12.3,100.09327697753906,12.3,13.546138763427734,12.3,83.54362487792969,12.300000000000002,85.46707153320312
12.31,10.21114444732666,12.31,100.09220886230467,12.31,13.529914855957031,12.31,83.57059478759766,12.31,85.19236755371094
12.320000000000002,10.210433959960938,12.320000000000002,100.10486602783205,12.32,13.51440143585205,12.32,83.59855651855469,12.320000000000002,84.91376495361328
12.33,10.207411766052246,12.33,100.1218719482422,12.33,13.509637832641602,12.33,83.62757110595703,12.33,84.61861419677734
12.340000000000002,10.202527046203612,12.340000000000002,100.14347076416016,12.339999999999998,13.518437385559082,12.339999999999998,83.65728759765625,12.340000000000002,84.30777740478516
12.35,10.226696968078612,12.35,100.1697235107422,12.35,13.535719871520996,12.35,83.68742370605469,12.35,84.00323486328125
12.36,10.267797470092772,12.36,100.20457458496094,12.36,13.56124210357666,12.36,83.71924591064453,12.36,83.72379302978516
12.370000000000005,10.31142520904541,12.37,100.24120330810548,12.37,13.588095664978027,12.37,83.75469207763672,12.370000000000005,83.46160888671875
12.38,10.334792137145996,12.38,100.26805877685548,12.38,13.627105712890623,12.38,83.78986358642578,12.38,83.12583923339844
12.390000000000002,10.340630531311035,12.39,100.29754638671876,12.39,13.677850723266602,12.39,83.82181549072266,12.390000000000002,82.62003326416016
12.4,10.343377113342283,12.4,100.33829498291016,12.4,13.736019134521484,12.4,83.84779357910156,12.4,82.00621032714844
12.410000000000002,10.363224983215332,12.410000000000002,100.3977508544922,12.409999999999998,13.809126853942873,12.409999999999998,83.86715698242188,12.410000000000002,81.37630462646484
12.42,10.395027160644531,12.42,100.47712707519533,12.42,13.88842487335205,12.42,83.88277435302734,12.42,80.77064514160156
12.43,10.430249214172363,12.43,100.57006072998048,12.43,13.98823070526123,12.429999999999998,83.90057373046875,12.43,80.18190002441406
12.44,10.463537216186523,12.44,100.6807098388672,12.44,14.109562873840332,12.44,83.92278289794922,12.44,79.60668182373047
12.45,10.511907577514648,12.45,100.79891967773438,12.45,14.26489543914795,12.45,83.94971466064453,12.45,79.02630615234375
12.460000000000004,10.601444244384766,12.46,100.91930389404295,12.46,14.449109077453612,12.46,83.97815704345703,12.460000000000004,78.4404525756836
12.47,10.718490600585938,12.47,101.03913879394533,12.47,14.65518569946289,12.47,84.0050277709961,12.47,77.86815643310547
12.480000000000002,10.86330223083496,12.480000000000002,101.15115356445312,12.48,14.88503360748291,12.48,84.02729797363281,12.480000000000002,77.26951599121094
12.49,11.019746780395508,12.49,101.25885009765624,12.49,15.133652687072754,12.49,84.03983306884766,12.49,76.6038589477539
12.500000000000002,11.167261123657228,12.500000000000002,101.3695831298828,12.499999999999998,15.405037879943848,12.499999999999998,84.0345458984375,12.500000000000002,75.90449523925781
12.51,11.331856727600098,12.51,101.49651336669922,12.51,15.680238723754885,12.51,84.01407623291016,12.51,75.19397735595703
12.52,11.576119422912598,12.52,101.64889526367188,12.52,15.961700439453123,12.52,83.98831176757812,12.52,74.4729995727539
12.53,11.913735389709473,12.53,101.81619262695312,12.53,16.276912689208984,12.53,83.96350860595703,12.53,73.7595443725586
12.54,12.266931533813477,12.54,101.97527313232422,12.54,16.615360260009766,12.54,83.94327545166016,12.54,73.04351806640625
12.550000000000002,12.611495018005373,12.55,102.11482238769533,12.55,16.96857261657715,12.55,83.91545104980469,12.550000000000002,72.30400848388672
12.56,12.90464687347412,12.56,102.25444793701172,12.56,17.3415584564209,12.56,83.88213348388672,12.56,71.51949310302734
12.570000000000002,13.161154747009276,12.570000000000002,102.40877532958984,12.57,17.726295471191406,12.57,83.84605407714844,12.570000000000002,70.69713592529297
12.58,13.4382963180542,12.58,102.5841064453125,12.58,18.108543395996094,12.58,83.81177520751953,12.58,69.85801696777344
12.590000000000002,13.778728485107422,12.590000000000002,102.76541900634766,12.589999999999998,18.509620666503903,12.589999999999998,83.78196716308594,12.590000000000002,68.99956512451172
12.6,14.155134201049805,12.6,102.94165802001952,12.6,18.93704414367676,12.6,83.75091552734375,12.6,68.14234924316406
12.61,14.545906066894531,12.61,103.12481689453124,12.61,19.381242752075195,12.61,83.71456909179688,12.61,67.29907989501953
12.620000000000005,14.92818832397461,12.62,103.32928466796876,12.62,19.82838630676269,12.62,83.6789321899414,12.620000000000005,66.43314361572266
12.63,15.293085098266602,12.63,103.54769897460938,12.63,20.27778434753418,12.63,83.6419448852539,12.63,65.51813507080078
12.640000000000002,15.649871826171877,12.64,103.7850341796875,12.64,20.73935317993164,12.64,83.60835266113281,12.640000000000002,64.60205078125
12.65,16.0106143951416,12.65,104.02510833740234,12.65,21.224485397338867,12.65,83.57693481445312,12.65,63.760379791259766
12.660000000000002,16.377229690551758,12.660000000000002,104.26596069335938,12.659999999999998,21.71100807189941,12.659999999999998,83.54339599609375,12.660000000000002,63.06865310668945
12.67,16.74954605102539,12.67,104.51757049560548,12.67,22.17472267150879,12.67,83.50765991210938,12.67,62.476173400878906
12.68,17.124799728393555,12.68,104.76423645019533,12.68,22.63809967041016,12.679999999999998,83.47591400146484,12.68,61.92041397094727
12.69,17.49455451965332,12.69,105.0051498413086,12.69,23.096343994140625,12.69,83.44551086425781,12.69,61.43167495727539
12.7,17.86602210998535,12.7,105.24947357177734,12.7,23.55028915405273,12.7,83.41455078125,12.7,60.97954940795898
12.710000000000004,18.249435424804688,12.71,105.50037384033205,12.71,23.982919692993164,12.71,83.38494110107422,12.710000000000004,60.55064010620117
12.72,18.661651611328125,12.72,105.76193237304688,12.72,24.393081665039062,12.72,83.35999298095703,12.72,60.17136764526367
12.730000000000002,19.10142517089844,12.730000000000002,106.0313720703125,12.73,24.79203224182129,12.73,83.33772277832031,12.730000000000002,59.84745788574219
12.74,19.55582427978516,12.74,106.30421447753906,12.74,25.17601585388184,12.74,83.31565856933594,12.74,59.58470153808594
12.750000000000002,20.02004814147949,12.750000000000002,106.5920639038086,12.749999999999998,25.55630111694336,12.749999999999998,83.2925033569336,12.750000000000002,59.376277923583984
12.76,20.493881225585938,12.76,106.88739013671876,12.76,25.94857788085937,12.76,83.27189636230469,12.76,59.21428680419922
12.77,20.97917938232422,12.77,107.18236541748048,12.77,26.35664749145508,12.77,83.25164031982422,12.77,59.09676742553711
12.78,21.46690559387207,12.78,107.4791488647461,12.78,26.79781723022461,12.78,83.22801971435547,12.78,58.987491607666016
12.79,21.98615074157715,12.79,107.76825714111328,12.79,27.280902862548828,12.79,83.19932556152344,12.79,58.84043884277344
12.800000000000002,22.52595329284668,12.8,108.0453109741211,12.8,27.81749725341797,12.8,83.1658706665039,12.800000000000002,58.6634407043457
12.81,23.08613395690918,12.81,108.3198013305664,12.81,28.41554832458496,12.81,83.12539672851562,12.81,58.42951965332031
12.820000000000002,23.68368530273437,12.820000000000002,108.5916519165039,12.82,29.07417106628418,12.82,83.0853500366211,12.820000000000002,58.15949630737305
12.83,24.304208755493164,12.83,108.8531494140625,12.83,29.787973403930664,12.83,83.04572296142578,12.83,57.87990188598633
12.840000000000002,24.95540809631348,12.840000000000002,109.11470794677734,12.839999999999998,30.54344749450684,12.839999999999998,83.00631713867188,12.840000000000002,57.60805130004883
12.85,25.63908195495605,12.85,109.38284301757812,12.85,31.31999397277832,12.85,82.97300720214844,12.85,57.35023880004883
12.86,26.3483829498291,12.86,109.64620971679688,12.86,32.079444885253906,12.86,82.94652557373047,12.86,57.15514373779297
12.870000000000005,27.086753845214844,12.87,109.8965301513672,12.87,32.803199768066406,12.87,82.9253158569336,12.870000000000005,57.01940536499024
12.88,27.83960151672364,12.88,110.13269805908205,12.88,33.50017547607422,12.88,82.90351104736328,12.88,56.94321441650391
12.890000000000002,28.59750938415528,12.89,110.36129760742188,12.89,34.181331634521484,12.89,82.88044738769531,12.890000000000002,56.92227554321289
12.9,29.35251808166504,12.9,110.59224700927734,12.9,34.85363006591797,12.9,82.85747528076172,12.9,56.93581008911133
12.910000000000002,30.09864044189453,12.910000000000002,110.82516479492188,12.909999999999998,35.53854751586914,12.909999999999998,82.82597351074219,12.910000000000002,56.99112701416016
12.92,30.845935821533203,12.92,111.05614471435548,12.92,36.263954162597656,12.92,82.78357696533203,12.92,57.0828742980957
12.93,31.600330352783203,12.93,111.25641632080078,12.93,37.030250549316406,12.929999999999998,82.73179626464844,12.93,57.17034530639648
12.94,32.370548248291016,12.94,111.44056701660156,12.94,37.82144546508789,12.94,82.66988372802734,12.94,57.24838638305664
12.95,33.15447235107422,12.95,111.64229583740234,12.95,38.61505889892578,12.95,82.60429382324219,12.95,57.37498474121094
12.960000000000004,33.93537139892578,12.96,111.85797119140624,12.96,39.41201400756836,12.96,82.54996490478516,12.960000000000004,57.552242279052734
12.97,34.699012756347656,12.97,112.0616455078125,12.97,40.20523834228516,12.97,82.50691986083984,12.97,57.745208740234375
12.980000000000002,35.45616912841797,12.980000000000002,112.23932647705078,12.98,40.9886360168457,12.98,82.47187805175781,12.980000000000002,57.96376800537109
12.99,36.2133903503418,12.99,112.39092254638672,12.99,41.758331298828125,12.99,82.44015502929688,12.99,58.211185455322266
13.000000000000002,36.97692108154297,13.000000000000002,112.5257568359375,12.999999999999998,42.517459869384766,12.999999999999998,82.41519927978516,13.000000000000002,58.43928146362305
13.01,37.74420928955078,13.01,112.64362335205078,13.01,43.271114349365234,13.01,82.39480590820312,13.01,58.62796401977539
13.02,38.51031875610352,13.02,112.74202728271484,13.02,44.01901626586914,13.02,82.37212371826172,13.02,58.84349822998047
13.03,39.274845123291016,13.03,112.83008575439452,13.03,44.766212463378906,13.03,82.34345245361328,13.03,59.09295654296875
13.04,40.03433609008789,13.04,112.90422058105467,13.04,45.51357269287109,13.04,82.31217193603516,13.04,59.43537902832031
13.050000000000002,40.77892303466797,13.05,112.97723388671876,13.05,46.2517204284668,13.05,82.27852630615234,13.050000000000002,59.86685562133789
13.06,41.513431549072266,13.06,113.0495376586914,13.06,46.97819900512695,13.06,82.2477798461914,13.06,60.35210800170898
13.070000000000002,42.23299407958984,13.070000000000002,113.1144790649414,13.07,47.69210815429688,13.07,82.222412109375,13.070000000000002,60.86167526245117
13.08,42.946407318115234,13.08,113.16436004638672,13.08,48.39679336547852,13.08,82.20025634765625,13.08,61.383636474609375
13.090000000000002,43.6541633605957,13.090000000000002,113.18444061279295,13.089999999999998,49.10171508789063,13.089999999999998,82.18287658691406,13.090000000000002,61.88259506225586
13.1,44.37044143676758,13.1,113.17201232910156,13.1,49.8216667175293,13.1,82.16486358642578,13.1,62.36735534667969
13.11,45.1031608581543,13.11,113.13800811767578,13.11,50.57141876220703,13.11,82.14102935791016,13.11,62.84241485595703
13.120000000000005,45.85021209716797,13.12,113.09255981445312,13.12,51.35285186767578,13.12,82.11595916748047,13.120000000000005,63.3294563293457
13.13,46.60763549804688,13.13,113.03340911865234,13.13,52.14879989624024,13.13,82.09412384033203,13.13,63.827125549316406
13.140000000000002,47.37783432006836,13.14,112.96969604492188,13.14,52.94731140136719,13.14,82.07205963134766,13.140000000000002,64.31787109375
13.15,48.15788269042969,13.15,112.90435791015624,13.15,53.74436950683594,13.15,82.05062103271484,13.15,64.79483032226562
13.160000000000002,48.94058609008789,13.160000000000002,112.82405853271484,13.159999999999998,54.5337142944336,13.159999999999998,82.0270004272461,13.160000000000002,65.25639343261719
13.17,49.71742630004883,13.17,112.72953033447266,13.17,55.31873321533203,13.17,82.00291442871094,13.17,65.72329711914062
13.18,50.49861907958984,13.18,112.6190414428711,13.18,56.10736083984375,13.179999999999998,81.97699737548828,13.18,66.1884994506836
13.19,51.29093551635742,13.19,112.49398803710938,13.19,56.89440536499024,13.19,81.95475006103516,13.19,66.64990997314453
13.2,52.09397506713867,13.2,112.35057067871094,13.2,57.70168685913086,13.2,81.93426513671875,13.2,67.11405181884766
13.210000000000004,52.899112701416016,13.21,112.19055938720705,13.21,58.52865219116211,13.21,81.91654205322266,13.210000000000004,67.62848663330078
13.22,53.72086334228516,13.22,112.01671600341795,13.22,59.35364532470703,13.22,81.89962768554688,13.22,68.18589782714844
13.230000000000002,54.55504608154297,13.230000000000002,111.84793090820312,13.23,60.16051483154297,13.23,81.88565063476562,13.230000000000002,68.73494720458984
13.24,55.385986328125,13.24,111.67410278320312,13.24,60.95396423339844,13.24,81.87425231933594,13.24,69.31437683105469
13.250000000000002,56.21706771850586,13.250000000000002,111.49078369140624,13.249999999999998,61.74860763549805,13.249999999999998,81.86399841308594,13.250000000000002,69.9305191040039
13.26,57.04469680786133,13.26,111.2877960205078,13.26,62.551265716552734,13.26,81.85380554199219,13.26,70.56365966796875
13.27,57.876800537109375,13.27,111.07259368896484,13.27,63.37092971801758,13.27,81.8441390991211,13.27,71.19883728027344
13.28,58.71567535400391,13.28,110.8489990234375,13.28,64.1982650756836,13.28,81.83721923828125,13.28,71.80162811279297
13.29,59.56170654296875,13.29,110.6212921142578,13.29,65.02007293701172,13.29,81.83362579345703,13.29,72.38279724121094
13.300000000000002,60.40069961547852,13.3,110.39997863769533,13.3,65.84205627441406,13.3,81.8309555053711,13.300000000000002,72.9419937133789
13.31,61.21938705444336,13.31,110.1773452758789,13.31,66.67317199707031,13.31,81.82842254638672,13.31,73.48188781738281
13.320000000000002,62.02573013305664,13.320000000000002,109.9512176513672,13.32,67.49712371826172,13.32,81.83200073242188,13.320000000000002,74.00540161132812
13.33,62.843658447265625,13.33,109.72026824951172,13.33,68.32642364501953,13.33,81.83737182617188,13.33,74.54652404785156
13.340000000000002,63.68265151977539,13.340000000000002,109.48475646972656,13.339999999999998,69.14558410644531,13.339999999999998,81.84198760986328,13.340000000000002,75.08759307861328
13.35,64.5300521850586,13.35,109.25320434570312,13.35,69.95681762695312,13.35,81.8472671508789,13.35,75.62189483642578
13.36,65.37139892578125,13.36,109.02439880371094,13.36,70.77153015136719,13.36,81.85538482666016,13.36,76.1413345336914
13.370000000000005,66.1921157836914,13.37,108.7848129272461,13.37,71.58955383300781,13.37,81.86677551269531,13.370000000000005,76.61378479003906
13.38,66.99507141113281,13.38,108.52214050292967,13.38,72.38627624511719,13.38,81.87967681884766,13.38,77.0730972290039
13.390000000000002,67.81172943115234,13.39,108.27411651611328,13.39,73.15644836425781,13.39,81.89224243164062,13.390000000000002,77.54197692871094
13.4,68.6476821899414,13.4,108.03214263916016,13.4,73.93724060058594,13.4,81.90312957763672,13.4,77.95474243164062
13.410000000000002,69.49324798583984,13.410000000000002,107.81005096435548,13.409999999999998,74.7351303100586,13.409999999999998,81.91105651855469,13.410000000000002,78.36429595947266
13.42,70.31976318359375,13.42,107.59618377685548,13.42,75.52025604248047,13.42,81.91598510742188,13.42,78.79993438720703
13.43,71.10205841064453,13.43,107.38809967041016,13.43,76.27409362792969,13.429999999999998,81.9203872680664,13.43,79.22059631347656
13.44,71.85929870605469,13.44,107.1918716430664,13.44,77.00006866455078,13.44,81.92803955078125,13.44,79.62252807617188
13.45,72.62384033203125,13.45,107.00672912597656,13.45,77.71495056152344,13.45,81.94084930419922,13.45,80.02233123779297
13.460000000000004,73.40814208984375,13.46,106.8353271484375,13.46,78.41217041015625,13.46,81.95416259765625,13.460000000000004,80.4580078125
13.47,74.18626403808594,13.47,106.6680679321289,13.47,79.08059692382812,13.47,81.96458435058594,13.47,80.91944885253906
13.480000000000002,74.91791534423828,13.480000000000002,106.50613403320312,13.48,79.71916961669922,13.48,81.97196197509766,13.480000000000002,81.37875366210938
13.49,75.5785140991211,13.49,106.3538055419922,13.49,80.33535766601562,13.49,81.97608947753906,13.49,81.82677459716797
13.500000000000002,76.19371032714844,13.500000000000002,106.208984375,13.499999999999998,80.90210723876953,13.499999999999998,81.9790267944336,13.500000000000002,82.23442840576172
13.51,76.78553771972656,13.51,106.0894775390625,13.51,81.43990325927734,13.51,81.98184204101562,13.51,82.60601043701172
13.52,77.36939239501953,13.52,105.99517822265624,13.52,81.983642578125,13.52,81.97749328613281,13.52,82.93522644042969
13.53,77.97595977783203,13.53,105.9137954711914,13.53,82.54881286621094,13.53,81.9810791015625,13.53,83.24946594238281
13.54,78.60231018066406,13.54,105.84278106689452,13.54,83.1414566040039,13.54,81.98446655273438,13.54,83.58428955078125
13.550000000000002,79.21427917480469,13.55,105.77281188964844,13.55,83.71014404296875,13.55,81.9848403930664,13.550000000000002,83.92860412597656
13.56,79.8020248413086,13.56,105.70319366455078,13.56,84.22529602050781,13.56,81.98353576660156,13.56,84.2782974243164
13.570000000000002,80.37118530273438,13.570000000000002,105.6324691772461,13.57,84.69938659667969,13.57,81.98082733154297,13.570000000000002,84.62504577636719
13.58,80.89362335205078,13.58,105.56163024902344,13.58,85.16283416748047,13.58,81.97372436523438,13.58,84.9534683227539
13.590000000000002,81.37751007080078,13.590000000000002,105.49362182617188,13.589999999999998,85.62022399902344,13.589999999999998,81.96562957763672,13.590000000000002,85.26158905029297
13.6,81.83220672607422,13.6,105.4384536743164,13.6,86.05368041992188,13.6,81.95623016357422,13.6,85.55178833007812
13.61,82.25581359863281,13.61,105.38587188720705,13.61,86.45390319824219,13.61,81.94548797607422,13.61,85.81795501708984
13.620000000000005,82.6717300415039,13.62,105.33283233642578,13.62,86.80438232421875,13.62,81.93614196777344,13.620000000000005,86.06070709228516
13.63,83.07365417480469,13.63,105.28118896484376,13.63,87.1166000366211,13.63,81.92435455322266,13.63,86.28414154052734
13.640000000000002,83.45046997070312,13.64,105.2307586669922,13.64,87.41091918945312,13.64,81.91879272460938,13.640000000000002,86.48509979248047
13.65,83.83222198486328,13.65,105.17827606201172,13.65,87.69339752197266,13.65,81.91602325439453,13.65,86.67123413085938
13.660000000000002,84.20478820800781,13.660000000000002,105.12023162841795,13.659999999999998,87.96951293945312,13.659999999999998,81.91117095947266,13.660000000000002,86.86980438232422
13.67,84.5627670288086,13.67,105.0583953857422,13.67,88.23949432373047,13.67,81.9029541015625,13.67,87.08837890625
13.68,84.90995025634766,13.68,104.99703979492188,13.68,88.50220489501953,13.679999999999998,81.90383911132812,13.68,87.32691192626953
13.69,85.25239562988281,13.69,104.9387435913086,13.69,88.77409362792969,13.69,81.88751220703125,13.69,87.57640838623047
13.7,85.58263397216797,13.7,104.8818359375,13.7,89.05358123779297,13.7,81.88812255859375,13.7,87.82569885253906
13.710000000000004,85.90547180175781,13.71,104.8200912475586,13.71,89.34982299804688,13.71,81.8894271850586,13.710000000000004,88.0542984008789
13.72,86.20983123779297,13.72,104.75601196289062,13.72,89.67806243896484,13.72,81.89468383789062,13.72,88.28520202636719
13.730000000000002,86.53104400634766,13.730000000000002,104.6880111694336,13.73,90.03401184082031,13.73,81.8992919921875,13.730000000000002,88.50060272216797
13.74,86.86628723144531,13.74,104.62017822265624,13.74,90.40484619140624,13.74,81.90496063232422,13.74,88.69712829589844
13.750000000000002,87.17483520507812,13.750000000000002,104.55751037597656,13.749999999999998,90.77152252197266,13.749999999999998,81.91047668457031,13.750000000000002,88.88224029541016
13.76,87.47624969482422,13.76,104.49668884277344,13.76,91.11043548583984,13.76,81.91535949707031,13.76,89.0277328491211
13.77,87.78836059570312,13.77,104.44036102294922,13.77,91.42326354980467,13.77,81.92041015625,13.77,89.12368774414062
13.78,88.09768676757812,13.78,104.38967895507812,13.78,91.73455047607422,13.78,81.92411041259766,13.78,89.17070007324219
13.79,88.3823013305664,13.79,104.35211944580078,13.79,92.03814697265624,13.79,81.92829132080078,13.79,89.18545532226562
13.800000000000002,88.63945007324219,13.8,104.3231964111328,13.8,92.31851959228516,13.8,81.93512725830078,13.800000000000002,89.23371887207031
13.81,88.8681411743164,13.81,104.3007583618164,13.81,92.54918670654295,13.81,81.94064331054688,13.81,89.33506774902344
13.820000000000002,89.06634521484375,13.820000000000002,104.28741455078124,13.82,92.7373046875,13.82,81.94865417480469,13.820000000000002,89.47209930419922
13.83,89.24894714355469,13.83,104.28704071044922,13.83,92.89159393310548,13.83,81.9598388671875,13.83,89.61530303955078
13.840000000000002,89.41960906982422,13.840000000000002,104.29657745361328,13.839999999999998,93.0146484375,13.839999999999998,81.97164916992188,13.840000000000002,89.75537109375
13.85,89.55790710449219,13.85,104.3041000366211,13.85,93.114013671875,13.85,81.98138427734375,13.85,89.89946746826172
13.86,89.68353271484375,13.86,104.32459259033205,13.86,93.2087860107422,13.86,81.98440551757812,13.86,90.03228759765625
13.870000000000005,89.80126953125,13.87,104.35913848876952,13.87,93.31702423095705,13.87,81.97865295410156,13.870000000000005,90.14925384521484
13.88,89.90105438232422,13.88,104.40806579589844,13.88,93.44003295898438,13.88,81.96723175048828,13.88,90.25497436523438
13.890000000000002,89.96015930175781,13.89,104.45197296142578,13.89,93.55369567871094,13.89,81.95307159423828,13.890000000000002,90.34314727783205
13.9,89.98075866699219,13.9,104.49446105957033,13.9,93.64930725097656,13.9,81.93876647949219,13.9,90.4013671875
13.910000000000002,89.970458984375,13.910000000000002,104.53185272216795,13.909999999999998,93.72882843017578,13.909999999999998,81.92591857910156,13.910000000000002,90.42761993408205
13.92,89.94509887695312,13.92,104.55265808105467,13.92,93.78582763671876,13.92,81.91656494140625,13.92,90.4419174194336
13.93,89.9122314453125,13.93,104.56403350830078,13.93,93.79559326171876,13.929999999999998,81.91368865966797,13.93,90.4503402709961
13.94,89.8865966796875,13.94,104.5686492919922,13.94,93.75592041015624,13.94,81.91522216796875,13.94,90.46066284179688
13.95,89.86567687988281,13.95,104.5738754272461,13.95,93.66342163085938,13.95,81.92086791992188,13.95,90.47701263427734
13.960000000000004,89.8465805053711,13.96,104.57957458496094,13.96,93.54006958007812,13.96,81.92345428466797,13.960000000000004,90.47608947753906
13.97,89.83899688720703,13.97,104.58983612060548,13.97,93.42254638671876,13.97,81.92034149169922,13.97,90.4886474609375
13.980000000000002,89.85558319091797,13.980000000000002,104.60616302490234,13.98,93.32865142822266,13.98,81.91272735595703,13.980000000000002,90.50718688964844
13.99,89.89456939697266,13.99,104.62551879882812,13.99,93.26692962646484,13.99,81.90167999267578,13.99,90.52547454833984
14.000000000000002,89.93374633789062,14.000000000000002,104.64435577392578,13.999999999999998,93.2494125366211,13.999999999999998,81.88758087158203,14.000000000000002,90.5271453857422
14.01,89.95957946777344,14.01,104.66081237792967,14.01,93.27259063720705,14.01,81.87554931640625,14.01,90.50506591796876
14.02,89.95539855957031,14.02,104.6596450805664,14.02,93.3197784423828,14.02,81.86548614501953,14.02,90.46907806396484
14.03,89.9361572265625,14.03,104.6512680053711,14.03,93.36365509033205,14.03,81.85970306396484,14.03,90.4256820678711
14.04,89.92430877685547,14.04,104.64009857177734,14.04,93.38211059570312,14.04,81.85713195800781,14.04,90.4043426513672
14.050000000000002,89.93585205078125,14.05,104.62696075439452,14.05,93.38751983642578,14.05,81.86003112792969,14.050000000000002,90.400146484375
14.06,89.96417999267578,14.06,104.6192398071289,14.06,93.40414428710938,14.06,81.86752319335938,14.06,90.40666198730467
14.070000000000002,90.01029205322266,14.070000000000002,104.6227035522461,14.07,93.43016815185548,14.07,81.87716674804688,14.070000000000002,90.40926361083984
14.08,90.05740356445312,14.08,104.62737274169922,14.08,93.44969177246094,14.08,81.88542938232422,14.08,90.41207122802734
14.090000000000002,90.11172485351562,14.090000000000002,104.63245391845705,14.089999999999998,93.47306823730467,14.089999999999998,81.8905258178711,14.090000000000002,90.4396743774414
14.1,90.16256713867188,14.1,104.63936614990234,14.1,93.50467681884766,14.1,81.88967895507812,14.1,90.45166778564452
14.11,90.2052993774414,14.11,104.65061950683594,14.11,93.54322814941406,14.11,81.88695526123047,14.11,90.46537017822266
14.120000000000005,90.24021911621094,14.12,104.66700744628906,14.12,93.59554290771484,14.12,81.88453674316406,14.120000000000005,90.47272491455078
14.13,90.26708221435548,14.13,104.67132568359376,14.13,93.6540985107422,14.13,81.8797836303711,14.13,90.45668029785156
14.140000000000002,90.2780303955078,14.14,104.6604232788086,14.14,93.71835327148438,14.14,81.87781524658203,14.140000000000002,90.42801666259766
14.15,90.27600860595705,14.15,104.64191436767578,14.15,93.77565002441406,14.15,81.87908172607422,14.15,90.39342498779295
14.160000000000002,90.27860260009766,14.160000000000002,104.6224365234375,14.159999999999998,93.81470489501952,14.159999999999998,81.88445281982422,14.160000000000002,90.36988830566406
14.17,90.29167175292967,14.17,104.6078109741211,14.17,93.8401107788086,14.17,81.89125061035156,14.17,90.3563003540039
14.18,90.31458282470705,14.18,104.59703063964844,14.18,93.85262298583984,14.179999999999998,81.89928436279297,14.18,90.34754180908205
14.19,90.3458251953125,14.19,104.58263397216795,14.19,93.8595733642578,14.19,81.9086685180664,14.19,90.34935760498048
14.2,90.37716674804688,14.2,104.56792449951172,14.2,93.85873413085938,14.2,81.91720581054688,14.2,90.35880279541016
14.210000000000004,90.4060516357422,14.21,104.55463409423828,14.21,93.85345458984376,14.21,81.9253921508789,14.210000000000004,90.3599090576172
14.22,90.42813110351562,14.22,104.54204559326172,14.22,93.84361267089844,14.22,81.93306732177734,14.22,90.36702728271484
14.230000000000002,90.44214630126952,14.230000000000002,104.5281753540039,14.23,93.84740447998048,14.23,81.9386215209961,14.230000000000002,90.37400817871094
14.24,90.4574737548828,14.24,104.5159912109375,14.24,93.86050415039062,14.24,81.94544982910156,14.24,90.38417053222656
14.250000000000002,90.4736328125,14.250000000000002,104.50176239013672,14.249999999999998,93.8714599609375,14.249999999999998,81.95309448242188,14.250000000000002,90.3927230834961
14.26,90.49404907226562,14.26,104.48290252685548,14.26,93.87142944335938,14.26,81.96056365966797,14.26,90.40491485595705
14.27,90.52156829833984,14.27,104.46060943603516,14.27,93.86056518554688,14.27,81.96671295166016,14.27,90.42359924316406
14.28,90.55350494384766,14.28,104.4391098022461,14.28,93.8483428955078,14.28,81.97223663330078,14.28,90.44203186035156
14.29,90.58551025390624,14.29,104.42012786865234,14.29,93.84615325927734,14.29,81.97749328613281,14.29,90.45172119140624
14.300000000000002,90.60985565185548,14.3,104.40135192871094,14.3,93.8521957397461,14.3,81.98320770263672,14.300000000000002,90.4519271850586
14.31,90.626953125,14.31,104.3812026977539,14.31,93.86441040039062,14.31,81.98786163330078,14.31,90.43900299072266
14.320000000000002,90.63825225830078,14.320000000000002,104.3610610961914,14.32,93.88179779052734,14.32,81.99072265625,14.320000000000002,90.41773223876952
14.33,90.63738250732422,14.33,104.34225463867188,14.33,93.89973449707033,14.33,81.99241638183594,14.33,90.3918685913086
14.340000000000002,90.6136245727539,14.340000000000002,104.3250961303711,14.339999999999998,93.91765594482422,14.339999999999998,81.99237823486328,14.340000000000002,90.36780548095705
14.35,90.60326385498048,14.35,104.31114959716795,14.35,93.94583892822266,14.35,81.99342346191406,14.35,90.35150909423828
14.36,90.6088638305664,14.36,104.2992935180664,14.36,93.97710418701172,14.36,81.99430084228516,14.36,90.33519744873048
14.370000000000005,90.61824798583984,14.37,104.28668212890624,14.37,94.00798797607422,14.37,81.99591827392578,14.370000000000005,90.3235855102539
14.38,90.6326904296875,14.38,104.26949310302734,14.38,94.03465270996094,14.38,81.99710083007812,14.38,90.3198013305664
14.390000000000002,90.6490707397461,14.39,104.24856567382812,14.39,94.05038452148438,14.39,81.99710083007812,14.390000000000002,90.32748413085938
14.4,90.65828704833984,14.4,104.2282943725586,14.4,94.05520629882812,14.4,81.99742889404297,14.4,90.33201599121094
14.410000000000002,90.66636657714844,14.410000000000002,104.20836639404295,14.409999999999998,94.05455017089844,14.409999999999998,82.00044250488281,14.410000000000002,90.337890625
14.42,90.67705535888672,14.42,104.19127655029295,14.42,94.04753875732422,14.42,82.00389862060547,14.42,90.34056854248048
14.43,90.68807983398438,14.43,104.17857360839844,14.43,94.0415267944336,14.429999999999998,82.00753784179688,14.43,90.3478546142578
14.44,90.7027816772461,14.44,104.17011260986328,14.44,94.04867553710938,14.44,82.0106201171875,14.44,90.35236358642578
14.45,90.71306610107422,14.45,104.16097259521484,14.45,94.06786346435548,14.45,82.01428985595703,14.45,90.35845184326172
14.460000000000004,90.72682189941406,14.46,104.14868927001952,14.46,94.09223175048828,14.46,82.01709747314453,14.460000000000004,90.37002563476562
14.47,90.74117279052734,14.47,104.13278198242188,14.47,94.12019348144533,14.47,82.02068328857422,14.47,90.38044738769533
14.480000000000002,90.75247955322266,14.480000000000002,104.11384582519533,14.48,94.14390563964844,14.48,82.0211410522461,14.480000000000002,90.39759063720705
14.49,90.76239013671876,14.49,104.09296417236328,14.49,94.15425872802734,14.49,82.02301025390625,14.49,90.41121673583984
14.500000000000002,90.77420806884766,14.500000000000002,104.07491302490234,14.499999999999998,94.15367889404295,14.499999999999998,82.02547454833984,14.500000000000002,90.4205093383789
14.51,90.78133392333984,14.51,104.06021881103516,14.51,94.14703369140624,14.51,82.0261459350586,14.51,90.41597747802734
14.52,90.78490447998048,14.52,104.05040740966795,14.52,94.14533233642578,14.52,82.0245361328125,14.52,90.4033432006836
14.53,90.7844009399414,14.53,104.04148864746094,14.53,94.15119171142578,14.53,82.02728271484375,14.53,90.38880157470705
14.54,90.78530883789062,14.54,104.03502655029295,14.54,94.1579360961914,14.54,82.03071594238281,14.54,90.37828063964844
14.550000000000002,90.78274536132812,14.55,104.03156280517578,14.55,94.16325378417967,14.55,82.0313949584961,14.550000000000002,90.37454986572266
14.56,90.7730484008789,14.56,104.03116607666016,14.56,94.16252136230467,14.56,82.03275299072266,14.56,90.36964416503906
14.570000000000002,90.75852966308594,14.570000000000002,104.02943420410156,14.57,94.1536102294922,14.57,82.03252410888672,14.570000000000002,90.36370849609376
14.58,90.74105072021484,14.58,104.02278137207033,14.58,94.1392059326172,14.58,82.03234100341797,14.58,90.36339569091795
14.590000000000002,90.72335052490234,14.590000000000002,104.01256561279295,14.589999999999998,94.1261749267578,14.589999999999998,82.03180694580078,14.590000000000002,90.36564636230467
14.6,90.71477508544922,14.6,104.00145721435548,14.6,94.11041259765624,14.6,82.0325927734375,14.6,90.36604309082033
14.61,90.7129364013672,14.61,103.99405670166016,14.61,94.09647369384766,14.61,82.03553771972656,14.61,90.36337280273438
14.620000000000005,90.7141342163086,14.62,103.98967742919922,14.62,94.08240509033205,14.62,82.03726196289062,14.620000000000005,90.3611831665039
14.63,90.71719360351562,14.63,103.98819732666016,14.63,94.07120513916016,14.63,82.03914642333984,14.63,90.36363983154295
14.640000000000002,90.71774291992188,14.64,103.98428344726562,14.64,94.06857299804688,14.64,82.04148864746094,14.640000000000002,90.3686752319336
14.65,90.71952056884766,14.65,103.97562408447266,14.65,94.0780258178711,14.65,82.04426574707031,14.65,90.37713623046876
14.660000000000002,90.7248077392578,14.660000000000002,103.96598815917967,14.659999999999998,94.0953140258789,14.659999999999998,82.046875,14.660000000000002,90.37358856201172
14.67,90.73279571533205,14.67,103.95686340332033,14.67,94.11018371582033,14.67,82.04888153076172,14.67,90.39036560058594
14.68,90.7376937866211,14.68,103.94913482666016,14.68,94.12045288085938,14.679999999999998,82.05120849609375,14.68,90.40048217773438
14.69,90.73944091796876,14.69,103.94276428222656,14.69,94.12753295898438,14.69,82.0530014038086,14.69,90.40540313720705
14.7,90.7361831665039,14.7,103.93704986572266,14.7,94.1347198486328,14.7,82.05384063720703,14.7,90.41097259521484
14.710000000000004,90.7337417602539,14.71,103.93443298339844,14.71,94.14141082763672,14.71,82.0555191040039,14.710000000000004,90.39810943603516
14.72,90.74283599853516,14.72,103.93167877197266,14.72,94.15056610107422,14.72,82.0576400756836,14.72,90.39440155029295
14.730000000000002,90.75616455078124,14.730000000000002,103.92807006835938,14.73,94.1698989868164,14.73,82.05760192871094,14.730000000000002,90.3903579711914
14.74,90.77115631103516,14.74,103.92394256591795,14.74,94.20281982421876,14.74,82.05696105957031,14.74,90.37252044677734
14.750000000000002,90.78008270263672,14.750000000000002,103.9224090576172,14.749999999999998,94.2350082397461,14.749999999999998,82.05747985839844,14.750000000000002,90.3673324584961
14.76,90.77808380126952,14.76,103.9151611328125,14.76,94.2643814086914,14.76,82.05928802490234,14.76,90.37238311767578
14.77,90.77295684814452,14.77,103.90192413330078,14.77,94.28338623046876,14.77,82.05823516845703,14.77,90.37566375732422
14.78,90.77586364746094,14.78,103.88894653320312,14.78,94.288818359375,14.78,82.05926513671875,14.78,90.38463592529295
14.79,90.77769470214844,14.79,103.8852996826172,14.79,94.28695678710938,14.79,82.06096649169922,14.79,90.3892059326172
14.800000000000002,90.7809829711914,14.8,103.88619995117188,14.8,94.28068542480467,14.8,82.0611572265625,14.800000000000002,90.38912963867188
14.81,90.7906494140625,14.81,103.889892578125,14.81,94.27188110351562,14.81,82.05591583251953,14.81,90.37469482421876
14.820000000000002,90.80181121826172,14.820000000000002,103.89681243896484,14.82,94.26199340820312,14.82,82.05750274658203,14.820000000000002,90.35399627685548
14.83,90.80947875976562,14.83,103.90422821044922,14.83,94.24893188476562,14.83,82.05416870117188,14.83,90.33004760742188
14.840000000000002,90.8155288696289,14.840000000000002,103.91637420654295,14.839999999999998,94.24673461914062,14.839999999999998,82.04995727539062,14.840000000000002,90.30187225341795
14.85,90.81551361083984,14.85,103.9189224243164,14.85,94.26036834716795,14.85,82.046875,14.85,90.28236389160156
14.86,90.80402374267578,14.86,103.92086791992188,14.86,94.26960754394533,14.86,82.0421371459961,14.86,90.27655792236328
14.870000000000005,90.78609466552734,14.87,103.93203735351562,14.87,94.27947998046876,14.87,82.038330078125,14.870000000000005,90.28157806396484
14.88,90.76748657226562,14.88,103.95035552978516,14.88,94.27572631835938,14.88,82.03480529785156,14.88,90.29542541503906
14.890000000000002,90.7553939819336,14.89,103.97381591796876,14.89,94.26388549804688,14.89,82.03280639648438,14.890000000000002,90.31461334228516
14.9,90.75401306152344,14.9,103.9837417602539,14.9,94.25652313232422,14.9,82.03207397460938,14.9,90.32935333251952
14.910000000000002,90.76189422607422,14.910000000000002,103.9839859008789,14.909999999999998,94.25422668457033,14.909999999999998,82.03759002685547,14.910000000000002,90.33335876464844
14.92,90.77497863769533,14.92,103.97868347167967,14.92,94.26077270507812,14.92,82.04033660888672,14.92,90.33014678955078
14.93,90.79078674316406,14.93,103.97098541259766,14.93,94.27122497558594,14.929999999999998,82.04387664794922,14.93,90.32420349121094
14.94,90.80519104003906,14.94,103.9613800048828,14.94,94.2751235961914,14.94,82.04624938964844,14.94,90.31244659423828
14.95,90.81124877929688,14.95,103.95442199707033,14.95,94.27062225341795,14.95,82.04960632324219,14.95,90.2997055053711
14.960000000000004,90.81586456298828,14.96,103.95014190673828,14.96,94.25749969482422,14.96,82.05021667480469,14.960000000000004,90.28987884521484
14.97,90.81411743164062,14.97,103.94910430908205,14.97,94.2507553100586,14.97,82.05139923095703,14.97,90.28589630126952
14.980000000000002,90.8144760131836,14.980000000000002,103.94789123535156,14.98,94.2633285522461,14.98,82.05108642578125,14.980000000000002,90.27342987060548
14.99,90.8213348388672,14.99,103.94639587402344,14.99,94.28562927246094,14.99,82.04978942871094,14.99,90.25962829589844
15.000000000000002,90.8206024169922,15.000000000000002,103.94459533691406,14.999999999999998,94.3065185546875,14.999999999999998,82.0470962524414,15.000000000000002,90.25072479248048
15.01,90.81373596191406,15.01,103.94449615478516,15.01,94.31991577148438,15.01,82.0459213256836,15.01,90.24723052978516
15.02,90.80819702148438,15.02,103.9393081665039,15.02,94.32244873046876,15.02,82.04381561279297,15.02,90.23858642578124
15.03,90.8051528930664,15.03,103.93231964111328,15.03,94.31797790527344,15.03,82.04498291015625,15.03,90.21887969970705
15.04,90.80213165283205,15.04,103.91593933105467,15.04,94.31168365478516,15.04,82.04341125488281,15.04,90.1925277709961
15.050000000000002,90.79833984375,15.05,103.89476776123048,15.05,94.30270385742188,15.05,82.04359436035156,15.050000000000002,90.16265106201172
15.06,90.80134582519533,15.06,103.88406372070312,15.06,94.28583526611328,15.06,82.04312896728516,15.06,90.12985229492188
15.070000000000002,90.8089599609375,15.070000000000002,103.88077545166016,15.07,94.26268768310548,15.07,82.04183197021484,15.070000000000002,90.09366607666016
15.08,90.81261444091795,15.08,103.88365936279295,15.08,94.23959350585938,15.08,82.04041290283203,15.08,90.05615234375
15.090000000000002,90.8096923828125,15.090000000000002,103.8880844116211,15.089999999999998,94.21237182617188,15.089999999999998,82.03729248046875,15.090000000000002,90.02066802978516
15.1,90.79718780517578,15.1,103.88784790039062,15.1,94.18258666992188,15.1,82.03388977050781,15.1,89.98831939697266
15.11,90.77491760253906,15.11,103.884765625,15.11,94.15485382080078,15.11,82.02930450439453,15.11,89.96183013916016
15.120000000000005,90.74049377441406,15.12,103.88101959228516,15.12,94.13542938232422,15.12,82.02324676513672,15.120000000000005,89.93501281738281
15.13,90.6964340209961,15.13,103.88121032714844,15.13,94.12273406982422,15.13,82.01908111572266,15.13,89.9049072265625
15.140000000000002,90.65093994140624,15.14,103.8866195678711,15.14,94.10694122314452,15.14,82.01407623291016,15.140000000000002,89.86779022216797
15.15,90.612548828125,15.15,103.88788604736328,15.15,94.08609008789062,15.15,82.00861358642578,15.15,89.82492065429688
15.160000000000002,90.58422088623048,15.160000000000002,103.89539337158205,15.159999999999998,94.05345153808594,15.159999999999998,82.00313568115234,15.160000000000002,89.77348327636719
15.17,90.56301879882812,15.17,103.89498901367188,15.17,94.0150375366211,15.17,82.00017547607422,15.17,89.71823120117188
15.18,90.54499053955078,15.18,103.8865203857422,15.18,93.97478485107422,15.179999999999998,81.99750518798828,15.18,89.66021728515625
15.19,90.52567291259766,15.19,103.88018035888672,15.19,93.93283081054688,15.19,81.99383544921875,15.19,89.6039047241211
15.2,90.5007095336914,15.2,103.8730010986328,15.2,93.88760375976562,15.2,81.99231719970703,15.2,89.54859924316406
15.210000000000004,90.47161865234376,15.21,103.86544799804688,15.21,93.8373031616211,15.21,81.989990234375,15.210000000000004,89.49287414550781
15.22,90.43482971191406,15.22,103.85987091064452,15.22,93.78546905517578,15.22,81.98527526855469,15.22,89.4344482421875
15.230000000000002,90.38665771484376,15.230000000000002,103.85668182373048,15.23,93.72541809082033,15.23,81.98190307617188,15.230000000000002,89.37142181396484
15.24,90.33202362060548,15.24,103.8536376953125,15.24,93.6606216430664,15.24,81.9796371459961,15.24,89.30113983154297
15.250000000000002,90.26890563964844,15.250000000000002,103.84939575195312,15.249999999999998,93.60055541992188,15.249999999999998,81.97561645507812,15.250000000000002,89.22686767578125
15.26,90.20455932617188,15.26,103.84647369384766,15.26,93.54191589355467,15.26,81.97335052490234,15.26,89.15340423583984
15.27,90.14430236816406,15.27,103.84178161621094,15.27,93.47901916503906,15.27,81.9736099243164,15.27,89.08142852783203
15.28,90.07701873779295,15.28,103.8332061767578,15.28,93.40503692626952,15.28,81.96920776367188,15.28,89.005615234375
15.29,90.00324249267578,15.29,103.81891632080078,15.29,93.32183837890624,15.29,81.96817779541016,15.29,88.93109130859375
15.300000000000002,89.93115234375,15.3,103.80299377441406,15.3,93.2332763671875,15.3,81.97064971923828,15.300000000000002,88.85516357421875
15.31,89.86683654785156,15.31,103.78654479980467,15.31,93.14913940429688,15.31,81.9725570678711,15.31,88.77701568603516
15.320000000000002,89.80034637451172,15.320000000000002,103.7684326171875,15.32,93.06925201416016,15.32,81.973388671875,15.320000000000002,88.70225524902344
15.33,89.72550201416016,15.33,103.7480239868164,15.33,92.99207305908205,15.33,81.97390747070312,15.33,88.62701416015625
15.340000000000002,89.64492797851562,15.340000000000002,103.72486877441406,15.339999999999998,92.91746520996094,15.339999999999998,81.97383880615234,15.340000000000002,88.54417419433594
15.35,89.56317138671875,15.35,103.7021713256836,15.35,92.83998107910156,15.35,81.97154998779297,15.35,88.45206451416016
15.36,89.4785385131836,15.36,103.68195343017578,15.36,92.75155639648438,15.36,81.97156524658203,15.36,88.34687805175781
15.370000000000005,89.38339233398438,15.37,103.66240692138672,15.37,92.64683532714844,15.37,81.97360229492188,15.370000000000005,88.23597717285156
15.38,89.27278137207031,15.38,103.63841247558594,15.38,92.53414154052734,15.38,81.97498321533203,15.38,88.12528991699219
15.390000000000002,89.16203308105469,15.39,103.61300659179688,15.39,92.42533111572266,15.39,81.97975158691406,15.390000000000002,88.02481079101562
15.4,89.05755615234375,15.4,103.57992553710938,15.4,92.32785034179688,15.4,81.98358154296875,15.4,87.93193817138672
15.410000000000002,88.94856262207031,15.410000000000002,103.54603576660156,15.409999999999998,92.23484802246094,15.409999999999998,81.98800659179688,15.410000000000002,87.84334564208984
15.42,88.84745025634766,15.42,103.51161193847656,15.42,92.14376068115234,15.42,81.9919662475586,15.42,87.75129699707031
15.43,88.75952911376953,15.43,103.47517395019533,15.43,92.0450439453125,15.429999999999998,81.99665069580078,15.43,87.64842224121094
15.44,88.66342163085938,15.44,103.4383544921875,15.44,91.93901824951172,15.44,82.00116729736328,15.44,87.53385162353516
15.45,88.55282592773438,15.45,103.40147399902344,15.45,91.83651733398438,15.45,82.00740051269531,15.45,87.4127426147461
15.460000000000004,88.44166564941406,15.46,103.36248016357422,15.46,91.74322509765624,15.46,82.01370239257812,15.460000000000004,87.28289794921875
15.47,88.32830810546875,15.47,103.321533203125,15.47,91.65701293945312,15.47,82.0192642211914,15.47,87.14351654052734
15.480000000000002,88.2109146118164,15.480000000000002,103.27848052978516,15.48,91.57308197021484,15.48,82.02532958984375,15.480000000000002,87.00214385986328
15.49,88.08991241455078,15.49,103.23410034179688,15.49,91.47455596923828,15.49,82.03167724609375,15.49,86.8611831665039
15.500000000000002,87.96463775634766,15.500000000000002,103.1863784790039,15.499999999999998,91.36438751220705,15.499999999999998,82.03933715820312,15.500000000000002,86.7197036743164
15.51,87.82674407958984,15.51,103.14002227783205,15.51,91.24811553955078,15.51,82.04733276367188,15.51,86.57447052001953
15.52,87.68196868896484,15.52,103.09796905517578,15.52,91.13008880615234,15.52,82.0543441772461,15.52,86.43029022216797
15.530000000000005,87.53695678710938,15.53,103.06204223632812,15.53,91.01397705078124,15.53,82.06111907958984,15.53,86.28289031982422
15.54,87.3941421508789,15.54,103.02848052978516,15.54,90.89453125,15.54,82.0666732788086,15.54,86.1317367553711
15.550000000000002,87.2386703491211,15.55,102.99722290039062,15.55,90.76410675048828,15.55,82.07229614257812,15.550000000000002,85.97972869873047
15.56,87.06716918945312,15.56,102.96461486816406,15.56,90.61624145507812,15.56,82.07617950439453,15.56,85.81244659423828
15.570000000000002,86.8877182006836,15.570000000000002,102.92963409423828,15.57,90.46179962158205,15.57,82.08089447021484,15.570000000000002,85.63288116455078
15.58,86.69806671142578,15.58,102.89549255371094,15.58,90.30387115478516,15.58,82.08355712890625,15.58,85.44290924072266
15.590000000000002,86.4949951171875,15.590000000000002,102.86345672607422,15.589999999999998,90.1401596069336,15.589999999999998,82.08563232421875,15.590000000000002,85.22883605957031
15.6,86.28043365478516,15.6,102.83197784423828,15.6,89.96310424804688,15.6,82.08978271484375,15.6,85.00518798828125
15.61,86.05411529541016,15.61,102.79431915283205,15.61,89.75967407226562,15.61,82.09492492675781,15.61,84.81175994873047
15.620000000000005,85.81805419921875,15.62,102.75285339355467,15.62,89.53141784667969,15.62,82.09822845458984,15.620000000000005,84.63005828857422
15.63,85.5735855102539,15.63,102.71724700927734,15.63,89.27091217041016,15.63,82.09994506835938,15.63,84.44798278808594
15.640000000000002,85.32144927978516,15.640000000000002,102.69304656982422,15.64,88.99088287353516,15.64,82.10153198242188,15.640000000000002,84.25125885009766
15.65,85.0623550415039,15.65,102.67618560791016,15.65,88.69568634033203,15.65,82.100830078125,15.65,84.01742553710938
15.660000000000002,84.78694915771484,15.660000000000002,102.66243743896484,15.659999999999998,88.3978500366211,15.659999999999998,82.10015106201172,15.660000000000002,83.70738220214844
15.67,84.47595977783203,15.67,102.65736389160156,15.67,88.11213684082031,15.67,82.1007080078125,15.67,83.31685638427734
15.68,84.1278076171875,15.68,102.64434051513672,15.68,87.83150482177734,15.679999999999998,82.10155487060547,15.68,82.85822296142578
15.69,83.75514221191406,15.69,102.64080810546876,15.69,87.53463745117188,15.69,82.10279083251953,15.69,82.34991455078125
15.7,83.35721588134766,15.7,102.66482543945312,15.7,87.20053100585938,15.7,82.1007080078125,15.7,81.8446044921875
15.710000000000004,82.93952178955078,15.71,102.70540618896484,15.71,86.83599090576172,15.71,82.09860229492188,15.710000000000004,81.32913970947266
15.72,82.5225601196289,15.72,102.75552368164062,15.72,86.43257141113281,15.72,82.09795379638672,15.72,80.78986358642578
15.730000000000002,82.08718872070312,15.730000000000002,102.81126403808594,15.73,86.00178527832031,15.73,82.09638214111328,15.730000000000002,80.22603607177734
15.74,81.61542510986328,15.74,102.87872314453124,15.74,85.55463409423828,15.74,82.0919189453125,15.74,79.60592651367188
15.750000000000002,81.13878631591797,15.750000000000002,102.94554138183594,15.749999999999998,85.08938598632812,15.749999999999998,82.08598327636719,15.750000000000002,78.94312286376953
15.76,80.67618560791016,15.76,103.04474639892578,15.76,84.5941390991211,15.76,82.07803344726562,15.76,78.24742889404297
15.77,80.1932144165039,15.77,103.17147064208984,15.77,84.04818725585938,15.77,82.06898498535156,15.77,77.53375244140625
15.780000000000005,79.66252136230469,15.78,103.30563354492188,15.78,83.46409606933594,15.78,82.05884552001953,15.78,76.81436157226562
15.79,79.069091796875,15.79,103.42999267578124,15.79,82.8309326171875,15.79,82.05316925048828,15.79,76.07252502441406
15.800000000000002,78.39075469970703,15.8,103.52546691894533,15.8,82.15181732177734,15.8,82.05561065673828,15.800000000000002,75.34203338623047
15.81,77.65914154052734,15.81,103.59059143066406,15.81,81.4425048828125,15.81,82.06261444091797,15.81,74.66053771972656
15.820000000000002,76.88247680664062,15.820000000000002,103.64613342285156,15.82,80.71220397949219,15.82,82.06562805175781,15.820000000000002,74.00684356689453
15.83,76.05691528320312,15.83,103.71228790283205,15.83,79.97577667236328,15.83,82.063232421875,15.83,73.35163879394531
15.840000000000002,75.19812774658203,15.840000000000002,103.8077163696289,15.840000000000002,79.24029541015625,15.839999999999998,82.05645751953125,15.840000000000002,72.70663452148438
15.85,74.32852935791016,15.85,103.9297332763672,15.85,78.50797271728516,15.85,82.04487609863281,15.85,72.05068969726562
15.86,73.49295043945312,15.86,104.05003356933594,15.86,77.77940368652344,15.86,82.03484344482422,15.86,71.37006378173828
15.870000000000005,72.70112609863281,15.87,104.12229919433594,15.87,77.05233764648438,15.87,82.03086853027344,15.870000000000005,70.64054870605469
15.88,71.9249038696289,15.88,104.14502716064452,15.88,76.32131958007812,15.88,82.03600311279297,15.88,69.86211395263672
15.890000000000002,71.1836929321289,15.890000000000002,104.14618682861328,15.89,75.57339477539062,15.89,82.04254150390625,15.890000000000002,69.1164779663086
15.9,70.48102569580078,15.9,104.14141082763672,15.9,74.80140686035156,15.9,82.05011749267578,15.9,68.47760772705078
15.910000000000002,69.72735595703125,15.910000000000002,104.14729309082033,15.909999999999998,74.00533294677734,15.909999999999998,82.05633544921875,15.910000000000002,67.92601776123047
15.92,68.8715591430664,15.92,104.17455291748048,15.92,73.20116424560547,15.92,82.06537628173828,15.92,67.42005920410156
15.93,67.98219299316406,15.93,104.23526000976562,15.93,72.40433502197266,15.93,82.07901763916016,15.93,66.94219970703125
15.94,67.18743896484375,15.94,104.33028411865234,15.94,71.6258544921875,15.94,82.0974349975586,15.94,66.45796966552734
15.95,66.47023010253906,15.95,104.40018463134766,15.95,70.86539459228516,15.95,82.12413787841797,15.95,65.95574188232422
15.960000000000004,65.73941802978516,15.96,104.43977355957033,15.96,70.0984878540039,15.96,82.15581512451172,15.960000000000004,65.44610595703125
15.97,64.99944305419922,15.97,104.4738540649414,15.97,69.28983306884766,15.97,82.18685913085938,15.97,64.8663558959961
15.980000000000002,64.26943969726562,15.980000000000002,104.50143432617188,15.98,68.43487548828125,15.98,82.2149658203125,15.980000000000002,64.20831298828125
15.99,63.52296829223633,15.99,104.52742004394533,15.99,67.56076049804688,15.99,82.24006652832031,15.99,63.5605697631836
16.0,62.759403228759766,16.0,104.5665512084961,15.999999999999998,66.67826080322266,15.999999999999998,82.26100158691406,16.0,62.953712463378906
16.009999999999998,61.93184280395508,16.009999999999998,104.58970642089844,16.009999999999998,65.79239654541016,16.009999999999998,82.27796173095703,16.009999999999998,62.402679443359375
16.020000000000003,61.08579254150391,16.020000000000003,104.59351348876952,16.020000000000003,64.93014526367188,16.020000000000003,82.29796600341797,16.020000000000003,61.90075302124024
16.03,60.26659393310547,16.03,104.59769439697266,16.03,64.13347625732422,16.03,82.32709503173828,16.03,61.437618255615234
16.04,59.48046112060547,16.04,104.6137924194336,16.04,63.36980819702149,16.04,82.36795043945312,16.04,61.01098251342773
16.050000000000004,58.76747894287109,16.049999999999997,104.64529418945312,16.049999999999997,62.60165786743164,16.049999999999997,82.41423797607422,16.050000000000004,60.60542678833008
16.060000000000002,58.097782135009766,16.060000000000002,104.66413116455078,16.060000000000002,61.80484008789063,16.060000000000002,82.47240447998047,16.060000000000002,60.17688751220703
16.07,57.39729309082031,16.07,104.67735290527344,16.07,61.00776672363281,16.07,82.54492950439453,16.07,59.69857025146485
16.08,56.65134048461914,16.08,104.70906066894533,16.08,60.22775268554688,16.08,82.6317367553711,16.08,59.21240997314453
16.090000000000003,55.85286712646485,16.090000000000003,104.77196502685548,16.090000000000003,59.441017150878906,16.089999999999996,82.72406005859375,16.090000000000003,58.7809944152832
16.1,54.999393463134766,16.1,104.84107208251952,16.1,58.65046310424805,16.1,82.82516479492188,16.1,58.447147369384766
16.11,54.13625717163086,16.11,104.90240478515624,16.11,57.87686920166016,16.11,82.93035888671875,16.11,58.22589874267578
16.120000000000005,53.29061508178711,16.119999999999997,104.9509048461914,16.119999999999997,57.124778747558594,16.119999999999997,83.0383071899414,16.120000000000005,58.05465316772461
16.130000000000003,52.4813117980957,16.130000000000003,104.9859390258789,16.130000000000003,56.37718200683594,16.130000000000003,83.13896942138672,16.130000000000003,57.9234504699707
16.14,51.680477142333984,16.14,105.0172348022461,16.14,55.638370513916016,16.14,83.22834014892578,16.14,57.78886032104492
16.15,50.85205841064453,16.15,105.04638671875,16.15,54.89451599121094,16.15,83.30587768554688,16.15,57.58129119873047
16.160000000000004,50.01344299316406,16.160000000000004,105.07322692871094,16.159999999999997,54.14579772949219,16.159999999999997,83.37046813964844,16.160000000000004,57.293495178222656
16.17,49.20592498779297,16.17,105.09738159179688,16.17,53.39501190185547,16.17,83.42955780029297,16.17,56.9590072631836
16.18,48.42588424682617,16.18,105.12405395507812,16.18,52.649044036865234,16.18,83.49775695800781,16.18,56.609169006347656
16.189999999999998,47.65242385864258,16.189999999999998,105.16361236572266,16.189999999999998,51.92110824584961,16.189999999999998,83.57172393798828,16.189999999999998,56.27941131591797
16.200000000000003,46.880348205566406,16.200000000000003,105.21060180664062,16.200000000000003,51.17974853515625,16.200000000000003,83.64390563964844,16.200000000000003,55.99269485473633
16.21,46.11850357055664,16.21,105.26084899902344,16.21,50.39728546142578,16.21,83.71893310546875,16.21,55.77914810180664
16.22,45.34953689575195,16.22,105.2961196899414,16.22,49.59482192993164,16.22,83.79508209228516,16.22,55.64475631713867
16.230000000000004,44.5947380065918,16.230000000000004,105.30428314208984,16.229999999999997,48.78923797607422,16.229999999999997,83.871337890625,16.230000000000004,55.538230895996094
16.240000000000002,43.83858489990234,16.240000000000002,105.2942352294922,16.240000000000002,48.00419616699219,16.240000000000002,83.9381332397461,16.240000000000002,55.43846893310547
16.25,43.107269287109375,16.25,105.2640380859375,16.25,47.27947616577149,16.25,83.9820327758789,16.25,55.34899520874024
16.259999999999998,42.39289855957031,16.259999999999998,105.22640228271484,16.259999999999998,46.60504913330078,16.259999999999998,84.01129150390625,16.259999999999998,55.24604415893555
16.270000000000003,41.68047332763672,16.270000000000003,105.20561981201172,16.270000000000003,45.943397521972656,16.270000000000003,84.03404235839844,16.270000000000003,55.13271713256836
16.28,40.96641159057617,16.28,105.20320129394533,16.28,45.28147506713867,16.28,84.06227111816406,16.28,55.01031494140625
16.29,40.23278045654297,16.29,105.2011947631836,16.29,44.59260940551758,16.29,84.10231018066406,16.29,54.914188385009766
16.300000000000004,39.48429870605469,16.299999999999997,105.17536926269533,16.299999999999997,43.87599563598633,16.299999999999997,84.14473724365234,16.300000000000004,54.85503768920898
16.310000000000002,38.730499267578125,16.310000000000002,105.12197875976562,16.310000000000002,43.15096282958984,16.310000000000002,84.16706848144531,16.310000000000002,54.83127975463867
16.32,37.98835754394531,16.32,105.05787658691406,16.32,42.4227180480957,16.32,84.15348052978516,16.32,54.83015060424805
16.33,37.27824020385742,16.33,105.00096893310548,16.33,41.673587799072266,16.33,84.11414337158203,16.33,54.84065628051758
16.340000000000003,36.59569549560547,16.340000000000003,104.93563842773438,16.340000000000003,40.91763305664063,16.339999999999996,84.07032775878906,16.340000000000003,54.852420806884766
16.35,35.90602111816406,16.35,104.8553237915039,16.35,40.181427001953125,16.35,84.02953338623047,16.35,54.83551788330078
16.36,35.184295654296875,16.36,104.78197479248048,16.36,39.47028350830078,16.36,83.98280334472656,16.36,54.78310775756836
16.370000000000005,34.44254302978516,16.369999999999997,104.72384643554688,16.369999999999997,38.772552490234375,16.369999999999997,83.94078063964844,16.370000000000005,54.75413513183594
16.380000000000003,33.70330047607422,16.380000000000003,104.65544128417967,16.380000000000003,38.07183074951172,16.380000000000003,83.9222640991211,16.380000000000003,54.774295806884766
16.39,32.97707748413086,16.39,104.56661987304688,16.39,37.37528991699219,16.39,83.90886688232422,16.39,54.827728271484375
16.4,32.25748062133789,16.4,104.45832824707033,16.4,36.6893310546875,16.4,83.89225006103516,16.4,54.89669799804688
16.410000000000004,31.57516098022461,16.410000000000004,104.3441390991211,16.409999999999997,36.005584716796875,16.409999999999997,83.8791275024414,16.410000000000004,54.97428131103516
16.42,30.90212631225586,16.42,104.21836853027344,16.42,35.33207702636719,16.42,83.86998748779297,16.42,55.068458557128906
16.43,30.21218490600586,16.43,104.07613372802734,16.43,34.667564392089844,16.43,83.86251831054688,16.43,55.19316864013672
16.439999999999998,29.52203941345215,16.439999999999998,103.92867279052734,16.439999999999998,34.00504302978516,16.439999999999998,83.8555908203125,16.439999999999998,55.325775146484375
16.450000000000003,28.850027084350582,16.450000000000003,103.7854461669922,16.450000000000003,33.34000396728516,16.450000000000003,83.84893798828125,16.450000000000003,55.469017028808594
16.46,28.169282913208008,16.46,103.6570816040039,16.46,32.67665481567383,16.46,83.84376525878906,16.46,55.61627578735352
16.47,27.494434356689453,16.47,103.53014373779295,16.47,32.024505615234375,16.47,83.84748077392578,16.47,55.76814651489258
16.480000000000004,26.836557388305664,16.480000000000004,103.3984375,16.479999999999997,31.38992118835449,16.479999999999997,83.85916900634766,16.480000000000004,55.919246673583984
16.490000000000002,26.19322967529297,16.490000000000002,103.27967071533205,16.490000000000002,30.7773494720459,16.490000000000002,83.87366485595703,16.490000000000002,56.07759475708008
16.5,25.55575561523437,16.5,103.14867401123048,16.5,30.18211555480957,16.5,83.8850326538086,16.5,56.230377197265625
16.509999999999998,24.92134666442871,16.509999999999998,102.99870300292967,16.509999999999998,29.58948516845703,16.509999999999998,83.89440155029297,16.509999999999998,56.360145568847656
16.520000000000003,24.28267478942871,16.520000000000003,102.83106994628906,16.520000000000003,29.00244331359864,16.520000000000003,83.89889526367188,16.520000000000003,56.48825454711914
16.53,23.64477157592773,16.53,102.66033935546876,16.53,28.41499137878418,16.53,83.89999389648438,16.53,56.65069961547852
16.54,23.035755157470703,16.54,102.49716186523438,16.54,27.81840133666992,16.54,83.89920043945312,16.54,56.862422943115234
16.550000000000004,22.459321975708008,16.549999999999997,102.32830810546876,16.549999999999997,27.21864128112793,16.549999999999997,83.9029769897461,16.550000000000004,57.11246109008789
16.560000000000002,21.90988540649414,16.560000000000002,102.15277862548828,16.560000000000002,26.62630653381348,16.560000000000002,83.90817260742188,16.560000000000002,57.39622116088867
16.57,21.37078857421875,16.57,101.9865264892578,16.57,26.057085037231445,16.57,83.91544342041016,16.57,57.69435119628906
16.580000000000005,20.837814331054688,16.58,101.8232650756836,16.58,25.508569717407227,16.58,83.92425537109375,16.58,58.011505126953125
16.590000000000003,20.313209533691406,16.590000000000003,101.6587371826172,16.590000000000003,24.97857093811035,16.589999999999996,83.93901062011719,16.590000000000003,58.36894989013672
16.6,19.77327537536621,16.6,101.49889373779295,16.6,24.456439971923828,16.6,83.95350646972656,16.6,58.76260757446289
16.61,19.234607696533203,16.61,101.36231231689452,16.61,23.951095581054688,16.61,83.96561431884766,16.61,59.2157096862793
16.620000000000005,18.715877532958984,16.619999999999997,101.24173736572266,16.619999999999997,23.457664489746094,16.619999999999997,83.97740173339844,16.620000000000005,59.73616790771485
16.630000000000003,18.225643157958984,16.630000000000003,101.11808013916016,16.630000000000003,22.966970443725582,16.630000000000003,83.98961639404297,16.630000000000003,60.28619003295898
16.64,17.762779235839844,16.64,100.99595642089844,16.64,22.453292846679688,16.64,83.99760437011719,16.64,60.82428741455078
16.650000000000006,17.343772888183594,16.65,100.878173828125,16.65,21.940752029418945,16.65,83.9962387084961,16.65,61.3232536315918
16.660000000000004,16.948379516601562,16.660000000000004,100.7730941772461,16.659999999999997,21.43842124938965,16.659999999999997,83.9863510131836,16.660000000000004,61.7998275756836
16.67,16.54636001586914,16.67,100.69171905517578,16.67,20.95952033996582,16.67,83.9718246459961,16.67,62.30402755737305
16.68,16.144779205322266,16.68,100.62386322021484,16.68,20.542543411254883,16.68,83.95435333251953,16.68,62.8594970703125
16.690000000000005,15.76998519897461,16.690000000000005,100.55703735351562,16.689999999999998,20.21185111999512,16.689999999999998,83.93939208984375,16.689999999999998,63.4598503112793
16.700000000000003,15.435300827026367,16.700000000000003,100.4795913696289,16.700000000000003,19.96379280090332,16.700000000000003,83.93119049072266,16.700000000000003,64.08048248291016
16.71,15.106521606445312,16.71,100.4035873413086,16.71,19.72674560546875,16.71,83.92047882080078,16.71,64.68070983886719
16.720000000000006,14.789320945739746,16.72,100.33258056640624,16.72,19.46823501586914,16.72,83.9100341796875,16.72,65.2378921508789
16.730000000000004,14.504032135009766,16.730000000000004,100.2791519165039,16.729999999999997,19.18925666809082,16.729999999999997,83.90811920166016,16.730000000000004,65.78082275390625
16.740000000000002,14.24656105041504,16.740000000000002,100.24199676513672,16.740000000000002,18.863677978515625,16.740000000000002,83.9119873046875,16.740000000000002,66.36565399169922
16.75,13.98670482635498,16.75,100.20958709716795,16.75,18.463563919067383,16.75,83.91910552978516,16.75,66.9937515258789
16.760000000000005,13.74666690826416,16.760000000000005,100.1842803955078,16.759999999999998,18.054317474365234,16.759999999999998,83.91899871826172,16.759999999999998,67.64176177978516
16.770000000000003,13.556563377380373,16.770000000000003,100.16312408447266,16.770000000000003,17.67789077758789,16.770000000000003,83.90807342529297,16.770000000000003,68.2735366821289
16.78,13.400652885437012,16.78,100.13697814941406,16.78,17.364032745361328,16.78,83.8907241821289,16.78,68.86579895019531
16.790000000000006,13.248058319091797,16.79,100.11151123046876,16.79,17.119937896728516,16.79,83.86555480957031,16.79,69.4153060913086
16.800000000000004,13.067920684814451,16.800000000000004,100.09577178955078,16.799999999999997,16.928674697875977,16.799999999999997,83.8382568359375,16.800000000000004,69.94599151611328
16.810000000000002,12.857108116149902,16.810000000000002,100.08428192138672,16.810000000000002,16.747350692749023,16.810000000000002,83.80814361572266,16.810000000000002,70.46869659423828
16.82,12.625127792358398,16.82,100.07535552978516,16.82,16.563053131103516,16.82,83.77709197998047,16.82,70.9678726196289
16.830000000000005,12.415203094482422,16.830000000000005,100.06293487548828,16.83,16.359481811523438,16.83,83.74565887451172,16.83,71.44949340820312
16.840000000000003,12.221413612365724,16.840000000000003,100.0413589477539,16.840000000000003,16.1394100189209,16.839999999999996,83.71576690673828,16.840000000000003,71.9084701538086
16.85,12.038195610046388,16.85,100.01332092285156,16.85,15.918377876281738,16.85,83.69448852539062,16.85,72.38019561767578
16.86,11.875792503356934,16.86,99.98556518554688,16.86,15.708009719848633,16.86,83.67713928222656,16.86,72.88350677490234
16.870000000000005,11.743091583251951,16.870000000000005,99.95996856689452,16.869999999999997,15.51638889312744,16.869999999999997,83.66436004638672,16.870000000000005,73.40999603271484
16.880000000000003,11.622549057006836,16.880000000000003,99.93610382080078,16.879999999999995,15.354462623596191,16.880000000000003,83.6552734375,16.880000000000003,73.94385528564453
16.89,11.504765510559082,16.89,99.91043090820312,16.89,15.195816040039062,16.89,83.64683532714844,16.89,74.47360229492188
16.900000000000006,11.4104642868042,16.900000000000006,99.88035583496094,16.9,15.032196998596191,16.9,83.635009765625,16.9,74.98486328125
16.910000000000004,11.347906112670898,16.910000000000004,99.84468841552734,16.909999999999997,14.875584602355955,16.909999999999997,83.62316131591797,16.910000000000004,75.47454833984375
16.92,11.305986404418944,16.92,99.8038101196289,16.919999999999995,14.737979888916016,16.92,83.60750579833984,16.92,75.94266510009766
16.93,11.25666332244873,16.93,99.76232147216795,16.93,14.613311767578123,16.93,83.58712768554688,16.93,76.4012451171875
16.940000000000005,11.186708450317385,16.940000000000005,99.72013854980467,16.939999999999998,14.490989685058594,16.939999999999998,83.56576538085938,16.939999999999998,76.87779235839844
16.950000000000003,11.106456756591797,16.950000000000003,99.68254089355467,16.949999999999996,14.361590385437012,16.950000000000003,83.54666137695312,16.950000000000003,77.37281799316406
16.96,11.023773193359377,16.96,99.66077423095705,16.96,14.23717212677002,16.96,83.53064727783203,16.96,77.8607177734375
16.970000000000006,10.946640968322754,16.97,99.6553955078125,16.97,14.12670612335205,16.97,83.52379608154297,16.97,78.32929229736328
16.980000000000004,10.892218589782717,16.980000000000004,99.65680694580078,16.979999999999997,14.028711318969728,16.980000000000004,83.52716827392578,16.980000000000004,78.77832794189453
16.990000000000002,10.848033905029297,16.990000000000002,99.64707946777344,16.989999999999995,13.938454627990724,16.990000000000002,83.53238677978516,16.990000000000002,79.1758041381836
17.0,10.791936874389648,17.0,99.6298370361328,17.0,13.857721328735352,17.0,83.53529357910156,17.0,79.56260681152344
17.010000000000005,10.720980644226074,17.010000000000005,99.6137924194336,17.009999999999998,13.787970542907717,17.009999999999998,83.53499603271484,17.009999999999998,79.9754638671875
17.020000000000003,10.638120651245115,17.020000000000003,99.5925750732422,17.019999999999996,13.729397773742676,17.020000000000003,83.53038787841797,17.020000000000003,80.42282104492188
17.03,10.543761253356934,17.03,99.55970764160156,17.03,13.669109344482422,17.03,83.5208969116211,17.03,80.87321472167969
17.040000000000006,10.443105697631836,17.04,99.52913665771484,17.04,13.601001739501951,17.04,83.5076904296875,17.04,81.31491088867188
17.050000000000004,10.341105461120604,17.050000000000004,99.50338745117188,17.049999999999997,13.527655601501465,17.050000000000004,83.48997497558594,17.050000000000004,81.76097869873047
17.060000000000002,10.253963470458984,17.060000000000002,99.47242736816406,17.059999999999995,13.456686973571776,17.060000000000002,83.46881866455078,17.060000000000002,82.2157211303711
17.07,10.184596061706545,17.07,99.45677947998048,17.07,13.386083602905272,17.07,83.45134735107422,17.07,82.66513061523438
17.080000000000005,10.122291564941406,17.080000000000005,99.45006561279295,17.08,13.318803787231444,17.08,83.43824768066406,17.080000000000005,83.09917449951172
17.090000000000003,10.059188842773438,17.090000000000003,99.44562530517578,17.089999999999996,13.263017654418944,17.090000000000003,83.43045806884766,17.090000000000003,83.50946044921875
17.1,9.99497890472412,17.1,99.43319702148438,17.1,13.22670555114746,17.1,83.42277526855469,17.1,83.8868637084961
17.11,9.934865951538086,17.11,99.40766143798828,17.11,13.207245826721191,17.11,83.41355895996094,17.11,84.21022033691406
17.120000000000005,9.884350776672363,17.120000000000005,99.37158203125,17.119999999999997,13.202882766723633,17.120000000000005,83.4008560180664,17.120000000000005,84.50391387939453
17.130000000000003,9.846273422241213,17.130000000000003,99.33366394042967,17.129999999999995,13.2142972946167,17.130000000000003,83.38504028320312,17.130000000000003,84.83250427246094
17.14,9.812881469726562,17.14,99.2921371459961,17.14,13.234662055969238,17.14,83.36703491210938,17.14,85.22212219238281
17.150000000000006,9.777141571044922,17.150000000000006,99.2598114013672,17.15,13.259718894958496,17.15,83.34750366210938,17.150000000000006,85.63648223876953
17.160000000000004,9.74213695526123,17.160000000000004,99.2427215576172,17.159999999999997,13.27877712249756,17.160000000000004,83.32966613769531,17.160000000000004,86.05467224121094
17.17,9.714208602905272,17.17,99.22882080078124,17.169999999999995,13.286145210266112,17.17,83.31674194335938,17.17,86.46082305908203
17.18,9.681875228881836,17.18,99.19628143310548,17.18,13.276409149169922,17.18,83.30984497070312,17.18,86.80593872070312
17.190000000000005,9.639642715454102,17.190000000000005,99.1514663696289,17.189999999999998,13.24096393585205,17.190000000000005,83.30802154541016,17.190000000000005,87.0703125
17.200000000000003,9.59446620941162,17.200000000000003,99.09595489501952,17.199999999999996,13.180826187133787,17.200000000000003,83.3114013671875,17.200000000000003,87.31051635742188
17.21,9.551825523376465,17.21,99.03571319580078,17.21,13.106829643249512,17.21,83.3175277709961,17.21,87.58164978027344
17.220000000000006,9.520414352416992,17.22,98.96492004394533,17.22,13.023073196411133,17.22,83.3215103149414,17.220000000000006,87.90397644042969
17.230000000000004,9.499261856079102,17.230000000000004,98.8847427368164,17.229999999999997,12.936379432678224,17.230000000000004,83.32183837890625,17.230000000000004,88.24739837646484
17.240000000000002,9.494016647338867,17.240000000000002,98.81365203857422,17.239999999999995,12.854453086853027,17.240000000000002,83.3204574584961,17.240000000000002,88.58387756347656
17.25,9.50075912475586,17.25,98.75687408447266,17.25,12.777728080749512,17.25,83.31903839111328,17.25,88.90522003173828
17.260000000000005,9.50786018371582,17.260000000000005,98.70889282226562,17.259999999999998,12.708476066589355,17.259999999999998,83.31681060791016,17.260000000000005,89.17831420898438
17.270000000000003,9.507676124572754,17.270000000000003,98.65821838378906,17.269999999999996,12.647377967834473,17.270000000000003,83.31632232666016,17.270000000000003,89.33622741699219
17.28,9.478764533996582,17.28,98.60552978515624,17.28,12.597833633422852,17.28,83.31433868408203,17.28,89.42363739013672
17.290000000000006,9.424551010131836,17.29,98.55342864990234,17.29,12.56711483001709,17.29,83.31776428222656,17.290000000000006,89.4857177734375
17.300000000000004,9.356659889221191,17.300000000000004,98.49746704101562,17.299999999999997,12.55468463897705,17.300000000000004,83.32413482666016,17.300000000000004,89.56494903564453
17.310000000000002,9.286371231079102,17.310000000000002,98.43316650390624,17.309999999999995,12.566855430603027,17.310000000000002,83.331787109375,17.310000000000002,89.70182037353516
17.32,9.22015380859375,17.32,98.36184692382812,17.32,12.596372604370115,17.32,83.33507537841797,17.32,89.90970611572266
17.330000000000005,9.1575288772583,17.330000000000005,98.30022430419922,17.33,12.635686874389648,17.33,83.33334350585938,17.330000000000005,90.13381958007812
17.340000000000003,9.095636367797852,17.340000000000003,98.2563247680664,17.339999999999996,12.677610397338867,17.340000000000003,83.33145141601562,17.340000000000003,90.32694244384766
17.35,9.029515266418455,17.35,98.22863006591795,17.35,12.723313331604004,17.35,83.3272476196289,17.35,90.49661254882812
17.36,8.95281982421875,17.36,98.2123794555664,17.36,12.767425537109377,17.36,83.31945037841797,17.36,90.6413116455078
17.370000000000005,8.861812591552734,17.370000000000005,98.2062530517578,17.369999999999997,12.798417091369627,17.370000000000005,83.32405853271484,17.370000000000005,90.74803161621094
17.380000000000003,8.768651962280273,17.380000000000003,98.20519256591795,17.379999999999995,12.812074661254885,17.380000000000003,83.32119750976562,17.380000000000003,90.83441162109376
17.39,8.692986488342285,17.39,98.19414520263672,17.39,12.809879302978516,17.39,83.32112121582031,17.39,90.93010711669922
17.400000000000006,8.63514518737793,17.400000000000006,98.18250274658205,17.4,12.787692070007324,17.4,83.31989288330078,17.400000000000006,91.05072784423828
17.410000000000004,8.598933219909668,17.410000000000004,98.17169189453124,17.409999999999997,12.742697715759276,17.410000000000004,83.31761169433594,17.410000000000004,91.19674682617188
17.42,8.581642150878906,17.42,98.16017150878906,17.419999999999995,12.68190574645996,17.42,83.31309509277344,17.42,91.37448120117188
17.43,8.585739135742188,17.43,98.1563720703125,17.43,12.615072250366213,17.43,83.30203247070312,17.43,91.56109619140624
17.440000000000005,8.60726261138916,17.440000000000005,98.16552734375,17.439999999999998,12.554770469665527,17.440000000000005,83.29602813720703,17.440000000000005,91.7408447265625
17.450000000000003,8.634916305541992,17.450000000000003,98.18932342529295,17.449999999999996,12.505903244018556,17.450000000000003,83.29197692871094,17.450000000000003,91.91046905517578
17.46,8.672810554504395,17.46,98.2276611328125,17.46,12.46718978881836,17.46,83.28550720214844,17.46,92.05975341796876
17.470000000000006,8.717046737670898,17.47,98.27098846435548,17.47,12.438652992248535,17.47,83.27952575683594,17.470000000000006,92.1811294555664
17.480000000000004,8.75537109375,17.480000000000004,98.31139373779295,17.479999999999997,12.420101165771484,17.480000000000004,83.27174377441406,17.480000000000004,92.28882598876952
17.490000000000002,8.786823272705078,17.490000000000002,98.34146118164062,17.489999999999995,12.414233207702637,17.490000000000002,83.2641372680664,17.490000000000002,92.3895492553711
17.5,8.819863319396973,17.5,98.36356353759766,17.5,12.419492721557615,17.5,83.25517272949219,17.5,92.49646759033205
17.510000000000005,8.850006103515625,17.510000000000005,98.3817367553711,17.509999999999998,12.43073272705078,17.509999999999998,83.24370574951172,17.510000000000005,92.61849975585938
17.520000000000003,8.866669654846191,17.520000000000003,98.3945083618164,17.519999999999996,12.445120811462402,17.520000000000003,83.23269653320312,17.520000000000003,92.75435638427734
17.53,8.874910354614258,17.53,98.4105453491211,17.53,12.459660530090332,17.53,83.22333526611328,17.53,92.89310455322266
17.540000000000006,8.876158714294434,17.54,98.43842315673828,17.54,12.475349426269531,17.54,83.21480560302734,17.540000000000006,93.0323486328125
17.550000000000004,8.874092102050781,17.550000000000004,98.4714584350586,17.549999999999997,12.493419647216797,17.550000000000004,83.20526885986328,17.550000000000004,93.17366027832033
17.560000000000002,8.873908042907715,17.560000000000002,98.49684143066406,17.559999999999995,12.516640663146973,17.560000000000002,83.19871520996094,17.560000000000002,93.29971313476562
17.57,8.87199878692627,17.57,98.51433563232422,17.57,12.54301643371582,17.57,83.19317626953125,17.57,93.39759826660156
17.580000000000005,8.865849494934082,17.580000000000005,98.5254135131836,17.58,12.565573692321776,17.58,83.18865966796875,17.580000000000005,93.47635650634766
17.590000000000003,8.865032196044922,17.590000000000003,98.5315399169922,17.589999999999996,12.573549270629885,17.590000000000003,83.18248748779297,17.590000000000003,93.55231475830078
17.6,8.87321949005127,17.6,98.5355987548828,17.6,12.573741912841797,17.6,83.17878723144531,17.6,93.63784790039062
17.61,8.886465072631836,17.61,98.53948974609376,17.61,12.567242622375488,17.61,83.17567443847656,17.61,93.72453308105467
17.620000000000005,8.907391548156738,17.620000000000005,98.54502868652344,17.619999999999997,12.555700302124023,17.620000000000005,83.17179107666016,17.620000000000005,93.81604766845705
17.630000000000003,8.933923721313477,17.630000000000003,98.55204010009766,17.629999999999995,12.540290832519531,17.630000000000003,83.16896057128906,17.630000000000003,93.9180908203125
17.64,8.957245826721191,17.64,98.55791473388672,17.64,12.523066520690918,17.64,83.16466522216797,17.64,94.03597259521484
17.650000000000006,8.97457218170166,17.650000000000006,98.56237030029295,17.65,12.509257316589355,17.65,83.16065979003906,17.650000000000006,94.15486907958984
17.660000000000004,8.98697280883789,17.660000000000004,98.56258392333984,17.659999999999997,12.5023832321167,17.660000000000004,83.15828704833984,17.660000000000004,94.24860382080078
17.67,8.995747566223145,17.67,98.55716705322266,17.669999999999995,12.499256134033203,17.67,83.1597900390625,17.67,94.3037109375
17.68,9.001317024230957,17.68,98.5466079711914,17.68,12.498847007751465,17.68,83.16110229492188,17.68,94.33914947509766
17.690000000000005,8.99975299835205,17.690000000000005,98.5302963256836,17.689999999999998,12.502567291259766,17.690000000000005,83.16400146484375,17.690000000000005,94.37203216552734
17.700000000000003,8.99034309387207,17.700000000000003,98.51189422607422,17.699999999999996,12.505571365356444,17.700000000000003,83.16496276855469,17.700000000000003,94.41705322265624
17.71,8.978595733642578,17.71,98.49324798583984,17.71,12.506721496582031,17.71,83.1650390625,17.71,94.48225402832033
17.720000000000006,8.964811325073242,17.72,98.47505950927734,17.72,12.500353813171388,17.72,83.16590118408203,17.720000000000006,94.57154083251952
17.730000000000004,8.946998596191406,17.730000000000004,98.46353149414062,17.729999999999997,12.489165306091309,17.730000000000004,83.1650619506836,17.730000000000004,94.68314361572266
17.740000000000002,8.922840118408203,17.740000000000002,98.45266723632812,17.739999999999995,12.471773147583008,17.740000000000002,83.16280364990234,17.740000000000002,94.8043441772461
17.75,8.88709831237793,17.75,98.44400787353516,17.75,12.44743824005127,17.75,83.16360473632812,17.75,94.91620635986328
17.760000000000005,8.851831436157227,17.760000000000005,98.4357452392578,17.759999999999998,12.414995193481444,17.759999999999998,83.16641998291016,17.760000000000005,95.00912475585938
17.770000000000003,8.829361915588379,17.770000000000003,98.43131256103516,17.769999999999996,12.384536743164062,17.770000000000003,83.1679458618164,17.770000000000003,95.08307647705078
17.78,8.811023712158203,17.78,98.42772674560548,17.78,12.360069274902344,17.78,83.16841125488281,17.78,95.15362548828124
17.790000000000006,8.787978172302246,17.79,98.42400360107422,17.79,12.343657493591309,17.79,83.16731262207031,17.790000000000006,95.21878051757812
17.800000000000004,8.774812698364258,17.800000000000004,98.41889190673828,17.799999999999997,12.332247734069824,17.800000000000004,83.1665267944336,17.800000000000004,95.28395080566406
17.810000000000002,8.767770767211914,17.810000000000002,98.41436004638672,17.809999999999995,12.320426940917969,17.810000000000002,83.16595458984375,17.810000000000002,95.3538818359375
17.82,8.763019561767578,17.82,98.41036987304688,17.82,12.309688568115234,17.82,83.16435241699219,17.82,95.43026733398438
17.830000000000005,8.756935119628906,17.830000000000005,98.4071044921875,17.83,12.297056198120115,17.83,83.16397094726562,17.830000000000005,95.51019287109376
17.840000000000003,8.750785827636719,17.840000000000003,98.4011459350586,17.839999999999996,12.288923263549805,17.840000000000003,83.1675033569336,17.840000000000003,95.5887451171875
17.85,8.7426118850708,17.85,98.4014663696289,17.85,12.2930326461792,17.85,83.17003631591797,17.85,95.65484619140624
17.86,8.73504638671875,17.86,98.4001922607422,17.86,12.30111312866211,17.86,83.17198944091797,17.86,95.70451354980467
17.870000000000005,8.726078033447266,17.870000000000005,98.39410400390624,17.869999999999997,12.310527801513672,17.870000000000005,83.17240142822266,17.870000000000005,95.7391357421875
17.880000000000003,8.715314865112305,17.880000000000003,98.38837432861328,17.879999999999995,12.31548309326172,17.880000000000003,83.1755599975586,17.880000000000003,95.7681655883789
17.89,8.703742027282715,17.89,98.38899993896484,17.89,12.319326400756836,17.89,83.1776123046875,17.89,95.80149841308594
17.900000000000006,8.686566352844238,17.900000000000006,98.3939437866211,17.9,12.321290969848633,17.9,83.17813110351562,17.900000000000006,95.83390808105467
17.910000000000004,8.672712326049805,17.910000000000004,98.39898681640624,17.909999999999997,12.321001052856444,17.910000000000004,83.17935943603516,17.910000000000004,95.8912353515625
17.92,8.660490036010742,17.92,98.40524291992188,17.919999999999995,12.31926155090332,17.92,83.18144226074219,17.92,95.9682846069336
17.93,8.642765045166016,17.93,98.41092681884766,17.93,12.316601753234863,17.93,83.18360137939453,17.93,96.0448989868164
17.940000000000005,8.623502731323242,17.940000000000005,98.41439056396484,17.939999999999998,12.315313339233398,17.940000000000005,83.18482208251953,17.940000000000005,96.10362243652344
17.950000000000003,8.611257553100586,17.950000000000003,98.42008972167967,17.949999999999996,12.317911148071287,17.950000000000003,83.18556213378906,17.950000000000003,96.13770294189452
17.96,8.613836288452148,17.96,98.43020629882812,17.96,12.325918197631836,17.96,83.18568420410156,17.96,96.1414794921875
17.970000000000006,8.614357948303223,17.97,98.44154357910156,17.97,12.339262008666992,17.97,83.18505096435547,17.970000000000006,96.13262176513672
17.980000000000004,8.61281967163086,17.980000000000004,98.45437622070312,17.979999999999997,12.355103492736816,17.980000000000004,83.1845703125,17.980000000000004,96.12271881103516
17.990000000000002,8.612550735473633,17.990000000000002,98.46504974365234,17.989999999999995,12.37122631072998,17.990000000000002,83.1844711303711,17.990000000000002,96.1087646484375
18.0,8.618362426757812,18.0,98.4726333618164,18.0,12.38375759124756,18.0,83.1854248046875,18.0,96.094482421875
18.010000000000005,8.623594284057617,18.010000000000005,98.47900390625,18.009999999999998,12.389426231384276,18.009999999999998,83.18617248535156,18.010000000000005,96.09183502197266
18.020000000000003,8.6220703125,18.020000000000003,98.48529052734376,18.02,12.387470245361328,18.020000000000003,83.18673706054688,18.020000000000003,96.10286712646484
18.03,8.61721134185791,18.03,98.49581909179688,18.03,12.380253791809082,18.03,83.18724822998047,18.03,96.1214370727539
18.040000000000006,8.616644859313965,18.04,98.51364135742188,18.04,12.367873191833496,18.04,83.18865203857422,18.040000000000006,96.13956451416016
18.050000000000004,8.621133804321289,18.050000000000004,98.52901458740234,18.05,12.352861404418944,18.050000000000004,83.18851470947266,18.050000000000004,96.14807891845705
18.06,8.626222610473633,18.06,98.54411315917967,18.059999999999995,12.347758293151855,18.06,83.19013214111328,18.06,96.14834594726562
18.07,8.630066871643066,18.07,98.55889129638672,18.07,12.349209785461426,18.07,83.1915054321289,18.07,96.14297485351562
18.080000000000005,8.632224082946777,18.080000000000005,98.57038879394533,18.08,12.356021881103516,18.08,83.19126892089844,18.080000000000005,96.13655090332033
18.090000000000003,8.632923126220703,18.090000000000003,98.57430267333984,18.09,12.366695404052734,18.090000000000003,83.19017791748047,18.090000000000003,96.12727355957033
18.1,8.635616302490234,18.1,98.5732650756836,18.1,12.379340171813965,18.1,83.18730926513672,18.1,96.12577056884766
18.11,8.643941879272461,18.11,98.5728988647461,18.11,12.391145706176758,18.11,83.18738555908203,18.11,96.13630676269533
18.120000000000005,8.655561447143555,18.120000000000005,98.57950592041016,18.12,12.398371696472168,18.120000000000005,83.18712615966797,18.120000000000005,96.15557861328124
18.130000000000003,8.666133880615234,18.130000000000003,98.59480285644533,18.129999999999995,12.403045654296877,18.130000000000003,83.1845703125,18.130000000000003,96.16911315917967
18.14,8.67261791229248,18.14,98.6168441772461,18.14,12.407744407653809,18.14,83.1803970336914,18.14,96.18144989013672
18.15000000000001,8.681058883666992,18.15000000000001,98.62456512451172,18.15,12.407560348510742,18.15,83.17862701416016,18.15000000000001,96.18592834472656
18.160000000000004,8.687463760375977,18.160000000000004,98.62781524658205,18.16,12.403768539428713,18.160000000000004,83.18097686767578,18.160000000000004,96.17442321777344
18.17,8.69795036315918,18.17,98.6267318725586,18.169999999999995,12.397589683532717,18.17,83.18119812011719,18.17,96.15409088134766
18.18,8.713250160217285,18.18,98.632568359375,18.18,12.390681266784668,18.18,83.18008422851562,18.18,96.1347198486328
18.190000000000005,8.723166465759277,18.190000000000005,98.63610076904295,18.19,12.386943817138672,18.190000000000005,83.18110656738281,18.190000000000005,96.1262435913086
18.200000000000003,8.735158920288086,18.200000000000003,98.63483428955078,18.2,12.384552001953123,18.200000000000003,83.1819839477539,18.200000000000003,96.12582397460938
18.21,8.749673843383789,18.21,98.63321685791016,18.21,12.38270378112793,18.21,83.18397521972656,18.21,96.13695526123048
18.22000000000001,8.759596824645996,18.22,98.6311492919922,18.22,12.379837036132812,18.22,83.1834487915039,18.22000000000001,96.16223907470705
18.230000000000004,8.76187515258789,18.230000000000004,98.62835693359376,18.23,12.375245094299316,18.230000000000004,83.18241882324219,18.230000000000004,96.20043182373048
18.24,8.756296157836914,18.24,98.6318817138672,18.239999999999995,12.37185764312744,18.24,83.18180084228516,18.24,96.23551940917967
18.25,8.737527847290039,18.25,98.62751007080078,18.25,12.36729621887207,18.25,83.18228149414062,18.25,96.25980377197266
18.260000000000005,8.71438980102539,18.260000000000005,98.6281509399414,18.26,12.362048149108888,18.26,83.18379211425781,18.260000000000005,96.27098083496094
18.270000000000003,8.706341743469238,18.270000000000003,98.6295394897461,18.27,12.357526779174805,18.270000000000003,83.18599700927734,18.270000000000003,96.27706909179688
18.28,8.699407577514648,18.28,98.63092041015624,18.28,12.350730895996094,18.28,83.1864242553711,18.28,96.2917251586914
18.290000000000006,8.68814468383789,18.29,98.62950897216795,18.29,12.34325122833252,18.29,83.18663787841797,18.290000000000006,96.29563903808594
18.300000000000004,8.680209159851074,18.300000000000004,98.62616729736328,18.3,12.335515022277832,18.300000000000004,83.18765258789062,18.300000000000004,96.3047103881836
18.31,8.684247016906738,18.31,98.63307189941406,18.309999999999995,12.328849792480469,18.31,83.1878433227539,18.31,96.32227325439452
18.32,8.69056510925293,18.32,98.6393051147461,18.32,12.322669982910156,18.32,83.18598937988281,18.32,96.3451156616211
18.330000000000005,8.693258285522461,18.330000000000005,98.64176177978516,18.33,12.315651893615724,18.33,83.18515014648438,18.330000000000005,96.36677551269533
18.340000000000003,8.700217247009277,18.340000000000003,98.6424789428711,18.34,12.310802459716797,18.340000000000003,83.18267059326172,18.340000000000003,96.38340759277344
18.35,8.710006713867188,18.35,98.64842987060548,18.35,12.309670448303224,18.35,83.1832275390625,18.35,96.38848114013672
18.36,8.715310096740723,18.36,98.65457153320312,18.36,12.31501293182373,18.36,83.18507385253906,18.36,96.37407684326172
18.370000000000005,8.716473579406738,18.370000000000005,98.65289306640624,18.37,12.32523250579834,18.370000000000005,83.18619537353516,18.370000000000005,96.33858489990234
18.380000000000003,8.717547416687012,18.380000000000003,98.6495132446289,18.379999999999995,12.33852481842041,18.380000000000003,83.18663024902344,18.380000000000003,96.29256439208984
18.39,8.721223831176758,18.39,98.64572143554688,18.39,12.353761672973633,18.39,83.1884536743164,18.39,96.2542953491211
18.40000000000001,8.72523021697998,18.40000000000001,98.64266204833984,18.4,12.36758804321289,18.4,83.18877410888672,18.40000000000001,96.23712158203124
18.410000000000004,8.72934341430664,18.410000000000004,98.64090728759766,18.41,12.378576278686523,18.410000000000004,83.18869018554688,18.410000000000004,96.23779296875
18.42,8.728815078735352,18.42,98.64545440673828,18.419999999999995,12.388093948364258,18.42,83.1895751953125,18.42,96.24347686767578
18.43,8.723621368408203,18.43,98.64279174804688,18.43,12.392477989196776,18.43,83.18924713134766,18.43,96.2551040649414
18.440000000000005,8.732793807983398,18.440000000000005,98.63764190673828,18.44,12.3884859085083,18.440000000000005,83.19231414794922,18.440000000000005,96.27750396728516
18.450000000000003,8.742414474487305,18.450000000000003,98.63894653320312,18.45,12.384422302246094,18.450000000000003,83.19363403320312,18.450000000000003,96.29302215576172
18.46,8.74891185760498,18.46,98.64183044433594,18.46,12.381123542785645,18.46,83.19654083251953,18.46,96.28215789794922
18.47000000000001,8.759753227233887,18.47,98.64585876464844,18.47,12.382177352905272,18.47,83.19880676269531,18.47000000000001,96.23395538330078
18.480000000000004,8.770034790039062,18.480000000000004,98.6452407836914,18.48,12.386544227600098,18.480000000000004,83.20065307617188,18.480000000000004,96.15242767333984
18.49,8.778427124023438,18.49,98.64452362060548,18.489999999999995,12.391759872436523,18.49,83.20257568359375,18.49,96.04988861083984
18.5,8.789992332458496,18.5,98.6443328857422,18.5,12.399580955505373,18.5,83.20519256591797,18.5,95.95393371582033
18.510000000000005,8.806130409240723,18.510000000000005,98.6418914794922,18.51,12.407702445983888,18.51,83.20548248291016,18.510000000000005,95.88565826416016
18.520000000000003,8.819523811340332,18.520000000000003,98.63796997070312,18.52,12.41586685180664,18.520000000000003,83.20657348632812,18.520000000000003,95.84424591064452
18.53,8.825735092163086,18.53,98.63468933105467,18.53,12.423996925354004,18.53,83.20880126953125,18.53,95.81405639648438
18.540000000000006,8.822258949279785,18.54,98.63091278076172,18.54,12.434661865234377,18.54,83.20933532714844,18.540000000000006,95.77001953125
18.550000000000004,8.814469337463379,18.550000000000004,98.63237762451172,18.55,12.449857711791992,18.550000000000004,83.20993041992188,18.550000000000004,95.69790649414062
18.56,8.80601978302002,18.56,98.63998413085938,18.559999999999995,12.466431617736816,18.56,83.20938110351562,18.56,95.59972381591795
18.57,8.797004699707031,18.57,98.64298248291016,18.57,12.4800386428833,18.57,83.20964050292969,18.57,95.49598693847656
18.580000000000005,8.787063598632812,18.580000000000005,98.6422348022461,18.58,12.491822242736816,18.58,83.21458435058594,18.580000000000005,95.39306640625
18.590000000000003,8.777965545654297,18.590000000000003,98.6440200805664,18.59,12.498635292053224,18.590000000000003,83.2193374633789,18.590000000000003,95.27345275878906
18.6,8.781874656677246,18.6,98.64481353759766,18.6,12.50334930419922,18.6,83.22390747070312,18.6,95.12579345703124
18.61,8.791207313537598,18.61,98.64330291748048,18.61,12.508084297180176,18.61,83.23017120361328,18.61,94.94578552246094
18.620000000000005,8.800018310546875,18.620000000000005,98.63934326171876,18.62,12.514450073242188,18.620000000000005,83.23408508300781,18.620000000000005,94.75489807128906
18.630000000000003,8.807687759399414,18.630000000000003,98.63639831542967,18.629999999999995,12.527052879333496,18.630000000000003,83.23627471923828,18.630000000000003,94.57456970214844
18.64,8.81079387664795,18.64,98.6442413330078,18.64,12.542755126953123,18.64,83.23802185058594,18.64,94.40830993652344
18.65000000000001,8.809950828552246,18.65000000000001,98.65715026855467,18.65,12.557531356811523,18.65,83.23875427246094,18.65000000000001,94.24182891845705
18.660000000000004,8.804760932922363,18.660000000000004,98.67435455322266,18.66,12.56802463531494,18.660000000000004,83.23971557617188,18.660000000000004,94.07301330566406
18.67,8.793740272521973,18.67,98.69189453125,18.669999999999995,12.574129104614258,18.67,83.2400131225586,18.67,93.91030883789062
18.68,8.783823013305664,18.68,98.70734405517578,18.68,12.579174041748049,18.68,83.24212646484375,18.68,93.7549819946289
18.690000000000005,8.778555870056152,18.690000000000005,98.72080993652344,18.69,12.580531120300291,18.690000000000005,83.24225616455078,18.690000000000005,93.60342407226562
18.700000000000003,8.772814750671387,18.700000000000003,98.7328872680664,18.7,12.583695411682127,18.700000000000003,83.24177551269531,18.700000000000003,93.4533462524414
18.71,8.767897605895996,18.71,98.75215911865234,18.71,12.586925506591797,18.71,83.24203491210938,18.71,93.2952651977539
18.72000000000001,8.769550323486328,18.72,98.77313232421876,18.72,12.594704627990724,18.72,83.2409896850586,18.72000000000001,93.13914489746094
18.730000000000004,8.775753021240234,18.730000000000004,98.79653930664062,18.73,12.606040954589844,18.730000000000004,83.23606872558594,18.730000000000004,92.9992218017578
18.74,8.780423164367676,18.74,98.81704711914062,18.739999999999995,12.618799209594728,18.74,83.23287963867188,18.74,92.85922241210938
18.75,8.783381462097168,18.75,98.83663177490234,18.75,12.632675170898438,18.75,83.23534393310547,18.75,92.70035552978516
18.760000000000005,8.78911304473877,18.760000000000005,98.85671997070312,18.76,12.64634609222412,18.76,83.2369384765625,18.760000000000005,92.52448272705078
18.770000000000003,8.802350997924805,18.770000000000003,98.8759994506836,18.77,12.661994934082031,18.770000000000003,83.23764038085938,18.770000000000003,92.33416748046876
18.78,8.827444076538086,18.78,98.8918914794922,18.78,12.677303314208984,18.78,83.24058532714844,18.78,92.1241455078125
18.790000000000006,8.85899829864502,18.79,98.90522003173828,18.79,12.691410064697266,18.79,83.24393463134766,18.790000000000006,91.88903045654295
18.800000000000004,8.887565612792969,18.800000000000004,98.91485595703124,18.8,12.700267791748049,18.800000000000004,83.24745178222656,18.800000000000004,91.65067291259766
18.81,8.912872314453125,18.81,98.92610168457033,18.809999999999995,12.70565700531006,18.81,83.25015258789062,18.81,91.42559814453124
18.82,8.936470031738281,18.82,98.93792724609376,18.82,12.710382461547852,18.82,83.25152587890625,18.82,91.21961212158205
18.830000000000005,8.953829765319824,18.830000000000005,98.94961547851562,18.83,12.71485710144043,18.83,83.25208282470703,18.830000000000005,91.0276336669922
18.840000000000003,8.970792770385742,18.840000000000003,98.95829010009766,18.84,12.719176292419434,18.840000000000003,83.25409698486328,18.840000000000003,90.82902526855467
18.85,8.9900541305542,18.85,98.97284698486328,18.85,12.724501609802246,18.85,83.25963592529297,18.85,90.6188735961914
18.860000000000007,9.000350952148438,18.86,98.98749542236328,18.86,12.734258651733398,18.86,83.26209259033203,18.86,90.3960418701172
18.870000000000005,9.003801345825195,18.870000000000005,98.99864196777344,18.87,12.750072479248049,18.870000000000005,83.26390838623047,18.870000000000005,90.15511322021484
18.880000000000003,9.005762100219727,18.880000000000003,99.0022430419922,18.879999999999995,12.769461631774902,18.880000000000003,83.26561737060547,18.880000000000003,89.89205169677734
18.89,9.010010719299316,18.89,99.00316619873048,18.89,12.788074493408203,18.89,83.26837158203125,18.89,89.60689544677734
18.90000000000001,9.012553215026855,18.90000000000001,99.0090103149414,18.9,12.804579734802246,18.9,83.2684326171875,18.90000000000001,89.31890106201172
18.910000000000004,9.017667770385742,18.910000000000004,99.01302337646484,18.91,12.81890869140625,18.910000000000004,83.27116394042969,18.910000000000004,89.04792022705078
18.92,9.026305198669434,18.92,99.01555633544922,18.919999999999995,12.828225135803224,18.92,83.2734375,18.92,88.80265808105469
18.93,9.03815460205078,18.93,99.01818084716795,18.93,12.833222389221191,18.93,83.27423858642578,18.93,88.5804443359375
18.940000000000005,9.05305290222168,18.940000000000005,99.02404022216795,18.94,12.832923889160156,18.940000000000005,83.27620697021484,18.940000000000005,88.38285827636719
18.950000000000003,9.065245628356934,18.950000000000003,99.03582000732422,18.95,12.82808780670166,18.950000000000003,83.27435302734375,18.950000000000003,88.19499969482422
18.96,9.071528434753418,18.96,99.05191802978516,18.96,12.819519996643066,18.96,83.26972961425781,18.96,87.99624633789062
18.97000000000001,9.07559871673584,18.97000000000001,99.06693267822266,18.97,12.810035705566406,18.97,83.26986694335938,18.97000000000001,87.76656341552734
18.980000000000004,9.07763385772705,18.980000000000004,99.07766723632812,18.98,12.80369758605957,18.980000000000004,83.27195739746094,18.980000000000004,87.4856185913086
18.99,9.082548141479492,18.99,99.08574676513672,18.989999999999995,12.807631492614746,18.99,83.2735366821289,18.99,87.1488037109375
19.0,9.097208976745604,19.0,99.09186553955078,19.0,12.822761535644531,19.0,83.27643585205078,19.0,86.79153442382812
19.010000000000005,9.114389419555664,19.010000000000005,99.09185791015624,19.01,12.846823692321776,19.01,83.2782974243164,19.010000000000005,86.43230438232422
19.020000000000003,9.12938117980957,19.020000000000003,99.0881805419922,19.02,12.878151893615724,19.020000000000003,83.27970886230469,19.020000000000003,86.0912094116211
19.03,9.150982856750488,19.03,99.08621978759766,19.03,12.911067008972168,19.03,83.27893829345703,19.03,85.7794418334961
19.040000000000006,9.1763334274292,19.04,99.09100341796876,19.04,12.939413070678713,19.04,83.27904510498047,19.040000000000006,85.501953125
19.050000000000004,9.199383735656738,19.050000000000004,99.09627532958984,19.05,12.96091651916504,19.050000000000004,83.2772216796875,19.050000000000004,85.23028564453125
19.06,9.221696853637695,19.06,99.10836029052734,19.059999999999995,12.975217819213867,19.06,83.27372741699219,19.06,84.93360900878906
19.07,9.253480911254885,19.07,99.12135314941406,19.07,12.985289573669434,19.07,83.27377319335938,19.07,84.59564971923828
19.080000000000005,9.27810287475586,19.080000000000005,99.13118743896484,19.08,12.99681568145752,19.08,83.27549743652344,19.080000000000005,84.22396850585938
19.090000000000003,9.29025173187256,19.090000000000003,99.13224792480467,19.09,13.008096694946287,19.090000000000003,83.2769775390625,19.090000000000003,83.82306671142578
19.1,9.307682037353516,19.1,99.1263656616211,19.1,13.01777458190918,19.1,83.2794189453125,19.1,83.40164947509766
19.110000000000007,9.349011421203612,19.11,99.1180648803711,19.11,13.029986381530762,19.11,83.28030395507812,19.11,82.96566772460938
19.120000000000005,9.406718254089355,19.120000000000005,99.110595703125,19.12,13.043704986572266,19.120000000000005,83.28073120117188,19.120000000000005,82.54082489013672
19.130000000000003,9.473041534423828,19.130000000000003,99.0962142944336,19.129999999999995,13.05323886871338,19.130000000000003,83.28043365478516,19.130000000000003,82.13548278808594
19.14,9.521539688110352,19.14,99.07365417480467,19.14,13.058449745178224,19.14,83.28083038330078,19.14,81.74368286132812
19.15000000000001,9.544931411743164,19.15000000000001,99.04315185546876,19.15,13.069844245910645,19.15,83.28085327148438,19.15000000000001,81.34613800048828
19.160000000000004,9.5603609085083,19.160000000000004,99.01012420654295,19.16,13.089045524597168,19.160000000000004,83.28545379638672,19.160000000000004,80.92858123779297
19.17,9.585673332214355,19.17,98.97151184082033,19.17,13.108868598937988,19.17,83.29047393798828,19.17,80.48206329345703
19.18,9.622515678405762,19.18,98.93438720703124,19.18,13.123113632202148,19.18,83.29939270019531,19.18,80.0074234008789
19.190000000000005,9.667767524719238,19.190000000000005,98.9001693725586,19.19,13.138228416442873,19.190000000000005,83.31021118164062,19.190000000000005,79.50677490234375
19.200000000000003,9.710973739624023,19.200000000000003,98.87045288085938,19.2,13.144701957702637,19.200000000000003,83.32267761230469,19.200000000000003,78.9859390258789
19.21,9.75564193725586,19.21,98.84359741210938,19.21,13.13994312286377,19.21,83.3382797241211,19.21,78.44392395019531
19.22000000000001,9.823638916015623,19.22000000000001,98.83143615722656,19.22,13.103999137878418,19.22,83.35548400878906,19.22000000000001,77.91454315185547
19.230000000000004,9.87934684753418,19.230000000000004,98.82179260253906,19.23,13.054850578308104,19.230000000000004,83.37822723388672,19.230000000000004,77.44283294677734
19.24,9.910399436950684,19.24,98.8010482788086,19.239999999999995,13.024479866027832,19.24,83.4077377319336,19.24,77.08309936523438
19.25,9.941720008850098,19.25,98.78399658203124,19.25,13.030442237854004,19.25,83.4398193359375,19.25,76.74820709228516
19.260000000000005,9.998557090759276,19.260000000000005,98.78089141845705,19.26,13.06441593170166,19.260000000000005,83.47986602783203,19.260000000000005,76.37612915039062
19.270000000000003,10.054879188537598,19.270000000000003,98.7903060913086,19.27,13.10169792175293,19.270000000000003,83.52565002441406,19.270000000000003,75.93571472167969
19.28,10.106995582580566,19.28,98.8361587524414,19.28,13.14696979522705,19.28,83.58389282226562,19.28,75.38117218017578
19.290000000000006,10.137091636657717,19.29,98.91920471191406,19.29,13.212082862854004,19.29,83.66402435302734,19.290000000000006,74.71092987060547
19.300000000000004,10.151941299438477,19.300000000000004,99.02326202392578,19.3,13.290518760681152,19.300000000000004,83.75895690917969,19.300000000000004,74.028564453125
19.31,10.168988227844238,19.31,99.12812042236328,19.309999999999995,13.382662773132324,19.31,83.86630249023438,19.31,73.35662841796875
19.32,10.198683738708496,19.32,99.22602081298828,19.32,13.485082626342772,19.32,83.98603057861328,19.32,72.65509033203125
19.330000000000005,10.251625061035156,19.330000000000005,99.33687591552734,19.33,13.611205101013184,19.33,84.13018035888672,19.330000000000005,71.89287567138672
19.340000000000003,10.32990550994873,19.340000000000003,99.47367095947266,19.34,13.772767066955566,19.340000000000003,84.31012725830078,19.340000000000003,71.1297836303711
19.35,10.44340991973877,19.35,99.62913513183594,19.35,13.962209701538086,19.35,84.52672576904297,19.35,70.39704132080078
19.360000000000007,10.562076568603516,19.36,99.7597885131836,19.36,14.174227714538574,19.36,84.73992156982422,19.360000000000007,69.71849822998047
19.370000000000005,10.69521713256836,19.370000000000005,99.90252685546876,19.37,14.428044319152832,19.370000000000005,84.89439392089844,19.370000000000005,69.0395736694336
19.380000000000003,10.861014366149902,19.380000000000003,100.06690979003906,19.379999999999995,14.756731986999512,19.380000000000003,85.0153579711914,19.380000000000003,68.3493881225586
19.39,11.099358558654783,19.39,100.26423645019533,19.39,15.162330627441406,19.39,85.10560607910156,19.39,67.65522003173828
19.40000000000001,11.384666442871094,19.40000000000001,100.50758361816406,19.4,15.622564315795898,19.4,85.17112731933594,19.40000000000001,66.90604400634766
19.410000000000004,11.715328216552734,19.410000000000004,100.80322265625,19.41,16.14234733581543,19.410000000000004,85.19387817382812,19.410000000000004,66.0555648803711
19.42,12.131786346435549,19.42,101.13088989257812,19.42,16.67871856689453,19.42,85.1992416381836,19.42,65.1441879272461
19.43,12.532111167907717,19.43,101.46231842041016,19.43,17.253368377685547,19.43,85.20045471191406,19.43,64.21206665039062
19.440000000000005,12.977225303649902,19.440000000000005,101.75821685791016,19.44,17.849903106689453,19.440000000000005,85.18746185302734,19.440000000000005,63.31222152709961
19.450000000000003,13.4599609375,19.450000000000003,102.03719329833984,19.45,18.461162567138672,19.450000000000003,85.16019439697266,19.450000000000003,62.45751953125
19.46,13.950636863708496,19.46,102.31529235839844,19.46,19.080604553222656,19.46,85.112060546875,19.46,61.60799407958984
19.47000000000001,14.465255737304688,19.47000000000001,102.5958251953125,19.47,19.690454483032227,19.47,85.04487609863281,19.47000000000001,60.75716400146485
19.480000000000004,14.979991912841797,19.480000000000004,102.84999084472656,19.48,20.29493522644043,19.480000000000004,84.97151184082031,19.480000000000004,59.86299133300781
19.49,15.507661819458008,19.49,103.0842742919922,19.489999999999995,20.885881423950195,19.49,84.89086151123047,19.49,58.87355041503906
19.5,16.030784606933594,19.5,103.33096313476562,19.5,21.465118408203125,19.5,84.79188537597656,19.5,57.84853744506836
19.510000000000005,16.545059204101562,19.510000000000005,103.59837341308594,19.51,22.0414981842041,19.510000000000005,84.69165802001953,19.510000000000005,56.875953674316406
19.520000000000003,17.066810607910156,19.520000000000003,103.87498474121094,19.52,22.6292781829834,19.520000000000003,84.61351776123047,19.520000000000003,56.00286483764648
19.53,17.60520362854004,19.53,104.15286254882812,19.53,23.23847007751465,19.53,84.54621124267578,19.53,55.29922866821289
19.540000000000006,18.154586791992188,19.54,104.42843627929688,19.54,23.852298736572266,19.54,84.47908020019531,19.540000000000006,54.85580062866211
19.550000000000004,18.715112686157227,19.550000000000004,104.7012176513672,19.55,24.4507064819336,19.550000000000004,84.41207885742188,19.550000000000004,54.58320999145508
19.56,19.27979278564453,19.56,104.96730041503906,19.559999999999995,25.02951431274414,19.56,84.34015655517578,19.56,54.390869140625
19.57,19.84424018859864,19.57,105.22113800048828,19.57,25.578866958618164,19.57,84.25675964355469,19.57,54.257774353027344
19.580000000000005,20.412029266357425,19.580000000000005,105.467529296875,19.58,26.09469413757324,19.58,84.16167449951172,19.580000000000005,54.196815490722656
19.590000000000003,20.980920791625977,19.590000000000003,105.72142028808594,19.59,26.575101852416992,19.590000000000003,84.05906677246094,19.590000000000003,54.2085189819336
19.6,21.54918670654297,19.6,105.9678955078125,19.6,27.058578491210938,19.6,83.95992279052734,19.6,54.24515151977539
19.610000000000007,22.131397247314453,19.61,106.22030639648438,19.61,27.57686996459961,19.61,83.87763977050781,19.610000000000007,54.24959564208984
19.620000000000005,22.731365203857425,19.620000000000005,106.46977996826172,19.62,28.128551483154297,19.620000000000005,83.80998992919922,19.620000000000005,54.14822006225586
19.630000000000003,23.36323928833008,19.630000000000003,106.70144653320312,19.629999999999995,28.73559761047364,19.630000000000003,83.75891876220703,19.630000000000003,53.95202255249024
19.64,24.02843475341797,19.64,106.91265106201172,19.64,29.43451499938965,19.64,83.71734619140625,19.64,53.68180847167969
19.65000000000001,24.71625709533692,19.65000000000001,107.1126937866211,19.65,30.267383575439453,19.65,83.682373046875,19.65000000000001,53.40279769897461
19.660000000000004,25.434057235717773,19.660000000000004,107.30172729492188,19.66,31.196996688842773,19.660000000000004,83.65369415283203,19.660000000000004,53.1737060546875
19.67,26.19390296936035,19.67,107.48216247558594,19.67,32.17464828491211,19.67,83.6286849975586,19.67,53.01936721801758
19.68,26.98632049560547,19.68,107.6603012084961,19.68,33.11974334716797,19.68,83.60177612304688,19.68,52.93346786499024
19.690000000000005,27.797462463378903,19.690000000000005,107.84259033203124,19.69,33.96875762939453,19.690000000000005,83.57052612304688,19.690000000000005,52.89891815185547
19.700000000000003,28.61956596374512,19.700000000000003,108.02742767333984,19.7,34.715538024902344,19.700000000000003,83.53762817382812,19.700000000000003,52.884552001953125
19.71,29.42713737487793,19.71,108.1945571899414,19.71,35.389400482177734,19.71,83.49595642089844,19.71,52.90203857421875
19.72000000000001,30.217403411865234,19.72000000000001,108.33040618896484,19.72,36.02969741821289,19.72,83.43726348876953,19.72000000000001,52.975704193115234
19.730000000000004,30.99622344970703,19.730000000000004,108.47830200195312,19.73,36.68551635742188,19.730000000000004,83.36137390136719,19.730000000000004,53.13214111328125
19.74,31.7552490234375,19.74,108.65177154541016,19.739999999999995,37.393585205078125,19.74,83.2911605834961,19.74,53.38050842285156
19.75,32.5046501159668,19.75,108.83430480957033,19.75,38.16949081420898,19.75,83.24452209472656,19.75,53.65158462524414
19.760000000000005,33.25728225708008,19.760000000000005,108.98977661132812,19.76,39.0249137878418,19.760000000000005,83.21514892578125,19.760000000000005,53.94728088378906
19.770000000000003,34.02278518676758,19.770000000000003,109.11412048339844,19.77,39.91522216796875,19.770000000000003,83.19488525390625,19.770000000000003,54.2523078918457
19.78,34.82060623168945,19.78,109.22476959228516,19.78,40.79958724975586,19.78,83.18989562988281,19.78,54.53896713256836
19.790000000000006,35.65797424316406,19.79,109.32393646240234,19.79,41.6622200012207,19.79,83.18817901611328,19.790000000000006,54.8016357421875
19.800000000000004,36.53055953979492,19.800000000000004,109.40528869628906,19.8,42.51003646850586,19.800000000000004,83.18407440185547,19.800000000000004,55.08074951171875
19.81,37.42275619506836,19.81,109.4717254638672,19.809999999999995,43.348724365234375,19.81,83.17010498046875,19.81,55.390846252441406
19.82,38.31406784057617,19.82,109.5254364013672,19.82,44.19771957397461,19.82,83.13850402832031,19.82,55.74768829345703
19.830000000000005,39.195777893066406,19.830000000000005,109.571533203125,19.83,45.05488204956055,19.83,83.08659362792969,19.830000000000005,56.134090423583984
19.840000000000003,40.072509765625,19.840000000000003,109.6186065673828,19.84,45.90900421142578,19.840000000000003,83.02660369873047,19.840000000000003,56.52206039428711
19.85,40.9522819519043,19.85,109.67828369140624,19.85,46.76969528198242,19.85,82.96459197998047,19.85,56.94961166381836
19.860000000000007,41.83520126342773,19.86,109.72762298583984,19.86,47.64498519897461,19.86,82.904052734375,19.860000000000007,57.42285919189453
19.870000000000005,42.71625900268555,19.870000000000005,109.77611541748048,19.87,48.51994705200195,19.870000000000005,82.84803771972656,19.870000000000005,57.91710662841797
19.880000000000003,43.5889892578125,19.880000000000003,109.8028793334961,19.879999999999995,49.3964958190918,19.880000000000003,82.79633331298828,19.880000000000003,58.38420104980469
19.89,44.44874572753906,19.89,109.80913543701172,19.89,50.272499084472656,19.89,82.75044250488281,19.89,58.82857894897461
19.90000000000001,45.309303283691406,19.90000000000001,109.79486846923828,19.9,51.14142990112305,19.9,82.70923614501953,19.90000000000001,59.27690124511719
19.910000000000004,46.18021011352539,19.910000000000004,109.76521301269533,19.91,52.004154205322266,19.910000000000004,82.67154693603516,19.910000000000004,59.74613952636719
19.92,47.06245040893555,19.92,109.72354888916016,19.92,52.85490417480469,19.92,82.63815307617188,19.92,60.24895095825195
19.93,47.95726776123047,19.93,109.6794891357422,19.93,53.692481994628906,19.93,82.6118392944336,19.93,60.79269027709961
19.940000000000005,48.85134506225586,19.940000000000005,109.63024139404295,19.94,54.52145385742188,19.940000000000005,82.58702850341797,19.940000000000005,61.36012649536133
19.950000000000003,49.73029327392578,19.950000000000003,109.57192993164062,19.95,55.338523864746094,19.950000000000003,82.56250762939453,19.950000000000003,61.948577880859375
19.96,50.59080505371094,19.96,109.5007095336914,19.96,56.15054321289063,19.96,82.53681945800781,19.96,62.56244659423828
19.97000000000001,51.44550323486328,19.97000000000001,109.41341400146484,19.97,56.96874237060547,19.97,82.51007080078125,19.97000000000001,63.18052291870117
19.980000000000004,52.29582977294922,19.980000000000004,109.32244873046876,19.98,57.78949737548828,19.980000000000004,82.48413848876953,19.980000000000004,63.791297912597656
19.99,53.13071060180664,19.99,109.23343658447266,19.989999999999995,58.60967254638672,19.99,82.4611587524414,19.99,64.36823272705078
20.0,53.9641227722168,20.0,109.1430892944336,20.0,59.43654251098633,20.0,82.44141387939453,20.0,64.92477416992188
20.010000000000005,54.811859130859375,20.010000000000005,109.05052185058594,20.01,60.26730346679688,20.010000000000005,82.42310333251953,20.010000000000005,65.45233917236328
20.020000000000003,55.67106246948242,20.020000000000003,108.94183349609376,20.02,61.08994674682617,20.020000000000003,82.4025650024414,20.020000000000003,65.96969604492188
20.03,56.54138946533203,20.03,108.83306121826172,20.03,61.88933944702149,20.03,82.38284301757812,20.03,66.50918579101562
20.040000000000006,57.40473937988281,20.04,108.7248077392578,20.04,62.64559173583984,20.04,82.35881042480469,20.040000000000006,67.0909194946289
20.050000000000004,58.251502990722656,20.050000000000004,108.6093292236328,20.05,63.39214324951172,20.050000000000004,82.3354721069336,20.050000000000004,67.68954467773438
20.06,59.07791519165039,20.06,108.48201751708984,20.059999999999995,64.15673828125,20.06,82.31155395507812,20.06,68.31407928466797
20.07,59.90901184082031,20.07,108.35436248779295,20.07,64.95127868652344,20.07,82.28913116455078,20.07,68.94395446777344
20.080000000000005,60.74471282958984,20.080000000000005,108.2146453857422,20.08,65.76360321044922,20.08,82.2637710571289,20.080000000000005,69.58282470703125
20.090000000000003,61.56638717651367,20.090000000000003,108.08385467529295,20.09,66.57476043701172,20.090000000000003,82.23872375488281,20.090000000000003,70.21766662597656
20.1,62.38766860961914,20.1,107.95291137695312,20.1,67.37030029296875,20.1,82.21209716796875,20.1,70.86294555664062
20.110000000000007,63.21432495117188,20.11,107.83967590332033,20.11,68.1432876586914,20.11,82.19084930419922,20.110000000000007,71.51497650146484
20.120000000000005,64.02188873291016,20.120000000000005,107.73291015625,20.12,68.90943908691406,20.120000000000005,82.16869354248047,20.120000000000005,72.12867736816406
20.130000000000003,64.80757141113281,20.130000000000003,107.6310043334961,20.129999999999995,69.67514038085938,20.130000000000003,82.14808654785156,20.130000000000003,72.71076202392578
20.14,65.57122039794922,20.14,107.52188873291016,20.14,70.42089080810547,20.14,82.12736511230469,20.14,73.29969787597656
20.15000000000001,66.31957244873047,20.15000000000001,107.40585327148438,20.15,71.16731262207031,20.15,82.10243225097656,20.15000000000001,73.89624786376953
20.160000000000004,67.07173919677734,20.160000000000004,107.2936019897461,20.16,71.9101333618164,20.160000000000004,82.0718994140625,20.160000000000004,74.46733856201172
20.17,67.84418487548828,20.17,107.18550872802734,20.17,72.63456726074219,20.17,82.0413818359375,20.17,74.99089813232422
20.18,68.6351089477539,20.18,107.0840072631836,20.18,73.35980224609375,20.18,82.01293182373047,20.18,75.52117156982422
20.190000000000005,69.40341186523438,20.190000000000005,106.9936065673828,20.19,74.08895874023438,20.190000000000005,81.9881362915039,20.190000000000005,76.09202575683594
20.200000000000003,70.11314392089844,20.200000000000003,106.89751434326172,20.2,74.79802703857422,20.200000000000003,81.96538543701172,20.200000000000003,76.6125259399414
20.21,70.792236328125,20.21,106.7973403930664,20.21,75.46332550048828,20.21,81.9423599243164,20.21,77.0702133178711
20.22000000000001,71.46136474609375,20.22000000000001,106.70642852783205,20.22,76.10237121582031,20.22,81.92060089111328,20.22000000000001,77.57638549804688
20.230000000000004,72.11682891845703,20.230000000000004,106.61878204345705,20.23,76.73464965820312,20.230000000000004,81.9036865234375,20.230000000000004,78.0655288696289
20.24,72.77145385742188,20.24,106.5382308959961,20.239999999999995,77.36278533935547,20.24,81.88581085205078,20.24,78.45687866210938
20.25,73.43480682373047,20.25,106.45342254638672,20.25,77.97071838378906,20.25,81.87020874023438,20.25,78.87567138671875
20.260000000000005,74.1245346069336,20.260000000000005,106.35736083984376,20.26,78.54035949707031,20.260000000000005,81.8528060913086,20.260000000000005,79.31986999511719
20.270000000000003,74.80574035644531,20.270000000000003,106.26693725585938,20.27,79.06413269042969,20.270000000000003,81.83659362792969,20.270000000000003,79.75467681884766
20.28,75.45684814453125,20.28,106.18061065673828,20.28,79.5587158203125,20.28,81.8205795288086,20.28,80.17402648925781
20.290000000000006,76.07792663574219,20.29,106.09693908691406,20.29,80.04557037353516,20.29,81.80732727050781,20.290000000000006,80.58349609375
20.300000000000004,76.65130615234375,20.300000000000004,106.03103637695312,20.3,80.54664611816406,20.300000000000004,81.79560852050781,20.300000000000004,80.98959350585938
20.31,77.169677734375,20.31,105.97694396972656,20.309999999999995,81.04725646972656,20.31,81.78730773925781,20.31,81.380126953125
20.32,77.67687225341797,20.32,105.9331512451172,20.32,81.53385925292969,20.32,81.78207397460938,20.32,81.7672348022461
20.330000000000005,78.19615936279297,20.330000000000005,105.87627410888672,20.33,82.01624298095703,20.33,81.77816009521484,20.330000000000005,82.16986846923828
20.340000000000003,78.7288589477539,20.340000000000003,105.80476379394533,20.34,82.48750305175781,20.340000000000003,81.76985168457031,20.340000000000003,82.56281280517578
20.35,79.26039123535156,20.35,105.71709442138672,20.35,82.92391967773438,20.35,81.76545715332031,20.35,82.93791961669922
20.360000000000007,79.772216796875,20.36,105.6278839111328,20.36,83.34961700439453,20.36,81.75776672363281,20.360000000000007,83.2712173461914
20.370000000000005,80.27586364746094,20.370000000000005,105.54488372802734,20.37,83.8132095336914,20.370000000000005,81.75344848632812,20.370000000000005,83.57884979248047
20.380000000000003,80.76303100585938,20.380000000000003,105.46675872802734,20.379999999999995,84.30032348632812,20.380000000000003,81.75113677978516,20.380000000000003,83.89258575439453
20.39,81.23448944091797,20.39,105.39427185058594,20.39,84.76454162597656,20.39,81.74626159667969,20.39,84.22103118896484
20.40000000000001,81.70393371582031,20.40000000000001,105.32469177246094,20.4,85.18450164794922,20.4,81.74190521240234,20.40000000000001,84.56008911132812
20.410000000000004,82.155029296875,20.410000000000004,105.25349426269533,20.41,85.56224822998047,20.410000000000004,81.7365951538086,20.410000000000004,84.89093017578125
20.42,82.5698013305664,20.42,105.1730728149414,20.42,85.91930389404297,20.42,81.73444366455078,20.42,85.21609497070312
20.43,82.96363830566406,20.43,105.0866241455078,20.43,86.27157592773438,20.43,81.73212432861328,20.43,85.5071792602539
20.440000000000005,83.33905029296875,20.440000000000005,105.00022888183594,20.44,86.64546203613281,20.440000000000005,81.7340087890625,20.440000000000005,85.74649810791016
20.450000000000003,83.72107696533203,20.450000000000003,104.90885925292967,20.45,87.03995513916016,20.450000000000003,81.7381591796875,20.450000000000003,85.98197937011719
20.46,84.1371841430664,20.46,104.81649017333984,20.46,87.44104766845703,20.46,81.74539947509766,20.46,86.18904113769531
20.47000000000001,84.5499267578125,20.47000000000001,104.7225112915039,20.47,87.82853698730469,20.47,81.75621032714844,20.47000000000001,86.37879180908203
20.480000000000004,84.95662689208984,20.480000000000004,104.63223266601562,20.48,88.20630645751953,20.480000000000004,81.76770782470703,20.480000000000004,86.5719985961914
20.49,85.33079528808594,20.49,104.5444793701172,20.489999999999995,88.57865142822266,20.49,81.78155517578125,20.49,86.78671264648438
20.5,85.6856460571289,20.5,104.4651336669922,20.5,88.92424011230469,20.5,81.79702758789062,20.5,87.02181243896484
20.510000000000005,86.03398895263672,20.510000000000005,104.38848876953124,20.51,89.2339096069336,20.510000000000005,81.81147003173828,20.510000000000005,87.23319244384766
20.520000000000003,86.36803436279297,20.520000000000003,104.30860137939452,20.52,89.53189086914062,20.520000000000003,81.82755279541016,20.520000000000003,87.43215942382812
20.53,86.6881103515625,20.53,104.22708129882812,20.53,89.8092041015625,20.53,81.84537506103516,20.53,87.59736633300781
20.540000000000006,86.98027801513672,20.54,104.15628051757812,20.54,90.05646514892578,20.54,81.8658676147461,20.540000000000006,87.75247955322266
20.550000000000004,87.25190734863281,20.550000000000004,104.09972381591795,20.55,90.2767562866211,20.550000000000004,81.88934326171875,20.550000000000004,87.88587951660156
20.56,87.5140151977539,20.56,104.05894470214844,20.559999999999995,90.4729995727539,20.56,81.91775512695312,20.56,88.00366973876953
20.57,87.75234985351562,20.57,104.0286102294922,20.57,90.66091918945312,20.57,81.95100402832031,20.57,88.10003662109375
20.580000000000005,87.9715576171875,20.580000000000005,103.99374389648438,20.58,90.85675811767578,20.58,81.9845962524414,20.580000000000005,88.191162109375
20.590000000000003,88.16937255859375,20.590000000000003,103.95266723632812,20.59,91.06019592285156,20.590000000000003,82.01560974121094,20.590000000000003,88.28744506835938
20.6,88.34980010986328,20.6,103.92398071289062,20.6,91.27259063720705,20.6,82.04086303710938,20.6,88.38999938964844
20.610000000000007,88.52014923095703,20.61,103.91268157958984,20.61,91.4944839477539,20.61,82.06117248535156,20.610000000000007,88.5118408203125
20.620000000000005,88.67105102539062,20.620000000000005,103.91448211669922,20.62,91.7265167236328,20.620000000000005,82.0763168334961,20.620000000000005,88.62899780273438
20.630000000000003,88.79653930664062,20.630000000000003,103.92269134521484,20.629999999999995,91.94429779052734,20.630000000000003,82.09008026123047,20.630000000000003,88.74583435058594
20.64,88.89511108398438,20.64,103.92530059814452,20.64,92.1335220336914,20.64,82.1006088256836,20.64,88.82099914550781
20.65000000000001,88.98733520507812,20.65000000000001,103.91080474853516,20.65,92.2935791015625,20.65,82.10804748535156,20.65000000000001,88.8744125366211
20.660000000000004,89.07275390625,20.660000000000004,103.87859344482422,20.66,92.44231414794922,20.660000000000004,82.11161041259766,20.660000000000004,88.92308044433594
20.67,89.15484619140625,20.67,103.87374114990234,20.67,92.59558868408205,20.67,82.1133804321289,20.67,88.9801025390625
20.68,89.23323822021484,20.68,103.87419128417967,20.68,92.7652587890625,20.68,82.11752319335938,20.68,89.04105377197266
20.690000000000005,89.29214477539062,20.690000000000005,103.87914276123048,20.69,92.94406127929688,20.690000000000005,82.12267303466797,20.690000000000005,89.12810516357422
20.700000000000003,89.33949279785156,20.700000000000003,103.89030456542967,20.7,93.09498596191406,20.700000000000003,82.12677001953125,20.700000000000003,89.20817565917969
20.71,89.37987518310547,20.71,103.90877532958984,20.71,93.20079040527344,20.71,82.12846374511719,20.71,89.29830169677734
20.72000000000001,89.43160247802734,20.72000000000001,103.93443298339844,20.72,93.25,20.72,82.12785339355469,20.72000000000001,89.38903045654297
20.730000000000004,89.47805786132812,20.730000000000004,103.96137237548828,20.73,93.2927017211914,20.730000000000004,82.12498474121094,20.730000000000004,89.46012878417969
20.74,89.50897216796875,20.74,103.98238372802734,20.739999999999995,93.3529281616211,20.74,82.1200942993164,20.74,89.51722717285156
20.75,89.50931549072266,20.75,104.0115203857422,20.75,93.41943359375,20.75,82.11769104003906,20.75,89.550048828125
20.760000000000005,89.4945068359375,20.760000000000005,104.01939392089844,20.76,93.4783935546875,20.760000000000005,82.11846160888672,20.760000000000005,89.56159210205078
20.770000000000003,89.47913360595703,20.770000000000003,104.0226058959961,20.77,93.5238800048828,20.770000000000003,82.12277221679688,20.770000000000003,89.58222198486328
20.78,89.4815902709961,20.78,104.02948760986328,20.78,93.56637573242188,20.78,82.12744903564453,20.78,89.62211608886719
20.790000000000006,89.50318145751953,20.79,104.0316390991211,20.79,93.59844207763672,20.79,82.1314926147461,20.790000000000006,89.69905853271484
20.800000000000004,89.53634643554688,20.800000000000004,104.03560638427734,20.8,93.62686157226562,20.800000000000004,82.13545989990234,20.800000000000004,89.79439544677734
20.81,89.58365631103516,20.81,104.0354232788086,20.809999999999995,93.64580535888672,20.81,82.14012908935547,20.81,89.8997573852539
20.82,89.6224594116211,20.82,104.03230285644533,20.82,93.6476593017578,20.82,82.14337158203125,20.82,90.00267791748047
20.830000000000005,89.65100860595703,20.830000000000005,104.02677917480467,20.83,93.63951873779295,20.83,82.14900207519531,20.830000000000005,90.07414245605467
20.840000000000003,89.68878936767578,20.840000000000003,104.02239227294922,20.84,93.63089752197266,20.840000000000003,82.15174102783203,20.840000000000003,90.1375503540039
20.85,89.73786163330078,20.85,104.02147674560548,20.85,93.62774658203124,20.85,82.15721893310547,20.85,90.18094635009766
20.860000000000007,89.7942886352539,20.86,104.02169799804688,20.86,93.63572692871094,20.86,82.16104125976562,20.860000000000007,90.20492553710938
20.870000000000005,89.85819244384766,20.870000000000005,104.01195526123048,20.87,93.65806579589844,20.870000000000005,82.16444396972656,20.870000000000005,90.22320556640624
20.880000000000003,89.91290283203125,20.880000000000003,103.9908676147461,20.879999999999995,93.68550872802734,20.880000000000003,82.1681900024414,20.880000000000003,90.23992919921876
20.89,89.97122955322266,20.89,103.9699249267578,20.89,93.70524597167967,20.89,82.17158508300781,20.89,90.25756072998048
20.90000000000001,90.03157043457031,20.90000000000001,103.95616912841795,20.9,93.7145004272461,20.9,82.17507934570312,20.90000000000001,90.28461456298828
20.910000000000004,90.09382629394533,20.910000000000004,103.9483413696289,20.91,93.72193908691406,20.910000000000004,82.17701721191406,20.910000000000004,90.32091522216795
20.92,90.1483154296875,20.92,103.94590759277344,20.92,93.7403335571289,20.92,82.17942810058594,20.92,90.35857391357422
20.93,90.17935180664062,20.93,103.94358825683594,20.93,93.77644348144533,20.93,82.18067932128906,20.93,90.40765380859376
20.940000000000005,90.1990737915039,20.940000000000005,103.9410171508789,20.94,93.82286834716795,20.940000000000005,82.18151092529297,20.940000000000005,90.46353149414062
20.950000000000003,90.21778869628906,20.950000000000003,103.9423370361328,20.95,93.8721160888672,20.950000000000003,82.18289947509766,20.950000000000003,90.51758575439452
20.96,90.23959350585938,20.96,103.9441375732422,20.96,93.90831756591795,20.96,82.18234252929688,20.96,90.54920959472656
20.97000000000001,90.26642608642578,20.97000000000001,103.95318603515624,20.97,93.93289184570312,20.97,82.18018341064453,20.97000000000001,90.56887817382812
20.980000000000004,90.3000259399414,20.980000000000004,103.96580505371094,20.98,93.95165252685548,20.980000000000004,82.17762756347656,20.980000000000004,90.5894546508789
20.99,90.33073425292967,20.99,103.98692321777344,20.989999999999995,93.962646484375,20.99,82.17271423339844,20.99,90.60725402832033
21.0,90.3453140258789,21.0,104.01313018798828,21.0,93.9625244140625,21.0,82.16814422607422,21.0,90.630615234375
21.010000000000005,90.34568786621094,21.010000000000005,104.03694915771484,21.01,93.96823120117188,21.010000000000005,82.1611328125,21.010000000000005,90.66524505615234
21.020000000000003,90.3439483642578,21.020000000000003,104.06008911132812,21.02,93.9656219482422,21.020000000000003,82.15484619140625,21.020000000000003,90.6921615600586
21.03,90.3328857421875,21.03,104.08204650878906,21.03,93.97754669189452,21.03,82.14978790283203,21.03,90.70295715332033
21.040000000000006,90.3222198486328,21.04,104.10106658935548,21.04,94.00534057617188,21.04,82.1449966430664,21.040000000000006,90.70638275146484
21.050000000000004,90.3039321899414,21.050000000000004,104.11849975585938,21.05,94.03978729248048,21.050000000000004,82.1418228149414,21.050000000000004,90.70024871826172
21.06,90.28005981445312,21.06,104.1334228515625,21.059999999999995,94.06773376464844,21.06,82.13867950439453,21.06,90.69823455810548
21.07,90.25924682617188,21.07,104.14794921875,21.07,94.0874252319336,21.07,82.13523864746094,21.07,90.70140075683594
21.080000000000005,90.24776458740234,21.080000000000005,104.16014862060548,21.08,94.10154724121094,21.08,82.13092803955078,21.080000000000005,90.70075988769533
21.090000000000003,90.2525863647461,21.090000000000003,104.17042541503906,21.09,94.11480712890624,21.090000000000003,82.12371063232422,21.090000000000003,90.70745086669922
21.1,90.2579345703125,21.1,104.18463897705078,21.1,94.12698364257812,21.1,82.11478424072266,21.1,90.71072387695312
21.110000000000007,90.25900268554688,21.11,104.2061004638672,21.11,94.1325912475586,21.11,82.108154296875,21.110000000000007,90.71161651611328
21.120000000000005,90.26002502441406,21.120000000000005,104.2284698486328,21.12,94.12837982177734,21.120000000000005,82.09922790527344,21.120000000000005,90.70645904541016
21.130000000000003,90.25897979736328,21.130000000000003,104.24395751953124,21.129999999999995,94.12824249267578,21.130000000000003,82.0919189453125,21.130000000000003,90.69161224365234
21.14,90.26171875,21.14,104.25006866455078,21.14,94.14208984375,21.14,82.0850601196289,21.14,90.67416381835938
21.15000000000001,90.27381896972656,21.15000000000001,104.25726318359376,21.15,94.15768432617188,21.15,82.07951354980469,21.15000000000001,90.67584228515624
21.160000000000004,90.29136657714844,21.160000000000004,104.26559448242188,21.16,94.16895294189452,21.160000000000004,82.0724105834961,21.160000000000004,90.66831970214844
21.17,90.29791259765624,21.17,104.27629852294922,21.17,94.1790771484375,21.17,82.06843566894531,21.17,90.64960479736328
21.18,90.30985260009766,21.18,104.2881317138672,21.18,94.18708038330078,21.18,82.0638198852539,21.18,90.63573455810548
21.190000000000005,90.33111572265624,21.190000000000005,104.29618072509766,21.19,94.19601440429688,21.190000000000005,82.05790710449219,21.190000000000005,90.61287689208984
21.200000000000003,90.35845184326172,21.200000000000003,104.3027572631836,21.2,94.20713806152344,21.200000000000003,82.05281829833984,21.200000000000003,90.59921264648438
21.21,90.38931274414062,21.21,104.31092834472656,21.21,94.2170867919922,21.21,82.05065155029297,21.21,90.5792007446289
21.22000000000001,90.41751861572266,21.22000000000001,104.31820678710938,21.22,94.22761535644533,21.22,82.05068969726562,21.22000000000001,90.56380462646484
21.230000000000004,90.44529724121094,21.230000000000004,104.32361602783205,21.23,94.23615264892578,21.230000000000004,82.04839324951172,21.230000000000004,90.54861450195312
21.24,90.4757308959961,21.24,104.32550811767578,21.239999999999995,94.24137878417967,21.24,82.04745483398438,21.24,90.52473449707033
21.25,90.50330352783205,21.25,104.32615661621094,21.25,94.24333953857422,21.25,82.04622650146484,21.25,90.50988006591795
21.260000000000005,90.52510833740234,21.260000000000005,104.32672882080078,21.26,94.23821258544922,21.260000000000005,82.04308319091797,21.260000000000005,90.50350189208984
21.270000000000003,90.54753112792967,21.270000000000003,104.32398986816406,21.27,94.2314910888672,21.270000000000003,82.04187774658203,21.270000000000003,90.4889907836914
21.28,90.56702423095705,21.28,104.32241821289062,21.28,94.22857666015624,21.28,82.04041290283203,21.28,90.46711730957033
21.290000000000006,90.57785034179688,21.29,104.32259368896484,21.29,94.2221908569336,21.29,82.03827667236328,21.290000000000006,90.44280242919922
21.300000000000004,90.57866668701172,21.300000000000004,104.32164764404295,21.3,94.20443725585938,21.300000000000004,82.03827667236328,21.300000000000004,90.42001342773438
21.31,90.58277893066406,21.31,104.32231903076172,21.309999999999995,94.18526458740234,21.31,82.03824615478516,21.31,90.40286254882812
21.32,90.59011840820312,21.32,104.32521057128906,21.32,94.1720199584961,21.32,82.03607940673828,21.32,90.39280700683594
21.330000000000005,90.6005859375,21.330000000000005,104.32762145996094,21.33,94.15882110595705,21.33,82.0322494506836,21.330000000000005,90.38790130615234
21.340000000000003,90.60791015625,21.340000000000003,104.3320770263672,21.34,94.1427001953125,21.340000000000003,82.02938842773438,21.340000000000003,90.38015747070312
21.35,90.60984802246094,21.35,104.34320068359376,21.35,94.12448120117188,21.35,82.02458190917969,21.35,90.35758209228516
21.360000000000007,90.60494995117188,21.36,104.3692398071289,21.36,94.10763549804688,21.36,82.01915740966797,21.360000000000007,90.33804321289062
21.370000000000005,90.59849548339844,21.370000000000005,104.39149475097656,21.37,94.09407806396484,21.370000000000005,82.01570129394531,21.370000000000005,90.32196807861328
21.380000000000003,90.59143829345705,21.380000000000003,104.41167449951172,21.379999999999995,94.0845947265625,21.380000000000003,82.01303100585938,21.380000000000003,90.29881286621094
21.39,90.58174896240234,21.39,104.4250946044922,21.39,94.0821762084961,21.39,82.00921630859375,21.39,90.2764129638672
21.40000000000001,90.56624603271484,21.40000000000001,104.43779754638672,21.4,94.08039093017578,21.4,82.0068588256836,21.40000000000001,90.2571029663086
21.410000000000004,90.55621337890624,21.410000000000004,104.44757080078124,21.41,94.07452392578124,21.410000000000004,82.00135803222656,21.410000000000004,90.24361419677734
21.42,90.54914093017578,21.42,104.45745086669922,21.42,94.07262420654295,21.42,81.99954223632812,21.42,90.23494720458984
21.43,90.54779815673828,21.43,104.46864318847656,21.43,94.08277130126952,21.43,81.99275970458984,21.43,90.22107696533205
21.440000000000005,90.54521942138672,21.440000000000005,104.47391510009766,21.44,94.10559844970705,21.440000000000005,81.99049377441406,21.440000000000005,90.2238311767578
21.450000000000003,90.54823303222656,21.450000000000003,104.4740753173828,21.45,94.1312026977539,21.450000000000003,81.99211120605469,21.450000000000003,90.21005249023438
21.46,90.55599212646484,21.46,104.4698715209961,21.46,94.14929962158205,21.46,81.99569702148438,21.46,90.21033477783205
21.47000000000001,90.56475830078124,21.47000000000001,104.46678924560548,21.47,94.15912628173828,21.47,81.99822998046875,21.47000000000001,90.20817565917967
21.480000000000004,90.57942199707033,21.480000000000004,104.46507263183594,21.48,94.15967559814452,21.480000000000004,82.00025177001953,21.480000000000004,90.1920928955078
21.49,90.59622192382812,21.49,104.46495056152344,21.489999999999995,94.15660095214844,21.49,82.0008544921875,21.49,90.17696380615234
21.5,90.60830688476562,21.5,104.46774291992188,21.5,94.15540313720705,21.5,82.00005340576172,21.5,90.16595458984376
21.510000000000005,90.61721801757812,21.510000000000005,104.47307586669922,21.51,94.16041564941406,21.510000000000005,81.9958267211914,21.510000000000005,90.1578140258789
21.520000000000003,90.6165008544922,21.520000000000003,104.48023986816406,21.52,94.16376495361328,21.520000000000003,81.99125671386719,21.520000000000003,90.15534973144533
21.53,90.60376739501952,21.53,104.49063873291016,21.53,94.16474151611328,21.53,81.98857116699219,21.53,90.1526870727539
21.540000000000006,90.59011840820312,21.54,104.50569915771484,21.54,94.17144775390624,21.54,81.9845199584961,21.540000000000006,90.13811492919922
21.550000000000004,90.57495880126952,21.550000000000004,104.5233383178711,21.55,94.18228149414062,21.550000000000004,81.98030853271484,21.550000000000004,90.11581420898438
21.56,90.55719757080078,21.56,104.53035736083984,21.559999999999995,94.1968765258789,21.56,81.97625732421875,21.56,90.08885192871094
21.57,90.5357666015625,21.57,104.5327377319336,21.57,94.2103271484375,21.57,81.97301483154297,21.57,90.0858154296875
21.580000000000005,90.51693725585938,21.580000000000005,104.532470703125,21.58,94.21542358398438,21.58,81.96961212158203,21.580000000000005,90.08238220214844
21.590000000000003,90.5086441040039,21.590000000000003,104.53058624267578,21.59,94.21183013916016,21.590000000000003,81.96609497070312,21.590000000000003,90.07623291015624
21.6,90.50975036621094,21.6,104.5295639038086,21.6,94.20509338378906,21.6,81.96217346191406,21.6,90.07650756835938
21.610000000000007,90.51155090332033,21.61,104.52877044677734,21.61,94.20096588134766,21.61,81.95864868164062,21.610000000000007,90.08683013916016
21.620000000000005,90.50626373291016,21.620000000000005,104.52861785888672,21.62,94.19520568847656,21.620000000000005,81.95415496826172,21.620000000000005,90.10264587402344
21.630000000000003,90.49861145019533,21.630000000000003,104.52796173095705,21.629999999999995,94.18515014648438,21.630000000000003,81.95082092285156,21.630000000000003,90.1181869506836
21.64,90.4869155883789,21.64,104.5230712890625,21.64,94.17516326904295,21.64,81.94591522216797,21.64,90.1285400390625
21.65000000000001,90.47525787353516,21.65000000000001,104.515625,21.65,94.16424560546876,21.65,81.94096374511719,21.65000000000001,90.13245391845705
21.660000000000004,90.46770477294922,21.660000000000004,104.5073699951172,21.66,94.15240478515624,21.660000000000004,81.93635559082031,21.660000000000004,90.13060760498048
21.67,90.46826171875,21.67,104.5,21.67,94.14271545410156,21.67,81.93057250976562,21.67,90.12618255615234
21.68,90.4610366821289,21.68,104.49124145507812,21.68,94.135009765625,21.68,81.92585754394531,21.68,90.1212921142578
21.690000000000005,90.4511947631836,21.690000000000005,104.48501586914062,21.69,94.12865447998048,21.690000000000005,81.92034912109375,21.690000000000005,90.1188735961914
21.700000000000003,90.44929504394533,21.700000000000003,104.47589874267578,21.7,94.12954711914062,21.700000000000003,81.91582489013672,21.700000000000003,90.1178741455078
21.71,90.45095825195312,21.71,104.46906280517578,21.71,94.13316345214844,21.71,81.9112777709961,21.71,90.11563110351562
21.72000000000001,90.45193481445312,21.72000000000001,104.46229553222656,21.72,94.13216400146484,21.72,81.90623474121094,21.72000000000001,90.1111297607422
21.730000000000004,90.45134735107422,21.730000000000004,104.4530029296875,21.73,94.1287612915039,21.730000000000004,81.90316009521484,21.730000000000004,90.1103973388672
21.74,90.44320678710938,21.74,104.44243621826172,21.739999999999995,94.1223602294922,21.74,81.90033721923828,21.74,90.11002349853516
21.75,90.4308853149414,21.75,104.43434143066406,21.75,94.11285400390624,21.75,81.89969635009766,21.75,90.10527801513672
21.760000000000005,90.41494750976562,21.760000000000005,104.42999267578124,21.76,94.10052490234376,21.760000000000005,81.89912414550781,21.760000000000005,90.09119415283205
21.770000000000003,90.3927764892578,21.770000000000003,104.42111206054688,21.77,94.08892059326172,21.770000000000003,81.89861297607422,21.770000000000003,90.07122039794922
21.78,90.37371063232422,21.78,104.40819549560548,21.78,94.07896423339844,21.78,81.89785766601562,21.78,90.05014038085938
21.790000000000006,90.35172271728516,21.79,104.39559936523438,21.79,94.07102966308594,21.79,81.89715576171875,21.790000000000006,90.03390502929688
21.800000000000004,90.33003997802734,21.800000000000004,104.3812484741211,21.8,94.0626983642578,21.800000000000004,81.89806365966797,21.800000000000004,90.015625
21.81,90.30716705322266,21.81,104.36182403564452,21.809999999999995,94.0566864013672,21.81,81.89646911621094,21.81,89.99817657470703
21.82,90.27941131591795,21.82,104.3363037109375,21.82,94.04713439941406,21.82,81.89557647705078,21.82,89.9820785522461
21.830000000000005,90.25009155273438,21.830000000000005,104.30748748779295,21.83,94.03588104248048,21.83,81.89602661132812,21.830000000000005,89.96546173095703
21.840000000000003,90.22467041015624,21.840000000000003,104.27691650390624,21.84,94.0173568725586,21.840000000000003,81.89515686035156,21.840000000000003,89.94987487792969
21.85,90.19985961914062,21.85,104.2515106201172,21.85,93.99071502685548,21.85,81.8955307006836,21.85,89.92549896240234
21.860000000000007,90.17434692382812,21.86,104.23063659667967,21.86,93.96720886230467,21.86,81.89414978027344,21.860000000000007,89.89217376708984
21.870000000000005,90.14436340332033,21.870000000000005,104.2064437866211,21.87,93.945068359375,21.870000000000005,81.89110565185547,21.870000000000005,89.84735107421875
21.880000000000003,90.09898376464844,21.880000000000003,104.18678283691406,21.879999999999995,93.91840362548828,21.880000000000003,81.88931274414062,21.880000000000003,89.79007720947266
21.89,90.04354858398438,21.89,104.17214965820312,21.89,93.88294219970705,21.89,81.8878402709961,21.89,89.71485137939453
21.90000000000001,89.98162078857422,21.90000000000001,104.15962982177734,21.9,93.8431167602539,21.9,81.88468170166016,21.90000000000001,89.62653350830078
21.910000000000004,89.9133529663086,21.910000000000004,104.15040588378906,21.91,93.7995376586914,21.910000000000004,81.88262176513672,21.910000000000004,89.54131317138672
21.92,89.8418960571289,21.92,104.14359283447266,21.92,93.75230407714844,21.92,81.87963104248047,21.92,89.45288848876953
21.93,89.76638793945312,21.93,104.13861083984376,21.93,93.70237731933594,21.93,81.87564849853516,21.93,89.36386108398438
21.940000000000005,89.6781005859375,21.940000000000005,104.1360855102539,21.94,93.64265441894533,21.940000000000005,81.87310028076172,21.940000000000005,89.27972412109375
21.950000000000003,89.58162689208984,21.950000000000003,104.13518524169922,21.95,93.5704345703125,21.950000000000003,81.87115478515625,21.950000000000003,89.2077865600586
21.96,89.4715576171875,21.96,104.13565063476562,21.96,93.48168182373048,21.96,81.86919403076172,21.96,89.14256286621094
21.97000000000001,89.34333801269531,21.97000000000001,104.13533020019533,21.97,93.37896728515624,21.97,81.86809539794922,21.97000000000001,89.05656433105469
21.980000000000004,89.19532775878906,21.980000000000004,104.13056182861328,21.98,93.2637939453125,21.980000000000004,81.86962127685547,21.980000000000004,88.96002960205078
21.99,89.0316162109375,21.99,104.1245574951172,21.989999999999995,93.13639831542967,21.99,81.87023162841797,21.99,88.8259506225586
22.0,88.86248016357422,22.0,104.11100006103516,22.0,92.9972152709961,22.0,81.87156677246094,22.0,88.66844940185547
22.010000000000005,88.6820297241211,22.010000000000005,104.09230041503906,22.01,92.8553466796875,22.010000000000005,81.8717269897461,22.010000000000005,88.50336456298828
22.020000000000003,88.48925018310547,22.020000000000003,104.06916046142578,22.02,92.71322631835938,22.020000000000003,81.87261962890625,22.020000000000003,88.31963348388672
22.03,88.300537109375,22.03,104.03934478759766,22.03,92.57018280029295,22.03,81.8734359741211,22.03,88.13590240478516
22.040000000000006,88.09642028808594,22.04,104.0065460205078,22.04,92.4242172241211,22.04,81.87459564208984,22.040000000000006,87.93480682373047
22.050000000000004,87.88317108154297,22.050000000000004,103.9689483642578,22.05,92.2722396850586,22.050000000000004,81.87732696533203,22.050000000000004,87.72046661376953
22.06,87.664306640625,22.06,103.92405700683594,22.059999999999995,92.11360168457033,22.06,81.88197326660156,22.06,87.50720977783203
22.07,87.44316101074219,22.07,103.87230682373048,22.07,91.94469451904295,22.07,81.88836669921875,22.07,87.28756713867188
22.080000000000005,87.22846984863281,22.080000000000005,103.8188018798828,22.08,91.76490783691406,22.08,81.89596557617188,22.080000000000005,87.07263946533203
22.090000000000003,87.01863861083984,22.090000000000003,103.76791381835938,22.09,91.57423400878906,22.090000000000003,81.90450286865234,22.090000000000003,86.86335754394531
22.1,86.80853271484375,22.1,103.71585845947266,22.1,91.3763656616211,22.1,81.91504669189453,22.1,86.64300537109375
22.110000000000007,86.59400939941406,22.11,103.6614761352539,22.11,91.1803741455078,22.11,81.9237060546875,22.110000000000007,86.40283966064453
22.120000000000005,86.35469818115234,22.120000000000005,103.60411071777344,22.12,90.97981262207033,22.120000000000005,81.93229675292969,22.120000000000005,86.14177703857422
22.130000000000003,86.10004425048828,22.130000000000003,103.54202270507812,22.129999999999995,90.77014923095705,22.130000000000003,81.94113159179688,22.130000000000003,85.85521697998047
22.14,85.83030700683594,22.14,103.47368621826172,22.14,90.5480499267578,22.14,81.95120239257812,22.14,85.52092742919922
22.15000000000001,85.5463638305664,22.15000000000001,103.40274810791016,22.15,90.31208801269533,22.15,81.9617691040039,22.15000000000001,85.1583023071289
22.160000000000004,85.25175476074219,22.160000000000004,103.33699035644533,22.16,90.06700897216797,22.160000000000004,81.9720687866211,22.160000000000004,84.79299926757812
22.17,84.94476318359375,22.17,103.27863311767578,22.17,89.81324768066406,22.17,81.98084259033203,22.17,84.45597839355469
22.18,84.63921356201172,22.18,103.22162628173828,22.18,89.55135345458984,22.18,81.99079895019531,22.18,84.1246109008789
22.190000000000005,84.3398208618164,22.190000000000005,103.1642074584961,22.19,89.28150939941406,22.190000000000005,81.99905395507812,22.190000000000005,83.82402801513672
22.200000000000003,84.02254486083984,22.200000000000003,103.09868621826172,22.2,88.99856567382812,22.200000000000003,82.00991821289062,22.200000000000003,83.53025817871094
22.21,83.68291473388672,22.21,103.02581787109376,22.21,88.69172668457031,22.21,82.01844024658203,22.21,83.23323822021484
22.22000000000001,83.31689453125,22.22000000000001,102.94805145263672,22.22,88.35819244384766,22.22,82.02914428710938,22.22000000000001,82.89827728271484
22.230000000000004,82.92513275146484,22.230000000000004,102.87185668945312,22.23,88.00528717041016,22.230000000000004,82.0442123413086,22.230000000000004,82.49539947509766
22.24,82.52486419677734,22.24,102.80318450927734,22.239999999999995,87.64495086669922,22.24,82.06324768066406,22.24,81.98863220214844
22.25,82.1077651977539,22.25,102.73888397216795,22.25,87.28431701660156,22.25,82.08207702636719,22.25,81.40786743164062
22.260000000000005,81.6796875,22.260000000000005,102.67628479003906,22.26,86.91040802001953,22.260000000000005,82.10150146484375,22.260000000000005,80.75236511230469
22.270000000000003,81.25910949707031,22.270000000000003,102.6218032836914,22.27,86.50952911376953,22.270000000000003,82.11824798583984,22.270000000000003,80.02616882324219
22.28,80.81389617919922,22.28,102.5715103149414,22.28,86.06885528564453,22.28,82.12654113769531,22.28,79.24102783203125
22.290000000000006,80.33435821533203,22.29,102.52333068847656,22.29,85.58135986328125,22.29,82.1329574584961,22.290000000000006,78.44644927978516
22.300000000000004,79.84888458251953,22.300000000000004,102.49385833740234,22.3,85.06352996826172,22.300000000000004,82.13873291015625,22.300000000000004,77.64903259277344
22.31,79.39221954345703,22.31,102.47618865966795,22.309999999999995,84.52391052246094,22.31,82.14444732666016,22.31,76.84130096435547
22.32,78.91901397705078,22.32,102.4302215576172,22.32,83.97260284423828,22.32,82.1572265625,22.32,76.0125732421875
22.330000000000005,78.37642669677734,22.330000000000005,102.35897827148438,22.33,83.39083862304688,22.33,82.1797866821289,22.330000000000005,75.15631103515625
22.340000000000003,77.76608276367188,22.340000000000003,102.2534637451172,22.34,82.77227020263672,22.340000000000003,82.21482849121094,22.340000000000003,74.31005096435547
22.35,77.08349609375,22.35,102.13434600830078,22.35,82.11779022216797,22.35,82.25920104980469,22.35,73.498291015625
22.360000000000007,76.34490966796875,22.36,102.04264831542967,22.36,81.43310546875,22.36,82.3191146850586,22.360000000000007,72.74408721923828
22.370000000000005,75.57306671142578,22.370000000000005,101.97796630859376,22.37,80.72126770019531,22.370000000000005,82.38883972167969,22.370000000000005,72.04209899902344
22.380000000000003,74.82706451416016,22.380000000000003,101.9424819946289,22.379999999999995,79.98724365234375,22.380000000000003,82.46894836425781,22.380000000000003,71.3548583984375
22.39,74.1551284790039,22.39,101.94335174560548,22.39,79.26507568359375,22.39,82.55696868896484,22.39,70.70854187011719
22.40000000000001,73.5689926147461,22.40000000000001,101.94319152832033,22.4,78.59439086914062,22.4,82.6483154296875,22.40000000000001,70.0843734741211
22.410000000000004,73.01717376708984,22.410000000000004,101.91824340820312,22.41,77.98997497558594,22.410000000000004,82.72657012939453,22.410000000000004,69.42874908447266
22.42,72.43621826171875,22.42,101.8963623046875,22.42,77.43748474121094,22.42,82.78238677978516,22.42,68.72499084472656
22.43,71.79395294189453,22.43,101.87877655029295,22.43,76.86945343017578,22.43,82.82827758789062,22.43,67.95700073242188
22.440000000000005,71.08024597167969,22.440000000000005,101.85235595703124,22.44,76.24369812011719,22.440000000000005,82.86815643310547,22.440000000000005,67.18443298339844
22.450000000000003,70.32123565673828,22.450000000000003,101.81771087646484,22.45,75.53458404541016,22.450000000000003,82.91206359863281,22.450000000000003,66.46459197998047
22.46,69.55533599853516,22.46,101.78412628173828,22.46,74.76424407958984,22.46,82.96488952636719,22.46,65.82534790039062
22.47000000000001,68.78082275390625,22.47000000000001,101.75961303710938,22.47,73.94503021240234,22.47,83.03006744384766,22.47000000000001,65.28868865966797
22.480000000000004,68.02793884277344,22.480000000000004,101.7400894165039,22.48,73.10389709472656,22.480000000000004,83.10334777832031,22.480000000000004,64.8212661743164
22.49,67.31867980957031,22.49,101.7402801513672,22.489999999999995,72.2970199584961,22.49,83.17877197265625,22.49,64.39940643310547
22.5,66.66789245605469,22.5,101.77930450439452,22.5,71.58328247070312,22.5,83.2486343383789,22.5,63.991695404052734
22.510000000000005,66.0465316772461,22.510000000000005,101.85074615478516,22.51,70.95093536376953,22.510000000000005,83.30738830566406,22.510000000000005,63.556148529052734
22.520000000000003,65.42802429199219,22.520000000000003,101.94164276123048,22.52,70.34710693359375,22.520000000000003,83.36194610595703,22.520000000000003,63.033721923828125
22.53,64.78685760498047,22.53,102.02400207519533,22.53,69.71759796142578,22.53,83.41699981689453,22.53,62.43003463745117
22.540000000000006,64.11505889892578,22.54,102.09613037109376,22.54,69.0412368774414,22.54,83.47550201416016,22.540000000000006,61.7752799987793
22.550000000000004,63.43645095825195,22.550000000000004,102.17102813720705,22.55,68.31369018554688,22.550000000000004,83.53343963623047,22.550000000000004,61.13356399536133
22.56,62.818729400634766,22.56,102.24649810791016,22.559999999999995,67.55712127685547,22.56,83.58155822753906,22.56,60.55925369262695
22.57,62.20780944824219,22.57,102.32766723632812,22.57,66.7847671508789,22.57,83.62422943115234,22.57,60.08359909057617
22.580000000000005,61.569915771484375,22.580000000000005,102.40489196777344,22.58,66.0067138671875,22.58,83.65985107421875,22.580000000000005,59.678016662597656
22.590000000000003,60.90792083740234,22.590000000000003,102.4791488647461,22.59,65.28351593017578,22.590000000000003,83.6935043334961,22.590000000000003,59.277587890625
22.6,60.224308013916016,22.6,102.57095336914062,22.6,64.63447570800781,22.6,83.72409057617188,22.6,58.85590744018555
22.610000000000007,59.54412460327149,22.61,102.67195129394533,22.61,64.03207397460938,22.61,83.75080871582031,22.610000000000007,58.42644500732422
22.620000000000005,58.89873123168945,22.620000000000005,102.75418090820312,22.62,63.41723251342773,22.620000000000005,83.78783416748047,22.620000000000005,58.02408599853516
22.630000000000003,58.266231536865234,22.630000000000003,102.80902862548828,22.629999999999995,62.78472137451172,22.630000000000003,83.83162689208984,22.630000000000003,57.654518127441406
22.64,57.63589859008789,22.64,102.85455322265624,22.64,62.15717697143555,22.64,83.86029052734375,22.64,57.3109245300293
22.65000000000001,56.97636795043945,22.65000000000001,102.91070556640624,22.65,61.531837463378906,22.65,83.87248992919922,22.65000000000001,56.97272872924805
22.660000000000004,56.277320861816406,22.660000000000004,102.97254943847656,22.66,60.905067443847656,22.660000000000004,83.86587524414062,22.660000000000004,56.60480117797852
22.67,55.57553863525391,22.67,103.03534698486328,22.67,60.25214767456055,22.67,83.85529327392578,22.67,56.199031829833984
22.68,54.89669799804688,22.68,103.1019058227539,22.68,59.563697814941406,22.68,83.85606384277344,22.68,55.785274505615234
22.690000000000005,54.243560791015625,22.690000000000005,103.1766586303711,22.69,58.85626983642578,22.690000000000005,83.86236572265625,22.690000000000005,55.33930587768555
22.700000000000003,53.600093841552734,22.700000000000003,103.27349853515624,22.7,58.15522003173828,22.700000000000003,83.87370300292969,22.700000000000003,54.8973503112793
22.71,52.948238372802734,22.71,103.36769104003906,22.71,57.50923156738281,22.71,83.8919677734375,22.71,54.48480987548828
22.72000000000001,52.31284332275391,22.72000000000001,103.43341827392578,22.72,56.91247177124024,22.72,83.90834045410156,22.72000000000001,54.11911010742188
22.730000000000004,51.68640899658203,22.730000000000004,103.50183868408205,22.73,56.32784652709961,22.730000000000004,83.90601348876953,22.730000000000004,53.82911682128906
22.74,51.051177978515625,22.74,103.57217407226562,22.739999999999995,55.74959564208984,22.74,83.8976058959961,22.74,53.6262321472168
22.75,50.4062614440918,22.75,103.64923095703124,22.75,55.149600982666016,22.75,83.88748931884766,22.75,53.43398666381836
22.760000000000005,49.7684326171875,22.760000000000005,103.75349426269533,22.76,54.50527191162109,22.760000000000005,83.8801040649414,22.760000000000005,53.17868041992188
22.770000000000003,49.14634323120117,22.770000000000003,103.85623931884766,22.77,53.86488342285156,22.770000000000003,83.8912124633789,22.770000000000003,52.87845993041992
22.78,48.52968215942383,22.78,103.96363067626952,22.78,53.25429153442383,22.78,83.9140625,22.78,52.61460876464844
22.790000000000006,47.92108917236328,22.79,104.07112884521484,22.79,52.67511749267578,22.79,83.93478393554688,22.790000000000006,52.427154541015625
22.800000000000004,47.3129768371582,22.800000000000004,104.16136932373048,22.8,52.129093170166016,22.800000000000004,83.95523834228516,22.800000000000004,52.293087005615234
22.81,46.68955993652344,22.81,104.2436752319336,22.809999999999995,51.5972900390625,22.81,83.97918701171875,22.81,52.16872787475586
22.82,46.09657287597656,22.82,104.3240737915039,22.82,51.02158737182617,22.82,83.99797058105469,22.82,52.05025100708008
22.830000000000005,45.525169372558594,22.830000000000005,104.40995025634766,22.83,50.43729782104492,22.83,84.02188110351562,22.830000000000005,51.91788482666016
22.840000000000003,44.96074295043945,22.840000000000003,104.50482940673828,22.84,49.86122894287109,22.840000000000003,84.05204772949219,22.840000000000003,51.73828506469727
22.85,44.38750457763672,22.85,104.59879302978516,22.85,49.278621673583984,22.85,84.09305572509766,22.85,51.54881286621094
22.860000000000007,43.76909255981445,22.86,104.69447326660156,22.86,48.69209671020508,22.86,84.1468505859375,22.860000000000007,51.37810897827149
22.870000000000005,43.13898468017578,22.870000000000005,104.78874969482422,22.87,48.09556579589844,22.870000000000005,84.20458221435547,22.870000000000005,51.25762939453125
22.880000000000003,42.520774841308594,22.880000000000003,104.88270568847656,22.879999999999995,47.495338439941406,22.880000000000003,84.25479125976562,22.880000000000003,51.18648147583008
22.89,41.90632629394531,22.89,104.96852111816406,22.89,46.91288757324219,22.89,84.29376983642578,22.89,51.16633224487305
22.90000000000001,41.279563903808594,22.90000000000001,105.03463745117188,22.9,46.35113525390625,22.9,84.3310317993164,22.90000000000001,51.15475463867188
22.910000000000004,40.64493179321289,22.910000000000004,105.09803009033205,22.91,45.77409744262695,22.910000000000004,84.37113189697266,22.910000000000004,51.13930892944336
22.92,40.01907730102539,22.92,105.15333557128906,22.92,45.17595672607422,22.92,84.38945007324219,22.92,51.06538009643555
22.93,39.40036392211914,22.93,105.2073211669922,22.93,44.56398391723633,22.93,84.38703918457031,22.93,50.94791412353516
22.940000000000005,38.81074905395508,22.940000000000005,105.27392578125,22.94,43.9467887878418,22.940000000000005,84.37578582763672,22.940000000000005,50.82821273803711
22.950000000000003,38.25020599365234,22.950000000000003,105.3295440673828,22.95,43.31572723388672,22.950000000000003,84.36988830566406,22.950000000000003,50.72415542602539
22.96,37.69828414916992,22.96,105.36431121826172,22.96,42.665016174316406,22.96,84.37300109863281,22.96,50.72373962402344
22.97000000000001,37.13799285888672,22.97000000000001,105.3862075805664,22.97,42.000370025634766,22.97,84.3614273071289,22.97000000000001,50.85452651977539
22.980000000000004,36.56689834594727,22.980000000000004,105.39512634277344,22.98,41.325103759765625,22.980000000000004,84.3387451171875,22.980000000000004,51.06938934326172
22.99,35.95768356323242,22.99,105.39738464355467,22.989999999999995,40.64559555053711,22.99,84.31333923339844,22.99,51.29542922973633
23.0,35.31623077392578,23.0,105.3929214477539,23.0,39.976600646972656,23.0,84.28398132324219,23.0,51.49343490600586
23.010000000000005,34.676753997802734,23.010000000000005,105.39520263671876,23.01,39.30003356933594,23.010000000000005,84.24932098388672,23.010000000000005,51.612640380859375
23.020000000000003,34.059112548828125,23.020000000000003,105.41126251220705,23.02,38.607608795166016,23.020000000000003,84.21849822998047,23.020000000000003,51.61346054077149
23.03,33.451534271240234,23.03,105.42919921875,23.03,37.91183853149414,23.03,84.19395446777344,23.03,51.57065963745117
23.040000000000006,32.85405349731445,23.04,105.44424438476562,23.04,37.22111511230469,23.04,84.16124725341797,23.040000000000006,51.54999923706055
23.050000000000004,32.247886657714844,23.050000000000004,105.44239044189452,23.05,36.52762985229492,23.050000000000004,84.12547302246094,23.050000000000004,51.599365234375
23.06,31.62897491455078,23.06,105.42273712158205,23.059999999999995,35.834651947021484,23.06,84.08690643310547,23.06,51.74228286743164
23.07,31.010644912719727,23.07,105.3864288330078,23.07,35.13666915893555,23.07,84.0444107055664,23.07,51.96086120605469
23.080000000000005,30.402950286865234,23.080000000000005,105.35395050048828,23.08,34.455501556396484,23.08,84.00653076171875,23.080000000000005,52.195533752441406
23.090000000000003,29.79880142211914,23.090000000000003,105.31998443603516,23.09,33.7884521484375,23.090000000000003,83.98538970947266,23.090000000000003,52.44818878173828
23.1,29.192848205566406,23.1,105.26595306396484,23.1,33.13190841674805,23.1,83.97589111328125,23.1,52.69266128540039
23.110000000000007,28.577194213867188,23.11,105.16938018798828,23.11,32.48625946044922,23.11,83.96849822998047,23.110000000000007,52.901458740234375
23.120000000000005,27.940406799316406,23.120000000000005,105.06233215332033,23.12,31.848180770874023,23.120000000000005,83.96200561523438,23.120000000000005,53.06615447998047
23.130000000000003,27.31030464172364,23.130000000000003,104.95936584472656,23.129999999999995,31.22310447692871,23.130000000000003,83.951416015625,23.130000000000003,53.21803283691406
23.14,26.7011775970459,23.14,104.8664321899414,23.14,30.61000061035156,23.14,83.93352508544922,23.14,53.40333557128906
23.15000000000001,26.114625930786133,23.15000000000001,104.78605651855467,23.15,30.01049995422364,23.15,83.91881561279297,23.15000000000001,53.6433219909668
23.160000000000004,25.53890609741211,23.160000000000004,104.7085189819336,23.16,29.42467498779297,23.160000000000004,83.90605163574219,23.160000000000004,53.92952346801758
23.17,24.962617874145508,23.17,104.62134552001952,23.17,28.85316276550293,23.17,83.8919677734375,23.17,54.262939453125
23.18,24.38158416748047,23.18,104.51335906982422,23.18,28.29180908203125,23.18,83.88626098632812,23.18,54.612430572509766
23.190000000000005,23.811012268066406,23.190000000000005,104.38970947265624,23.19,27.74758529663086,23.190000000000005,83.88121795654297,23.190000000000005,54.95207595825195
23.200000000000003,23.272480010986328,23.200000000000003,104.25284576416016,23.2,27.211997985839844,23.200000000000003,83.88117218017578,23.200000000000003,55.28071975708008
23.21,22.751672744750977,23.21,104.09935760498048,23.21,26.68682289123535,23.21,83.88572692871094,23.21,55.62759780883789
23.22000000000001,22.24061584472656,23.22000000000001,103.92705535888672,23.22,26.178579330444336,23.22,83.89002990722656,23.22000000000001,56.01527786254883
23.230000000000004,21.7431583404541,23.230000000000004,103.74340057373048,23.23,25.68456077575684,23.230000000000004,83.88916778564453,23.230000000000004,56.45125579833984
23.24,21.258590698242188,23.24,103.5704574584961,23.239999999999995,25.19805145263672,23.24,83.88526153564453,23.24,56.93509292602539
23.25,20.77206039428711,23.25,103.41690063476562,23.25,24.70900154113769,23.25,83.88003540039062,23.25,57.45989227294922
23.260000000000005,20.27767944335937,23.260000000000005,103.26775360107422,23.26,24.22671699523925,23.260000000000005,83.88346862792969,23.260000000000005,58.01910018920898
23.270000000000003,19.79160499572754,23.270000000000003,103.12683868408205,23.27,23.75892448425293,23.270000000000003,83.89625549316406,23.270000000000003,58.597076416015625
23.28,19.31010055541992,23.28,102.99901580810548,23.28,23.28160285949707,23.28,83.9145278930664,23.28,59.18350982666016
23.290000000000006,18.842256546020508,23.29,102.88067626953124,23.29,22.79838180541992,23.29,83.9393081665039,23.290000000000006,59.77079772949219
23.300000000000004,18.39651107788086,23.300000000000004,102.76763153076172,23.3,22.314817428588867,23.300000000000004,83.96399688720703,23.300000000000004,60.345333099365234
23.31,17.95182228088379,23.31,102.64330291748048,23.309999999999995,21.84922409057617,23.31,83.98147583007812,23.31,60.89435577392578
23.32,17.518613815307617,23.32,102.50767517089844,23.32,21.39724349975586,23.32,83.98578643798828,23.32,61.42720031738281
23.330000000000005,17.10319709777832,23.330000000000005,102.38736724853516,23.33,20.97638893127441,23.33,83.97602081298828,23.330000000000005,61.97325897216797
23.340000000000003,16.70966339111328,23.340000000000003,102.2783660888672,23.34,20.64335250854492,23.340000000000003,83.96589660644531,23.340000000000003,62.54532241821289
23.35,16.366975784301758,23.35,102.17990112304688,23.35,20.36704063415528,23.35,83.95919799804688,23.35,63.14552688598633
23.360000000000007,16.031328201293945,23.36,102.1103286743164,23.36,20.06896209716797,23.36,83.9561996459961,23.360000000000007,63.76853561401367
23.370000000000005,15.70301914215088,23.370000000000005,102.05621337890624,23.37,19.7685775756836,23.370000000000005,83.96232604980469,23.370000000000005,64.40670013427734
23.380000000000003,15.382112503051758,23.380000000000003,102.00579833984376,23.379999999999995,19.49675369262696,23.380000000000003,83.96900939941406,23.380000000000003,65.04493713378906
23.39,15.055798530578612,23.39,101.96055603027344,23.39,19.23513412475586,23.39,83.9715347290039,23.39,65.67509460449219
23.40000000000001,14.733403205871582,23.40000000000001,101.9301528930664,23.4,18.944135665893555,23.4,83.97528076171875,23.40000000000001,66.31501007080078
23.410000000000004,14.449448585510254,23.410000000000004,101.89885711669922,23.41,18.632137298583984,23.410000000000004,83.97937774658203,23.410000000000004,66.95972442626953
23.42,14.224775314331056,23.42,101.8629150390625,23.42,18.364051818847656,23.42,83.9780502319336,23.42,67.61133575439453
23.43,14.068501472473145,23.43,101.83778381347656,23.43,18.170623779296875,23.43,83.96675109863281,23.43,68.25564575195312
23.440000000000005,13.946003913879396,23.440000000000005,101.82268524169922,23.44,18.03417015075684,23.440000000000005,83.94705963134766,23.440000000000005,68.87714385986328
23.450000000000003,13.84249782562256,23.450000000000003,101.81207275390624,23.45,17.93255043029785,23.450000000000003,83.92181396484375,23.450000000000003,69.48235321044922
23.46,13.723464965820312,23.46,101.7988510131836,23.46,17.819543838500977,23.46,83.89237213134766,23.46,70.07383728027344
23.47000000000001,13.568266868591309,23.47000000000001,101.79434204101562,23.47,17.671768188476562,23.47,83.86134338378906,23.47000000000001,70.64203643798828
23.480000000000004,13.398813247680664,23.480000000000004,101.798828125,23.48,17.502105712890625,23.480000000000004,83.83550262451172,23.480000000000004,71.20584869384766
23.49,13.238070487976074,23.49,101.80412292480467,23.489999999999995,17.319116592407227,23.49,83.80857849121094,23.49,71.7691879272461
23.5,13.114449501037598,23.5,101.81903839111328,23.5,17.1406307220459,23.5,83.78134155273438,23.5,72.3286361694336
23.510000000000005,13.035865783691406,23.510000000000005,101.84666442871094,23.51,16.986953735351562,23.510000000000005,83.75385284423828,23.510000000000005,72.89556121826172
23.520000000000003,12.980509757995604,23.520000000000003,101.87538146972656,23.52,16.844303131103516,23.520000000000003,83.7303237915039,23.520000000000003,73.47179412841797
23.53,12.91035270690918,23.53,101.8953094482422,23.53,16.6931209564209,23.53,83.70854949951172,23.53,74.05501556396484
23.540000000000006,12.816295623779297,23.54,101.90155792236328,23.54,16.527441024780273,23.54,83.68765258789062,23.540000000000006,74.63922119140625
23.550000000000004,12.719001770019531,23.550000000000004,101.89115142822266,23.55,16.346927642822266,23.550000000000004,83.66551971435547,23.550000000000004,75.20085906982422
23.56,12.629204750061035,23.56,101.86526489257812,23.559999999999995,16.1553897857666,23.56,83.6346435546875,23.56,75.73563385009766
23.57,12.539627075195312,23.57,101.83322143554688,23.57,15.95656967163086,23.57,83.59550476074219,23.57,76.22466278076172
23.580000000000005,12.475784301757812,23.580000000000005,101.80535888671876,23.58,15.767253875732422,23.58,83.55696105957031,23.580000000000005,76.70879364013672
23.590000000000003,12.411328315734863,23.590000000000003,101.7828598022461,23.59,15.60103702545166,23.590000000000003,83.52189636230469,23.590000000000003,77.22858428955078
23.6,12.318747520446776,23.6,101.7708969116211,23.6,15.45865535736084,23.6,83.49341583251953,23.6,77.77799987792969
23.610000000000007,12.214941024780272,23.61,101.7622299194336,23.61,15.33596420288086,23.61,83.47428894042969,23.610000000000007,78.33881378173828
23.620000000000005,12.140103340148926,23.620000000000005,101.74252319335938,23.62,15.23431396484375,23.620000000000005,83.462890625,23.620000000000005,78.88615417480469
23.630000000000003,12.08794116973877,23.630000000000003,101.70990753173828,23.629999999999995,15.150069236755373,23.630000000000003,83.4590072631836,23.630000000000003,79.39324951171875
23.64,12.039342880249023,23.64,101.6619110107422,23.64,15.067220687866213,23.64,83.45811462402344,23.64,79.85455322265625
23.65000000000001,11.994635581970217,23.65000000000001,101.60414123535156,23.65,14.987344741821287,23.65,83.457275390625,23.65000000000001,80.29302978515625
23.660000000000004,11.955568313598633,23.660000000000004,101.53771209716795,23.66,14.90708351135254,23.660000000000004,83.45542907714844,23.660000000000004,80.74962615966797
23.67,11.89834213256836,23.67,101.4586410522461,23.67,14.807270050048828,23.67,83.4473648071289,23.67,81.2353286743164
23.68,11.834176063537598,23.68,101.38059997558594,23.68,14.693059921264648,23.68,83.43961334228516,23.68,81.71517944335938
23.690000000000005,11.767102241516112,23.690000000000005,101.31687927246094,23.69,14.559635162353516,23.690000000000005,83.43221282958984,23.690000000000005,82.17520141601562
23.700000000000003,11.70150375366211,23.700000000000003,101.26596069335938,23.7,14.400724411010742,23.700000000000003,83.42353820800781,23.700000000000003,82.60250854492188
23.71,11.633464813232422,23.71,101.2288589477539,23.71,14.219252586364746,23.71,83.42459106445312,23.71,82.99259185791016
23.72000000000001,11.546932220458984,23.72000000000001,101.19657135009766,23.72,14.028360366821287,23.72,83.43366241455078,23.72000000000001,83.33717346191406
23.730000000000004,11.463537216186523,23.730000000000004,101.1597900390625,23.73,13.838630676269531,23.730000000000004,83.45126342773438,23.730000000000004,83.66710662841797
23.74,11.382769584655762,23.74,101.1112289428711,23.739999999999995,13.663405418395996,23.74,83.47332000732422,23.74,84.0029525756836
23.75,11.29540729522705,23.75,101.05004119873048,23.75,13.510573387145996,23.75,83.4927749633789,23.75,84.35002136230469
23.760000000000005,11.20772933959961,23.760000000000005,100.98461151123048,23.76,13.397722244262695,23.760000000000005,83.50460815429688,23.760000000000005,84.69376373291016
23.770000000000003,11.131614685058594,23.770000000000003,100.91779327392578,23.77,13.324341773986816,23.770000000000003,83.50961303710938,23.770000000000003,85.0555191040039
23.78,11.087247848510742,23.78,100.8691635131836,23.78,13.285868644714355,23.78,83.50592803955078,23.78,85.45415496826172
23.790000000000006,11.043416023254396,23.79,100.83808135986328,23.79,13.261329650878906,23.79,83.49959564208984,23.790000000000006,85.88043212890625
23.800000000000004,10.981550216674805,23.800000000000004,100.82299041748048,23.8,13.236655235290527,23.800000000000004,83.49604034423828,23.800000000000004,86.28983306884766
23.81,10.889406204223633,23.81,100.8108367919922,23.809999999999995,13.199275016784668,23.81,83.4964370727539,23.81,86.65667724609375
23.82,10.780633926391602,23.82,100.78016662597656,23.82,13.158689498901367,23.82,83.50555419921875,23.82,86.95936584472656
23.830000000000005,10.66477870941162,23.830000000000005,100.72565460205078,23.83,13.15630054473877,23.83,83.51763153076172,23.830000000000005,87.2354507446289
23.840000000000003,10.556317329406738,23.840000000000003,100.6567840576172,23.84,13.180410385131836,23.840000000000003,83.52559661865234,23.840000000000003,87.51246643066406
23.85,10.460601806640623,23.85,100.59590911865234,23.85,13.235424995422363,23.85,83.52754211425781,23.85,87.7977066040039
23.860000000000007,10.38901710510254,23.86,100.55615997314452,23.86,13.303462982177734,23.86,83.52561950683594,23.860000000000007,88.1185302734375
23.870000000000005,10.364263534545898,23.870000000000005,100.54104614257812,23.87,13.370176315307615,23.870000000000005,83.5218276977539,23.870000000000005,88.47096252441406
23.880000000000003,10.375510215759276,23.880000000000003,100.53089904785156,23.879999999999995,13.433526992797852,23.880000000000003,83.51522064208984,23.880000000000003,88.83069610595703
23.89,10.391077041625977,23.89,100.5330810546875,23.89,13.45449924468994,23.89,83.5050048828125,23.89,89.14697265625
23.90000000000001,10.388750076293944,23.90000000000001,100.5442123413086,23.9,13.41903591156006,23.9,83.49504852294922,23.90000000000001,89.35697174072266
23.910000000000004,10.373767852783203,23.910000000000004,100.55192565917967,23.91,13.346406936645508,23.910000000000004,83.4886245727539,23.910000000000004,89.45156860351562
23.92,10.349029541015623,23.92,100.54234313964844,23.92,13.27089786529541,23.92,83.47948455810547,23.92,89.42781066894531
23.93,10.324254989624023,23.93,100.51944732666016,23.93,13.212608337402344,23.93,83.4717788696289,23.93,89.39944458007812
23.940000000000005,10.302417755126951,23.940000000000005,100.49971771240234,23.94,13.177088737487791,23.940000000000005,83.468994140625,23.940000000000005,89.42542266845703
23.950000000000003,10.277050971984863,23.950000000000003,100.48655700683594,23.95,13.15552806854248,23.950000000000003,83.46104431152344,23.950000000000003,89.51598358154297
23.96,10.247310638427734,23.96,100.4814224243164,23.96,13.141386032104492,23.96,83.44698333740234,23.96,89.65098571777344
23.97000000000001,10.21470546722412,23.97000000000001,100.4889144897461,23.97,13.133743286132812,23.97,83.42854309082031,23.97000000000001,89.85211181640625
23.980000000000004,10.18354606628418,23.980000000000004,100.4986801147461,23.98,13.136399269104004,23.980000000000004,83.40390014648438,23.980000000000004,90.06535339355469
23.99,10.141366958618164,23.99,100.51602935791016,23.989999999999995,13.151556015014648,23.99,83.37804412841797,23.99,90.25645446777344
24.0,10.094672203063965,24.0,100.54920196533205,24.0,13.15965461730957,24.0,83.35106658935547,24.0,90.40869903564452
24.010000000000005,10.02675724029541,24.010000000000005,100.58415222167967,24.01,13.142128944396973,24.010000000000005,83.32390594482422,24.010000000000005,90.52015686035156
24.020000000000003,9.938974380493164,24.020000000000003,100.61990356445312,24.02,13.102544784545898,24.020000000000003,83.29875183105469,24.020000000000003,90.57575988769533
24.03,9.858564376831056,24.03,100.6457748413086,24.03,13.065866470336914,24.03,83.27799224853516,24.03,90.61408233642578
24.040000000000006,9.795527458190918,24.04,100.64549255371094,24.04,13.045193672180176,24.04,83.26249694824219,24.040000000000006,90.68124389648438
24.050000000000004,9.759632110595703,24.050000000000004,100.62760925292967,24.05,13.036006927490234,24.050000000000004,83.25089263916016,24.050000000000004,90.80438232421876
24.06,9.737025260925291,24.06,100.61853790283205,24.059999999999995,13.03232765197754,24.06,83.24073791503906,24.06,90.9743194580078
24.07,9.724352836608888,24.07,100.6308364868164,24.07,13.031469345092772,24.07,83.2295150756836,24.07,91.21756744384766
24.080000000000005,9.716463088989258,24.080000000000005,100.65031433105467,24.08,13.03343677520752,24.08,83.21934509277344,24.080000000000005,91.4972686767578
24.090000000000003,9.705500602722168,24.090000000000003,100.66480255126952,24.09,13.053171157836914,24.090000000000003,83.20892333984375,24.090000000000003,91.76592254638672
24.1,9.700708389282228,24.1,100.68151092529295,24.1,13.089776992797852,24.1,83.1998062133789,24.1,91.9682846069336
24.110000000000007,9.703505516052246,24.11,100.69950103759766,24.11,13.132152557373049,24.11,83.1928939819336,24.110000000000007,92.10050201416016
24.120000000000005,9.706779479980469,24.120000000000005,100.71195220947266,24.12,13.171092987060549,24.120000000000005,83.18846893310547,24.120000000000005,92.14920806884766
24.130000000000003,9.704232215881348,24.130000000000003,100.70342254638672,24.129999999999995,13.19529151916504,24.130000000000003,83.18321990966797,24.130000000000003,92.1628646850586
24.14,9.69848346710205,24.14,100.67898559570312,24.14,13.207608222961426,24.14,83.1806640625,24.14,92.1825942993164
24.15000000000001,9.698065757751465,24.15000000000001,100.6564712524414,24.15,13.209712028503418,24.15,83.17972564697266,24.15000000000001,92.19231414794922
24.160000000000004,9.704151153564451,24.160000000000004,100.64498138427734,24.16,13.203479766845703,24.160000000000004,83.17560577392578,24.160000000000004,92.23433685302734
24.17,9.718982696533203,24.17,100.64270782470705,24.17,13.189411163330078,24.17,83.16800689697266,24.17,92.372314453125
24.18,9.736088752746582,24.18,100.64056396484376,24.18,13.172980308532717,24.18,83.16354370117188,24.18,92.5623550415039
24.190000000000005,9.740814208984377,24.190000000000005,100.63825225830078,24.19,13.1542329788208,24.190000000000005,83.16029357910156,24.190000000000005,92.7321548461914
24.200000000000003,9.733357429504396,24.200000000000003,100.62752532958984,24.2,13.138189315795898,24.200000000000003,83.15899658203125,24.200000000000003,92.82826232910156
24.21,9.72292423248291,24.21,100.6107177734375,24.21,13.13528537750244,24.21,83.15830993652344,24.21,92.81652069091795
24.22000000000001,9.71507167816162,24.22000000000001,100.58905792236328,24.22,13.136662483215332,24.22,83.16075134277344,24.22000000000001,92.71753692626952
24.230000000000004,9.68985080718994,24.230000000000004,100.56494140625,24.23,13.135300636291504,24.230000000000004,83.16277313232422,24.230000000000004,92.60661315917967
24.24,9.66740894317627,24.24,100.54328155517578,24.239999999999995,13.118202209472656,24.24,83.16537475585938,24.24,92.53453063964844
24.25,9.652593612670898,24.25,100.51860809326172,24.25,13.080771446228027,24.25,83.16675567626953,24.25,92.5082778930664
24.260000000000005,9.642022132873535,24.260000000000005,100.49424743652344,24.26,13.040857315063477,24.260000000000005,83.168212890625,24.260000000000005,92.52152252197266
24.270000000000003,9.633508682250977,24.270000000000003,100.47180938720705,24.27,13.004642486572266,24.270000000000003,83.16687774658203,24.270000000000003,92.56238555908205
24.28,9.616714477539062,24.28,100.45608520507812,24.28,12.970206260681152,24.28,83.16476440429688,24.28,92.62075805664062
24.290000000000006,9.58265495300293,24.29,100.45136260986328,24.29,12.936762809753418,24.29,83.16111755371094,24.290000000000006,92.69376373291016
24.300000000000004,9.542505264282228,24.300000000000004,100.45242309570312,24.3,12.902570724487305,24.300000000000004,83.15644836425781,24.300000000000004,92.76753997802734
24.31,9.502036094665527,24.31,100.45494079589844,24.309999999999995,12.865354537963867,24.31,83.15276336669922,24.31,92.8165054321289
24.32,9.468624114990234,24.32,100.4550323486328,24.32,12.824841499328612,24.32,83.14904022216797,24.32,92.84044647216795
24.330000000000005,9.439406394958496,24.330000000000005,100.43125915527344,24.33,12.785971641540527,24.33,83.144287109375,24.330000000000005,92.8562469482422
24.340000000000003,9.416910171508787,24.340000000000003,100.41014862060548,24.34,12.758095741271973,24.340000000000003,83.13876342773438,24.340000000000003,92.8788604736328
24.35,9.401771545410156,24.35,100.40526580810548,24.35,12.753474235534668,24.35,83.13417053222656,24.35,92.92688751220705
24.360000000000007,9.3922758102417,24.36,100.3983917236328,24.36,12.761096954345703,24.36,83.1283950805664,24.360000000000007,93.00800323486328
24.370000000000005,9.387340545654297,24.370000000000005,100.39590454101562,24.37,12.773293495178224,24.370000000000005,83.122802734375,24.370000000000005,93.12332916259766
24.380000000000003,9.387823104858398,24.380000000000003,100.40459442138672,24.379999999999995,12.785806655883787,24.380000000000003,83.11727142333984,24.380000000000003,93.2647933959961
24.39,9.392107963562012,24.39,100.42813110351562,24.39,12.797030448913574,24.39,83.1101303100586,24.39,93.40691375732422
24.40000000000001,9.397369384765623,24.40000000000001,100.45647430419922,24.4,12.807990074157717,24.4,83.1036148071289,24.40000000000001,93.5182113647461
24.410000000000004,9.404312133789062,24.410000000000004,100.48538208007812,24.41,12.82872486114502,24.410000000000004,83.09701538085938,24.410000000000004,93.57484436035156
24.42,9.40908908843994,24.42,100.5086441040039,24.42,12.85488986968994,24.42,83.09307861328125,24.42,93.58094024658205
24.43,9.406402587890623,24.43,100.52814483642578,24.43,12.886659622192385,24.43,83.08929443359375,24.43,93.57506561279295
24.440000000000005,9.398442268371582,24.440000000000005,100.54080963134766,24.44,12.92185115814209,24.440000000000005,83.08747100830078,24.440000000000005,93.57298278808594
24.450000000000003,9.39210319519043,24.450000000000003,100.55109405517578,24.45,12.957352638244627,24.450000000000003,83.08472442626953,24.450000000000003,93.59209442138672
24.46,9.39054012298584,24.46,100.56226348876952,24.46,12.98808479309082,24.46,83.08088684082031,24.46,93.63082885742188
24.47000000000001,9.390024185180664,24.47000000000001,100.57655334472656,24.47,13.01477336883545,24.47,83.07685089111328,24.47000000000001,93.69422912597656
24.480000000000004,9.39268398284912,24.480000000000004,100.5889892578125,24.48,13.03523063659668,24.480000000000004,83.0750503540039,24.480000000000004,93.77117919921876
24.49,9.396931648254396,24.49,100.5995864868164,24.489999999999995,13.052002906799316,24.49,83.07418823242188,24.49,93.84529876708984
24.5,9.401543617248535,24.5,100.60609436035156,24.5,13.066767692565918,24.5,83.07170867919922,24.5,93.90631866455078
24.510000000000005,9.409113883972168,24.510000000000005,100.6078643798828,24.51,13.07997703552246,24.510000000000005,83.07257080078125,24.510000000000005,93.94720458984376
24.520000000000003,9.417746543884276,24.520000000000003,100.60199737548828,24.52,13.10006332397461,24.520000000000003,83.07389068603516,24.520000000000003,93.95917510986328
24.53,9.426591873168944,24.53,100.58625793457033,24.53,13.122300148010254,24.53,83.073486328125,24.53,93.95361328125
24.540000000000006,9.435721397399902,24.54,100.57573699951172,24.54,13.141357421875,24.54,83.07283020019531,24.540000000000006,93.94274139404295
24.550000000000004,9.449671745300291,24.550000000000004,100.56688690185548,24.55,13.158388137817385,24.550000000000004,83.07246398925781,24.550000000000004,93.94075775146484
24.56,9.475034713745115,24.56,100.5606460571289,24.559999999999995,13.171746253967283,24.56,83.07087707519531,24.56,93.94723510742188
24.57,9.495044708251951,24.57,100.56175231933594,24.57,13.1798677444458,24.57,83.07057189941406,24.57,93.96023559570312
24.580000000000005,9.49980354309082,24.580000000000005,100.5744171142578,24.58,13.182244300842283,24.58,83.07300567626953,24.580000000000005,93.97211456298828
24.590000000000003,9.503525733947754,24.590000000000003,100.58251953125,24.59,13.176058769226074,24.590000000000003,83.06978607177734,24.590000000000003,93.98837280273438
24.6,9.50540828704834,24.6,100.58594512939452,24.6,13.159371376037598,24.6,83.07025909423828,24.6,94.0111846923828
24.610000000000007,9.501654624938965,24.61,100.58768463134766,24.61,13.1392822265625,24.61,83.07073211669922,24.610000000000007,94.04122924804688
24.620000000000005,9.492606163024902,24.620000000000005,100.58262634277344,24.62,13.122881889343262,24.620000000000005,83.07210540771484,24.620000000000005,94.0734634399414
24.630000000000003,9.47976779937744,24.630000000000003,100.57728576660156,24.629999999999995,13.11277961730957,24.630000000000003,83.07296752929688,24.630000000000003,94.11285400390624
24.64,9.46812629699707,24.64,100.57096099853516,24.64,13.105331420898438,24.64,83.0722427368164,24.64,94.12954711914062
24.65000000000001,9.455860137939451,24.65000000000001,100.56658172607422,24.65,13.097980499267578,24.65,83.0723648071289,24.65000000000001,94.14620208740234
24.660000000000004,9.44009494781494,24.660000000000004,100.56170654296876,24.66,13.08698558807373,24.660000000000004,83.06910705566406,24.660000000000004,94.17021942138672
24.67,9.43692111968994,24.67,100.556640625,24.67,13.07394313812256,24.67,83.0697021484375,24.67,94.19831848144533
24.68,9.43227195739746,24.68,100.5545654296875,24.68,13.059391021728516,24.68,83.06951904296875,24.68,94.2251968383789
24.690000000000005,9.417917251586914,24.690000000000005,100.55393981933594,24.69,13.046042442321776,24.690000000000005,83.06867218017578,24.690000000000005,94.25299072265624
24.700000000000003,9.392791748046877,24.700000000000003,100.5544891357422,24.7,13.03801441192627,24.700000000000003,83.0687255859375,24.700000000000003,94.28047943115234
24.71,9.363593101501465,24.71,100.55753326416016,24.71,13.034272193908691,24.71,83.06845092773438,24.71,94.3152313232422
24.72000000000001,9.333592414855955,24.72000000000001,100.55851745605467,24.72,13.033650398254396,24.72,83.06720733642578,24.72000000000001,94.35456085205078
24.730000000000004,9.317863464355469,24.730000000000004,100.55813598632812,24.73,13.033772468566896,24.730000000000004,83.06695556640625,24.730000000000004,94.3922882080078
24.74,9.314837455749512,24.74,100.5592269897461,24.739999999999995,13.033123016357422,24.74,83.0654525756836,24.74,94.42488861083984
24.75,9.316410064697266,24.75,100.56787109375,24.75,13.03017520904541,24.75,83.06591033935547,24.75,94.4448699951172
24.760000000000005,9.31977081298828,24.760000000000005,100.57624816894533,24.76,13.021108627319336,24.760000000000005,83.0647964477539,24.760000000000005,94.44623565673828
24.770000000000003,9.326254844665527,24.770000000000003,100.58441162109376,24.77,13.006617546081545,24.770000000000003,83.065185546875,24.770000000000003,94.42657470703124
24.78,9.33462619781494,24.78,100.5938949584961,24.78,12.998978614807127,24.78,83.06319427490234,24.78,94.40560913085938
24.790000000000006,9.338397979736328,24.79,100.60296630859376,24.79,12.998414039611816,24.79,83.06134796142578,24.790000000000006,94.39153289794922
24.800000000000004,9.334439277648926,24.800000000000004,100.61053466796876,24.8,13.004465103149414,24.800000000000004,83.05989837646484,24.800000000000004,94.37492370605467
24.81,9.330594062805176,24.81,100.6183853149414,24.809999999999995,13.016335487365724,24.81,83.05865478515625,24.81,94.35848236083984
24.82,9.330589294433594,24.82,100.623046875,24.82,13.02911376953125,24.82,83.05500030517578,24.82,94.35220336914062
24.830000000000005,9.33187484741211,24.830000000000005,100.62845611572266,24.83,13.04350471496582,24.83,83.05265808105469,24.830000000000005,94.3573226928711
24.840000000000003,9.331829071044922,24.840000000000003,100.63478088378906,24.84,13.056232452392578,24.840000000000003,83.05023193359375,24.840000000000003,94.36084747314452
24.85,9.330670356750488,24.85,100.64387512207033,24.85,13.065835952758787,24.85,83.04744720458984,24.85,94.34437561035156
24.860000000000007,9.32949447631836,24.86,100.6530532836914,24.86,13.072169303894045,24.86,83.04479217529297,24.860000000000007,94.32653045654295
24.870000000000005,9.32683563232422,24.870000000000005,100.66407012939452,24.87,13.073812484741213,24.870000000000005,83.04412841796875,24.870000000000005,94.31884765625
24.880000000000003,9.321907997131348,24.880000000000003,100.6747055053711,24.879999999999995,13.0755033493042,24.880000000000003,83.04302215576172,24.880000000000003,94.31730651855467
24.89,9.324000358581545,24.89,100.67952728271484,24.89,13.076485633850098,24.89,83.04469299316406,24.89,94.31344604492188
24.90000000000001,9.330999374389648,24.90000000000001,100.68067932128906,24.9,13.081000328063965,24.9,83.04520416259766,24.90000000000001,94.2966537475586
24.910000000000004,9.34266757965088,24.910000000000004,100.6843032836914,24.91,13.086420059204102,24.910000000000004,83.0455093383789,24.910000000000004,94.27896118164062
24.92,9.359658241271973,24.92,100.68801879882812,24.92,13.09367561340332,24.92,83.04429626464844,24.92,94.2664566040039
24.93,9.379034996032717,24.93,100.68928527832033,24.93,13.098371505737305,24.93,83.04151153564453,24.93,94.26162719726562
24.940000000000005,9.39571475982666,24.940000000000005,100.69437408447266,24.94,13.09969425201416,24.940000000000005,83.03886413574219,24.940000000000005,94.26687622070312
24.950000000000003,9.404889106750488,24.950000000000003,100.70841979980467,24.95,13.09951114654541,24.950000000000003,83.03639221191406,24.950000000000003,94.28041076660156
24.96,9.408343315124512,24.96,100.72096252441406,24.96,13.098994255065918,24.96,83.03412628173828,24.96,94.30625915527344
24.97000000000001,9.407312393188477,24.97000000000001,100.7274398803711,24.97,13.09670639038086,24.97,83.0326156616211,24.97000000000001,94.3176727294922
24.980000000000004,9.40152359008789,24.980000000000004,100.72502899169922,24.98,13.093732833862305,24.980000000000004,83.03292846679688,24.980000000000004,94.31356048583984
24.99,9.395025253295898,24.99,100.71959686279295,24.989999999999995,13.094522476196287,24.99,83.03126525878906,24.99,94.30107879638672
25.0,9.390941619873049,25.0,100.71639251708984,25.0,13.094294548034668,25.0,83.0311279296875,25.0,94.2911148071289
25.010000000000005,9.391444206237791,25.010000000000005,100.71598052978516,25.01,13.094816207885742,25.010000000000005,83.03140258789062,25.010000000000005,94.2761688232422
25.020000000000003,9.39537239074707,25.020000000000003,100.7144775390625,25.02,13.092751502990724,25.020000000000003,83.03311157226562,25.020000000000003,94.2616195678711
25.03,9.401771545410156,25.03,100.71163940429688,25.03,13.09172248840332,25.03,83.03569030761719,25.03,94.2555160522461
25.040000000000006,9.406790733337402,25.04,100.71366119384766,25.04,13.090741157531738,25.04,83.0370864868164,25.040000000000006,94.26207733154295
25.050000000000004,9.412171363830566,25.050000000000004,100.71456909179688,25.05,13.089653968811035,25.050000000000004,83.03787231445312,25.050000000000004,94.2563018798828
25.06,9.420186042785645,25.06,100.70689392089844,25.059999999999995,13.088662147521973,25.06,83.0389175415039,25.06,94.23400115966795
25.07,9.429248809814451,25.07,100.69820404052734,25.07,13.088756561279297,25.07,83.04010772705078,25.07,94.19415283203124
25.080000000000005,9.437616348266602,25.080000000000005,100.68812561035156,25.08,13.094365119934082,25.08,83.04388427734375,25.080000000000005,94.14659118652344
25.090000000000003,9.443585395812988,25.090000000000003,100.6735382080078,25.09,13.102370262145996,25.090000000000003,83.05004119873047,25.090000000000003,94.09518432617188
25.1,9.448421478271484,25.1,100.65377044677734,25.1,13.113348007202148,25.1,83.05664825439453,25.1,94.0384292602539
25.110000000000007,9.451425552368164,25.11,100.63719940185548,25.11,13.12749195098877,25.11,83.06283569335938,25.110000000000007,93.97280883789062
25.120000000000005,9.459410667419434,25.120000000000005,100.63151550292967,25.12,13.141107559204102,25.120000000000005,83.06987762451172,25.120000000000005,93.90036010742188
25.130000000000003,9.472745895385742,25.130000000000003,100.62925720214844,25.129999999999995,13.150328636169434,25.130000000000003,83.07611083984375,25.130000000000003,93.82201385498048
25.14,9.490821838378906,25.14,100.61923217773438,25.14,13.15326690673828,25.14,83.08341979980469,25.14,93.72177124023438
25.15000000000001,9.512077331542969,25.15000000000001,100.6006317138672,25.15,13.152145385742188,25.15,83.09317779541016,25.15000000000001,93.60234832763672
25.160000000000004,9.536334037780762,25.160000000000004,100.5882797241211,25.16,13.148540496826172,25.160000000000004,83.10249328613281,25.160000000000004,93.4831771850586
25.17,9.562862396240234,25.17,100.5766372680664,25.17,13.145773887634276,25.17,83.11373138427734,25.17,93.38197326660156
25.18,9.595832824707031,25.18,100.56412506103516,25.18,13.14056396484375,25.18,83.12654113769531,25.18,93.28549194335938
25.190000000000005,9.634739875793455,25.190000000000005,100.5517807006836,25.19,13.13659381866455,25.190000000000005,83.14192962646484,25.190000000000005,93.18231201171876
25.200000000000003,9.669815063476562,25.200000000000003,100.53681182861328,25.2,13.13634967803955,25.200000000000003,83.15615844726562,25.200000000000003,93.07869720458984
25.21,9.697369575500488,25.21,100.52030181884766,25.21,13.133724212646484,25.21,83.17072296142578,25.21,92.98314666748048
25.22000000000001,9.718335151672363,25.22000000000001,100.50764465332033,25.22,13.12087345123291,25.22,83.18302154541016,25.22000000000001,92.89603424072266
25.230000000000004,9.734646797180176,25.230000000000004,100.50150299072266,25.23,13.097187995910645,25.230000000000004,83.1952133178711,25.230000000000004,92.80128479003906
25.24,9.742446899414062,25.24,100.4997787475586,25.239999999999995,13.06586742401123,25.24,83.20858764648438,25.24,92.69615173339844
25.25,9.735559463500977,25.25,100.4974136352539,25.25,13.027673721313477,25.25,83.22264862060547,25.25,92.5874481201172
25.260000000000005,9.735170364379885,25.260000000000005,100.50348663330078,25.26,12.995895385742188,25.260000000000005,83.23880767822266,25.260000000000005,92.47402954101562
25.270000000000003,9.749922752380373,25.270000000000003,100.5143814086914,25.27,12.97909164428711,25.270000000000003,83.25663757324219,25.270000000000003,92.35397338867188
25.28,9.772296905517578,25.28,100.52228546142578,25.28,12.973428726196287,25.28,83.27554321289062,25.28,92.22553253173828
25.290000000000006,9.792332649230955,25.29,100.52532196044922,25.29,12.972820281982422,25.29,83.29276275634766,25.290000000000006,92.080810546875
25.300000000000004,9.811711311340332,25.300000000000004,100.52564239501952,25.3,12.975353240966797,25.300000000000004,83.30638122558594,25.300000000000004,91.92295837402344
25.31,9.831291198730469,25.31,100.52959442138672,25.309999999999995,12.976714134216309,25.31,83.31707763671875,25.31,91.75865173339844
25.32,9.85505485534668,25.32,100.54238891601562,25.32,12.977595329284668,25.32,83.32737731933594,25.32,91.59890747070312
25.330000000000005,9.881502151489258,25.330000000000005,100.55667114257812,25.33,12.979129791259766,25.33,83.33554077148438,25.330000000000005,91.4500961303711
25.340000000000003,9.90410041809082,25.340000000000003,100.57508850097656,25.34,12.974982261657717,25.340000000000003,83.34098815917969,25.340000000000003,91.3047866821289
25.35,9.918974876403809,25.35,100.59293365478516,25.35,12.966791152954102,25.35,83.34362030029297,25.35,91.14757537841795
25.360000000000007,9.928102493286133,25.36,100.60962677001952,25.36,12.962307929992676,25.36,83.34346008300781,25.360000000000007,90.96392059326172
25.370000000000005,9.937237739562988,25.370000000000005,100.62337493896484,25.37,12.964715003967283,25.370000000000005,83.34227752685547,25.370000000000005,90.73844146728516
25.380000000000003,9.958471298217772,25.380000000000003,100.63076782226562,25.379999999999995,12.971162796020508,25.380000000000003,83.33975219726562,25.380000000000003,90.4823226928711
25.39,9.9840087890625,25.39,100.64183807373048,25.39,12.97997760772705,25.39,83.33511352539062,25.39,90.2151336669922
25.40000000000001,10.003867149353027,25.40000000000001,100.65808868408205,25.4,12.988953590393066,25.4,83.3315658569336,25.40000000000001,89.95870971679688
25.410000000000004,10.017882347106934,25.410000000000004,100.67741394042967,25.41,12.99634838104248,25.410000000000004,83.33047485351562,25.410000000000004,89.7342300415039
25.42,10.027387619018556,25.42,100.69950103759766,25.42,12.998456954956056,25.42,83.32625579833984,25.42,89.5718002319336
25.43,10.031514167785645,25.43,100.7238311767578,25.43,12.999699592590332,25.43,83.32278442382812,25.43,89.44546508789062
25.440000000000005,10.030211448669434,25.440000000000005,100.74787902832033,25.44,13.000959396362305,25.440000000000005,83.32292938232422,25.440000000000005,89.30939483642578
25.450000000000003,10.029989242553713,25.450000000000003,100.77330017089844,25.45,13.002031326293944,25.450000000000003,83.32052612304688,25.450000000000003,89.1390151977539
25.46,10.035097122192385,25.46,100.79972076416016,25.46,13.009817123413086,25.46,83.31822204589844,25.46,88.91883850097656
25.47000000000001,10.042627334594728,25.47000000000001,100.82737731933594,25.47,13.022238731384276,25.47,83.3133544921875,25.47000000000001,88.63450622558594
25.480000000000004,10.04446506500244,25.480000000000004,100.8519515991211,25.48,13.042776107788086,25.480000000000004,83.30604553222656,25.480000000000004,88.30429077148438
25.49,10.045015335083008,25.49,100.8777847290039,25.489999999999995,13.068961143493652,25.49,83.2953872680664,25.49,87.94197845458984
25.5,10.041637420654297,25.5,100.89608001708984,25.5,13.097947120666504,25.5,83.28456115722656,25.5,87.59066009521484
25.510000000000005,10.035511016845703,25.510000000000005,100.90923309326172,25.51,13.12754726409912,25.510000000000005,83.27417755126953,25.510000000000005,87.27899932861328
25.520000000000003,10.028252601623535,25.520000000000003,100.93508911132812,25.52,13.157852172851562,25.520000000000003,83.26800537109375,25.520000000000003,87.01073455810547
25.53,10.01838207244873,25.53,100.96633911132812,25.53,13.185660362243652,25.53,83.26563262939453,25.53,86.75704956054688
25.540000000000006,10.009526252746582,25.54,100.99434661865234,25.54,13.216818809509276,25.54,83.26648712158203,25.540000000000006,86.49201202392578
25.550000000000004,10.005062103271484,25.550000000000004,101.01871490478516,25.55,13.249920845031738,25.550000000000004,83.26902770996094,25.550000000000004,86.18881225585938
25.56,10.01241683959961,25.56,101.04147338867188,25.559999999999995,13.288034439086914,25.56,83.27046966552734,25.56,85.83696746826172
25.57,10.03133773803711,25.57,101.06278228759766,25.57,13.32817554473877,25.57,83.27085876464844,25.57,85.45917510986328
25.580000000000005,10.05691146850586,25.580000000000005,101.0759048461914,25.58,13.36350917816162,25.58,83.27053833007812,25.580000000000005,85.0650634765625
25.590000000000003,10.083749771118164,25.590000000000003,101.08898162841795,25.59,13.394959449768066,25.590000000000003,83.26813507080078,25.590000000000003,84.64762115478516
25.6,10.10995101928711,25.6,101.1125946044922,25.6,13.423261642456056,25.6,83.26729583740234,25.6,84.20983123779297
25.610000000000007,10.134566307067873,25.61,101.14059448242188,25.61,13.451160430908203,25.61,83.26305389404297,25.610000000000007,83.76675415039062
25.620000000000005,10.161125183105469,25.620000000000005,101.17034149169922,25.62,13.488103866577148,25.620000000000005,83.24849700927734,25.620000000000005,83.3192138671875
25.630000000000003,10.195691108703612,25.630000000000003,101.19931030273438,25.629999999999995,13.53516674041748,25.630000000000003,83.2488021850586,25.630000000000003,82.85824584960938
25.64,10.23507308959961,25.64,101.22955322265624,25.64,13.592183113098145,25.64,83.24868774414062,25.64,82.3892593383789
25.65000000000001,10.265969276428224,25.65000000000001,101.25255584716795,25.65,13.654196739196776,25.65,83.24942779541016,25.65000000000001,81.9277114868164
25.660000000000004,10.294703483581545,25.660000000000004,101.26609802246094,25.66,13.719857215881348,25.660000000000004,83.25296783447266,25.660000000000004,81.47119903564453
25.67,10.324591636657717,25.67,101.27499389648438,25.67,13.783010482788086,25.67,83.25761413574219,25.67,80.99513244628906
25.68,10.360215187072754,25.68,101.28133392333984,25.68,13.84213924407959,25.68,83.26263427734375,25.68,80.5024185180664
25.690000000000005,10.413629531860352,25.690000000000005,101.28941345214844,25.69,13.898951530456545,25.690000000000005,83.26850128173828,25.690000000000005,80.04327392578125
25.700000000000003,10.480064392089844,25.700000000000003,101.31053924560548,25.7,13.952733993530272,25.700000000000003,83.27754974365234,25.700000000000003,79.63113403320312
25.71,10.536541938781738,25.71,101.33221435546876,25.71,14.00131130218506,25.71,83.28968811035156,25.71,79.23217010498047
25.72000000000001,10.572482109069824,25.72000000000001,101.34874725341795,25.72,14.04648494720459,25.72,83.30474853515625,25.72000000000001,78.78305053710938
25.730000000000004,10.606660842895508,25.730000000000004,101.35763549804688,25.73,14.092750549316406,25.730000000000004,83.32161712646484,25.730000000000004,78.2861557006836
25.74,10.648385047912598,25.74,101.378173828125,25.739999999999995,14.148797988891602,25.74,83.34131622314453,25.74,77.77403259277344
25.75,10.689742088317873,25.75,101.41143035888672,25.75,14.21160888671875,25.75,83.36243438720703,25.75,77.22565460205078
25.760000000000005,10.740401268005373,25.760000000000005,101.45504760742188,25.76,14.2774076461792,25.760000000000005,83.39012145996094,25.760000000000005,76.63102722167969
25.770000000000003,10.824267387390137,25.770000000000003,101.50521087646484,25.77,14.34963035583496,25.770000000000003,83.4233627319336,25.770000000000003,76.002685546875
25.78,10.932903289794922,25.78,101.56067657470705,25.78,14.427315711975098,25.78,83.46453094482422,25.78,75.35716247558594
25.790000000000006,11.041763305664062,25.79,101.61630249023438,25.79,14.523516654968262,25.79,83.51229095458984,25.790000000000006,74.73529815673828
25.800000000000004,11.127893447875977,25.800000000000004,101.67347717285156,25.8,14.645330429077148,25.800000000000004,83.57156372070312,25.800000000000004,74.12417602539062
25.81,11.197762489318848,25.81,101.73580932617188,25.809999999999995,14.783018112182615,25.81,83.64459991455078,25.81,73.48233032226562
25.82,11.263921737670898,25.82,101.7953643798828,25.82,14.912457466125488,25.82,83.72713470458984,25.82,72.79969787597656
25.830000000000005,11.337701797485352,25.830000000000005,101.84821319580078,25.83,15.03952407836914,25.83,83.81444549560547,25.830000000000005,72.06925964355469
25.840000000000003,11.424259185791016,25.840000000000003,101.9019775390625,25.84,15.176462173461914,25.840000000000003,83.90282440185547,25.840000000000003,71.27819061279297
25.85,11.517608642578123,25.85,101.95289611816406,25.85,15.33665943145752,25.85,83.99048614501953,25.85,70.4502182006836
25.860000000000007,11.62913417816162,25.86,102.005126953125,25.86,15.541312217712402,25.86,84.0749282836914,25.860000000000007,69.6523208618164
25.870000000000005,11.771023750305176,25.870000000000005,102.05225372314452,25.87,15.766561508178713,25.870000000000005,84.16166687011719,25.870000000000005,68.92220306396484
25.880000000000003,11.911285400390623,25.880000000000003,102.09899139404295,25.879999999999995,16.001667022705078,25.880000000000003,84.23209381103516,25.880000000000003,68.19535064697266
25.89,12.042515754699709,25.89,102.13245391845705,25.89,16.245546340942383,25.89,84.27572631835938,25.89,67.39551544189453
25.90000000000001,12.201545715332031,25.90000000000001,102.15978240966795,25.9,16.51535415649414,25.9,84.29464721679688,25.90000000000001,66.50016021728516
25.910000000000004,12.424114227294922,25.910000000000004,102.18202209472656,25.91,16.854951858520508,25.910000000000004,84.28349304199219,25.910000000000004,65.53479766845703
25.92,12.72391128540039,25.92,102.20720672607422,25.92,17.228166580200195,25.92,84.26962280273438,25.92,64.5265884399414
25.93,13.04830265045166,25.93,102.2840805053711,25.93,17.602230072021484,25.93,84.2529296875,25.93,63.51773834228516
25.940000000000005,13.365585327148438,25.940000000000005,102.40301513671876,25.94,17.979263305664062,25.940000000000005,84.23519897460938,25.940000000000005,62.53002166748047
25.950000000000003,13.678935050964355,25.950000000000003,102.5425796508789,25.95,18.357860565185547,25.950000000000003,84.22289276123047,25.950000000000003,61.5431022644043
25.96,14.039005279541016,25.96,102.67432403564452,25.96,18.768394470214844,25.96,84.20796966552734,25.96,60.54680252075195
25.97000000000001,14.4541597366333,25.97000000000001,102.81270599365234,25.97,19.21583366394043,25.97,84.18168640136719,25.97000000000001,59.59382629394531
25.980000000000004,14.896382331848145,25.980000000000004,102.96894073486328,25.98,19.683055877685547,25.980000000000004,84.14834594726562,25.980000000000004,58.647735595703125
25.99,15.348033905029297,25.99,103.12720489501952,25.989999999999995,20.161958694458008,25.99,84.10868835449219,25.99,57.66226959228516
26.0,15.793983459472656,26.0,103.28116607666016,26.0,20.66096878051757,26.0,84.06178283691406,26.0,56.64278793334961
26.010000000000005,16.19978141784668,26.010000000000005,103.43319702148438,26.01,21.196962356567383,26.010000000000005,84.01184844970703,26.010000000000005,55.61534881591797
26.020000000000003,16.569366455078125,26.020000000000003,103.59309387207033,26.02,21.74574089050293,26.020000000000003,83.96569061279297,26.020000000000003,54.57516860961914
26.03,16.934432983398438,26.03,103.7689971923828,26.03,22.262596130371094,26.03,83.92092895507812,26.03,53.57554244995117
26.040000000000006,17.299503326416016,26.04,103.96001434326172,26.04,22.76626968383789,26.04,83.8807601928711,26.040000000000006,52.68927383422852
26.050000000000004,17.65904426574707,26.050000000000004,104.1541519165039,26.05,23.246809005737305,26.050000000000004,83.851806640625,26.050000000000004,51.879981994628906
26.06,17.998571395874023,26.06,104.35433959960938,26.059999999999995,23.734283447265625,26.06,83.82637786865234,26.06,51.15355682373047
26.07,18.33951568603516,26.07,104.56604766845705,26.07,24.22926902770996,26.07,83.80238342285156,26.07,50.50934219360352
26.080000000000005,18.72373580932617,26.080000000000005,104.79138946533205,26.08,24.726816177368164,26.08,83.78144073486328,26.080000000000005,49.933372497558594
26.090000000000003,19.130125045776367,26.090000000000003,105.0159683227539,26.09,25.22427558898925,26.090000000000003,83.76665496826172,26.090000000000003,49.44577026367188
26.1,19.56595039367676,26.1,105.23440551757812,26.1,25.72128868103028,26.1,83.75602722167969,26.1,49.04434585571289
26.110000000000007,20.04410743713379,26.11,105.45781707763672,26.11,26.21111869812012,26.11,83.74298095703125,26.110000000000007,48.717041015625
26.120000000000005,20.56432342529297,26.120000000000005,105.67039489746094,26.12,26.68276023864746,26.120000000000005,83.72355651855469,26.120000000000005,48.45326614379883
26.130000000000003,21.126001358032227,26.130000000000003,105.87554931640624,26.129999999999995,27.159404754638672,26.130000000000003,83.69084167480469,26.130000000000003,48.20199203491211
26.14,21.724658966064453,26.14,106.07247161865234,26.14,27.67439079284668,26.14,83.65181732177734,26.14,47.91366195678711
26.15000000000001,22.35269546508789,26.15000000000001,106.25836181640624,26.15,28.239303588867188,26.15,83.61402130126953,26.15000000000001,47.57761764526367
26.160000000000004,22.989402770996094,26.160000000000004,106.42818450927734,26.16,28.872020721435547,26.160000000000004,83.5778579711914,26.160000000000004,47.183692932128906
26.17,23.63092613220215,26.17,106.57713317871094,26.17,29.552778244018555,26.17,83.54462432861328,26.17,46.77735900878906
26.18,24.28487968444824,26.18,106.70821380615234,26.18,30.276498794555664,26.18,83.51846313476562,26.18,46.40301513671875
26.190000000000005,24.94791030883789,26.190000000000005,106.82550811767578,26.19,31.025060653686523,26.190000000000005,83.49854278564453,26.190000000000005,46.11577606201172
26.200000000000003,25.6190185546875,26.200000000000003,106.93348693847656,26.2,31.75782012939453,26.200000000000003,83.48057556152344,26.200000000000003,45.92244720458984
26.21,26.290407180786133,26.21,107.04306030273438,26.21,32.47090148925781,26.21,83.46701049804688,26.21,45.81694793701172
26.22000000000001,26.966527938842773,26.22000000000001,107.17106628417967,26.22,33.18507766723633,26.22,83.45516967773438,26.22000000000001,45.783836364746094
26.230000000000004,27.66075134277344,26.230000000000004,107.31201934814452,26.23,33.89231491088867,26.230000000000004,83.45437622070312,26.230000000000004,45.78779602050781
26.24,28.39108085632324,26.24,107.44354248046876,26.239999999999995,34.59205627441406,26.24,83.46263122558594,26.24,45.798370361328125
26.25,29.147998809814453,26.25,107.5653839111328,26.25,35.28913879394531,26.25,83.46913146972656,26.25,45.80157852172852
26.260000000000005,29.927722930908203,26.260000000000005,107.6812973022461,26.26,36.00513458251953,26.260000000000005,83.47652435302734,26.260000000000005,45.815704345703125
26.270000000000003,30.73486518859864,26.270000000000003,107.79144287109376,26.27,36.73761749267578,26.270000000000003,83.48418426513672,26.270000000000003,45.86265182495117
26.28,31.55853271484375,26.28,107.89425659179688,26.28,37.489654541015625,26.28,83.49178314208984,26.28,45.95580291748047
26.290000000000006,32.38325119018555,26.29,107.9936065673828,26.29,38.247066497802734,26.29,83.49603271484375,26.290000000000006,46.12150192260742
26.300000000000004,33.19435119628906,26.300000000000004,108.09418487548828,26.3,38.99767303466797,26.300000000000004,83.49293518066406,26.300000000000004,46.35716247558594
26.31,33.98088455200195,26.31,108.19656372070312,26.309999999999995,39.74399948120117,26.31,83.4807357788086,26.31,46.64406967163086
26.32,34.757591247558594,26.32,108.28463745117188,26.32,40.48284530639648,26.32,83.45677947998047,26.32,46.96634292602539
26.330000000000005,35.53753662109375,26.330000000000005,108.36648559570312,26.33,41.22107696533203,26.33,83.42876434326172,26.330000000000005,47.29757308959961
26.340000000000003,36.31985092163086,26.340000000000003,108.45328521728516,26.34,41.94873428344727,26.340000000000003,83.39945983886719,26.340000000000003,47.64960479736328
26.35,37.09635543823242,26.35,108.53601837158205,26.35,42.68238830566406,26.35,83.36604309082031,26.35,48.03030776977539
26.360000000000007,37.87917709350586,26.36,108.58373260498048,26.36,43.426605224609375,26.36,83.32431030273438,26.360000000000007,48.43955993652344
26.370000000000005,38.666648864746094,26.370000000000005,108.5973892211914,26.37,44.17742156982422,26.370000000000005,83.2734146118164,26.370000000000005,48.89633560180664
26.380000000000003,39.45967864990234,26.380000000000003,108.61365509033205,26.379999999999995,44.9355583190918,26.380000000000003,83.22554779052734,26.380000000000003,49.39108276367188
26.39,40.25551986694336,26.39,108.66109466552734,26.39,45.71152877807617,26.39,83.18612670898438,26.39,49.90894317626953
26.40000000000001,41.03310775756836,26.40000000000001,108.72551727294922,26.4,46.49858474731445,26.4,83.15655517578125,26.40000000000001,50.442813873291016
26.410000000000004,41.792964935302734,26.410000000000004,108.7769546508789,26.41,47.28953170776367,26.410000000000004,83.13021087646484,26.410000000000004,50.99589157104492
26.42,42.55098724365234,26.42,108.82123565673828,26.42,48.08325958251953,26.42,83.10646057128906,26.42,51.56788635253906
26.43,43.322845458984375,26.43,108.85414123535156,26.43,48.877891540527344,26.43,83.07783508300781,26.43,52.160926818847656
26.440000000000005,44.10761260986328,26.440000000000005,108.87117767333984,26.44,49.66008758544922,26.440000000000005,83.04805755615234,26.440000000000005,52.7781867980957
26.450000000000003,44.90361404418945,26.450000000000003,108.862548828125,26.45,50.43174362182617,26.450000000000003,83.01250457763672,26.450000000000003,53.43358612060547
26.46,45.70655059814453,26.46,108.82781219482422,26.46,51.197731018066406,26.46,82.97209930419922,26.46,54.11825942993164
26.47000000000001,46.50201416015625,26.47000000000001,108.7784423828125,26.47,51.95657730102539,26.47,82.927001953125,26.47000000000001,54.782859802246094
26.480000000000004,47.28339385986328,26.480000000000004,108.71964263916016,26.48,52.72774887084961,26.480000000000004,82.88235473632812,26.480000000000004,55.431888580322266
26.49,48.061519622802734,26.49,108.6532974243164,26.489999999999995,53.52004623413086,26.49,82.84542846679688,26.49,56.09689712524414
26.5,48.837135314941406,26.5,108.58779907226562,26.5,54.31929016113281,26.5,82.8135757446289,26.5,56.76813125610352
26.510000000000005,49.6324348449707,26.510000000000005,108.5025634765625,26.51,55.1265983581543,26.510000000000005,82.78701782226562,26.510000000000005,57.45532989501953
26.520000000000003,50.44278335571289,26.520000000000003,108.39862060546876,26.52,55.93974685668945,26.520000000000003,82.76255798339844,26.520000000000003,58.140411376953125
26.53,51.27250289916992,26.53,108.28152465820312,26.53,56.75825119018555,26.53,82.74018859863281,26.53,58.8530387878418
26.540000000000006,52.112037658691406,26.54,108.14325714111328,26.54,57.56992721557617,26.54,82.71595764160156,26.540000000000006,59.59343719482422
26.550000000000004,52.95158386230469,26.550000000000004,107.99877166748048,26.55,58.38793563842773,26.550000000000004,82.69239044189453,26.550000000000004,60.34880065917969
26.56,53.78194808959961,26.56,107.84364318847656,26.559999999999995,59.20066833496094,26.56,82.67034149169922,26.56,61.075042724609375
26.57,54.61880874633789,26.57,107.67920684814452,26.57,60.006195068359375,26.57,82.65130615234375,26.57,61.76066970825195
26.580000000000005,55.46160125732422,26.580000000000005,107.50953674316406,26.58,60.83023452758789,26.58,82.63264465332031,26.580000000000005,62.4505615234375
26.590000000000003,56.306148529052734,26.590000000000003,107.33780670166016,26.59,61.66867446899414,26.590000000000003,82.61290740966797,26.590000000000003,63.17361068725586
26.6,57.1571044921875,26.6,107.17001342773438,26.6,62.49878692626953,26.6,82.5947494506836,26.6,63.922611236572266
26.610000000000007,58.01455307006836,26.61,107.01248168945312,26.61,63.32670974731445,26.61,82.57804107666016,26.610000000000007,64.66989135742188
26.620000000000005,58.86484909057617,26.620000000000005,106.85199737548828,26.62,64.16194915771484,26.620000000000005,82.56777954101562,26.620000000000005,65.43098449707031
26.630000000000003,59.70521926879883,26.630000000000003,106.680908203125,26.629999999999995,65.00130462646484,26.630000000000003,82.55966186523438,26.630000000000003,66.20075988769531
26.64,60.543941497802734,26.64,106.51631927490234,26.64,65.86324310302734,26.64,82.54977416992188,26.64,66.9753646850586
26.65000000000001,61.37590408325195,26.65000000000001,106.34346771240234,26.65,66.73033142089844,26.65,82.54217529296875,26.65000000000001,67.7314682006836
26.660000000000004,62.20920944213867,26.660000000000004,106.1788101196289,26.66,67.58363342285156,26.660000000000004,82.5308609008789,26.660000000000004,68.44474029541016
26.67,63.03938293457031,26.67,106.0174560546875,26.67,68.43545532226562,26.67,82.52072143554688,26.67,69.15770721435547
26.68,63.85082626342773,26.68,105.85368347167967,26.68,69.29789733886719,26.68,82.511962890625,26.68,69.86763763427734
26.690000000000005,64.65613555908203,26.690000000000005,105.6915283203125,26.69,70.17744445800781,26.690000000000005,82.50511932373047,26.690000000000005,70.56436920166016
26.700000000000003,65.4556655883789,26.700000000000003,105.53762817382812,26.7,71.06745910644531,26.700000000000003,82.49651336669922,26.700000000000003,71.26373291015625
26.71,66.23619079589844,26.71,105.39301300048828,26.71,71.95806121826172,26.71,82.48593139648438,26.71,71.95323181152344
26.72000000000001,66.98748779296875,26.72000000000001,105.26136779785156,26.72,72.82608795166016,26.72,82.47442626953125,26.72000000000001,72.60447692871094
26.730000000000004,67.74000549316406,26.730000000000004,105.13136291503906,26.73,73.66033172607422,26.730000000000004,82.46168518066406,26.730000000000004,73.20840454101562
26.74,68.51959228515625,26.74,104.99987030029295,26.739999999999995,74.47235107421875,26.74,82.44741821289062,26.74,73.80473327636719
26.75,69.3091812133789,26.75,104.88821411132812,26.75,75.28111267089844,26.75,82.42984008789062,26.75,74.408203125
26.760000000000005,70.06864166259766,26.760000000000005,104.79753875732422,26.76,76.08493041992188,26.760000000000005,82.413818359375,26.760000000000005,74.94559478759766
26.770000000000003,70.7885513305664,26.770000000000003,104.71324920654295,26.77,76.8680191040039,26.770000000000003,82.40217590332031,26.770000000000003,75.44214630126953
26.78,71.48149108886719,26.78,104.63316345214844,26.78,77.60588836669922,26.78,82.3923110961914,26.78,75.93914794921875
26.790000000000006,72.1695556640625,26.79,104.5532684326172,26.79,78.27510833740234,26.79,82.38423919677734,26.790000000000006,76.43130493164062
26.800000000000004,72.86486053466797,26.800000000000004,104.47575378417967,26.8,78.9067153930664,26.800000000000004,82.37825775146484,26.800000000000004,76.91738891601562
26.81,73.5704574584961,26.81,104.39527130126952,26.809999999999995,79.5506362915039,26.81,82.3726806640625,26.81,77.4296875
26.82,74.263427734375,26.82,104.31902313232422,26.82,80.2161636352539,26.82,82.36569213867188,26.82,77.93533325195312
26.830000000000005,74.9253921508789,26.830000000000005,104.2467269897461,26.83,80.85595703125,26.83,82.35575103759766,26.830000000000005,78.45423889160156
26.840000000000003,75.53620910644531,26.840000000000003,104.18405151367188,26.84,81.44668579101562,26.840000000000003,82.34443664550781,26.840000000000003,78.9888687133789
26.85,76.12799072265625,26.85,104.13236236572266,26.85,82.0164794921875,26.85,82.33403015136719,26.85,79.51268768310547
26.860000000000007,76.713623046875,26.86,104.0842742919922,26.86,82.5695571899414,26.86,82.32559967041016,26.860000000000007,80.02086639404297
26.870000000000005,77.28079986572266,26.870000000000005,104.04383087158205,26.87,83.08212280273438,26.870000000000005,82.31653594970703,26.870000000000005,80.5287857055664
26.880000000000003,77.84475708007812,26.880000000000003,103.9967041015625,26.879999999999995,83.56863403320312,26.880000000000003,82.30783081054688,26.880000000000003,81.03887176513672
26.89,78.421142578125,26.89,103.9534149169922,26.89,84.0427017211914,26.89,82.29489135742188,26.89,81.5661392211914
26.90000000000001,78.95272827148438,26.90000000000001,103.91732788085938,26.9,84.5060043334961,26.9,82.2840805053711,26.90000000000001,82.083251953125
26.910000000000004,79.4566421508789,26.910000000000004,103.88656616210938,26.91,84.98492431640625,26.910000000000004,82.27706146240234,26.910000000000004,82.558349609375
26.92,79.95233154296875,26.92,103.85769653320312,26.92,85.47240447998047,26.92,82.27091979980469,26.92,82.9868392944336
26.93,80.4401626586914,26.93,103.81949615478516,26.93,85.94071197509766,26.93,82.26652526855469,26.93,83.3812484741211
26.940000000000005,80.9140625,26.940000000000005,103.7768325805664,26.94,86.38182830810547,26.940000000000005,82.26253509521484,26.940000000000005,83.72061920166016
26.950000000000003,81.37736511230469,26.950000000000003,103.72834777832033,26.95,86.80638122558594,26.950000000000003,82.26331329345703,26.950000000000003,84.0545883178711
26.96,81.8311538696289,26.96,103.6768035888672,26.96,87.22673797607422,26.96,82.25687408447266,26.96,84.38409423828125
26.97000000000001,82.29125213623047,26.97000000000001,103.6329345703125,26.97,87.6468505859375,26.97,82.25399017333984,26.97000000000001,84.69458770751953
26.980000000000004,82.7747802734375,26.980000000000004,103.59473419189452,26.98,88.06158447265625,26.980000000000004,82.24980926513672,26.980000000000004,84.97496032714844
26.99,83.26448822021484,26.99,103.54978942871094,26.989999999999995,88.45197296142578,26.99,82.25140380859375,26.99,85.21021270751953
27.0,83.72238159179688,27.0,103.50015258789062,27.0,88.81306457519531,27.0,82.25081634521484,27.0,85.44940948486328
27.010000000000005,84.1524429321289,27.010000000000005,103.4375,27.01,89.16009521484375,27.010000000000005,82.25636291503906,27.010000000000005,85.67597198486328
27.020000000000003,84.56926727294922,27.020000000000003,103.37415313720705,27.02,89.50660705566406,27.020000000000003,82.25981903076172,27.020000000000003,85.88188171386719
27.03,84.97151184082031,27.03,103.3181610107422,27.03,89.84288787841797,27.03,82.26129913330078,27.03,86.0586166381836
27.040000000000006,85.36138916015625,27.04,103.26790618896484,27.04,90.17142486572266,27.04,82.26454162597656,27.040000000000006,86.22439575195312
27.050000000000004,85.74212646484375,27.050000000000004,103.21694946289062,27.05,90.47549438476562,27.050000000000004,82.27003479003906,27.050000000000004,86.39420318603516
27.06,86.12007141113281,27.06,103.16493225097656,27.059999999999995,90.7516632080078,27.06,82.27262878417969,27.06,86.55774688720703
27.07,86.4808120727539,27.07,103.11676788330078,27.07,91.0087890625,27.07,82.2754135131836,27.07,86.68120574951172
27.080000000000005,86.83423614501953,27.080000000000005,103.07613372802734,27.08,91.27523803710938,27.08,82.27776336669922,27.080000000000005,86.80068969726562
27.090000000000003,87.1904067993164,27.090000000000003,103.04682159423828,27.09,91.56046295166016,27.090000000000003,82.27802276611328,27.090000000000003,86.91075134277344
27.1,87.51126098632812,27.1,103.03204345703124,27.1,91.85208892822266,27.1,82.2790756225586,27.1,86.97142791748047
27.110000000000007,87.8083724975586,27.11,103.01719665527344,27.11,92.13990783691406,27.11,82.27976989746094,27.110000000000007,86.99947357177734
27.120000000000005,88.08123779296875,27.120000000000005,103.0066146850586,27.12,92.39261627197266,27.120000000000005,82.28352355957031,27.120000000000005,87.02426147460938
27.130000000000003,88.33391571044922,27.130000000000003,103.00733947753906,27.129999999999995,92.60559844970705,27.130000000000003,82.28446960449219,27.130000000000003,87.08851623535156
27.14,88.58977508544922,27.14,103.01213836669922,27.14,92.79202270507812,27.14,82.28559875488281,27.14,87.1773910522461
27.15000000000001,88.8392105102539,27.15000000000001,103.01700592041016,27.15,92.96810913085938,27.15,82.28567504882812,27.15000000000001,87.25615692138672
27.160000000000004,89.07693481445312,27.160000000000004,103.02303314208984,27.16,93.1427764892578,27.160000000000004,82.28389739990234,27.160000000000004,87.33922576904297
27.17,89.2944107055664,27.17,103.03865814208984,27.17,93.3246612548828,27.17,82.28318786621094,27.17,87.40663146972656
27.18,89.48249053955078,27.18,103.0629425048828,27.18,93.52010345458984,27.18,82.2789535522461,27.18,87.44859313964844
27.190000000000005,89.63604736328125,27.190000000000005,103.09117126464844,27.19,93.72402954101562,27.190000000000005,82.27336120605469,27.190000000000005,87.46807098388672
27.200000000000003,89.7499008178711,27.200000000000003,103.12889099121094,27.2,93.91267395019533,27.200000000000003,82.26573181152344,27.200000000000003,87.47993469238281
27.21,89.84239959716797,27.21,103.17002868652344,27.21,94.06282043457033,27.21,82.25550842285156,27.21,87.5293960571289
27.22000000000001,89.91322326660156,27.22000000000001,103.212646484375,27.22,94.1768035888672,27.22,82.24237060546875,27.22000000000001,87.62335205078125
27.230000000000004,89.9667739868164,27.230000000000004,103.2552261352539,27.23,94.25859832763672,27.230000000000004,82.22899627685547,27.230000000000004,87.74679565429688
27.24,90.00830841064453,27.24,103.29722595214844,27.239999999999995,94.31501007080078,27.24,82.21554565429688,27.24,87.90686798095703
27.25,90.03134155273438,27.25,103.33728790283205,27.25,94.3636245727539,27.25,82.20085906982422,27.25,88.07774353027344
27.260000000000005,90.04743957519531,27.260000000000005,103.37447357177734,27.26,94.41896057128906,27.260000000000005,82.18560791015625,27.260000000000005,88.24722290039062
27.270000000000003,90.06656646728516,27.270000000000003,103.41007232666016,27.27,94.47044372558594,27.270000000000003,82.17217254638672,27.270000000000003,88.3988265991211
27.28,90.0848159790039,27.28,103.44670867919922,27.28,94.50009155273438,27.28,82.15892791748047,27.28,88.52157592773438
27.290000000000006,90.10816955566406,27.29,103.48226165771484,27.29,94.5129623413086,27.29,82.14615631103516,27.290000000000006,88.61406707763672
27.300000000000004,90.12428283691406,27.300000000000004,103.5181884765625,27.3,94.5268325805664,27.300000000000004,82.13397216796875,27.300000000000004,88.685791015625
27.31,90.1167984008789,27.31,103.5509262084961,27.309999999999995,94.54854583740234,27.31,82.12215423583984,27.31,88.7564697265625
27.32,90.0909652709961,27.32,103.58275604248048,27.32,94.56620025634766,27.32,82.10985565185547,27.32,88.8277359008789
27.330000000000005,90.04420471191406,27.330000000000005,103.61640167236328,27.33,94.56796264648438,27.33,82.10040283203125,27.330000000000005,88.89096069335938
27.340000000000003,89.9806900024414,27.340000000000003,103.65230560302734,27.34,94.55170440673828,27.340000000000003,82.09001922607422,27.340000000000003,88.96063995361328
27.35,89.92230224609375,27.35,103.69151306152344,27.35,94.53208923339844,27.35,82.08132934570312,27.35,89.04078674316406
27.360000000000007,89.8880615234375,27.36,103.72881317138672,27.36,94.51163482666016,27.36,82.07388305664062,27.360000000000007,89.11380767822266
27.370000000000005,89.86554718017578,27.370000000000005,103.76446533203124,27.37,94.48345947265624,27.370000000000005,82.06884002685547,27.370000000000005,89.18060302734375
27.380000000000003,89.85514068603516,27.380000000000003,103.79942321777344,27.379999999999995,94.45069122314452,27.380000000000003,82.06438446044922,27.380000000000003,89.24894714355469
27.39,89.85748291015625,27.39,103.83821868896484,27.39,94.4149169921875,27.39,82.06204223632812,27.39,89.31558990478516
27.40000000000001,89.87313079833984,27.40000000000001,103.87657928466795,27.4,94.39412689208984,27.4,82.06049346923828,27.40000000000001,89.38666534423828
27.410000000000004,89.92484283447266,27.410000000000004,103.89939880371094,27.41,94.37535095214844,27.410000000000004,82.06011199951172,27.410000000000004,89.46935272216797
27.42,89.95391082763672,27.42,103.91795349121094,27.42,94.36842346191406,27.42,82.05936431884766,27.42,89.56368255615234
27.43,89.96820831298828,27.43,103.93988037109376,27.43,94.3814926147461,27.43,82.05972290039062,27.43,89.66227722167969
27.440000000000005,89.98528289794922,27.440000000000005,103.96540832519533,27.44,94.40420532226562,27.440000000000005,82.05905151367188,27.440000000000005,89.74465942382812
27.450000000000003,90.01100158691406,27.450000000000003,103.9897003173828,27.45,94.41064453125,27.450000000000003,82.05760192871094,27.450000000000003,89.82286834716797
27.46,90.03083801269531,27.46,104.0077667236328,27.46,94.3974838256836,27.46,82.05157470703125,27.46,89.88825225830078
27.47000000000001,90.04256439208984,27.47000000000001,104.0168228149414,27.47,94.37832641601562,27.47,82.05210876464844,27.47000000000001,89.93912506103516
27.480000000000004,90.04862213134766,27.480000000000004,104.01919555664062,27.48,94.37298583984376,27.480000000000004,82.05195617675781,27.480000000000004,89.97333526611328
27.49,90.05673217773438,27.49,104.0185775756836,27.489999999999995,94.38416290283205,27.49,82.05545043945312,27.49,89.99944305419922
27.5,90.07081604003906,27.5,104.0276107788086,27.5,94.40013885498048,27.5,82.05868530273438,27.5,90.02139282226562
27.510000000000005,90.0859375,27.510000000000005,104.04503631591795,27.51,94.41985321044922,27.510000000000005,82.06119537353516,27.510000000000005,90.03797912597656
27.520000000000003,90.10680389404295,27.520000000000003,104.0493621826172,27.52,94.42913055419922,27.520000000000003,82.06494140625,27.520000000000003,90.04093933105469
27.53,90.14495849609376,27.53,104.04688262939452,27.53,94.44796752929688,27.53,82.06798553466797,27.53,90.02359008789062
27.540000000000006,90.19760131835938,27.54,104.03614044189452,27.54,94.48655700683594,27.54,82.07013702392578,27.540000000000006,89.9790267944336
27.550000000000004,90.2381820678711,27.550000000000004,104.01936340332033,27.55,94.53816223144533,27.550000000000004,82.07308197021484,27.550000000000004,89.90862274169922
27.56,90.25879669189452,27.56,103.99927520751952,27.559999999999995,94.58361053466795,27.56,82.07328033447266,27.56,89.82637023925781
27.57,90.261962890625,27.57,103.98739624023438,27.57,94.61608123779295,27.57,82.07547760009766,27.57,89.74681854248047
27.580000000000005,90.2650909423828,27.580000000000005,103.9793701171875,27.58,94.63683319091795,27.58,82.07927703857422,27.580000000000005,89.67898559570312
27.590000000000003,90.270751953125,27.590000000000003,103.95439910888672,27.59,94.65579986572266,27.590000000000003,82.08588409423828,27.590000000000003,89.62508392333984
27.6,90.2887725830078,27.6,103.9153060913086,27.6,94.68701171875,27.6,82.09416198730469,27.6,89.58576965332031
27.610000000000007,90.31265258789062,27.61,103.86811065673828,27.61,94.73208618164062,27.61,82.10333251953125,27.610000000000007,89.55561065673828
27.620000000000005,90.3470458984375,27.620000000000005,103.81912994384766,27.62,94.78227996826172,27.620000000000005,82.11209106445312,27.620000000000005,89.5151596069336
27.630000000000003,90.39305877685548,27.630000000000003,103.77046966552734,27.629999999999995,94.83401489257812,27.630000000000003,82.12337493896484,27.630000000000003,89.46409606933594
27.64,90.45428466796876,27.64,103.7195816040039,27.64,94.88063049316406,27.64,82.13246154785156,27.64,89.40926361083984
27.65000000000001,90.51660919189452,27.65000000000001,103.66901397705078,27.65,94.92097473144533,27.65,82.14307403564453,27.65000000000001,89.35549926757812
27.660000000000004,90.57904052734376,27.660000000000004,103.61595153808594,27.66,94.962646484375,27.660000000000004,82.15510559082031,27.660000000000004,89.3051986694336
27.67,90.64254760742188,27.67,103.56334686279295,27.67,95.0107650756836,27.67,82.1676025390625,27.67,89.26903533935547
27.68,90.70204162597656,27.68,103.51287078857422,27.68,95.06206512451172,27.68,82.17847442626953,27.68,89.23523712158203
27.690000000000005,90.75997924804688,27.690000000000005,103.46246337890624,27.69,95.11917877197266,27.690000000000005,82.18807220458984,27.690000000000005,89.20404052734375
27.700000000000003,90.82134246826172,27.700000000000003,103.41124725341795,27.7,95.18258666992188,27.700000000000003,82.19681549072266,27.700000000000003,89.16841888427734
27.71,90.88372039794922,27.71,103.35523223876952,27.71,95.24468994140624,27.71,82.20498657226562,27.71,89.12612915039062
27.72000000000001,90.94422912597656,27.72000000000001,103.30458068847656,27.72,95.29146575927734,27.72,82.212890625,27.72000000000001,89.0875015258789
27.730000000000004,91.0069351196289,27.730000000000004,103.2585906982422,27.73,95.32062530517578,27.730000000000004,82.21868896484375,27.730000000000004,89.04598236083984
27.74,91.06539916992188,27.74,103.2159423828125,27.739999999999995,95.34207153320312,27.74,82.22296142578125,27.74,88.99988555908203
27.75,91.11760711669922,27.75,103.17008972167967,27.75,95.36062622070312,27.75,82.22721862792969,27.75,88.95805358886719
27.760000000000005,91.17343139648438,27.760000000000005,103.12359619140624,27.76,95.37728881835938,27.760000000000005,82.23046875,27.760000000000005,88.93769073486328
27.770000000000003,91.22554779052734,27.770000000000003,103.07234954833984,27.77,95.38793182373048,27.770000000000003,82.23367309570312,27.770000000000003,88.90424346923828
27.78,91.26750183105467,27.78,103.03588104248048,27.78,95.39884948730467,27.78,82.23689270019531,27.78,88.8655014038086
27.790000000000006,91.29623413085938,27.79,103.01023864746094,27.79,95.40731811523438,27.79,82.2405776977539,27.790000000000006,88.82044982910156
27.800000000000004,91.31600952148438,27.800000000000004,102.98804473876952,27.8,95.40721893310548,27.800000000000004,82.24276733398438,27.800000000000004,88.77497863769531
27.81,91.32903289794922,27.81,102.96604919433594,27.809999999999995,95.39915466308594,27.81,82.24498748779297,27.81,88.73792266845703
27.82,91.32533264160156,27.82,102.94241333007812,27.82,95.39889526367188,27.82,82.24671173095703,27.82,88.7126693725586
27.830000000000005,91.31859588623048,27.830000000000005,102.92449188232422,27.83,95.40454864501952,27.83,82.24706268310547,27.830000000000005,88.69429779052734
27.840000000000003,91.30348205566406,27.840000000000003,102.9197769165039,27.84,95.40269470214844,27.840000000000003,82.2467041015625,27.840000000000003,88.68692779541016
27.85,91.28905487060548,27.85,102.91827392578124,27.85,95.38886260986328,27.85,82.24645233154297,27.85,88.68461608886719
27.860000000000007,91.2744598388672,27.86,102.91668701171876,27.86,95.36590576171876,27.86,82.24254608154297,27.860000000000007,88.68083190917969
27.870000000000005,91.2585906982422,27.870000000000005,102.91822814941406,27.87,95.33637237548828,27.870000000000005,82.23653411865234,27.870000000000005,88.6833724975586
27.880000000000003,91.24348449707033,27.880000000000003,102.9218292236328,27.879999999999995,95.31209564208984,27.880000000000003,82.23106384277344,27.880000000000003,88.6971435546875
27.89,91.23096466064452,27.89,102.92865753173828,27.89,95.30548858642578,27.89,82.2248306274414,27.89,88.7122573852539
27.90000000000001,91.21908569335938,27.90000000000001,102.9385986328125,27.9,95.30540466308594,27.9,82.21791076660156,27.90000000000001,88.7225112915039
27.910000000000004,91.20002746582033,27.910000000000004,102.9561538696289,27.91,95.30393981933594,27.910000000000004,82.2101058959961,27.910000000000004,88.72681427001953
27.92,91.17400360107422,27.92,102.98802947998048,27.92,95.29811096191406,27.92,82.2037124633789,27.92,88.72496795654297
27.93,91.15126037597656,27.93,103.00045013427734,27.93,95.29188537597656,27.93,82.19778442382812,27.93,88.72360229492188
27.940000000000005,91.12614440917967,27.940000000000005,103.00433349609376,27.94,95.28607177734376,27.940000000000005,82.19161224365234,27.940000000000005,88.7345962524414
27.950000000000003,91.10088348388672,27.950000000000003,103.00615692138672,27.95,95.27717590332033,27.950000000000003,82.1867904663086,27.950000000000003,88.75132751464844
27.96,91.07691955566406,27.96,103.00920867919922,27.96,95.2659912109375,27.96,82.1800765991211,27.96,88.7707748413086
27.97000000000001,91.05574035644533,27.97000000000001,103.01506805419922,27.97,95.2456283569336,27.97,82.17423248291016,27.97000000000001,88.78545379638672
27.980000000000004,91.0382843017578,27.980000000000004,103.01862335205078,27.98,95.22404479980467,27.980000000000004,82.16880798339844,27.980000000000004,88.79502868652344
27.99,91.02145385742188,27.99,103.02215576171876,27.989999999999995,95.20507049560548,27.99,82.16384887695312,27.99,88.79676818847656
28.0,91.01412963867188,28.0,103.0303192138672,28.0,95.19124603271484,28.0,82.15989685058594,28.0,88.79057312011719
28.010000000000005,91.01680755615234,28.010000000000005,103.0381088256836,28.01,95.18180084228516,28.010000000000005,82.1570816040039,28.010000000000005,88.78858184814453
28.020000000000003,91.02115631103516,28.020000000000003,103.03271484375,28.02,95.17019653320312,28.020000000000003,82.15695190429688,28.020000000000003,88.7700424194336
28.03,91.02591705322266,28.03,103.02513885498048,28.03,95.1467514038086,28.03,82.15544128417969,28.03,88.7435073852539
28.040000000000006,91.02615356445312,28.04,103.01299285888672,28.04,95.1175765991211,28.04,82.15869903564453,28.040000000000006,88.71521759033203
28.050000000000004,91.01516723632812,28.050000000000004,102.9972915649414,28.05,95.0838394165039,28.050000000000004,82.15998840332031,28.050000000000004,88.69927215576172
28.06,91.00751495361328,28.06,102.97988891601562,28.059999999999995,95.05472564697266,28.06,82.15966796875,28.06,88.6866455078125
28.07,91.00824737548828,28.07,102.96135711669922,28.07,95.04159545898438,28.07,82.16307830810547,28.07,88.66360473632812
28.080000000000005,91.00633239746094,28.080000000000005,102.94361114501952,28.08,95.02733612060548,28.08,82.16375732421875,28.080000000000005,88.63394165039062
28.090000000000003,91.00121307373048,28.090000000000003,102.92459869384766,28.09,95.0189971923828,28.090000000000003,82.16486358642578,28.090000000000003,88.60346984863281
28.1,90.98892211914062,28.1,102.90626525878906,28.1,95.02722930908205,28.1,82.16532135009766,28.1,88.57206726074219
28.110000000000007,90.97483825683594,28.11,102.8858642578125,28.11,95.0197982788086,28.11,82.16716003417969,28.110000000000007,88.54093933105469
28.120000000000005,90.95853424072266,28.120000000000005,102.86599731445312,28.12,95.00407409667967,28.120000000000005,82.16755676269531,28.120000000000005,88.51335906982422
28.130000000000003,90.93514251708984,28.130000000000003,102.84332275390624,28.129999999999995,94.98133850097656,28.130000000000003,82.17003631591797,28.130000000000003,88.48700714111328
28.14,90.91285705566406,28.14,102.81500244140624,28.14,94.96125030517578,28.14,82.17249298095703,28.14,88.4560775756836
28.15000000000001,90.89260864257812,28.15000000000001,102.7839126586914,28.15,94.94424438476562,28.15,82.1737289428711,28.15000000000001,88.42060852050781
28.160000000000004,90.87151336669922,28.160000000000004,102.7492218017578,28.16,94.93009185791016,28.160000000000004,82.17449951171875,28.160000000000004,88.38142395019531
28.17,90.8471221923828,28.17,102.71749877929688,28.17,94.91097259521484,28.17,82.17630004882812,28.17,88.33746337890625
28.18,90.8181610107422,28.18,102.69032287597656,28.18,94.8822250366211,28.18,82.17601013183594,28.18,88.28427124023438
28.190000000000005,90.78369140625,28.190000000000005,102.66699981689452,28.19,94.84100341796876,28.190000000000005,82.1739273071289,28.190000000000005,88.22274017333984
28.200000000000003,90.74343872070312,28.200000000000003,102.64274597167967,28.2,94.79793548583984,28.200000000000003,82.1722640991211,28.200000000000003,88.15524291992188
28.21,90.69869995117188,28.21,102.62028503417967,28.21,94.7616729736328,28.21,82.17041778564453,28.21,88.0829849243164
28.22000000000001,90.64684295654295,28.22000000000001,102.6031265258789,28.22,94.72501373291016,28.22,82.16886138916016,28.22000000000001,88.00354766845703
28.230000000000004,90.58670043945312,28.230000000000004,102.58642578125,28.23,94.68535614013672,28.230000000000004,82.1686782836914,28.230000000000004,87.92372131347656
28.24,90.52401733398438,28.24,102.57063293457033,28.239999999999995,94.63634490966795,28.24,82.17153930664062,28.24,87.83717346191406
28.25,90.45484161376952,28.25,102.55657958984376,28.25,94.57819366455078,28.25,82.17465209960938,28.25,87.74036407470703
28.260000000000005,90.3740005493164,28.260000000000005,102.54012298583984,28.26,94.51018524169922,28.260000000000005,82.17940521240234,28.260000000000005,87.63318634033203
28.270000000000003,90.28495025634766,28.270000000000003,102.52559661865234,28.27,94.43162536621094,28.270000000000003,82.18340301513672,28.270000000000003,87.51703643798828
28.28,90.18653106689452,28.28,102.52249145507812,28.28,94.34680938720705,28.28,82.18327331542969,28.28,87.3873519897461
28.290000000000006,90.06962585449219,28.29,102.52432250976562,28.29,94.2578125,28.29,82.18157958984375,28.290000000000006,87.2485122680664
28.300000000000004,89.9351577758789,28.300000000000004,102.5287628173828,28.3,94.15731048583984,28.300000000000004,82.17732238769531,28.300000000000004,87.1006851196289
28.31,89.77365112304688,28.31,102.53255462646484,28.309999999999995,94.03467559814452,28.31,82.17237091064453,28.31,86.94615173339844
28.32,89.60078430175781,28.32,102.5415496826172,28.32,93.89989471435548,28.32,82.16567993164062,28.32,86.76219177246094
28.330000000000005,89.41925811767578,28.330000000000005,102.55162048339844,28.33,93.7500991821289,28.33,82.15845489501953,28.330000000000005,86.5579833984375
28.340000000000003,89.22029876708984,28.340000000000003,102.5660629272461,28.34,93.58078002929688,28.340000000000003,82.15325927734375,28.340000000000003,86.3350830078125
28.35,89.00237274169922,28.35,102.58132934570312,28.35,93.38970184326172,28.35,82.14647674560547,28.35,86.08779907226562
28.360000000000007,88.76512908935547,28.36,102.5925064086914,28.36,93.18404388427734,28.36,82.14083099365234,28.360000000000007,85.8375244140625
28.370000000000005,88.51403045654297,28.370000000000005,102.60110473632812,28.37,92.9663314819336,28.370000000000005,82.13603973388672,28.370000000000005,85.57854461669922
28.380000000000003,88.23587036132812,28.380000000000003,102.60662078857422,28.379999999999995,92.72686767578124,28.380000000000003,82.1324691772461,28.380000000000003,85.31587219238281
28.39,87.9183578491211,28.39,102.6067886352539,28.39,92.4587860107422,28.39,82.12859344482422,28.39,85.05965423583984
28.40000000000001,87.59087371826172,28.40000000000001,102.60580444335938,28.4,92.14822387695312,28.4,82.12413024902344,28.40000000000001,84.7766342163086
28.410000000000004,87.2666015625,28.410000000000004,102.6177978515625,28.41,91.7987823486328,28.410000000000004,82.12012481689453,28.410000000000004,84.48181915283203
28.42,86.94097137451172,28.42,102.6230010986328,28.42,91.4261703491211,28.42,82.11652374267578,28.42,84.18937683105469
28.43,86.6144790649414,28.43,102.61947631835938,28.43,91.03889465332033,28.43,82.11608123779297,28.43,83.89872741699219
28.440000000000005,86.27571105957031,28.440000000000005,102.6131362915039,28.44,90.63560485839844,28.440000000000005,82.11284637451172,28.440000000000005,83.59378814697266
28.450000000000003,85.92967224121094,28.450000000000003,102.60197448730467,28.45,90.2134246826172,28.450000000000003,82.11051177978516,28.450000000000003,83.28923034667969
28.46,85.57730865478516,28.46,102.59031677246094,28.46,89.77826690673828,28.46,82.10713195800781,28.46,82.98233032226562
28.47000000000001,85.20166015625,28.47000000000001,102.5801239013672,28.47,89.32730865478516,28.47,82.10603332519531,28.47000000000001,82.65841674804688
28.480000000000004,84.81468963623047,28.480000000000004,102.5604476928711,28.48,88.85936737060547,28.480000000000004,82.10999298095703,28.480000000000004,82.29766082763672
28.49,84.41223907470703,28.49,102.52669525146484,28.489999999999995,88.3887939453125,28.49,82.11637878417969,28.49,81.85977935791016
28.5,83.96880340576172,28.5,102.4908676147461,28.5,87.929931640625,28.5,82.1263427734375,28.5,81.33598327636719
28.510000000000005,83.50039672851562,28.510000000000005,102.45545959472656,28.51,87.48688507080078,28.510000000000005,82.13935852050781,28.510000000000005,80.73764038085938
28.520000000000003,83.03396606445312,28.520000000000003,102.42190551757812,28.52,87.06608581542969,28.520000000000003,82.15605163574219,28.520000000000003,80.06722259521484
28.53,82.56085968017578,28.53,102.3989715576172,28.53,86.6475601196289,28.53,82.16946411132812,28.53,79.365478515625
28.540000000000006,82.07182312011719,28.54,102.39578247070312,28.54,86.20834350585938,28.54,82.17704010009766,28.540000000000006,78.65238189697266
28.550000000000004,81.59227752685547,28.550000000000004,102.412109375,28.55,85.74512481689453,28.550000000000004,82.17977905273438,28.550000000000004,77.9140625
28.56,81.14002990722656,28.56,102.4319839477539,28.559999999999995,85.26043701171875,28.56,82.180419921875,28.56,77.14743041992188
28.57,80.72358703613281,28.57,102.43603515625,28.57,84.73121643066406,28.57,82.18218994140625,28.57,76.37100982666016
28.580000000000005,80.31859588623047,28.580000000000005,102.42364501953124,28.58,84.15836334228516,28.58,82.19033813476562,28.580000000000005,75.60884094238281
28.590000000000003,79.8515625,28.590000000000003,102.38841247558594,28.59,83.54086303710938,28.590000000000003,82.20296478271484,28.590000000000003,74.87670135498047
28.6,79.30791473388672,28.6,102.32878875732422,28.6,82.88314819335938,28.6,82.22228240966797,28.6,74.14966583251953
28.610000000000007,78.7051010131836,28.61,102.27986145019533,28.61,82.18228149414062,28.61,82.24864959716797,28.610000000000007,73.43781280517578
28.620000000000005,78.02840423583984,28.620000000000005,102.27071380615234,28.62,81.4380111694336,28.620000000000005,82.287841796875,28.620000000000005,72.77347564697266
28.630000000000003,77.29759979248047,28.630000000000003,102.30365753173828,28.629999999999995,80.65704345703125,28.630000000000003,82.33981323242188,28.630000000000003,72.1430892944336
28.64,76.54911804199219,28.64,102.35338592529295,28.64,79.86115264892578,28.64,82.40665435791016,28.64,71.52017974853516
28.65000000000001,75.80516815185547,28.65000000000001,102.39840698242188,28.65,79.08875274658203,28.65,82.47819519042969,28.65000000000001,70.90433502197266
28.660000000000004,75.0811767578125,28.660000000000004,102.44573211669922,28.66,78.39883422851562,28.660000000000004,82.5318832397461,28.660000000000004,70.32051849365234
28.67,74.43397521972656,28.67,102.518310546875,28.67,77.78401947021484,28.67,82.5606689453125,28.67,69.78276062011719
28.68,73.84342193603516,28.68,102.60895538330078,28.68,77.19985961914062,28.68,82.57340240478516,28.68,69.29560852050781
28.690000000000005,73.26068878173828,28.690000000000005,102.7084732055664,28.69,76.57196044921875,28.690000000000005,82.57483673095703,28.690000000000005,68.81299591064453
28.700000000000003,72.61827087402344,28.700000000000003,102.82742309570312,28.7,75.84131622314453,28.700000000000003,82.57727813720703,28.700000000000003,68.27670288085938
28.71,71.86422729492188,28.71,102.95452117919922,28.71,74.99857330322266,28.71,82.5702896118164,28.71,67.70899200439453
28.72000000000001,70.9642562866211,28.72000000000001,103.06094360351562,28.72,74.13333129882812,28.72,82.56842803955078,28.72000000000001,67.1642074584961
28.730000000000004,70.01238250732422,28.730000000000004,103.13837432861328,28.73,73.30424499511719,28.730000000000004,82.57722473144531,28.730000000000004,66.59534454345703
28.74,69.09493255615234,28.74,103.17705535888672,28.739999999999995,72.52485656738281,28.74,82.59355163574219,28.74,65.9957504272461
28.75,68.25811004638672,28.75,103.20729064941406,28.75,71.81202697753906,28.75,82.62214660644531,28.75,65.38927459716797
28.760000000000005,67.46109008789062,28.760000000000005,103.2545394897461,28.76,71.1663589477539,28.760000000000005,82.6627426147461,28.760000000000005,64.8130874633789
28.770000000000003,66.7204360961914,28.770000000000003,103.3243179321289,28.77,70.51349639892578,28.770000000000003,82.71429443359375,28.770000000000003,64.24945831298828
28.78,65.99607849121094,28.78,103.42073822021484,28.78,69.80315399169922,28.78,82.76918029785156,28.78,63.71385955810547
28.790000000000006,65.24027252197266,28.79,103.56210327148438,28.79,69.072021484375,28.79,82.82215881347656,28.790000000000006,63.21064376831055
28.800000000000004,64.50154876708984,28.800000000000004,103.74490356445312,28.8,68.3334732055664,28.800000000000004,82.86632537841797,28.800000000000004,62.7010383605957
28.81,63.789161682128906,28.81,103.9262466430664,28.809999999999995,67.56073760986328,28.81,82.91197967529297,28.81,62.16679382324219
28.82,63.06158828735352,28.82,104.07951354980467,28.82,66.76457977294922,28.82,82.96701049804688,28.82,61.59579086303711
28.830000000000005,62.33273315429688,28.830000000000005,104.2187271118164,28.83,65.99052429199219,28.83,83.0342788696289,28.830000000000005,61.00118637084961
28.840000000000003,61.60210800170898,28.840000000000003,104.3463134765625,28.84,65.22193145751953,28.840000000000003,83.10558319091797,28.840000000000003,60.44818115234375
28.85,60.8544807434082,28.85,104.47346496582033,28.85,64.43709564208984,28.85,83.17311096191406,28.85,59.96166229248047
28.860000000000007,60.059715270996094,28.86,104.58627319335938,28.86,63.62987518310547,28.86,83.22827911376953,28.860000000000007,59.53305435180664
28.870000000000005,59.19981384277344,28.870000000000005,104.6903839111328,28.87,62.81366729736328,28.870000000000005,83.27893829345703,28.870000000000005,59.24337768554688
28.880000000000003,58.36577987670898,28.880000000000003,104.78385162353516,28.879999999999995,62.00755310058594,28.880000000000003,83.32952117919922,28.880000000000003,59.06092071533203
28.89,57.5858268737793,28.89,104.89395141601562,28.89,61.203575134277344,28.89,83.37197875976562,28.89,58.91692352294922
28.90000000000001,56.81071472167969,28.90000000000001,105.03904724121094,28.9,60.39049911499024,28.9,83.39940643310547,28.90000000000001,58.71670913696289
28.910000000000004,56.01176071166992,28.910000000000004,105.18915557861328,28.91,59.5550537109375,28.910000000000004,83.41913604736328,28.910000000000004,58.43546295166016
28.92,55.16107940673828,28.92,105.31102752685548,28.92,58.69608688354492,28.92,83.4462661743164,28.92,58.10503005981445
28.93,54.27869415283203,28.93,105.41357421875,28.93,57.840087890625,28.93,83.4787368774414,28.93,57.80058288574219
28.940000000000005,53.38735580444336,28.940000000000005,105.52482604980467,28.94,56.9898796081543,28.940000000000005,83.50127410888672,28.940000000000005,57.553348541259766
28.950000000000003,52.45956802368164,28.950000000000003,105.6520004272461,28.95,56.151161193847656,28.950000000000003,83.51693725585938,28.950000000000003,57.34256362915039
28.96,51.5436897277832,28.96,105.7771224975586,28.96,55.31230545043945,28.96,83.5246810913086,28.96,57.117313385009766
28.97000000000001,50.67485427856445,28.97000000000001,105.89057159423828,28.97,54.484619140625,28.97,83.52698516845703,28.97000000000001,56.82685089111328
28.980000000000004,49.83445739746094,28.980000000000004,106.00430297851562,28.98,53.69919204711914,28.980000000000004,83.5271987915039,28.980000000000004,56.47129821777344
28.99,48.96990966796875,28.99,106.11285400390624,28.989999999999995,52.932273864746094,28.99,83.5246353149414,28.99,56.07728958129883
29.0,48.10725021362305,29.0,106.21957397460938,29.0,52.14147186279297,29.0,83.5191650390625,29.0,55.67551040649414
29.010000000000005,47.267364501953125,29.010000000000005,106.31708526611328,29.01,51.323848724365234,29.010000000000005,83.51466369628906,29.010000000000005,55.30725860595703
29.020000000000003,46.43082046508789,29.020000000000003,106.39008331298828,29.02,50.508079528808594,29.020000000000003,83.51734924316406,29.020000000000003,55.0227165222168
29.03,45.60247039794922,29.03,106.44110107421876,29.03,49.69866943359375,29.03,83.52286529541016,29.03,54.81769180297852
29.040000000000006,44.79887771606445,29.04,106.4802017211914,29.04,48.88573455810547,29.04,83.52212524414062,29.040000000000006,54.68981552124024
29.050000000000004,44.01779556274414,29.050000000000004,106.50530242919922,29.05,48.08418273925781,29.050000000000004,83.52384185791016,29.050000000000004,54.610595703125
29.06,43.24771499633789,29.06,106.52640533447266,29.059999999999995,47.30363845825195,29.06,83.53550720214844,29.06,54.4893913269043
29.07,42.4733772277832,29.07,106.54833984375,29.07,46.5356674194336,29.07,83.55400085449219,29.07,54.29220199584961
29.080000000000005,41.71079254150391,29.080000000000005,106.57937622070312,29.08,45.751277923583984,29.08,83.58486938476562,29.080000000000005,54.023719787597656
29.090000000000003,40.96352767944336,29.090000000000003,106.607421875,29.09,44.95039749145508,29.090000000000003,83.62164306640625,29.090000000000003,53.74705505371094
29.1,40.21364212036133,29.1,106.62039184570312,29.1,44.17355346679688,29.1,83.65580749511719,29.1,53.52608108520508
29.110000000000007,39.48341751098633,29.11,106.62107849121094,29.11,43.42191696166992,29.11,83.68887329101562,29.110000000000007,53.37908554077149
29.120000000000005,38.77549743652344,29.120000000000005,106.6086196899414,29.12,42.678470611572266,29.120000000000005,83.71629333496094,29.120000000000005,53.32106018066406
29.130000000000003,38.06406021118164,29.130000000000003,106.57992553710938,29.129999999999995,41.94348907470703,29.130000000000003,83.7413558959961,29.130000000000003,53.30989837646485
29.14,37.33543395996094,29.14,106.52547454833984,29.14,41.22488021850586,29.14,83.76097106933594,29.14,53.29277420043945
29.15000000000001,36.60836791992188,29.15000000000001,106.46376037597656,29.15,40.51591491699219,29.15,83.77769470214844,29.15000000000001,53.211822509765625
29.160000000000004,35.89405822753906,29.160000000000004,106.40161895751952,29.16,39.82461166381836,29.160000000000004,83.79825592041016,29.160000000000004,53.0316047668457
29.17,35.18269729614258,29.17,106.33204650878906,29.17,39.15499114990234,29.17,83.82142639160156,29.17,52.77055740356445
29.18,34.49248123168945,29.18,106.2393569946289,29.18,38.49782180786133,29.18,83.84131622314453,29.18,52.49873733520508
29.190000000000005,33.82221221923828,29.190000000000005,106.12562561035156,29.19,37.84017562866211,29.190000000000005,83.85519409179688,29.190000000000005,52.26804733276367
29.200000000000003,33.16107177734375,29.200000000000003,106.0049285888672,29.2,37.183197021484375,29.200000000000003,83.8609848022461,29.200000000000003,52.13964080810547
29.21,32.51259994506836,29.21,105.88394927978516,29.21,36.5368766784668,29.21,83.86190795898438,29.21,52.18528747558594
29.22000000000001,31.872116088867188,29.22000000000001,105.76081848144533,29.22,35.89253616333008,29.22,83.865234375,29.22000000000001,52.37434387207031
29.230000000000004,31.24872589111328,29.230000000000004,105.6414566040039,29.23,35.23188400268555,29.230000000000004,83.87156677246094,29.230000000000004,52.630218505859375
29.24,30.64693832397461,29.24,105.51978302001952,29.239999999999995,34.56330871582031,29.24,83.88069915771484,29.24,52.915802001953125
29.25,30.065343856811523,29.25,105.3745574951172,29.25,33.91157531738281,29.25,83.89726257324219,29.25,53.19938278198242
29.260000000000005,29.50862503051757,29.260000000000005,105.2115707397461,29.26,33.287113189697266,29.260000000000005,83.91171264648438,29.260000000000005,53.4390983581543
29.270000000000003,28.95142936706543,29.270000000000003,105.03822326660156,29.27,32.69440078735352,29.270000000000003,83.91555786132812,29.270000000000003,53.61533737182617
29.28,28.38522720336914,29.28,104.87741088867188,29.28,32.113319396972656,29.28,83.91773986816406,29.28,53.767704010009766
29.290000000000006,27.80866813659668,29.29,104.7328643798828,29.29,31.53594398498535,29.29,83.92146301269531,29.290000000000006,53.95695114135742
29.300000000000004,27.241119384765625,29.300000000000004,104.58878326416016,29.3,30.97161674499512,29.300000000000004,83.92249298095703,29.300000000000004,54.21693420410156
29.31,26.667940139770508,29.31,104.44637298583984,29.309999999999995,30.40643310546875,29.31,83.93035888671875,29.31,54.52784729003906
29.32,26.099273681640625,29.32,104.294677734375,29.32,29.833988189697266,29.32,83.94438934326172,29.32,54.90754699707031
29.330000000000005,25.542940139770508,29.330000000000005,104.12254333496094,29.33,29.25631523132324,29.33,83.96623229980469,29.330000000000005,55.35300064086914
29.340000000000003,24.98301124572754,29.340000000000003,103.9375457763672,29.34,28.6850814819336,29.340000000000003,83.98348236083984,29.340000000000003,55.819183349609375
29.35,24.416973114013672,29.35,103.7555160522461,29.35,28.12782859802246,29.35,83.99555206298828,29.35,56.2781982421875
29.360000000000007,23.8449649810791,29.36,103.5780029296875,29.36,27.57155036926269,29.36,84.00880432128906,29.360000000000007,56.73404312133789
29.370000000000005,23.27874755859375,29.370000000000005,103.39344787597656,29.37,27.024024963378903,29.370000000000005,84.0236587524414,29.370000000000005,57.216896057128906
29.380000000000003,22.72289085388184,29.380000000000003,103.19480895996094,29.379999999999995,26.48956680297852,29.380000000000003,84.03553009033203,29.380000000000003,57.75991439819336
29.39,22.164682388305664,29.39,102.9933853149414,29.39,25.957983016967773,29.39,84.04344177246094,29.39,58.3687858581543
29.40000000000001,21.60790634155273,29.40000000000001,102.78987121582033,29.4,25.4323787689209,29.4,84.05189514160156,29.40000000000001,59.05779266357422
29.410000000000004,21.051767349243164,29.410000000000004,102.59748077392578,29.41,24.89453125,29.410000000000004,84.06716918945312,29.410000000000004,59.80494689941406
29.42,20.48368453979492,29.42,102.4173583984375,29.42,24.33951759338379,29.42,84.08624267578125,29.42,60.59869003295898
29.43,19.91293907165528,29.43,102.2455596923828,29.43,23.783424377441406,29.43,84.11048126220703,29.43,61.42085647583008
29.440000000000005,19.351194381713867,29.440000000000005,102.08692169189452,29.44,23.20822525024414,29.440000000000005,84.13368225097656,29.440000000000005,62.23970031738281
29.450000000000003,18.821918487548828,29.450000000000003,101.94097900390624,29.45,22.591611862182617,29.450000000000003,84.15543365478516,29.450000000000003,62.99708557128906
29.46,18.318546295166016,29.46,101.80645751953124,29.46,21.956972122192383,29.46,84.1842041015625,29.46,63.6940803527832
29.47000000000001,17.824499130249023,29.47000000000001,101.67296600341795,29.47,21.32193374633789,29.47,84.22181701660156,29.47000000000001,64.33131408691406
29.480000000000004,17.33643341064453,29.480000000000004,101.53778839111328,29.48,20.71400260925293,29.480000000000004,84.25956726074219,29.480000000000004,64.93138885498047
29.49,16.858858108520508,29.49,101.3969955444336,29.489999999999995,20.169328689575195,29.49,84.29326629638672,29.49,65.54762268066406
29.5,16.418684005737305,29.5,101.25872802734376,29.5,19.70359992980957,29.5,84.32019805908203,29.5,66.24915313720703
29.510000000000005,15.99692153930664,29.510000000000005,101.1358871459961,29.51,19.29549598693848,29.510000000000005,84.33696746826172,29.510000000000005,67.0069580078125
29.520000000000003,15.58204746246338,29.520000000000003,101.02117919921876,29.52,18.907758712768555,29.520000000000003,84.34864044189453,29.520000000000003,67.79801177978516
29.53,15.191287994384766,29.53,100.91785430908205,29.53,18.543472290039062,29.53,84.357421875,29.53,68.62340545654297
29.540000000000006,14.838337898254396,29.54,100.8238296508789,29.54,18.23196792602539,29.54,84.36893463134766,29.540000000000006,69.47013092041016
29.550000000000004,14.541626930236816,29.550000000000004,100.73563385009766,29.55,17.95087432861328,29.550000000000004,84.38848876953125,29.550000000000004,70.32525634765625
29.56,14.280685424804688,29.56,100.63988494873048,29.559999999999995,17.657041549682617,29.56,84.41454315185547,29.56,71.18244171142578
29.57,14.036710739135742,29.57,100.53470611572266,29.57,17.3070125579834,29.57,84.43509674072266,29.57,72.02982330322266
29.580000000000005,13.792451858520508,29.580000000000005,100.4218978881836,29.58,16.957517623901367,29.58,84.4417953491211,29.580000000000005,72.84640502929688
29.590000000000003,13.57120418548584,29.590000000000003,100.3116683959961,29.59,16.662263870239258,29.590000000000003,84.4277114868164,29.590000000000003,73.64271545410156
29.6,13.386242866516112,29.6,100.20024871826172,29.6,16.442211151123047,29.6,84.40086364746094,29.6,74.41271209716797
29.610000000000007,13.21926212310791,29.61,100.08985900878906,29.61,16.28689956665039,29.61,84.36100769042969,29.610000000000007,75.16210174560547
29.620000000000005,13.051562309265137,29.620000000000005,99.9838638305664,29.62,16.1578369140625,29.620000000000005,84.3158950805664,29.620000000000005,75.85792541503906
29.630000000000003,12.885309219360352,29.630000000000003,99.87725830078124,29.629999999999995,15.991172790527344,29.630000000000003,84.26968383789062,29.630000000000003,76.51776123046875
29.64,12.73681926727295,29.64,99.76956176757812,29.64,15.787996292114258,29.64,84.2226791381836,29.64,77.1540756225586
29.65000000000001,12.59414768218994,29.65000000000001,99.67882537841795,29.65,15.569972038269045,29.65,84.17839050292969,29.65000000000001,77.81413269042969
29.660000000000004,12.43860149383545,29.660000000000004,99.6040496826172,29.66,15.320771217346191,29.660000000000004,84.13939666748047,29.660000000000004,78.51121520996094
29.67,12.27027416229248,29.67,99.54335021972656,29.67,15.025267601013184,29.67,84.11363983154297,29.67,79.238037109375
29.68,12.09418773651123,29.68,99.48931884765624,29.68,14.721368789672852,29.68,84.10110473632812,29.68,79.92583465576172
29.690000000000005,11.92965316772461,29.690000000000005,99.4363784790039,29.69,14.441831588745115,29.690000000000005,84.09061431884766,29.690000000000005,80.49229431152344
29.700000000000003,11.802927017211914,29.700000000000003,99.3792495727539,29.7,14.18047046661377,29.700000000000003,84.07212829589844,29.700000000000003,80.94229125976562
29.71,11.690747261047363,29.71,99.31031799316406,29.71,13.941123008728027,29.71,84.0493392944336,29.71,81.32776641845703
29.72000000000001,11.546575546264648,29.72000000000001,99.21866607666016,29.72,13.714028358459473,29.72,84.01859283447266,29.72000000000001,81.75782775878906
29.730000000000004,11.369715690612791,29.730000000000004,99.122802734375,29.73,13.480005264282228,29.730000000000004,83.97138977050781,29.730000000000004,82.26013946533203
29.74,11.175772666931152,29.74,99.04003143310548,29.739999999999995,13.250680923461914,29.74,83.90924835205078,29.74,82.82576751708984
29.75,10.989985466003418,29.75,98.96939086914062,29.75,13.027839660644531,29.75,83.84626007080078,29.75,83.44282531738281
29.760000000000005,10.838733673095703,29.760000000000005,98.9087905883789,29.76,12.822821617126465,29.760000000000005,83.7937240600586,29.760000000000005,84.04496002197266
29.770000000000003,10.714113235473633,29.770000000000003,98.86485290527344,29.77,12.637280464172363,29.770000000000003,83.75591278076172,29.770000000000003,84.58586120605469
29.78,10.594805717468262,29.78,98.83805847167967,29.78,12.51840114593506,29.78,83.73880004882812,29.78,85.07198333740234
29.790000000000006,10.489267349243164,29.79,98.80810546875,29.79,12.450794219970703,29.79,83.73604583740234,29.790000000000006,85.535400390625
29.800000000000004,10.410837173461914,29.800000000000004,98.76131439208984,29.8,12.398944854736328,29.800000000000004,83.73937225341797,29.800000000000004,86.02193450927734
29.81,10.335829734802246,29.81,98.71370697021484,29.809999999999995,12.328752517700195,29.81,83.74273681640625,29.81,86.54598236083984
29.82,10.250539779663086,29.82,98.67798614501952,29.82,12.232357025146484,29.82,83.73419952392578,29.82,87.08909606933594
29.830000000000005,10.151395797729492,29.830000000000005,98.64744567871094,29.83,12.134142875671388,29.83,83.7138900756836,29.830000000000005,87.60724639892578
29.840000000000003,10.049212455749512,29.840000000000003,98.61449432373048,29.84,12.044644355773926,29.840000000000003,83.68397521972656,29.840000000000003,88.07144165039062
29.85,9.951665878295898,29.85,98.57723236083984,29.85,11.970118522644045,29.85,83.64097595214844,29.85,88.4651107788086
29.860000000000007,9.837306022644045,29.86,98.54822540283205,29.86,11.92021942138672,29.86,83.58838653564453,29.860000000000007,88.82796478271484
29.870000000000005,9.713014602661133,29.870000000000005,98.53690338134766,29.87,11.925551414489746,29.870000000000005,83.54022979736328,29.870000000000005,89.19710540771484
29.880000000000003,9.600838661193848,29.880000000000003,98.5326156616211,29.879999999999995,11.948750495910645,29.880000000000003,83.50592803955078,29.880000000000003,89.58148193359375
29.89,9.50594997406006,29.89,98.53138732910156,29.89,11.959848403930664,29.89,83.48686218261719,29.89,89.93121337890625
29.90000000000001,9.423066139221191,29.90000000000001,98.53439331054688,29.9,11.963257789611816,29.9,83.47422790527344,29.90000000000001,90.2914047241211
29.910000000000004,9.363125801086426,29.910000000000004,98.52528381347656,29.91,11.972441673278809,29.910000000000004,83.45988464355469,29.910000000000004,90.70415496826172
29.92,9.313746452331545,29.92,98.50609588623048,29.92,11.997222900390623,29.92,83.44229125976562,29.92,91.125732421875
29.93,9.276954650878906,29.93,98.49140167236328,29.93,12.022842407226562,29.93,83.42450714111328,29.93,91.50306701660156
29.940000000000005,9.220588684082031,29.940000000000005,98.48468017578124,29.94,12.0235013961792,29.940000000000005,83.40409851074219,29.940000000000005,91.79713439941406
29.950000000000003,9.169882774353027,29.950000000000003,98.4927978515625,29.95,11.994420051574709,29.950000000000003,83.38070678710938,29.950000000000003,91.98863220214844
29.96,9.118204116821287,29.96,98.500732421875,29.96,11.953737258911133,29.96,83.35918426513672,29.96,92.11788177490234
29.97000000000001,9.060423851013184,29.97000000000001,98.48645782470705,29.97,11.92485237121582,29.97,83.34027862548828,29.97000000000001,92.22888946533205
29.980000000000004,9.022187232971191,29.980000000000004,98.45552825927734,29.98,11.918374061584473,29.980000000000004,83.3269271850586,29.980000000000004,92.34378814697266
29.99,9.006691932678223,29.99,98.43157196044922,29.989999999999995,11.943918228149414,29.99,83.31884765625,29.99,92.43484497070312
30.0,9.009040832519531,30.0,98.43157196044922,30.0,11.98159122467041,30.0,83.30789184570312,30.0,92.5849609375
30.010000000000005,9.022035598754885,30.010000000000005,98.44781494140624,30.01,12.016234397888184,30.010000000000005,83.2951431274414,30.010000000000005,92.8577117919922
30.020000000000003,9.064132690429688,30.020000000000003,98.4681167602539,30.02,12.042290687561035,30.020000000000003,83.28287506103516,30.020000000000003,93.17572021484376
30.03,9.135873794555664,30.03,98.49230194091795,30.03,12.053279876708984,30.03,83.27264404296875,30.03,93.4294662475586
30.040000000000006,9.15522003173828,30.04,98.52682495117188,30.04,12.038538932800291,30.04,83.26300048828125,30.040000000000006,93.58968353271484
30.050000000000004,9.084672927856444,30.050000000000004,98.57479095458984,30.05,12.017826080322266,30.050000000000004,83.25201416015625,30.050000000000004,93.65686798095705
30.06,8.980522155761719,30.06,98.62761688232422,30.059999999999995,12.005560874938965,30.06,83.24542236328125,30.06,93.65208435058594
30.07,8.906982421875,30.07,98.67079162597656,30.07,12.00725555419922,30.07,83.24168395996094,30.07,93.60568237304688
30.080000000000005,8.878120422363281,30.080000000000005,98.69227600097656,30.08,12.018404006958008,30.08,83.24159240722656,30.080000000000005,93.59627532958984
30.090000000000003,8.859028816223145,30.090000000000003,98.6861572265625,30.09,12.033853530883787,30.090000000000003,83.24205017089844,30.090000000000003,93.63363647460938
30.1,8.846038818359375,30.1,98.6694107055664,30.1,12.05199146270752,30.1,83.24259185791016,30.1,93.69683074951172
30.110000000000007,8.86233901977539,30.11,98.6572723388672,30.11,12.069317817687988,30.11,83.23468780517578,30.110000000000007,93.78204345703124
30.120000000000005,8.905988693237305,30.120000000000005,98.66411590576172,30.12,12.083118438720703,30.120000000000005,83.21992492675781,30.120000000000005,93.94881439208984
30.130000000000003,8.978205680847168,30.130000000000003,98.6963348388672,30.129999999999995,12.09164047241211,30.130000000000003,83.20269775390625,30.130000000000003,94.18409729003906
30.14,9.074007034301758,30.14,98.72703552246094,30.14,12.09783935546875,30.14,83.1857681274414,30.14,94.44020080566406
30.15000000000001,9.138801574707031,30.15000000000001,98.75520324707033,30.15,12.107173919677734,30.15,83.17219543457031,30.15000000000001,94.67375946044922
30.160000000000004,9.108593940734863,30.160000000000004,98.78206634521484,30.16,12.112374305725098,30.160000000000004,83.16263580322266,30.160000000000004,94.8262710571289
30.17,9.03566837310791,30.17,98.8057632446289,30.17,12.104625701904297,30.17,83.15753173828125,30.17,94.83802795410156
30.18,8.979593276977539,30.18,98.8145523071289,30.18,12.074641227722168,30.18,83.15633392333984,30.18,94.77599334716795
30.190000000000005,8.953049659729004,30.190000000000005,98.8017578125,30.19,12.03217887878418,30.190000000000005,83.15919494628906,30.190000000000005,94.70958709716795
30.200000000000003,8.934821128845215,30.200000000000003,98.7730941772461,30.2,11.993094444274902,30.200000000000003,83.16361236572266,30.200000000000003,94.65583038330078
30.21,8.92056655883789,30.21,98.74372863769533,30.21,11.967093467712402,30.21,83.16402435302734,30.21,94.62931060791016
30.22000000000001,8.920387268066406,30.22000000000001,98.72792053222656,30.22,11.96290683746338,30.22,83.16075134277344,30.22000000000001,94.6709976196289
30.230000000000004,8.942339897155762,30.230000000000004,98.72696685791016,30.23,11.976810455322266,30.230000000000004,83.15593719482422,30.230000000000004,94.7628936767578
30.24,8.979268074035645,30.24,98.7391128540039,30.239999999999995,11.998729705810549,30.24,83.15128326416016,30.24,94.87097930908205
30.25,9.005854606628418,30.25,98.7614288330078,30.25,12.01783275604248,30.25,83.14848327636719,30.25,94.9679183959961
30.260000000000005,8.995634078979492,30.260000000000005,98.79051971435548,30.26,12.029977798461914,30.260000000000005,83.14473724365234,30.260000000000005,95.03651428222656
30.270000000000003,8.958876609802246,30.270000000000003,98.82119750976562,30.27,12.02245044708252,30.270000000000003,83.1400146484375,30.270000000000003,95.04644775390624
30.28,8.90678882598877,30.28,98.84954833984376,30.28,11.993995666503906,30.28,83.13592529296875,30.28,95.0173568725586
30.290000000000006,8.851895332336426,30.29,98.86579132080078,30.29,11.972920417785645,30.29,83.13240814208984,30.290000000000006,94.9809799194336
30.300000000000004,8.812772750854492,30.300000000000004,98.86988067626952,30.3,11.948762893676758,30.300000000000004,83.12843322753906,30.300000000000004,94.95462799072266
30.31,8.799622535705566,30.31,98.8606185913086,30.309999999999995,11.927519798278809,30.31,83.123779296875,30.31,94.95476531982422
30.32,8.808728218078613,30.32,98.84525299072266,30.32,11.915860176086426,30.32,83.1171646118164,30.32,94.97613525390624
30.330000000000005,8.827369689941406,30.330000000000005,98.83222198486328,30.33,11.911510467529297,30.33,83.1111068725586,30.330000000000005,95.02288818359376
30.340000000000003,8.85807991027832,30.340000000000003,98.82347869873048,30.34,11.910396575927734,30.340000000000003,83.1047134399414,30.340000000000003,95.09376525878906
30.35,8.886393547058105,30.35,98.81829071044922,30.35,11.90993881225586,30.35,83.10041046142578,30.35,95.1736297607422
30.360000000000007,8.899310111999512,30.36,98.8135986328125,30.36,11.909077644348145,30.36,83.09871673583984,30.360000000000007,95.23751068115234
30.370000000000005,8.89773178100586,30.370000000000005,98.80970764160156,30.37,11.909762382507324,30.370000000000005,83.09577941894531,30.370000000000005,95.26435089111328
30.380000000000003,8.885184288024902,30.380000000000003,98.80882263183594,30.379999999999995,11.911982536315918,30.380000000000003,83.09529876708984,30.380000000000003,95.27123260498048
30.39,8.86392593383789,30.39,98.81427764892578,30.39,11.917798042297363,30.39,83.09419250488281,30.39,95.28450775146484
30.40000000000001,8.83881950378418,30.40000000000001,98.82034301757812,30.4,11.923700332641602,30.4,83.09214782714844,30.40000000000001,95.29781341552734
30.410000000000004,8.821404457092285,30.410000000000004,98.82850646972656,30.41,11.93056297302246,30.410000000000004,83.08929443359375,30.410000000000004,95.32848358154295
30.42,8.81895637512207,30.42,98.8386688232422,30.42,11.936370849609377,30.42,83.08722686767578,30.42,95.3806381225586
30.43,8.821404457092285,30.43,98.84754943847656,30.43,11.936335563659668,30.43,83.08639526367188,30.43,95.45217895507812
30.440000000000005,8.816461563110352,30.440000000000005,98.857666015625,30.44,11.934292793273926,30.440000000000005,83.08250427246094,30.440000000000005,95.53363800048828
30.450000000000003,8.814529418945312,30.450000000000003,98.86807250976562,30.45,11.929162979125977,30.450000000000003,83.08287048339844,30.450000000000003,95.61103057861328
30.46,8.811320304870605,30.46,98.8760223388672,30.46,11.922767639160156,30.46,83.08367156982422,30.46,95.67823028564452
30.47000000000001,8.806234359741211,30.47000000000001,98.87911224365234,30.47,11.911931037902832,30.47,83.08412170410156,30.47000000000001,95.73345947265624
30.480000000000004,8.810036659240723,30.480000000000004,98.88013458251952,30.48,11.897404670715332,30.480000000000004,83.0840835571289,30.480000000000004,95.78157806396484
30.49,8.814178466796875,30.49,98.88580322265624,30.489999999999995,11.883883476257324,30.49,83.08380889892578,30.49,95.82820892333984
30.5,8.815585136413574,30.5,98.8999252319336,30.5,11.881020545959473,30.5,83.08045196533203,30.5,95.87564849853516
30.510000000000005,8.820629119873047,30.510000000000005,98.90302276611328,30.51,11.891324996948242,30.510000000000005,83.07780456542969,30.510000000000005,95.93289184570312
30.520000000000003,8.83355712890625,30.520000000000003,98.9001007080078,30.52,11.91128921508789,30.520000000000003,83.0755615234375,30.520000000000003,95.99947357177734
30.53,8.847084045410156,30.53,98.89885711669922,30.53,11.937618255615234,30.53,83.07609558105469,30.53,96.05706024169922
30.540000000000006,8.854086875915527,30.54,98.90160369873048,30.54,11.964239120483398,30.54,83.07662200927734,30.540000000000006,96.10192108154295
30.550000000000004,8.856525421142578,30.550000000000004,98.89979553222656,30.55,11.98735237121582,30.550000000000004,83.07486724853516,30.550000000000004,96.13811492919922
30.56,8.86355972290039,30.56,98.88628387451172,30.559999999999995,12.002991676330566,30.56,83.07354736328125,30.56,96.16755676269533
30.57,8.872166633605957,30.57,98.87217712402344,30.57,12.015756607055664,30.57,83.07402038574219,30.57,96.18194580078124
30.580000000000005,8.875801086425781,30.580000000000005,98.86766815185548,30.58,12.028908729553224,30.58,83.07324981689453,30.580000000000005,96.1905746459961
30.590000000000003,8.869906425476074,30.590000000000003,98.88451385498048,30.59,12.044445037841797,30.590000000000003,83.07178497314453,30.590000000000003,96.18988037109376
30.6,8.8556547164917,30.6,98.89675903320312,30.6,12.059870719909668,30.6,83.07125091552734,30.6,96.20357513427734
30.610000000000007,8.84066104888916,30.61,98.90341186523438,30.61,12.065321922302246,30.61,83.0716552734375,30.610000000000007,96.23404693603516
30.620000000000005,8.835145950317383,30.620000000000005,98.90359497070312,30.62,12.058634757995604,30.620000000000005,83.07139587402344,30.620000000000005,96.27751159667967
30.630000000000003,8.830020904541016,30.630000000000003,98.9041976928711,30.629999999999995,12.044899940490724,30.630000000000003,83.07469177246094,30.630000000000003,96.32908630371094
30.64,8.823724746704102,30.64,98.90785217285156,30.64,12.031010627746582,30.64,83.07676696777344,30.64,96.38613891601562
30.65000000000001,8.821588516235352,30.65000000000001,98.91056060791016,30.65,12.019161224365234,30.65,83.07852172851562,30.65000000000001,96.44273376464844
30.660000000000004,8.823941230773926,30.660000000000004,98.9118881225586,30.66,12.011564254760742,30.660000000000004,83.07984161376953,30.660000000000004,96.49542236328124
30.67,8.831296920776367,30.67,98.9100112915039,30.67,12.005804061889648,30.67,83.08103942871094,30.67,96.54852294921876
30.68,8.83949089050293,30.68,98.90652465820312,30.68,11.997206687927246,30.68,83.08476257324219,30.68,96.60016632080078
30.690000000000005,8.834692001342773,30.690000000000005,98.89766693115234,30.69,11.985167503356934,30.690000000000005,83.0843734741211,30.690000000000005,96.65048217773438
30.700000000000003,8.819855690002441,30.700000000000003,98.8919448852539,30.7,11.975286483764648,30.700000000000003,83.08318328857422,30.700000000000003,96.69795989990234
30.71,8.796744346618652,30.71,98.89580535888672,30.71,11.968690872192385,30.71,83.08090209960938,30.71,96.74600982666016
30.72000000000001,8.746679306030273,30.72000000000001,98.89720153808594,30.72,11.964455604553224,30.72,83.07819366455078,30.72000000000001,96.7927703857422
30.730000000000004,8.716021537780762,30.730000000000004,98.89738464355467,30.73,11.960936546325684,30.730000000000004,83.07796478271484,30.730000000000004,96.84503936767578
30.74,8.694296836853027,30.74,98.90432739257812,30.739999999999995,11.955883979797363,30.74,83.07759857177734,30.74,96.90021514892578
30.75,8.680134773254395,30.75,98.91910552978516,30.75,11.95509910583496,30.75,83.07646179199219,30.75,96.95235443115234
30.760000000000005,8.663697242736816,30.760000000000005,98.9261703491211,30.76,11.956690788269045,30.760000000000005,83.07389068603516,30.760000000000005,96.99612426757812
30.770000000000003,8.616045951843262,30.770000000000003,98.9272232055664,30.77,11.958526611328123,30.770000000000003,83.07323455810547,30.770000000000003,97.0272445678711
30.78,8.621273040771484,30.78,98.93077850341795,30.78,11.95621395111084,30.78,83.07414245605469,30.78,97.05184936523438
30.790000000000006,8.627809524536133,30.79,98.94176483154295,30.79,11.947487831115724,30.79,83.07237243652344,30.790000000000006,97.07962799072266
30.800000000000004,8.636460304260254,30.800000000000004,98.95706939697266,30.8,11.935208320617676,30.800000000000004,83.070556640625,30.800000000000004,97.10125732421876
30.81,8.649907112121582,30.81,98.9660873413086,30.809999999999995,11.9234619140625,30.81,83.0700912475586,30.81,97.11507415771484
30.82,8.668213844299316,30.82,98.9692153930664,30.82,11.913042068481444,30.82,83.06846618652344,30.82,97.12832641601562
30.830000000000005,8.685357093811035,30.830000000000005,98.97298431396484,30.83,11.901165962219238,30.83,83.06725311279297,30.830000000000005,97.14485931396484
30.840000000000003,8.696185111999512,30.840000000000003,98.9783172607422,30.84,11.90187168121338,30.840000000000003,83.06678771972656,30.840000000000003,97.16576385498048
30.85,8.70168399810791,30.85,98.9839859008789,30.85,11.913829803466797,30.85,83.06591796875,30.85,97.18651580810548
30.860000000000007,8.70544719696045,30.86,98.98812866210938,30.86,11.926593780517578,30.86,83.06419372558594,30.860000000000007,97.2109832763672
30.870000000000005,8.708050727844238,30.870000000000005,98.99192810058594,30.87,11.93638801574707,30.870000000000005,83.0643310546875,30.870000000000005,97.2432632446289
30.880000000000003,8.704906463623047,30.880000000000003,98.99576568603516,30.879999999999995,11.947551727294922,30.880000000000003,83.0632095336914,30.880000000000003,97.27681732177734
30.89,8.699933052062988,30.89,98.99803924560548,30.89,11.96130084991455,30.89,83.06221771240234,30.89,97.30503845214844
30.90000000000001,8.690217018127441,30.90000000000001,98.99614715576172,30.9,11.988973617553713,30.9,83.0622329711914,30.90000000000001,97.32853698730467
30.910000000000004,8.680627822875977,30.910000000000004,98.99240112304688,30.91,12.007465362548828,30.910000000000004,83.06295776367188,30.910000000000004,97.35114288330078
30.92,8.674863815307617,30.92,98.98806762695312,30.92,12.016539573669434,30.92,83.06200408935547,30.92,97.37837982177734
30.93,8.676907539367676,30.93,98.97950744628906,30.93,12.008540153503418,30.93,83.06272888183594,30.93,97.40797424316406
30.940000000000005,8.686031341552734,30.940000000000005,98.9765167236328,30.94,11.995327949523926,30.940000000000005,83.0630111694336,30.940000000000005,97.43902587890624
30.950000000000003,8.697063446044922,30.950000000000003,98.97454071044922,30.95,11.985453605651855,30.950000000000003,83.0651626586914,30.950000000000003,97.47087860107422
30.96,8.702775955200195,30.96,98.96932220458984,30.96,11.977290153503418,30.96,83.06596374511719,30.96,97.5046615600586
30.97000000000001,8.703679084777832,30.97000000000001,98.96429443359376,30.97,11.966353416442873,30.97,83.06806182861328,30.97000000000001,97.53512573242188
30.980000000000004,8.696671485900879,30.980000000000004,98.96052551269533,30.98,11.952664375305176,30.980000000000004,83.06852722167969,30.980000000000004,97.56595611572266
30.99,8.684672355651855,30.99,98.95841979980467,30.989999999999995,11.9425048828125,30.99,83.07113647460938,30.99,97.59903717041016
31.0,8.682021141052246,31.0,98.95315551757812,31.0,11.933887481689451,31.0,83.07280731201172,31.0,97.63763427734376
31.010000000000005,8.678977012634277,31.010000000000005,98.94973754882812,31.01,11.923434257507324,31.010000000000005,83.07449340820312,31.010000000000005,97.6850814819336
31.020000000000003,8.675384521484375,31.020000000000003,98.94701385498048,31.02,11.914297103881836,31.020000000000003,83.0774154663086,31.020000000000003,97.73348236083984
31.03,8.670601844787598,31.03,98.94583892822266,31.03,11.90433406829834,31.03,83.07889556884766,31.03,97.77359771728516
31.040000000000006,8.661212921142578,31.04,98.9399642944336,31.04,11.89695644378662,31.04,83.07878875732422,31.040000000000006,97.80442810058594
31.050000000000004,8.648059844970703,31.050000000000004,98.93450164794922,31.05,11.89067268371582,31.050000000000004,83.07991027832031,31.050000000000004,97.8299331665039
31.06,8.6343355178833,31.06,98.93373107910156,31.059999999999995,11.88705348968506,31.06,83.0809097290039,31.06,97.85246276855467
31.07,8.637788772583008,31.07,98.9340362548828,31.07,11.884039878845217,31.07,83.08235168457031,31.07,97.87293243408205
31.080000000000005,8.633943557739258,31.080000000000005,98.93460083007812,31.08,11.88149642944336,31.08,83.08226776123047,31.080000000000005,97.88650512695312
31.090000000000003,8.625192642211914,31.090000000000003,98.93531036376952,31.09,11.877157211303713,31.090000000000003,83.08209991455078,31.090000000000003,97.88558959960938
31.1,8.604978561401367,31.1,98.93643188476562,31.1,11.871612548828123,31.1,83.082763671875,31.1,97.87489318847656
31.110000000000007,8.603219985961914,31.11,98.93680572509766,31.11,11.863909721374512,31.11,83.08271789550781,31.110000000000007,97.86673736572266
31.120000000000005,8.603784561157227,31.120000000000005,98.93887329101562,31.12,11.85495376586914,31.120000000000005,83.08454895019531,31.120000000000005,97.86473846435548
31.130000000000003,8.5985689163208,31.130000000000003,98.944091796875,31.129999999999995,11.846829414367676,31.130000000000003,83.08638000488281,31.130000000000003,97.88500213623048
31.14,8.589310646057129,31.14,98.94863891601562,31.14,11.84035587310791,31.14,83.08470916748047,31.14,97.92892456054688
31.15000000000001,8.569533348083496,31.15000000000001,98.95064544677734,31.15,11.8345308303833,31.15,83.08415222167969,31.15000000000001,97.98956298828124
31.160000000000004,8.553592681884766,31.160000000000004,98.95198822021484,31.16,11.825021743774414,31.160000000000004,83.0833511352539,31.160000000000004,98.0566864013672
31.17,8.542951583862305,31.17,98.95743560791016,31.17,11.80398178100586,31.17,83.08285522460938,31.17,98.1177215576172
31.18,8.5349760055542,31.18,98.95635986328124,31.18,11.770027160644531,31.18,83.08439636230469,31.18,98.15503692626952
31.190000000000005,8.531753540039062,31.190000000000005,98.95492553710938,31.19,11.75761890411377,31.190000000000005,83.08184814453125,31.190000000000005,98.1649169921875
31.200000000000003,8.534873008728027,31.200000000000003,98.95440673828124,31.2,11.752022743225098,31.200000000000003,83.08175659179688,31.200000000000003,98.15328979492188
31.21,8.541068077087402,31.21,98.95578002929688,31.21,11.749728202819824,31.21,83.08143615722656,31.21,98.13727569580078
31.22000000000001,8.546910285949707,31.22000000000001,98.95592498779295,31.22,11.74993133544922,31.22,83.0827407836914,31.22000000000001,98.1311492919922
31.230000000000004,8.550006866455078,31.230000000000004,98.95539093017578,31.23,11.751493453979492,31.230000000000004,83.08292388916016,31.230000000000004,98.12492370605467
31.24,8.55893325805664,31.24,98.9541473388672,31.239999999999995,11.752138137817385,31.24,83.08161926269531,31.24,98.13762664794922
31.25,8.569499015808105,31.25,98.95657348632812,31.25,11.753705978393556,31.25,83.08214569091797,31.25,98.15514373779295
31.260000000000005,8.575783729553223,31.260000000000005,98.96183776855467,31.26,11.759349822998049,31.260000000000005,83.08352661132812,31.260000000000005,98.17129516601562
31.270000000000003,8.571160316467285,31.270000000000003,98.96227264404295,31.27,11.767045021057127,31.270000000000003,83.08255767822266,31.270000000000003,98.17607879638672
31.28,8.569626808166504,31.28,98.96172332763672,31.28,11.77572536468506,31.28,83.08219146728516,31.28,98.1687240600586
31.290000000000006,8.573291778564453,31.29,98.96403503417967,31.29,11.784235954284668,31.29,83.08499908447266,31.290000000000006,98.14805603027344
31.300000000000004,8.576294898986816,31.300000000000004,98.97144317626952,31.3,11.786234855651855,31.300000000000004,83.08792114257812,31.300000000000004,98.11357879638672
31.31,8.580719947814941,31.31,98.97187042236328,31.309999999999995,11.784584999084473,31.31,83.09188842773438,31.31,98.06902313232422
31.32,8.58791446685791,31.32,98.96563720703124,31.32,11.78062915802002,31.32,83.09526824951172,31.32,98.02099609375
31.330000000000005,8.600552558898926,31.330000000000005,98.95231628417967,31.33,11.776481628417969,31.33,83.10005950927734,31.330000000000005,97.9789047241211
31.340000000000003,8.616056442260742,31.340000000000003,98.93646240234376,31.34,11.769006729125977,31.340000000000003,83.10415649414062,31.340000000000003,97.94136810302734
31.35,8.63034439086914,31.35,98.92935180664062,31.35,11.759943962097168,31.35,83.10964965820312,31.35,97.90763854980467
31.360000000000007,8.641258239746094,31.36,98.92681121826172,31.36,11.74804401397705,31.36,83.11503601074219,31.360000000000007,97.87521362304688
31.370000000000005,8.649819374084473,31.370000000000005,98.93394470214844,31.37,11.737988471984863,31.370000000000005,83.12174224853516,31.370000000000005,97.84391021728516
31.380000000000003,8.656238555908203,31.380000000000003,98.94465637207033,31.379999999999995,11.736963272094728,31.380000000000003,83.12891387939453,31.380000000000003,97.79541778564452
31.39,8.659523963928223,31.39,98.94805145263672,31.39,11.730944633483888,31.39,83.13494873046875,31.39,97.71353912353516
31.40000000000001,8.66252326965332,31.40000000000001,98.94388580322266,31.4,11.714947700500488,31.4,83.14105224609375,31.40000000000001,97.5981216430664
31.410000000000004,8.66910171508789,31.410000000000004,98.9347152709961,31.41,11.69931983947754,31.410000000000004,83.1474609375,31.410000000000004,97.46373748779295
31.42,8.683182716369629,31.42,98.92020416259766,31.42,11.689936637878418,31.42,83.15493774414062,31.42,97.32423400878906
31.43,8.694019317626953,31.43,98.90184020996094,31.43,11.671101570129396,31.43,83.16295623779297,31.43,97.19242095947266
31.440000000000005,8.702013969421387,31.440000000000005,98.890380859375,31.44,11.645835876464844,31.440000000000005,83.16952514648438,31.440000000000005,97.08167266845705
31.450000000000003,8.7091703414917,31.450000000000003,98.8852996826172,31.45,11.625606536865234,31.450000000000003,83.17515563964844,31.450000000000003,96.99147033691406
31.46,8.713494300842285,31.46,98.8823013305664,31.46,11.615363121032717,31.46,83.18106079101562,31.46,96.90293884277344
31.47000000000001,8.711432456970215,31.47000000000001,98.8870849609375,31.47,11.60569667816162,31.47,83.18549346923828,31.47000000000001,96.80109405517578
31.480000000000004,8.705718040466309,31.480000000000004,98.89826202392578,31.48,11.59105110168457,31.480000000000004,83.18951416015625,31.480000000000004,96.68834686279295
31.49,8.700743675231934,31.49,98.9143295288086,31.489999999999995,11.57619857788086,31.49,83.19297790527344,31.49,96.56016540527344
31.5,8.694711685180664,31.5,98.93074035644533,31.5,11.559467315673828,31.5,83.19793701171875,31.5,96.40739440917967
31.510000000000005,8.691450119018555,31.510000000000005,98.94487762451172,31.51,11.539688110351562,31.510000000000005,83.203369140625,31.510000000000005,96.22821807861328
31.520000000000003,8.692562103271484,31.520000000000003,98.95648193359376,31.52,11.524548530578612,31.520000000000003,83.20960235595703,31.520000000000003,96.0238037109375
31.53,8.695599555969238,31.53,98.96451568603516,31.53,11.511921882629396,31.53,83.21684265136719,31.53,95.8053741455078
31.540000000000006,8.70362377166748,31.54,98.9693832397461,31.54,11.501416206359863,31.54,83.22290802001953,31.540000000000006,95.58538818359376
31.550000000000004,8.723052024841309,31.550000000000004,98.97419738769533,31.55,11.49709129333496,31.550000000000004,83.22814178466797,31.550000000000004,95.37358856201172
31.56,8.7483491897583,31.56,98.98321533203124,31.559999999999995,11.493972778320312,31.56,83.23117065429688,31.56,95.17708587646484
31.57,8.77349853515625,31.57,98.99800872802734,31.57,11.489859580993652,31.57,83.23308563232422,31.57,95.0066909790039
31.580000000000005,8.793866157531738,31.580000000000005,99.01554870605467,31.58,11.482722282409668,31.58,83.23558044433594,31.580000000000005,94.84369659423828
31.590000000000003,8.813213348388672,31.590000000000003,99.03180694580078,31.59,11.472193717956545,31.590000000000003,83.23511505126953,31.590000000000003,94.66333770751952
31.6,8.828387260437012,31.6,99.04830932617188,31.6,11.46145248413086,31.6,83.2392807006836,31.6,94.4481964111328
31.610000000000007,8.837554931640625,31.61,99.0666961669922,31.61,11.45059585571289,31.61,83.24476623535156,31.610000000000007,94.19976043701172
31.620000000000005,8.84752368927002,31.620000000000005,99.08458709716795,31.62,11.439559936523438,31.620000000000005,83.25126647949219,31.620000000000005,93.9173355102539
31.630000000000003,8.862060546875,31.630000000000003,99.09849548339844,31.629999999999995,11.421293258666992,31.630000000000003,83.2597427368164,31.630000000000003,93.6182632446289
31.64,8.882200241088867,31.64,99.1078643798828,31.64,11.407220840454102,31.64,83.2684097290039,31.64,93.32733154296876
31.65000000000001,8.904199600219727,31.65000000000001,99.1193618774414,31.65,11.415125846862791,31.65,83.27657318115234,31.65000000000001,93.06816864013672
31.660000000000004,8.926453590393066,31.660000000000004,99.13408660888672,31.66,11.435383796691896,31.660000000000004,83.2835464477539,31.660000000000004,92.82959747314452
31.67,8.950262069702148,31.67,99.15096282958984,31.67,11.458317756652832,31.67,83.28742980957031,31.67,92.59162902832033
31.68,8.9730863571167,31.68,99.1674346923828,31.68,11.48011302947998,31.68,83.29205322265625,31.68,92.34221649169922
31.690000000000005,8.998019218444824,31.690000000000005,99.1878433227539,31.69,11.502936363220217,31.690000000000005,83.29350280761719,31.690000000000005,92.05532836914062
31.700000000000003,9.02530002593994,31.700000000000003,99.21177673339844,31.7,11.526525497436523,31.700000000000003,83.29553985595703,31.700000000000003,91.719970703125
31.71,9.054313659667969,31.71,99.23178100585938,31.71,11.54832649230957,31.71,83.29857635498047,31.71,91.34796905517578
31.72000000000001,9.080544471740724,31.72000000000001,99.24937438964844,31.72,11.567461013793944,31.72,83.30093383789062,31.72000000000001,90.94703674316406
31.730000000000004,9.096900939941406,31.730000000000004,99.27145385742188,31.73,11.589666366577148,31.730000000000004,83.30475616455078,31.730000000000004,90.5323715209961
31.74,9.107267379760742,31.74,99.2963638305664,31.739999999999995,11.613198280334473,31.74,83.30874633789062,31.74,90.11790466308594
31.75,9.113340377807615,31.75,99.3208465576172,31.75,11.637969970703123,31.75,83.31171417236328,31.75,89.70548248291016
31.760000000000005,9.118330955505373,31.760000000000005,99.3494110107422,31.76,11.662042617797852,31.760000000000005,83.31368255615234,31.760000000000005,89.28437805175781
31.770000000000003,9.121678352355955,31.770000000000003,99.3807601928711,31.77,11.690862655639648,31.770000000000003,83.31537628173828,31.770000000000003,88.86442565917969
31.78,9.134363174438477,31.78,99.41622161865234,31.78,11.725187301635742,31.78,83.31481170654297,31.78,88.47112274169922
31.790000000000006,9.156981468200684,31.79,99.45530700683594,31.79,11.763413429260254,31.79,83.31336975097656,31.790000000000006,88.11409759521484
31.800000000000004,9.184517860412598,31.800000000000004,99.49748992919922,31.8,11.802020072937012,31.800000000000004,83.3094253540039,31.800000000000004,87.77256774902344
31.81,9.215044021606444,31.81,99.53435516357422,31.809999999999995,11.843017578125,31.81,83.30521392822266,31.81,87.41067504882812
31.82,9.245121955871582,31.82,99.57215118408205,31.82,11.88454532623291,31.82,83.29877471923828,31.82,87.00558471679688
31.830000000000005,9.271860122680664,31.830000000000005,99.61669158935548,31.83,11.927604675292969,31.83,83.29373931884766,31.830000000000005,86.58065795898438
31.840000000000003,9.299236297607422,31.840000000000003,99.66702270507812,31.84,11.973856925964355,31.840000000000003,83.2898941040039,31.840000000000003,86.1658935546875
31.85,9.333881378173828,31.85,99.72085571289062,31.85,12.022074699401855,31.85,83.28852081298828,31.85,85.75518798828125
31.860000000000007,9.37099552154541,31.86,99.77622985839844,31.86,12.07540512084961,31.86,83.28893280029297,31.860000000000007,85.34050750732422
31.870000000000005,9.408368110656738,31.870000000000005,99.83055114746094,31.87,12.13280963897705,31.870000000000005,83.29039764404297,31.870000000000005,84.93645477294922
31.880000000000003,9.448375701904297,31.880000000000003,99.88711547851562,31.879999999999995,12.194884300231934,31.880000000000003,83.29070281982422,31.880000000000003,84.5344009399414
31.89,9.496136665344238,31.89,99.94112396240234,31.89,12.261141777038574,31.89,83.29020690917969,31.89,84.11502838134766
31.90000000000001,9.548975944519045,31.90000000000001,99.98849487304688,31.9,12.33154582977295,31.9,83.28857421875,31.90000000000001,83.67717742919922
31.910000000000004,9.604269981384276,31.910000000000004,100.03063201904295,31.91,12.407031059265137,31.910000000000004,83.28556823730469,31.910000000000004,83.2336654663086
31.92,9.653247833251951,31.92,100.0756378173828,31.92,12.485944747924805,31.92,83.28153991699219,31.92,82.81624603271484
31.93,9.697579383850098,31.93,100.1305923461914,31.93,12.570321083068848,31.93,83.28072357177734,31.93,82.42491149902344
31.940000000000005,9.738037109375,31.940000000000005,100.18920135498048,31.94,12.656044006347656,31.940000000000005,83.28289031982422,31.940000000000005,82.0266342163086
31.950000000000003,9.780259132385254,31.950000000000003,100.24954986572266,31.95,12.742005348205566,31.950000000000003,83.2874526977539,31.950000000000003,81.59638977050781
31.96,9.829513549804688,31.96,100.31209564208984,31.96,12.826019287109377,31.96,83.29446411132812,31.96,81.13955688476562
31.97000000000001,9.879522323608398,31.97000000000001,100.36829376220705,31.97,12.908031463623049,31.97,83.30034637451172,31.97000000000001,80.65375518798828
31.980000000000004,9.92966651916504,31.980000000000004,100.4133071899414,31.98,12.990562438964844,31.980000000000004,83.30571746826172,31.980000000000004,80.15933227539062
31.99,9.986637115478516,31.99,100.44847106933594,31.989999999999995,13.067370414733888,31.99,83.31204223632812,31.99,79.65919494628906
32.0,10.047423362731934,32.0,100.48074340820312,32.0,13.144414901733398,32.0,83.32017517089844,32.0,79.16880798339844
32.010000000000005,10.11495304107666,32.010000000000005,100.52223205566406,32.01,13.228684425354004,32.010000000000005,83.3300552368164,32.010000000000005,78.70702362060547
32.02,10.190815925598145,32.02,100.5550537109375,32.02,13.312363624572754,32.02,83.34485626220703,32.02,78.26902770996094
32.03,10.270356178283691,32.03,100.58536529541016,32.03,13.389742851257324,32.03,83.36178588867188,32.03,77.8111572265625
32.040000000000006,10.351806640625,32.04,100.63026428222656,32.04,13.464600563049316,32.04,83.3808364868164,32.040000000000006,77.31085205078125
32.050000000000004,10.435470581054688,32.050000000000004,100.68291473388672,32.05,13.549099922180176,32.050000000000004,83.40487670898438,32.050000000000004,76.76924896240234
32.06,10.518481254577637,32.06,100.74500274658205,32.059999999999995,13.632136344909668,32.06,83.43709564208984,32.06,76.17462158203125
32.07,10.603288650512695,32.07,100.80725860595705,32.07,13.68955898284912,32.07,83.47740936279297,32.07,75.53199005126953
32.080000000000005,10.68996810913086,32.080000000000005,100.86981964111328,32.08,13.728910446166992,32.08,83.52925109863281,32.080000000000005,74.86186218261719
32.09,10.791130065917969,32.09,100.94091033935548,32.09,13.782254219055176,32.09,83.5947494506836,32.09,74.19828033447266
32.1,10.889032363891602,32.1,101.04349517822266,32.1,13.853137016296388,32.1,83.679443359375,32.1,73.53921508789062
32.11000000000001,10.973519325256348,32.11,101.16375732421876,32.11,13.93113613128662,32.11,83.78022003173828,32.11000000000001,72.8987808227539
32.120000000000005,11.061180114746094,32.120000000000005,101.26824188232422,32.12,14.025042533874512,32.120000000000005,83.8995132446289,32.120000000000005,72.26760864257812
32.13,11.15626621246338,32.13,101.34488677978516,32.129999999999995,14.12294101715088,32.13,84.01822662353516,32.13,71.64519500732422
32.14,11.25269889831543,32.14,101.40743255615234,32.14,14.239256858825684,32.14,84.12769317626953,32.14,70.95870208740234
32.150000000000006,11.340126037597656,32.150000000000006,101.48223114013672,32.15,14.384489059448242,32.15,84.2436752319336,32.150000000000006,70.18595123291016
32.160000000000004,11.428625106811523,32.160000000000004,101.58160400390624,32.16,14.56180191040039,32.160000000000004,84.37616729736328,32.160000000000004,69.41340637207031
32.17,11.550862312316896,32.17,101.7406768798828,32.17,14.785059928894045,32.17,84.5456314086914,32.17,68.68101501464844
32.18,11.704771041870115,32.18,101.92652130126952,32.18,15.048876762390137,32.18,84.72692108154297,32.18,67.99462127685547
32.190000000000005,11.873132705688477,32.190000000000005,102.12091827392578,32.19,15.347611427307127,32.190000000000005,84.9269790649414,32.190000000000005,67.3568344116211
32.2,12.045056343078612,32.2,102.3140106201172,32.2,15.672853469848633,32.2,85.11907196044922,32.2,66.70598602294922
32.21,12.218050956726074,32.21,102.48165893554688,32.21,16.08155059814453,32.21,85.2976303100586,32.21,66.02066040039062
32.220000000000006,12.418356895446776,32.220000000000006,102.62321472167967,32.22,16.545923233032227,32.22,85.43787384033203,32.220000000000006,65.30061340332031
32.230000000000004,12.697504997253418,32.230000000000004,102.74851989746094,32.23,16.96356201171875,32.230000000000004,85.49567413330078,32.230000000000004,64.51748657226562
32.24,13.063323974609377,32.24,102.90316009521484,32.239999999999995,17.393585205078125,32.24,85.46752166748047,32.24,63.611175537109375
32.25,13.45872974395752,32.25,103.09613800048828,32.25,17.864553451538086,32.25,85.40367889404297,32.25,62.59454727172852
32.260000000000005,13.847309112548828,32.260000000000005,103.30239868164062,32.26,18.36648368835449,32.260000000000005,85.3428955078125,32.260000000000005,61.50636291503906
32.27,14.23983669281006,32.27,103.49292755126952,32.27,18.90917015075684,32.27,85.27442169189453,32.27,60.39974212646485
32.28,14.649436950683594,32.28,103.6777114868164,32.28,19.50487899780273,32.28,85.17622375488281,32.28,59.311431884765625
32.290000000000006,15.110550880432127,32.29,103.8680191040039,32.29,20.09072494506836,32.29,85.06366729736328,32.290000000000006,58.244606018066406
32.300000000000004,15.602620124816896,32.300000000000004,104.0910415649414,32.3,20.65537071228028,32.300000000000004,84.95108795166016,32.300000000000004,57.15776443481445
32.31,16.093793869018555,32.31,104.33975982666016,32.309999999999995,21.23001289367676,32.31,84.83951568603516,32.31,56.02191925048828
32.32,16.577922821044922,32.32,104.60259246826172,32.32,21.82855033874512,32.32,84.7342300415039,32.32,54.890045166015625
32.330000000000005,17.0301456451416,32.330000000000005,104.87584686279295,32.33,22.4390926361084,32.33,84.63085174560547,32.330000000000005,53.86124801635742
32.34,17.476606369018555,32.34,105.15906524658205,32.34,23.04482650756836,32.34,84.51840209960938,32.34,53.01182556152344
32.35,17.909372329711914,32.35,105.45182800292967,32.35,23.61020278930664,32.35,84.40713500976562,32.35,52.385196685791016
32.36000000000001,18.337034225463867,32.36,105.74539184570312,32.36,24.13315773010254,32.36,84.2992172241211,32.36000000000001,51.964263916015625
32.370000000000005,18.79985809326172,32.370000000000005,106.03494262695312,32.37,24.61699676513672,32.370000000000005,84.19234466552734,32.370000000000005,51.71138000488281
32.38,19.30093574523925,32.38,106.33518981933594,32.379999999999995,25.061033248901367,32.38,84.0933837890625,32.38,51.54613876342773
32.39,19.824317932128903,32.39,106.66261291503906,32.39,25.47258758544922,32.39,84.00421142578125,32.39,51.46563720703125
32.400000000000006,20.34969139099121,32.400000000000006,107.00242614746094,32.4,25.854291915893555,32.4,83.92144012451172,32.400000000000006,51.46388626098633
32.410000000000004,20.866735458374023,32.410000000000004,107.33832550048828,32.41,26.23540496826172,32.410000000000004,83.84407043457031,32.410000000000004,51.50896453857422
32.42,21.38236427307129,32.42,107.65803527832033,32.42,26.6303939819336,32.42,83.77256774902344,32.42,51.572078704833984
32.43000000000001,21.89616203308105,32.43,107.95773315429688,32.43,27.07330894470215,32.43,83.70728302001953,32.43,51.58992385864258
32.440000000000005,22.41822624206543,32.440000000000005,108.23828887939452,32.44,27.58499336242676,32.440000000000005,83.6439437866211,32.440000000000005,51.553619384765625
32.45,22.962100982666016,32.45,108.5098114013672,32.45,28.18256187438965,32.45,83.58136749267578,32.45,51.47734832763672
32.46,23.537521362304688,32.46,108.7755355834961,32.46,28.86993408203125,32.46,83.51412200927734,32.46,51.411922454833984
32.470000000000006,24.172372817993164,32.470000000000006,109.03926849365234,32.47,29.664588928222656,32.47,83.44038391113281,32.470000000000006,51.41442108154297
32.480000000000004,24.85866355895996,32.480000000000004,109.31880950927734,32.48,30.527299880981445,32.480000000000004,83.36030578613281,32.480000000000004,51.464012145996094
32.49,25.59054374694824,32.49,109.5996551513672,32.489999999999995,31.403955459594727,32.49,83.27054595947266,32.49,51.532073974609375
32.5,26.365880966186523,32.5,109.86466217041016,32.5,32.25821685791016,32.5,83.1598129272461,32.5,51.59078598022461
32.510000000000005,27.161544799804688,32.510000000000005,110.13340759277344,32.51,33.05729675292969,32.510000000000005,83.03794860839844,32.510000000000005,51.6548957824707
32.52,27.97006607055664,32.52,110.42536163330078,32.52,33.79012680053711,32.52,82.9185791015625,32.52,51.76743698120117
32.53,28.78453254699707,32.53,110.71758270263672,32.53,34.45811080932617,32.53,82.81773376464844,32.53,51.9642448425293
32.540000000000006,29.58431434631348,32.540000000000006,110.97664642333984,32.54,35.07286834716797,32.54,82.74981689453125,32.540000000000006,52.24872970581055
32.550000000000004,30.366992950439453,32.550000000000004,111.18816375732422,32.55,35.68564224243164,32.550000000000004,82.70146179199219,32.550000000000004,52.62418365478516
32.56,31.14883613586425,32.56,111.35350036621094,32.559999999999995,36.33856964111328,32.56,82.66779327392578,32.56,53.0745849609375
32.57,31.93437767028809,32.57,111.46250915527344,32.57,37.0603141784668,32.57,82.64147186279297,32.57,53.54277420043945
32.580000000000005,32.7210807800293,32.580000000000005,111.55656433105467,32.58,37.85892105102539,32.58,82.6178970336914,32.580000000000005,53.96633529663086
32.59,33.50734329223633,32.59,111.66077423095705,32.59,38.688232421875,32.59,82.59516906738281,32.59,54.3305549621582
32.6,34.30488204956055,32.6,111.77957153320312,32.6,39.51210784912109,32.6,82.5778579711914,32.6,54.67019271850586
32.61000000000001,35.12852096557617,32.61,111.9063949584961,32.61,40.336082458496094,32.61,82.56501770019531,32.61000000000001,55.019569396972656
32.620000000000005,35.98687744140625,32.620000000000005,112.0212631225586,32.62,41.18544769287109,32.620000000000005,82.5517349243164,32.620000000000005,55.39085388183594
32.63,36.87437057495117,32.63,112.10857391357422,32.629999999999995,42.06230926513672,32.63,82.53987121582031,32.63,55.79463577270508
32.64,37.77961730957031,32.64,112.1525650024414,32.64,42.95685577392578,32.64,82.5261001586914,32.64,56.23042297363281
32.650000000000006,38.69085693359375,32.650000000000006,112.16131591796876,32.65,43.86655807495117,32.65,82.5105209350586,32.650000000000006,56.72974395751953
32.660000000000004,39.60139846801758,32.660000000000004,112.1474838256836,32.66,44.787071228027344,32.660000000000004,82.4924545288086,32.660000000000004,57.27581405639648
32.67,40.51304244995117,32.67,112.11637115478516,32.67,45.688270568847656,32.67,82.48057556152344,32.67,57.80089569091797
32.68000000000001,41.42149353027344,32.68,112.06041717529295,32.68,46.55681228637695,32.68,82.47148895263672,32.68,58.304534912109375
32.690000000000005,42.32040786743164,32.690000000000005,111.98402404785156,32.69,47.412994384765625,32.690000000000005,82.46372985839844,32.690000000000005,58.77837753295898
32.7,43.21320724487305,32.7,111.8818130493164,32.7,48.26759338378906,32.7,82.45823669433594,32.7,59.23706817626953
32.71,44.09886932373047,32.71,111.76353454589844,32.71,49.13079452514648,32.71,82.45228576660156,32.71,59.679718017578125
32.720000000000006,44.98331451416016,32.720000000000006,111.62677001953124,32.72,50.00735092163086,32.72,82.44495391845703,32.720000000000006,60.09884643554688
32.730000000000004,45.87595748901367,32.730000000000004,111.48280334472656,32.73,50.89577865600586,32.730000000000004,82.4413070678711,32.730000000000004,60.541202545166016
32.74,46.76939010620117,32.74,111.3344955444336,32.74,51.79219818115234,32.74,82.43632507324219,32.74,61.059600830078125
32.75,47.65011978149414,32.75,111.17530059814452,32.75,52.6804313659668,32.75,82.43148040771484,32.75,61.632720947265625
32.760000000000005,48.52144241333008,32.760000000000005,111.00935363769533,32.76,53.55686950683594,32.760000000000005,82.42607116699219,32.760000000000005,62.20624542236328
32.77,49.38526153564453,32.77,110.8281021118164,32.77,54.41260528564453,32.77,82.42366027832031,32.77,62.78362274169922
32.78,50.231475830078125,32.78,110.6385269165039,32.78,55.25299072265625,32.78,82.4207534790039,32.78,63.366004943847656
32.790000000000006,51.07503890991211,32.790000000000006,110.4457778930664,32.79,56.08404922485352,32.79,82.41592407226562,32.790000000000006,63.94547653198242
32.800000000000004,51.90560150146485,32.800000000000004,110.25008392333984,32.8,56.92133712768555,32.800000000000004,82.41187286376953,32.800000000000004,64.53128051757812
32.81,52.72169494628906,32.81,110.05218505859376,32.809999999999995,57.76586532592773,32.81,82.40620422363281,32.81,65.12075805664062
32.82,53.52374267578125,32.82,109.85811614990234,32.82,58.58673858642578,32.82,82.40157318115234,32.82,65.72307586669922
32.830000000000005,54.30354309082031,32.830000000000005,109.6536636352539,32.83,59.392822265625,32.830000000000005,82.40359497070312,32.830000000000005,66.3506851196289
32.84,55.08922576904297,32.84,109.44615936279295,32.84,60.20051956176758,32.84,82.40238952636719,32.84,66.99056243896484
32.85,55.89670944213867,32.85,109.23870086669922,32.85,61.006126403808594,32.85,82.40463256835938,32.85,67.63574981689453
32.86000000000001,56.72129821777344,32.86,109.03265380859376,32.86,61.81002426147461,32.86,82.40592193603516,32.86000000000001,68.2591323852539
32.870000000000005,57.5471076965332,32.870000000000005,108.82714080810548,32.87,62.62035369873047,32.870000000000005,82.40897369384766,32.870000000000005,68.83418273925781
32.88,58.35788345336914,32.88,108.61871337890624,32.879999999999995,63.4332275390625,32.88,82.4149398803711,32.88,69.38227081298828
32.89,59.139495849609375,32.89,108.40428161621094,32.89,64.23966979980469,32.89,82.42066192626953,32.89,69.92027282714844
32.900000000000006,59.908939361572266,32.900000000000006,108.18755340576172,32.9,65.02366638183594,32.9,82.4248275756836,32.900000000000006,70.46017456054688
32.910000000000004,60.66640472412109,32.910000000000004,107.95562744140624,32.91,65.77650451660156,32.910000000000004,82.43181610107422,32.910000000000004,70.99760437011719
32.92,61.40864944458008,32.92,107.7014617919922,32.92,66.51948547363281,32.92,82.43657684326172,32.92,71.53218841552734
32.93000000000001,62.14070129394531,32.93,107.4623794555664,32.93,67.28204345703125,32.93,82.44449615478516,32.93000000000001,72.03768157958984
32.940000000000005,62.887325286865234,32.940000000000005,107.22419738769533,32.94,68.04853820800781,32.940000000000005,82.44969177246094,32.940000000000005,72.4898452758789
32.95,63.62998580932617,32.95,106.98452758789062,32.95,68.8251724243164,32.95,82.4538345336914,32.95,72.94496154785156
32.96,64.34648132324219,32.96,106.7523956298828,32.96,69.62133026123047,32.96,82.45816802978516,32.96,73.40753936767578
32.970000000000006,65.0635986328125,32.970000000000006,106.5287094116211,32.97,70.41488647460938,32.97,82.46310424804688,32.970000000000006,73.85086059570312
32.980000000000004,65.79426574707031,32.980000000000004,106.30702209472656,32.98,71.20631408691406,32.980000000000004,82.46417236328125,32.980000000000004,74.3114013671875
32.99,66.52617645263672,32.99,106.07698822021484,32.99,71.97045135498047,32.99,82.46412658691406,32.99,74.76573181152344
33.0,67.25479125976562,33.0,105.85099792480467,33.0,72.69727325439453,33.0,82.46553802490234,33.0,75.1646728515625
33.010000000000005,67.97282409667969,33.010000000000005,105.6317367553711,33.01,73.39391326904297,33.010000000000005,82.46879577636719,33.010000000000005,75.5484619140625
33.02,68.6740951538086,33.02,105.4253921508789,33.02,74.09092712402344,33.02,82.47180938720703,33.02,75.95252227783203
33.03,69.38904571533203,33.03,105.2340316772461,33.03,74.8241958618164,33.03,82.47265625,33.03,76.35164642333984
33.040000000000006,70.090087890625,33.040000000000006,105.05368041992188,33.04,75.56768798828125,33.04,82.47569274902344,33.040000000000006,76.75017547607422
33.050000000000004,70.74791717529297,33.050000000000004,104.8806610107422,33.05,76.26165008544922,33.050000000000004,82.4784927368164,33.050000000000004,77.2010269165039
33.06,71.40091705322266,33.06,104.7231216430664,33.059999999999995,76.91230010986328,33.06,82.4762191772461,33.06,77.65960693359375
33.07,72.04154968261719,33.07,104.576416015625,33.07,77.55376434326172,33.07,82.47229766845703,33.07,78.06254577636719
33.080000000000005,72.64517974853516,33.080000000000005,104.43637084960938,33.08,78.18379211425781,33.080000000000005,82.47435760498047,33.080000000000005,78.468994140625
33.09,73.21724700927734,33.09,104.29539489746094,33.09,78.79142761230469,33.09,82.48046875,33.09,78.91033172607422
33.1,73.76981353759766,33.1,104.15384674072266,33.1,79.36096954345703,33.1,82.48421478271484,33.1,79.36985778808594
33.11000000000001,74.29615783691406,33.11,104.01248168945312,33.11,79.91868591308594,33.11,82.48748779296875,33.11000000000001,79.82007598876953
33.120000000000005,74.84845733642578,33.120000000000005,103.88983917236328,33.12,80.50100708007812,33.120000000000005,82.48955535888672,33.120000000000005,80.2637710571289
33.13,75.44332122802734,33.13,103.78507232666016,33.129999999999995,81.09955596923828,33.13,82.49305725097656,33.13,80.70752716064453
33.14,76.01943969726562,33.14,103.6980972290039,33.14,81.68064880371094,33.14,82.49592590332031,33.14,81.14375305175781
33.150000000000006,76.55183410644531,33.150000000000006,103.62101745605467,33.15,82.19315338134766,33.15,82.49916076660156,33.150000000000006,81.55979919433594
33.160000000000004,77.05365753173828,33.160000000000004,103.54071807861328,33.16,82.63884735107422,33.160000000000004,82.50366973876953,33.160000000000004,81.98383331298828
33.17,77.50584411621094,33.17,103.46088409423828,33.17,83.0315933227539,33.17,82.5056381225586,33.17,82.3759994506836
33.18000000000001,77.93180084228516,33.18,103.3823471069336,33.18,83.40940856933594,33.18,82.50735473632812,33.18000000000001,82.7066421508789
33.190000000000005,78.35020446777344,33.190000000000005,103.31426239013672,33.19,83.80194091796875,33.190000000000005,82.5124282836914,33.190000000000005,82.99967193603516
33.2,78.78015899658203,33.2,103.2531509399414,33.2,84.22997283935547,33.2,82.51922607421875,33.2,83.28662109375
33.21,79.2168197631836,33.21,103.1878662109375,33.21,84.67047119140625,33.21,82.52395629882812,33.21,83.57807922363281
33.220000000000006,79.64115905761719,33.220000000000006,103.11878204345705,33.22,85.10147857666016,33.22,82.52757263183594,33.220000000000006,83.89381408691406
33.230000000000004,80.03589630126953,33.230000000000004,103.05152130126952,33.23,85.53490447998047,33.230000000000004,82.53089904785156,33.230000000000004,84.22042846679688
33.24,80.39383697509766,33.24,102.987060546875,33.24,85.9654769897461,33.24,82.53138732910156,33.24,84.56205749511719
33.25,80.7479476928711,33.25,102.92855834960938,33.25,86.36647033691406,33.25,82.53461456298828,33.25,84.89061737060547
33.260000000000005,81.07414245605469,33.260000000000005,102.8816146850586,33.26,86.74848175048828,33.260000000000005,82.535888671875,33.260000000000005,85.22412109375
33.27,81.37442779541016,33.27,102.8414535522461,33.27,87.12976837158203,33.27,82.5379409790039,33.27,85.53825378417969
33.28,81.6746826171875,33.28,102.80411529541016,33.28,87.48135375976562,33.28,82.54043579101562,33.28,85.82505798339844
33.290000000000006,81.96684265136719,33.290000000000006,102.76124572753906,33.29,87.80834197998047,33.29,82.54717254638672,33.290000000000006,86.08258056640625
33.300000000000004,82.25975036621094,33.300000000000004,102.71174621582033,33.3,88.13105773925781,33.300000000000004,82.55245208740234,33.300000000000004,86.32715606689453
33.31,82.56499481201172,33.31,102.66656494140624,33.309999999999995,88.45211029052734,33.31,82.55583953857422,33.31,86.56168365478516
33.32,82.89415740966797,33.32,102.62948608398438,33.32,88.77894592285156,33.32,82.55789947509766,33.32,86.79830932617188
33.330000000000005,83.23030853271484,33.330000000000005,102.60327911376952,33.33,89.11784362792969,33.330000000000005,82.5591049194336,33.330000000000005,87.03684997558594
33.34,83.55223083496094,33.34,102.58880615234376,33.34,89.45831298828125,33.34,82.56132507324219,33.34,87.29756164550781
33.35,83.8486328125,33.35,102.58246612548828,33.35,89.79324340820312,33.35,82.56199645996094,33.35,87.55548858642578
33.36000000000001,84.11788177490234,33.36,102.58024597167967,33.36,90.11646270751952,33.36,82.56131744384766,33.36000000000001,87.7828369140625
33.370000000000005,84.35640716552734,33.370000000000005,102.57105255126952,33.37,90.41802978515624,33.370000000000005,82.55994415283203,33.370000000000005,87.95394897460938
33.38,84.57604217529297,33.38,102.55486297607422,33.379999999999995,90.6929702758789,33.38,82.56015014648438,33.38,88.10755157470703
33.39,84.80061340332031,33.39,102.53331756591795,33.39,90.9345474243164,33.39,82.55876922607422,33.39,88.25108337402344
33.400000000000006,85.01925659179688,33.400000000000006,102.5104522705078,33.4,91.14396667480467,33.4,82.55713653564453,33.400000000000006,88.41014862060547
33.410000000000004,85.2326889038086,33.410000000000004,102.49834442138672,33.41,91.33643341064452,33.410000000000004,82.55448913574219,33.410000000000004,88.56414031982422
33.42,85.42391967773438,33.42,102.49378967285156,33.42,91.52462005615234,33.42,82.54957580566406,33.42,88.7082748413086
33.43000000000001,85.60685729980469,33.43,102.50363159179688,33.43,91.70850372314452,33.43,82.5445327758789,33.43000000000001,88.84410095214844
33.440000000000005,85.79491424560547,33.440000000000005,102.53032684326172,33.44,91.87281799316406,33.440000000000005,82.53650665283203,33.440000000000005,88.9664306640625
33.45,85.98070526123047,33.45,102.5743179321289,33.45,92.01388549804688,33.45,82.52790069580078,33.45,89.0140151977539
33.46,86.16437530517578,33.46,102.62487030029295,33.46,92.1544189453125,33.46,82.51822662353516,33.46,88.99481201171875
33.470000000000006,86.30863952636719,33.470000000000006,102.67754364013672,33.47,92.2945785522461,33.47,82.5078353881836,33.470000000000006,88.9464340209961
33.480000000000004,86.4018325805664,33.480000000000004,102.72162628173828,33.48,92.41837310791016,33.480000000000004,82.49845886230469,33.480000000000004,88.90432739257812
33.49,86.46785736083984,33.49,102.75457763671876,33.49,92.51939392089844,33.49,82.48933410644531,33.49,88.8638687133789
33.5,86.5221939086914,33.5,102.77770233154295,33.5,92.60118865966795,33.5,82.48007202148438,33.5,88.85368347167969
33.510000000000005,86.60144805908203,33.510000000000005,102.79777526855467,33.51,92.66522979736328,33.510000000000005,82.4714584350586,33.510000000000005,88.8788833618164
33.52,86.70915985107422,33.52,102.82176208496094,33.52,92.7219009399414,33.52,82.46158599853516,33.52,88.941650390625
33.53,86.84041595458984,33.53,102.85148620605467,33.53,92.7751007080078,33.53,82.4508056640625,33.53,89.0333251953125
33.540000000000006,86.98269653320312,33.540000000000006,102.88410186767578,33.54,92.81534576416016,33.54,82.43933868408203,33.540000000000006,89.13838958740234
33.550000000000004,87.13103485107422,33.550000000000004,102.91696166992188,33.55,92.857177734375,33.550000000000004,82.42826080322266,33.550000000000004,89.24678802490234
33.56,87.27350616455078,33.56,102.95051574707033,33.559999999999995,92.90902709960938,33.56,82.4156723022461,33.56,89.35124206542969
33.57,87.40069580078125,33.57,102.98625183105467,33.57,92.9667510986328,33.57,82.4045181274414,33.57,89.4385986328125
33.580000000000005,87.5135269165039,33.580000000000005,103.02234649658205,33.58,93.02256774902344,33.580000000000005,82.39583587646484,33.580000000000005,89.5146255493164
33.59,87.60183715820312,33.59,103.0569839477539,33.59,93.0630874633789,33.59,82.38311004638672,33.59,89.58675384521484
33.6,87.67459106445312,33.6,103.08963775634766,33.6,93.07720184326172,33.6,82.3745346069336,33.6,89.66539001464844
33.61000000000001,87.73300170898438,33.61,103.12064361572266,33.61,93.06575012207033,33.61,82.36486053466797,33.61000000000001,89.74365997314453
33.620000000000005,87.7883071899414,33.620000000000005,103.14710998535156,33.62,93.0519790649414,33.620000000000005,82.355712890625,33.620000000000005,89.8025131225586
33.63,87.83566284179688,33.63,103.170166015625,33.629999999999995,93.04527282714844,33.63,82.34790802001953,33.63,89.84245300292969
33.64,87.8908462524414,33.64,103.19132232666016,33.64,93.0430908203125,33.64,82.33826446533203,33.64,89.8705825805664
33.650000000000006,87.96076202392578,33.650000000000006,103.21729278564452,33.65,93.03854370117188,33.65,82.33072662353516,33.650000000000006,89.89574432373047
33.660000000000004,88.03192138671875,33.660000000000004,103.2591323852539,33.66,93.02238464355467,33.660000000000004,82.32255554199219,33.660000000000004,89.91573333740234
33.67,88.10467529296875,33.67,103.30542755126952,33.67,92.99642181396484,33.67,82.31515502929688,33.67,89.9307632446289
33.68000000000001,88.17574310302734,33.68,103.33484649658205,33.68,92.95687866210938,33.68,82.31139373779297,33.68000000000001,89.93596649169922
33.690000000000005,88.24729919433594,33.690000000000005,103.3535385131836,33.69,92.91071319580078,33.690000000000005,82.3092041015625,33.690000000000005,89.929443359375
33.7,88.30977630615234,33.7,103.35496520996094,33.7,92.87481689453124,33.7,82.31082153320312,33.7,89.9175033569336
33.71,88.36993408203125,33.71,103.35198211669922,33.71,92.8691864013672,33.71,82.31187438964844,33.71,89.90071868896484
33.720000000000006,88.43479919433594,33.720000000000006,103.34767150878906,33.72,92.8874969482422,33.72,82.31277465820312,33.720000000000006,89.87435150146484
33.730000000000004,88.50579071044922,33.730000000000004,103.34368133544922,33.73,92.91847229003906,33.730000000000004,82.31763458251953,33.730000000000004,89.82988739013672
33.74,88.57490539550781,33.74,103.33604431152344,33.74,92.93456268310548,33.74,82.3228759765625,33.74,89.77436828613281
33.75,88.63920593261719,33.75,103.32412719726562,33.75,92.9423370361328,33.75,82.32971954345703,33.75,89.71561431884766
33.760000000000005,88.70045471191406,33.760000000000005,103.30573272705078,33.76,92.9542007446289,33.760000000000005,82.33589935302734,33.760000000000005,89.66377258300781
33.77,88.76483154296875,33.77,103.28221893310548,33.77,92.97526550292967,33.77,82.3442611694336,33.77,89.62938690185547
33.78,88.82420349121094,33.78,103.25852966308594,33.78,93.00115203857422,33.78,82.35353088378906,33.78,89.59107971191406
33.790000000000006,88.88641357421875,33.790000000000006,103.23587036132812,33.79,93.02693176269533,33.79,82.36016082763672,33.790000000000006,89.5573959350586
33.800000000000004,88.9576416015625,33.800000000000004,103.21646118164062,33.8,93.05184173583984,33.800000000000004,82.36543273925781,33.800000000000004,89.51335144042969
33.81,89.02783203125,33.81,103.2004623413086,33.809999999999995,93.07344818115234,33.81,82.36958312988281,33.81,89.46870422363281
33.82,89.09318542480469,33.82,103.17677307128906,33.82,93.1040496826172,33.82,82.3736572265625,33.82,89.43368530273438
33.830000000000005,89.15596008300781,33.830000000000005,103.15020751953124,33.83,93.15424346923828,33.830000000000005,82.37805938720703,33.830000000000005,89.38477325439453
33.84,89.21788787841797,33.84,103.1242904663086,33.84,93.2054672241211,33.84,82.38152313232422,33.84,89.3579330444336
33.85,89.27201843261719,33.85,103.0969696044922,33.85,93.24918365478516,33.85,82.384765625,33.85,89.32667541503906
33.86000000000001,89.31806945800781,33.86,103.0692367553711,33.86,93.27865600585938,33.86,82.38916778564453,33.86000000000001,89.28813171386719
33.870000000000005,89.36469268798828,33.870000000000005,103.03483581542967,33.87,93.30835723876952,33.870000000000005,82.3943862915039,33.870000000000005,89.25186157226562
33.88,89.4187240600586,33.88,102.99727630615234,33.879999999999995,93.35194396972656,33.88,82.39900970458984,33.88,89.21823120117188
33.89,89.47209930419922,33.89,102.9529037475586,33.89,93.40904998779295,33.89,82.40265655517578,33.89,89.1811294555664
33.900000000000006,89.52155303955078,33.900000000000006,102.9129409790039,33.9,93.47754669189452,33.9,82.40705108642578,33.900000000000006,89.14188385009766
33.910000000000004,89.56490325927734,33.910000000000004,102.87744140625,33.91,93.5460433959961,33.910000000000004,82.41271209716797,33.910000000000004,89.09319305419922
33.92,89.61638641357422,33.92,102.84654998779295,33.92,93.59944152832033,33.92,82.41639709472656,33.92,89.0508041381836
33.93000000000001,89.66471862792969,33.93,102.82074737548828,33.93,93.63529205322266,33.93,82.41820526123047,33.93000000000001,89.01065826416016
33.940000000000005,89.70082092285156,33.940000000000005,102.80213165283205,33.94,93.65709686279295,33.940000000000005,82.41863250732422,33.940000000000005,88.95767211914062
33.95,89.7254409790039,33.95,102.78443145751952,33.95,93.67827606201172,33.95,82.4192123413086,33.95,88.89500427246094
33.96,89.74273681640625,33.96,102.76652526855467,33.96,93.69597625732422,33.96,82.41902923583984,33.96,88.83209991455078
33.970000000000006,89.75679779052734,33.970000000000006,102.74826049804688,33.97,93.70899963378906,33.97,82.4168930053711,33.970000000000006,88.76866149902344
33.980000000000004,89.76763153076172,33.980000000000004,102.73399353027344,33.98,93.72199249267578,33.980000000000004,82.41484832763672,33.980000000000004,88.70938873291016
33.99,89.76791381835938,33.99,102.72298431396484,33.99,93.72571563720705,33.99,82.41297149658203,33.99,88.65625
34.0,89.77066802978516,34.0,102.70785522460938,34.0,93.71622467041016,34.0,82.41050720214844,34.0,88.60641479492188
34.010000000000005,89.77426147460938,34.010000000000005,102.6942138671875,34.01,93.70011138916016,34.010000000000005,82.4082260131836,34.010000000000005,88.55680847167969
34.02,89.77632904052734,34.02,102.68743133544922,34.02,93.6813735961914,34.02,82.4070053100586,34.02,88.50686645507812
34.03,89.7757339477539,34.03,102.67848205566406,34.03,93.66995239257812,34.03,82.4051284790039,34.03,88.45683288574219
34.040000000000006,89.78275299072266,34.040000000000006,102.66796112060548,34.04,93.66388702392578,34.04,82.40422058105469,34.040000000000006,88.4049301147461
34.050000000000004,89.79275512695312,34.050000000000004,102.65699005126952,34.05,93.66480255126952,34.050000000000004,82.40443420410156,34.050000000000004,88.35525512695312
34.06,89.79361724853516,34.06,102.64431762695312,34.059999999999995,93.67652130126952,34.06,82.40399169921875,34.06,88.30493927001953
34.07,89.79180145263672,34.07,102.63047790527344,34.07,93.68932342529295,34.07,82.404541015625,34.07,88.25553131103516
34.080000000000005,89.78582763671875,34.080000000000005,102.61431884765624,34.08,93.68844604492188,34.080000000000005,82.4039535522461,34.080000000000005,88.21591186523438
34.09,89.77468872070312,34.09,102.59712982177734,34.09,93.6739501953125,34.09,82.40309143066406,34.09,88.17620086669922
34.1,89.76172637939453,34.1,102.5779266357422,34.1,93.64312744140624,34.1,82.40372467041016,34.1,88.13523864746094
34.11000000000001,89.74884033203125,34.11,102.55696105957033,34.11,93.60875701904295,34.11,82.4046859741211,34.11000000000001,88.09534454345703
34.120000000000005,89.74563598632812,34.120000000000005,102.53606414794922,34.12,93.57901000976562,34.120000000000005,82.40206146240234,34.120000000000005,88.05950164794922
34.13,89.74779510498047,34.13,102.5105972290039,34.129999999999995,93.56382751464844,34.13,82.40705108642578,34.13,88.03214263916016
34.14,89.7506332397461,34.14,102.48506927490234,34.14,93.56673431396484,34.14,82.40987396240234,34.14,87.99960327148438
34.150000000000006,89.75641632080078,34.150000000000006,102.45958709716795,34.15,93.58558654785156,34.15,82.41635131835938,34.150000000000006,87.94851684570312
34.160000000000004,89.76041412353516,34.160000000000004,102.4345932006836,34.16,93.60919952392578,34.160000000000004,82.42452239990234,34.160000000000004,87.88253784179688
34.17,89.77168273925781,34.17,102.40950775146484,34.17,93.62629699707033,34.17,82.43207550048828,34.17,87.8075942993164
34.18000000000001,89.7853775024414,34.18,102.39044189453124,34.18,93.64031982421876,34.18,82.43939208984375,34.18000000000001,87.73632049560547
34.190000000000005,89.78673553466797,34.190000000000005,102.37457275390624,34.19,93.6540756225586,34.190000000000005,82.44522857666016,34.190000000000005,87.67493438720703
34.2,89.7679443359375,34.2,102.3586883544922,34.2,93.6583023071289,34.2,82.45001983642578,34.2,87.61817932128906
34.21,89.73796081542969,34.21,102.3441162109375,34.21,93.6515884399414,34.21,82.4546127319336,34.21,87.55310821533203
34.220000000000006,89.70481872558594,34.220000000000006,102.33036041259766,34.22,93.6316375732422,34.22,82.4595947265625,34.220000000000006,87.47640228271484
34.230000000000004,89.66234588623047,34.230000000000004,102.31700134277344,34.23,93.6046371459961,34.230000000000004,82.46149444580078,34.230000000000004,87.39906311035156
34.24,89.61526489257812,34.24,102.30243682861328,34.24,93.5717544555664,34.24,82.46248626708984,34.24,87.32754516601562
34.25,89.56939697265625,34.25,102.28614044189452,34.25,93.53704833984376,34.25,82.46350860595703,34.25,87.26210021972656
34.260000000000005,89.52275085449219,34.260000000000005,102.26879119873048,34.26,93.5036163330078,34.260000000000005,82.46307373046875,34.260000000000005,87.19483947753906
34.27,89.4716567993164,34.27,102.2549285888672,34.27,93.47267150878906,34.27,82.46278381347656,34.27,87.12820434570312
34.28,89.41788482666016,34.28,102.24337768554688,34.28,93.43766021728516,34.28,82.46282196044922,34.28,87.0703125
34.290000000000006,89.36825561523438,34.290000000000006,102.23275756835938,34.29,93.39881896972656,34.29,82.46272277832031,34.290000000000006,87.02286529541016
34.300000000000004,89.33196258544922,34.300000000000004,102.21833801269533,34.3,93.36996459960938,34.300000000000004,82.46308898925781,34.300000000000004,86.98116302490234
34.31,89.30460357666016,34.31,102.19921112060548,34.309999999999995,93.35719299316406,34.31,82.46527862548828,34.31,86.94038391113281
34.32,89.28251647949219,34.32,102.17703247070312,34.32,93.34561920166016,34.32,82.46456909179688,34.32,86.89540100097656
34.330000000000005,89.2692642211914,34.330000000000005,102.15260314941406,34.33,93.32705688476562,34.330000000000005,82.46454620361328,34.330000000000005,86.84258270263672
34.34,89.26146697998047,34.34,102.12957000732422,34.34,93.30078125,34.34,82.46376037597656,34.34,86.7838363647461
34.35,89.25078582763672,34.35,102.10675811767578,34.35,93.27708435058594,34.35,82.46257019042969,34.35,86.7226791381836
34.36000000000001,89.23958587646484,34.36,102.08425903320312,34.36,93.26107025146484,34.36,82.46012878417969,34.36000000000001,86.66529083251953
34.370000000000005,89.22843170166016,34.370000000000005,102.0611343383789,34.37,93.24791717529295,34.370000000000005,82.45716094970703,34.370000000000005,86.61235046386719
34.38,89.21907806396484,34.38,102.0347900390625,34.379999999999995,93.23512268066406,34.38,82.45548248291016,34.38,86.56075286865234
34.39,89.2083511352539,34.39,102.00105285644533,34.39,93.21791076660156,34.39,82.45199584960938,34.39,86.50533294677734
34.400000000000006,89.19548034667969,34.400000000000006,101.96398162841795,34.4,93.19615936279295,34.4,82.449462890625,34.400000000000006,86.43907165527344
34.410000000000004,89.17872619628906,34.410000000000004,101.93081665039062,34.41,93.17072296142578,34.410000000000004,82.44522094726562,34.410000000000004,86.36644744873047
34.42,89.16645050048828,34.42,101.90222930908205,34.42,93.14500427246094,34.42,82.43878173828125,34.42,86.28327178955078
34.43000000000001,89.15526580810547,34.43,101.87513732910156,34.43,93.11095428466795,34.43,82.43338775634766,34.43000000000001,86.18362426757812
34.440000000000005,89.13841247558594,34.440000000000005,101.84362030029295,34.44,93.06553649902344,34.440000000000005,82.42658233642578,34.440000000000005,86.06517028808594
34.45,89.1168212890625,34.45,101.80796813964844,34.45,93.00989532470705,34.45,82.41922760009766,34.45,85.92506408691406
34.46,89.08757781982422,34.46,101.7720947265625,34.46,92.9477996826172,34.46,82.41194915771484,34.46,85.77086639404297
34.470000000000006,89.04505157470703,34.470000000000006,101.7339096069336,34.47,92.87870025634766,34.47,82.40422058105469,34.470000000000006,85.5976791381836
34.480000000000004,88.98835754394531,34.480000000000004,101.68961334228516,34.48,92.79486846923828,34.480000000000004,82.39778900146484,34.480000000000004,85.39955139160156
34.49,88.91967010498047,34.49,101.64068603515624,34.49,92.69466400146484,34.49,82.39179992675781,34.49,85.17784881591797
34.5,88.84618377685547,34.5,101.5848159790039,34.5,92.58759307861328,34.5,82.38726806640625,34.5,84.93742370605469
34.510000000000005,88.77254486083984,34.510000000000005,101.52137756347656,34.51,92.47905731201172,34.510000000000005,82.38113403320312,34.510000000000005,84.68751525878906
34.52,88.69733428955078,34.52,101.4569854736328,34.52,92.34483337402344,34.52,82.38116455078125,34.52,84.42838287353516
34.53,88.62749481201172,34.53,101.39622497558594,34.53,92.17501068115234,34.53,82.38064575195312,34.53,84.15554809570312
34.540000000000006,88.54230499267578,34.540000000000006,101.34796142578124,34.54,91.99118041992188,34.54,82.3855209350586,34.540000000000006,83.86589050292969
34.550000000000004,88.4401626586914,34.550000000000004,101.3101043701172,34.55,91.79379272460938,34.550000000000004,82.38544464111328,34.550000000000004,83.58080291748047
34.56,88.3245849609375,34.56,101.27574920654295,34.559999999999995,91.56238555908205,34.56,82.38987731933594,34.56,83.27324676513672
34.57,88.1993408203125,34.57,101.23487854003906,34.57,91.28412628173828,34.57,82.39404296875,34.57,82.95409393310547
34.580000000000005,88.04106140136719,34.580000000000005,101.20893096923828,34.58,90.99684143066406,34.580000000000005,82.39534759521484,34.580000000000005,82.640625
34.59,87.83157348632812,34.59,101.194580078125,34.59,90.7263412475586,34.59,82.39604949951172,34.59,82.31295013427734
34.6,87.5893325805664,34.6,101.18659210205078,34.6,90.46903228759766,34.6,82.39348602294922,34.6,81.95632934570312
34.61000000000001,87.3160629272461,34.61,101.17698669433594,34.61,90.20205688476562,34.61,82.39002990722656,34.61000000000001,81.58789825439453
34.620000000000005,87.00132751464844,34.620000000000005,101.1664047241211,34.62,89.91085052490234,34.620000000000005,82.38426971435547,34.620000000000005,81.20155334472656
34.63,86.6408462524414,34.63,101.16290283203124,34.629999999999995,89.59578704833984,34.63,82.37725830078125,34.63,80.79093933105469
34.64,86.23982238769531,34.64,101.16665649414062,34.64,89.25100708007812,34.64,82.36865997314453,34.64,80.36662292480469
34.650000000000006,85.8111801147461,34.650000000000006,101.19243621826172,34.65,88.89313507080078,34.65,82.35791778564453,34.650000000000006,79.93274688720703
34.660000000000004,85.3617935180664,34.660000000000004,101.23274993896484,34.66,88.53277587890625,34.660000000000004,82.34842681884766,34.660000000000004,79.46886444091797
34.67,84.91365051269531,34.67,101.2790298461914,34.67,88.17759704589844,34.67,82.33891296386719,34.67,78.94866180419922
34.68000000000001,84.47888946533203,34.68,101.32952880859376,34.68,87.82301330566406,34.68,82.32848358154297,34.68000000000001,78.34723663330078
34.690000000000005,84.05949401855469,34.690000000000005,101.38639831542967,34.69,87.46395111083984,34.690000000000005,82.31790161132812,34.690000000000005,77.66934204101562
34.7,83.6236343383789,34.7,101.44445037841795,34.7,87.09159851074219,34.7,82.30744934082031,34.7,76.9344253540039
34.71,83.14415740966797,34.71,101.50334167480467,34.71,86.68537139892578,34.71,82.3007583618164,34.71,76.1819076538086
34.720000000000006,82.64067840576172,34.720000000000006,101.55941009521484,34.72,86.23915100097656,34.72,82.2939224243164,34.720000000000006,75.45770263671875
34.730000000000004,82.11363983154297,34.730000000000004,101.6185302734375,34.73,85.75462341308594,34.730000000000004,82.28903198242188,34.730000000000004,74.74761199951172
34.74,81.5473403930664,34.74,101.6670150756836,34.74,85.25669860839844,34.74,82.28640747070312,34.74,74.06399536132812
34.75,80.94359588623047,34.75,101.69226837158205,34.75,84.76399230957031,34.75,82.28186798095703,34.75,73.38732147216797
34.760000000000005,80.29325103759766,34.760000000000005,101.72884368896484,34.76,84.27542877197266,34.760000000000005,82.27730560302734,34.760000000000005,72.69230651855469
34.77,79.61856079101562,34.77,101.77633666992188,34.77,83.75996398925781,34.77,82.27313232421875,34.77,71.95587921142578
34.78,78.94921112060547,34.78,101.81371307373048,34.78,83.18602752685547,34.78,82.27841186523438,34.78,71.16373443603516
34.790000000000006,78.27206420898438,34.790000000000006,101.80421447753906,34.79,82.54611206054688,34.79,82.30065155029297,34.790000000000006,70.34178924560547
34.800000000000004,77.55013275146484,34.800000000000004,101.7488250732422,34.8,81.8194580078125,34.800000000000004,82.34021759033203,34.800000000000004,69.55174255371094
34.81,76.78349304199219,34.81,101.68124389648438,34.809999999999995,81.02207946777344,34.81,82.3927001953125,34.81,68.80924987792969
34.82,75.99616241455078,34.82,101.64168548583984,34.82,80.17184448242188,34.82,82.46411895751953,34.82,68.12319946289062
34.830000000000005,75.17556762695312,34.830000000000005,101.649658203125,34.83,79.26586151123047,34.830000000000005,82.54927062988281,34.830000000000005,67.54093933105469
34.84,74.31011199951172,34.84,101.68875122070312,34.84,78.32942199707031,34.84,82.64413452148438,34.84,67.07925415039062
34.85,73.43570709228516,34.85,101.77664184570312,34.85,77.42317962646484,34.85,82.74299621582031,34.85,66.72036743164062
34.86000000000001,72.5846939086914,34.86,101.86642456054688,34.86,76.58026123046875,34.86,82.83162689208984,34.86000000000001,66.36663818359375
34.870000000000005,71.80705261230469,34.870000000000005,101.95651245117188,34.87,75.79923248291016,34.870000000000005,82.89159393310547,34.870000000000005,65.9272689819336
34.88,71.12239837646484,34.88,102.05498504638672,34.879999999999995,75.04724884033203,34.88,82.93653869628906,34.88,65.37745666503906
34.89,70.49951171875,34.89,102.1451644897461,34.89,74.2966537475586,34.89,82.98178100585938,34.89,64.72071075439453
34.900000000000006,69.83297729492188,34.900000000000006,102.25757598876952,34.9,73.50945281982422,34.9,83.03800964355469,34.900000000000006,64.009765625
34.910000000000004,69.05795288085938,34.910000000000004,102.41390991210938,34.91,72.65901947021484,34.910000000000004,83.12015533447266,34.910000000000004,63.31674575805664
34.92,68.146240234375,34.92,102.60606384277344,34.92,71.78975677490234,34.92,83.22488403320312,34.92,62.68626403808594
34.93000000000001,67.1486587524414,34.93,102.80206298828124,34.93,70.93603515625,34.93,83.3376235961914,34.93000000000001,62.15177917480469
34.940000000000005,66.13502502441406,34.940000000000005,102.97795104980467,34.94,70.10008239746094,34.940000000000005,83.4696273803711,34.940000000000005,61.67816162109375
34.95,65.1700210571289,34.95,103.15227508544922,34.95,69.2850112915039,34.95,83.61265563964844,34.95,61.24760818481445
34.96,64.30986022949219,34.96,103.3305435180664,34.96,68.47901153564453,34.96,83.7440414428711,34.96,60.82647705078125
34.970000000000006,63.55380630493164,34.970000000000006,103.49811553955078,34.97,67.6845932006836,34.97,83.83647155761719,34.970000000000006,60.34986877441406
34.980000000000004,62.842552185058594,34.980000000000004,103.6870574951172,34.98,66.87361145019531,34.980000000000004,83.87860107421875,34.980000000000004,59.86723327636719
34.99,62.12736892700195,34.99,103.9247817993164,34.99,65.97196960449219,34.99,83.87071228027344,34.99,59.37541198730469
35.0,61.369285583496094,35.0,104.19596862792967,35.0,65.00981140136719,35.0,83.84922790527344,35.0,58.901634216308594
35.010000000000005,60.56917953491211,35.010000000000005,104.45018768310548,35.01,64.05455017089844,35.010000000000005,83.82793426513672,35.010000000000005,58.47316360473633
35.02,59.74245071411133,35.02,104.66691589355467,35.02,63.17337417602539,35.02,83.81654357910156,35.02,58.09678649902344
35.03,58.90258407592773,35.03,104.89239501953124,35.03,62.32249450683594,35.03,83.79997253417969,35.03,57.7942008972168
35.040000000000006,58.06258010864258,35.040000000000006,105.14022827148438,35.04,61.46297836303711,35.04,83.76530456542969,35.040000000000006,57.58900451660156
35.050000000000004,57.18765258789063,35.050000000000004,105.37060546875,35.05,60.60593032836914,35.050000000000004,83.73712158203125,35.050000000000004,57.496700286865234
35.06,56.24160385131836,35.06,105.56135559082033,35.059999999999995,59.7990608215332,35.06,83.7236328125,35.06,57.45228958129883
35.07,55.26654815673828,35.07,105.69310760498048,35.07,58.99440383911133,35.07,83.7101821899414,35.07,57.36112594604492
35.080000000000005,54.32124710083008,35.080000000000005,105.80702209472656,35.08,58.17261505126953,35.080000000000005,83.69434356689453,35.080000000000005,57.166751861572266
35.09,53.40803146362305,35.09,105.9351577758789,35.09,57.326751708984375,35.09,83.67003631591797,35.09,56.86614990234375
35.1,52.52083587646485,35.1,106.07086944580078,35.1,56.4476318359375,35.1,83.64244079589844,35.1,56.50591659545898
35.11000000000001,51.63810348510742,35.11,106.21088409423828,35.11,55.54110336303711,35.11,83.62223052978516,35.11000000000001,56.16974639892578
35.120000000000005,50.76688766479492,35.120000000000005,106.32463073730467,35.12,54.65694046020508,35.120000000000005,83.61011505126953,35.120000000000005,55.91079330444336
35.13,49.90465927124024,35.13,106.42086029052734,35.129999999999995,53.79510498046875,35.13,83.60335540771484,35.13,55.711647033691406
35.14,49.06134033203125,35.14,106.49291229248048,35.14,52.95109939575195,35.14,83.59990692138672,35.14,55.5100212097168
35.150000000000006,48.25526428222656,35.150000000000006,106.53761291503906,35.15,52.13454055786133,35.15,83.6020736694336,35.150000000000006,55.21967315673828
35.160000000000004,47.48490905761719,35.160000000000004,106.54928588867188,35.16,51.33833694458008,35.160000000000004,83.61128997802734,35.160000000000004,54.81568145751953
35.17,46.71857452392578,35.17,106.5303955078125,35.17,50.56034469604492,35.17,83.62616729736328,35.17,54.33288192749024
35.18000000000001,45.92068862915039,35.18,106.4961929321289,35.18,49.792964935302734,35.18,83.6473388671875,35.18000000000001,53.82926559448242
35.190000000000005,45.09324645996094,35.190000000000005,106.46859741210938,35.19,49.02385330200195,35.190000000000005,83.67479705810547,35.190000000000005,53.330108642578125
35.2,44.25878143310547,35.2,106.44903564453124,35.2,48.27886199951172,35.2,83.71204376220703,35.2,52.83930969238281
35.21,43.4345817565918,35.21,106.4261474609375,35.21,47.56787109375,35.21,83.7618408203125,35.21,52.4001579284668
35.220000000000006,42.67022705078125,35.220000000000006,106.38457489013672,35.22,46.882545471191406,35.22,83.81539916992188,35.220000000000006,52.028900146484375
35.230000000000004,41.96649932861328,35.230000000000004,106.3298797607422,35.23,46.21598052978516,35.230000000000004,83.86373901367188,35.230000000000004,51.71004486083984
35.24,41.29190444946289,35.24,106.2796859741211,35.24,45.56448745727539,35.24,83.90716552734375,35.24,51.41887283325195
35.25,40.613399505615234,35.25,106.23690032958984,35.25,44.91016006469727,35.25,83.95429229736328,35.25,51.11831283569336
35.260000000000005,39.92390060424805,35.260000000000005,106.1910171508789,35.26,44.22597503662109,35.260000000000005,84.00785064697266,35.260000000000005,50.82022857666016
35.27,39.24143600463867,35.27,106.14631652832033,35.27,43.51045227050781,35.27,84.0660171508789,35.27,50.527137756347656
35.28,38.59173583984375,35.28,106.09613800048828,35.28,42.81193923950195,35.28,84.13176727294922,35.28,50.237586975097656
35.290000000000006,37.97428131103516,35.290000000000006,106.03414154052734,35.29,42.147762298583984,35.29,84.20755767822266,35.290000000000006,49.97828674316406
35.300000000000004,37.36104202270508,35.300000000000004,105.95665740966795,35.3,41.53286743164063,35.300000000000004,84.28380584716797,35.300000000000004,49.754913330078125
35.31,36.73225021362305,35.31,105.86939239501952,35.309999999999995,40.93946838378906,35.31,84.3513412475586,35.31,49.59326171875
35.32,36.0870361328125,35.32,105.77088165283205,35.32,40.352481842041016,35.32,84.4087905883789,35.32,49.44923782348633
35.330000000000005,35.42960357666016,35.330000000000005,105.66771697998048,35.33,39.75201034545898,35.330000000000005,84.4520263671875,35.330000000000005,49.2763557434082
35.34,34.76397705078125,35.34,105.56178283691406,35.34,39.12934112548828,35.34,84.47594451904297,35.34,49.09745788574219
35.35,34.08589172363281,35.35,105.46155548095705,35.35,38.4892578125,35.35,84.48680877685547,35.35,48.94728088378906
35.36000000000001,33.423099517822266,35.36,105.3704833984375,35.36,37.85503005981445,35.36,84.4969711303711,35.36000000000001,48.81223678588867
35.370000000000005,32.76841735839844,35.370000000000005,105.27898406982422,35.37,37.240272521972656,35.370000000000005,84.5078125,35.370000000000005,48.73266220092773
35.38,32.11565017700195,35.38,105.20040893554688,35.379999999999995,36.64270782470703,35.38,84.51104736328125,35.38,48.781036376953125
35.39,31.46674537658692,35.39,105.12467956542967,35.39,36.07309722900391,35.39,84.51049041748047,35.39,48.95873641967773
35.400000000000006,30.81234359741211,35.400000000000006,105.05160522460938,35.4,35.50468063354492,35.4,84.51812744140625,35.400000000000006,49.251220703125
35.410000000000004,30.16860580444336,35.410000000000004,104.96159362792967,35.41,34.917320251464844,35.410000000000004,84.5285873413086,35.410000000000004,49.6152572631836
35.42,29.5329647064209,35.42,104.84344482421876,35.42,34.31496810913086,35.42,84.54119873046875,35.42,49.99099349975586
35.43000000000001,28.902559280395508,35.43,104.6923828125,35.43,33.693511962890625,35.43,84.54515838623047,35.43000000000001,50.32312774658203
35.440000000000005,28.280122756958008,35.440000000000005,104.54791259765624,35.44,33.05435562133789,35.440000000000005,84.53339385986328,35.440000000000005,50.59519958496094
35.45,27.68173217773437,35.45,104.4245147705078,35.45,32.4228515625,35.45,84.51789855957031,35.45,50.8002815246582
35.46,27.09693717956543,35.46,104.31072998046876,35.46,31.816394805908203,35.46,84.49761962890625,35.46,50.9952278137207
35.470000000000006,26.526756286621094,35.470000000000006,104.21065521240234,35.47,31.23934364318848,35.47,84.48302459716797,35.470000000000006,51.26731491088867
35.480000000000004,25.95113945007324,35.480000000000004,104.11527252197266,35.48,30.68278312683105,35.480000000000004,84.48387145996094,35.480000000000004,51.63838577270508
35.49,25.374357223510746,35.49,104.013427734375,35.49,30.145483016967773,35.49,84.4932632446289,35.49,52.1074104309082
35.5,24.80098533630371,35.5,103.89453125,35.5,29.624401092529297,35.5,84.5120620727539,35.5,52.63019943237305
35.510000000000005,24.23259353637696,35.510000000000005,103.75472259521484,35.51,29.11003875732422,35.510000000000005,84.5259780883789,35.510000000000005,53.15165328979492
35.52,23.683666229248047,35.52,103.59933471679688,35.52,28.583606719970703,35.52,84.52339172363281,35.52,53.65674591064453
35.53,23.170223236083984,35.53,103.44342803955078,35.53,28.04261016845703,35.53,84.51097869873047,35.53,54.15085220336914
35.540000000000006,22.657058715820312,35.540000000000006,103.29834747314452,35.54,27.498998641967773,35.54,84.50042724609375,35.540000000000006,54.67706680297852
35.550000000000004,22.131635665893555,35.550000000000004,103.1526336669922,35.55,26.956642150878903,35.550000000000004,84.49173736572266,35.550000000000004,55.28907012939453
35.56,21.608539581298828,35.56,102.99846649169922,35.559999999999995,26.413833618164062,35.56,84.49234008789062,35.56,55.97942733764648
35.57,21.08525657653809,35.57,102.85142517089844,35.57,25.890031814575195,35.57,84.49395751953125,35.57,56.71917343139648
35.580000000000005,20.55039405822754,35.580000000000005,102.72502899169922,35.58,25.369016647338867,35.580000000000005,84.4999008178711,35.580000000000005,57.47676849365234
35.59,20.01631736755371,35.59,102.6017608642578,35.59,24.8320369720459,35.59,84.52215576171875,35.59,58.25350570678711
35.6,19.4907283782959,35.6,102.45967864990234,35.6,24.29647254943848,35.6,84.55573272705078,35.6,59.04485702514648
35.61000000000001,18.976337432861328,35.61,102.31089782714844,35.61,23.746644973754883,35.61,84.58210754394531,35.61000000000001,59.7950439453125
35.620000000000005,18.476192474365234,35.620000000000005,102.17271423339844,35.62,23.17905235290528,35.620000000000005,84.59854888916016,35.620000000000005,60.476356506347656
35.63,17.9847354888916,35.63,102.0409164428711,35.629999999999995,22.59319305419922,35.63,84.61306762695312,35.63,61.125396728515625
35.64,17.52085304260254,35.64,101.91358184814452,35.64,22.010820388793945,35.64,84.62997436523438,35.64,61.78847503662109
35.650000000000006,17.08488655090332,35.650000000000006,101.8031234741211,35.65,21.44140625,35.65,84.6465835571289,35.650000000000006,62.49683380126953
35.660000000000004,16.684640884399414,35.660000000000004,101.70635986328124,35.66,20.895999908447266,35.660000000000004,84.66311645507812,35.660000000000004,63.23373794555664
35.67,16.31529426574707,35.67,101.60802459716795,35.67,20.393386840820312,35.67,84.677978515625,35.67,63.989505767822266
35.68000000000001,15.957764625549316,35.68,101.50341033935548,35.68,19.991661071777344,35.68,84.68268585205078,35.68000000000001,64.73865509033203
35.690000000000005,15.59421730041504,35.690000000000005,101.40779876708984,35.69,19.68433952331543,35.690000000000005,84.67256927490234,35.690000000000005,65.45403289794922
35.7,15.246088027954102,35.7,101.32442474365234,35.7,19.382442474365234,35.7,84.65594482421875,35.7,66.12501525878906
35.71,14.940778732299805,35.71,101.2448272705078,35.71,19.096548080444336,35.71,84.64043426513672,35.71,66.75177001953125
35.720000000000006,14.662529945373535,35.720000000000006,101.16153717041016,35.72,18.833139419555664,35.72,84.63275146484375,35.720000000000006,67.37171173095703
35.730000000000004,14.414864540100098,35.730000000000004,101.07164001464844,35.73,18.5546989440918,35.730000000000004,84.6318588256836,35.730000000000004,68.07154846191406
35.74,14.215622901916504,35.74,100.98213958740234,35.74,18.25320816040039,35.74,84.6282958984375,35.74,68.88534545898438
35.75,14.046501159667969,35.75,100.89783477783205,35.75,17.95014762878418,35.75,84.61676788330078,35.75,69.78977966308594
35.760000000000005,13.918967247009276,35.760000000000005,100.81490325927734,35.76,17.684432983398438,35.760000000000005,84.59559631347656,35.760000000000005,70.71520233154297
35.77,13.799328804016112,35.77,100.74675750732422,35.77,17.46290397644043,35.77,84.5715103149414,35.77,71.57867431640625
35.78,13.657631874084473,35.78,100.69522857666016,35.78,17.273035049438477,35.78,84.55331420898438,35.78,72.35501098632812
35.790000000000006,13.50400733947754,35.790000000000006,100.642822265625,35.79,17.120943069458008,35.79,84.54238891601562,35.790000000000006,73.04155731201172
35.800000000000004,13.361571311950684,35.800000000000004,100.56634521484376,35.8,16.97002601623535,35.800000000000004,84.52385711669922,35.800000000000004,73.65916442871094
35.81,13.244735717773438,35.81,100.4866180419922,35.809999999999995,16.794212341308594,35.81,84.49492645263672,35.81,74.25772857666016
35.82,13.158187866210938,35.82,100.42649841308594,35.82,16.5960750579834,35.82,84.46039581298828,35.82,74.85738372802734
35.830000000000005,13.098361015319824,35.830000000000005,100.37555694580078,35.83,16.38530731201172,35.830000000000005,84.42715454101562,35.830000000000005,75.48675537109375
35.84,13.040997505187988,35.84,100.32737731933594,35.84,16.194692611694336,35.84,84.3939437866211,35.84,76.13469696044922
35.85,12.958638191223145,35.85,100.28572082519533,35.85,16.020151138305664,35.85,84.36390686035156,35.85,76.78093719482422
35.86000000000001,12.847834587097168,35.86,100.23603057861328,35.86,15.846914291381836,35.86,84.34454345703125,35.86000000000001,77.41345977783203
35.870000000000005,12.73599910736084,35.870000000000005,100.180419921875,35.87,15.662107467651367,35.870000000000005,84.33377838134766,35.870000000000005,78.01787567138672
35.88,12.635135650634766,35.88,100.12372589111328,35.879999999999995,15.46273422241211,35.88,84.32083129882812,35.88,78.6060791015625
35.89,12.531518936157228,35.89,100.07329559326172,35.89,15.247552871704102,35.89,84.3083724975586,35.89,79.16494750976562
35.900000000000006,12.43919849395752,35.900000000000006,100.01947784423828,35.9,15.028209686279297,35.9,84.2981185913086,35.900000000000006,79.66571044921875
35.910000000000004,12.345287322998049,35.910000000000004,99.9499053955078,35.91,14.799844741821287,35.910000000000004,84.28868103027344,35.910000000000004,80.14066314697266
35.92,12.227015495300291,35.92,99.87286376953124,35.92,14.54075813293457,35.92,84.27350616455078,35.92,80.63322448730469
35.93000000000001,12.085531234741213,35.93,99.79215240478516,35.93,14.249589920043944,35.93,84.2550277709961,35.93000000000001,81.15946197509766
35.940000000000005,11.947229385375977,35.940000000000005,99.71495056152344,35.94,13.9575777053833,35.940000000000005,84.22930908203125,35.940000000000005,81.69595336914062
35.95,11.825982093811035,35.95,99.64059448242188,35.95,13.66790008544922,35.95,84.20462036132812,35.95,82.22816467285156
35.96,11.700482368469238,35.96,99.58135223388672,35.96,13.410004615783691,35.96,84.18708038330078,35.96,82.76583099365234
35.970000000000006,11.567967414855955,35.970000000000006,99.53531646728516,35.97,13.205652236938477,35.97,84.17568969726562,35.970000000000006,83.28511810302734
35.980000000000004,11.436198234558104,35.980000000000004,99.49423217773438,35.98,13.051822662353516,35.980000000000004,84.17021179199219,35.980000000000004,83.7757797241211
35.99,11.308317184448242,35.99,99.44894409179688,35.99,12.9297456741333,35.99,84.17039489746094,35.99,84.22813415527344
36.0,11.153718948364258,36.0,99.4025650024414,36.0,12.837961196899414,36.0,84.1690902709961,36.0,84.66849517822266
36.010000000000005,10.978009223937988,36.010000000000005,99.34625244140624,36.01,12.760791778564451,36.010000000000005,84.15899658203125,36.010000000000005,85.1085205078125
36.02,10.804356575012209,36.02,99.2909164428711,36.02,12.69346523284912,36.02,84.13613891601562,36.02,85.53321838378906
36.03,10.670470237731934,36.03,99.24565887451172,36.03,12.649262428283691,36.03,84.10181427001953,36.03,85.94147491455078
36.040000000000006,10.569924354553224,36.040000000000006,99.20872497558594,36.04,12.60114288330078,36.04,84.06018829345703,36.040000000000006,86.37103271484375
36.05,10.47033405303955,36.05,99.1797866821289,36.05,12.538803100585938,36.05,84.01913452148438,36.05,86.81348419189453
36.06,10.37247371673584,36.06,99.15583038330078,36.06,12.4585542678833,36.06,83.97968292236328,36.06,87.24706268310547
36.07,10.279470443725586,36.07,99.13240814208984,36.07,12.380759239196776,36.07,83.94451141357422,36.07,87.65228271484375
36.080000000000005,10.175990104675291,36.080000000000005,99.10443115234376,36.08,12.313661575317385,36.080000000000005,83.92387390136719,36.080000000000005,88.04120635986328
36.09,10.070282936096191,36.09,99.0625,36.09,12.26869297027588,36.09,83.91740417480469,36.09,88.44721221923828
36.1,9.985085487365724,36.1,99.01136016845705,36.1,12.243535995483398,36.1,83.915283203125,36.1,88.88262939453125
36.11000000000001,9.929994583129885,36.11,98.95266723632812,36.11,12.228482246398926,36.11,83.91493225097656,36.11000000000001,89.32962799072266
36.120000000000005,9.879218101501465,36.120000000000005,98.89289855957033,36.12,12.213638305664062,36.120000000000005,83.912109375,36.120000000000005,89.77682495117188
36.13,9.848318099975586,36.13,98.84113311767578,36.13,12.198691368103027,36.13,83.89727020263672,36.13,90.21361541748048
36.14,9.861204147338867,36.14,98.81282043457033,36.14,12.179067611694336,36.14,83.87460327148438,36.14,90.63551330566406
36.150000000000006,9.871492385864258,36.150000000000006,98.7829818725586,36.15,12.14334201812744,36.15,83.8428726196289,36.150000000000006,91.0470199584961
36.16,9.81709098815918,36.16,98.74620056152344,36.16,12.090545654296877,36.16,83.80696105957031,36.16,91.44401550292967
36.17,9.712380409240724,36.17,98.71993255615234,36.17,12.03567600250244,36.17,83.76964569091797,36.17,91.78662872314452
36.18000000000001,9.60947608947754,36.18,98.70160675048828,36.18,11.982489585876465,36.18,83.74635314941406,36.18000000000001,92.06079864501952
36.190000000000005,9.514692306518556,36.190000000000005,98.67693328857422,36.19,11.936205863952637,36.190000000000005,83.73926544189453,36.190000000000005,92.2746124267578
36.2,9.430063247680664,36.2,98.62943267822266,36.2,11.896780967712402,36.2,83.7419204711914,36.2,92.43768310546876
36.21,9.3505220413208,36.21,98.5736846923828,36.21,11.858511924743652,36.21,83.74161529541016,36.21,92.61064910888672
36.220000000000006,9.280058860778809,36.220000000000006,98.52210235595705,36.22,11.81968116760254,36.22,83.73214721679688,36.220000000000006,92.81714630126952
36.23,9.23379611968994,36.23,98.47430419921876,36.23,11.782322883605955,36.23,83.71263122558594,36.23,93.08577728271484
36.24,9.21739101409912,36.24,98.43113708496094,36.24,11.761069297790527,36.24,83.68587493896484,36.24,93.39944458007812
36.25,9.225489616394045,36.25,98.39378356933594,36.25,11.75152587890625,36.25,83.64948272705078,36.25,93.69459533691406
36.260000000000005,9.213781356811523,36.260000000000005,98.3580093383789,36.26,11.72572135925293,36.260000000000005,83.603515625,36.260000000000005,93.91373443603516
36.27,9.15977668762207,36.27,98.32518005371094,36.27,11.676836967468262,36.27,83.54762268066406,36.27,94.00763702392578
36.28,9.062350273132324,36.28,98.30452728271484,36.28,11.62384033203125,36.28,83.50127410888672,36.28,94.00846099853516
36.290000000000006,8.959917068481445,36.290000000000006,98.31766510009766,36.29,11.578911781311035,36.29,83.47054290771484,36.290000000000006,93.9844207763672
36.3,8.871614456176758,36.3,98.34214782714844,36.3,11.548382759094238,36.3,83.45775604248047,36.3,93.99205017089844
36.31,8.803114891052246,36.31,98.3625717163086,36.31,11.530516624450684,36.31,83.45548248291016,36.31,94.04334259033205
36.32,8.753423690795898,36.32,98.37566375732422,36.32,11.528204917907717,36.32,83.45599365234375,36.32,94.14886474609376
36.330000000000005,8.725424766540527,36.330000000000005,98.37506103515624,36.33,11.536337852478027,36.330000000000005,83.45003509521484,36.330000000000005,94.29493713378906
36.34,8.701681137084961,36.34,98.36817169189452,36.34,11.546881675720217,36.34,83.43700408935547,36.34,94.46239471435548
36.35,8.70161247253418,36.35,98.36236572265624,36.35,11.55081272125244,36.35,83.4194564819336,36.35,94.618408203125
36.36000000000001,8.715243339538574,36.36,98.36225128173828,36.36,11.545100212097168,36.36,83.39704132080078,36.36000000000001,94.7494888305664
36.370000000000005,8.717544555664062,36.370000000000005,98.36756896972656,36.37,11.52254867553711,36.370000000000005,83.36742401123047,36.370000000000005,94.84391784667967
36.38,8.701255798339844,36.38,98.37751007080078,36.38,11.493279457092283,36.38,83.33480834960938,36.38,94.90776824951172
36.39,8.678502082824707,36.39,98.39576721191406,36.39,11.46396255493164,36.39,83.29719543457031,36.39,94.95630645751952
36.400000000000006,8.669034004211426,36.400000000000006,98.41878509521484,36.4,11.439533233642578,36.4,83.2589340209961,36.400000000000006,95.00840759277344
36.41,8.684149742126465,36.41,98.4442901611328,36.41,11.416862487792969,36.41,83.22993469238281,36.41,95.06793975830078
36.42,8.718273162841797,36.42,98.47412109375,36.42,11.398917198181152,36.42,83.20865631103516,36.42,95.1552505493164
36.43000000000001,8.766275405883789,36.43,98.5035629272461,36.43,11.391246795654297,36.43,83.19449615478516,36.43000000000001,95.2592544555664
36.440000000000005,8.812161445617676,36.440000000000005,98.51158142089844,36.44,11.402661323547363,36.440000000000005,83.18788146972656,36.440000000000005,95.351806640625
36.45,8.840744972229004,36.45,98.50646209716795,36.45,11.432679176330566,36.45,83.1845474243164,36.45,95.4304656982422
36.46,8.845776557922363,36.46,98.49517822265624,36.46,11.48978328704834,36.46,83.18141174316406,36.46,95.49042510986328
36.470000000000006,8.835176467895508,36.470000000000006,98.47746276855467,36.47,11.559160232543944,36.47,83.17730712890625,36.470000000000006,95.51740264892578
36.48,8.81278133392334,36.48,98.4606475830078,36.48,11.630655288696287,36.48,83.17623901367188,36.48,95.5202865600586
36.49,8.78954792022705,36.49,98.45358276367188,36.49,11.688721656799316,36.49,83.1734390258789,36.49,95.50767517089844
36.5,8.767572402954102,36.5,98.45333862304688,36.5,11.721036911010742,36.5,83.16820526123047,36.5,95.49932861328124
36.510000000000005,8.74674129486084,36.510000000000005,98.46694946289062,36.51,11.72573471069336,36.510000000000005,83.16093444824219,36.510000000000005,95.50447082519533
36.52,8.741408348083496,36.52,98.4887924194336,36.52,11.719517707824709,36.52,83.15229797363281,36.52,95.52740478515624
36.53,8.75543212890625,36.53,98.52244567871094,36.53,11.70788860321045,36.53,83.14476013183594,36.53,95.56991577148438
36.540000000000006,8.777498245239258,36.540000000000006,98.56259155273438,36.54,11.69803237915039,36.54,83.1382827758789,36.540000000000006,95.6287841796875
36.55,8.804696083068848,36.55,98.5967788696289,36.55,11.69130516052246,36.55,83.1311264038086,36.55,95.67987823486328
36.56,8.832616806030273,36.56,98.61804962158205,36.56,11.693997383117676,36.56,83.12696075439453,36.56,95.69416046142578
36.57,8.851717948913574,36.57,98.62458801269533,36.57,11.700885772705078,36.57,83.12590026855469,36.57,95.6511688232422
36.580000000000005,8.861077308654785,36.580000000000005,98.61707305908205,36.58,11.716193199157717,36.580000000000005,83.12440490722656,36.580000000000005,95.56842041015624
36.59,8.858526229858398,36.59,98.5985870361328,36.59,11.73958683013916,36.59,83.12173461914062,36.59,95.47174835205078
36.6,8.846453666687012,36.6,98.57364654541016,36.6,11.770838737487791,36.6,83.1202392578125,36.6,95.3940200805664
36.61000000000001,8.836219787597656,36.61,98.55007934570312,36.61,11.806598663330078,36.61,83.11785888671875,36.61000000000001,95.33963775634766
36.620000000000005,8.8325834274292,36.620000000000005,98.53109741210938,36.62,11.84560775756836,36.620000000000005,83.11579895019531,36.620000000000005,95.31036376953124
36.63,8.81901741027832,36.63,98.52098846435548,36.63,11.889349937438965,36.63,83.11263275146484,36.63,95.29790496826172
36.64,8.800985336303711,36.64,98.52632904052734,36.64,11.930475234985352,36.64,83.10841369628906,36.64,95.29901885986328
36.650000000000006,8.790302276611328,36.650000000000006,98.55066680908205,36.65,11.96174430847168,36.65,83.10484313964844,36.650000000000006,95.30074310302734
36.66,8.781698226928711,36.66,98.57176971435548,36.66,11.97260570526123,36.66,83.10225677490234,36.66,95.3055191040039
36.67,8.764041900634766,36.67,98.58351135253906,36.67,11.954773902893066,36.67,83.09953308105469,36.67,95.30184173583984
36.68000000000001,8.737767219543457,36.68,98.59255981445312,36.68,11.926573753356934,36.68,83.09493255615234,36.68000000000001,95.28568267822266
36.690000000000005,8.728962898254395,36.690000000000005,98.59904479980467,36.69,11.896574020385742,36.690000000000005,83.09256744384766,36.690000000000005,95.26300811767578
36.7,8.737333297729492,36.7,98.60659790039062,36.7,11.869543075561523,36.7,83.0916519165039,36.7,95.2458038330078
36.71,8.74937629699707,36.71,98.61378479003906,36.71,11.850772857666016,36.71,83.08926391601562,36.71,95.22598266601562
36.720000000000006,8.7665433883667,36.720000000000006,98.61651611328124,36.72,11.842439651489258,36.72,83.08976745605469,36.720000000000006,95.2151336669922
36.73,8.777383804321289,36.73,98.6172103881836,36.73,11.841575622558594,36.73,83.09017181396484,36.73,95.20909881591795
36.74,8.782517433166504,36.74,98.62033081054688,36.74,11.849201202392578,36.74,83.0922622680664,36.74,95.20772552490234
36.75,8.783044815063477,36.75,98.6323699951172,36.75,11.864830017089844,36.75,83.09262084960938,36.75,95.21121978759766
36.760000000000005,8.779077529907227,36.760000000000005,98.64801788330078,36.76,11.886963844299316,36.760000000000005,83.09420776367188,36.760000000000005,95.2128448486328
36.77,8.770373344421387,36.77,98.6612548828125,36.77,11.904860496520996,36.77,83.09352111816406,36.77,95.2105941772461
36.78,8.768257141113281,36.78,98.66667938232422,36.78,11.918636322021484,36.78,83.0942153930664,36.78,95.1961898803711
36.790000000000006,8.762008666992188,36.790000000000006,98.67252349853516,36.79,11.926981925964355,36.79,83.09375762939453,36.790000000000006,95.17448425292967
36.8,8.755951881408691,36.8,98.67545318603516,36.8,11.931777000427246,36.8,83.09575653076172,36.8,95.1566390991211
36.81,8.749566078186035,36.81,98.68018341064452,36.81,11.931300163269045,36.81,83.096923828125,36.81,95.14096069335938
36.82,8.746824264526367,36.82,98.68023681640624,36.82,11.92635440826416,36.82,83.09581756591797,36.82,95.1337890625
36.830000000000005,8.744998931884766,36.830000000000005,98.6750030517578,36.83,11.920559883117676,36.830000000000005,83.09766387939453,36.830000000000005,95.1269760131836
36.84,8.742709159851074,36.84,98.6761245727539,36.84,11.91488265991211,36.84,83.09912872314453,36.84,95.11766815185548
36.85,8.746326446533203,36.85,98.68507385253906,36.85,11.911463737487791,36.85,83.10028076171875,36.85,95.10674285888672
36.86000000000001,8.747784614562988,36.86,98.69766235351562,36.86,11.910325050354004,36.86,83.10095977783203,36.86000000000001,95.09895324707033
36.870000000000005,8.750905990600586,36.870000000000005,98.71041107177734,36.87,11.9149751663208,36.870000000000005,83.09992980957031,36.870000000000005,95.09667205810548
36.88,8.753332138061523,36.88,98.72608184814452,36.88,11.92196273803711,36.88,83.09964752197266,36.88,95.08646392822266
36.89,8.753055572509766,36.89,98.74082946777344,36.89,11.928512573242188,36.89,83.10062408447266,36.89,95.09002685546876
36.900000000000006,8.751358032226562,36.900000000000006,98.7553482055664,36.9,11.936431884765623,36.9,83.10076904296875,36.900000000000006,95.11587524414062
36.91,8.748711585998535,36.91,98.77184295654295,36.91,11.946466445922852,36.91,83.10045623779297,36.91,95.15271759033205
36.92,8.750874519348145,36.92,98.78536224365234,36.92,11.958815574645996,36.92,83.09980010986328,36.92,95.19235229492188
36.93000000000001,8.752732276916504,36.93,98.79278564453124,36.93,11.969285011291504,36.93,83.10065460205078,36.93000000000001,95.22599029541016
36.940000000000005,8.755584716796875,36.940000000000005,98.80098724365234,36.94,11.976454734802246,36.940000000000005,83.10246276855469,36.940000000000005,95.25298309326172
36.95,8.75879955291748,36.95,98.81179809570312,36.95,11.979876518249512,36.95,83.10279846191406,36.95,95.27645874023438
36.96,8.763357162475586,36.96,98.82234954833984,36.96,11.98165512084961,36.96,83.10240173339844,36.96,95.30008697509766
36.970000000000006,8.765506744384766,36.970000000000006,98.83148193359376,36.97,11.980810165405272,36.97,83.1017074584961,36.970000000000006,95.31706237792967
36.98,8.768068313598633,36.98,98.83834075927734,36.98,11.982885360717772,36.98,83.10181427001953,36.98,95.33592224121094
36.99,8.762840270996094,36.99,98.84703826904295,36.99,11.983602523803713,36.99,83.10137939453125,36.99,95.36380767822266
37.0,8.75257396697998,37.0,98.85855102539062,37.0,11.98617172241211,37.0,83.10195922851562,37.0,95.39478302001952
37.010000000000005,8.742892265319824,37.010000000000005,98.8697509765625,37.01,11.99048900604248,37.010000000000005,83.09929656982422,37.010000000000005,95.42127227783205
37.02,8.742427825927734,37.02,98.87876892089844,37.02,11.998038291931152,37.02,83.09989166259766,37.02,95.44328308105467
37.03,8.750253677368164,37.03,98.89067840576172,37.03,12.011199951171877,37.03,83.0998764038086,37.03,95.46204376220705
37.040000000000006,8.758185386657715,37.040000000000006,98.90087127685548,37.04,12.027878761291504,37.04,83.0996322631836,37.040000000000006,95.4803466796875
37.05,8.761070251464844,37.05,98.9104232788086,37.05,12.04619312286377,37.05,83.09867095947266,37.05,95.49232482910156
37.06,8.770788192749023,37.06,98.9162826538086,37.06,12.060885429382324,37.06,83.09722137451172,37.06,95.49253845214844
37.07,8.817317962646484,37.07,98.91519165039062,37.07,12.070820808410645,37.07,83.10018157958984,37.07,95.47618865966795
37.080000000000005,8.863611221313477,37.080000000000005,98.91722869873048,37.08,12.07689094543457,37.080000000000005,83.10076904296875,37.080000000000005,95.45536041259766
37.09,8.880074501037598,37.09,98.91719818115234,37.09,12.079466819763184,37.09,83.10275268554688,37.09,95.4347915649414
37.1,8.886465072631836,37.1,98.9179229736328,37.1,12.081104278564451,37.1,83.10340881347656,37.1,95.41510009765624
37.11000000000001,8.89249324798584,37.11,98.92086029052734,37.11,12.081343650817873,37.11,83.10379791259766,37.11000000000001,95.40202331542967
37.120000000000005,8.899989128112793,37.120000000000005,98.92269134521484,37.12,12.079774856567385,37.120000000000005,83.10523223876953,37.120000000000005,95.39937591552734
37.13,8.904850006103516,37.13,98.9222412109375,37.13,12.072629928588867,37.13,83.10601806640625,37.13,95.4053726196289
37.14,8.901586532592773,37.14,98.92394256591795,37.14,12.062617301940918,37.14,83.10738372802734,37.14,95.4149398803711
37.150000000000006,8.895630836486816,37.150000000000006,98.92656707763672,37.15,12.051366806030272,37.15,83.10760498046875,37.150000000000006,95.4249496459961
37.16,8.89069938659668,37.16,98.92903900146484,37.16,12.03974437713623,37.16,83.10525512695312,37.16,95.4364242553711
37.17,8.879560470581055,37.17,98.92731475830078,37.17,12.027493476867676,37.17,83.10260772705078,37.17,95.45622253417967
37.18000000000001,8.862431526184082,37.18,98.9227066040039,37.18,12.016560554504396,37.18,83.10208892822266,37.18000000000001,95.48845672607422
37.190000000000005,8.858400344848633,37.190000000000005,98.91740417480467,37.19,12.00563907623291,37.190000000000005,83.10250091552734,37.190000000000005,95.5278549194336
37.2,8.854357719421387,37.2,98.91291809082033,37.2,11.999510765075684,37.2,83.10330963134766,37.2,95.5625457763672
37.21,8.849579811096191,37.21,98.90962982177734,37.21,11.998883247375488,37.21,83.10421752929688,37.21,95.58877563476562
37.220000000000006,8.843472480773926,37.220000000000006,98.90821075439452,37.22,12.000772476196287,37.22,83.1053695678711,37.220000000000006,95.61421966552734
37.23,8.830556869506836,37.23,98.90835571289062,37.23,12.00123405456543,37.23,83.10626220703125,37.23,95.63483428955078
37.24,8.812128067016602,37.24,98.90914916992188,37.24,11.997596740722656,37.24,83.1068344116211,37.24,95.6488265991211
37.25,8.792304039001465,37.25,98.91737365722656,37.25,11.991497993469238,37.25,83.10652923583984,37.25,95.6656723022461
37.260000000000005,8.768280029296875,37.260000000000005,98.92292785644533,37.26,11.982946395874023,37.260000000000005,83.10562896728516,37.260000000000005,95.6949234008789
37.27,8.750580787658691,37.27,98.92728424072266,37.27,11.974727630615234,37.27,83.10575103759766,37.27,95.73052978515624
37.28,8.743243217468262,37.28,98.93260192871094,37.28,11.965126037597656,37.28,83.10647583007812,37.28,95.76199340820312
37.290000000000006,8.741293907165527,37.290000000000006,98.9375991821289,37.29,11.957723617553713,37.29,83.10612487792969,37.290000000000006,95.78701782226562
37.3,8.74832534790039,37.3,98.93872833251952,37.3,11.953927040100098,37.3,83.10667419433594,37.3,95.8047866821289
37.31,8.748917579650879,37.31,98.93521881103516,37.31,11.949119567871094,37.31,83.10748291015625,37.31,95.80795288085938
37.32,8.748055458068848,37.32,98.92953491210938,37.32,11.950698852539062,37.32,83.10795593261719,37.32,95.80394744873048
37.330000000000005,8.75011157989502,37.330000000000005,98.92536163330078,37.33,11.953290939331056,37.330000000000005,83.10673522949219,37.330000000000005,95.79991149902344
37.34,8.748705863952637,37.34,98.91890716552734,37.34,11.958470344543455,37.34,83.10707092285156,37.34,95.8007354736328
37.35,8.741950035095215,37.35,98.91444396972656,37.35,11.96512508392334,37.35,83.10688781738281,37.35,95.8097152709961
37.36000000000001,8.735540390014648,37.36,98.91547393798828,37.36,11.97270679473877,37.36,83.10577392578125,37.36000000000001,95.82271575927734
37.370000000000005,8.731219291687012,37.370000000000005,98.92762756347656,37.37,11.975667953491213,37.370000000000005,83.10562896728516,37.370000000000005,95.83342742919922
37.38,8.728982925415039,37.38,98.93646240234376,37.38,11.974802017211914,37.38,83.10519409179688,37.38,95.838134765625
37.39,8.725053787231445,37.39,98.93685913085938,37.39,11.970598220825195,37.39,83.10440826416016,37.39,95.84276580810548
37.400000000000006,8.723406791687012,37.400000000000006,98.93150329589844,37.4,11.965394973754885,37.4,83.10474395751953,37.400000000000006,95.86076354980467
37.41,8.725859642028809,37.41,98.9244613647461,37.41,11.95972728729248,37.41,83.10538482666016,37.41,95.8922119140625
37.42,8.728082656860352,37.42,98.9159164428711,37.42,11.955155372619627,37.42,83.10490417480469,37.42,95.92993927001952
37.43000000000001,8.729166984558105,37.43,98.91096496582033,37.43,11.951986312866213,37.43,83.10490417480469,37.43000000000001,95.97067260742188
37.440000000000005,8.733278274536133,37.440000000000005,98.91077423095705,37.44,11.95394515991211,37.440000000000005,83.10517120361328,37.440000000000005,96.01030731201172
37.45,8.742963790893555,37.45,98.91547393798828,37.45,11.96015167236328,37.45,83.10536193847656,37.45,96.0460968017578
37.46,8.746026992797852,37.46,98.9201889038086,37.46,11.968647003173828,37.46,83.1048355102539,37.46,96.0736846923828
37.470000000000006,8.740702629089355,37.470000000000006,98.92144012451172,37.47,11.9788179397583,37.47,83.10424041748047,37.470000000000006,96.08708953857422
37.48,8.734271049499512,37.48,98.91988372802734,37.48,11.991211891174316,37.48,83.1045913696289,37.48,96.09049987792967
37.49,8.728261947631836,37.49,98.91553497314452,37.49,11.999529838562012,37.49,83.10625457763672,37.49,96.08161926269533
37.5,8.717597007751465,37.5,98.90740203857422,37.5,12.00366497039795,37.5,83.10648345947266,37.5,96.0760498046875
37.510000000000005,8.70935344696045,37.510000000000005,98.9014663696289,37.51,12.003056526184082,37.510000000000005,83.10599517822266,37.510000000000005,96.0841064453125
37.52,8.703520774841309,37.52,98.9008560180664,37.52,12.000521659851074,37.52,83.1077880859375,37.52,96.0947723388672
37.53,8.700139999389648,37.53,98.8967056274414,37.53,11.995336532592772,37.53,83.10823059082031,37.53,96.10034942626952
37.540000000000006,8.69909381866455,37.540000000000006,98.8890151977539,37.54,11.989953994750977,37.54,83.11029815673828,37.540000000000006,96.10164642333984
37.55,8.704191207885742,37.55,98.87622833251952,37.55,11.983012199401855,37.55,83.11099243164062,37.55,96.09027862548828
37.56,8.719112396240234,37.56,98.8636474609375,37.56,11.97602653503418,37.56,83.11293029785156,37.56,96.06263732910156
37.57,8.735831260681152,37.57,98.85449981689452,37.57,11.967724800109863,37.57,83.11292266845703,37.57,96.01063537597656
37.580000000000005,8.754804611206055,37.580000000000005,98.84808349609376,37.58,11.961456298828123,37.580000000000005,83.11602783203125,37.580000000000005,95.93526458740234
37.59,8.769437789916992,37.59,98.8422393798828,37.59,11.961588859558104,37.59,83.12212371826172,37.59,95.8404769897461
37.6,8.780351638793945,37.6,98.83950805664062,37.6,11.95892333984375,37.6,83.12779998779297,37.6,95.74137115478516
37.61000000000001,8.78392505645752,37.61,98.84202575683594,37.61,11.95415210723877,37.61,83.13365173339844,37.61000000000001,95.65182495117188
37.620000000000005,8.785888671875,37.620000000000005,98.8439483642578,37.62,11.94851303100586,37.620000000000005,83.13818359375,37.620000000000005,95.57659912109376
37.63,8.789302825927734,37.63,98.84343719482422,37.63,11.944117546081545,37.63,83.14270782470703,37.63,95.51461029052734
37.64,8.78791332244873,37.64,98.83944702148438,37.64,11.933833122253418,37.64,83.14623260498047,37.64,95.45354461669922
37.650000000000006,8.786818504333496,37.650000000000006,98.83415985107422,37.65,11.923096656799316,37.65,83.14806365966797,37.650000000000006,95.38452911376952
37.66,8.785659790039062,37.66,98.82957458496094,37.66,11.914531707763672,37.66,83.1520767211914,37.66,95.3018798828125
37.67,8.781826972961426,37.67,98.82585906982422,37.67,11.906415939331056,37.67,83.15505981445312,37.67,95.20972442626952
37.68000000000001,8.77492904663086,37.68,98.81903839111328,37.68,11.899446487426758,37.68,83.1606674194336,37.68000000000001,95.11690521240234
37.690000000000005,8.766098022460938,37.690000000000005,98.81362915039062,37.69,11.896235466003418,37.690000000000005,83.16673278808594,37.690000000000005,95.02405548095705
37.7,8.762410163879395,37.7,98.80878448486328,37.7,11.894943237304688,37.7,83.17446899414062,37.7,94.9300765991211
37.71,8.761017799377441,37.71,98.81109619140624,37.71,11.894115447998049,37.71,83.1803207397461,37.71,94.83226776123048
37.720000000000006,8.764293670654297,37.720000000000006,98.822509765625,37.72,11.899930953979492,37.72,83.1860580444336,37.720000000000006,94.72689819335938
37.73,8.77005672454834,37.73,98.83485412597656,37.73,11.915945053100586,37.73,83.19482421875,37.73,94.6119155883789
37.74,8.779390335083008,37.74,98.8447265625,37.74,11.935267448425291,37.74,83.2059555053711,37.74,94.4798583984375
37.75,8.784342765808105,37.75,98.83637237548828,37.75,11.960907936096191,37.75,83.21726989746094,37.75,94.33457946777344
37.760000000000005,8.782666206359863,37.760000000000005,98.80859375,37.76,11.992993354797363,37.760000000000005,83.22931671142578,37.760000000000005,94.18133544921876
37.77,8.769041061401367,37.77,98.76666259765624,37.77,12.030128479003906,37.77,83.24203491210938,37.77,94.02149200439452
37.78,8.751287460327148,37.78,98.71788787841795,37.78,12.065707206726074,37.78,83.25213623046875,37.78,93.86011505126952
37.790000000000006,8.727707862854004,37.790000000000006,98.6685562133789,37.79,12.097704887390137,37.79,83.26258850097656,37.790000000000006,93.7020263671875
37.8,8.7047758102417,37.8,98.62610626220705,37.8,12.124553680419922,37.8,83.27314758300781,37.8,93.53773498535156
37.81,8.689719200134277,37.81,98.59988403320312,37.81,12.146559715270996,37.81,83.283935546875,37.81,93.3580093383789
37.82,8.68109130859375,37.82,98.59308624267578,37.82,12.16479206085205,37.82,83.29570770263672,37.82,93.1584701538086
37.830000000000005,8.675711631774902,37.830000000000005,98.59786987304688,37.83,12.188036918640137,37.830000000000005,83.30765533447266,37.830000000000005,92.95281219482422
37.84,8.675193786621094,37.84,98.5999526977539,37.84,12.20563793182373,37.84,83.32186889648438,37.84,92.74236297607422
37.85,8.675592422485352,37.85,98.5992431640625,37.85,12.212136268615724,37.85,83.33480834960938,37.85,92.50357818603516
37.86000000000001,8.673521041870117,37.86,98.58836364746094,37.86,12.210317611694336,37.86,83.34784698486328,37.86000000000001,92.23026275634766
37.870000000000005,8.671626091003418,37.870000000000005,98.57315826416016,37.87,12.21309757232666,37.870000000000005,83.3617935180664,37.870000000000005,91.93077850341795
37.88,8.676081657409668,37.88,98.56127166748048,37.88,12.221612930297852,37.88,83.3734130859375,37.88,91.6290283203125
37.89,8.690058708190918,37.89,98.54844665527344,37.89,12.235260009765623,37.89,83.3818588256836,37.89,91.33485412597656
37.900000000000006,8.709096908569336,37.900000000000006,98.52645111083984,37.9,12.252163887023926,37.9,83.38825225830078,37.900000000000006,91.03401947021484
37.91,8.732288360595703,37.91,98.50646209716795,37.91,12.268993377685549,37.91,83.39237976074219,37.91,90.72342681884766
37.92,8.753173828125,37.92,98.49449157714844,37.92,12.278298377990724,37.92,83.395263671875,37.92,90.41159057617188
37.93000000000001,8.763575553894043,37.93,98.48397827148438,37.93,12.28403377532959,37.93,83.40067291259766,37.93000000000001,90.10578155517578
37.940000000000005,8.765413284301758,37.940000000000005,98.4660186767578,37.94,12.291498184204102,37.940000000000005,83.40499877929688,37.940000000000005,89.80066680908203
37.95,8.769445419311523,37.95,98.4358367919922,37.95,12.293004989624023,37.95,83.41203308105469,37.95,89.47802734375
37.96,8.790761947631836,37.96,98.40096282958984,37.96,12.306589126586914,37.96,83.4230728149414,37.96,89.13497161865234
37.970000000000006,8.839449882507324,37.970000000000006,98.3719253540039,37.97,12.337717056274414,37.97,83.4348373413086,37.970000000000006,88.76155090332031
37.98,8.88862133026123,37.98,98.34540557861328,37.98,12.349600791931152,37.98,83.4442138671875,37.98,88.34522247314453
37.99,8.925118446350098,37.99,98.31646728515624,37.99,12.336524963378906,37.99,83.45543670654297,37.99,87.89501190185547
38.0,8.954739570617676,38.0,98.2862548828125,38.0,12.292670249938965,38.0,83.46440124511719,38.0,87.42774963378906
38.010000000000005,8.983928680419922,38.010000000000005,98.26329040527344,38.01,12.233290672302246,38.010000000000005,83.47301483154297,38.010000000000005,86.95832061767578
38.02,9.008578300476074,38.02,98.24071502685548,38.02,12.186290740966797,38.02,83.48223876953125,38.02,86.49463653564453
38.03,9.034907341003418,38.03,98.21674346923828,38.03,12.152420043945312,38.03,83.49463653564453,38.03,86.04987335205078
38.040000000000006,9.070273399353027,38.040000000000006,98.20307159423828,38.04,12.12378978729248,38.04,83.50601196289062,38.040000000000006,85.61840057373047
38.05,9.089190483093262,38.05,98.20381927490234,38.05,12.10285472869873,38.05,83.5188217163086,38.05,85.1673355102539
38.06,9.09628677368164,38.06,98.21986389160156,38.06,12.071345329284668,38.06,83.52989959716797,38.06,84.69608306884766
38.07,9.116147994995115,38.07,98.23654174804688,38.07,12.066508293151855,38.07,83.53965759277344,38.07,84.19872283935547
38.080000000000005,9.146552085876465,38.080000000000005,98.24010467529295,38.08,12.092345237731934,38.080000000000005,83.55011749267578,38.080000000000005,83.6662368774414
38.09,9.16022491455078,38.09,98.23650360107422,38.09,12.130788803100586,38.09,83.56393432617188,38.09,83.0915756225586
38.1,9.171751022338867,38.1,98.228515625,38.1,12.174199104309082,38.1,83.57894134521484,38.1,82.4542236328125
38.11000000000001,9.194856643676758,38.11,98.2071762084961,38.11,12.226066589355469,38.11,83.59957122802734,38.11000000000001,81.81733703613281
38.120000000000005,9.22350788116455,38.120000000000005,98.1926727294922,38.12,12.298125267028809,38.120000000000005,83.62591552734375,38.120000000000005,81.20764923095703
38.13,9.2742919921875,38.13,98.19896697998048,38.13,12.38153839111328,38.13,83.65670776367188,38.13,80.63848114013672
38.14,9.33504581451416,38.14,98.23828125,38.14,12.46728229522705,38.14,83.69859313964844,38.14,80.10690307617188
38.150000000000006,9.42071533203125,38.150000000000006,98.30160522460938,38.15,12.548818588256836,38.15,83.76109313964844,38.150000000000006,79.55449676513672
38.16,9.522826194763184,38.16,98.36834716796876,38.16,12.63119411468506,38.16,83.83897399902344,38.16,78.98421478271484
38.17,9.606866836547852,38.17,98.42729949951172,38.17,12.7166166305542,38.17,83.92527770996094,38.17,78.34406280517578
38.18000000000001,9.68196964263916,38.18,98.49295043945312,38.18,12.833606719970703,38.18,84.02706909179688,38.18000000000001,77.58609008789062
38.190000000000005,9.774419784545898,38.190000000000005,98.57215118408205,38.19,13.00269889831543,38.190000000000005,84.13764953613281,38.190000000000005,76.71429443359375
38.2,9.893766403198242,38.2,98.65798950195312,38.2,13.20118808746338,38.2,84.26139068603516,38.2,75.79594421386719
38.21,10.044569969177246,38.21,98.74280548095705,38.21,13.41391944885254,38.21,84.38812255859375,38.21,74.87281036376953
38.220000000000006,10.206019401550291,38.220000000000006,98.83904266357422,38.22,13.634804725646973,38.22,84.51530456542969,38.220000000000006,73.95756530761719
38.23,10.35578155517578,38.23,98.94210815429688,38.23,13.874387741088867,38.23,84.6459732055664,38.23,73.06471252441406
38.24,10.513718605041504,38.24,99.05367279052734,38.24,14.137727737426758,38.24,84.76815795898438,38.24,72.2044448852539
38.25,10.707261085510254,38.25,99.155029296875,38.25,14.42637825012207,38.25,84.88253021240234,38.25,71.39055633544922
38.260000000000005,10.942453384399414,38.260000000000005,99.26145935058594,38.26,14.7401704788208,38.260000000000005,84.97360229492188,38.260000000000005,70.55721282958984
38.27,11.222397804260254,38.27,99.38365173339844,38.27,15.091438293457031,38.27,85.03138732910156,38.27,69.65193939208984
38.28,11.554276466369627,38.28,99.53515625,38.28,15.467928886413574,38.28,85.04934692382812,38.28,68.70154571533203
38.290000000000006,11.908109664916992,38.290000000000006,99.7225570678711,38.29,15.834884643554688,38.29,85.04000091552734,38.290000000000006,67.73777770996094
38.3,12.262632369995115,38.3,99.93378448486328,38.3,16.19729232788086,38.3,85.01463317871094,38.3,66.76642608642578
38.31,12.628297805786133,38.31,100.16633605957033,38.31,16.54694938659668,38.31,84.98601531982422,38.31,65.79212951660156
38.32,13.047287940979004,38.32,100.39725494384766,38.32,16.922908782958984,38.32,84.94984436035156,38.32,64.78050231933594
38.330000000000005,13.509486198425291,38.330000000000005,100.62061309814452,38.33,17.328262329101562,38.330000000000005,84.89952087402344,38.330000000000005,63.722991943359375
38.34,14.00835132598877,38.34,100.8472900390625,38.34,17.765012741088867,38.34,84.83756256103516,38.34,62.61515426635742
38.35,14.544914245605469,38.35,101.07093811035156,38.35,18.262500762939453,38.35,84.77398681640625,38.35,61.47665786743164
38.36000000000001,15.08694076538086,38.36,101.29681396484376,38.36,18.80257034301757,38.36,84.70894622802734,38.36000000000001,60.37310409545898
38.370000000000005,15.632023811340332,38.370000000000005,101.52384185791016,38.37,19.39207649230957,38.370000000000005,84.6445083618164,38.370000000000005,59.33177185058594
38.38,16.164106369018555,38.38,101.75604248046876,38.38,20.00518798828125,38.38,84.58512878417969,38.38,58.35088348388672
38.39,16.66633415222168,38.39,101.99958038330078,38.39,20.610567092895508,38.39,84.53584289550781,38.39,57.48209762573242
38.400000000000006,17.13851547241211,38.400000000000006,102.25696563720705,38.4,21.18721008300781,38.4,84.4918441772461,38.400000000000006,56.78071975708008
38.41,17.60773468017578,38.41,102.52910614013672,38.41,21.75845527648925,38.41,84.45751190185547,38.41,56.16680908203125
38.42,18.075984954833984,38.42,102.81485748291016,38.42,22.34591484069824,38.42,84.42981719970703,38.42,55.65954208374024
38.43000000000001,18.5653018951416,38.43,103.1041259765625,38.43,22.93850326538086,38.43,84.40345001220703,38.43000000000001,55.24325180053711
38.440000000000005,19.078163146972656,38.440000000000005,103.39556884765624,38.44,23.517303466796875,38.440000000000005,84.37696075439453,38.440000000000005,54.88910675048828
38.45,19.600481033325195,38.45,103.69244384765624,38.45,24.071441650390625,38.45,84.35171508789062,38.45,54.60211563110352
38.46,20.133134841918945,38.46,103.98516082763672,38.46,24.60824584960937,38.46,84.3251724243164,38.46,54.38082504272461
38.470000000000006,20.67460250854492,38.470000000000006,104.2627182006836,38.47,25.125572204589844,38.47,84.30328369140625,38.470000000000006,54.2034912109375
38.48,21.23046112060547,38.48,104.51892852783205,38.48,25.63867378234864,38.48,84.28005981445312,38.48,54.038875579833984
38.49,21.81793785095215,38.49,104.7578125,38.49,26.16363906860352,38.49,84.24232482910156,38.49,53.83927154541016
38.5,22.441564559936523,38.5,104.98614501953124,38.5,26.685935974121094,38.5,84.1948013305664,38.5,53.55134201049805
38.510000000000005,23.09110450744629,38.510000000000005,105.20406341552734,38.51,27.21999168395996,38.510000000000005,84.14134979248047,38.510000000000005,53.21282577514648
38.52,23.74994850158692,38.52,105.3969497680664,38.52,27.779924392700195,38.52,84.0848617553711,38.52,52.8961181640625
38.53,24.41341590881348,38.53,105.5693359375,38.53,28.38105201721192,38.53,84.02538299560547,38.53,52.68062973022461
38.540000000000006,25.081438064575195,38.540000000000006,105.7429428100586,38.54,29.059062957763672,38.54,83.95784759521484,38.540000000000006,52.5705680847168
38.55,25.75948905944824,38.55,105.9412612915039,38.55,29.81813240051269,38.55,83.8905258178711,38.55,52.5472526550293
38.56,26.453807830810547,38.56,106.15830993652344,38.56,30.65044212341309,38.56,83.83685302734375,38.56,52.546573638916016
38.57,27.16265106201172,38.57,106.3690185546875,38.57,31.506080627441406,38.57,83.79969024658203,38.57,52.5048942565918
38.580000000000005,27.882551193237305,38.580000000000005,106.56004333496094,38.58,32.346038818359375,38.580000000000005,83.77532196044922,38.580000000000005,52.40642166137695
38.59,28.618040084838867,38.59,106.73377227783205,38.59,33.13834762573242,38.59,83.75214385986328,38.59,52.27823257446289
38.6,29.374814987182617,38.6,106.88916778564452,38.6,33.87469482421875,38.6,83.72645568847656,38.6,52.17896270751953
38.61000000000001,30.144092559814453,38.61,107.0179214477539,38.61,34.546146392822266,38.61,83.69718170166016,38.61000000000001,52.171024322509766
38.620000000000005,30.92202377319336,38.620000000000005,107.13098907470705,38.62,35.191650390625,38.620000000000005,83.65737915039062,38.620000000000005,52.275634765625
38.63,31.705299377441406,38.63,107.2371826171875,38.63,35.85476303100586,38.63,83.60591888427734,38.63,52.47079849243164
38.64,32.51904296875,38.64,107.3349151611328,38.64,36.5788688659668,38.64,83.54385375976562,38.64,52.6999626159668
38.650000000000006,33.34684753417969,38.650000000000006,107.40843200683594,38.65,37.373046875,38.65,83.46346282958984,38.650000000000006,52.90937423706055
38.66,34.182884216308594,38.66,107.45509338378906,38.66,38.24626922607422,38.66,83.37075805664062,38.66,53.10771560668945
38.67,35.02503967285156,38.67,107.50892639160156,38.67,39.16291046142578,38.67,83.28601837158203,38.67,53.305301666259766
38.68000000000001,35.880985260009766,38.68,107.57461547851562,38.68,40.09062576293945,38.68,83.23355865478516,38.68000000000001,53.47483825683594
38.690000000000005,36.747779846191406,38.690000000000005,107.64193725585938,38.69,41.00203704833984,38.690000000000005,83.22300720214844,38.690000000000005,53.62200164794922
38.7,37.61122512817383,38.7,107.68714141845705,38.7,41.88643264770508,38.7,83.2221450805664,38.7,53.78144836425781
38.71,38.46625900268555,38.71,107.6982421875,38.71,42.76808547973633,38.71,83.21764373779297,38.71,53.96240615844727
38.720000000000006,39.31745910644531,38.720000000000006,107.6781768798828,38.72,43.6455192565918,38.72,83.20140075683594,38.720000000000006,54.16642379760742
38.73,40.16937255859375,38.73,107.62411499023438,38.73,44.51993942260742,38.73,83.1771011352539,38.73,54.40660095214844
38.74,41.03110504150391,38.74,107.54852294921876,38.74,45.391414642333984,38.74,83.14363861083984,38.74,54.71156311035156
38.75,41.89853286743164,38.75,107.4688491821289,38.75,46.26789474487305,38.75,83.10247039794922,38.75,55.07918167114258
38.760000000000005,42.77053451538086,38.760000000000005,107.4002685546875,38.76,47.145599365234375,38.760000000000005,83.05408477783203,38.760000000000005,55.44647216796875
38.77,43.638404846191406,38.77,107.32752227783205,38.77,48.03428268432617,38.77,83.00756072998047,38.77,55.82324600219727
38.78,44.50016021728516,38.78,107.25051879882812,38.78,48.94385147094727,38.78,82.97087860107422,38.78,56.23654174804688
38.790000000000006,45.36032104492188,38.790000000000006,107.16280364990234,38.79,49.85261154174805,38.79,82.94415283203125,38.790000000000006,56.66382598876953
38.8,46.22030258178711,38.8,107.0574722290039,38.8,50.7467041015625,38.8,82.92374420166016,38.8,57.11293411254883
38.81,47.07762145996094,38.81,106.92425537109376,38.81,51.623722076416016,38.81,82.90771484375,38.81,57.59049987792969
38.82,47.93385696411133,38.82,106.7769775390625,38.82,52.47638320922852,38.82,82.8973617553711,38.82,58.090702056884766
38.830000000000005,48.79642105102539,38.830000000000005,106.62647247314452,38.83,53.318355560302734,38.830000000000005,82.89204406738281,38.830000000000005,58.61748123168945
38.84,49.64887237548828,38.84,106.47347259521484,38.84,54.16888046264648,38.84,82.89016723632812,38.84,59.16480255126953
38.85,50.489864349365234,38.85,106.31980895996094,38.85,55.036598205566406,38.85,82.894775390625,38.85,59.73009490966797
38.86000000000001,51.33490753173828,38.86,106.17154693603516,38.86,55.89473342895508,38.86,82.89585876464844,38.86000000000001,60.33069610595703
38.870000000000005,52.18419647216797,38.870000000000005,106.02208709716795,38.87,56.74681854248047,38.870000000000005,82.89031982421875,38.870000000000005,60.958683013916016
38.88,53.025001525878906,38.88,105.8738784790039,38.88,57.58581161499024,38.88,82.87796783447266,38.88,61.589839935302734
38.89,53.86724853515625,38.89,105.7285385131836,38.89,58.397239685058594,38.89,82.86559295654297,38.89,62.22134780883789
38.900000000000006,54.70060348510742,38.900000000000006,105.57266235351562,38.9,59.19269180297852,38.9,82.85092163085938,38.900000000000006,62.84108352661133
38.91,55.5268783569336,38.91,105.41473388671876,38.91,59.99729537963867,38.91,82.83134460449219,38.91,63.45382690429688
38.92,56.34971237182617,38.92,105.2532730102539,38.92,60.79905700683594,38.92,82.81362915039062,38.92,64.05150604248047
38.93000000000001,57.1593017578125,38.93,105.0889663696289,38.93,61.59791946411133,38.93,82.79729461669922,38.93000000000001,64.6373519897461
38.940000000000005,57.95676803588867,38.940000000000005,104.92501831054688,38.94,62.40072250366211,38.940000000000005,82.78170776367188,38.940000000000005,65.2112808227539
38.95,58.75215530395508,38.95,104.76499938964844,38.95,63.19244766235352,38.95,82.7663345336914,38.95,65.75584411621094
38.96,59.5447883605957,38.96,104.59701538085938,38.96,63.9583854675293,38.96,82.75555419921875,38.96,66.29206848144531
38.970000000000006,60.341529846191406,38.970000000000006,104.41461944580078,38.97,64.72421264648438,38.97,82.74717712402344,38.970000000000006,66.84895324707031
38.98,61.13911056518555,38.98,104.2518081665039,38.98,65.50016784667969,38.98,82.73780059814453,38.98,67.46499633789062
38.99,61.92377471923828,38.99,104.08967590332033,38.99,66.27603149414062,38.99,82.73058319091797,38.99,68.11284637451172
39.0,62.69993209838867,39.0,103.92587280273438,39.0,67.05377960205078,39.0,82.72386932373047,39.0,68.77320098876953
39.010000000000005,63.4884147644043,39.010000000000005,103.76128387451172,39.01,67.83688354492188,39.010000000000005,82.71128845214844,39.010000000000005,69.44290924072266
39.02,64.2734146118164,39.02,103.60874938964844,39.02,68.6240234375,39.02,82.69639587402344,39.02,70.09487915039062
39.03,65.0376205444336,39.03,103.47384643554688,39.03,69.42223358154297,39.03,82.68243408203125,39.03,70.72891235351562
39.040000000000006,65.8007583618164,39.040000000000006,103.34867095947266,39.04,70.2200698852539,39.04,82.6701431274414,39.040000000000006,71.37052917480469
39.05,66.53276062011719,39.05,103.2366943359375,39.05,71.01044464111328,39.05,82.65923309326172,39.05,72.0082778930664
39.06,67.22864532470703,39.06,103.1234359741211,39.06,71.78917694091797,39.06,82.64783477783203,39.06,72.63431549072266
39.07,67.93838500976562,39.07,103.00146484375,39.07,72.55677032470703,39.07,82.63717651367188,39.07,73.21220397949219
39.080000000000005,68.66963195800781,39.080000000000005,102.88338470458984,39.08,73.31460571289062,39.080000000000005,82.62625885009766,39.080000000000005,73.66692352294922
39.09,69.39885711669922,39.09,102.7824249267578,39.09,74.04181671142578,39.09,82.61317443847656,39.09,74.08146667480469
39.1,70.0970687866211,39.1,102.70743560791016,39.1,74.75405883789062,39.1,82.60108184814453,39.1,74.48953247070312
39.11000000000001,70.75276184082031,39.11,102.65277099609376,39.11,75.46273803710938,39.11,82.5925064086914,39.11000000000001,74.89349365234375
39.120000000000005,71.36873626708984,39.120000000000005,102.6084976196289,39.12,76.1471939086914,39.120000000000005,82.58334350585938,39.120000000000005,75.29598236083984
39.13,71.97051239013672,39.13,102.56604766845705,39.13,76.80058288574219,39.13,82.57251739501953,39.13,75.72774505615234
39.14,72.5826416015625,39.14,102.52076721191406,39.14,77.41908264160156,39.14,82.55855560302734,39.14,76.16276550292969
39.150000000000006,73.18800354003906,39.150000000000006,102.48282623291016,39.15,77.98258972167969,39.15,82.54460144042969,39.150000000000006,76.60482788085938
39.16,73.78648376464844,39.16,102.45795440673828,39.16,78.51191711425781,39.16,82.52912139892578,39.16,77.05561828613281
39.17,74.3607177734375,39.17,102.4433822631836,39.17,79.032470703125,39.17,82.51264190673828,39.17,77.5239028930664
39.18000000000001,74.9091567993164,39.18,102.4370574951172,39.18,79.54901885986328,39.18,82.49099731445312,39.18000000000001,78.01347351074219
39.190000000000005,75.44243621826172,39.190000000000005,102.44305419921876,39.19,80.05316925048828,39.190000000000005,82.4671401977539,39.190000000000005,78.48538208007812
39.2,75.95299530029297,39.2,102.45336151123048,39.2,80.53044128417969,39.2,82.4453125,39.2,78.91487121582031
39.21,76.43547821044922,39.21,102.4665985107422,39.21,80.99722290039062,39.21,82.42618560791016,39.21,79.3399658203125
39.220000000000006,76.8758316040039,39.220000000000006,102.47916412353516,39.22,81.4638442993164,39.22,82.40690612792969,39.220000000000006,79.7575454711914
39.23,77.28269958496094,39.23,102.49112701416016,39.23,81.91820526123047,39.23,82.39094543457031,39.23,80.14566802978516
39.24,77.68411254882812,39.24,102.51775360107422,39.24,82.3571548461914,39.24,82.37579345703125,39.24,80.53267669677734
39.25,78.08698272705078,39.25,102.53221130371094,39.25,82.78602600097656,39.25,82.36402893066406,39.25,80.93938446044922
39.260000000000005,78.48389434814453,39.260000000000005,102.54086303710938,39.26,83.19425201416016,39.260000000000005,82.3534164428711,39.260000000000005,81.35153198242188
39.27,78.86868286132812,39.27,102.53679656982422,39.27,83.59125518798828,39.27,82.3432388305664,39.27,81.80123138427734
39.28,79.21990203857422,39.28,102.51842498779295,39.28,83.987060546875,39.28,82.33406829833984,39.28,82.25457763671875
39.290000000000006,79.54623413085938,39.290000000000006,102.49894714355467,39.29,84.39643859863281,39.29,82.32486724853516,39.290000000000006,82.68646240234375
39.3,79.87835693359375,39.3,102.48412322998048,39.3,84.81485748291016,39.3,82.31855010986328,39.3,83.09783172607422
39.31,80.23455047607422,39.31,102.46780395507812,39.31,85.21170043945312,39.31,82.31172943115234,39.31,83.49072265625
39.32,80.59461975097656,39.32,102.4437026977539,39.32,85.57328033447266,39.32,82.30579376220703,39.32,83.85200500488281
39.330000000000005,80.97824096679688,39.330000000000005,102.41845703125,39.33,85.91070556640625,39.330000000000005,82.3035888671875,39.330000000000005,84.17655944824219
39.34,81.38965606689453,39.34,102.38570404052734,39.34,86.23686218261719,39.34,82.29866790771484,39.34,84.50626373291016
39.35,81.79591369628906,39.35,102.35015106201172,39.35,86.5587387084961,39.35,82.30037689208984,39.35,84.82413482666016
39.36000000000001,82.18543243408203,39.36,102.31737518310548,39.36,86.86831665039062,39.36,82.2962417602539,39.36000000000001,85.11653900146484
39.370000000000005,82.55448913574219,39.370000000000005,102.28225708007812,39.37,87.18072509765625,39.370000000000005,82.29486846923828,39.370000000000005,85.39125061035156
39.38,82.90826416015625,39.38,102.24097442626952,39.38,87.49954223632812,39.38,82.29956817626953,39.38,85.65243530273438
39.39,83.24073028564453,39.39,102.19832611083984,39.39,87.82034301757812,39.39,82.30562591552734,39.39,85.90452575683594
39.400000000000006,83.58515930175781,39.400000000000006,102.15573120117188,39.4,88.148193359375,39.4,82.31507873535156,39.400000000000006,86.1476058959961
39.41,83.94308471679688,39.41,102.1173095703125,39.41,88.48124694824219,39.41,82.3247299194336,39.41,86.40668487548828
39.42,84.30175018310547,39.42,102.08580780029295,39.42,88.79910278320312,39.42,82.33284759521484,39.42,86.68115997314453
39.43000000000001,84.65811920166016,39.43,102.0575180053711,39.43,89.09964752197266,39.43,82.33818817138672,39.43000000000001,86.95465850830078
39.440000000000005,84.99676513671875,39.440000000000005,102.03465270996094,39.44,89.3924789428711,39.440000000000005,82.34371948242188,39.440000000000005,87.21956634521484
39.45,85.31754302978516,39.45,102.02464294433594,39.45,89.68347930908203,39.45,82.34843444824219,39.45,87.442138671875
39.46,85.60302734375,39.46,102.02458190917967,39.46,89.97533416748047,39.46,82.35362243652344,39.46,87.62638854980469
39.470000000000006,85.85077667236328,39.470000000000006,102.033935546875,39.47,90.26534271240234,39.47,82.36048126220703,39.470000000000006,87.77399444580078
39.48,86.0531234741211,39.48,102.04832458496094,39.48,90.54610443115234,39.48,82.3698501586914,39.48,87.86235046386719
39.49,86.21481323242188,39.49,102.06269073486328,39.49,90.80915832519533,39.49,82.38072204589844,39.49,87.89298248291016
39.5,86.3639907836914,39.5,102.07249450683594,39.5,91.04756927490234,39.5,82.38973236083984,39.5,87.89522552490234
39.510000000000005,86.4907455444336,39.510000000000005,102.08450317382812,39.51,91.2744598388672,39.510000000000005,82.39605712890625,39.510000000000005,87.94529724121094
39.52,86.59646606445312,39.52,102.09661865234376,39.52,91.49876403808594,39.52,82.39955139160156,39.52,88.06861877441406
39.53,86.705078125,39.53,102.10761260986328,39.53,91.7188720703125,39.53,82.397705078125,39.53,88.2442855834961
39.540000000000006,86.81578063964844,39.540000000000006,102.13060760498048,39.54,91.9173355102539,39.54,82.39617919921875,39.540000000000006,88.44169616699219
39.55,86.92809295654297,39.55,102.1556396484375,39.55,92.07290649414062,39.55,82.39542388916016,39.55,88.6378173828125
39.56,87.02798461914062,39.56,102.16340637207033,39.56,92.19292449951172,39.56,82.39399719238281,39.56,88.81954193115234
39.57,87.09721374511719,39.57,102.16525268554688,39.57,92.28529357910156,39.57,82.393798828125,39.57,88.96843719482422
39.580000000000005,87.14561462402344,39.580000000000005,102.1616439819336,39.58,92.3828582763672,39.580000000000005,82.39732360839844,39.580000000000005,89.08497619628906
39.59,87.19474792480469,39.59,102.15186309814452,39.59,92.47946166992188,39.59,82.40503692626953,39.59,89.18830108642578
39.6,87.25021362304688,39.6,102.13597869873048,39.6,92.551513671875,39.6,82.41337585449219,39.6,89.27239990234375
39.61000000000001,87.31060028076172,39.61,102.1178741455078,39.61,92.60264587402344,39.61,82.42060852050781,39.61000000000001,89.32453918457031
39.620000000000005,87.3687515258789,39.620000000000005,102.10089111328124,39.62,92.63985443115234,39.620000000000005,82.42484283447266,39.620000000000005,89.35540008544922
39.63,87.41836547851562,39.63,102.0867156982422,39.63,92.65528106689452,39.63,82.42938995361328,39.63,89.3816909790039
39.64,87.44987487792969,39.64,102.0789566040039,39.64,92.63477325439452,39.64,82.43395233154297,39.64,89.4281005859375
39.650000000000006,87.46748352050781,39.650000000000006,102.0713348388672,39.65,92.58712005615234,39.65,82.43640899658203,39.650000000000006,89.49212646484375
39.66,87.47691345214844,39.66,102.0569076538086,39.66,92.5283432006836,39.66,82.44358825683594,39.66,89.55977630615234
39.67,87.49739837646484,39.67,102.04440307617188,39.67,92.4430160522461,39.67,82.45359802246094,39.67,89.62892150878906
39.68000000000001,87.53323364257812,39.68,102.03677368164062,39.68,92.33055877685548,39.68,82.46404266357422,39.68000000000001,89.68531036376953
39.690000000000005,87.58879089355469,39.690000000000005,102.03443145751952,39.69,92.22127532958984,39.690000000000005,82.4723129272461,39.690000000000005,89.74602508544922
39.7,87.65142059326172,39.7,102.04074096679688,39.7,92.13156127929688,39.7,82.4820556640625,39.7,89.786376953125
39.71,87.70468139648438,39.71,102.04662322998048,39.71,92.06710052490234,39.71,82.4911117553711,39.71,89.80036163330078
39.720000000000006,87.72371673583984,39.720000000000006,102.0457534790039,39.72,92.01714324951172,39.72,82.49983215332031,39.720000000000006,89.81294250488281
39.73,87.72682189941406,39.73,102.03726196289062,39.73,91.96208190917967,39.73,82.50880432128906,39.73,89.8241958618164
39.74,87.71711730957031,39.74,102.02745819091795,39.74,91.90594482421876,39.74,82.5173110961914,39.74,89.83641052246094
39.75,87.71987915039062,39.75,102.02037048339844,39.75,91.8564910888672,39.75,82.52420043945312,39.75,89.84544372558594
39.760000000000005,87.72683715820312,39.760000000000005,102.0209732055664,39.76,91.81187438964844,39.760000000000005,82.52898406982422,39.760000000000005,89.85678100585938
39.77,87.72171783447266,39.77,102.0261001586914,39.77,91.7722625732422,39.77,82.53434753417969,39.77,89.86882781982422
39.78,87.70442199707031,39.78,102.02816009521484,39.78,91.72782135009766,39.78,82.536865234375,39.78,89.87574005126953
39.790000000000006,87.6844482421875,39.790000000000006,102.02103424072266,39.79,91.66981506347656,39.79,82.53992462158203,39.790000000000006,89.86863708496094
39.8,87.66722106933594,39.8,102.0101318359375,39.8,91.62081909179688,39.8,82.5442886352539,39.8,89.83863830566406
39.81,87.66503143310547,39.81,101.99959564208984,39.81,91.5859603881836,39.81,82.54763793945312,39.81,89.79878234863281
39.82,87.6793441772461,39.82,101.9939193725586,39.82,91.56476593017578,39.82,82.55166625976562,39.82,89.75078582763672
39.830000000000005,87.69499206542969,39.830000000000005,101.9880828857422,39.83,91.5578842163086,39.830000000000005,82.55435943603516,39.830000000000005,89.69978332519531
39.84,87.71286010742188,39.84,101.98033905029295,39.84,91.55616760253906,39.84,82.55714416503906,39.84,89.65882110595703
39.85,87.71791076660156,39.85,101.97088623046876,39.85,91.55760192871094,39.85,82.55941772460938,39.85,89.61708068847656
39.86000000000001,87.70297241210938,39.86,101.95948791503906,39.86,91.55831909179688,39.86,82.56170654296875,39.86000000000001,89.57511901855469
39.870000000000005,87.68709564208984,39.870000000000005,101.94630432128906,39.87,91.57282257080078,39.870000000000005,82.56463623046875,39.870000000000005,89.54161834716797
39.88,87.67391204833984,39.88,101.93115234375,39.88,91.5965576171875,39.88,82.56885528564453,39.88,89.5174331665039
39.89,87.65984344482422,39.89,101.913818359375,39.89,91.61807250976562,39.89,82.57183074951172,39.89,89.49474334716797
39.900000000000006,87.65902709960938,39.900000000000006,101.89490509033205,39.9,91.63658142089844,39.9,82.57359313964844,39.900000000000006,89.46490478515625
39.91,87.6725845336914,39.91,101.87577056884766,39.91,91.64492797851562,39.91,82.57755279541016,39.91,89.43366241455078
39.92,87.69065856933594,39.92,101.8562469482422,39.92,91.64419555664062,39.92,82.58085632324219,39.92,89.413818359375
39.93000000000001,87.70340728759766,39.93,101.83734893798828,39.93,91.6417236328125,39.93,82.58390045166016,39.93000000000001,89.40255737304688
39.940000000000005,87.71247100830078,39.940000000000005,101.81867218017578,39.94,91.64225006103516,39.940000000000005,82.58505249023438,39.940000000000005,89.38922119140625
39.95,87.72124481201172,39.95,101.8000030517578,39.95,91.64517974853516,39.95,82.58726501464844,39.95,89.37060546875
39.96,87.72708129882812,39.96,101.78074645996094,39.96,91.64079284667967,39.96,82.58946228027344,39.96,89.34770965576172
39.970000000000006,87.728515625,39.970000000000006,101.76042938232422,39.97,91.62501525878906,39.97,82.59133911132812,39.970000000000006,89.3158950805664
39.98,87.72313690185547,39.98,101.73902130126952,39.98,91.60336303710938,39.98,82.59432983398438,39.98,89.28016662597656
39.99,87.7141342163086,39.99,101.71833801269533,39.99,91.60103607177734,39.99,82.59539031982422,39.99,89.23857116699219
40.0,87.71495056152344,40.0,101.6974639892578,40.0,91.61344146728516,40.0,82.59613800048828,40.0,89.18365478515625
40.010000000000005,87.71025848388672,40.010000000000005,101.67591857910156,40.01,91.63755798339844,40.010000000000005,82.5960693359375,40.010000000000005,89.12113952636719
40.02,87.70356750488281,40.02,101.65663146972656,40.02,91.67403411865234,40.02,82.59503936767578,40.02,89.05537414550781
40.03,87.70853424072266,40.03,101.6414794921875,40.03,91.70909881591795,40.03,82.59375762939453,40.03,88.9969711303711
40.040000000000006,87.71444702148438,40.040000000000006,101.6272964477539,40.04,91.73452758789062,40.04,82.59141540527344,40.040000000000006,88.95205688476562
40.05,87.72734069824219,40.05,101.61229705810548,40.05,91.75326538085938,40.05,82.5908432006836,40.05,88.92866516113281
40.06,87.74080657958984,40.06,101.59392547607422,40.06,91.7634506225586,40.06,82.5887451171875,40.06,88.91181182861328
40.07,87.74285125732422,40.07,101.57420349121094,40.07,91.7747802734375,40.07,82.58551025390625,40.07,88.90767669677734
40.080000000000005,87.7352294921875,40.080000000000005,101.55784606933594,40.08,91.79302215576172,40.080000000000005,82.58436584472656,40.080000000000005,88.89347839355469
40.09,87.72608947753906,40.09,101.5406494140625,40.09,91.81571197509766,40.09,82.58255767822266,40.09,88.8717041015625
40.1,87.73198699951172,40.1,101.5258331298828,40.1,91.839111328125,40.1,82.5824966430664,40.1,88.84612274169922
40.11000000000001,87.7503433227539,40.11,101.51223754882812,40.11,91.86763763427734,40.11,82.5797348022461,40.11000000000001,88.81927490234375
40.120000000000005,87.76419830322266,40.120000000000005,101.5019989013672,40.12,91.89952850341795,40.120000000000005,82.5765609741211,40.120000000000005,88.79700469970703
40.13,87.7879867553711,40.13,101.49545288085938,40.13,91.93017578125,40.13,82.57462310791016,40.13,88.77964782714844
40.14,87.8212661743164,40.14,101.486328125,40.14,91.96004486083984,40.14,82.57170867919922,40.14,88.7609634399414
40.150000000000006,87.844482421875,40.150000000000006,101.4740753173828,40.15,91.99005126953124,40.15,82.56966400146484,40.150000000000006,88.73473358154297
40.16,87.86668395996094,40.16,101.4566421508789,40.16,92.02629852294922,40.16,82.56935119628906,40.16,88.7026138305664
40.17,87.8912353515625,40.17,101.43672943115234,40.17,92.0635223388672,40.17,82.57012176513672,40.17,88.67042541503906
40.18000000000001,87.90779113769531,40.18,101.41665649414062,40.18,92.09901428222656,40.18,82.56881713867188,40.18000000000001,88.63591003417969
40.190000000000005,87.92423248291016,40.190000000000005,101.3993148803711,40.19,92.1335906982422,40.190000000000005,82.5646743774414,40.190000000000005,88.60176849365234
40.2,87.94917297363281,40.2,101.38639831542967,40.2,92.15914154052734,40.2,82.56053161621094,40.2,88.56314849853516
40.21,87.97563171386719,40.21,101.38298034667967,40.21,92.17371368408205,40.21,82.55643463134766,40.21,88.5254135131836
40.220000000000006,87.99576568603516,40.220000000000006,101.37825012207033,40.22,92.18660736083984,40.22,82.5532455444336,40.220000000000006,88.48477172851562
40.23,88.01200866699219,40.23,101.37064361572266,40.23,92.2039566040039,40.23,82.55026245117188,40.23,88.44132232666016
40.24,88.02476501464844,40.24,101.3623504638672,40.24,92.23110961914062,40.24,82.54741668701172,40.24,88.39501953125
40.25,88.03819274902344,40.25,101.35354614257812,40.25,92.25647735595705,40.25,82.54553985595703,40.25,88.34455108642578
40.260000000000005,88.05232238769531,40.260000000000005,101.3441390991211,40.26,92.27925872802734,40.260000000000005,82.54502868652344,40.260000000000005,88.29459381103516
40.27,88.06416320800781,40.27,101.33616638183594,40.27,92.30266571044922,40.27,82.54371643066406,40.27,88.24295806884766
40.28,88.07903289794922,40.28,101.32931518554688,40.28,92.32664489746094,40.28,82.54149627685547,40.28,88.19396209716797
40.290000000000006,88.09129333496094,40.290000000000006,101.3199462890625,40.29,92.34683990478516,40.29,82.5401382446289,40.290000000000006,88.14494323730469
40.3,88.10501861572266,40.3,101.30731201171876,40.3,92.36477661132812,40.3,82.53504180908203,40.3,88.1025161743164
40.31,88.11137390136719,40.31,101.29869079589844,40.31,92.3788604736328,40.31,82.52806854248047,40.31,88.06057739257812
40.32,88.11261749267578,40.32,101.29844665527344,40.32,92.39116668701172,40.32,82.522705078125,40.32,88.01215362548828
40.330000000000005,88.1163558959961,40.330000000000005,101.29095458984376,40.33,92.40275573730467,40.330000000000005,82.51631927490234,40.330000000000005,87.95675659179688
40.34,88.11820220947266,40.34,101.26895904541016,40.34,92.41043090820312,40.34,82.51068115234375,40.34,87.89542388916016
40.35,88.1185531616211,40.35,101.24845123291016,40.35,92.41222381591795,40.35,82.50554656982422,40.35,87.83184051513672
40.36000000000001,88.12023162841797,40.36,101.22924041748048,40.36,92.41265106201172,40.36,82.49942016601562,40.36000000000001,87.7676010131836
40.370000000000005,88.12284088134766,40.370000000000005,101.21979522705078,40.37,92.45819091796876,40.370000000000005,82.49298095703125,40.370000000000005,87.7024917602539
40.38,88.13340759277344,40.38,101.2164077758789,40.38,92.4802474975586,40.38,82.48792266845703,40.38,87.63175201416016
40.39,88.14120483398438,40.39,101.2185287475586,40.39,92.4949722290039,40.39,82.47991943359375,40.39,87.55236053466797
40.400000000000006,88.13394165039062,40.400000000000006,101.22056579589844,40.4,92.5047378540039,40.4,82.47185516357422,40.400000000000006,87.45850372314453
40.41,88.1180648803711,40.41,101.21916198730467,40.41,92.50606536865234,40.41,82.46528625488281,40.41,87.35700988769531
40.42,88.09513854980469,40.42,101.2152099609375,40.42,92.494140625,40.42,82.45856475830078,40.42,87.2452163696289
40.43000000000001,88.06451416015625,40.43,101.2105712890625,40.43,92.46227264404295,40.43,82.45040893554688,40.43000000000001,87.11929321289062
40.440000000000005,88.0251693725586,40.440000000000005,101.20497131347656,40.44,92.41081237792967,40.440000000000005,82.44230651855469,40.440000000000005,86.98384094238281
40.45,87.98519897460938,40.45,101.19522094726562,40.45,92.35012817382812,40.45,82.43669128417969,40.45,86.85099029541016
40.46,87.95538330078125,40.46,101.18283081054688,40.46,92.28189849853516,40.46,82.42816162109375,40.46,86.72350311279297
40.470000000000006,87.93043518066406,40.470000000000006,101.17205047607422,40.47,92.21151733398438,40.47,82.41993713378906,40.470000000000006,86.60150909423828
40.48,87.89495086669922,40.48,101.15889739990234,40.48,92.14264678955078,40.48,82.41292572021484,40.48,86.4822769165039
40.49,87.85035705566406,40.49,101.1412124633789,40.49,92.0714874267578,40.49,82.40628051757812,40.49,86.36209106445312
40.5,87.80653381347656,40.5,101.1217269897461,40.5,91.99407196044922,40.5,82.39920043945312,40.5,86.23379516601562
40.510000000000005,87.76091003417969,40.510000000000005,101.09825897216795,40.51,91.91161346435548,40.510000000000005,82.39360046386719,40.510000000000005,86.0949935913086
40.52,87.7115249633789,40.52,101.07373809814452,40.52,91.82455444335938,40.52,82.38833618164062,40.52,85.93595123291016
40.53,87.6512451171875,40.53,101.0475845336914,40.53,91.73345184326172,40.53,82.3832015991211,40.53,85.75690460205078
40.540000000000006,87.57786560058594,40.540000000000006,101.0185317993164,40.54,91.64385223388672,40.54,82.37776947021484,40.540000000000006,85.56591796875
40.55,87.49598693847656,40.55,100.99006652832033,40.55,91.5465850830078,40.55,82.3736343383789,40.55,85.36299133300781
40.56,87.40335845947266,40.56,100.96387481689452,40.56,91.4410171508789,40.56,82.3683853149414,40.56,85.16136932373047
40.57,87.29908752441406,40.57,100.93649291992188,40.57,91.32681274414062,40.57,82.36480712890625,40.57,84.96044921875
40.580000000000005,87.18415069580078,40.580000000000005,100.90941619873048,40.58,91.21521759033205,40.580000000000005,82.3606185913086,40.580000000000005,84.75041961669922
40.59,87.06875610351562,40.59,100.88288116455078,40.59,91.11094665527344,40.59,82.3558349609375,40.59,84.52143859863281
40.6,86.95396423339844,40.6,100.8553695678711,40.6,91.0140151977539,40.6,82.35225677490234,40.6,84.25619506835938
40.61000000000001,86.82734680175781,40.61,100.82799530029295,40.61,90.92224884033205,40.61,82.3487319946289,40.61000000000001,83.9703369140625
40.620000000000005,86.67964172363281,40.620000000000005,100.7999496459961,40.62,90.8215103149414,40.620000000000005,82.34623718261719,40.620000000000005,83.67353057861328
40.63,86.50040435791016,40.63,100.76539611816406,40.63,90.7106475830078,40.63,82.34357452392578,40.63,83.37083435058594
40.64,86.2964096069336,40.64,100.72911834716795,40.64,90.58728790283205,40.64,82.3412094116211,40.64,83.06842041015625
40.650000000000006,86.07809448242188,40.650000000000006,100.68880462646484,40.65,90.44723510742188,40.65,82.3403091430664,40.650000000000006,82.76976013183594
40.66,85.83905029296875,40.66,100.64693450927734,40.66,90.2861328125,40.66,82.33843994140625,40.66,82.46721649169922
40.67,85.59757232666016,40.67,100.60509490966795,40.67,90.09783172607422,40.67,82.33594512939453,40.67,82.17520904541016
40.68000000000001,85.36348724365234,40.68,100.5638198852539,40.68,89.8979263305664,40.68,82.33480834960938,40.68000000000001,81.88934326171875
40.690000000000005,85.13050842285156,40.690000000000005,100.5229721069336,40.69,89.69161987304688,40.690000000000005,82.33242797851562,40.690000000000005,81.59734344482422
40.7,84.88910675048828,40.7,100.48085021972656,40.7,89.47705078125,40.7,82.33547973632812,40.7,81.27131652832031
40.71,84.62267303466797,40.71,100.42876434326172,40.71,89.24632263183594,40.71,82.34015655517578,40.71,80.88568115234375
40.720000000000006,84.30915069580078,40.720000000000006,100.36822509765624,40.72,88.99799346923828,40.72,82.34473419189453,40.720000000000006,80.43507385253906
40.73,83.97008514404297,40.73,100.30091094970705,40.73,88.72406005859375,40.73,82.348876953125,40.73,79.93991088867188
40.74,83.61835479736328,40.74,100.23387908935548,40.74,88.41714477539062,40.74,82.35504150390625,40.74,79.40760040283203
40.75,83.24243927001953,40.75,100.17227172851562,40.75,88.08482360839844,40.75,82.35958099365234,40.75,78.8623275756836
40.760000000000005,82.8409423828125,40.760000000000005,100.11347198486328,40.76,87.72655487060547,40.760000000000005,82.363037109375,40.760000000000005,78.31802368164062
40.77,82.44996643066406,40.77,100.04732513427734,40.77,87.3530502319336,40.77,82.36778259277344,40.77,77.7609634399414
40.78,82.1010513305664,40.78,99.9559326171875,40.78,86.95946502685547,40.78,82.37454986572266,40.78,77.19961547851562
40.790000000000006,81.77921295166016,40.790000000000006,99.84418487548828,40.79,86.5513687133789,40.79,82.38220977783203,40.790000000000006,76.6282958984375
40.8,81.46619415283203,40.8,99.7332763671875,40.8,86.13514709472656,40.8,82.39399719238281,40.8,76.01510620117188
40.81,81.14554595947266,40.81,99.63428497314452,40.81,85.72423553466797,40.81,82.40738677978516,40.81,75.38370513916016
40.82,80.79167938232422,40.82,99.54352569580078,40.82,85.31735229492188,40.82,82.4253921508789,40.82,74.74365997314453
40.830000000000005,80.38582611083984,40.830000000000005,99.46078491210938,40.83,84.91902160644531,40.830000000000005,82.44683837890625,40.830000000000005,74.12667846679688
40.84,79.92277526855469,40.84,99.38327026367188,40.84,84.5359115600586,40.84,82.471923828125,40.84,73.51434326171875
40.85,79.41148376464844,40.85,99.30725860595705,40.85,84.1745834350586,40.85,82.49974822998047,40.85,72.91159057617188
40.86000000000001,78.91996002197266,40.86,99.2350082397461,40.86,83.8110122680664,40.86,82.53353881835938,40.86000000000001,72.34835815429688
40.870000000000005,78.44745635986328,40.870000000000005,99.16327667236328,40.87,83.41166687011719,40.870000000000005,82.57572174072266,40.870000000000005,71.78694915771484
40.88,77.9712142944336,40.88,99.07915496826172,40.88,82.95635986328125,40.88,82.62751007080078,40.88,71.21327209472656
40.89,77.48270416259766,40.89,98.9918212890625,40.89,82.45972442626953,40.89,82.68965911865234,40.89,70.64974212646484
40.900000000000006,76.95832061767578,40.900000000000006,98.90827941894533,40.9,81.91026306152344,40.9,82.76277923583984,40.900000000000006,70.10102081298828
40.91,76.41080474853516,40.91,98.85945129394533,40.91,81.32042694091797,40.91,82.83809661865234,40.91,69.56088256835938
40.92,75.8666763305664,40.92,98.85350799560548,40.92,80.69949340820312,40.92,82.9043960571289,40.92,69.06136322021484
40.93000000000001,75.32003784179688,40.93,98.87017059326172,40.93,80.07097625732422,40.93,82.95994567871094,40.93000000000001,68.57664489746094
40.940000000000005,74.75553894042969,40.940000000000005,98.91018676757812,40.94,79.44007110595703,40.940000000000005,83.00927734375,40.940000000000005,68.07539367675781
40.95,74.13963317871094,40.95,98.98985290527344,40.95,78.78355407714844,40.95,83.05899810791016,40.95,67.55806732177734
40.96,73.47877502441406,40.96,99.08553314208984,40.96,78.0895767211914,40.96,83.10743713378906,40.96,67.00746154785156
40.970000000000006,72.77513122558594,40.970000000000006,99.18177032470705,40.97,77.3648452758789,40.97,83.16131591796875,40.970000000000006,66.41455078125
40.98,72.0495376586914,40.98,99.27980041503906,40.98,76.64250183105469,40.98,83.21427917480469,40.98,65.7878189086914
40.99,71.3106460571289,40.99,99.39065551757812,40.99,75.92333984375,40.99,83.26765441894531,40.99,65.19200897216797
41.0,70.55473327636719,41.0,99.52384948730467,41.0,75.21265411376953,41.0,83.31582641601562,41.0,64.6791763305664
41.010000000000005,69.78900909423828,41.010000000000005,99.67684173583984,41.01,74.49026489257812,41.010000000000005,83.36727905273438,41.010000000000005,64.22958374023438
41.02,69.0143051147461,41.02,99.8323974609375,41.02,73.70714569091797,41.02,83.41554260253906,41.02,63.81339645385742
41.03,68.2442855834961,41.03,100.00756072998048,41.03,72.88311767578125,41.03,83.45684051513672,41.03,63.36650466918945
41.040000000000006,67.46243286132812,41.040000000000006,100.20570373535156,41.04,72.06604766845703,41.04,83.48027801513672,41.040000000000006,62.88916015625
41.05,66.67991638183594,41.05,100.40340423583984,41.05,71.27102661132812,41.05,83.4945297241211,41.05,62.36590194702149
41.06,65.91922760009766,41.06,100.5945816040039,41.06,70.47854614257812,41.06,83.5071792602539,41.06,61.85566329956055
41.07,65.17109680175781,41.07,100.80030822753906,41.07,69.67809295654297,41.07,83.53112030029297,41.07,61.30816268920898
41.080000000000005,64.4216079711914,41.080000000000005,101.04003143310548,41.08,68.86775207519531,41.080000000000005,83.56307220458984,41.080000000000005,60.716896057128906
41.09,63.652122497558594,41.09,101.31150817871094,41.09,68.06478881835938,41.09,83.59719848632812,41.09,60.18573760986328
41.1,62.893211364746094,41.1,101.5669403076172,41.1,67.27384948730469,41.1,83.64769744873047,41.1,59.79500961303711
41.11000000000001,62.141788482666016,41.11,101.80003356933594,41.11,66.44446563720703,41.11,83.70092010498047,41.11000000000001,59.47369766235352
41.120000000000005,61.34186935424805,41.120000000000005,102.01200103759766,41.12,65.57577514648438,41.120000000000005,83.7287826538086,41.120000000000005,59.14974212646485
41.13,60.45721054077149,41.13,102.21781158447266,41.13,64.69375610351562,41.13,83.72119903564453,41.13,58.7325553894043
41.14,59.546905517578125,41.14,102.4345474243164,41.14,63.80180358886719,41.14,83.67852020263672,41.14,58.20531845092773
41.150000000000006,58.6611328125,41.150000000000006,102.65766143798828,41.15,62.89054107666016,41.15,83.62740325927734,41.150000000000006,57.648582458496094
41.16,57.765380859375,41.16,102.89727783203124,41.16,61.96919631958008,41.16,83.59465789794922,41.16,57.10349655151367
41.17,56.8651237487793,41.17,103.13167572021484,41.17,61.07453155517578,41.17,83.58187866210938,41.17,56.54772186279297
41.18000000000001,55.980655670166016,41.18,103.3595962524414,41.18,60.199180603027344,41.18,83.58633422851562,41.18000000000001,56.000823974609375
41.190000000000005,55.09371566772461,41.190000000000005,103.57312774658205,41.19,59.29445266723633,41.190000000000005,83.59751892089844,41.190000000000005,55.51685333251953
41.2,54.21937942504883,41.2,103.75830841064452,41.2,58.384090423583984,41.2,83.61264038085938,41.2,55.27386093139648
41.21,53.35734939575195,41.21,103.9123306274414,41.21,57.46484375,41.21,83.620361328125,41.21,55.18529891967773
41.220000000000006,52.46811294555664,41.220000000000006,104.04279327392578,41.22,56.56315994262695,41.22,83.6224365234375,41.220000000000006,55.103633880615234
41.23,51.54854583740234,41.23,104.1573715209961,41.23,55.68087387084961,41.23,83.62669372558594,41.23,54.89765930175781
41.24,50.66378402709961,41.24,104.2675552368164,41.24,54.79846954345703,41.24,83.6417465209961,41.24,54.505615234375
41.25,49.81077194213867,41.25,104.39839935302734,41.25,53.92042922973633,41.25,83.66539001464844,41.25,53.93359375
41.260000000000005,48.9826774597168,41.260000000000005,104.57271575927734,41.26,53.06135559082031,41.260000000000005,83.68585205078125,41.260000000000005,53.29791641235352
41.27,48.18263626098633,41.27,104.75474548339844,41.27,52.24544143676758,41.27,83.70164489746094,41.27,52.70905685424805
41.28,47.3743896484375,41.28,104.91214752197266,41.28,51.46857833862305,41.28,83.72085571289062,41.28,52.2553825378418
41.290000000000006,46.544189453125,41.290000000000006,105.03313446044922,41.29,50.7133903503418,41.29,83.73194885253906,41.290000000000006,51.9078483581543
41.3,45.70635986328125,41.3,105.1225357055664,41.3,49.94965744018555,41.3,83.73390197753906,41.3,51.54597091674805
41.31,44.84465026855469,41.31,105.19745635986328,41.31,49.1587142944336,41.31,83.73314666748047,41.31,51.12809753417969
41.32,44.00739669799805,41.32,105.23993682861328,41.32,48.33135986328125,41.32,83.73597717285156,41.32,50.65203475952149
41.330000000000005,43.21918869018555,41.330000000000005,105.2568817138672,41.33,47.492225646972656,41.330000000000005,83.74625396728516,41.330000000000005,50.11857604980469
41.34,42.43878555297852,41.34,105.26763916015624,41.34,46.672847747802734,41.34,83.76167297363281,41.34,49.57182312011719
41.35,41.65961456298828,41.35,105.27139282226562,41.35,45.88467025756836,41.35,83.7802505493164,41.35,49.11142349243164
41.36000000000001,40.86505126953125,41.36,105.2744598388672,41.36,45.13846206665039,41.36,83.80218505859375,41.36000000000001,48.738426208496094
41.370000000000005,40.074440002441406,41.370000000000005,105.2789077758789,41.37,44.432373046875,41.370000000000005,83.82505798339844,41.370000000000005,48.47420120239258
41.38,39.2973861694336,41.38,105.29168701171876,41.38,43.73119735717773,41.38,83.84635162353516,41.38,48.32149505615234
41.39,38.57670211791992,41.39,105.3092803955078,41.39,43.01365280151367,41.39,83.86519622802734,41.39,48.19598007202149
41.400000000000006,37.90514373779297,41.400000000000006,105.31340789794922,41.4,42.292423248291016,41.4,83.87847137451172,41.400000000000006,48.0566635131836
41.41,37.24019241333008,41.41,105.29923248291016,41.41,41.58620834350586,41.41,83.88602447509766,41.41,47.87312698364258
41.42,36.57415390014648,41.42,105.27450561523438,41.42,40.90787887573242,41.42,83.88745880126953,41.42,47.66512298583984
41.43000000000001,35.90982818603516,41.43,105.24249267578124,41.43,40.2383918762207,41.43,83.88530731201172,41.43000000000001,47.46488571166992
41.440000000000005,35.24349594116211,41.440000000000005,105.20849609375,41.44,39.54691696166992,41.440000000000005,83.87788391113281,41.440000000000005,47.28306198120117
41.45,34.571128845214844,41.45,105.17255401611328,41.45,38.859771728515625,41.45,83.86965942382812,41.45,47.184452056884766
41.46,33.88182830810547,41.46,105.13088989257812,41.46,38.18399810791016,41.46,83.86510467529297,41.46,47.16583633422852
41.470000000000006,33.16946029663086,41.470000000000006,105.0829086303711,41.47,37.5157356262207,41.47,83.86396789550781,41.470000000000006,47.24415969848633
41.48,32.43797302246094,41.48,105.0261688232422,41.48,36.86203384399414,41.48,83.8652114868164,41.48,47.3847541809082
41.49,31.712963104248047,41.49,104.95622253417967,41.49,36.22924041748047,41.49,83.87374114990234,41.49,47.505165100097656
41.5,31.01976776123047,41.5,104.87406158447266,41.5,35.616573333740234,41.5,83.87667846679688,41.5,47.58462142944336
41.510000000000005,30.34722137451172,41.510000000000005,104.7784423828125,41.51,35.003944396972656,41.510000000000005,83.8787612915039,41.510000000000005,47.673526763916016
41.52,29.6885929107666,41.52,104.68061065673828,41.52,34.393123626708984,41.52,83.87736511230469,41.52,47.766212463378906
41.53,29.040542602539062,41.53,104.58551025390624,41.53,33.77735137939453,41.53,83.8664321899414,41.53,47.898067474365234
41.540000000000006,28.392295837402344,41.540000000000006,104.47930145263672,41.54,33.167633056640625,41.54,83.87251281738281,41.540000000000006,48.08001327514648
41.55,27.75059127807617,41.55,104.3788604736328,41.55,32.58391571044922,41.55,83.88485717773438,41.55,48.3403549194336
41.56,27.106216430664062,41.56,104.27123260498048,41.56,32.02335357666016,41.56,83.9030532836914,41.56,48.64703369140625
41.57,26.46444320678711,41.57,104.15953063964844,41.57,31.468456268310547,41.57,83.91631317138672,41.57,48.99870681762695
41.580000000000005,25.838642120361328,41.580000000000005,104.04864501953124,41.58,30.909568786621094,41.580000000000005,83.92195892333984,41.580000000000005,49.38833999633789
41.59,25.229656219482425,41.59,103.93748474121094,41.59,30.359451293945312,41.59,83.92279052734375,41.59,49.784088134765625
41.6,24.63336944580078,41.6,103.81993865966795,41.6,29.821407318115234,41.6,83.91943359375,41.6,50.18916320800781
41.61000000000001,24.052778244018555,41.61,103.69625091552734,41.61,29.277788162231445,41.61,83.91336059570312,41.61000000000001,50.59331130981445
41.620000000000005,23.478731155395508,41.620000000000005,103.5714111328125,41.62,28.721803665161133,41.620000000000005,83.90814208984375,41.620000000000005,51.04469299316406
41.63,22.91145896911621,41.63,103.4423599243164,41.63,28.16779899597168,41.63,83.90384674072266,41.63,51.586910247802734
41.64,22.3421630859375,41.64,103.30902099609376,41.64,27.609867095947266,41.64,83.90571594238281,41.64,52.193729400634766
41.650000000000006,21.76819229125977,41.650000000000006,103.1606216430664,41.65,27.06000328063965,41.65,83.91377258300781,41.650000000000006,52.83702850341797
41.66,21.192895889282227,41.66,102.99645233154295,41.66,26.54669952392578,41.66,83.9178466796875,41.66,53.50058364868164
41.67,20.597768783569336,41.67,102.83342742919922,41.67,26.05348014831543,41.67,83.91764831542969,41.67,54.22429656982422
41.68000000000001,20.001615524291992,41.68,102.6850128173828,41.68,25.55027198791504,41.68,83.91397094726562,41.68000000000001,55.02960586547852
41.690000000000005,19.423105239868164,41.690000000000005,102.54749298095705,41.69,25.024757385253903,41.690000000000005,83.91436004638672,41.690000000000005,55.88806915283203
41.7,18.868167877197266,41.7,102.41544342041016,41.7,24.492450714111328,41.7,83.92229461669922,41.7,56.78182601928711
41.71,18.341777801513672,41.71,102.28823852539062,41.71,23.941051483154297,41.71,83.93190002441406,41.71,57.618255615234375
41.720000000000006,17.83354949951172,41.720000000000006,102.16966247558594,41.72,23.355472564697266,41.72,83.94277954101562,41.720000000000006,58.35295867919922
41.73,17.347064971923828,41.73,102.07581329345705,41.73,22.766420364379883,41.73,83.95267486572266,41.73,59.02862930297852
41.74,16.900978088378906,41.74,102.0016632080078,41.74,22.198442459106445,41.74,83.9705581665039,41.74,59.68227005004883
41.75,16.49364471435547,41.75,101.9267807006836,41.75,21.67003059387207,41.75,84.00202941894531,41.75,60.30474090576172
41.760000000000005,16.124439239501953,41.760000000000005,101.83428192138672,41.76,21.206138610839844,41.760000000000005,84.0409164428711,41.760000000000005,60.93108367919922
41.77,15.813227653503418,41.77,101.7304916381836,41.77,20.82755470275879,41.77,84.07805633544922,41.77,61.57706832885742
41.78,15.525819778442385,41.78,101.6209945678711,41.78,20.51494407653809,41.78,84.10466003417969,41.78,62.25030517578125
41.790000000000006,15.237070083618164,41.790000000000006,101.5104522705078,41.79,20.23155975341797,41.79,84.1164779663086,41.790000000000006,62.954376220703125
41.8,14.97145938873291,41.8,101.40743255615234,41.8,19.994834899902344,41.8,84.11248779296875,41.8,63.667747497558594
41.81,14.733683586120604,41.81,101.33139038085938,41.81,19.807680130004883,41.81,84.10002899169922,41.81,64.39250183105469
41.82,14.49236297607422,41.82,101.2835922241211,41.82,19.614730834960938,41.82,84.08877563476562,41.82,65.14067840576172
41.830000000000005,14.268281936645508,41.830000000000005,101.2410659790039,41.83,19.391048431396484,41.830000000000005,84.08033752441406,41.830000000000005,65.91600036621094
41.84,14.073040962219238,41.84,101.1904525756836,41.84,19.1766414642334,41.84,84.0712890625,41.84,66.70475006103516
41.85,13.918408393859863,41.85,101.1343765258789,41.85,18.972118377685547,41.85,84.06156158447266,41.85,67.473388671875
41.86000000000001,13.804080963134766,41.86,101.07495880126952,41.86,18.784019470214844,41.86,84.05028533935547,41.86000000000001,68.20601654052734
41.870000000000005,13.685827255249023,41.870000000000005,101.00540924072266,41.87,18.61425399780273,41.870000000000005,84.03643035888672,41.870000000000005,68.9108657836914
41.88,13.551400184631348,41.88,100.93016052246094,41.88,18.447479248046875,41.88,84.01628112792969,41.88,69.5888900756836
41.89,13.41554832458496,41.89,100.86216735839844,41.89,18.291900634765625,41.89,83.99249267578125,41.89,70.27448272705078
41.900000000000006,13.294647216796877,41.900000000000006,100.8088836669922,41.9,18.13728713989257,41.9,83.96922302246094,41.900000000000006,70.99749755859375
41.91,13.20131015777588,41.91,100.76847076416016,41.91,17.960723876953125,41.91,83.94159698486328,41.91,71.73616027832031
41.92,13.110700607299805,41.92,100.73185729980467,41.92,17.778614044189453,41.92,83.90974426269531,41.92,72.47823333740234
41.93000000000001,13.049242973327637,41.93,100.6917495727539,41.93,17.60622215270996,41.93,83.88062286376953,41.93000000000001,73.19506072998047
41.940000000000005,12.998977661132812,41.940000000000005,100.6504135131836,41.94,17.441198348999023,41.940000000000005,83.8497314453125,41.940000000000005,73.86322021484375
41.95,12.914224624633787,41.95,100.60393524169922,41.95,17.276464462280273,41.95,83.81488800048828,41.95,74.45792388916016
41.96,12.818230628967283,41.96,100.56346130371094,41.96,17.1107234954834,41.96,83.78126525878906,41.96,74.994384765625
41.970000000000006,12.73242473602295,41.970000000000006,100.52903747558594,41.97,16.916259765625,41.97,83.75190734863281,41.970000000000006,75.51078033447266
41.98,12.644185066223145,41.98,100.48426055908205,41.98,16.70256996154785,41.98,83.72701263427734,41.98,76.02737426757812
41.99,12.539122581481934,41.99,100.42359924316406,41.99,16.48438835144043,41.99,83.71023559570312,41.99,76.55640411376953
42.0,12.429261207580566,42.0,100.34236145019533,42.0,16.267900466918945,42.0,83.70099639892578,42.0,77.10377502441406
42.010000000000005,12.30472183227539,42.010000000000005,100.25127410888672,42.01,16.050338745117188,42.010000000000005,83.69580078125,42.010000000000005,77.66439819335938
42.02,12.14419174194336,42.02,100.14646911621094,42.02,15.830549240112305,42.02,83.69246673583984,42.02,78.21110534667969
42.03,11.96086883544922,42.03,100.03317260742188,42.03,15.580636024475098,42.03,83.68592071533203,42.03,78.72681427001953
42.040000000000006,11.7970552444458,42.040000000000006,99.92546081542967,42.04,15.30543327331543,42.04,83.67691802978516,42.040000000000006,79.23117065429688
42.05,11.655688285827637,42.05,99.83355712890624,42.05,15.021379470825195,42.05,83.66515350341797,42.05,79.74169158935547
42.06,11.51534938812256,42.06,99.74910736083984,42.06,14.74366283416748,42.06,83.6561279296875,42.06,80.24140167236328
42.07,11.36772918701172,42.07,99.67354583740234,42.07,14.48667812347412,42.07,83.64471435546875,42.07,80.72888946533203
42.080000000000005,11.223152160644531,42.080000000000005,99.59695434570312,42.08,14.246846199035645,42.080000000000005,83.63931274414062,42.080000000000005,81.23082733154297
42.09,11.07131576538086,42.09,99.51002502441406,42.09,14.033978462219238,42.09,83.64114379882812,42.09,81.75408172607422
42.1,10.904411315917969,42.1,99.41424560546876,42.1,13.84486484527588,42.1,83.64602661132812,42.1,82.30793762207031
42.11000000000001,10.742562294006348,42.11,99.3158187866211,42.11,13.679210662841797,42.11,83.65029907226562,42.11000000000001,82.86431884765625
42.120000000000005,10.581304550170898,42.120000000000005,99.20806884765624,42.12,13.53469467163086,42.120000000000005,83.64990997314453,42.120000000000005,83.39888763427734
42.13,10.441764831542969,42.13,99.09314727783205,42.13,13.40528392791748,42.13,83.6424789428711,42.13,83.9013900756836
42.14,10.329845428466797,42.14,98.98374938964844,42.14,13.288402557373049,42.14,83.63063049316406,42.14,84.3727035522461
42.150000000000006,10.223602294921877,42.150000000000006,98.8881378173828,42.15,13.169175148010254,42.15,83.6162338256836,42.150000000000006,84.82086181640625
42.16,10.115567207336426,42.16,98.81401824951172,42.16,13.033836364746094,42.16,83.60025024414062,42.16,85.2599105834961
42.17,10.007579803466797,42.17,98.7581787109375,42.17,12.881704330444336,42.17,83.58720397949219,42.17,85.68827056884766
42.18000000000001,9.888177871704102,42.18,98.71276092529295,42.18,12.725590705871582,42.18,83.5790786743164,42.18000000000001,86.12346649169922
42.190000000000005,9.76271629333496,42.190000000000005,98.67078399658205,42.19,12.571803092956545,42.190000000000005,83.57538604736328,42.190000000000005,86.5762710571289
42.2,9.648690223693848,42.2,98.62933349609376,42.2,12.426486015319824,42.2,83.57646179199219,42.2,87.03233337402344
42.21,9.550382614135742,42.21,98.59463500976562,42.21,12.301276206970217,42.21,83.57867431640625,42.21,87.47740173339844
42.220000000000006,9.4621000289917,42.220000000000006,98.56450653076172,42.22,12.197423934936523,42.22,83.57547760009766,42.220000000000006,87.90491485595703
42.23,9.41635799407959,42.23,98.52040100097656,42.23,12.115915298461914,42.23,83.56668090820312,42.23,88.30057525634766
42.24,9.412165641784668,42.24,98.4627456665039,42.24,12.057719230651855,42.24,83.54794311523438,42.24,88.65718841552734
42.25,9.393593788146973,42.25,98.40276336669922,42.25,12.013324737548828,42.25,83.5166015625,42.25,88.9779281616211
42.260000000000005,9.369781494140623,42.260000000000005,98.34977722167967,42.26,11.980159759521484,42.260000000000005,83.4763412475586,42.260000000000005,89.31241607666016
42.27,9.334014892578123,42.27,98.32379150390624,42.27,11.959722518920898,42.27,83.43314361572266,42.27,89.63886260986328
42.28,9.264117240905762,42.28,98.3149185180664,42.28,11.952662467956545,42.28,83.39793395996094,42.28,89.91864013671875
42.290000000000006,9.173115730285645,42.290000000000006,98.32785034179688,42.29,11.956670761108398,42.29,83.3704833984375,42.290000000000006,90.16773986816406
42.3,9.07456874847412,42.3,98.35509490966795,42.3,11.97300910949707,42.3,83.35816955566406,42.3,90.4071273803711
42.31,8.98208999633789,42.31,98.36369323730467,42.31,11.999974250793455,42.31,83.35713195800781,42.31,90.62616729736328
42.32,8.915645599365234,42.32,98.35442352294922,42.32,12.03823184967041,42.32,83.3599853515625,42.32,90.81423950195312
42.330000000000005,8.870620727539062,42.330000000000005,98.33197784423828,42.33,12.07907485961914,42.330000000000005,83.36211395263672,42.330000000000005,90.99832916259766
42.34,8.846197128295898,42.34,98.31006622314452,42.34,12.109872817993164,42.34,83.35717010498047,42.34,91.2167510986328
42.35,8.842375755310059,42.35,98.295166015625,42.35,12.125693321228027,42.35,83.34810638427734,42.35,91.4465560913086
42.36000000000001,8.841320991516113,42.36,98.28862762451172,42.36,12.126531600952148,42.36,83.33396911621094,42.36000000000001,91.65025329589844
42.370000000000005,8.823637008666992,42.370000000000005,98.29383087158205,42.37,12.107852935791016,42.370000000000005,83.31572723388672,42.370000000000005,91.81236267089844
42.38,8.803964614868164,42.38,98.3227767944336,42.38,12.073826789855955,42.38,83.29442596435547,42.38,91.95580291748048
42.39,8.768454551696777,42.39,98.36492919921876,42.39,12.027679443359377,42.39,83.27143859863281,42.39,92.09222412109376
42.400000000000006,8.723444938659668,42.400000000000006,98.40914154052734,42.4,11.980167388916016,42.4,83.25032043457031,42.400000000000006,92.1933822631836
42.41,8.6882963180542,42.41,98.45001983642578,42.41,11.939868927001951,42.41,83.2326889038086,42.41,92.2714385986328
42.42,8.652888298034668,42.42,98.48402404785156,42.42,11.906481742858888,42.42,83.22126007080078,42.42,92.3597183227539
42.43000000000001,8.627203941345215,42.43,98.51123046875,42.43,11.884197235107422,42.43,83.21487426757812,42.43000000000001,92.45986938476562
42.440000000000005,8.62241268157959,42.440000000000005,98.53459930419922,42.44,11.87625503540039,42.440000000000005,83.21018981933594,42.440000000000005,92.55642700195312
42.45,8.652737617492676,42.45,98.55113220214844,42.45,11.881434440612791,42.45,83.20256805419922,42.45,92.65245819091795
42.46,8.705044746398926,42.46,98.5662841796875,42.46,11.89435863494873,42.46,83.19400024414062,42.46,92.76109313964844
42.470000000000006,8.756422996520996,42.470000000000006,98.5787582397461,42.47,11.916988372802734,42.47,83.18526458740234,42.470000000000006,92.87828826904295
42.48,8.807132720947266,42.48,98.59888458251952,42.48,11.945817947387695,42.48,83.17610931396484,42.48,92.99957275390624
42.49,8.84717845916748,42.49,98.62669372558594,42.49,11.980015754699709,42.49,83.16914367675781,42.49,93.11123657226562
42.5,8.86228084564209,42.5,98.64590454101562,42.5,12.006789207458496,42.5,83.16162872314453,42.5,93.21015167236328
42.510000000000005,8.871198654174805,42.510000000000005,98.66365814208984,42.51,12.032998085021973,42.510000000000005,83.15533447265625,42.510000000000005,93.29560089111328
42.52,8.879124641418457,42.52,98.68485260009766,42.52,12.056865692138672,42.52,83.15182495117188,42.52,93.36888122558594
42.53,8.877622604370117,42.53,98.70282745361328,42.53,12.072260856628418,42.53,83.14788055419922,42.53,93.42945861816406
42.540000000000006,8.868398666381836,42.540000000000006,98.71643829345705,42.54,12.09157657623291,42.54,83.14282989501953,42.540000000000006,93.46841430664062
42.55,8.871316909790039,42.55,98.71986389160156,42.55,12.112967491149902,42.55,83.13665008544922,42.55,93.48416900634766
42.56,8.890121459960938,42.56,98.7128448486328,42.56,12.13910675048828,42.56,83.13339233398438,42.56,93.47212982177734
42.57,8.898848533630371,42.57,98.71417999267578,42.57,12.168617248535156,42.57,83.13034057617188,42.57,93.44161987304688
42.580000000000005,8.875478744506836,42.580000000000005,98.72088623046876,42.58,12.205541610717772,42.580000000000005,83.13015747070312,42.580000000000005,93.41415405273438
42.59,8.84457778930664,42.59,98.72227478027344,42.59,12.252480506896973,42.59,83.13233184814453,42.59,93.3930435180664
42.6,8.827975273132324,42.6,98.72726440429688,42.6,12.299131393432615,42.6,83.13536071777344,42.6,93.37640380859376
42.61000000000001,8.814825057983398,42.61,98.73274993896484,42.61,12.335464477539062,42.61,83.14012145996094,42.61000000000001,93.36573028564452
42.620000000000005,8.797115325927734,42.620000000000005,98.7371597290039,42.62,12.360912322998049,42.620000000000005,83.14423370361328,42.620000000000005,93.357666015625
42.63,8.781047821044922,42.63,98.73684692382812,42.63,12.376205444335938,42.63,83.14871215820312,42.63,93.34295654296876
42.64,8.771345138549805,42.64,98.7392349243164,42.64,12.37247085571289,42.64,83.15298461914062,42.64,93.32366180419922
42.650000000000006,8.773426055908203,42.650000000000006,98.7494125366211,42.65,12.345641136169434,42.65,83.15545654296875,42.650000000000006,93.31726837158205
42.66,8.778823852539062,42.66,98.7623062133789,42.66,12.309256553649902,42.66,83.1552505493164,42.66,93.3383331298828
42.67,8.779036521911621,42.67,98.77522277832033,42.67,12.277997016906738,42.67,83.15402221679688,42.67,93.38829040527344
42.68000000000001,8.758484840393066,42.68,98.78820037841795,42.68,12.25533676147461,42.68,83.15502166748047,42.68000000000001,93.45890808105467
42.690000000000005,8.739242553710938,42.690000000000005,98.79896545410156,42.69,12.240140914916992,42.690000000000005,83.15444946289062,42.690000000000005,93.5313720703125
42.7,8.705466270446777,42.7,98.8116226196289,42.7,12.233858108520508,42.7,83.15324401855469,42.7,93.5997085571289
42.71,8.640416145324707,42.71,98.8310546875,42.71,12.23686408996582,42.71,83.1508560180664,42.71,93.65559387207033
42.720000000000006,8.623438835144043,42.720000000000006,98.85508728027344,42.72,12.249226570129396,42.72,83.1465835571289,42.720000000000006,93.69764709472656
42.73,8.635836601257324,42.73,98.87798309326172,42.73,12.27329444885254,42.73,83.14044952392578,42.73,93.7222671508789
42.74,8.6525297164917,42.74,98.88893127441406,42.74,12.311251640319824,42.74,83.1350326538086,42.74,93.72215270996094
42.75,8.680671691894531,42.75,98.89437103271484,42.75,12.357413291931152,42.75,83.13117980957031,42.75,93.70806884765624
42.760000000000005,8.726563453674316,42.760000000000005,98.89678955078124,42.76,12.410759925842283,42.760000000000005,83.12629699707031,42.760000000000005,93.70337677001952
42.77,8.781158447265625,42.77,98.90158081054688,42.77,12.463436126708984,42.77,83.12120819091797,42.77,93.70340728759766
,,42.78,98.90379333496094,42.78,12.514559745788574,42.78,83.11756134033203,42.78,93.70526885986328
,,42.790000000000006,98.90232849121094,42.79,12.560050964355469,42.79,83.1152114868164,42.790000000000006,93.71544647216795
,,42.8,98.9001693725586,42.8,12.598212242126465,42.8,83.11690521240234,42.8,93.7405242919922
,,42.81,98.9023208618164,42.81,12.622884750366213,42.81,83.11750793457031,42.81,93.77497863769533
,,42.82,98.9052276611328,42.82,12.627188682556152,42.82,83.11774444580078,42.82,93.804443359375
,,42.830000000000005,98.90501403808594,42.83,12.617302894592283,42.830000000000005,83.11722564697266,42.830000000000005,93.81344604492188
,,42.84,98.91525268554688,42.84,12.595072746276855,42.84,83.11968994140625,42.84,93.79627990722656
,,42.85,98.92806243896484,42.85,12.566709518432615,42.85,83.12164306640625,42.85,93.7667465209961
,,42.86,98.93842315673828,42.86,12.536998748779297,42.86,83.12328338623047,42.86000000000001,93.743896484375
,,42.870000000000005,98.94490814208984,42.87,12.50979995727539,42.870000000000005,83.1274642944336,42.870000000000005,93.73162078857422
,,42.88,98.947509765625,42.88,12.48520565032959,42.88,83.13253784179688,42.88,93.73978424072266
,,,,42.89,12.464394569396973,42.89,83.13617706298828,42.89,93.7603759765625
,,,,42.9,12.45290470123291,42.9,83.13933563232422,42.900000000000006,93.79520416259766
,,,,42.91,12.452872276306152,42.91,83.1416015625,42.91,93.83011627197266
,,,,42.92,12.45685863494873,42.92,83.14364624023438,42.92,93.8500747680664
,,,,42.93,12.461732864379885,42.93,83.14743041992188,,
,,,,42.94,12.467583656311035,42.940000000000005,83.15172576904297,,
,,,,42.95,12.470738410949709,42.95,83.15434265136719,,
,,,,42.96,12.472115516662598,42.96,83.15777587890625,,
,,,,42.97,12.472464561462402,,,,
,,,,42.98,12.469904899597168,,,,
,,,,42.99,12.462918281555176,,,,
