rtTime,R Thigh Angle,rsTime,R Shank Angle,ltTime,L Thigh Angle,lsTime,L Shank Angle,hTime,Hip Angle
0.0,88.15007019042969,0.0,99.3822021484375,0.0,92.8016128540039,0.0,86.5863037109375,0.0,83.98753356933594
0.0099999999999997,88.15296936035156,0.0100000000000015,99.38421630859376,0.0099999999999997,92.80394744873048,0.0099999999999997,86.5855484008789,0.0100000000000015,83.9922103881836
0.0199999999999995,88.14789581298828,0.0200000000000013,99.3843002319336,0.0200000000000013,92.80410766601562,0.0199999999999995,86.58368682861328,0.0200000000000013,83.99708557128906
0.0299999999999993,88.14744567871094,0.0300000000000011,99.3867416381836,0.0300000000000011,92.8071060180664,0.0299999999999993,86.5831527709961,0.0300000000000011,84.00552368164062
0.0399999999999991,88.15547180175781,0.0400000000000009,99.3902587890625,0.0400000000000009,92.8116226196289,0.0399999999999991,86.58098602294922,0.0400000000000009,84.01593017578125
0.0499999999999989,88.1610107421875,0.0500000000000007,99.39402770996094,0.0500000000000007,92.81517791748048,0.0499999999999989,86.57937622070312,0.0500000000000007,84.01703643798828
0.0599999999999987,88.1664810180664,0.0600000000000005,99.3999252319336,0.0600000000000005,92.8192367553711,0.0600000000000005,86.57801055908203,0.0600000000000005,84.01092529296875
0.0700000000000002,88.1785659790039,0.0700000000000002,99.4039077758789,0.0700000000000002,92.82223510742188,0.0700000000000002,86.57658386230469,0.0700000000000002,84.0005874633789
0.08,88.18772888183594,0.08,99.40853881835938,0.08,92.81859588623048,0.08,86.57596588134766,0.08,83.98814392089844
0.0899999999999998,88.19474029541016,0.0900000000000016,99.41475677490234,0.0899999999999998,92.81640625,0.0899999999999998,86.57352447509766,0.0900000000000016,83.97767639160156
0.0999999999999996,88.20096588134766,0.1000000000000014,99.42017364501952,0.1000000000000014,92.81585693359376,0.0999999999999996,86.5721206665039,0.1000000000000014,83.96988677978516
0.1099999999999994,88.2021255493164,0.1100000000000012,99.42533111572266,0.1100000000000012,92.8190689086914,0.1099999999999994,86.57184600830078,0.1100000000000012,83.96604919433594
0.1199999999999992,88.20555114746094,0.120000000000001,99.43055725097656,0.120000000000001,92.82341003417967,0.1199999999999992,86.56974029541016,0.120000000000001,83.96990203857422
0.129999999999999,88.20845031738281,0.1300000000000007,99.43612670898438,0.1300000000000007,92.83343505859376,0.129999999999999,86.5685043334961,0.1300000000000007,83.97533416748047
0.1399999999999988,88.21321868896484,0.1400000000000005,99.4417953491211,0.1400000000000005,92.84042358398438,0.1399999999999988,86.56781768798828,0.1400000000000005,83.97852325439453
0.1499999999999985,88.2223129272461,0.1500000000000003,99.44686889648438,0.1500000000000003,92.8475341796875,0.1500000000000003,86.56793975830078,0.1500000000000003,83.98357391357422
0.1600000000000001,88.22843933105469,0.1600000000000001,99.44967651367188,0.1600000000000001,92.8531723022461,0.1600000000000001,86.567138671875,0.1600000000000001,83.98786163330078
0.1699999999999999,88.23138427734375,0.1700000000000017,99.45175170898438,0.1699999999999999,92.85186767578124,0.1699999999999999,86.5667724609375,0.1700000000000017,83.99250793457031
0.1799999999999997,88.2282485961914,0.1800000000000015,99.4543685913086,0.1800000000000015,92.85194396972656,0.1799999999999997,86.566162109375,0.1800000000000015,83.99922180175781
0.1899999999999995,88.23075866699219,0.1900000000000012,99.45669555664062,0.1900000000000012,92.84840393066406,0.1899999999999995,86.56592559814453,0.1900000000000012,84.00965118408203
0.1999999999999993,88.23320007324219,0.200000000000001,99.45782470703124,0.200000000000001,92.84105682373048,0.1999999999999993,86.56610870361328,0.200000000000001,84.02599334716797
0.209999999999999,88.23238372802734,0.2100000000000008,99.4588623046875,0.2100000000000008,92.8332290649414,0.209999999999999,86.56551361083984,0.2100000000000008,84.0421371459961
0.2199999999999988,88.23157501220703,0.2200000000000006,99.46109008789062,0.2200000000000006,92.82938385009766,0.2199999999999988,86.56387329101562,0.2200000000000006,84.05619049072266
0.2299999999999986,88.23652648925781,0.2300000000000004,99.46353149414062,0.2300000000000004,92.82505798339844,0.2300000000000004,86.56243133544922,0.2300000000000004,84.07231140136719
0.2400000000000002,88.2343978881836,0.2400000000000002,99.4672393798828,0.2400000000000002,92.82655334472656,0.2400000000000002,86.56156158447266,0.2400000000000002,84.08692932128906
0.25,88.23381042480469,0.25,99.4704818725586,0.25,92.83003997802734,0.25,86.56061553955078,0.25,84.09851837158203
0.2599999999999998,88.23786163330078,0.2600000000000015,99.47518920898438,0.2599999999999998,92.83740234375,0.2599999999999998,86.55979919433594,0.2600000000000015,84.10829162597656
0.2699999999999996,88.24653625488281,0.2700000000000013,99.47962188720705,0.2700000000000013,92.84758758544922,0.2699999999999996,86.55862426757812,0.2700000000000013,84.12059783935547
0.2799999999999993,88.25336456298828,0.2800000000000011,99.48655700683594,0.2800000000000011,92.86067962646484,0.2799999999999993,86.55548858642578,0.2800000000000011,84.1341781616211
0.2899999999999991,88.26233673095703,0.2900000000000009,99.4914093017578,0.2900000000000009,92.87147521972656,0.2899999999999991,86.55516815185547,0.2900000000000009,84.14453125
0.2999999999999989,88.26835632324219,0.3000000000000007,99.49618530273438,0.3000000000000007,92.87916564941406,0.2999999999999989,86.55445861816406,0.3000000000000007,84.1512680053711
0.3099999999999987,88.27593231201172,0.3100000000000005,99.49951171875,0.3100000000000005,92.88195037841795,0.3100000000000005,86.55430603027344,0.3100000000000005,84.15945434570312
0.3200000000000003,88.28263854980469,0.3200000000000003,99.50328826904295,0.3200000000000003,92.88172149658205,0.3200000000000003,86.55353546142578,0.3200000000000003,84.17131042480469
0.33,88.28704071044922,0.33,99.5062484741211,0.33,92.87633514404295,0.33,86.55254364013672,0.33,84.18094635009766
0.3399999999999998,88.29339599609375,0.3400000000000016,99.5091781616211,0.3399999999999998,92.86322021484376,0.3399999999999998,86.5517807006836,0.3400000000000016,84.18578338623047
0.3499999999999996,88.29978942871094,0.3500000000000014,99.5097427368164,0.3500000000000014,92.84870910644533,0.3499999999999996,86.54998779296875,0.3500000000000014,84.19088745117188
0.3599999999999994,88.30921173095703,0.3600000000000012,99.51004791259766,0.3600000000000012,92.83455657958984,0.3599999999999994,86.54954528808594,0.3600000000000012,84.19861602783203
0.3699999999999992,88.31114196777344,0.370000000000001,99.50784301757812,0.370000000000001,92.83040618896484,0.3699999999999992,86.5477294921875,0.370000000000001,84.2076416015625
0.379999999999999,88.30458068847656,0.3800000000000008,99.49886322021484,0.3800000000000008,92.83441162109376,0.379999999999999,86.54658508300781,0.3800000000000008,84.21582794189453
0.3899999999999988,88.29737091064453,0.3900000000000005,99.49954986572266,0.3900000000000005,92.8412094116211,0.3899999999999988,86.54408264160156,0.3900000000000005,84.22505187988281
0.3999999999999986,88.29288482666016,0.4000000000000003,99.5019989013672,0.4000000000000003,92.84017181396484,0.4000000000000003,86.54107666015625,0.4000000000000003,84.23811340332031
0.4100000000000001,88.28392028808594,0.4100000000000001,99.50889587402344,0.4100000000000001,92.83116912841795,0.4100000000000001,86.54046630859375,0.4100000000000001,84.2557601928711
0.4199999999999999,88.2767105102539,0.4200000000000017,99.51879119873048,0.4199999999999999,92.81892395019533,0.4199999999999999,86.5377197265625,0.4200000000000017,84.27627563476562
0.4299999999999997,88.27848052978516,0.4300000000000015,99.5292510986328,0.4300000000000015,92.80806732177734,0.4299999999999997,86.53392028808594,0.4300000000000015,84.29530334472656
0.4399999999999995,88.28240203857422,0.4400000000000013,99.53374481201172,0.4400000000000013,92.79680633544922,0.4399999999999995,86.53028106689453,0.4400000000000013,84.3116683959961
0.4499999999999993,88.27889251708984,0.450000000000001,99.5441436767578,0.450000000000001,92.7889175415039,0.4499999999999993,86.52792358398438,0.450000000000001,84.32485961914062
0.4599999999999991,88.27886199951172,0.4600000000000008,99.55510711669922,0.4600000000000008,92.7803955078125,0.4599999999999991,86.5254135131836,0.4600000000000008,84.33863067626953
0.4699999999999988,88.2845230102539,0.4700000000000006,99.56591796875,0.4700000000000006,92.77037811279295,0.4699999999999988,86.52308654785156,0.4700000000000006,84.3468246459961
0.4799999999999986,88.2966537475586,0.4800000000000004,99.5769271850586,0.4800000000000004,92.76266479492188,0.4800000000000004,86.5174789428711,0.4800000000000004,84.3416519165039
0.4900000000000002,88.31245422363281,0.4900000000000002,99.58686065673828,0.4900000000000002,92.7594985961914,0.4900000000000002,86.51608276367188,0.4900000000000002,84.3322525024414
0.5,88.32920837402344,0.5,99.5951690673828,0.5,92.77134704589844,0.5,86.5129165649414,0.5,84.32415771484375
0.5099999999999998,88.33402252197266,0.5100000000000016,99.60259246826172,0.5099999999999998,92.80099487304688,0.5099999999999998,86.51245880126953,0.5100000000000016,84.3250732421875
0.5199999999999996,88.34025573730469,0.5200000000000014,99.60997772216795,0.5200000000000014,92.81880950927734,0.5199999999999996,86.51134490966797,0.5200000000000014,84.33171081542969
0.5299999999999994,88.35151672363281,0.5300000000000011,99.61865997314452,0.5300000000000011,92.82953643798828,0.5299999999999994,86.51143646240234,0.5300000000000011,84.33650970458984
0.5399999999999991,88.36004638671875,0.5400000000000009,99.62950134277344,0.5400000000000009,92.83860778808594,0.5399999999999991,86.51031494140625,0.5400000000000009,84.33853149414062
0.5499999999999989,88.37020111083984,0.5500000000000007,99.63662719726562,0.5500000000000007,92.8484878540039,0.5499999999999989,86.50965118408203,0.5500000000000007,84.3312759399414
0.5599999999999987,88.3806381225586,0.5600000000000005,99.64199829101562,0.5600000000000005,92.86053466796876,0.5600000000000005,86.50985717773438,0.5600000000000005,84.32334899902344
0.5700000000000003,88.39323425292969,0.5700000000000003,99.64573669433594,0.5700000000000003,92.8740692138672,0.5700000000000003,86.50941467285156,0.5700000000000003,84.32171630859375
0.5800000000000001,88.40489959716797,0.5800000000000001,99.6494369506836,0.5800000000000001,92.89070129394533,0.5800000000000001,86.5112075805664,0.5800000000000001,84.3241195678711
0.5899999999999999,88.41144561767578,0.5900000000000016,99.6527862548828,0.5899999999999999,92.90831756591795,0.5899999999999999,86.51278686523438,0.5900000000000016,84.3309555053711
0.5999999999999996,88.41092681884766,0.6000000000000014,99.65546417236328,0.6000000000000014,92.92225646972656,0.5999999999999996,86.51239013671875,0.6000000000000014,84.33787536621094
0.6099999999999994,88.40665435791016,0.6100000000000012,99.65729522705078,0.6100000000000012,92.93148803710938,0.6099999999999994,86.5131607055664,0.6100000000000012,84.34599304199219
0.6199999999999992,88.39733123779297,0.620000000000001,99.65857696533205,0.620000000000001,92.93456268310548,0.6199999999999992,86.51419830322266,0.620000000000001,84.3538589477539
0.629999999999999,88.38513946533203,0.6300000000000008,99.6600112915039,0.6300000000000008,92.93077087402344,0.629999999999999,86.51338958740234,0.6300000000000008,84.35905456542969
0.6399999999999988,88.3832778930664,0.6400000000000006,99.66073608398438,0.6400000000000006,92.92697143554688,0.6399999999999988,86.51280975341797,0.6400000000000006,84.36275482177734
0.6499999999999986,88.3938217163086,0.6500000000000004,99.6591796875,0.6500000000000004,92.92350769042967,0.6500000000000004,86.5126724243164,0.6500000000000004,84.36451721191406
0.6600000000000001,88.40552520751953,0.6600000000000001,99.65880584716795,0.6600000000000001,92.92426300048828,0.6600000000000001,86.51099395751953,0.6600000000000001,84.36527252197266
0.6699999999999999,88.41705322265625,0.6700000000000017,99.65956115722656,0.6699999999999999,92.92540740966795,0.6699999999999999,86.51009368896484,0.6700000000000017,84.36404418945312
0.6799999999999997,88.41970825195312,0.6800000000000015,99.66494750976562,0.6800000000000015,92.92443084716795,0.6799999999999997,86.51004028320312,0.6800000000000015,84.36090087890625
0.6899999999999995,88.41620635986328,0.6900000000000013,99.67138671875,0.6900000000000013,92.92605590820312,0.6899999999999995,86.50871276855469,0.6900000000000013,84.35669708251953
0.6999999999999993,88.41276550292969,0.7000000000000011,99.67743682861328,0.7000000000000011,92.92829132080078,0.6999999999999993,86.51009368896484,0.7000000000000011,84.35677337646484
0.7099999999999991,88.4120864868164,0.7100000000000009,99.68640899658205,0.7100000000000009,92.92850494384766,0.7099999999999991,86.51112365722656,0.7100000000000009,84.36145782470703
0.7199999999999989,88.40953063964844,0.7200000000000006,99.69738006591795,0.7200000000000006,92.92849731445312,0.7199999999999989,86.51133728027344,0.7200000000000006,84.36898803710938
0.7299999999999986,88.40626525878906,0.7300000000000004,99.70354461669922,0.7300000000000004,92.93144989013672,0.7300000000000004,86.51126861572266,0.7300000000000004,84.38141632080078
0.7400000000000002,88.40935516357422,0.7400000000000002,99.70842742919922,0.7400000000000002,92.9344482421875,0.7400000000000002,86.51251220703125,0.7400000000000002,84.39476776123047
0.75,88.42144012451172,0.75,99.71135711669922,0.75,92.93573760986328,0.75,86.5129623413086,0.75,84.40425872802734
0.7599999999999998,88.43663787841797,0.7600000000000016,99.71531677246094,0.7599999999999998,92.93790435791016,0.7599999999999998,86.5127182006836,0.7600000000000016,84.40391540527344
0.7699999999999996,88.45231628417969,0.7700000000000014,99.71883392333984,0.7700000000000014,92.9435806274414,0.7699999999999996,86.51182556152344,0.7700000000000014,84.39549255371094
0.7799999999999994,88.46305847167969,0.7800000000000011,99.72444152832033,0.7800000000000011,92.94904327392578,0.7799999999999994,86.51383209228516,0.7800000000000011,84.38772583007812
0.7899999999999991,88.4630126953125,0.7900000000000009,99.72979736328124,0.7900000000000009,92.9572982788086,0.7899999999999991,86.51581573486328,0.7900000000000009,84.38468933105469
0.7999999999999989,88.45752716064453,0.8000000000000007,99.7335433959961,0.8000000000000007,92.96533203125,0.7999999999999989,86.51668548583984,0.8000000000000007,84.38511657714844
0.8099999999999987,88.448486328125,0.8100000000000005,99.7363052368164,0.8100000000000005,92.96724700927734,0.8100000000000005,86.51878356933594,0.8100000000000005,84.38481140136719
0.8200000000000003,88.43631744384766,0.8200000000000003,99.7375717163086,0.8200000000000003,92.96446990966795,0.8200000000000003,86.5189208984375,0.8200000000000003,84.3836898803711
0.8300000000000001,88.43379974365234,0.8300000000000001,99.73983764648438,0.8300000000000001,92.9589385986328,0.8300000000000001,86.51869201660156,0.8300000000000001,84.38275146484375
0.8399999999999999,88.43563079833984,0.8400000000000016,99.74009704589844,0.8399999999999999,92.96114349365234,0.8399999999999999,86.51870727539062,0.8400000000000016,84.38397979736328
0.8499999999999996,88.44068145751953,0.8500000000000014,99.73894500732422,0.8500000000000014,92.97246551513672,0.8499999999999996,86.5184326171875,0.8500000000000014,84.38978576660156
0.8599999999999994,88.44332122802734,0.8600000000000012,99.73865509033205,0.8600000000000012,92.98583221435548,0.8599999999999994,86.51887512207031,0.8600000000000012,84.39396667480469
0.8699999999999992,88.43787384033203,0.870000000000001,99.739501953125,0.870000000000001,92.99366760253906,0.8699999999999992,86.51949310302734,0.870000000000001,84.39695739746094
0.879999999999999,88.44082641601562,0.8800000000000008,99.7409210205078,0.8800000000000008,92.99542999267578,0.879999999999999,86.52001953125,0.8800000000000008,84.39832305908203
0.8899999999999988,88.43755340576172,0.8900000000000006,99.74207305908205,0.8900000000000006,92.99275970458984,0.8899999999999988,86.52081298828125,0.8900000000000006,84.40179443359375
0.8999999999999986,88.42927551269531,0.9000000000000004,99.74268341064452,0.9000000000000004,92.99138641357422,0.9000000000000004,86.52249908447266,0.9000000000000004,84.4054183959961
0.91,88.42237091064453,0.91,99.74256134033205,0.91,92.9873275756836,0.91,86.52605438232422,0.91,84.40774536132812
0.92,88.42256927490234,0.9200000000000016,99.7411117553711,0.92,92.98258972167967,0.92,86.52713012695312,0.9200000000000016,84.40989685058594
0.9299999999999996,88.42894744873047,0.9300000000000016,99.73841857910156,0.9300000000000016,92.9737548828125,0.9299999999999996,86.52836608886719,0.9300000000000016,84.41535949707031
0.9399999999999996,88.43089294433594,0.9400000000000012,99.73509216308594,0.9400000000000012,92.97052764892578,0.9399999999999996,86.52934265136719,0.9400000000000012,84.42256164550781
0.9499999999999992,88.42745208740234,0.9500000000000012,99.7323989868164,0.9500000000000012,92.97014617919922,0.9499999999999992,86.52919006347656,0.9500000000000012,84.4276351928711
0.9599999999999992,88.42642211914062,0.9600000000000009,99.72969818115234,0.9600000000000009,92.97645568847656,0.9599999999999992,86.52969360351562,0.9600000000000009,84.43390655517578
0.9699999999999988,88.42449951171875,0.9700000000000006,99.72715759277344,0.9700000000000006,92.98402404785156,0.9699999999999988,86.53253173828125,0.9700000000000006,84.44242858886719
0.9799999999999986,88.42747497558594,0.9800000000000004,99.72468566894533,0.9800000000000004,92.99319458007812,0.9800000000000004,86.5317153930664,0.9800000000000004,84.44743347167969
0.9900000000000002,88.42755889892578,0.9900000000000002,99.7229232788086,0.9900000000000002,93.00018310546876,0.9900000000000002,86.53279876708984,0.9900000000000002,84.44710540771484
1.0,88.42967987060547,1.0,99.72066497802734,1.0,93.0016098022461,1.0,86.5341567993164,1.0,84.44367218017578
1.0099999999999998,88.43973541259766,1.0100000000000016,99.7183074951172,1.0099999999999998,93.00234985351562,1.0099999999999998,86.53533935546875,1.0100000000000016,84.43892669677734
1.0199999999999996,88.44845581054688,1.0200000000000014,99.71638488769533,1.0200000000000014,93.0025405883789,1.0199999999999996,86.53649139404297,1.0200000000000014,84.4354476928711
1.0299999999999994,88.4493408203125,1.0300000000000011,99.71330261230467,1.0300000000000011,93.005859375,1.0299999999999994,86.53771209716797,1.0300000000000011,84.43635559082031
1.0399999999999991,88.44688415527344,1.040000000000001,99.708984375,1.040000000000001,93.00660705566406,1.0399999999999991,86.53800964355469,1.040000000000001,84.43879699707031
1.049999999999999,88.4374008178711,1.0500000000000007,99.70826721191406,1.0500000000000007,93.00447082519533,1.049999999999999,86.5396499633789,1.0500000000000007,84.44165802001953
1.0599999999999987,88.42454528808594,1.0600000000000005,99.7082748413086,1.0600000000000005,93.0017547607422,1.0600000000000005,86.54110717773438,1.0600000000000005,84.44175720214844
1.0700000000000005,88.41658020019531,1.0700000000000005,99.7071304321289,1.0700000000000005,93.00035095214844,1.0700000000000005,86.5427017211914,1.0700000000000005,84.43727111816406
1.08,88.40945434570312,1.08,99.70370483398438,1.08,92.9966049194336,1.08,86.5426025390625,1.08,84.43045806884766
1.09,88.40608215332031,1.0900000000000016,99.699951171875,1.09,92.99447631835938,1.09,86.54316711425781,1.0900000000000016,84.42100524902344
1.0999999999999996,88.40837860107422,1.1000000000000014,99.69620513916016,1.1000000000000014,92.99139404296876,1.0999999999999996,86.54487609863281,1.1000000000000014,84.4120864868164
1.1099999999999994,88.4150390625,1.1100000000000012,99.6909408569336,1.1100000000000012,92.99143981933594,1.1099999999999994,86.5450210571289,1.1100000000000012,84.40371704101562
1.1199999999999992,88.42450714111328,1.120000000000001,99.68679809570312,1.120000000000001,92.99542999267578,1.1199999999999992,86.54605865478516,1.120000000000001,84.39710235595703
1.129999999999999,88.42577362060547,1.1300000000000008,99.68389129638672,1.1300000000000008,93.00078582763672,1.129999999999999,86.5473403930664,1.1300000000000008,84.39598083496094
1.1399999999999988,88.4178695678711,1.1400000000000006,99.68264770507812,1.1400000000000006,93.0068130493164,1.1399999999999988,86.54700469970703,1.1400000000000006,84.3983154296875
1.1499999999999986,88.41109466552734,1.1500000000000004,99.68297576904295,1.1500000000000004,93.00629425048828,1.1500000000000004,86.54777526855469,1.1500000000000004,84.40269470214844
1.16,88.40150451660156,1.16,99.6831283569336,1.16,93.00454711914062,1.16,86.54985809326172,1.16,84.41033172607422
1.17,88.39193725585938,1.1700000000000017,99.68049621582033,1.17,93.0031967163086,1.17,86.55010223388672,1.1700000000000017,84.42611694335938
1.1799999999999995,88.38605499267578,1.1800000000000015,99.6771011352539,1.1800000000000015,93.0037841796875,1.1799999999999995,86.5514907836914,1.1800000000000015,84.44385528564453
1.1899999999999995,88.37889862060547,1.1900000000000013,99.67325592041016,1.1900000000000013,93.002685546875,1.1899999999999995,86.5528793334961,1.1900000000000013,84.4606704711914
1.1999999999999993,88.36893463134766,1.200000000000001,99.67083740234376,1.200000000000001,92.99887084960938,1.1999999999999993,86.55216217041016,1.200000000000001,84.47537994384766
1.209999999999999,88.36609649658203,1.2100000000000009,99.6675262451172,1.2100000000000009,92.9958267211914,1.209999999999999,86.55301666259766,1.2100000000000009,84.48643493652344
1.2199999999999989,88.36466217041016,1.2200000000000006,99.6656265258789,1.2200000000000006,92.99530792236328,1.2199999999999989,86.55359649658203,1.2200000000000006,84.49445343017578
1.2299999999999986,88.36726379394531,1.2300000000000004,99.66558074951172,1.2300000000000004,92.99176025390624,1.2300000000000004,86.5534896850586,1.2300000000000004,84.5015640258789
1.2400000000000002,88.37254333496094,1.2400000000000002,99.66913604736328,1.2400000000000002,92.99114227294922,1.2400000000000002,86.55292510986328,1.2400000000000002,84.50997924804688
1.25,88.38016510009766,1.25,99.67047882080078,1.25,92.9910659790039,1.25,86.55278778076172,1.25,84.51922607421875
1.2599999999999998,88.38732147216797,1.2600000000000016,99.67064666748048,1.2599999999999998,92.99472045898438,1.2599999999999998,86.55438995361328,1.2600000000000016,84.52708435058594
1.2699999999999996,88.3880615234375,1.2700000000000014,99.67159271240234,1.2700000000000014,92.99934387207033,1.2699999999999996,86.55528259277344,1.2700000000000014,84.53121185302734
1.2799999999999994,88.38646697998047,1.2800000000000011,99.67244720458984,1.2800000000000011,92.9970703125,1.2799999999999994,86.55653381347656,1.2800000000000011,84.53998565673828
1.2899999999999991,88.38080596923828,1.290000000000001,99.673583984375,1.290000000000001,92.99132537841795,1.2899999999999991,86.55711364746094,1.290000000000001,84.54283905029297
1.299999999999999,88.37551879882812,1.3000000000000007,99.67170715332033,1.3000000000000007,92.98534393310548,1.299999999999999,86.5598373413086,1.3000000000000007,84.54022979736328
1.3099999999999987,88.36257934570312,1.3100000000000005,99.66944122314452,1.3100000000000005,92.98262786865234,1.3100000000000005,86.56034851074219,1.3100000000000005,84.5364990234375
1.3200000000000005,88.36296081542969,1.3200000000000005,99.66554260253906,1.3200000000000005,92.98387145996094,1.3200000000000005,86.56129455566406,1.3200000000000005,84.53376007080078
1.33,88.36204528808594,1.33,99.66153717041016,1.33,92.98600006103516,1.33,86.56182861328125,1.33,84.5337142944336
1.34,88.36251068115234,1.3400000000000016,99.66158294677734,1.34,92.98734283447266,1.34,86.564208984375,1.3400000000000016,84.54083251953125
1.3499999999999996,88.36418151855469,1.3500000000000014,99.66239166259766,1.3500000000000014,92.9907455444336,1.3499999999999996,86.56582641601562,1.3500000000000014,84.55284118652344
1.3599999999999994,88.36127471923828,1.3600000000000012,99.66295623779295,1.3600000000000012,92.99381256103516,1.3599999999999994,86.56756591796875,1.3600000000000012,84.56025695800781
1.3699999999999992,88.35685729980469,1.370000000000001,99.65987396240234,1.370000000000001,92.99584197998048,1.3699999999999992,86.56893157958984,1.370000000000001,84.56831359863281
1.379999999999999,88.34812927246094,1.3800000000000008,99.6557846069336,1.3800000000000008,92.99697875976562,1.379999999999999,86.56990814208984,1.3800000000000008,84.57897186279297
1.3899999999999988,88.34297943115234,1.3900000000000006,99.65110778808594,1.3900000000000006,92.99485778808594,1.3899999999999988,86.57107543945312,1.3900000000000006,84.59408569335938
1.3999999999999986,88.3439712524414,1.4000000000000004,99.6475830078125,1.4000000000000004,92.98856353759766,1.4000000000000004,86.57080078125,1.4000000000000004,84.61067962646484
1.41,88.3465805053711,1.41,99.6462860107422,1.41,92.97968292236328,1.41,86.5701675415039,1.41,84.62530517578125
1.42,88.35263061523438,1.4200000000000017,99.64659118652344,1.42,92.96512603759766,1.42,86.56917572021484,1.4200000000000017,84.6380844116211
1.4299999999999995,88.35613250732422,1.4300000000000015,99.64913940429688,1.4300000000000015,92.94921112060548,1.4299999999999995,86.57042694091797,1.4300000000000015,84.64823913574219
1.4399999999999995,88.35781860351562,1.4400000000000013,99.65347290039062,1.4400000000000013,92.93382263183594,1.4399999999999995,86.57074737548828,1.4400000000000013,84.65909576416016
1.4499999999999993,88.34977722167969,1.450000000000001,99.65901947021484,1.450000000000001,92.9296875,1.4499999999999993,86.57112121582031,1.450000000000001,84.67131042480469
1.459999999999999,88.34184265136719,1.4600000000000009,99.66393280029295,1.4600000000000009,92.92916870117188,1.459999999999999,86.57196807861328,1.4600000000000009,84.68574523925781
1.4699999999999989,88.34171295166016,1.4700000000000006,99.66753387451172,1.4700000000000006,92.92839813232422,1.4699999999999989,86.57154083251953,1.4700000000000006,84.70233917236328
1.4799999999999986,88.34994506835938,1.4800000000000004,99.66950988769533,1.4800000000000004,92.92605590820312,1.4800000000000004,86.57002258300781,1.4800000000000004,84.71952056884766
1.4900000000000002,88.36003875732422,1.4900000000000002,99.67112731933594,1.4900000000000002,92.91673278808594,1.4900000000000002,86.56853485107422,1.4900000000000002,84.73950958251953
1.5,88.3725357055664,1.5,99.672607421875,1.5,92.90106201171876,1.5,86.566650390625,1.5,84.75923156738281
1.5099999999999998,88.38477325439453,1.5100000000000016,99.67613220214844,1.5099999999999998,92.88185119628906,1.5099999999999998,86.56446838378906,1.5100000000000016,84.77452087402344
1.5199999999999996,88.39354705810547,1.5200000000000014,99.68126678466795,1.5200000000000014,92.85816192626952,1.5199999999999996,86.56241607666016,1.5200000000000014,84.78739929199219
1.5299999999999994,88.39371490478516,1.5300000000000011,99.6878890991211,1.5300000000000011,92.83399200439452,1.5299999999999994,86.5619888305664,1.5300000000000011,84.80184936523438
1.5399999999999991,88.38642883300781,1.540000000000001,99.69296264648438,1.540000000000001,92.8178482055664,1.5399999999999991,86.56027221679688,1.540000000000001,84.81838989257812
1.549999999999999,88.37911987304688,1.5500000000000007,99.69740295410156,1.5500000000000007,92.81597137451172,1.549999999999999,86.55833435058594,1.5500000000000007,84.83113861083984
1.5599999999999987,88.37382507324219,1.5600000000000005,99.7000961303711,1.5600000000000005,92.83043670654295,1.5600000000000005,86.5566177368164,1.5600000000000005,84.84019470214844
1.5700000000000005,88.37248992919922,1.5700000000000005,99.70286560058594,1.5700000000000005,92.84544372558594,1.5700000000000005,86.5547103881836,1.5700000000000005,84.84806060791016
1.58,88.37640380859375,1.58,99.70565032958984,1.58,92.85992431640624,1.58,86.55255889892578,1.58,84.85161590576172
1.59,88.37891387939453,1.5900000000000016,99.70863342285156,1.59,92.86626434326172,1.59,86.5495376586914,1.5900000000000016,84.8492660522461
1.5999999999999996,88.38372802734375,1.6000000000000014,99.7161102294922,1.6000000000000014,92.86479949951172,1.5999999999999996,86.54817962646484,1.6000000000000014,84.8359375
1.6099999999999994,88.3971939086914,1.6100000000000012,99.7231903076172,1.6100000000000012,92.86233520507812,1.6099999999999994,86.54692840576172,1.6100000000000012,84.8166732788086
1.6199999999999992,88.4084243774414,1.620000000000001,99.73080444335938,1.620000000000001,92.86824798583984,1.6199999999999992,86.54508209228516,1.620000000000001,84.79704284667969
1.629999999999999,88.41835021972656,1.6300000000000008,99.74011993408205,1.6300000000000008,92.8827133178711,1.629999999999999,86.54401397705078,1.6300000000000008,84.77919006347656
1.6399999999999988,88.42647552490234,1.6400000000000006,99.74889373779295,1.6400000000000006,92.90689849853516,1.6399999999999988,86.54302978515625,1.6400000000000006,84.76953125
1.6499999999999986,88.43326568603516,1.6500000000000004,99.75739288330078,1.6500000000000004,92.9263153076172,1.6500000000000004,86.53827667236328,1.6500000000000004,84.76197052001953
1.66,88.4400634765625,1.66,99.76490783691406,1.66,92.93814849853516,1.66,86.53591918945312,1.66,84.75606536865234
1.67,88.4416732788086,1.6700000000000017,99.76992797851562,1.67,92.94573974609376,1.67,86.53597259521484,1.6700000000000017,84.75169372558594
1.6799999999999995,88.45162963867188,1.6800000000000015,99.77386474609376,1.6800000000000015,92.94900512695312,1.6799999999999995,86.53498077392578,1.6800000000000015,84.744873046875
1.6899999999999995,88.46764373779297,1.6900000000000013,99.7784652709961,1.6900000000000013,92.94286346435548,1.6899999999999995,86.53421020507812,1.6900000000000013,84.73582458496094
1.6999999999999993,88.48280334472656,1.700000000000001,99.78527069091795,1.700000000000001,92.93634033203124,1.6999999999999993,86.53311920166016,1.700000000000001,84.72650909423828
1.709999999999999,88.50042724609375,1.7100000000000009,99.79376220703124,1.7100000000000009,92.93541717529295,1.709999999999999,86.53307342529297,1.7100000000000009,84.71923828125
1.7199999999999989,88.50476837158203,1.7200000000000006,99.8010711669922,1.7200000000000006,92.9427719116211,1.7199999999999989,86.53257751464844,1.7200000000000006,84.712646484375
1.7299999999999986,88.50508880615234,1.7300000000000004,99.81024932861328,1.7300000000000004,92.95562744140624,1.7300000000000004,86.53277587890625,1.7300000000000004,84.70722198486328
1.7400000000000002,88.50145721435547,1.7400000000000002,99.82160949707033,1.7400000000000002,92.96925354003906,1.7400000000000002,86.53401947021484,1.7400000000000002,84.70319366455078
1.75,88.502197265625,1.75,99.82674407958984,1.75,92.97965240478516,1.75,86.53512573242188,1.75,84.70015716552734
1.7599999999999998,88.50679016113281,1.7600000000000016,99.82615661621094,1.7599999999999998,92.97905731201172,1.7599999999999998,86.53404998779297,1.7600000000000016,84.69774627685547
1.7699999999999996,88.50814056396484,1.7700000000000014,99.82527160644533,1.7700000000000014,92.96990203857422,1.7699999999999996,86.53467559814453,1.7700000000000014,84.69792175292969
1.7799999999999994,88.51446533203125,1.7800000000000011,99.82642364501952,1.7800000000000011,92.9589385986328,1.7799999999999994,86.53430938720703,1.7800000000000011,84.70072937011719
1.7899999999999991,88.5214614868164,1.790000000000001,99.82906341552734,1.790000000000001,92.95480346679688,1.7899999999999991,86.53598022460938,1.790000000000001,84.70430755615234
1.799999999999999,88.5285873413086,1.8000000000000007,99.83232879638672,1.8000000000000007,92.95741271972656,1.799999999999999,86.53589630126953,1.8000000000000007,84.70902252197266
1.8099999999999987,88.53376007080078,1.8100000000000005,99.8335189819336,1.8100000000000005,92.96353149414062,1.8100000000000005,86.53756713867188,1.8100000000000005,84.7135238647461
1.8200000000000005,88.53736114501953,1.8200000000000005,99.83363342285156,1.8200000000000005,92.96865844726562,1.8200000000000005,86.53858184814453,1.8200000000000005,84.71632385253906
1.83,88.53567504882812,1.83,99.8328857421875,1.83,92.97457885742188,1.83,86.53851318359375,1.83,84.7188491821289
1.84,88.53833770751953,1.8400000000000016,99.83195495605467,1.84,92.97989654541016,1.84,86.53902435302734,1.8400000000000016,84.72122955322266
1.85,88.53726959228516,1.8500000000000008,99.83300018310548,1.8500000000000008,92.9800033569336,1.85,86.53907012939453,1.8500000000000008,84.72428131103516
1.86,88.52648162841797,1.8600000000000008,99.833740234375,1.8600000000000008,92.9755401611328,1.86,86.5394515991211,1.8600000000000008,84.72760772705078
1.8699999999999992,88.52165222167969,1.870000000000001,99.83621215820312,1.870000000000001,92.9687957763672,1.8699999999999992,86.54069519042969,1.870000000000001,84.7314224243164
1.879999999999999,88.52043151855469,1.8800000000000008,99.83953094482422,1.8800000000000008,92.9629898071289,1.879999999999999,86.54153442382812,1.8800000000000008,84.73674011230469
1.8899999999999988,88.52037811279297,1.8900000000000008,99.83856964111328,1.8900000000000008,92.9570541381836,1.8899999999999988,86.5424575805664,1.8900000000000008,84.73941040039062
1.8999999999999984,88.5196304321289,1.9000000000000004,99.83753204345705,1.9000000000000004,92.95171356201172,1.9000000000000004,86.54147338867188,1.9000000000000004,84.73992919921875
1.91,88.52082824707031,1.91,99.83677673339844,1.91,92.95759582519533,1.91,86.54122924804688,1.91,84.7399673461914
1.92,88.52300262451172,1.9200000000000017,99.83612823486328,1.92,92.9659423828125,1.92,86.54078674316406,1.9200000000000017,84.73751831054688
1.93,88.5206069946289,1.9300000000000013,99.83709716796876,1.9300000000000013,92.97630310058594,1.93,86.5394058227539,1.9300000000000013,84.73130798339844
1.9399999999999995,88.51988220214844,1.9400000000000013,99.8411102294922,1.9400000000000013,92.99371337890624,1.9399999999999995,86.54049682617188,1.9400000000000013,84.72373962402344
1.9499999999999995,88.5315170288086,1.950000000000001,99.8483428955078,1.950000000000001,93.01066589355467,1.9499999999999995,86.54254913330078,1.950000000000001,84.71292877197266
1.959999999999999,88.53639221191406,1.9600000000000009,99.85222625732422,1.9600000000000009,93.02336120605467,1.959999999999999,86.54428100585938,1.9600000000000009,84.70349884033203
1.9699999999999989,88.54104614257812,1.9700000000000009,99.85433959960938,1.9700000000000009,93.03491973876952,1.9699999999999989,86.54499816894531,1.9700000000000009,84.69589233398438
1.9799999999999984,88.54273223876953,1.9800000000000004,99.85523223876952,1.9800000000000004,93.04646301269533,1.9800000000000004,86.54723358154297,1.9800000000000004,84.68799591064453
1.99,88.55192565917969,1.99,99.85433197021484,1.99,93.0563735961914,1.99,86.54877471923828,1.99,84.68216705322266
2.0,88.55496978759766,2.0,99.8538055419922,2.0,93.06633758544922,2.0,86.5483627319336,2.0,84.67718505859375
2.01,88.55598449707031,2.0100000000000016,99.85099792480467,2.01,93.0769500732422,2.01,86.54786682128906,2.0100000000000016,84.6693344116211
2.02,88.55596160888672,2.0200000000000014,99.85011291503906,2.0200000000000014,93.08429718017578,2.02,86.54922485351562,2.0200000000000014,84.65945434570312
2.03,88.5602798461914,2.030000000000001,99.8488311767578,2.030000000000001,93.09290313720705,2.03,86.55020904541016,2.030000000000001,84.6500015258789
2.039999999999999,88.56169128417969,2.040000000000001,99.84822845458984,2.040000000000001,93.10011291503906,2.039999999999999,86.5510025024414,2.040000000000001,84.6394271850586
2.049999999999999,88.56495666503906,2.0500000000000007,99.84613800048828,2.0500000000000007,93.10535430908205,2.049999999999999,86.55331420898438,2.0500000000000007,84.62736511230469
2.0599999999999987,88.56314086914062,2.0600000000000005,99.841552734375,2.0600000000000005,93.10888671875,2.0600000000000005,86.55575561523438,2.0600000000000005,84.61322021484375
2.0700000000000003,88.56204223632812,2.0700000000000003,99.83690643310548,2.0700000000000003,93.11610412597656,2.0700000000000003,86.55711364746094,2.0700000000000003,84.59984588623047
2.08,88.55964660644531,2.08,99.83184051513672,2.08,93.1288070678711,2.08,86.55882263183594,2.08,84.59583282470703
2.09,88.55713653564453,2.0900000000000016,99.8271713256836,2.09,93.13343048095705,2.09,86.56031799316406,2.0900000000000016,84.5971908569336
2.1,88.5541000366211,2.1000000000000014,99.82112884521484,2.1000000000000014,93.1348876953125,2.1,86.56034851074219,2.1000000000000014,84.60215759277344
2.1099999999999994,88.54682159423828,2.110000000000001,99.81209564208984,2.110000000000001,93.12810516357422,2.1099999999999994,86.56035614013672,2.110000000000001,84.6101303100586
2.119999999999999,88.54505920410156,2.120000000000001,99.80516815185548,2.120000000000001,93.1162567138672,2.119999999999999,86.56141662597656,2.120000000000001,84.61968994140625
2.129999999999999,88.5411605834961,2.130000000000001,99.80104064941406,2.130000000000001,93.1072998046875,2.129999999999999,86.5625991821289,2.130000000000001,84.63006591796875
2.139999999999999,88.54043579101562,2.140000000000001,99.79717254638672,2.140000000000001,93.10134887695312,2.139999999999999,86.56277465820312,2.140000000000001,84.64215087890625
2.1499999999999986,88.53868103027344,2.1500000000000004,99.7934341430664,2.1500000000000004,93.09895324707033,2.1500000000000004,86.56175994873047,2.1500000000000004,84.64997100830078
2.16,88.53955078125,2.16,99.79190063476562,2.16,93.09764862060548,2.16,86.56122589111328,2.16,84.65192413330078
2.17,88.53634643554688,2.1700000000000017,99.79247283935548,2.17,93.09371948242188,2.17,86.56073760986328,2.1700000000000017,84.64826965332031
2.18,88.5322494506836,2.180000000000001,99.79460144042967,2.180000000000001,93.08058166503906,2.18,86.5604248046875,2.180000000000001,84.64032745361328
2.1899999999999995,88.5303955078125,2.1900000000000013,99.79596710205078,2.1900000000000013,93.06471252441406,2.1899999999999995,86.56009674072266,2.1900000000000013,84.63185119628906
2.2,88.53208923339844,2.200000000000001,99.79798889160156,2.200000000000001,93.05891418457033,2.2,86.56037902832031,2.200000000000001,84.62451934814453
2.209999999999999,88.53435516357422,2.210000000000001,99.80059051513672,2.210000000000001,93.06571197509766,2.209999999999999,86.56048583984375,2.210000000000001,84.62030029296875
2.219999999999999,88.5335693359375,2.2200000000000006,99.79916381835938,2.2200000000000006,93.0691375732422,2.219999999999999,86.56071472167969,2.2200000000000006,84.61996459960938
2.229999999999998,88.53292083740234,2.2300000000000004,99.79721069335938,2.2300000000000004,93.0708465576172,2.2300000000000004,86.56036376953125,2.2300000000000004,84.62694549560547
2.24,88.53871154785156,2.24,99.79049682617188,2.24,93.06806182861328,2.24,86.55897521972656,2.24,84.6374740600586
2.25,88.55127716064453,2.25,99.78890228271484,2.25,93.0654067993164,2.25,86.556640625,2.25,84.63775634765625
2.26,88.55603790283203,2.2600000000000016,99.78857421875,2.26,93.0599136352539,2.26,86.55303955078125,2.2600000000000016,84.63003540039062
2.27,88.55546569824219,2.2700000000000014,99.7913818359375,2.2700000000000014,93.05572509765624,2.27,86.5485610961914,2.2700000000000014,84.61767578125
2.28,88.56277465820312,2.280000000000001,99.79373931884766,2.280000000000001,93.05422973632812,2.28,86.54647064208984,2.280000000000001,84.60408020019531
2.289999999999999,88.5770263671875,2.290000000000001,99.79725646972656,2.290000000000001,93.0742645263672,2.289999999999999,86.54487609863281,2.290000000000001,84.59253692626953
2.299999999999999,88.5870361328125,2.3000000000000007,99.8062515258789,2.3000000000000007,93.0956802368164,2.299999999999999,86.543701171875,2.3000000000000007,84.58767700195312
2.3099999999999987,88.59477233886719,2.3100000000000005,99.83611297607422,2.3100000000000005,93.1083755493164,2.3100000000000005,86.54496002197266,2.3100000000000005,84.58928680419922
2.3200000000000003,88.60022735595703,2.3200000000000003,99.87254333496094,2.3200000000000003,93.11280059814452,2.3200000000000003,86.54572296142578,2.3200000000000003,84.59402465820312
2.33,88.60639953613281,2.33,99.87542724609376,2.33,93.11603546142578,2.33,86.54689025878906,2.33,84.5895767211914
2.34,88.61155700683594,2.3400000000000016,99.87591552734376,2.34,93.1176986694336,2.34,86.54784393310547,2.3400000000000016,84.57979583740234
2.35,88.60889434814453,2.3500000000000014,99.87492370605467,2.3500000000000014,93.1185531616211,2.35,86.54740142822266,2.3500000000000014,84.58292388916016
2.3599999999999994,88.61197662353516,2.360000000000001,99.87183380126952,2.360000000000001,93.11813354492188,2.3599999999999994,86.5467300415039,2.360000000000001,84.59092712402344
2.369999999999999,88.61958312988281,2.370000000000001,99.87039184570312,2.370000000000001,93.11504364013672,2.369999999999999,86.54608154296875,2.370000000000001,84.5993423461914
2.379999999999999,88.63089752197266,2.380000000000001,99.87256622314452,2.380000000000001,93.11701965332033,2.379999999999999,86.54512023925781,2.380000000000001,84.60741424560547
2.389999999999999,88.63326263427734,2.390000000000001,99.87399291992188,2.390000000000001,93.12039947509766,2.389999999999999,86.54261016845703,2.390000000000001,84.61669158935547
2.3999999999999986,88.62937927246094,2.4000000000000004,99.87551879882812,2.4000000000000004,93.12307739257812,2.4000000000000004,86.54207611083984,2.4000000000000004,84.6266098022461
2.41,88.62733459472656,2.41,99.87833404541016,2.41,93.12027740478516,2.41,86.54119873046875,2.41,84.6328353881836
2.42,88.63082122802734,2.4200000000000017,99.88162231445312,2.42,93.11095428466795,2.42,86.54093933105469,2.4200000000000017,84.63847351074219
2.43,88.63986206054688,2.430000000000001,99.88549041748048,2.430000000000001,93.10362243652344,2.43,86.53826904296875,2.430000000000001,84.64375305175781
2.4399999999999995,88.64862823486328,2.4400000000000013,99.88873291015624,2.4400000000000013,93.10521697998048,2.4399999999999995,86.53519439697266,2.4400000000000013,84.65067291259766
2.45,88.6462173461914,2.450000000000001,99.89324951171876,2.450000000000001,93.1033706665039,2.45,86.5344467163086,2.450000000000001,84.65863800048828
2.459999999999999,88.64414978027344,2.460000000000001,99.89891815185548,2.460000000000001,93.09849548339844,2.459999999999999,86.53340911865234,2.460000000000001,84.66654205322266
2.469999999999999,88.65179443359375,2.4700000000000006,99.90412902832033,2.4700000000000006,93.09727478027344,2.469999999999999,86.53189086914062,2.4700000000000006,84.67347717285156
2.479999999999998,88.65870666503906,2.4800000000000004,99.91006469726562,2.4800000000000004,93.10118865966795,2.4800000000000004,86.5311050415039,2.4800000000000004,84.67620849609375
2.49,88.66779327392578,2.49,99.9145050048828,2.49,93.10358428955078,2.49,86.5286636352539,2.49,84.67681121826172
2.5,88.67867279052734,2.5,99.9197998046875,2.5,93.10176849365234,2.5,86.52680206298828,2.5,84.68141174316406
2.51,88.69306945800781,2.5100000000000016,99.9259262084961,2.51,93.10166931152344,2.51,86.52387237548828,2.5100000000000016,84.69019317626953
2.52,88.70874786376953,2.5200000000000014,99.93133544921876,2.5200000000000014,93.10784912109376,2.52,86.52067565917969,2.5200000000000014,84.69963836669922
2.53,88.71897888183594,2.530000000000001,99.9356460571289,2.530000000000001,93.12006378173828,2.53,86.51750946044922,2.530000000000001,84.706298828125
2.539999999999999,88.72307586669922,2.540000000000001,99.94112396240234,2.540000000000001,93.12565612792967,2.539999999999999,86.51532745361328,2.540000000000001,84.71051025390625
2.549999999999999,88.7297134399414,2.5500000000000007,99.94647979736328,2.5500000000000007,93.12433624267578,2.549999999999999,86.51360321044922,2.5500000000000007,84.71351623535156
2.5599999999999987,88.73468780517578,2.5600000000000005,99.95346069335938,2.5600000000000005,93.12190246582033,2.5600000000000005,86.51200866699219,2.5600000000000005,84.71626281738281
2.5700000000000003,88.74313354492188,2.5700000000000003,99.95843505859376,2.5700000000000003,93.12586975097656,2.5700000000000003,86.50980377197266,2.5700000000000003,84.71626281738281
2.58,88.74858093261719,2.58,99.9632339477539,2.58,93.1352081298828,2.58,86.50963592529297,2.58,84.71602630615234
2.59,88.75114440917969,2.5900000000000016,99.96890258789062,2.59,93.14762115478516,2.59,86.50991821289062,2.5900000000000016,84.71501159667969
2.6,88.75422668457031,2.6000000000000014,99.97504425048828,2.6000000000000014,93.16041564941406,2.6,86.50855255126953,2.6000000000000014,84.71817779541016
2.6099999999999994,88.76358795166016,2.610000000000001,99.97879791259766,2.610000000000001,93.17224884033205,2.6099999999999994,86.50746154785156,2.610000000000001,84.72225952148438
2.619999999999999,88.77043151855469,2.620000000000001,99.98145294189452,2.620000000000001,93.18134307861328,2.619999999999999,86.50648498535156,2.620000000000001,84.72384643554688
2.629999999999999,88.77324676513672,2.630000000000001,99.98407745361328,2.630000000000001,93.18429565429688,2.629999999999999,86.50667572021484,2.630000000000001,84.72450256347656
2.639999999999999,88.7834243774414,2.640000000000001,99.98704528808594,2.640000000000001,93.18660736083984,2.639999999999999,86.50592041015625,2.640000000000001,84.72392272949219
2.6499999999999986,88.78999328613281,2.6500000000000004,99.9922866821289,2.6500000000000004,93.19239044189452,2.6500000000000004,86.50392150878906,2.6500000000000004,84.72380065917969
2.66,88.8001937866211,2.66,99.9977569580078,2.66,93.20166778564452,2.66,86.50143432617188,2.66,84.71961212158203
2.67,88.8051528930664,2.6700000000000017,100.00287628173828,2.67,93.21119689941406,2.67,86.50030517578125,2.6700000000000017,84.71534729003906
2.68,88.80839538574219,2.680000000000001,100.00762939453124,2.680000000000001,93.22237396240234,2.68,86.49870300292969,2.680000000000001,84.70955657958984
2.6899999999999995,88.81228637695312,2.6900000000000013,100.01123046875,2.6900000000000013,93.23370361328124,2.6899999999999995,86.49685668945312,2.6900000000000013,84.70408630371094
2.7,88.8134536743164,2.700000000000001,100.01563262939452,2.700000000000001,93.24407958984376,2.7,86.49742126464844,2.700000000000001,84.7020263671875
2.709999999999999,88.81118774414062,2.710000000000001,100.01963806152344,2.710000000000001,93.2523193359375,2.709999999999999,86.49574279785156,2.710000000000001,84.7043685913086
2.719999999999999,88.81324768066406,2.7200000000000006,100.0244369506836,2.7200000000000006,93.25415802001952,2.719999999999999,86.49504852294922,2.7200000000000006,84.70770263671875
2.729999999999998,88.81499481201172,2.7300000000000004,100.0300521850586,2.7300000000000004,93.2479248046875,2.7300000000000004,86.49308776855469,2.7300000000000004,84.70930480957031
2.74,88.82103729248047,2.74,100.0335922241211,2.74,93.23876953125,2.74,86.49137878417969,2.74,84.70646667480469
2.75,88.83080291748047,2.75,100.0386199951172,2.75,93.22740936279295,2.75,86.48815155029297,2.75,84.70071411132812
2.76,88.84068298339844,2.7600000000000016,100.04411315917967,2.76,93.22006225585938,2.76,86.48750305175781,2.7600000000000016,84.69650268554688
2.77,88.8458480834961,2.7700000000000014,100.05116271972656,2.7700000000000014,93.22091674804688,2.77,86.4847640991211,2.7700000000000014,84.69464111328125
2.78,88.8482437133789,2.780000000000001,100.0596160888672,2.780000000000001,93.22300720214844,2.78,86.48194122314453,2.780000000000001,84.69697570800781
2.789999999999999,88.85318756103516,2.790000000000001,100.06668090820312,2.790000000000001,93.22023010253906,2.789999999999999,86.47946166992188,2.790000000000001,84.70411682128906
2.799999999999999,88.85729217529297,2.8000000000000007,100.07340240478516,2.8000000000000007,93.2137451171875,2.799999999999999,86.47801971435547,2.8000000000000007,84.71150207519531
2.8099999999999987,88.86080169677734,2.8100000000000005,100.08303833007812,2.8100000000000005,93.20966339111328,2.8100000000000005,86.47714233398438,2.8100000000000005,84.7204818725586
2.8200000000000003,88.86681365966797,2.8200000000000003,100.08879852294922,2.8200000000000003,93.20726013183594,2.8200000000000003,86.47767639160156,2.8200000000000003,84.72652435302734
2.83,88.87102508544922,2.83,100.09292602539062,2.83,93.20613098144533,2.83,86.47649383544922,2.83,84.72649383544922
2.84,88.87395477294922,2.8400000000000016,100.09844207763672,2.84,93.20849609375,2.84,86.47574615478516,2.8400000000000016,84.71978759765625
2.85,88.88153076171875,2.8500000000000014,100.10407257080078,2.8500000000000014,93.21719360351562,2.85,86.47505187988281,2.8500000000000014,84.70983123779297
2.8599999999999994,88.8888168334961,2.860000000000001,100.10523223876952,2.860000000000001,93.22622680664062,2.8599999999999994,86.47339630126953,2.860000000000001,84.6976547241211
2.869999999999999,88.88992309570312,2.870000000000001,100.10375213623048,2.870000000000001,93.23756408691406,2.869999999999999,86.4713134765625,2.870000000000001,84.68758392333984
2.879999999999999,88.88966369628906,2.880000000000001,100.10751342773438,2.880000000000001,93.24512481689452,2.879999999999999,86.47026062011719,2.880000000000001,84.6818618774414
2.889999999999999,88.8895263671875,2.890000000000001,100.11140441894533,2.890000000000001,93.24942779541016,2.889999999999999,86.46878814697266,2.890000000000001,84.67839050292969
2.8999999999999986,88.8912124633789,2.9000000000000004,100.11743927001952,2.9000000000000004,93.24893951416016,2.9000000000000004,86.46854400634766,2.9000000000000004,84.67462158203125
2.91,88.89473724365234,2.91,100.1243896484375,2.91,93.24859619140624,2.91,86.46770477294922,2.91,84.66865539550781
2.92,88.89469146728516,2.9200000000000017,100.1305923461914,2.92,93.25100708007812,2.92,86.46770477294922,2.9200000000000017,84.66240692138672
2.93,88.89892578125,2.930000000000001,100.13102722167967,2.930000000000001,93.2572021484375,2.93,86.46916961669922,2.930000000000001,84.6578140258789
2.9399999999999995,88.90202331542969,2.9400000000000013,100.13084411621094,2.9400000000000013,93.26809692382812,2.9399999999999995,86.46978759765625,2.9400000000000013,84.65033721923828
2.95,88.90264892578125,2.950000000000001,100.13157653808594,2.950000000000001,93.28218841552734,2.95,86.47037506103516,2.950000000000001,84.64179992675781
2.959999999999999,88.90147399902344,2.960000000000001,100.13262176513672,2.960000000000001,93.29558563232422,2.959999999999999,86.47098541259766,2.960000000000001,84.6342544555664
2.969999999999999,88.895751953125,2.9700000000000006,100.13390350341795,2.9700000000000006,93.3079071044922,2.969999999999999,86.47212982177734,2.9700000000000006,84.62470245361328
2.979999999999998,88.89312744140625,2.9800000000000004,100.13674926757812,2.9800000000000004,93.31825256347656,2.9800000000000004,86.47211456298828,2.9800000000000004,84.61178588867188
2.99,88.89149475097656,2.99,100.1380844116211,2.99,93.32244873046876,2.99,86.47110748291016,2.99,84.5994644165039
3.0,88.89117431640625,3.0,100.1372528076172,3.0,93.3204574584961,3.0,86.47187042236328,3.0,84.58709716796875
3.01,88.88803100585938,3.0100000000000016,100.13656616210938,3.01,93.31375885009766,3.01,86.47285461425781,3.0100000000000016,84.57864379882812
3.02,88.88797760009766,3.0200000000000014,100.1362533569336,3.0200000000000014,93.30809020996094,3.02,86.47120666503906,3.0200000000000014,84.57298278808594
3.03,88.88556671142578,3.030000000000001,100.13714599609376,3.030000000000001,93.3048858642578,3.03,86.46905517578125,3.030000000000001,84.5703353881836
3.039999999999999,88.88226318359375,3.040000000000001,100.13678741455078,3.040000000000001,93.30316162109376,3.039999999999999,86.4688720703125,3.040000000000001,84.56529235839844
3.049999999999999,88.87722778320312,3.0500000000000007,100.13722229003906,3.0500000000000007,93.30241394042967,3.049999999999999,86.46842193603516,3.0500000000000007,84.5614242553711
3.0599999999999987,88.87457275390625,3.0600000000000005,100.1379623413086,3.0600000000000005,93.30096435546876,3.0600000000000005,86.46858215332031,3.0600000000000005,84.56189727783203
3.0700000000000003,88.8790054321289,3.0700000000000003,100.13954162597656,3.0700000000000003,93.30038452148438,3.0700000000000003,86.46825408935547,3.0700000000000003,84.5621337890625
3.08,88.87454223632812,3.08,100.14173889160156,3.08,93.2947235107422,3.08,86.46903991699219,3.08,84.5606918334961
3.09,88.87383270263672,3.0900000000000016,100.1444854736328,3.09,93.2881317138672,3.09,86.4684066772461,3.0900000000000016,84.5586166381836
3.1,88.88275146484375,3.1000000000000014,100.14684295654295,3.1000000000000014,93.28067016601562,3.1,86.46849060058594,3.1000000000000014,84.56077575683594
3.1099999999999994,88.88926696777344,3.110000000000001,100.14937591552734,3.110000000000001,93.27732849121094,3.1099999999999994,86.46969604492188,3.110000000000001,84.56458282470703
3.119999999999999,88.89862823486328,3.120000000000001,100.14990234375,3.120000000000001,93.27628326416016,3.119999999999999,86.47087860107422,3.120000000000001,84.5644302368164
3.129999999999999,88.90778350830078,3.130000000000001,100.14861297607422,3.130000000000001,93.28034973144533,3.129999999999999,86.47142028808594,3.130000000000001,84.55988311767578
3.139999999999999,88.91423797607422,3.140000000000001,100.14674377441406,3.140000000000001,93.28585052490234,3.139999999999999,86.47116088867188,3.140000000000001,84.5511245727539
3.1499999999999986,88.9130859375,3.1500000000000004,100.14405822753906,3.1500000000000004,93.29257202148438,3.1500000000000004,86.47132873535156,3.1500000000000004,84.54228210449219
3.16,88.90970611572266,3.16,100.1414031982422,3.16,93.29977416992188,3.16,86.47187042236328,3.16,84.52982330322266
3.17,88.91160583496094,3.1700000000000017,100.13894653320312,3.17,93.3072738647461,3.17,86.47125244140625,3.1700000000000017,84.51660919189453
3.18,88.91483306884766,3.180000000000001,100.1361312866211,3.180000000000001,93.31511688232422,3.18,86.47161102294922,3.180000000000001,84.50482177734375
3.1899999999999995,88.91881561279297,3.1900000000000013,100.13417053222656,3.1900000000000013,93.32240295410156,3.1899999999999995,86.47280883789062,3.1900000000000013,84.49502563476562
3.2,88.92269897460938,3.200000000000001,100.13306427001952,3.200000000000001,93.32559967041016,3.2,86.47354125976562,3.200000000000001,84.48635864257812
3.209999999999999,88.92005157470703,3.210000000000001,100.13219451904295,3.210000000000001,93.32420349121094,3.209999999999999,86.4742431640625,3.210000000000001,84.4797592163086
3.219999999999999,88.91674041748047,3.2200000000000006,100.1294937133789,3.2200000000000006,93.32262420654295,3.219999999999999,86.4756851196289,3.2200000000000006,84.47472381591797
3.229999999999998,88.90933227539062,3.2300000000000004,100.1266632080078,3.2300000000000004,93.32425689697266,3.2300000000000004,86.4771728515625,3.2300000000000004,84.47116088867188
3.24,88.90414428710938,3.24,100.12167358398438,3.24,93.32205963134766,3.24,86.47776794433594,3.24,84.47261810302734
3.25,88.90222930908203,3.25,100.11724090576172,3.25,93.31539916992188,3.25,86.4780044555664,3.25,84.47637176513672
3.26,88.89683532714844,3.2600000000000016,100.1121597290039,3.26,93.30805206298828,3.26,86.4783935546875,3.2600000000000016,84.47561645507812
3.27,88.89712524414062,3.2700000000000014,100.1069107055664,3.2700000000000014,93.30046844482422,3.27,86.47875213623047,3.2700000000000014,84.47399139404297
3.28,88.89952087402344,3.280000000000001,100.10466003417967,3.280000000000001,93.28842163085938,3.28,86.47734069824219,3.280000000000001,84.4750747680664
3.289999999999999,88.89990997314453,3.290000000000001,100.10330200195312,3.290000000000001,93.27237701416016,3.289999999999999,86.47773742675781,3.290000000000001,84.47765350341797
3.299999999999999,88.89335632324219,3.3000000000000007,100.10208129882812,3.3000000000000007,93.25069427490234,3.299999999999999,86.4783706665039,3.3000000000000007,84.4842529296875
3.3099999999999987,88.88406372070312,3.3100000000000005,100.10254669189452,3.3100000000000005,93.22975158691406,3.3100000000000005,86.47986602783203,3.3100000000000005,84.4872055053711
3.3200000000000003,88.872314453125,3.3200000000000003,100.1045379638672,3.3200000000000003,93.21363830566406,3.3200000000000003,86.47964477539062,3.3200000000000003,84.48463439941406
3.33,88.85932922363281,3.33,100.10384368896484,3.33,93.20066833496094,3.33,86.47953033447266,3.33,84.47784423828125
3.34,88.85128021240234,3.3400000000000016,100.10466003417967,3.34,93.19284057617188,3.34,86.47953033447266,3.3400000000000016,84.46881866455078
3.35,88.85372924804688,3.3500000000000014,100.10478973388672,3.3500000000000014,93.19418334960938,3.35,86.47980499267578,3.3500000000000014,84.46184539794922
3.3599999999999994,88.85765838623047,3.360000000000001,100.10468292236328,3.360000000000001,93.197021484375,3.3599999999999994,86.47931671142578,3.360000000000001,84.45463562011719
3.369999999999999,88.85629272460938,3.370000000000001,100.10391235351562,3.370000000000001,93.19450378417967,3.369999999999999,86.47975158691406,3.370000000000001,84.44588470458984
3.379999999999999,88.85318756103516,3.380000000000001,100.10533905029295,3.380000000000001,93.1890640258789,3.379999999999999,86.47931671142578,3.380000000000001,84.43634033203125
3.389999999999999,88.85407257080078,3.390000000000001,100.10682678222656,3.390000000000001,93.2033233642578,3.389999999999999,86.48014068603516,3.390000000000001,84.42261505126953
3.4000000000000004,88.85646057128906,3.4000000000000004,100.10903930664062,3.4000000000000004,93.22115325927734,3.4000000000000004,86.48102569580078,3.4000000000000004,84.40713500976562
3.41,88.86007690429688,3.41,100.10926055908205,3.41,93.21853637695312,3.41,86.48192596435547,3.41,84.3905029296875
3.42,88.86259460449219,3.4200000000000017,100.1091079711914,3.42,93.21080017089844,3.42,86.48212432861328,3.4200000000000017,84.37291717529297
3.43,88.84986114501953,3.430000000000001,100.10958862304688,3.430000000000001,93.20599365234376,3.43,86.48421478271484,3.430000000000001,84.36199188232422
3.4399999999999995,88.84021759033203,3.4400000000000013,100.10931396484376,3.4400000000000013,93.21109771728516,3.4399999999999995,86.48702239990234,3.4400000000000013,84.3590316772461
3.45,88.83695983886719,3.450000000000001,100.10834503173828,3.450000000000001,93.2152099609375,3.45,86.488525390625,3.450000000000001,84.36265563964844
3.459999999999999,88.83576202392578,3.460000000000001,100.1050796508789,3.460000000000001,93.21318817138672,3.459999999999999,86.49073791503906,3.460000000000001,84.36830139160156
3.469999999999999,88.84312438964844,3.4700000000000006,100.10210418701172,3.4700000000000006,93.21028137207033,3.469999999999999,86.49143981933594,3.4700000000000006,84.37642669677734
3.479999999999998,88.84272766113281,3.4800000000000004,100.09870147705078,3.4800000000000004,93.21092987060548,3.4800000000000004,86.4919662475586,3.4800000000000004,84.3796157836914
3.49,88.84423828125,3.49,100.0950927734375,3.49,93.21463775634766,3.49,86.49307250976562,3.49,84.37979125976562
3.5,88.83253479003906,3.5000000000000018,100.0912094116211,3.5,93.21867370605467,3.5,86.49226379394531,3.5,84.37677764892578
3.51,88.8319091796875,3.5100000000000016,100.08621215820312,3.5100000000000016,93.22595977783205,3.51,86.49200439453125,3.5100000000000016,84.37256622314453
3.52,88.82804870605469,3.5200000000000014,100.080810546875,3.5200000000000014,93.23062133789062,3.52,86.49242401123047,3.5200000000000014,84.36783599853516
3.53,88.81729125976562,3.530000000000001,100.0756378173828,3.530000000000001,93.22792053222656,3.53,86.49313354492188,3.530000000000001,84.37042999267578
3.539999999999999,88.80467224121094,3.540000000000001,100.07164764404295,3.540000000000001,93.22277069091795,3.539999999999999,86.49462127685547,3.540000000000001,84.37438201904297
3.549999999999999,88.79312133789062,3.5500000000000007,100.06878662109376,3.5500000000000007,93.21685791015624,3.549999999999999,86.49560546875,3.5500000000000007,84.38031768798828
3.5599999999999987,88.78689575195312,3.5600000000000005,100.06500244140624,3.5600000000000005,93.2078857421875,3.5600000000000005,86.4955825805664,3.5600000000000005,84.3936996459961
3.5700000000000003,88.78518676757812,3.5700000000000003,100.05927276611328,3.5700000000000003,93.202880859375,3.5700000000000003,86.49607849121094,3.5700000000000003,84.40532684326172
3.58,88.78228759765625,3.58,100.0535125732422,3.58,93.20343017578124,3.58,86.495849609375,3.58,84.40675354003906
3.59,88.77906799316406,3.5900000000000016,100.0486297607422,3.59,93.20392608642578,3.59,86.49500274658203,3.5900000000000016,84.40540313720703
3.6,88.77869415283203,3.6000000000000014,100.04100036621094,3.6000000000000014,93.2045440673828,3.6,86.49321746826172,3.6000000000000014,84.40335845947266
3.61,88.77557373046875,3.610000000000001,100.03271484375,3.610000000000001,93.20851135253906,3.61,86.49309539794922,3.610000000000001,84.39743041992188
3.619999999999999,88.76934051513672,3.620000000000001,100.03375244140624,3.620000000000001,93.2125473022461,3.619999999999999,86.49209594726562,3.620000000000001,84.388671875
3.629999999999999,88.76231384277344,3.630000000000001,100.0345230102539,3.630000000000001,93.2142562866211,3.629999999999999,86.49276733398438,3.630000000000001,84.38221740722656
3.639999999999999,88.76039123535156,3.640000000000001,100.03480529785156,3.640000000000001,93.21405029296876,3.640000000000001,86.49402618408203,3.640000000000001,84.38150024414062
3.65,88.75678253173828,3.65,100.0359115600586,3.65,93.2129898071289,3.65,86.4940414428711,3.65,84.38546752929688
3.66,88.75951385498047,3.66,100.04025268554688,3.66,93.2168960571289,3.66,86.4924545288086,3.66,84.39244079589844
3.67,88.7625503540039,3.6700000000000017,100.04159545898438,3.67,93.22062683105467,3.67,86.49271392822266,3.6700000000000017,84.39942169189453
3.68,88.77397918701172,3.6800000000000015,100.0414047241211,3.6800000000000015,93.2197265625,3.68,86.49227905273438,3.6800000000000015,84.40557861328125
3.69,88.77870178222656,3.690000000000001,100.04094696044922,3.690000000000001,93.22052764892578,3.69,86.49191284179688,3.690000000000001,84.40689849853516
3.6999999999999993,88.77850341796875,3.700000000000001,100.0396499633789,3.700000000000001,93.22232818603516,3.6999999999999993,86.49205017089844,3.700000000000001,84.40448760986328
3.709999999999999,88.77750396728516,3.710000000000001,100.03732299804688,3.710000000000001,93.22389221191406,3.709999999999999,86.49290466308594,3.710000000000001,84.40104675292969
3.719999999999999,88.7777099609375,3.7200000000000006,100.03721618652344,3.7200000000000006,93.2221450805664,3.719999999999999,86.4921875,3.7200000000000006,84.39634704589844
3.729999999999999,88.77922058105469,3.73,100.04039764404295,3.73,93.22103881835938,3.73,86.49186706542969,3.73,84.39439392089844
3.74,88.78362274169922,3.74,100.04647827148438,3.74,93.2189483642578,3.74,86.4925765991211,3.74,84.39644622802734
3.75,88.78401184082031,3.7500000000000018,100.04681396484376,3.75,93.2190399169922,3.75,86.49339294433594,3.7500000000000018,84.39688873291016
3.76,88.77721405029297,3.7600000000000016,100.0462417602539,3.7600000000000016,93.22576904296876,3.76,86.49250793457031,3.7600000000000016,84.39559173583984
3.77,88.7708740234375,3.770000000000002,100.04511260986328,3.770000000000002,93.2310562133789,3.77,86.49182891845703,3.770000000000002,84.40019989013672
3.78,88.76756286621094,3.780000000000001,100.04341888427734,3.780000000000001,93.23117065429688,3.78,86.49087524414062,3.780000000000001,84.40493774414062
3.789999999999999,88.76679992675781,3.790000000000001,100.0417938232422,3.790000000000001,93.23126983642578,3.789999999999999,86.49188232421875,3.790000000000001,84.40541076660156
3.8000000000000007,88.77460479736328,3.8000000000000007,100.0396957397461,3.8000000000000007,93.23402404785156,3.799999999999999,86.49268341064453,3.8000000000000007,84.40172576904297
3.809999999999999,88.78076171875,3.810000000000001,100.03812408447266,3.810000000000001,93.23365783691406,3.810000000000001,86.49231719970703,3.810000000000001,84.39738464355469
3.82,88.78490447998047,3.82,100.03809356689452,3.82,93.23199462890624,3.82,86.49072265625,3.82,84.39142608642578
3.8299999999999983,88.7813491821289,3.83,100.03987884521484,3.83,93.22708129882812,3.83,86.4897232055664,3.83,84.39362335205078
3.84,88.77603149414062,3.8400000000000016,100.03870391845705,3.84,93.21930694580078,3.84,86.48888397216797,3.8400000000000016,84.39600372314453
3.849999999999998,88.77816009521484,3.8500000000000014,100.0390853881836,3.8500000000000014,93.22119903564452,3.85,86.48897552490234,3.8500000000000014,84.3889389038086
3.86,88.77906799316406,3.860000000000001,100.04017639160156,3.860000000000001,93.22721099853516,3.86,86.48654174804688,3.860000000000001,84.38129425048828
3.870000000000001,88.777587890625,3.870000000000001,100.0439910888672,3.870000000000001,93.226806640625,3.869999999999999,86.48602294921875,3.870000000000001,84.37655639648438
3.879999999999999,88.77892303466797,3.880000000000001,100.0495147705078,3.880000000000001,93.22498321533205,3.879999999999999,86.48538208007812,3.880000000000001,84.37841033935547
3.890000000000001,88.77938842773438,3.890000000000001,100.05282592773438,3.890000000000001,93.22710418701172,3.890000000000001,86.4839096069336,3.890000000000001,84.38200378417969
3.899999999999999,88.77908325195312,3.900000000000002,100.05489349365234,3.9,93.23235321044922,3.9,86.48468780517578,3.9,84.37596130371094
3.91,88.7857437133789,3.91,100.05767822265624,3.910000000000002,93.23783111572266,3.91,86.48272705078125,3.91,84.36405944824219
3.919999999999998,88.79499053955078,3.9200000000000017,100.05955505371094,3.92,93.24177551269533,3.92,86.48212432861328,3.9200000000000017,84.35266876220703
3.93,88.80107116699219,3.93,100.05950164794922,3.9300000000000015,93.23687744140624,3.93,86.48091125488281,3.9300000000000015,84.34053802490234
3.9399999999999977,88.8038558959961,3.940000000000001,100.06089782714844,3.94,93.234375,3.94,86.48136138916016,3.940000000000001,84.33024597167969
3.9499999999999993,88.80650329589844,3.9499999999999993,100.06237030029295,3.950000000000001,93.23795318603516,3.9499999999999993,86.48169708251953,3.950000000000001,84.32408905029297
3.960000000000001,88.80571746826172,3.960000000000001,100.0667953491211,3.959999999999999,93.24061584472656,3.959999999999999,86.48168182373047,3.960000000000001,84.31842803955078
3.969999999999999,88.80259704589844,3.9700000000000015,100.07846069335938,3.9700000000000006,93.24468994140624,3.969999999999999,86.48289489746094,3.9700000000000006,84.31336975097656
3.98,88.8004379272461,3.98,100.0814437866211,3.980000000000002,93.2477569580078,3.98,86.48316192626953,3.98,84.3048324584961
3.9899999999999984,88.79953002929688,3.990000000000002,100.08150482177734,3.99,93.24954223632812,3.99,86.48351287841797,3.99,84.29251098632812
4.0,88.79955291748047,4.0,100.08123779296876,4.000000000000002,93.25479888916016,4.0,86.48351287841797,4.000000000000002,84.277099609375
4.009999999999998,88.80480194091797,4.010000000000002,100.08062744140624,4.01,93.26023864746094,4.01,86.4823989868164,4.010000000000002,84.26348114013672
4.02,88.80750274658203,4.02,100.0794677734375,4.020000000000001,93.26535034179688,4.02,86.48225402832031,4.020000000000001,84.25480651855469
4.030000000000001,88.80621337890625,4.030000000000001,100.0780258178711,4.029999999999999,93.26811981201172,4.029999999999999,86.48052215576172,4.030000000000001,84.25053405761719
4.039999999999999,88.80147552490234,4.039999999999999,100.08000183105467,4.040000000000001,93.27076721191406,4.040000000000001,86.48126983642578,4.040000000000001,84.24974060058594
4.050000000000001,88.80066680908203,4.050000000000001,100.08624267578124,4.049999999999999,93.27688598632812,4.049999999999999,86.48280334472656,4.050000000000001,84.25132751464844
4.059999999999999,88.80036926269531,4.060000000000002,100.0882568359375,4.0600000000000005,93.28237915039062,4.0600000000000005,86.48421478271484,4.0600000000000005,84.2514419555664
4.07,88.79994201660156,4.07,100.08789825439452,4.070000000000002,93.28484344482422,4.069999999999999,86.48477935791016,4.07,84.24979400634766
4.079999999999998,88.80311584472656,4.080000000000002,100.08563995361328,4.08,93.28385925292967,4.08,86.48432159423828,4.08,84.24787139892578
4.09,88.80655670166016,4.09,100.0829849243164,4.090000000000002,93.2732391357422,4.089999999999998,86.48491668701172,4.090000000000002,84.2464828491211
4.099999999999998,88.80777740478516,4.100000000000001,100.07926940917967,4.1,93.2724609375,4.1,86.4848861694336,4.100000000000001,84.2445068359375
4.109999999999999,88.80464172363281,4.109999999999999,100.07828521728516,4.110000000000001,93.27740478515624,4.110000000000001,86.48635864257812,4.110000000000001,84.24187469482422
4.120000000000001,88.80625915527344,4.120000000000001,100.07779693603516,4.119999999999999,93.2776336669922,4.119999999999999,86.4885025024414,4.120000000000001,84.23969268798828
4.129999999999999,88.8054428100586,4.130000000000003,100.07921600341795,4.130000000000001,93.2722396850586,4.130000000000001,86.48986053466797,4.130000000000001,84.2369384765625
4.140000000000001,88.79681396484375,4.140000000000001,100.07807159423828,4.140000000000002,93.26911163330078,4.139999999999999,86.48778533935547,4.140000000000001,84.23641967773438
4.149999999999999,88.78863525390625,4.150000000000002,100.07521057128906,4.15,93.26736450195312,4.15,86.4880599975586,4.150000000000002,84.24044036865234
4.16,88.77977752685547,4.16,100.07079315185548,4.160000000000002,93.26209259033205,4.159999999999998,86.48702239990234,4.16,84.24740600585938
4.169999999999998,88.78008270263672,4.170000000000002,100.0679702758789,4.17,93.25433349609376,4.17,86.4872817993164,4.170000000000002,84.25269317626953
4.18,88.78423309326172,4.18,100.06645965576172,4.1800000000000015,93.25106048583984,4.179999999999998,86.486328125,4.18,84.25770568847656
4.189999999999998,88.7918701171875,4.190000000000001,100.06396484375,4.19,93.25689697265624,4.19,86.48676300048828,4.190000000000001,84.26042175292969
4.199999999999999,88.7942123413086,4.199999999999999,100.0621566772461,4.200000000000001,93.25641632080078,4.200000000000001,86.48582458496094,4.199999999999999,84.25719451904297
4.210000000000001,88.79271697998047,4.210000000000001,100.06251525878906,4.209999999999999,93.25236511230467,4.209999999999999,86.48441314697266,4.210000000000001,84.25121307373047
4.219999999999999,88.79427337646484,4.220000000000002,100.06401824951172,4.220000000000001,93.24868774414062,4.220000000000001,86.4857406616211,4.220000000000002,84.24588775634766
4.23,88.79521942138672,4.23,100.06463623046876,4.230000000000002,93.24431610107422,4.229999999999999,86.48480987548828,4.23,84.24713897705078
4.239999999999998,88.80158233642578,4.240000000000002,100.06433868408205,4.24,93.24644470214844,4.24,86.48468017578125,4.240000000000002,84.25192260742188
4.25,88.80975341796875,4.25,100.0676727294922,4.250000000000002,93.2516860961914,4.249999999999998,86.48341369628906,4.25,84.25489807128906
4.259999999999998,88.81062316894531,4.260000000000002,100.0718002319336,4.26,93.2496566772461,4.26,86.48259735107422,4.260000000000002,84.25205993652344
4.27,88.80692291259766,4.27,100.06940460205078,4.270000000000001,93.24649810791016,4.270000000000001,86.48126220703125,4.27,84.24903869628906
4.280000000000001,88.80518341064453,4.280000000000001,100.06694793701172,4.279999999999999,93.25369262695312,4.279999999999999,86.48279571533203,4.280000000000001,84.2447280883789
4.289999999999999,88.79983520507812,4.289999999999999,100.06507110595705,4.290000000000001,93.26467895507812,4.290000000000001,86.4811782836914,4.289999999999999,84.23878479003906
4.300000000000001,88.7983169555664,4.300000000000001,100.0682601928711,4.299999999999999,93.27685546875,4.299999999999999,86.48101043701172,4.300000000000001,84.23375701904297
4.309999999999999,88.80198669433594,4.310000000000002,100.07544708251952,4.3100000000000005,93.2835464477539,4.3100000000000005,86.48213195800781,4.310000000000002,84.2300033569336
4.32,88.80233001708984,4.32,100.0771255493164,4.320000000000002,93.28662109375,4.319999999999999,86.48230743408203,4.32,84.22574615478516
4.329999999999998,88.79464721679688,4.330000000000002,100.07765197753906,4.33,93.29137420654295,4.33,86.48172760009766,4.330000000000002,84.2244873046875
4.34,88.7907485961914,4.34,100.07693481445312,4.340000000000002,93.29344940185548,4.339999999999998,86.48310089111328,4.34,84.22489166259766
4.349999999999998,88.7928466796875,4.350000000000001,100.07748413085938,4.35,93.2931900024414,4.35,86.48169708251953,4.350000000000001,84.22616577148438
4.359999999999999,88.80157470703125,4.359999999999999,100.07941436767578,4.360000000000001,93.2861557006836,4.360000000000001,86.48020935058594,4.359999999999999,84.22566223144531
4.370000000000001,88.81044006347656,4.370000000000001,100.0799331665039,4.369999999999999,93.2794952392578,4.369999999999999,86.48030090332031,4.370000000000001,84.22825622558594
4.379999999999999,88.8159408569336,4.380000000000003,100.0786590576172,4.380000000000001,93.27263641357422,4.380000000000001,86.48092651367188,4.380000000000003,84.23348999023438
4.390000000000001,88.81986236572266,4.390000000000001,100.07780456542967,4.390000000000002,93.2670440673828,4.389999999999999,86.48101806640625,4.390000000000001,84.23847198486328
4.399999999999999,88.81752014160156,4.400000000000002,100.07913208007812,4.4,93.26848602294922,4.4,86.48076629638672,4.400000000000002,84.24664306640625
4.41,88.81590270996094,4.41,100.08147430419922,4.410000000000002,93.2735824584961,4.409999999999998,86.4828872680664,4.41,84.25586700439453
4.419999999999998,88.8155288696289,4.420000000000002,100.08114624023438,4.42,93.27630615234376,4.42,86.48458099365234,4.420000000000002,84.2595443725586
4.43,88.81290435791016,4.43,100.08078002929688,4.4300000000000015,93.27884674072266,4.429999999999998,86.4852066040039,4.43,84.25526428222656
4.439999999999998,88.81488800048828,4.440000000000001,100.0811004638672,4.44,93.28186798095705,4.44,86.48533630371094,4.440000000000001,84.24998474121094
4.449999999999999,88.81403350830078,4.449999999999999,100.0811996459961,4.450000000000001,93.28089904785156,4.450000000000001,86.48490142822266,4.449999999999999,84.24398803710938
4.460000000000001,88.81358337402344,4.460000000000001,100.08280181884766,4.459999999999999,93.27599334716795,4.459999999999999,86.48503875732422,4.460000000000001,84.23553466796875
4.469999999999999,88.8160400390625,4.470000000000002,100.08214569091795,4.470000000000001,93.27567291259766,4.470000000000001,86.48567199707031,4.470000000000002,84.2269058227539
4.48,88.82039642333984,4.48,100.08213806152344,4.480000000000002,93.28550720214844,4.479999999999999,86.48534393310547,4.48,84.22284698486328
4.489999999999998,88.82234954833984,4.490000000000002,100.0806121826172,4.49,93.30236053466795,4.49,86.48238372802734,4.490000000000002,84.22262573242188
4.5,88.82315063476562,4.5,100.07958221435548,4.500000000000002,93.31851196289062,4.499999999999998,86.4831771850586,4.5,84.22252655029297
4.509999999999998,88.82405853271484,4.510000000000002,100.07730102539062,4.51,93.3267593383789,4.51,86.48506927490234,4.510000000000002,84.2193603515625
4.52,88.82205963134766,4.52,100.07604217529295,4.520000000000001,93.3323745727539,4.520000000000001,86.48572540283203,4.52,84.21226501464844
4.530000000000001,88.82394409179688,4.530000000000001,100.07440948486328,4.529999999999999,93.33797454833984,4.529999999999999,86.48438262939453,4.530000000000001,84.20429992675781
4.539999999999999,88.82257080078125,4.539999999999999,100.07307434082033,4.540000000000001,93.34062957763672,4.540000000000001,86.48434448242188,4.539999999999999,84.19817352294922
4.550000000000001,88.81893157958984,4.550000000000001,100.0689468383789,4.549999999999999,93.33731079101562,4.549999999999999,86.48416900634766,4.550000000000001,84.19552612304688
4.559999999999999,88.81795501708984,4.560000000000002,100.06461334228516,4.5600000000000005,93.32860565185548,4.5600000000000005,86.4833755493164,4.560000000000002,84.19441223144531
4.57,88.8158187866211,4.57,100.05854034423828,4.570000000000002,93.31977081298828,4.569999999999999,86.48319244384766,4.57,84.19126892089844
4.579999999999998,88.81476593017578,4.580000000000002,100.05245971679688,4.58,93.3180694580078,4.58,86.48146057128906,4.580000000000002,84.18769073486328
4.59,88.82154846191406,4.59,100.05664825439452,4.590000000000002,93.323486328125,4.589999999999998,86.48090362548828,4.59,84.18629455566406
4.599999999999998,88.82466888427734,4.600000000000001,100.05836486816406,4.6,93.33177947998048,4.6,86.47959899902344,4.600000000000001,84.18802642822266
4.609999999999999,88.81967163085938,4.609999999999999,100.05867004394533,4.610000000000001,93.34210205078124,4.610000000000001,86.47927856445312,4.609999999999999,84.18616485595703
4.620000000000001,88.8086166381836,4.620000000000001,100.05751037597656,4.619999999999999,93.35520935058594,4.619999999999999,86.47789764404297,4.620000000000001,84.1810302734375
4.629999999999999,88.79780578613281,4.630000000000003,100.05733489990234,4.630000000000001,93.37023162841795,4.630000000000001,86.47901153564453,4.630000000000003,84.17681121826172
4.640000000000001,88.80083465576172,4.640000000000001,100.06136322021484,4.640000000000002,93.3790512084961,4.639999999999999,86.4794692993164,4.640000000000001,84.17427825927734
4.649999999999999,88.81471252441406,4.650000000000002,100.06485748291016,4.65,93.3823471069336,4.65,86.48099517822266,4.650000000000002,84.17344665527344
4.66,88.82869720458984,4.66,100.06432342529295,4.660000000000002,93.3874740600586,4.659999999999998,86.48101806640625,4.66,84.17252349853516
4.669999999999998,88.84205627441406,4.670000000000002,100.06227111816406,4.67,93.39505767822266,4.67,86.48033142089844,4.670000000000002,84.16824340820312
4.68,88.85330963134766,4.68,100.06015014648438,4.6800000000000015,93.40436553955078,4.679999999999998,86.48005676269531,4.68,84.16622924804688
4.689999999999998,88.85513305664062,4.690000000000001,100.05987548828124,4.69,93.4149398803711,4.69,86.48127746582031,4.690000000000001,84.17008209228516
4.699999999999999,88.84735107421875,4.699999999999999,100.05848693847656,4.700000000000001,93.42144775390624,4.700000000000001,86.4815673828125,4.699999999999999,84.17474365234375
4.710000000000001,88.83258819580078,4.710000000000001,100.05451202392578,4.709999999999999,93.42533111572266,4.709999999999999,86.4825668334961,4.710000000000001,84.18109893798828
4.719999999999999,88.82218170166016,4.720000000000002,100.04995727539062,4.720000000000001,93.4248275756836,4.720000000000001,86.4839859008789,4.720000000000002,84.18866729736328
4.73,88.81221771240234,4.73,100.04595184326172,4.730000000000002,93.42285919189452,4.729999999999999,86.48423767089844,4.73,84.1932373046875
4.739999999999998,88.80995178222656,4.740000000000002,100.0437240600586,4.74,93.42572784423828,4.74,86.48389434814453,4.740000000000002,84.19158172607422
4.75,88.8171615600586,4.75,100.04115295410156,4.750000000000002,93.43487548828124,4.749999999999998,86.48404693603516,4.75,84.1867904663086
4.759999999999998,88.82878112792969,4.760000000000002,100.03682708740234,4.76,93.44087982177734,4.76,86.48280334472656,4.760000000000002,84.18936920166016
4.77,88.83184814453125,4.77,100.0329818725586,4.770000000000001,93.44557189941406,4.770000000000001,86.48162078857422,4.77,84.19873046875
4.780000000000001,88.83157348632812,4.780000000000001,100.02869415283205,4.779999999999999,93.44660186767578,4.779999999999999,86.47991180419922,4.780000000000001,84.21315002441406
4.789999999999999,88.83234405517578,4.789999999999999,100.0267333984375,4.790000000000001,93.44580841064452,4.790000000000001,86.47810363769531,4.789999999999999,84.22496795654297
4.800000000000001,88.83788299560547,4.800000000000001,100.0236587524414,4.799999999999999,93.44518280029295,4.799999999999999,86.47566986083984,4.800000000000001,84.22622680664062
4.809999999999999,88.84527587890625,4.810000000000002,100.02288818359376,4.8100000000000005,93.4471435546875,4.8100000000000005,86.47611236572266,4.810000000000002,84.2199935913086
4.82,88.8504867553711,4.82,100.0233383178711,4.820000000000002,93.45237731933594,4.819999999999999,86.47663879394531,4.82,84.20967864990234
4.829999999999998,88.85456848144531,4.830000000000002,100.02558135986328,4.83,93.45599365234376,4.83,86.47724914550781,4.830000000000002,84.20243072509766
4.84,88.86640167236328,4.84,100.02664184570312,4.840000000000002,93.45931243896484,4.839999999999998,86.47724914550781,4.84,84.2026138305664
4.849999999999998,88.88227081298828,4.850000000000001,100.02654266357422,4.85,93.46200561523438,4.85,86.4752426147461,4.850000000000001,84.20451354980469
4.859999999999999,88.89041137695312,4.859999999999999,100.02635955810548,4.860000000000001,93.46329498291016,4.860000000000001,86.4743423461914,4.859999999999999,84.20684814453125
4.870000000000001,88.89521789550781,4.870000000000001,100.02653503417967,4.869999999999999,93.46277618408205,4.869999999999999,86.47346496582031,4.870000000000001,84.21157836914062
4.879999999999999,88.89965057373047,4.880000000000003,100.0263214111328,4.880000000000001,93.45986938476562,4.880000000000001,86.47299194335938,4.880000000000003,84.21490478515625
4.890000000000001,88.90684509277344,4.890000000000001,100.02483367919922,4.890000000000002,93.45540618896484,4.889999999999999,86.47251892089844,4.890000000000001,84.2185287475586
4.899999999999999,88.91632080078125,4.900000000000002,100.0190887451172,4.9,93.45499420166016,4.9,86.47219848632812,4.900000000000002,84.2191162109375
4.91,88.92061614990234,4.91,100.01603698730467,4.910000000000002,93.45700073242188,4.909999999999998,86.47258758544922,4.91,84.2197036743164
4.919999999999998,88.92117309570312,4.920000000000002,100.01996612548828,4.92,93.45845794677734,4.92,86.47102355957031,4.920000000000002,84.22372436523438
4.93,88.91648864746094,4.93,100.02313232421876,4.9300000000000015,93.4570083618164,4.929999999999998,86.47032165527344,4.93,84.2310791015625
4.940000000000001,88.91107940673828,4.940000000000001,100.0254135131836,4.94,93.4626235961914,4.94,86.46845245361328,4.940000000000001,84.23908996582031
4.949999999999999,88.9083023071289,4.949999999999999,100.02757263183594,4.950000000000001,93.46817779541016,4.950000000000001,86.46673583984375,4.949999999999999,84.24467468261719
4.960000000000001,88.90727996826172,4.960000000000001,100.0283660888672,4.959999999999999,93.46493530273438,4.959999999999999,86.46564483642578,4.960000000000001,84.24790954589844
4.969999999999999,88.91399383544922,4.970000000000002,100.02967834472656,4.970000000000001,93.4604949951172,4.970000000000001,86.46355438232422,4.970000000000002,84.25079345703125
4.98,88.92390441894531,4.98,100.03298950195312,4.980000000000002,93.4633331298828,4.979999999999999,86.46064758300781,4.98,84.25228881835938
4.989999999999998,88.93321990966797,4.990000000000002,100.0367202758789,4.99,93.4747543334961,4.99,86.45926666259766,4.990000000000002,84.25286102294922
5.0,88.93862915039062,5.0,100.04073333740234,5.000000000000002,93.48693084716795,4.999999999999998,86.45675659179688,5.0,84.2509994506836
5.009999999999998,88.94508361816406,5.010000000000002,100.04444122314452,5.01,93.49728393554688,5.01,86.45552062988281,5.010000000000002,84.24854278564453
5.02,88.95088195800781,5.02,100.0476303100586,5.020000000000001,93.50389099121094,5.020000000000001,86.4539794921875,5.02,84.24427795410156
5.030000000000001,88.9509048461914,5.030000000000001,100.0517807006836,5.029999999999999,93.50878143310548,5.029999999999999,86.45428466796875,5.030000000000001,84.24115753173828
5.039999999999999,88.9554443359375,5.040000000000003,100.05573272705078,5.040000000000001,93.5090103149414,5.040000000000001,86.45258331298828,5.039999999999999,84.23712158203125
5.050000000000001,88.96028900146484,5.050000000000001,100.06002807617188,5.0500000000000025,93.51142120361328,5.049999999999999,86.45289611816406,5.050000000000001,84.23126220703125
5.059999999999999,88.96630859375,5.060000000000002,100.06451416015624,5.0600000000000005,93.51628112792967,5.0600000000000005,86.45275115966797,5.060000000000002,84.22477722167969
5.07,88.97911834716797,5.07,100.06727600097656,5.070000000000002,93.5212631225586,5.069999999999999,86.45269012451172,5.07,84.21696472167969
5.079999999999998,88.99256896972656,5.080000000000002,100.06887817382812,5.08,93.52476501464844,5.08,86.45299530029297,5.080000000000002,84.21125793457031
5.09,89.00678253173828,5.09,100.06903076171876,5.090000000000002,93.5250244140625,5.089999999999998,86.45286560058594,5.09,84.20745849609375
5.099999999999998,89.02403259277344,5.100000000000001,100.0678939819336,5.1,93.52518463134766,5.1,86.45303344726562,5.100000000000001,84.20561981201172
5.109999999999999,89.0330581665039,5.109999999999999,100.06858825683594,5.110000000000001,93.52658081054688,5.110000000000001,86.45195007324219,5.109999999999999,84.20934295654297
5.120000000000001,89.03318786621094,5.120000000000001,100.07254028320312,5.119999999999999,93.52704620361328,5.119999999999999,86.450439453125,5.120000000000001,84.21239471435547
5.129999999999999,89.02735137939453,5.130000000000003,100.0750732421875,5.130000000000001,93.52336883544922,5.130000000000001,86.45105743408203,5.130000000000003,84.21340942382812
5.140000000000001,89.01919555664062,5.140000000000001,100.0742416381836,5.140000000000002,93.51499938964844,5.139999999999999,86.45390319824219,5.140000000000001,84.20966339111328
5.149999999999999,89.0119400024414,5.150000000000002,100.0709228515625,5.15,93.50765991210938,5.15,86.45641326904297,5.150000000000002,84.20329284667969
5.16,89.0059585571289,5.16,100.06859588623048,5.160000000000002,93.50264739990234,5.159999999999998,86.45653533935547,5.16,84.19500732421875
5.169999999999998,89.0074234008789,5.170000000000002,100.06551361083984,5.17,93.50408935546876,5.17,86.45701599121094,5.170000000000002,84.18710327148438
5.18,89.01594543457031,5.18,100.0634307861328,5.1800000000000015,93.50720977783205,5.1800000000000015,86.45684051513672,5.18,84.1829605102539
5.190000000000001,89.02328491210938,5.190000000000001,100.06038665771484,5.19,93.50857543945312,5.19,86.45584869384766,5.190000000000001,84.18260955810547
5.199999999999999,89.0260009765625,5.199999999999999,100.0562515258789,5.200000000000001,93.5128402709961,5.200000000000001,86.45630645751953,5.199999999999999,84.18163299560547
5.210000000000001,89.0284194946289,5.210000000000001,100.05347442626952,5.209999999999999,93.51646423339844,5.209999999999999,86.45555114746094,5.210000000000001,84.17572784423828
5.219999999999999,89.03402709960938,5.220000000000002,100.0537109375,5.220000000000001,93.51680755615234,5.220000000000001,86.455322265625,5.220000000000002,84.16690063476562
5.23,89.03811645507812,5.23,100.0539093017578,5.230000000000002,93.51458740234376,5.229999999999999,86.4542007446289,5.23,84.15634155273438
5.239999999999998,89.03706359863281,5.240000000000002,100.0526351928711,5.24,93.5195770263672,5.24,86.45320129394531,5.240000000000002,84.14588928222656
5.25,89.03181457519531,5.25,100.0510482788086,5.250000000000002,93.53046417236328,5.249999999999998,86.4544906616211,5.25,84.13807678222656
5.259999999999998,89.02816009521484,5.260000000000002,100.04712677001952,5.26,93.54053497314452,5.26,86.45480346679688,5.260000000000002,84.13512420654297
5.27,89.02648162841797,5.27,100.04149627685548,5.270000000000001,93.54984283447266,5.270000000000001,86.45562744140625,5.27,84.1360855102539
5.280000000000001,89.0323715209961,5.280000000000001,100.03433227539062,5.279999999999999,93.55451202392578,5.279999999999999,86.4548568725586,5.280000000000001,84.13935089111328
5.289999999999999,89.04082489013672,5.290000000000003,100.02644348144533,5.290000000000001,93.55412292480467,5.290000000000001,86.45442199707031,5.290000000000003,84.14400482177734
5.300000000000001,89.0501708984375,5.300000000000001,100.02220153808594,5.3000000000000025,93.54920196533205,5.299999999999999,86.45407104492188,5.300000000000001,84.14404296875
5.309999999999999,89.06044006347656,5.310000000000002,100.02021026611328,5.3100000000000005,93.53841400146484,5.3100000000000005,86.4528579711914,5.310000000000002,84.13861846923828
5.32,89.06729888916016,5.32,100.01927185058594,5.320000000000002,93.5232925415039,5.319999999999999,86.45148468017578,5.32,84.13119506835938
5.329999999999998,89.0727767944336,5.330000000000002,100.01800537109376,5.33,93.5116729736328,5.33,86.45023345947266,5.330000000000002,84.12397003173828
5.34,89.07759094238281,5.34,100.01632690429688,5.340000000000002,93.5060806274414,5.339999999999998,86.45175170898438,5.34,84.12069702148438
5.349999999999998,89.0760269165039,5.350000000000001,100.01492309570312,5.35,93.51179504394533,5.35,86.4512710571289,5.350000000000001,84.1236343383789
5.359999999999999,89.0723876953125,5.359999999999999,100.01368713378906,5.360000000000001,93.51876068115234,5.360000000000001,86.44883728027344,5.359999999999999,84.12939453125
5.370000000000001,89.07064819335938,5.370000000000001,100.0114288330078,5.369999999999999,93.52088165283205,5.369999999999999,86.44595336914062,5.370000000000001,84.13633728027344
5.379999999999999,89.0715103149414,5.380000000000003,100.00782012939452,5.380000000000001,93.51351928710938,5.380000000000001,86.44434356689453,5.380000000000003,84.14375305175781
5.390000000000001,89.06986999511719,5.390000000000001,100.00386810302734,5.390000000000002,93.5022964477539,5.389999999999999,86.44314575195312,5.390000000000001,84.1540756225586
5.399999999999999,89.07354736328125,5.400000000000002,100.0011749267578,5.4,93.49201202392578,5.4,86.4419174194336,5.400000000000002,84.16575622558594
5.41,89.07646942138672,5.41,99.99533081054688,5.410000000000002,93.47738647460938,5.409999999999998,86.44105529785156,5.41,84.17572021484375
5.419999999999998,89.08528137207031,5.420000000000002,99.99169921875,5.42,93.46585845947266,5.42,86.44054412841797,5.420000000000002,84.17952728271484
5.43,89.09638977050781,5.43,99.99002075195312,5.4300000000000015,93.459228515625,5.4300000000000015,86.43952941894531,5.43,84.17388916015625
5.440000000000001,89.10997009277344,5.440000000000001,99.98834991455078,5.44,93.4552993774414,5.44,86.43518829345703,5.440000000000001,84.1541519165039
5.449999999999999,89.11743927001953,5.449999999999999,99.98692321777344,5.450000000000001,93.44758605957033,5.450000000000001,86.43429565429688,5.449999999999999,84.11516571044922
5.460000000000001,89.11363983154297,5.460000000000001,99.98575592041016,5.459999999999999,93.43922424316406,5.459999999999999,86.43301391601562,5.460000000000001,84.05850219726562
5.469999999999999,89.10466003417969,5.470000000000002,99.9838409423828,5.470000000000001,93.42601013183594,5.470000000000001,86.43386840820312,5.470000000000002,83.99591827392578
5.48,89.09734344482422,5.48,99.98013305664062,5.480000000000002,93.4095687866211,5.479999999999999,86.43408203125,5.48,83.936767578125
5.489999999999998,89.09854888916016,5.490000000000002,99.9752197265625,5.49,93.38617706298828,5.49,86.43181610107422,5.490000000000002,83.88021850585938
5.5,89.10322570800781,5.5,99.96424865722656,5.500000000000002,93.35845947265624,5.499999999999998,86.42814636230469,5.5,83.82157135009766
5.509999999999998,89.10665130615234,5.510000000000002,99.95930480957033,5.51,93.32723999023438,5.51,86.42424774169922,5.510000000000002,83.76254272460938
5.52,89.10680389404297,5.52,99.95642852783205,5.520000000000001,93.29039764404295,5.520000000000001,86.42237854003906,5.52,83.71546936035156
5.530000000000001,89.1072998046875,5.530000000000001,99.94499206542967,5.529999999999999,93.24475860595705,5.529999999999999,86.42130279541016,5.530000000000001,83.68075561523438
5.539999999999999,89.11019897460938,5.540000000000003,99.9288101196289,5.540000000000001,93.19571685791016,5.540000000000001,86.42171478271484,5.540000000000003,83.64959716796875
5.550000000000001,89.11071014404297,5.550000000000001,99.91494750976562,5.5500000000000025,93.1352767944336,5.549999999999999,86.4222183227539,5.550000000000001,83.60636901855469
5.559999999999999,89.10791015625,5.560000000000002,99.90171813964844,5.5600000000000005,93.0594711303711,5.5600000000000005,86.42430877685547,5.560000000000002,83.5577621459961
5.57,89.09717559814453,5.57,99.88949584960938,5.570000000000002,92.96636199951172,5.569999999999999,86.42634582519531,5.57,83.51968383789062
5.579999999999998,89.08197021484375,5.580000000000002,99.8777847290039,5.58,92.86204528808594,5.58,86.42737579345703,5.580000000000002,83.48263549804688
5.59,89.05946350097656,5.59,99.86204528808594,5.590000000000002,92.75869750976562,5.589999999999998,86.42501831054688,5.59,83.43614196777344
5.599999999999998,89.01750183105469,5.600000000000001,99.84485626220705,5.6,92.66194152832033,5.6,86.41986083984375,5.600000000000001,83.37364959716797
5.609999999999999,88.95045471191406,5.609999999999999,99.83049774169922,5.610000000000001,92.5856475830078,5.610000000000001,86.41085815429688,5.609999999999999,83.2957992553711
5.620000000000001,88.86444854736328,5.620000000000001,99.81700897216795,5.619999999999999,92.5151138305664,5.619999999999999,86.40109252929688,5.620000000000001,83.21739959716797
5.629999999999999,88.75468444824219,5.630000000000003,99.8072509765625,5.630000000000001,92.38523864746094,5.630000000000001,86.38778686523438,5.630000000000003,83.14962005615234
5.640000000000001,88.62249755859375,5.640000000000001,99.8042984008789,5.640000000000002,92.23003387451172,5.639999999999999,86.37140655517578,5.640000000000001,83.09761047363281
5.649999999999999,88.48014068603516,5.650000000000002,99.80481719970705,5.65,92.12151336669922,5.65,86.3514404296875,5.650000000000002,83.06053924560547
5.66,88.32386779785156,5.66,99.80872344970705,5.660000000000002,92.03488159179688,5.659999999999998,86.32935333251953,5.66,83.03384399414062
5.669999999999998,88.15575408935547,5.670000000000002,99.8172836303711,5.67,91.94180297851562,5.67,86.30724334716797,5.670000000000002,83.01499938964844
5.68,87.98003387451172,5.68,99.8381118774414,5.6800000000000015,91.8448257446289,5.6800000000000015,86.28581237792969,5.68,83.01036071777344
5.690000000000001,87.78279113769531,5.690000000000001,99.86951446533205,5.69,91.74791717529295,5.69,86.26387786865234,5.690000000000001,83.01583862304688
5.699999999999999,87.57655334472656,5.699999999999999,99.91471099853516,5.700000000000001,91.66251373291016,5.700000000000001,86.24211120605469,5.699999999999999,83.03135681152344
5.710000000000001,87.36611938476562,5.710000000000001,99.97421264648438,5.709999999999999,91.5927963256836,5.709999999999999,86.21810913085938,5.710000000000001,83.05506134033203
5.719999999999999,87.15345001220703,5.720000000000002,100.04412841796876,5.720000000000001,91.53187561035156,5.720000000000001,86.1915283203125,5.720000000000002,83.08712768554688
5.73,86.94111633300781,5.73,100.12474822998048,5.730000000000002,91.47937774658205,5.729999999999999,86.16324615478516,5.73,83.12879180908203
5.739999999999998,86.71945190429688,5.740000000000002,100.2175750732422,5.74,91.4308624267578,5.74,86.13345336914062,5.740000000000002,83.17265319824219
5.75,86.49146270751953,5.75,100.31908416748048,5.750000000000002,91.39025115966795,5.749999999999998,86.10553741455078,5.75,83.21175384521484
5.759999999999998,86.25519561767578,5.760000000000002,100.42782592773438,5.76,91.36652374267578,5.76,86.07442474365234,5.760000000000002,83.2496337890625
5.77,86.00129699707031,5.77,100.55017852783205,5.770000000000001,91.34839630126952,5.770000000000001,86.04312896728516,5.77,83.28719329833984
5.780000000000001,85.73062133789062,5.780000000000001,100.6837387084961,5.779999999999999,91.32557678222656,5.779999999999999,86.00955963134766,5.780000000000001,83.31828308105469
5.789999999999999,85.42981719970703,5.790000000000003,100.8304672241211,5.790000000000001,91.30265808105467,5.790000000000001,85.9701919555664,5.790000000000003,83.34235382080078
5.800000000000001,85.09229278564453,5.800000000000001,100.99256896972656,5.8000000000000025,91.2820281982422,5.799999999999999,85.92496490478516,5.800000000000001,83.3739013671875
5.809999999999999,84.72918701171875,5.810000000000002,101.17391967773438,5.8100000000000005,91.2715835571289,5.8100000000000005,85.87197875976562,5.810000000000002,83.42024993896484
5.82,84.28394317626953,5.82,101.3764419555664,5.820000000000002,91.27564239501952,5.819999999999999,85.810546875,5.82,83.47917175292969
5.829999999999998,83.79499053955078,5.830000000000002,101.6009292602539,5.83,91.2857437133789,5.83,85.73661804199219,5.830000000000002,83.54563903808594
5.84,83.28397369384766,5.84,101.85649871826172,5.840000000000002,91.28491973876952,5.839999999999998,85.6476058959961,5.84,83.60602569580078
5.849999999999998,82.74834442138672,5.850000000000001,102.14669036865234,5.85,91.26956939697266,5.85,85.53579711914062,5.850000000000001,83.64964294433594
5.859999999999999,82.19638061523438,5.859999999999999,102.47762298583984,5.860000000000001,91.24899291992188,5.860000000000001,85.40404510498047,5.859999999999999,83.66567993164062
5.870000000000001,81.6130142211914,5.870000000000001,102.83811950683594,5.869999999999999,91.23121643066406,5.869999999999999,85.2315902709961,5.870000000000001,83.6532974243164
5.879999999999999,80.99073028564453,5.880000000000003,103.23587036132812,5.880000000000001,91.2159423828125,5.880000000000001,85.00616455078125,5.880000000000003,83.59898376464844
5.890000000000001,80.3143539428711,5.890000000000001,103.65410614013672,5.890000000000002,91.19812774658205,5.889999999999999,84.6711654663086,5.890000000000001,83.51649475097656
5.899999999999999,79.53387451171875,5.900000000000002,104.08312225341795,5.9,91.17754364013672,5.9,84.28288269042969,5.900000000000002,83.43917083740234
5.91,78.67540740966797,5.91,104.52330780029295,5.910000000000002,91.15452575683594,5.909999999999998,83.82366180419922,5.91,83.38770294189453
5.919999999999998,77.73992156982422,5.920000000000002,104.9853286743164,5.92,91.13426971435548,5.92,83.23310089111328,5.920000000000002,83.3625717163086
5.93,76.75283813476562,5.93,105.47356414794922,5.9300000000000015,91.11505889892578,5.9300000000000015,82.50506591796875,5.93,83.35682678222656
5.940000000000001,75.72997283935547,5.940000000000001,105.9901351928711,5.94,91.0940399169922,5.94,81.64824676513672,5.940000000000001,83.34627532958984
5.949999999999999,74.66007232666016,5.949999999999999,106.53921508789062,5.950000000000001,91.07406616210938,5.950000000000001,80.66412353515625,5.949999999999999,83.30901336669922
5.960000000000001,73.53944396972656,5.960000000000001,107.09011840820312,5.959999999999999,91.05601501464844,5.959999999999999,79.53878784179688,5.960000000000001,83.20659637451172
5.969999999999999,72.36917877197266,5.970000000000002,107.63801574707033,5.970000000000001,91.03824615478516,5.970000000000001,78.31719970703125,5.970000000000002,83.04963684082031
5.98,71.13884735107422,5.98,108.20108795166016,5.980000000000002,91.01749420166016,5.979999999999999,76.96570587158203,5.98,82.85834503173828
5.989999999999998,69.8108901977539,5.990000000000002,108.7969207763672,5.99,90.99082946777344,5.99,75.50093841552734,5.990000000000002,82.68226623535156
6.0,68.3613510131836,6.0,109.41055297851562,6.000000000000002,90.96002197265624,5.999999999999998,73.9063720703125,6.0,82.55342864990234
6.009999999999998,66.88265991210938,6.010000000000002,110.02364349365234,6.01,90.92471313476562,6.01,72.20039367675781,6.010000000000002,82.48943328857422
6.02,65.42466735839844,6.02,110.62030792236328,6.020000000000001,90.8961181640625,6.020000000000001,70.39944458007812,6.02,82.46489715576172
6.030000000000001,63.99908828735352,6.030000000000001,111.16878509521484,6.029999999999999,90.9044952392578,6.029999999999999,68.67646789550781,6.030000000000001,82.45803833007812
6.039999999999999,62.63202667236328,6.040000000000003,111.59923553466795,6.040000000000001,90.95565032958984,6.040000000000001,67.3669662475586,6.040000000000003,82.43717193603516
6.050000000000001,61.318485260009766,6.050000000000001,111.97811889648438,6.0500000000000025,91.0396499633789,6.049999999999999,66.50093078613281,6.050000000000001,82.38642120361328
6.059999999999999,59.97154235839844,6.060000000000002,112.4742660522461,6.0600000000000005,91.1675033569336,6.0600000000000005,65.84634399414062,6.060000000000002,82.30333709716797
6.07,58.57599258422852,6.07,113.11181640625,6.070000000000002,91.32421112060548,6.069999999999999,65.50006866455078,6.07,82.1926498413086
6.079999999999998,57.15528869628906,6.080000000000002,113.91287231445312,6.08,91.4832992553711,6.08,65.25032043457031,6.080000000000002,82.08756256103516
6.09,55.76401519775391,6.09,114.78575897216795,6.090000000000002,91.62035369873048,6.089999999999998,65.00149536132812,6.09,81.99620056152344
6.099999999999998,54.432090759277344,6.100000000000001,115.64974212646484,6.1,91.71305084228516,6.1,64.73121643066406,6.100000000000001,81.93634796142578
6.109999999999999,53.15249633789063,6.109999999999999,116.4994125366211,6.110000000000001,91.7519302368164,6.110000000000001,64.41893005371094,6.109999999999999,81.927490234375
6.120000000000001,51.94490814208984,6.120000000000001,117.33756256103516,6.119999999999999,91.7593994140625,6.119999999999999,64.0827865600586,6.120000000000001,81.98312377929688
6.129999999999999,50.78703689575195,6.130000000000003,118.1301498413086,6.130000000000001,91.74979400634766,6.130000000000001,63.70383834838867,6.130000000000003,82.10137939453125
6.140000000000001,49.65467071533203,6.140000000000001,118.86701965332033,6.140000000000002,91.73937225341795,6.139999999999999,63.29181289672852,6.140000000000001,82.27188873291016
6.149999999999999,48.54092025756836,6.150000000000002,119.55780029296876,6.15,91.72433471679688,6.15,62.85558319091797,6.150000000000002,82.47379302978516
6.16,47.435184478759766,6.16,120.23062133789062,6.160000000000002,91.6944351196289,6.159999999999998,62.42354583740234,6.16,82.66848754882812
6.169999999999998,46.35773468017578,6.170000000000002,120.87958526611328,6.17,91.65885162353516,6.17,62.01681518554688,6.170000000000002,82.8180160522461
6.18,45.323001861572266,6.18,121.528564453125,6.1800000000000015,91.63333129882812,6.1800000000000015,61.65122222900391,6.18,82.91421508789062
6.190000000000001,44.32236862182617,6.190000000000001,122.15612030029295,6.19,91.6240463256836,6.19,61.364593505859375,6.190000000000001,82.97098541259766
6.199999999999999,43.355751037597656,6.199999999999999,122.75460052490234,6.200000000000001,91.6268081665039,6.200000000000001,61.14690399169922,6.199999999999999,83.01229858398438
6.210000000000001,42.41357803344727,6.210000000000001,123.3028335571289,6.209999999999999,91.63851165771484,6.209999999999999,60.945533752441406,6.210000000000001,83.0536117553711
6.219999999999999,41.49224090576172,6.220000000000002,123.8019790649414,6.220000000000001,91.6576690673828,6.220000000000001,60.75876235961914,6.220000000000002,83.11351776123047
6.23,40.63608932495117,6.23,124.2513656616211,6.230000000000002,91.6859130859375,6.229999999999999,60.59643173217773,6.23,83.19990539550781
6.239999999999998,39.84615707397461,6.240000000000002,124.64379119873048,6.24,91.73458862304688,6.24,60.49311828613281,6.240000000000002,83.27828979492188
6.25,39.12506103515625,6.25,124.96762084960938,6.250000000000002,91.82650756835938,6.249999999999998,60.44451904296875,6.25,83.33829498291016
6.259999999999998,38.50775146484375,6.260000000000002,125.21907806396484,6.26,91.96003723144533,6.26,60.44715881347656,6.260000000000002,83.37738800048828
6.27,37.97105026245117,6.27,125.42350769042967,6.270000000000001,92.1234893798828,6.270000000000001,60.49099349975586,6.27,83.36430358886719
6.280000000000001,37.531585693359375,6.280000000000001,125.5744857788086,6.279999999999999,92.26100158691406,6.279999999999999,60.59105682373047,6.280000000000001,83.29377746582031
6.289999999999999,37.1719970703125,6.290000000000003,125.68994140625,6.290000000000001,92.33699798583984,6.290000000000001,60.7308349609375,6.290000000000003,83.20268249511719
6.300000000000001,36.88725662231445,6.300000000000001,125.73648071289062,6.3000000000000025,92.3554458618164,6.299999999999999,60.88803863525391,6.300000000000001,83.139404296875
6.309999999999999,36.69479370117188,6.310000000000002,125.7181625366211,6.3100000000000005,92.32559204101562,6.3100000000000005,61.03968811035156,6.310000000000002,83.16053009033203
6.32,36.59212493896485,6.32,125.62313079833984,6.320000000000002,92.25366973876952,6.319999999999999,61.18220138549805,6.32,83.23127746582031
6.329999999999998,36.61872482299805,6.330000000000002,125.44253540039062,6.33,92.16143035888672,6.33,61.31330108642578,6.330000000000002,83.30658721923828
6.34,36.81277084350586,6.34,125.18446350097656,6.340000000000002,92.11721801757812,6.339999999999998,61.427978515625,6.34,83.35824584960938
6.349999999999998,37.16194152832031,6.350000000000001,124.8548812866211,6.35,92.1095962524414,6.35,61.50433349609375,6.350000000000001,83.40360260009766
6.359999999999999,37.67988586425781,6.359999999999999,124.47211456298828,6.360000000000001,92.1018524169922,6.360000000000001,61.52274703979492,6.359999999999999,83.45549011230469
6.370000000000001,38.31429290771485,6.370000000000001,124.04601287841795,6.369999999999999,92.10187530517578,6.369999999999999,61.44081115722656,6.370000000000001,83.4974594116211
6.379999999999999,39.06770324707031,6.380000000000003,123.5802993774414,6.380000000000001,92.13245391845705,6.380000000000001,61.25102233886719,6.380000000000003,83.51773834228516
6.390000000000001,39.9281005859375,6.390000000000001,123.08665466308594,6.390000000000002,92.18946838378906,6.389999999999999,60.91175842285156,6.390000000000001,83.53375244140625
6.399999999999999,40.86919784545898,6.400000000000002,122.57545471191406,6.4,92.26205444335938,6.4,60.4560432434082,6.400000000000002,83.5883560180664
6.41,41.91968536376953,6.41,122.03942108154295,6.410000000000002,92.3464813232422,6.409999999999998,59.875614166259766,6.41,83.72990417480469
6.419999999999998,43.04626083374024,6.420000000000002,121.49649047851562,6.42,92.43402099609376,6.42,59.22400665283203,6.420000000000002,83.92121124267578
6.43,44.22808456420898,6.43,120.96227264404295,6.4300000000000015,92.5114288330078,6.4300000000000015,58.52456283569336,6.43,84.12203979492188
6.440000000000001,45.47151565551758,6.440000000000001,120.45547485351562,6.44,92.56291198730467,6.44,57.83176040649414,6.440000000000001,84.29891967773438
6.449999999999999,46.77317428588867,6.449999999999999,120.00065612792967,6.450000000000001,92.58560180664062,6.450000000000001,57.21842956542969,6.449999999999999,84.44587707519531
6.460000000000001,48.137733459472656,6.460000000000001,119.60316467285156,6.459999999999999,92.60843658447266,6.459999999999999,56.72826385498047,6.460000000000001,84.53890991210938
6.469999999999999,49.57235336303711,6.470000000000002,119.25177764892578,6.470000000000001,92.66185760498048,6.470000000000001,56.3536491394043,6.470000000000002,84.5843505859375
6.48,51.09931945800781,6.48,118.94660186767578,6.480000000000002,92.72744750976562,6.479999999999999,56.06610870361328,6.48,84.60621643066406
6.489999999999998,52.69803237915039,6.490000000000002,118.66468048095705,6.49,92.79346466064452,6.49,55.82430267333984,6.490000000000002,84.64029693603516
6.5,54.25323486328125,6.5,118.38968658447266,6.500000000000002,92.8717269897461,6.499999999999998,55.587677001953125,6.5,84.71976470947266
6.509999999999998,55.73370742797852,6.510000000000002,118.1160125732422,6.51,92.94465637207033,6.51,55.32830047607422,6.510000000000002,84.83220672607422
6.52,57.19879150390625,6.52,117.85684967041016,6.520000000000001,93.0171127319336,6.520000000000001,55.06800079345703,6.52,84.94585418701172
6.530000000000001,58.746952056884766,6.530000000000001,117.58131408691406,6.529999999999999,93.0894775390625,6.529999999999999,54.88454055786133,6.530000000000001,85.06600952148438
6.539999999999999,60.36302947998047,6.540000000000003,117.25366973876952,6.540000000000001,93.1586456298828,6.540000000000001,54.96407318115234,6.540000000000003,85.2215805053711
6.550000000000001,62.03413009643555,6.550000000000001,116.86695861816406,6.5500000000000025,93.25667572021484,6.549999999999999,55.434814453125,6.550000000000001,85.40541076660156
6.559999999999999,63.70719146728516,6.560000000000002,116.41876220703124,6.5600000000000005,93.37057495117188,6.5600000000000005,56.56172943115234,6.560000000000002,85.58786010742188
6.57,65.24933624267578,6.57,115.92314910888672,6.570000000000002,93.47282409667967,6.569999999999999,58.19889068603516,6.57,85.75865173339844
6.579999999999998,66.7127456665039,6.580000000000002,115.4226531982422,6.58,93.5466766357422,6.58,59.97298431396485,6.580000000000002,85.91445922851562
6.59,68.219970703125,6.59,115.0025634765625,6.590000000000002,93.5854949951172,6.589999999999998,61.439208984375,6.59,86.00391387939453
6.599999999999998,69.81819152832031,6.600000000000001,114.6457290649414,6.6,93.58319854736328,6.6,62.302284240722656,6.600000000000001,86.05188751220703
6.609999999999999,71.4717788696289,6.609999999999999,114.25507354736328,6.610000000000001,93.55859375,6.610000000000001,62.94503784179688,6.609999999999999,86.03337860107422
6.620000000000001,73.03729248046875,6.620000000000001,113.79977416992188,6.619999999999999,93.5242691040039,6.619999999999999,64.43339538574219,6.620000000000001,85.9495849609375
6.629999999999999,74.43910217285156,6.630000000000003,113.33241271972656,6.630000000000001,93.49614715576172,6.630000000000001,66.34858703613281,6.630000000000003,85.82588195800781
6.640000000000001,75.61722564697266,6.640000000000001,112.8756103515625,6.640000000000002,93.51083374023438,6.639999999999999,68.77894592285156,6.640000000000001,85.6670150756836
6.649999999999999,76.56492614746094,6.650000000000002,112.34925079345705,6.65,93.57637786865234,6.65,71.51453399658203,6.650000000000002,85.4825668334961
6.66,77.56905364990234,6.66,111.75625610351562,6.660000000000002,93.66749572753906,6.659999999999998,74.11328125,6.66,85.25672149658203
6.669999999999998,78.74234771728516,6.670000000000002,111.20446014404295,6.67,93.73414611816406,6.67,76.53877258300781,6.670000000000002,84.9961929321289
6.68,79.911376953125,6.68,110.8414077758789,6.6800000000000015,93.73040771484376,6.6800000000000015,78.81732177734375,6.68,84.7227783203125
6.690000000000001,80.88809204101562,6.690000000000001,110.62751007080078,6.69,93.63015747070312,6.69,80.8449935913086,6.690000000000001,84.49724578857422
6.699999999999999,81.52025604248047,6.699999999999999,110.06260681152344,6.700000000000001,93.4363784790039,6.700000000000001,82.49352264404297,6.699999999999999,84.34451293945312
6.710000000000001,81.84424591064453,6.710000000000001,109.25835418701172,6.709999999999999,93.10708618164062,6.709999999999999,82.84148406982422,6.710000000000001,84.25364685058594
6.719999999999999,81.86180114746094,6.720000000000002,108.3218231201172,6.720000000000001,92.68392181396484,6.720000000000001,83.16239929199219,6.720000000000002,84.21540069580078
6.73,81.7001953125,6.73,107.30802917480467,6.730000000000002,92.2004852294922,6.729999999999999,83.6283950805664,6.73,84.21095275878906
6.739999999999998,81.40296173095703,6.740000000000002,106.39781951904295,6.74,91.6684112548828,6.74,83.78160095214844,6.740000000000002,84.20846557617188
6.75,81.13761138916016,6.75,105.67638397216795,6.750000000000002,91.13522338867188,6.749999999999998,83.96818542480469,6.75,84.18486022949219
6.759999999999998,81.10193634033203,6.760000000000002,105.15921783447266,6.76,90.63216400146484,6.76,84.08206176757812,6.760000000000002,84.13028717041016
6.77,81.42549133300781,6.77,104.86832427978516,6.770000000000001,90.1715087890625,6.770000000000001,84.22019958496094,6.77,84.05921936035156
6.780000000000001,81.99243927001953,6.780000000000001,104.65338134765624,6.779999999999999,89.7857666015625,6.779999999999999,84.35444641113281,6.780000000000001,83.96436309814453
6.789999999999999,82.57814025878906,6.790000000000003,104.50186157226562,6.790000000000001,89.48343658447266,6.790000000000001,84.49726867675781,6.790000000000003,83.8409194946289
6.800000000000001,83.03382873535156,6.800000000000001,104.34097290039062,6.8000000000000025,89.24897766113281,6.799999999999999,84.65216827392578,6.800000000000001,83.69463348388672
6.809999999999999,83.42969512939453,6.810000000000002,104.1841278076172,6.8100000000000005,89.05867767333984,6.8100000000000005,84.81706237792969,6.810000000000002,83.57040405273438
6.82,83.8305892944336,6.82,104.03325653076172,6.820000000000002,88.88411712646484,6.819999999999999,85.00489807128906,6.82,83.49248504638672
6.829999999999998,84.16778564453125,6.830000000000002,103.87174987792967,6.83,88.73410034179688,6.83,85.195556640625,6.830000000000002,83.4666519165039
6.84,84.38443756103516,6.84,103.69285583496094,6.840000000000002,88.62345123291016,6.839999999999998,85.37859344482422,6.84,83.49225616455078
6.849999999999998,84.5072021484375,6.850000000000001,103.44576263427734,6.85,88.56043243408203,6.85,85.49105072021484,6.850000000000001,83.5395278930664
6.859999999999999,84.57150268554688,6.859999999999999,103.10220336914062,6.860000000000001,88.5233154296875,6.860000000000001,85.57588958740234,6.859999999999999,83.59320831298828
6.870000000000001,84.59131622314453,6.870000000000001,102.71525573730467,6.869999999999999,88.51165771484375,6.869999999999999,85.6317138671875,6.870000000000001,83.62329864501953
6.879999999999999,84.60555267333984,6.880000000000003,102.38726043701172,6.880000000000001,88.54273986816406,6.880000000000001,85.65924835205078,6.880000000000003,83.57958984375
6.890000000000001,84.61552429199219,6.890000000000001,102.17813873291016,6.890000000000002,88.60357666015625,6.889999999999999,85.66358184814453,6.890000000000001,83.41132354736328
6.899999999999999,84.54019927978516,6.900000000000002,102.11750793457033,6.9,88.71246337890625,6.9,85.64408111572266,6.900000000000002,83.16078186035156
6.91,84.32318878173828,6.91,102.10796356201172,6.910000000000002,88.88323974609375,6.909999999999998,85.60669708251953,6.91,82.87895202636719
6.919999999999998,83.91807556152344,6.920000000000002,102.08734893798828,6.92,89.12017822265625,6.92,85.53069305419922,6.920000000000002,82.62850952148438
6.93,83.31934356689453,6.93,102.07366180419922,6.9300000000000015,89.37625122070312,6.9300000000000015,85.3905258178711,6.93,82.44551086425781
6.940000000000001,82.55612182617188,6.940000000000001,102.16009521484376,6.94,89.60304260253906,6.94,85.20793914794922,6.940000000000001,82.3248519897461
6.949999999999999,81.58806610107422,6.949999999999999,102.4076919555664,6.950000000000001,89.79345703125,6.950000000000001,84.93415832519531,6.949999999999999,82.25601959228516
6.960000000000001,80.41948699951172,6.960000000000001,102.79141235351562,6.959999999999999,89.94842529296875,6.959999999999999,84.3958740234375,6.960000000000001,82.2482681274414
6.969999999999999,78.9613037109375,6.970000000000002,103.27556610107422,6.970000000000001,90.07074737548828,6.970000000000001,83.7405014038086,6.970000000000002,82.27338409423828
6.98,77.12869262695312,6.98,103.8257293701172,6.980000000000002,90.17628479003906,6.979999999999999,82.9815902709961,6.98,82.34107971191406
6.989999999999998,74.99362182617188,6.990000000000002,104.4595718383789,6.99,90.28931427001952,6.99,81.87190246582031,6.990000000000002,82.45238494873047
7.0,72.60098266601562,7.0,105.18648529052734,7.000000000000002,90.43345642089844,6.999999999999998,80.2945556640625,7.0,82.5851058959961
7.009999999999998,70.174072265625,7.010000000000002,106.07907104492188,7.01,90.61296844482422,7.01,78.25324249267578,7.010000000000002,82.72503662109375
7.02,67.93946838378906,7.02,107.06658935546876,7.020000000000001,90.78202056884766,7.020000000000001,75.97065734863281,7.02,82.84605407714844
7.030000000000001,65.95476531982422,7.030000000000001,108.06707763671876,7.029999999999999,90.89183044433594,7.029999999999999,73.45744323730469,7.030000000000001,82.89146423339844
7.039999999999999,64.0588607788086,7.040000000000003,109.01084899902344,7.040000000000001,90.93694305419922,7.040000000000001,70.76950073242188,7.040000000000003,82.86883544921875
7.050000000000001,62.19240188598633,7.050000000000001,109.82083129882812,7.0500000000000025,90.9241180419922,7.049999999999999,68.18143463134766,7.050000000000001,82.83570098876953
7.059999999999999,60.38847732543945,7.060000000000002,110.49491119384766,7.0600000000000005,90.83452606201172,7.0600000000000005,66.04723358154297,7.060000000000002,82.86369323730469
7.07,58.63708114624024,7.07,111.10308837890624,7.070000000000002,90.7040023803711,7.069999999999999,64.36661529541016,7.07,82.98381042480469
7.079999999999998,56.91816329956055,7.080000000000002,111.83847045898438,7.08,90.5788116455078,7.08,63.13371658325195,7.080000000000002,83.2025375366211
7.09,55.19414138793945,7.09,112.84734344482422,7.090000000000002,90.49954223632812,7.089999999999998,62.60253143310547,7.09,83.44622039794922
7.099999999999998,53.45417022705078,7.100000000000001,114.06788635253906,7.1,90.47291564941406,7.1,62.50260162353516,7.100000000000001,83.66312408447266
7.109999999999999,51.71393203735352,7.109999999999999,115.2875747680664,7.110000000000001,90.4688491821289,7.110000000000001,62.44002914428711,7.109999999999999,83.80040740966797
7.120000000000001,50.01155853271485,7.120000000000001,116.39110565185548,7.119999999999999,90.4614715576172,7.119999999999999,62.2822494506836,7.120000000000001,83.85765838623047
7.129999999999999,48.376712799072266,7.130000000000003,117.39522552490234,7.130000000000001,90.48174285888672,7.130000000000001,62.04337310791016,7.130000000000003,83.8609848022461
7.140000000000001,46.80192947387695,7.140000000000001,118.33299255371094,7.140000000000002,90.53646087646484,7.139999999999999,61.74576187133789,7.140000000000001,83.84760284423828
7.149999999999999,45.31402969360352,7.150000000000002,119.20906066894533,7.15,90.6159896850586,7.15,61.45689010620117,7.150000000000002,83.84333038330078
7.16,43.98069763183594,7.16,119.96932983398438,7.160000000000002,90.72796630859376,7.159999999999998,61.24100112915039,7.16,83.86943054199219
7.169999999999998,42.76148986816406,7.170000000000002,120.58143615722656,7.17,90.85450744628906,7.17,61.11687850952149,7.170000000000002,83.92182159423828
7.18,41.622535705566406,7.18,121.07839965820312,7.1800000000000015,90.95684051513672,7.1800000000000015,61.0723876953125,7.18,83.96739959716797
7.190000000000001,40.53127670288086,7.190000000000001,121.50018310546876,7.19,91.02935791015624,7.19,61.062965393066406,7.190000000000001,83.99214172363281
7.199999999999999,39.49342727661133,7.199999999999999,121.8622589111328,7.200000000000001,91.05962371826172,7.200000000000001,61.04155349731445,7.199999999999999,83.99162292480469
7.210000000000001,38.52137756347656,7.210000000000001,122.1673812866211,7.209999999999999,91.02877807617188,7.209999999999999,60.995792388916016,7.210000000000001,83.96341705322266
7.219999999999999,37.618839263916016,7.220000000000002,122.4315414428711,7.220000000000001,90.99883270263672,7.220000000000001,60.947715759277344,7.220000000000002,83.91552734375
7.23,36.81646347045898,7.23,122.64065551757812,7.230000000000002,90.9950714111328,7.229999999999999,60.92484664916992,7.23,83.85932922363281
7.239999999999998,36.15658950805664,7.240000000000002,122.7951431274414,7.24,90.97222900390624,7.24,60.941383361816406,7.240000000000002,83.8170394897461
7.25,35.61589813232422,7.25,122.89669036865234,7.250000000000002,90.92818450927734,7.249999999999998,61.00980758666992,7.25,83.81889343261719
7.259999999999998,35.21222686767578,7.260000000000002,122.96096801757812,7.26,90.88909149169922,7.26,61.0871467590332,7.260000000000002,83.88690185546875
7.27,34.932918548583984,7.27,123.01179504394533,7.270000000000001,90.8961410522461,7.270000000000001,61.13002395629883,7.27,83.98020935058594
7.280000000000001,34.80341339111328,7.280000000000001,123.06333923339844,7.279999999999999,90.91917419433594,7.279999999999999,61.12218475341797,7.280000000000001,84.08364868164062
7.289999999999999,34.84400939941406,7.290000000000003,123.1234130859375,7.290000000000001,90.91094207763672,7.290000000000001,61.05400085449219,7.290000000000003,84.19689178466797
7.300000000000001,35.05851364135742,7.300000000000001,123.18537902832033,7.300000000000002,90.87958526611328,7.299999999999999,60.93898391723633,7.300000000000001,84.31961059570312
7.309999999999999,35.466304779052734,7.310000000000002,123.24333953857422,7.31,90.85417175292967,7.31,60.7789192199707,7.310000000000002,84.43588256835938
7.32,36.03585433959961,7.32,123.30509948730467,7.320000000000002,90.84197235107422,7.3199999999999985,60.57331085205078,7.32,84.52603912353516
7.329999999999998,36.768798828125,7.330000000000002,123.35124206542967,7.33,90.83270263671876,7.33,60.34614562988281,7.330000000000002,84.58732604980469
7.34,37.68097305297852,7.34,123.34016418457033,7.340000000000002,90.8189926147461,7.339999999999998,60.15704345703125,7.34,84.65108489990234
7.349999999999998,38.726036071777344,7.350000000000001,123.26200103759766,7.35,90.78775787353516,7.35,60.06002807617188,7.350000000000001,84.72786712646484
7.359999999999999,39.923828125,7.359999999999999,123.09479522705078,7.360000000000001,90.74969482421876,7.360000000000001,60.067501068115234,7.359999999999999,84.8101577758789
7.370000000000001,41.26771545410156,7.370000000000001,122.85574340820312,7.369999999999999,90.73958587646484,7.369999999999999,60.126426696777344,7.370000000000001,84.90702819824219
7.379999999999999,42.76093292236328,7.380000000000003,122.56783294677734,7.380000000000001,90.76152801513672,7.380000000000001,60.25272750854492,7.380000000000003,85.0132064819336
7.390000000000001,44.37782287597656,7.390000000000001,122.23384857177734,7.390000000000002,90.77227020263672,7.389999999999999,60.51737976074219,7.390000000000001,85.1346206665039
7.399999999999999,46.04716110229492,7.400000000000002,121.88613891601562,7.4,90.77462005615234,7.4,61.0096435546875,7.400000000000002,85.28475952148438
7.41,47.7361946105957,7.41,121.52166748046876,7.410000000000002,90.80323028564452,7.409999999999998,61.620262145996094,7.41,85.49307250976562
7.419999999999998,49.44498443603516,7.420000000000002,121.14845275878906,7.42,90.83011627197266,7.42,62.23340225219727,7.420000000000002,85.67593383789062
7.43,51.194366455078125,7.43,120.77776336669922,7.4300000000000015,90.84312438964844,7.4300000000000015,62.73720932006836,7.43,85.78656768798828
7.440000000000001,52.99275588989258,7.440000000000001,120.40422058105467,7.439999999999999,90.86222839355467,7.439999999999999,63.102195739746094,7.440000000000001,85.87037658691406
7.449999999999999,54.790714263916016,7.449999999999999,120.03235626220705,7.450000000000001,90.94284057617188,7.450000000000001,63.416690826416016,7.449999999999999,86.02091979980469
7.460000000000001,56.53794097900391,7.460000000000001,119.6691665649414,7.459999999999999,91.0972671508789,7.459999999999999,63.7386474609375,7.460000000000001,86.25664520263672
7.469999999999999,58.2761116027832,7.470000000000002,119.31706237792967,7.470000000000001,91.25726318359376,7.470000000000001,64.05372619628906,7.470000000000002,86.4582748413086
7.48,60.09326553344727,7.48,118.95989227294922,7.480000000000002,91.40421295166016,7.479999999999999,64.40410614013672,7.48,86.61294555664062
7.489999999999998,62.015602111816406,7.490000000000002,118.59080505371094,7.49,91.58509063720705,7.49,64.88521575927734,7.490000000000002,86.73262023925781
7.5,63.93334579467773,7.5,118.20506286621094,7.500000000000002,91.7824478149414,7.499999999999998,65.5760498046875,7.5,86.81237030029297
7.509999999999998,65.81594848632812,7.510000000000002,117.7960968017578,7.51,91.96936798095705,7.51,66.56756591796875,7.510000000000002,86.8248291015625
7.52,67.56312561035156,7.52,117.30326080322266,7.520000000000001,92.17858123779295,7.520000000000001,67.73942565917969,7.52,86.80644226074219
7.530000000000001,69.27030181884766,7.530000000000001,116.7009048461914,7.529999999999999,92.4319076538086,7.529999999999999,69.00999450683594,7.530000000000001,86.77814483642578
7.539999999999999,71.12248992919922,7.540000000000003,115.99508666992188,7.540000000000001,92.67542266845705,7.540000000000001,70.29242706298828,7.540000000000003,86.80548095703125
7.550000000000001,73.04344177246094,7.550000000000001,115.23265075683594,7.550000000000002,92.8883056640625,7.549999999999999,71.30064392089844,7.550000000000001,86.88477325439453
7.559999999999999,74.95547485351562,7.560000000000002,114.41890716552734,7.56,93.06854248046876,7.56,71.95580291748047,7.560000000000002,86.89917755126953
7.57,76.76034545898438,7.57,113.58137512207033,7.570000000000002,93.22996520996094,7.5699999999999985,72.31096649169922,7.57,86.83553314208984
7.579999999999998,78.39452362060547,7.580000000000002,112.6424331665039,7.58,93.37215423583984,7.58,73.53292083740234,7.580000000000002,86.7401123046875
7.59,79.80442810058594,7.59,111.63140106201172,7.590000000000002,93.51537322998048,7.589999999999998,77.20201873779297,7.59,86.6186294555664
7.599999999999998,80.94966125488281,7.600000000000001,110.59720611572266,7.6,93.68270111083984,7.6,80.00105285644531,7.600000000000001,86.43206024169922
7.609999999999999,81.8977279663086,7.609999999999999,109.5242691040039,7.610000000000001,93.86563110351562,7.610000000000001,82.46151733398438,7.609999999999999,86.19699096679688
7.620000000000001,82.6231918334961,7.620000000000001,108.4786148071289,7.619999999999999,94.00851440429688,7.619999999999999,83.7853775024414,7.620000000000001,85.95354461669922
7.629999999999999,83.1534652709961,7.630000000000003,107.52237701416016,7.630000000000001,94.07833099365234,7.630000000000001,83.7125473022461,7.630000000000003,85.68701171875
7.640000000000001,83.46891021728516,7.640000000000001,106.89493560791016,7.640000000000002,94.04984283447266,7.639999999999999,84.98289489746094,7.640000000000001,85.40313720703125
7.649999999999999,83.60874938964844,7.650000000000002,106.0369873046875,7.65,93.93354034423828,7.65,85.32342529296875,7.650000000000002,85.12694549560547
7.66,83.63566589355469,7.66,104.97908782958984,7.660000000000002,93.7681655883789,7.659999999999998,85.47880554199219,7.66,84.8969497680664
7.669999999999998,83.57138061523438,7.670000000000002,104.02571868896484,7.67,93.56451416015624,7.67,85.54452514648438,7.670000000000002,84.7002944946289
7.68,83.47128295898438,7.68,103.48369598388672,7.6800000000000015,93.37073516845705,7.6800000000000015,85.54641723632812,7.68,84.545166015625
7.690000000000001,83.36446380615234,7.690000000000001,103.24767303466795,7.689999999999999,93.2142562866211,7.689999999999999,85.51947021484375,7.690000000000001,84.42748260498047
7.699999999999999,83.27655029296875,7.699999999999999,103.0593490600586,7.700000000000001,93.0986785888672,7.700000000000001,85.49504089355469,7.699999999999999,84.32650756835938
7.710000000000001,83.3033447265625,7.710000000000001,102.81578063964844,7.709999999999999,93.02559661865234,7.709999999999999,85.48054504394531,7.710000000000001,84.23794555664062
7.719999999999999,83.48861694335938,7.720000000000002,102.52912139892578,7.720000000000001,93.0086898803711,7.720000000000001,85.48248291015625,7.720000000000002,84.16075897216797
7.73,83.74211120605469,7.73,102.20833587646484,7.730000000000002,93.04861450195312,7.729999999999999,85.50762176513672,7.73,84.09136962890625
7.739999999999998,84.0414810180664,7.740000000000002,101.84838104248048,7.74,93.14208221435548,7.74,85.54656982421875,7.740000000000002,84.02645874023438
7.75,84.35611724853516,7.75,101.51815795898438,7.750000000000002,93.27134704589844,7.749999999999998,85.60629272460938,7.75,83.95665740966797
7.759999999999998,84.64649200439453,7.760000000000002,101.2858657836914,7.76,93.4190673828125,7.76,85.67688751220703,7.760000000000002,83.87104797363281
7.77,84.87974548339844,7.77,101.15565490722656,7.770000000000001,93.5714874267578,7.770000000000001,85.7535400390625,7.77,83.77284240722656
7.780000000000001,85.07300567626953,7.780000000000001,101.09740447998048,7.779999999999999,93.72229766845705,7.779999999999999,85.83643341064453,7.780000000000001,83.66983795166016
7.789999999999999,85.24950408935547,7.790000000000003,101.0577392578125,7.790000000000001,93.8630599975586,7.790000000000001,85.9151840209961,7.790000000000003,83.57345581054688
7.800000000000001,85.36502838134766,7.800000000000001,100.99472045898438,7.800000000000002,93.98387908935548,7.799999999999999,85.9898452758789,7.800000000000001,83.49310302734375
7.809999999999999,85.42074584960938,7.810000000000002,100.90515899658205,7.81,94.08356475830078,7.81,86.06580352783203,7.810000000000002,83.40934753417969
7.82,85.4490966796875,7.82,100.81492614746094,7.820000000000002,94.17493438720705,7.8199999999999985,86.13169860839844,7.82,83.3096694946289
7.829999999999998,85.51303100585938,7.830000000000002,100.7464828491211,7.83,94.24950408935548,7.83,86.1838607788086,7.830000000000002,83.19537353515625
7.84,85.61707305908203,7.84,100.71204376220705,7.840000000000002,94.29984283447266,7.839999999999998,86.2191162109375,7.84,83.08822631835938
7.849999999999998,85.75487518310547,7.850000000000001,100.70958709716795,7.85,94.34295654296876,7.85,86.23869323730469,7.850000000000001,82.99402618408203
7.859999999999999,85.91555786132812,7.859999999999999,100.70413208007812,7.860000000000001,94.39899444580078,7.860000000000001,86.25157165527344,7.859999999999999,82.92498016357422
7.870000000000001,86.09781646728516,7.870000000000001,100.69215393066406,7.869999999999999,94.46720886230467,7.869999999999999,86.25837707519531,7.870000000000001,82.86913299560547
7.879999999999999,86.29933166503906,7.880000000000003,100.67855072021484,7.880000000000001,94.52506256103516,7.880000000000001,86.26242065429688,7.880000000000003,82.82565307617188
7.890000000000001,86.5067367553711,7.890000000000001,100.65861511230467,7.890000000000002,94.55792999267578,7.889999999999999,86.2664566040039,7.890000000000001,82.79534149169922
7.899999999999999,86.71165466308594,7.900000000000002,100.64530181884766,7.9,94.57215118408205,7.9,86.27002716064453,7.900000000000002,82.76289367675781
7.91,86.90149688720703,7.91,100.6458511352539,7.910000000000002,94.58155059814452,7.909999999999998,86.27069091796875,7.91,82.7146224975586
7.919999999999998,87.05416107177734,7.920000000000002,100.66370391845705,7.92,94.5969696044922,7.92,86.27515411376953,7.920000000000002,82.65373992919922
7.93,87.1563720703125,7.93,100.6904296875,7.9300000000000015,94.6235122680664,7.9300000000000015,86.28324127197266,7.93,82.59725189208984
7.940000000000001,87.23594665527344,7.940000000000001,100.7215347290039,7.939999999999999,94.66472625732422,7.939999999999999,86.2933120727539,7.940000000000001,82.55470275878906
7.949999999999999,87.3144302368164,7.949999999999999,100.74694061279295,7.950000000000001,94.71401977539062,7.950000000000001,86.30104064941406,7.949999999999999,82.52082061767578
7.960000000000001,87.39514923095703,7.960000000000001,100.77039337158205,7.959999999999999,94.74897003173828,7.959999999999999,86.30844116210938,7.960000000000001,82.49124908447266
7.969999999999999,87.4854736328125,7.970000000000002,100.80133819580078,7.970000000000001,94.75447845458984,7.970000000000001,86.31365966796875,7.970000000000002,82.46048736572266
7.98,87.57278442382812,7.98,100.83918762207033,7.980000000000002,94.71843719482422,7.979999999999999,86.314208984375,7.98,82.42466735839844
7.989999999999998,87.64299011230469,7.990000000000002,100.88734436035156,7.99,94.63715362548828,7.99,86.31141662597656,7.990000000000002,82.38885498046875
8.0,87.68054962158203,8.0,100.93788146972656,8.000000000000002,94.49286651611328,7.999999999999998,86.30160522460938,8.0,82.35263061523438
8.009999999999998,87.68243408203125,8.010000000000002,100.99681091308594,8.01,94.29003143310548,8.01,86.2851791381836,8.010000000000002,82.31643676757812
8.02,87.66642761230469,8.02,101.06832885742188,8.020000000000001,94.01525115966795,8.020000000000001,86.26419067382812,8.02,82.27392578125
8.030000000000001,87.66041564941406,8.030000000000001,101.1616668701172,8.03,93.68460083007812,8.03,86.244873046875,8.030000000000001,82.22149658203125
8.04,87.64810180664062,8.040000000000003,101.2685317993164,8.040000000000001,93.3100814819336,8.040000000000001,86.22599792480469,8.040000000000003,82.16537475585938
8.05,87.65182495117188,8.05,101.3735122680664,8.050000000000002,92.90279388427734,8.049999999999999,86.20442962646484,8.05,82.13038635253906
8.059999999999999,87.67489624023438,8.060000000000002,101.47239685058594,8.06,92.46886444091795,8.06,86.18265533447266,8.060000000000002,82.109619140625
8.07,87.7309341430664,8.07,101.57920837402344,8.070000000000002,92.0031967163086,8.069999999999999,86.15264892578125,8.07,82.08173370361328
8.079999999999998,87.82178497314453,8.080000000000002,101.69889068603516,8.08,91.47625732421876,8.08,86.1112060546875,8.080000000000002,82.04873657226562
8.09,87.92091369628906,8.09,101.82858276367188,8.090000000000002,90.875732421875,8.089999999999998,86.06700134277344,8.09,82.02053833007812
8.099999999999998,88.01289367675781,8.100000000000001,101.95459747314452,8.1,90.24320220947266,8.1,86.02071380615234,8.100000000000001,81.99659729003906
8.11,88.10417175292969,8.11,102.07327270507812,8.110000000000001,89.6116714477539,8.110000000000001,85.96785736083984,8.11,81.95970916748047
8.120000000000001,88.19538879394531,8.120000000000001,102.17926788330078,8.12,88.97787475585938,8.12,85.91944122314453,8.120000000000001,81.90982055664062
8.129999999999999,88.29778289794922,8.130000000000003,102.26505279541016,8.13,88.32958984375,8.13,85.87438201904297,8.130000000000003,81.86297607421875
8.14,88.41897583007812,8.14,102.33282470703124,8.140000000000002,87.64784240722656,8.139999999999999,85.83436584472656,8.14,81.83639526367188
8.149999999999999,88.54086303710938,8.150000000000002,102.38522338867188,8.15,86.9189224243164,8.15,85.80359649658203,8.150000000000002,81.81155395507812
8.16,88.66664123535156,8.16,102.4255142211914,8.160000000000002,86.12650299072266,8.159999999999998,85.78164672851562,8.16,81.671875
8.169999999999998,88.80158996582031,8.170000000000002,102.46988677978516,8.17,85.26493072509766,8.17,85.76544952392578,8.170000000000002,81.5259017944336
8.18,88.93740844726562,8.18,102.52274322509766,8.180000000000001,84.3198471069336,8.180000000000001,85.75364685058594,8.18,81.27608489990234
8.190000000000001,89.07288360595703,8.190000000000001,102.58032989501952,8.19,83.31893920898438,8.19,85.74951934814453,8.190000000000001,81.06229400634766
8.2,89.20662689208984,8.2,102.6299285888672,8.200000000000001,82.3117904663086,8.200000000000001,85.75335693359375,8.2,80.93722534179688
8.21,89.34849548339844,8.21,102.6707000732422,8.209999999999999,81.34115600585938,8.209999999999999,85.7631607055664,8.21,80.85992431640625
8.219999999999999,89.49773406982422,8.220000000000002,102.70830535888672,8.22,80.42491149902344,8.22,85.7787857055664,8.220000000000002,80.7689437866211
8.23,89.65921783447266,8.23,102.74190521240234,8.230000000000002,79.5653076171875,8.229999999999999,85.789794921875,8.23,80.66752624511719
8.239999999999998,89.81783294677734,8.240000000000002,102.77645111083984,8.24,78.73603820800781,8.24,85.80167388916016,8.240000000000002,80.57861328125
8.25,89.96095275878906,8.25,102.81094360351562,8.250000000000002,77.92792510986328,8.249999999999998,85.81239318847656,8.25,80.49322509765625
8.259999999999998,90.08146667480467,8.260000000000002,102.83055114746094,8.26,77.13761138916016,8.26,85.82278442382812,8.260000000000002,80.3936767578125
8.27,90.1912078857422,8.27,102.8468246459961,8.270000000000001,76.36629486083984,8.270000000000001,85.829345703125,8.27,80.27998352050781
8.280000000000001,90.29031372070312,8.280000000000001,102.87163543701172,8.28,75.6139907836914,8.28,85.8314208984375,8.280000000000001,80.16963958740234
8.29,90.39884948730467,8.290000000000003,102.90579986572266,8.290000000000001,74.85164642333984,8.290000000000001,85.8332290649414,8.290000000000003,80.0660171508789
8.3,90.51433563232422,8.3,102.94216918945312,8.300000000000002,74.06462097167969,8.299999999999999,85.82951354980469,8.3,79.96839141845703
8.309999999999999,90.64405059814452,8.310000000000002,102.98436737060548,8.31,73.28105163574219,8.31,85.82405090332031,8.310000000000002,79.88534545898438
8.32,90.80381774902344,8.32,103.0408706665039,8.320000000000002,72.53857421875,8.319999999999999,85.81845092773438,8.32,79.8247299194336
8.329999999999998,90.98638916015624,8.330000000000002,103.1064682006836,8.33,71.8466796875,8.33,85.81375122070312,8.330000000000002,79.77191925048828
8.34,91.18995666503906,8.34,103.18566131591795,8.340000000000002,71.19911193847656,8.339999999999998,85.80956268310547,8.34,79.71691131591797
8.349999999999998,91.39850616455078,8.350000000000001,103.28060913085938,8.35,70.6181640625,8.35,85.80233001708984,8.350000000000001,79.64302062988281
8.36,91.6233139038086,8.36,103.39203643798828,8.360000000000001,70.09430694580078,8.360000000000001,85.79191589355469,8.36,79.55317687988281
8.370000000000001,91.8580093383789,8.370000000000001,103.53829193115234,8.37,69.62837982177734,8.37,85.7759017944336,8.370000000000001,79.46742248535156
8.379999999999999,92.1092300415039,8.380000000000003,103.70823669433594,8.38,69.19171905517578,8.38,85.75444793701172,8.380000000000003,79.40095520019531
8.39,92.36902618408205,8.39,103.87782287597656,8.390000000000002,68.78034973144531,8.389999999999999,85.73062133789062,8.39,79.35325622558594
8.399999999999999,92.63103485107422,8.400000000000002,104.03556823730467,8.4,68.38704681396484,8.4,85.7050552368164,8.400000000000002,79.3171157836914
8.41,92.89557647705078,8.41,104.18831634521484,8.410000000000002,68.01020812988281,8.409999999999998,85.68037414550781,8.41,79.28609466552734
8.419999999999998,93.16613006591795,8.420000000000002,104.3586883544922,8.42,67.66831970214844,8.42,85.65491485595703,8.420000000000002,79.25330352783203
8.43,93.44081115722656,8.43,104.54755401611328,8.430000000000001,67.3787612915039,8.430000000000001,85.6301498413086,8.43,79.22176361083984
8.440000000000001,93.72260284423828,8.440000000000001,104.75079345703124,8.44,67.1533203125,8.44,85.60746002197266,8.440000000000001,79.19400024414062
8.45,94.009765625,8.45,104.95710754394533,8.450000000000001,66.97283935546875,8.450000000000001,85.58734893798828,8.45,79.17396545410156
8.46,94.30597686767578,8.46,105.16069793701172,8.459999999999999,66.84154510498047,8.459999999999999,85.56892395019531,8.46,79.16407012939453
8.469999999999999,94.62411499023438,8.470000000000002,105.36553955078124,8.47,66.79023742675781,8.47,85.54942321777344,8.470000000000002,79.1584243774414
8.48,94.95613098144533,8.48,105.5811004638672,8.480000000000002,66.79979705810547,8.479999999999999,85.52508544921875,8.48,79.15695190429688
8.489999999999998,95.29401397705078,8.490000000000002,105.7971420288086,8.49,66.84819030761719,8.49,85.4995346069336,8.490000000000002,79.166015625
8.5,95.6410903930664,8.5,106.02143096923828,8.500000000000002,66.89681243896484,8.499999999999998,85.46981048583984,8.5,79.18440246582031
8.509999999999998,96.00499725341795,8.510000000000002,106.24784088134766,8.51,66.93216705322266,8.51,85.4373550415039,8.510000000000002,79.19625091552734
8.52,96.3895263671875,8.52,106.46499633789062,8.520000000000001,66.96370697021484,8.520000000000001,85.40017700195312,8.52,79.19152069091797
8.530000000000001,96.79083251953124,8.530000000000001,106.6744613647461,8.53,67.03897857666016,8.53,85.36100769042969,8.530000000000001,79.17173767089844
8.54,97.19221496582033,8.540000000000003,106.89911651611328,8.540000000000001,67.14916229248047,8.540000000000001,85.316650390625,8.540000000000003,79.16106414794922
8.55,97.58770751953124,8.55,107.14241027832033,8.550000000000002,67.2114028930664,8.549999999999999,85.26808166503906,8.55,79.15780639648438
8.559999999999999,97.97725677490234,8.560000000000002,107.40796661376952,8.56,67.22351837158203,8.56,85.2155532836914,8.560000000000002,79.1584243774414
8.57,98.3582534790039,8.57,107.68408966064452,8.570000000000002,67.24633026123047,8.569999999999999,85.15959167480469,8.57,79.1617431640625
8.579999999999998,98.7319564819336,8.580000000000002,107.96232604980467,8.58,67.30652618408203,8.58,85.09723663330078,8.580000000000002,79.15684509277344
8.59,99.09132385253906,8.59,108.23762512207033,8.590000000000002,67.41331481933594,8.589999999999998,85.02730560302734,8.59,79.13471221923828
8.599999999999998,99.4328155517578,8.600000000000001,108.52365112304688,8.6,67.56232452392578,8.6,84.94851684570312,8.600000000000001,79.08692169189453
8.61,99.7573471069336,8.61,108.83826446533205,8.610000000000001,67.70814514160156,8.610000000000001,84.85612487792969,8.61,79.02710723876953
8.620000000000001,100.05754852294922,8.620000000000001,109.17253112792967,8.62,67.82083129882812,8.62,84.76261138916016,8.620000000000001,78.9926528930664
8.629999999999999,100.31723022460938,8.630000000000003,109.51726531982422,8.63,67.90223693847656,8.63,84.65966796875,8.630000000000003,78.97343444824219
8.64,100.52782440185548,8.64,109.86869049072266,8.640000000000002,68.01920318603516,8.639999999999999,84.5374755859375,8.64,78.9321517944336
8.649999999999999,100.7049331665039,8.650000000000002,110.24303436279295,8.65,68.18984985351562,8.65,84.39437103271484,8.650000000000002,78.88847351074219
8.66,100.9031982421875,8.66,110.64080810546876,8.660000000000002,68.2650375366211,8.659999999999998,84.22952270507812,8.66,78.85603332519531
8.669999999999998,101.145263671875,8.670000000000002,111.02495574951172,8.67,68.18840789794922,8.67,84.02605438232422,8.670000000000002,78.8050308227539
8.68,101.41387176513672,8.68,111.42682647705078,8.680000000000001,68.04711151123047,8.680000000000001,83.8064956665039,8.68,78.69969940185547
8.690000000000001,101.6662368774414,8.690000000000001,111.86258697509766,8.69,67.91922760009766,8.69,83.55994415283203,8.690000000000001,78.55036163330078
8.7,101.84803771972656,8.7,112.33882904052734,8.700000000000001,67.81492614746094,8.700000000000001,83.27481842041016,8.7,78.37370300292969
8.71,101.9901351928711,8.71,112.85213470458984,8.709999999999999,67.70783996582031,8.709999999999999,82.93311309814453,8.71,78.11846160888672
8.719999999999999,102.10162353515624,8.720000000000002,113.36825561523438,8.72,67.61795806884766,8.72,82.54278564453125,8.720000000000002,77.78768157958984
8.73,102.2052001953125,8.73,113.88650512695312,8.730000000000002,67.583251953125,8.729999999999999,82.10139465332031,8.73,77.49883270263672
8.739999999999998,102.26922607421876,8.740000000000002,114.47004699707033,8.74,67.66242218017578,8.74,81.60603332519531,8.740000000000002,77.33476257324219
8.75,102.3153076171875,8.75,115.10401916503906,8.750000000000002,67.85133361816406,8.749999999999998,81.04070281982422,8.75,77.24432373046875
8.759999999999998,102.3570556640625,8.760000000000002,115.7674789428711,8.76,68.0365982055664,8.76,80.36771392822266,8.760000000000002,77.19485473632812
8.77,102.39857482910156,8.77,116.4511260986328,8.770000000000001,68.09164428710938,8.770000000000001,79.58499145507812,8.77,77.17811584472656
8.780000000000001,102.44161987304688,8.780000000000001,117.16741180419922,8.78,68.0639419555664,8.78,78.6734848022461,8.780000000000001,77.19149017333984
8.79,102.50318908691406,8.790000000000003,117.91835021972656,8.790000000000001,68.04115295410156,8.790000000000001,77.64459991455078,8.790000000000003,77.21686553955078
8.8,102.57635498046876,8.8,118.7173843383789,8.800000000000002,68.10845947265625,8.799999999999999,76.46305084228516,8.8,77.30963134765625
8.809999999999999,102.61328887939452,8.810000000000002,119.55331420898438,8.81,68.31116485595703,8.81,75.14634704589844,8.810000000000002,77.50113677978516
8.82,102.56146240234376,8.82,120.43750762939452,8.820000000000002,68.64586639404297,8.819999999999999,73.6616439819336,8.82,77.71774291992188
8.829999999999998,102.3963851928711,8.830000000000002,121.3785629272461,8.83,69.00658416748047,8.83,72.0275650024414,8.830000000000002,77.95225524902344
8.84,102.14332580566406,8.84,122.32982635498048,8.840000000000002,69.29041290283203,8.839999999999998,70.1850357055664,8.84,78.19319915771484
8.849999999999998,101.78738403320312,8.850000000000001,123.27465057373048,8.85,69.51759338378906,8.85,68.14875793457031,8.850000000000001,78.42208099365234
8.86,101.3002700805664,8.86,124.2230987548828,8.860000000000001,69.71446228027344,8.860000000000001,65.88971710205078,8.86,78.59693145751953
8.870000000000001,100.67253112792967,8.870000000000001,125.21279907226562,8.87,69.89716339111328,8.87,63.40172576904297,8.870000000000001,78.741943359375
8.879999999999999,99.85075378417967,8.880000000000003,126.26152801513672,8.88,70.13748168945312,8.88,60.6489143371582,8.880000000000003,78.8584976196289
8.89,98.90666961669922,8.89,127.37250518798828,8.890000000000002,70.59685516357422,8.889999999999999,57.61247253417969,8.89,78.94857788085938
8.899999999999999,97.8559341430664,8.900000000000002,128.52740478515625,8.9,71.34056854248047,8.9,54.28252410888672,8.900000000000002,79.01918029785156
8.91,96.6756820678711,8.91,129.65074157714844,8.910000000000002,72.36187744140625,8.909999999999998,50.67010116577149,8.91,79.09249877929688
8.919999999999998,95.3330535888672,8.920000000000002,130.7747344970703,8.92,73.4486312866211,8.92,46.82407760620117,8.920000000000002,79.18114471435547
8.93,93.82780456542967,8.93,131.9451446533203,8.930000000000001,74.53926849365234,8.930000000000001,42.80894088745117,8.93,79.27286529541016
8.940000000000001,92.22830200195312,8.940000000000001,133.1664581298828,8.94,75.6635513305664,8.94,38.685665130615234,8.940000000000001,79.38047790527344
8.95,90.67355346679688,8.95,134.40187072753906,8.950000000000001,76.73143005371094,8.950000000000001,34.54061508178711,8.95,79.52434539794922
8.96,89.27738952636719,8.96,135.63406372070312,8.959999999999999,77.55484771728516,8.959999999999999,30.369918823242188,8.96,79.72870635986328
8.969999999999999,88.06021881103516,8.970000000000002,136.87864685058594,8.97,78.18238067626953,8.97,26.09150695800781,8.970000000000002,79.983154296875
8.98,87.0010986328125,8.98,138.11744689941406,8.980000000000002,78.71772766113281,8.979999999999999,21.83146858215332,8.98,80.29657745361328
8.989999999999998,86.00685119628906,8.990000000000002,139.28701782226562,8.99,79.22555541992188,8.99,17.87709617614746,8.990000000000002,80.64637756347656
9.0,85.02212524414062,9.0,140.37913513183594,9.000000000000002,79.704345703125,8.999999999999998,14.543495178222656,9.0,80.97782897949219
9.009999999999998,83.98214721679688,9.010000000000002,141.39512634277344,9.01,80.17776489257812,9.01,12.239140510559082,9.010000000000002,81.23383331298828
9.02,82.8543930053711,9.02,142.3110809326172,9.02,80.67024993896484,9.02,10.98537540435791,9.02,81.42439270019531
9.03,81.59739685058594,9.03,143.0446014404297,9.03,81.23607635498047,9.03,10.74410629272461,9.03,81.5512466430664
9.04,80.22943115234375,9.040000000000004,143.611572265625,9.04,81.9264907836914,9.04,11.866397857666016,9.040000000000004,81.64649200439453
9.05,78.80109405517578,9.05,144.07997131347656,9.050000000000002,82.82199096679688,9.05,13.806876182556152,9.05,81.73783111572266
9.06,77.3196029663086,9.060000000000002,144.467529296875,9.06,83.84967803955078,9.06,16.16122055053711,9.060000000000002,81.84223175048828
9.07,75.8368148803711,9.07,144.70474243164062,9.070000000000002,84.92755889892578,9.07,18.59029769897461,9.07,81.96954345703125
9.079999999999998,74.4135513305664,9.080000000000002,144.8409881591797,9.08,85.96656036376953,9.08,20.958271026611328,9.080000000000002,82.11570739746094
9.09,73.09416961669922,9.09,144.94924926757812,9.090000000000002,86.94285583496094,9.089999999999998,23.26115226745605,9.09,82.26254272460938
9.099999999999998,71.88587951660156,9.1,144.9187469482422,9.1,87.86515045166016,9.1,25.53932380676269,9.1,82.40431213378906
9.11,70.78560638427734,9.11,144.57115173339844,9.11,88.76534271240234,9.11,27.875652313232425,9.11,82.52740478515625
9.12,69.77732849121094,9.12,143.85739135742188,9.12,89.63031768798828,9.12,30.39046669006348,9.12,82.63381958007812
9.13,68.81515502929688,9.130000000000004,142.8332977294922,9.13,90.4417495727539,9.13,33.104270935058594,9.130000000000004,82.70735931396484
9.14,67.8530502319336,9.14,141.52700805664062,9.140000000000002,91.18824005126952,9.14,36.04002380371094,9.14,82.76007843017578
9.15,66.87594604492188,9.150000000000002,140.06021118164062,9.15,91.90099334716795,9.15,39.12871551513672,9.150000000000002,82.79855346679688
9.16,65.88290405273438,9.16,138.46112060546875,9.160000000000002,92.63275146484376,9.159999999999998,42.31877136230469,9.16,82.81391143798828
9.169999999999998,64.89479064941406,9.170000000000002,136.7738494873047,9.17,93.43538665771484,9.17,45.54055404663086,9.170000000000002,82.80845642089844
9.18,63.944637298583984,9.18,134.9998779296875,9.18,94.29196166992188,9.18,48.7388916015625,9.18,82.79100036621094
9.19,63.06071472167969,9.19,133.12265014648438,9.19,95.139892578125,9.19,51.903411865234375,9.19,82.77433776855469
9.2,62.24784851074219,9.2,131.08827209472656,9.2,95.92645263671876,9.2,55.05482864379883,9.2,82.77313232421875
9.21,61.53656005859375,9.21,128.8319091796875,9.21,96.63490295410156,9.21,58.23011779785156,9.21,82.7798080444336
9.22,60.94334411621094,9.220000000000002,126.35022735595705,9.22,97.32342529296876,9.22,61.44935607910156,9.220000000000002,82.79447937011719
9.23,60.487640380859375,9.23,123.6628875732422,9.230000000000002,98.0354232788086,9.23,64.73624420166016,9.23,82.81795501708984
9.239999999999998,60.2529411315918,9.240000000000002,120.85417938232422,9.24,98.7437515258789,9.24,68.06419372558594,9.240000000000002,82.85208892822266
9.25,60.1904525756836,9.25,117.96290588378906,9.250000000000002,99.42383575439452,9.249999999999998,71.4264907836914,9.25,82.91212463378906
9.259999999999998,60.33123397827149,9.260000000000002,115.05467987060548,9.26,100.03571319580078,9.26,74.795654296875,9.260000000000002,83.01538848876953
9.27,60.66883850097656,9.27,112.13063049316406,9.27,100.57600402832033,9.27,78.13165283203125,9.27,83.15239715576172
9.28,61.153564453125,9.28,109.17913055419922,9.28,101.05711364746094,9.28,81.39864349365234,9.28,83.32415771484375
9.29,61.76124954223633,9.290000000000004,106.1639633178711,9.29,101.50009155273438,9.29,84.54635620117188,9.290000000000004,83.51837921142578
9.3,62.494083404541016,9.3,103.0926284790039,9.300000000000002,101.9331283569336,9.3,87.5691146850586,9.3,83.7242431640625
9.31,63.34168243408203,9.310000000000002,99.9807357788086,9.31,102.3699188232422,9.31,90.46985626220705,9.310000000000002,83.91973876953125
9.32,64.28608703613281,9.32,96.88591003417967,9.320000000000002,102.81185913085938,9.32,93.2981414794922,9.32,84.05906677246094
9.329999999999998,65.26294708251953,9.330000000000002,93.83985137939452,9.33,103.2571029663086,9.33,96.11986541748048,9.330000000000002,84.12794494628906
9.34,66.17143249511719,9.34,90.8552017211914,9.340000000000002,103.6957550048828,9.339999999999998,98.94117736816406,9.34,84.12163543701172
9.349999999999998,66.86803436279297,9.35,87.94158172607422,9.35,104.10153198242188,9.35,101.6882781982422,9.35,84.06736755371094
9.36,67.2451171875,9.36,85.2014389038086,9.36,104.4652328491211,9.36,104.19226837158205,9.36,84.00128173828125
9.37,67.21783447265625,9.37,82.62317657470703,9.37,104.78285217285156,9.37,106.38348388671876,9.37,83.93466186523438
9.38,66.88844299316406,9.380000000000004,80.2027359008789,9.38,105.05025482177734,9.38,108.10613250732422,9.380000000000004,83.84978485107422
9.39,66.38732147216797,9.39,77.91754913330078,9.390000000000002,105.30440521240234,9.39,109.44403076171876,9.39,83.77460479736328
9.4,65.90435791015625,9.400000000000002,75.91666412353516,9.4,105.56932067871094,9.4,110.29503631591795,9.400000000000002,83.71356964111328
9.41,65.5477066040039,9.41,74.32206726074219,9.410000000000002,105.80224609375,9.409999999999998,110.72843170166016,9.41,83.61388397216797
9.419999999999998,65.36553192138672,9.420000000000002,73.18468475341797,9.42,106.03106689453124,9.42,110.61446380615234,9.420000000000002,83.4635238647461
9.43,65.29817199707031,9.43,72.49727630615234,9.43,106.27288818359376,9.43,108.49304962158205,9.43,83.20612335205078
9.44,65.35287475585938,9.44,72.25138854980469,9.44,106.50568389892578,9.44,105.77845764160156,9.44,82.76968383789062
9.45,65.48872375488281,9.45,72.51276397705078,9.45,106.7285614013672,9.45,103.21549224853516,9.45,82.31846618652344
9.46,65.65697479248047,9.46,73.18722534179688,9.46,106.92290496826172,9.46,100.54906463623048,9.46,82.14388275146484
9.47,65.78649139404297,9.470000000000002,74.28634643554688,9.47,107.01644897460938,9.47,97.46111297607422,9.470000000000002,82.1866226196289
9.48,65.73419189453125,9.48,75.64901733398438,9.480000000000002,107.04367065429688,9.48,94.45075988769533,9.48,82.3634033203125
9.489999999999998,65.64241027832031,9.490000000000002,77.11901092529297,9.49,106.98609924316406,9.49,92.11483764648438,9.490000000000002,82.53160858154297
9.5,65.71137237548828,9.5,78.2339859008789,9.500000000000002,106.78404998779295,9.499999999999998,90.34558868408205,9.5,82.5782699584961
9.509999999999998,65.72069549560547,9.510000000000002,78.73242950439453,9.51,106.43728637695312,9.51,89.21751403808594,9.510000000000002,82.56510925292969
9.52,65.57505798339844,9.52,78.95354461669922,9.52,105.85039520263672,9.52,88.41322326660156,9.52,82.59880065917969
9.53,65.52344512939453,9.53,79.54671478271484,9.53,104.97422790527344,9.53,87.6692886352539,9.53,82.67225646972656
9.54,65.7518081665039,9.540000000000004,80.73719024658203,9.54,103.72557830810548,9.54,86.90460205078125,9.540000000000004,82.66302490234375
9.55,66.4979248046875,9.55,82.21853637695312,9.550000000000002,102.2487564086914,9.55,86.23645782470703,9.55,82.54894256591797
9.56,67.62899780273438,9.560000000000002,83.81977081298828,9.56,100.62452697753906,9.56,85.72625732421875,9.560000000000002,82.38976287841797
9.57,68.97370910644531,9.57,85.24801635742188,9.570000000000002,98.93824005126952,9.57,85.44749450683594,9.57,82.24958801269531
9.579999999999998,70.30807495117188,9.580000000000002,86.20045471191406,9.58,97.2490234375,9.58,85.29056549072266,9.580000000000002,82.16522216796875
9.59,71.42861938476562,9.59,86.8212890625,9.590000000000002,95.49779510498048,9.589999999999998,85.16426849365234,9.59,82.0828628540039
9.599999999999998,72.49244689941406,9.6,87.2958984375,9.6,93.63290405273438,9.6,85.07331085205078,9.6,82.01372528076172
9.61,73.58181762695312,9.61,87.86251831054688,9.61,91.76002502441406,9.61,85.0086898803711,9.61,82.0576400756836
9.62,74.55709075927734,9.62,88.56659698486328,9.62,90.004638671875,9.62,84.96121978759766,9.62,82.17375183105469
9.63,75.45792388916016,9.630000000000004,89.32221984863281,9.63,88.59038543701172,9.63,84.91244506835938,9.630000000000004,82.30176544189453
9.64,76.35338592529297,9.64,90.03851318359375,9.640000000000002,87.54524993896484,9.64,84.858642578125,9.64,82.37085723876953
9.65,77.21924591064453,9.650000000000002,90.67267608642578,9.65,86.58295440673828,9.65,84.80982971191406,9.650000000000002,82.38304901123047
9.66,78.06037139892578,9.66,91.32064056396484,9.660000000000002,85.37730407714844,9.659999999999998,84.7617416381836,9.66,82.37198638916016
9.669999999999998,78.92888641357422,9.670000000000002,92.0069351196289,9.67,83.94662475585938,9.67,84.71111297607422,9.670000000000002,82.32443237304688
9.68,79.86256408691406,9.68,92.67703247070312,9.68,82.36705780029297,9.68,84.6664047241211,9.68,82.22274780273438
9.69,80.8461685180664,9.69,93.32928466796876,9.69,80.81482696533203,9.69,84.61978912353516,9.69,82.09346008300781
9.7,81.8830795288086,9.7,93.9640655517578,9.7,79.37882232666016,9.7,84.57296752929688,9.7,81.97422790527344
9.71,82.9571304321289,9.71,94.57758331298828,9.71,77.93087005615234,9.71,84.52901458740234,9.71,81.89185333251953
9.72,84.02213287353516,9.720000000000002,95.1654281616211,9.72,76.38343811035156,9.72,84.4927978515625,9.720000000000002,81.8380126953125
9.73,85.05648803710938,9.73,95.65145874023438,9.730000000000002,74.75643157958984,9.73,84.471923828125,9.73,81.80046081542969
9.739999999999998,86.1245346069336,9.740000000000002,96.00352478027344,9.74,73.12615203857422,9.74,84.47012329101562,9.740000000000002,81.76457214355469
9.75,87.21089935302734,9.75,96.32574462890624,9.750000000000002,71.55661010742188,9.749999999999998,84.47789764404297,9.75,81.73189544677734
9.759999999999998,88.27437591552734,9.760000000000002,96.71446990966795,9.76,70.13996887207031,9.76,84.48461151123047,9.760000000000002,81.7041244506836
9.77,89.27159881591797,9.77,97.18146514892578,9.77,68.94925689697266,9.77,84.48942565917969,9.77,81.68211364746094
9.78,90.1744384765625,9.78,97.68073272705078,9.78,68.03137969970703,9.78,84.49188995361328,9.78,81.64850616455078
9.79,90.99102783203124,9.790000000000004,98.13939666748048,9.79,67.34465789794922,9.79,84.48931121826172,9.790000000000004,81.5933609008789
9.8,91.73394012451172,9.8,98.53678894042967,9.800000000000002,66.78990936279297,9.8,84.48286437988281,9.8,81.52338409423828
9.81,92.44985961914062,9.810000000000002,98.90150451660156,9.81,66.2431869506836,9.81,84.4642333984375,9.810000000000002,81.40491485595703
9.82,93.1496810913086,9.82,99.26177215576172,9.820000000000002,65.59308624267578,9.82,84.43575286865234,9.82,81.23827362060547
9.829999999999998,93.84699249267578,9.830000000000002,99.62920379638672,9.83,64.84123992919922,9.83,84.3859634399414,9.830000000000002,81.0244369506836
9.84,94.52974700927734,9.84,100.01548767089844,9.840000000000002,64.01741790771484,9.839999999999998,84.31865692138672,9.84,80.79447174072266
9.849999999999998,95.14857482910156,9.85,100.45564270019533,9.85,63.17185592651367,9.85,84.23878479003906,9.85,80.63066864013672
9.86,95.71659088134766,9.86,100.97696685791016,9.86,62.39091110229492,9.86,84.14517211914062,9.86,80.56282806396484
9.87,96.19525909423828,9.87,101.6035614013672,9.87,61.79418563842773,9.87,84.04742431640625,9.87,80.46461486816406
9.88,96.6498794555664,9.880000000000004,102.298583984375,9.88,61.41863632202149,9.88,83.951416015625,9.880000000000004,80.3008041381836
9.89,97.11608123779295,9.89,103.03964233398438,9.890000000000002,61.4288330078125,9.89,83.84530639648438,9.89,80.18951416015625
9.9,97.58834075927734,9.900000000000002,103.81233215332033,9.9,61.92583084106445,9.9,83.73296356201172,9.900000000000002,80.2429428100586
9.91,98.0907211303711,9.91,104.59620666503906,9.910000000000002,62.70836639404297,9.909999999999998,83.63142395019531,9.91,80.45259094238281
9.919999999999998,98.65713500976562,9.920000000000002,105.35791015625,9.92,63.61727142333984,9.92,83.54302978515625,9.920000000000002,80.64673614501953
9.93,99.3498764038086,9.93,106.08822631835938,9.93,64.6707992553711,9.93,83.46306610107422,9.93,80.75455474853516
9.94,100.10955047607422,9.94,106.82625579833984,9.94,65.79176330566406,9.94,83.38790130615234,9.94,80.82245635986328
9.95,100.85008239746094,9.95,107.6094741821289,9.95,66.82736206054688,9.95,83.31510925292969,9.95,80.8852767944336
9.96,101.47705841064452,9.96,108.46894073486328,9.96,67.39411163330078,9.96,83.22822570800781,9.96,80.85838317871094
9.97,101.99374389648438,9.970000000000002,109.391357421875,9.97,67.14363861083984,9.97,83.115234375,9.970000000000002,80.7141342163086
9.98,102.45068359375,9.98,110.32421112060548,9.980000000000002,66.41189575195312,9.98,82.9417953491211,9.98,80.54411315917969
9.989999999999998,102.86595916748048,9.990000000000002,111.20417022705078,9.99,65.69619750976562,9.99,82.69253540039062,9.990000000000002,80.38267517089844
10.0,103.2307586669922,10.0,112.03523254394533,10.000000000000002,65.11579132080078,9.999999999999998,82.2551040649414,10.0,80.20063781738281
10.009999999999998,103.547607421875,10.010000000000002,112.89347839355467,10.01,64.96289825439453,10.01,81.62039184570312,10.010000000000002,80.01333618164062
10.02,103.82561492919922,10.02,113.822265625,10.02,65.11750793457031,10.02,80.77269744873047,10.02,79.81004333496094
10.03,104.0778579711914,10.03,114.81279754638672,10.03,65.36585235595703,10.03,79.72785949707031,10.03,79.70869445800781
10.04,104.28118133544922,10.040000000000004,115.8433074951172,10.04,65.4647445678711,10.04,78.49665069580078,10.040000000000004,79.76521301269531
10.05,104.41569519042967,10.05,116.91553497314452,10.050000000000002,65.4386215209961,10.05,77.08844757080078,10.05,79.86769104003906
10.06,104.39691162109376,10.060000000000002,118.0294189453125,10.06,65.48478698730469,10.06,75.47212219238281,10.060000000000002,80.10922241210938
10.07,104.21736145019533,10.07,119.2028350830078,10.070000000000002,65.4981918334961,10.07,73.58655548095703,10.07,80.42882537841797
10.079999999999998,103.86872863769533,10.080000000000002,120.4253158569336,10.08,65.552490234375,10.08,71.43769836425781,10.080000000000002,80.68276977539062
10.09,103.2262191772461,10.09,121.69715881347656,10.090000000000002,65.81510162353516,10.089999999999998,68.89633178710938,10.09,80.86067962646484
10.099999999999998,102.24152374267578,10.1,123.02022552490234,10.1,66.25696563720703,10.1,66.01915740966797,10.1,80.95114135742188
10.11,100.91751861572266,10.11,124.4332275390625,10.11,66.74999237060547,10.11,62.68361282348633,10.11,80.9405746459961
10.12,99.48249053955078,10.12,125.95518493652344,10.12,67.25743865966797,10.12,58.90070724487305,10.12,80.86736297607422
10.13,97.96640014648438,10.130000000000004,127.58604431152344,10.13,67.6805419921875,10.13,54.518985748291016,10.130000000000004,80.78744506835938
10.14,96.34337615966795,10.14,129.21730041503906,10.140000000000002,67.88352966308594,10.14,49.65489959716797,10.14,80.67872619628906
10.15,94.59463500976562,10.150000000000002,130.78570556640625,10.15,68.10083770751953,10.15,44.42691802978516,10.150000000000002,80.53729248046875
10.16,92.70288848876952,10.16,132.4209747314453,10.160000000000002,68.56707000732422,10.159999999999998,39.03444290161133,10.16,80.44536590576172
10.169999999999998,90.84783935546876,10.170000000000002,134.12893676757812,10.17,69.42463684082031,10.17,33.64781951904297,10.170000000000002,80.4299087524414
10.18,89.17901611328125,10.18,135.8466339111328,10.18,70.72093200683594,10.18,28.22859764099121,10.18,80.47730255126953
10.19,87.81714630126953,10.19,137.36207580566406,10.19,72.31070709228516,10.19,22.77834892272949,10.19,80.58770751953125
10.2,86.6563720703125,10.2,138.7479705810547,10.2,73.81910705566406,10.2,17.53512954711914,10.2,80.75175476074219
10.21,85.51599884033203,10.21,140.03167724609375,10.21,75.08467864990234,10.21,12.93549919128418,10.21,80.93296813964844
10.22,84.26119995117188,10.220000000000002,141.23043823242188,10.22,76.09085083007812,10.22,9.5714693069458,10.220000000000002,81.09002685546875
10.23,82.88861083984375,10.23,142.1974334716797,10.230000000000002,77.06475067138672,10.23,7.521105766296387,10.23,81.21605682373047
10.239999999999998,81.4146499633789,10.240000000000002,142.97218322753906,10.24,78.09188079833984,10.24,6.819906711578369,10.240000000000002,81.32691955566406
10.25,79.8947982788086,10.25,143.79983520507812,10.250000000000002,78.9954605102539,10.249999999999998,7.671223163604736,10.25,81.43651580810547
10.259999999999998,78.36180114746094,10.260000000000002,144.58621215820312,10.26,79.75489044189453,10.26,9.8175630569458,10.260000000000002,81.54143524169922
10.27,76.84666442871094,10.27,145.2329559326172,10.27,80.45133972167969,10.27,12.578579902648926,10.27,81.65398406982422
10.28,75.36182403564453,10.28,145.62619018554688,10.28,81.14714813232422,10.28,15.614567756652832,10.28,81.75808715820312
10.29,73.92752838134766,10.290000000000004,145.63941955566406,10.29,81.94776153564453,10.29,18.69928359985352,10.290000000000004,81.85006713867188
10.3,72.57203674316406,10.3,145.43113708496094,10.300000000000002,82.92390441894531,10.3,21.66098594665528,10.3,81.94966125488281
10.31,71.33882904052734,10.310000000000002,144.9932098388672,10.31,84.08226013183594,10.31,24.46668815612793,10.310000000000002,82.04429626464844
10.32,70.28167724609375,10.32,144.2728271484375,10.320000000000002,85.364990234375,10.32,27.226781845092773,10.32,82.1325912475586
10.329999999999998,69.3793716430664,10.330000000000002,143.1740264892578,10.33,86.76799774169922,10.33,30.086042404174805,10.330000000000002,82.20211029052734
10.34,68.62217712402344,10.34,141.7250213623047,10.340000000000002,88.2508544921875,10.339999999999998,33.14925765991211,10.34,82.27827453613281
10.349999999999998,67.93305969238281,10.35,140.05116271972656,10.35,89.67253112792969,10.35,36.46199035644531,10.35,82.38063049316406
10.36,67.21133422851562,10.36,138.2210693359375,10.36,90.85354614257812,10.36,39.94635391235352,10.36,82.52241516113281
10.37,66.37932586669922,10.37,136.2912139892578,10.37,91.8122787475586,10.37,43.57923126220703,10.37,82.69312286376953
10.38,65.41145324707031,10.380000000000004,134.2596435546875,10.38,92.63710021972656,10.38,47.27757263183594,10.380000000000004,82.85994720458984
10.39,64.33122253417969,10.39,132.17007446289062,10.390000000000002,93.4801254272461,10.39,51.024410247802734,10.39,83.00525665283203
10.4,63.18133544921875,10.400000000000002,129.91603088378906,10.4,94.41946411132812,10.4,54.76968002319336,10.400000000000002,83.11824798583984
10.41,62.05739974975586,10.41,127.4891586303711,10.410000000000002,95.40668487548828,10.409999999999998,58.46006393432617,10.41,83.19100952148438
10.419999999999998,61.07535171508789,10.420000000000002,124.8544692993164,10.42,96.34205627441406,10.42,62.06589889526367,10.420000000000002,83.22967529296875
10.43,60.25716781616211,10.43,122.05831146240234,10.43,97.24649047851562,10.43,65.58773040771484,10.43,83.25816345214844
10.44,59.66794204711914,10.44,119.10991668701172,10.44,98.2290267944336,10.44,69.08008575439453,10.44,83.29637908935547
10.45,59.38274765014648,10.45,115.9969711303711,10.45,99.27867126464844,10.45,72.61376190185547,10.45,83.36138153076172
10.46,59.428016662597656,10.46,112.76531982421876,10.46,100.17090606689452,10.46,76.23566436767578,10.46,83.48177337646484
10.47,59.79096221923828,10.470000000000002,109.45281982421876,10.47,100.7146224975586,10.47,79.93541717529297,10.470000000000002,83.69414520263672
10.48,60.41374969482422,10.48,106.0726318359375,10.480000000000002,101.1612777709961,10.48,83.67545318603516,10.48,83.9910888671875
10.489999999999998,61.19913482666016,10.490000000000002,102.6474151611328,10.49,101.76203155517578,10.49,87.40210723876953,10.490000000000002,84.32992553710938
10.5,62.11872863769531,10.5,99.1591339111328,10.500000000000002,102.49382019042967,10.499999999999998,91.0831069946289,10.5,84.64498138427734
10.509999999999998,63.15203475952149,10.510000000000002,95.68101501464844,10.51,103.21086883544922,10.51,94.71263122558594,10.510000000000002,84.84266662597656
10.52,64.30834197998047,10.52,92.30575561523438,10.52,103.9220733642578,10.52,98.23085021972656,10.52,84.91291809082031
10.53,65.32103729248047,10.53,89.09447479248047,10.53,104.62522888183594,10.53,101.5793914794922,10.53,84.91226196289062
10.54,65.72027587890625,10.540000000000004,86.07183074951172,10.54,105.22616577148438,10.54,104.5937042236328,10.540000000000004,84.85819244384766
10.55,65.44491577148438,10.55,83.16561126708984,10.550000000000002,105.56110382080078,10.55,107.23517608642578,10.55,84.80065155029297
10.56,65.07505798339844,10.560000000000002,80.37429809570312,10.56,105.74275970458984,10.56,109.39048767089844,10.560000000000002,84.81680297851562
10.57,64.80075073242188,10.57,77.7238998413086,10.570000000000002,105.90298461914062,10.57,111.11394500732422,10.57,84.96354675292969
10.579999999999998,64.61660766601562,10.580000000000002,75.30506134033203,10.58,106.0952606201172,10.58,112.3864974975586,10.580000000000002,85.16055297851562
10.59,64.49458312988281,10.59,73.22396087646484,10.590000000000002,106.26927185058594,10.589999999999998,113.19427490234376,10.59,85.2656021118164
10.599999999999998,64.45061492919922,10.6,71.63313293457031,10.6,106.37527465820312,10.6,113.44707489013672,10.6,85.22884368896484
10.61,64.49778747558594,10.61,70.4670181274414,10.61,106.47158813476562,10.61,111.77468872070312,10.61,84.86653900146484
10.62,64.7362060546875,10.62,70.03813934326172,10.62,106.58570098876952,10.62,108.59754943847656,10.62,84.17850494384766
10.63,65.23466491699219,10.630000000000004,70.24736785888672,10.63,106.7016830444336,10.63,105.27185821533205,10.630000000000004,83.59471130371094
10.64,65.7959976196289,10.64,70.97644805908203,10.640000000000002,106.74687957763672,10.64,101.96199798583984,10.64,83.50616455078125
10.65,66.06067657470703,10.650000000000002,72.17672729492188,10.65,106.68150329589844,10.65,97.939453125,10.650000000000002,83.6482925415039
10.66,65.86334228515625,10.66,73.72817993164062,10.660000000000002,106.52189636230467,10.659999999999998,94.2372589111328,10.66,83.79705047607422
10.669999999999998,65.53620147705078,10.670000000000002,75.5378189086914,10.67,106.1273193359375,10.67,91.59456634521484,10.670000000000002,83.89643096923828
10.68,65.05683898925781,10.68,76.87308502197266,10.68,105.39584350585938,10.68,89.76959991455078,10.68,83.98106384277344
10.69,64.27340698242188,10.69,77.08639526367188,10.69,104.2241668701172,10.69,88.68868255615234,10.69,84.09654998779297
10.7,63.47306060791016,10.7,77.04193115234375,10.7,102.7718734741211,10.7,87.9113998413086,10.7,84.18388366699219
10.71,63.31578826904297,10.71,77.75883483886719,10.71,101.06114196777344,10.71,87.21825408935547,10.71,84.10979461669922
10.72,63.864688873291016,10.720000000000002,79.21627807617188,10.72,99.27906036376952,10.72,86.64632415771484,10.720000000000002,83.86830139160156
10.73,65.14994049072266,10.73,81.10274505615234,10.730000000000002,97.45464324951172,10.73,86.23551177978516,10.73,83.6079330444336
10.739999999999998,66.85481262207031,10.740000000000002,83.13603210449219,10.74,95.59518432617188,10.74,85.9916763305664,10.740000000000002,83.44252014160156
10.75,68.66805267333984,10.75,84.955810546875,10.750000000000002,93.74285888671876,10.749999999999998,85.8460464477539,10.75,83.33944702148438
10.759999999999998,70.0776596069336,10.760000000000002,86.12045288085938,10.76,91.93236541748048,10.76,85.75032043457031,10.760000000000002,83.27500915527344
10.77,71.06937408447266,10.77,86.73629760742188,10.77,90.14514923095705,10.77,85.6925277709961,10.77,83.28288269042969
10.78,72.24264526367188,10.78,87.28622436523438,10.78,88.58692932128906,10.78,85.64995574951172,10.78,83.37228393554688
10.79,73.46638488769531,10.790000000000004,88.07569122314453,10.79,87.31405639648438,10.79,85.60993957519531,10.790000000000004,83.50566864013672
10.8,74.55387878417969,10.8,88.89672088623047,10.800000000000002,86.12213134765625,10.8,85.5733871459961,10.8,83.62056732177734
10.81,75.53902435302734,10.810000000000002,89.49752044677734,10.81,84.80302429199219,10.81,85.53070831298828,10.810000000000002,83.64705657958984
10.82,76.45848083496094,10.82,90.01116180419922,10.820000000000002,83.30267333984375,10.82,85.4803466796875,10.82,83.60513305664062
10.829999999999998,77.34622955322266,10.830000000000002,90.57321166992188,10.83,81.65164947509766,10.83,85.4343032836914,10.830000000000002,83.55354309082031
10.84,78.2904281616211,10.84,91.2548599243164,10.840000000000002,80.00688934326172,10.839999999999998,85.39972686767578,10.84,83.48063659667969
10.849999999999998,79.36854553222656,10.85,91.97474670410156,10.85,78.41604614257812,10.85,85.37593078613281,10.85,83.37635040283203
10.86,80.60868835449219,10.86,92.6918716430664,10.86,76.81905364990234,10.86,85.3646240234375,10.86,83.31949615478516
10.87,81.90269470214844,10.87,93.36925506591795,10.87,75.16686248779297,10.87,85.3631362915039,10.87,83.32987213134766
10.88,83.16871643066406,10.880000000000004,93.99577331542967,10.88,73.47802734375,10.88,85.37421417236328,10.880000000000004,83.35750579833984
10.89,84.31089782714844,10.89,94.62844848632812,10.890000000000002,71.80072784423828,10.89,85.37351989746094,10.89,83.39219665527344
10.9,85.32276153564453,10.900000000000002,95.25843048095705,10.9,70.20494842529297,10.9,85.36817169189453,10.900000000000002,83.4580307006836
10.91,86.2608871459961,10.91,95.77713012695312,10.910000000000002,68.7536849975586,10.909999999999998,85.35015869140625,10.91,83.49881744384766
10.919999999999998,87.15680694580078,10.920000000000002,96.20366668701172,10.92,67.49397277832031,10.92,85.32720184326172,10.920000000000002,83.49240112304688
10.93,87.99506378173828,10.93,96.5776138305664,10.93,66.4327392578125,10.93,85.29373168945312,10.93,83.48693084716797
10.94,88.76193237304688,10.94,96.96218872070312,10.94,65.58547973632812,10.94,85.24946594238281,10.94,83.48112487792969
10.95,89.4870834350586,10.95,97.44969940185548,10.95,64.92011260986328,10.95,85.20243835449219,10.95,83.42606353759766
10.96,90.18132781982422,10.96,98.04473876953124,10.96,64.3546371459961,10.96,85.15083312988281,10.96,83.29889678955078
10.97,90.8457260131836,10.970000000000002,98.67765808105467,10.97,63.76536560058594,10.97,85.09381866455078,10.970000000000002,83.1123275756836
10.98,91.47254180908205,10.98,99.30014038085938,10.980000000000002,63.11628723144531,10.98,85.03233337402344,10.98,82.88653564453125
10.989999999999998,92.10192108154295,10.990000000000002,99.89649200439452,10.99,62.42548751831055,10.99,84.9569091796875,10.990000000000002,82.63800048828125
11.0,92.78369903564452,11.0,100.47891998291016,11.000000000000002,61.734989166259766,10.999999999999998,84.86439514160156,11.0,82.40030670166016
11.009999999999998,93.48584747314452,11.010000000000002,101.07335662841795,11.01,61.05410003662109,11.01,84.75361633300781,11.010000000000002,82.1623764038086
11.02,94.17189025878906,11.02,101.68560028076172,11.02,60.46253967285156,11.02,84.63703918457031,11.02,81.92029571533203
11.03,94.79271697998048,11.03,102.32230377197266,11.03,60.06935119628906,11.03,84.5273666381836,11.03,81.7746353149414
11.04,95.28305053710938,11.040000000000004,103.00985717773438,11.04,59.96485137939453,11.04,84.43366241455078,11.040000000000004,81.85633087158203
11.05,95.69579315185548,11.05,103.75003051757812,11.050000000000002,60.15299987792969,11.05,84.33463287353516,11.05,82.13587951660156
11.06,96.14413452148438,11.060000000000002,104.55499267578124,11.06,60.75709915161133,11.06,84.23812103271484,11.060000000000002,82.51505279541016
11.07,96.83357238769533,11.07,105.4460678100586,11.070000000000002,62.04288101196289,11.07,84.13391876220703,11.07,82.78621673583984
11.079999999999998,97.68370819091795,11.080000000000002,106.44357299804688,11.08,64.12742614746094,11.08,84.01789093017578,11.080000000000002,82.82760620117188
11.09,98.56824493408205,11.09,107.55069732666016,11.090000000000002,66.50211334228516,11.089999999999998,83.88510131835938,11.09,82.6744613647461
11.099999999999998,99.36891174316406,11.1,108.62706756591795,11.1,68.545654296875,11.1,83.72625732421875,11.1,82.46383666992188
11.11,100.04679870605467,11.11,109.5385513305664,11.11,69.44112396240234,11.11,83.51719665527344,11.11,82.29902648925781
11.12,100.58300018310548,11.12,110.35616302490234,11.12,69.25165557861328,11.12,83.24561309814453,11.12,82.20582580566406
11.13,101.01756286621094,11.130000000000004,111.13034057617188,11.13,67.88420867919922,11.13,82.79489135742188,11.130000000000004,82.14961242675781
11.14,101.36254119873048,11.14,111.9233169555664,11.140000000000002,66.18273162841797,11.14,82.1478042602539,11.14,82.06909942626953
11.15,101.65977478027344,11.150000000000002,112.80856323242188,11.15,64.75253295898438,11.15,81.35930633544922,11.150000000000002,81.82366943359375
11.16,101.96797943115234,11.16,113.7726593017578,11.160000000000002,63.80189895629883,11.159999999999998,80.40485382080078,11.16,81.36244201660156
11.169999999999998,102.29552459716795,11.170000000000002,114.7860336303711,11.17,63.42562484741211,11.17,79.22319030761719,11.170000000000002,81.01193237304688
11.18,102.61465454101562,11.18,115.8357162475586,11.18,63.57013702392578,11.18,77.84134674072266,11.18,81.03826904296875
11.19,102.86028289794922,11.19,116.90817260742188,11.19,63.97924423217773,11.19,76.25237274169922,11.19,81.3243179321289
11.2,102.9774932861328,11.2,118.01412200927734,11.2,64.64544677734375,11.2,74.46882629394531,11.2,81.55073547363281
11.21,102.91609191894533,11.21,119.16175842285156,11.21,65.689697265625,11.21,72.44436645507812,11.21,81.75737762451172
11.22,102.57749938964844,11.220000000000002,120.36685943603516,11.22,66.99541473388672,11.22,70.15616607666016,11.220000000000002,81.96623229980469
11.23,101.99371337890624,11.23,121.6305694580078,11.230000000000002,67.92453002929688,11.23,67.50860595703125,11.23,82.10035705566406
11.239999999999998,101.14495086669922,11.240000000000002,122.98067474365234,11.24,68.39360046386719,11.24,64.53714752197266,11.240000000000002,82.14298248291016
11.25,100.01325988769533,11.25,124.39885711669922,11.250000000000002,68.54582977294922,11.249999999999998,61.12203598022461,11.25,82.1715316772461
11.259999999999998,98.73785400390624,11.260000000000002,125.90801239013672,11.26,68.49807739257812,11.26,57.27460479736328,11.260000000000002,82.2780532836914
11.27,97.2579116821289,11.27,127.5207977294922,11.27,68.30604553222656,11.27,52.84858322143555,11.27,82.37803649902344
11.28,95.63752746582033,11.28,129.15817260742188,11.28,68.0395278930664,11.28,47.93646240234375,11.28,82.37751770019531
11.29,93.86394500732422,11.290000000000004,130.8000946044922,11.29,67.7939682006836,11.29,42.67910385131836,11.290000000000004,82.2748794555664
11.3,91.98123931884766,11.3,132.44532775878906,11.300000000000002,67.74933624267578,11.3,37.32949066162109,11.3,82.16661071777344
11.31,90.20433044433594,11.310000000000002,134.11074829101562,11.31,68.02151489257812,11.31,31.937618255615234,11.310000000000002,82.11711120605469
11.32,88.78758239746094,11.32,135.79541015625,11.320000000000002,68.99639892578125,11.32,26.396818161010746,11.32,82.12560272216797
11.329999999999998,87.63841247558594,11.330000000000002,137.23199462890625,11.33,70.60090637207031,11.33,20.832216262817383,11.330000000000002,82.22635650634766
11.34,86.51921081542969,11.34,138.584228515625,11.340000000000002,72.5121841430664,11.339999999999998,15.585064888000488,11.34,82.48316955566406
11.349999999999998,85.27374267578125,11.35,139.9093780517578,11.35,74.26638793945312,11.35,10.97288417816162,11.35,82.82254791259766
11.36,83.95245361328125,11.36,141.21804809570312,11.36,75.58419799804688,11.36,7.598569869995117,11.36,83.13813018798828
11.37,82.60484313964844,11.37,142.17178344726562,11.37,76.47169494628906,11.37,5.771541118621826,11.37,83.39714050292969
11.38,81.21998596191406,11.380000000000004,142.90853881835938,11.38,77.23899841308594,11.38,5.3739752769470215,11.380000000000004,83.59957122802734
11.39,79.79122924804688,11.39,143.5804901123047,11.390000000000002,77.95690155029297,11.39,6.452805519104004,11.39,83.74983215332031
11.4,78.32360076904297,11.400000000000002,144.19276428222656,11.4,78.61188507080078,11.4,8.793720245361328,11.400000000000002,83.87894439697266
11.41,76.85758209228516,11.41,144.76470947265625,11.410000000000002,79.28092956542969,11.409999999999998,11.745187759399414,11.41,84.00273895263672
11.419999999999998,75.41381072998047,11.420000000000002,145.10069274902344,11.42,79.9832763671875,11.42,15.007468223571776,11.420000000000002,84.12833404541016
11.43,74.014892578125,11.43,145.1731719970703,11.43,80.7133560180664,11.43,18.400785446166992,11.43,84.28419494628906
11.44,72.69080352783203,11.44,145.03231811523438,11.44,81.59488677978516,11.44,21.75141334533692,11.44,84.45463562011719
11.45,71.50962829589844,11.45,144.63430786132812,11.45,82.71277618408203,11.45,25.005352020263672,11.45,84.61382293701172
11.46,70.49266052246094,11.46,143.82107543945312,11.46,84.06582641601562,11.46,28.227394104003903,11.46,84.74408721923828
11.47,69.62777709960938,11.470000000000002,142.6132354736328,11.47,85.5111083984375,11.47,31.520143508911133,11.470000000000002,84.84445190429688
11.48,68.86602783203125,11.48,141.13877868652344,11.480000000000002,86.98843383789062,11.48,34.97345733642578,11.48,84.91145324707031
11.489999999999998,68.10043334960938,11.490000000000002,139.46551513671875,11.49,88.36691284179688,11.49,38.621185302734375,11.490000000000002,84.96566009521484
11.5,67.25882720947266,11.5,137.70741271972656,11.500000000000002,89.54805755615234,11.499999999999998,42.358154296875,11.5,85.01111602783203
11.509999999999998,66.29891204833984,11.510000000000002,135.8684844970703,11.51,90.59093475341795,11.51,46.1285514831543,11.510000000000002,85.06806182861328
11.52,65.18798065185547,11.52,133.9584503173828,11.52,91.5984878540039,11.52,49.88725280761719,11.52,85.1301498413086
11.53,63.92911911010742,11.53,131.87733459472656,11.53,92.6814193725586,11.53,53.62899017333984,11.53,85.20362091064453
11.54,62.62372589111328,11.540000000000004,129.586181640625,11.54,93.89508056640624,11.54,57.35226821899414,11.540000000000004,85.30123138427734
11.55,61.362640380859375,11.55,127.03921508789062,11.550000000000002,95.28199005126952,11.55,61.031959533691406,11.55,85.39327239990234
11.56,60.248329162597656,11.560000000000002,124.27349853515624,11.56,96.74388122558594,11.56,64.64423370361328,11.560000000000002,85.43859100341797
11.57,59.37320709228516,11.57,121.3279800415039,11.570000000000002,98.01031494140624,11.57,68.18199920654297,11.57,85.43453216552734
11.579999999999998,58.82195663452149,11.580000000000002,118.2405014038086,11.58,98.78897857666016,11.58,71.67740631103516,11.580000000000002,85.37593841552734
11.59,58.60395431518555,11.59,115.02799987792967,11.590000000000002,99.31197357177734,11.589999999999998,75.16776275634766,11.59,85.27533721923828
11.599999999999998,58.65176010131836,11.6,111.7292938232422,11.6,99.87821197509766,11.6,78.66780090332031,11.6,85.25889587402344
11.61,59.00166320800781,11.61,108.38443756103516,11.61,100.5172348022461,11.61,82.1834716796875,11.61,85.3692626953125
11.62,59.56878662109375,11.62,104.97515869140624,11.62,101.10611724853516,11.62,85.74300384521484,11.62,85.5554428100586
11.63,60.3955078125,11.630000000000004,101.4825210571289,11.63,101.62957763671876,11.63,89.35310363769531,11.630000000000004,85.80400085449219
11.64,61.453121185302734,11.64,97.95484161376952,11.640000000000002,102.19229125976562,11.64,92.97162628173828,11.64,86.04816436767578
11.65,62.7404899597168,11.650000000000002,94.51213836669922,11.65,102.84085083007812,11.65,96.54051208496094,11.650000000000002,86.23373413085938
11.66,64.18342590332031,11.66,91.24528503417967,11.660000000000002,103.51611328125,11.659999999999998,99.93643951416016,11.66,86.33850860595703
11.669999999999998,65.34619903564453,11.670000000000002,88.13154602050781,11.67,104.00059509277344,11.67,103.11408996582033,11.670000000000002,86.3814468383789
11.68,65.4961929321289,11.68,85.09539031982422,11.68,104.21849822998048,11.68,105.90621948242188,11.68,86.3635482788086
11.69,64.76280975341797,11.69,82.1147232055664,11.69,104.32896423339844,11.69,108.38848114013672,11.69,86.33238220214844
11.7,63.93000793457031,11.7,79.25811004638672,11.7,104.50204467773438,11.7,110.51897430419922,11.7,86.35621643066406
11.71,63.42693710327149,11.71,76.60098266601562,11.71,104.72474670410156,11.71,112.27569580078124,11.71,86.48370361328125
11.72,63.12153244018555,11.720000000000002,74.14948272705078,11.72,104.83073425292967,11.72,113.51912689208984,11.720000000000002,86.67324829101562
11.73,63.016822814941406,11.73,72.18212890625,11.730000000000002,104.88194274902344,11.73,114.17399597167967,11.73,86.80207061767578
11.739999999999998,63.0531120300293,11.740000000000002,70.6310806274414,11.74,104.96729278564452,11.74,114.19149780273438,11.740000000000002,86.79765319824219
11.75,63.105125427246094,11.75,69.62305450439453,11.750000000000002,105.08304595947266,11.749999999999998,113.56556701660156,11.75,86.69891357421875
11.759999999999998,63.26869583129883,11.760000000000002,69.28874206542969,11.76,105.21607208251952,11.76,112.43608856201172,11.760000000000002,86.39328002929688
11.77,63.60662460327149,11.77,69.66309356689453,11.77,105.40111541748048,11.77,109.8257293701172,11.77,85.8443832397461
11.78,64.08612060546875,11.78,70.57618713378906,11.78,105.65046691894533,11.78,107.41319274902344,11.78,85.20174407958984
11.79,64.55058288574219,11.790000000000004,71.93750762939453,11.79,105.89474487304688,11.79,103.98688507080078,11.790000000000004,84.81471252441406
11.8,65.01007843017578,11.8,73.77420043945312,11.800000000000002,106.08234405517578,11.8,99.75404357910156,11.8,84.79341125488281
11.81,65.38494873046875,11.810000000000002,76.09323120117188,11.81,106.07408142089844,11.81,95.64380645751952,11.810000000000002,85.02790069580078
11.82,65.67569732666016,11.82,78.30748748779297,11.820000000000002,105.68730926513672,11.82,92.1899642944336,11.82,85.17737579345703
11.829999999999998,65.44981384277344,11.830000000000002,79.34263610839844,11.83,104.70220947265624,11.83,89.86251068115234,11.830000000000002,85.15876007080078
11.84,64.32113647460938,11.84,78.45711517333984,11.840000000000002,103.47282409667967,11.839999999999998,88.37068176269531,11.84,85.12454986572266
11.85,63.10090255737305,11.85,77.829345703125,11.85,102.03057861328124,11.85,87.3109130859375,11.85,85.21347045898438
11.86,62.72073745727539,11.86,78.74520874023438,11.86,100.4124526977539,11.86,86.38227081298828,11.86,85.36326599121094
11.87,63.41198348999024,11.87,80.22460174560547,11.87,98.66999816894533,11.87,85.59273529052734,11.87,85.44241333007812
11.88,64.84368896484375,11.880000000000004,82.12133026123047,11.88,96.80821990966795,11.88,85.0550537109375,11.880000000000004,85.3526382446289
11.89,66.76524353027344,11.89,84.20672607421875,11.890000000000002,94.83940887451172,11.89,84.75306701660156,11.89,85.14912414550781
11.9,68.6268310546875,11.900000000000002,86.04889678955078,11.9,93.00442504882812,11.9,84.5590591430664,11.900000000000002,84.97258758544922
11.91,69.98262023925781,11.91,87.2247085571289,11.910000000000002,91.25489807128906,11.909999999999998,84.40115356445312,11.91,84.90788269042969
11.919999999999998,70.61397552490234,11.920000000000002,87.91232299804688,11.92,89.43368530273438,11.92,84.29415130615234,11.920000000000002,84.89689636230469
11.93,71.43048095703125,11.93,88.53243255615234,11.93,87.92350769042969,11.93,84.20405578613281,11.93,84.95000457763672
11.94,72.42630767822266,11.94,89.40106964111328,11.94,86.71493530273438,11.94,84.11913299560547,11.94,85.0680923461914
11.95,73.3243408203125,11.950000000000005,90.22702026367188,11.95,85.53109741210938,11.95,84.04936981201172,11.95,85.14685821533203
11.96,74.09495544433594,11.96,90.88287353515624,11.960000000000004,84.11974334716797,11.96,83.99212646484375,11.96,85.10490417480469
11.97,74.72230529785156,11.970000000000002,91.4525375366211,11.97,82.48564147949219,11.97,83.93225860595703,11.970000000000002,84.95844268798828
11.98,75.28700256347656,11.98,92.02140808105467,11.980000000000002,80.84896087646484,11.98,83.87934112548828,11.98,84.74080657958984
11.989999999999998,75.9365005493164,11.990000000000002,92.72398376464844,11.99,79.31455993652344,11.99,83.83621215820312,11.990000000000002,84.58427429199219
12.0,76.85064697265625,12.0,93.57843017578124,12.000000000000002,77.85126495361328,11.999999999999998,83.8040542602539,12.0,84.52582550048828
12.009999999999998,78.05372619628906,12.010000000000002,94.46006774902344,12.01,76.2452163696289,12.01,83.77725219726562,12.010000000000002,84.61222839355469
12.02,79.4228744506836,12.02,95.27195739746094,12.02,74.4059829711914,12.02,83.74017333984375,12.02,84.77182006835938
12.03,80.806396484375,12.03,95.97889709472656,12.03,72.500732421875,12.03,83.70219421386719,12.03,84.907958984375
12.04,82.11983489990234,12.040000000000004,96.64276123046876,12.04,70.64900970458984,12.04,83.6617660522461,12.040000000000004,84.98351287841797
12.05,83.3222427368164,12.05,97.31462097167967,12.050000000000002,68.9835433959961,12.05,83.61624145507812,12.05,85.0318603515625
12.06,84.45882415771484,12.060000000000002,97.86035919189452,12.06,67.55799865722656,12.06,83.5623550415039,12.060000000000002,85.06238555908203
12.07,85.5703125,12.07,98.23997497558594,12.070000000000002,66.43641662597656,12.07,83.50453186035156,12.07,85.06066131591797
12.079999999999998,86.67548370361328,12.080000000000002,98.58763885498048,12.08,65.60416412353516,12.08,83.43985748291016,12.080000000000002,85.02179718017578
12.09,87.7343521118164,12.09,98.9472198486328,12.090000000000002,65.10896301269531,12.090000000000002,83.37061309814453,12.09,84.96638488769531
12.1,88.72528076171875,12.1,99.3677749633789,12.1,64.77032470703125,12.1,83.30181121826172,12.1,84.91386413574219
12.11,89.69351959228516,12.11,99.88483428955078,12.11,64.4395523071289,12.11,83.2320556640625,12.11,84.86919403076172
12.12,90.64076232910156,12.12,100.43511962890624,12.12,64.0551528930664,12.12,83.16480255126953,12.12,84.84666442871094
12.13,91.52919006347656,12.130000000000004,100.97450256347656,12.13,63.59872817993164,12.13,83.09514617919922,12.130000000000004,84.8491439819336
12.14,92.34564971923828,12.14,101.48777770996094,12.140000000000002,63.05948638916016,12.14,83.03083801269531,12.14,84.88539123535156
12.15,93.1062469482422,12.150000000000002,101.9804458618164,12.15,62.47329711914063,12.15,82.97477722167969,12.150000000000002,84.94186401367188
12.16,93.88148498535156,12.16,102.5028839111328,12.160000000000002,61.82992935180664,12.159999999999998,82.92449951171875,12.16,85.01313781738281
12.169999999999998,94.69627380371094,12.170000000000002,103.06912231445312,12.17,61.18772888183594,12.17,82.87806701660156,12.170000000000002,85.08458709716797
12.18,95.55597686767578,12.18,103.6810531616211,12.18,60.62500762939453,12.18,82.82608032226562,12.18,85.12977600097656
12.19,96.39441680908205,12.19,104.33074951171876,12.19,60.25245666503906,12.19,82.75698852539062,12.19,85.15202331542969
12.2,97.1320343017578,12.200000000000005,105.0267562866211,12.2,60.227806091308594,12.2,82.68156433105469,12.200000000000005,85.2079086303711
12.21,97.81380462646484,12.21,105.7523422241211,12.210000000000004,60.74748611450195,12.21,82.59943389892578,12.21,85.26751708984375
12.22,98.43025207519533,12.220000000000002,106.47018432617188,12.22,61.88623809814453,12.22,82.49787139892578,12.220000000000002,85.23628234863281
12.23,99.02497100830078,12.23,107.19273376464844,12.230000000000002,64.03897857666016,12.23,82.38742065429688,12.23,85.10834503173828
12.239999999999998,99.64254760742188,12.240000000000002,107.95537567138672,12.24,66.96781921386719,12.24,82.28559112548828,12.240000000000002,84.93899536132812
12.25,100.22283935546876,12.25,108.7480010986328,12.250000000000002,70.08018493652344,12.249999999999998,82.17207336425781,12.25,84.79206085205078
12.259999999999998,100.71443939208984,12.260000000000002,109.58736419677734,12.26,72.30237579345703,12.26,82.04080200195312,12.260000000000002,84.74751281738281
12.27,101.10348510742188,12.27,110.47956848144533,12.27,72.6070327758789,12.27,81.8851318359375,12.27,84.80017852783203
12.28,101.41741943359376,12.28,111.45518493652344,12.28,71.36793518066406,12.28,81.6656494140625,12.28,84.88929748535156
12.29,101.6623992919922,12.290000000000004,112.52720642089844,12.29,69.58668518066406,12.29,81.34761810302734,12.290000000000004,84.88749694824219
12.3,101.844482421875,12.3,113.61944580078124,12.300000000000002,67.92810821533203,12.3,80.8748550415039,12.3,84.70368194580078
12.31,102.00460052490234,12.310000000000002,114.68272399902344,12.31,66.57067108154297,12.31,80.17948150634766,12.310000000000002,84.31744384765625
12.32,102.1465301513672,12.32,115.705322265625,12.320000000000002,65.88311767578125,12.32,79.28662109375,12.32,83.78318786621094
12.329999999999998,102.2359619140625,12.330000000000002,116.7209701538086,12.33,65.68594360351562,12.33,78.16926574707031,12.330000000000002,83.2415771484375
12.34,102.2148666381836,12.34,117.7604751586914,12.340000000000002,65.83521270751953,12.340000000000002,76.828125,12.34,82.9622802734375
12.35,102.00120544433594,12.35,118.88208770751952,12.35,66.43545532226562,12.35,75.2267837524414,12.35,82.99706268310547
12.36,101.57854461669922,12.36,120.0965347290039,12.36,67.44551849365234,12.36,73.39037322998047,12.36,83.20418548583984
12.37,100.94966888427734,12.37,121.44478607177734,12.37,68.60700988769531,12.37,71.19908142089844,12.37,83.3502426147461
12.38,100.12347412109376,12.380000000000004,122.93418884277344,12.38,69.20861053466797,12.38,68.6639633178711,12.380000000000004,83.45655059814453
12.39,98.97552490234376,12.39,124.54528045654295,12.390000000000002,69.04206848144531,12.39,65.61911010742188,12.39,83.55664825439453
12.4,97.53878784179688,12.400000000000002,126.2403564453125,12.4,68.89656829833984,12.4,62.10015869140625,12.400000000000002,83.58407592773438
12.41,95.82389068603516,12.41,128.03282165527344,12.410000000000002,68.843994140625,12.409999999999998,57.95383834838867,12.41,83.50508117675781
12.419999999999998,94.01524353027344,12.420000000000002,129.9416961669922,12.42,68.47463989257812,12.42,53.222389221191406,12.420000000000002,83.39947509765625
12.43,92.28781127929688,12.43,131.8966827392578,12.43,67.75199890136719,12.43,47.899532318115234,12.43,83.27750396728516
12.44,90.62461853027344,12.44,133.812255859375,12.44,66.85623931884766,12.44,42.146881103515625,12.44,83.1280746459961
12.45,89.05796813964844,12.450000000000005,135.66583251953125,12.45,66.03715515136719,12.45,36.2757682800293,12.450000000000005,82.9521713256836
12.46,87.6598892211914,12.46,137.4571533203125,12.460000000000004,65.79926300048828,12.46,30.38515281677246,12.46,82.8941879272461
12.47,86.38923645019531,12.470000000000002,139.11492919921875,12.47,66.7725601196289,12.47,24.35234642028809,12.470000000000002,82.98887634277344
12.48,85.2831802368164,12.48,140.44798278808594,12.480000000000002,68.53238677978516,12.48,18.409482955932617,12.48,83.17884826660156
12.489999999999998,84.25090026855469,12.490000000000002,141.54434204101562,12.49,70.29985809326172,12.49,12.861513137817385,12.490000000000002,83.44188690185547
12.5,83.13311004638672,12.5,142.5990753173828,12.500000000000002,71.75008392333984,12.499999999999998,8.278528213500977,12.5,83.74128723144531
12.509999999999998,81.83415222167969,12.510000000000002,143.6966552734375,12.51,73.241943359375,12.51,5.369310855865479,12.510000000000002,84.00991821289062
12.52,80.41960906982422,12.52,144.67611694335938,12.52,74.59103393554688,12.52,4.46064043045044,12.52,84.23155975341797
12.53,78.91791534423828,12.53,145.75022888183594,12.53,75.42450714111328,12.53,4.361493110656738,12.53,84.414306640625
12.54,77.4268798828125,12.540000000000004,146.70423889160156,12.54,76.0871810913086,12.54,5.721780776977539,12.540000000000004,84.59912109375
12.55,75.97267150878906,12.55,147.43385314941406,12.550000000000002,76.93684387207031,12.55,7.76226282119751,12.55,84.77462005615234
12.56,74.5130844116211,12.560000000000002,147.9104766845703,12.56,78.0276107788086,12.56,10.195329666137695,12.560000000000002,84.93046569824219
12.57,73.02333068847656,12.57,147.98318481445312,12.570000000000002,79.20217895507812,12.57,12.804808616638184,12.57,85.087158203125
12.579999999999998,71.53971099853516,12.580000000000002,147.78439331054688,12.58,80.31809997558594,12.58,15.47726058959961,12.580000000000002,85.25080871582031
12.59,70.17121124267578,12.59,147.5216827392578,12.590000000000002,81.38822937011719,12.590000000000002,18.17224502563477,12.59,85.3976058959961
12.6,68.9459457397461,12.6,147.12823486328125,12.6,82.55946350097656,12.6,20.937986373901367,12.6,85.5528793334961
12.61,67.90986633300781,12.61,146.3606414794922,12.61,83.9028549194336,12.61,23.842607498168945,12.61,85.71942138671875
12.62,67.00438690185547,12.62,145.123779296875,12.62,85.37142181396484,12.62,26.9301872253418,12.62,85.88964080810547
12.63,66.21636962890625,12.630000000000004,143.5872039794922,12.63,86.83381652832031,12.63,30.23591041564941,12.630000000000004,86.05784606933594
12.64,65.48941802978516,12.64,141.83872985839844,12.640000000000002,88.10443878173828,12.64,33.69306182861328,12.64,86.19953155517578
12.65,64.77179718017578,12.650000000000002,139.9884490966797,12.65,89.03509521484375,12.65,37.286075592041016,12.650000000000002,86.33584594726562
12.66,64.01890563964844,12.66,138.0252685546875,12.660000000000002,89.81831359863281,12.659999999999998,40.96261978149414,12.66,86.4909439086914
12.669999999999998,63.198875427246094,12.670000000000002,135.95962524414062,12.67,90.69976806640624,12.67,44.785926818847656,12.670000000000002,86.67935943603516
12.68,62.294769287109375,12.68,133.79928588867188,12.68,91.75027465820312,12.68,48.72365188598633,12.68,86.8858871459961
12.69,61.34038162231445,12.69,131.56121826171875,12.69,92.93242645263672,12.69,52.74456787109375,12.69,87.09010314941406
12.7,60.38811874389648,12.700000000000005,129.05027770996094,12.7,94.09349060058594,12.7,56.75115585327149,12.700000000000005,87.26404571533203
12.71,59.55343246459961,12.71,126.25357055664062,12.710000000000004,95.07135772705078,12.71,60.61968231201172,12.71,87.36880493164062
12.72,58.86186981201172,12.720000000000002,123.31756591796876,12.72,95.85704803466795,12.72,64.32048034667969,12.720000000000002,87.42095184326172
12.73,58.36418914794922,12.73,120.29068756103516,12.730000000000002,96.57300567626952,12.73,67.90941619873047,12.73,87.44503784179688
12.739999999999998,58.1236572265625,12.740000000000002,117.19285583496094,12.74,97.26399993896484,12.74,71.49496459960938,12.740000000000002,87.49922943115234
12.75,58.15494537353516,12.75,114.00338745117188,12.750000000000002,97.96878814697266,12.749999999999998,75.14901733398438,12.75,87.58850860595703
12.759999999999998,58.49689865112305,12.760000000000002,110.70457458496094,12.76,98.67479705810548,12.76,78.87718963623047,12.760000000000002,87.6879653930664
12.77,59.18845748901367,12.77,107.2891082763672,12.77,99.37171173095705,12.77,82.62136840820312,12.77,87.80036163330078
12.78,60.04951858520508,12.78,103.87004089355467,12.78,100.12014770507812,12.78,86.30232238769531,12.78,87.94384002685547
12.79,60.97158050537109,12.790000000000004,100.51008605957033,12.79,100.88478088378906,12.79,89.88127136230469,12.790000000000004,88.05754852294922
12.8,61.96845245361328,12.8,97.1824188232422,12.800000000000002,101.57723236083984,12.8,93.35775756835938,12.8,88.07642364501953
12.81,63.21456527709961,12.810000000000002,93.9250030517578,12.81,102.12472534179688,12.81,96.81460571289062,12.810000000000002,88.01380920410156
12.82,64.71487426757812,12.82,90.7901611328125,12.820000000000002,102.54696655273438,12.82,100.23709106445312,12.82,87.97332763671875
12.829999999999998,66.02131652832031,12.830000000000002,87.7480697631836,12.83,102.92430877685548,12.83,103.56398010253906,12.830000000000002,87.98148345947266
12.84,66.26412963867188,12.84,84.73832702636719,12.840000000000002,103.26798248291016,12.840000000000002,106.60763549804688,12.84,87.980712890625
12.85,65.88335418701172,12.85,81.75079345703125,12.85,103.54315185546876,12.85,109.29580688476562,12.85,87.9545669555664
12.86,65.62821197509766,12.86,78.99362182617188,12.86,103.77102661132812,12.86,111.56189727783205,12.86,87.93302154541016
12.87,65.6021957397461,12.87,76.4921875,12.87,103.9721221923828,12.87,113.3333740234375,12.87,87.91674041748047
12.88,65.70225524902344,12.880000000000004,74.19122314453125,12.88,104.18399047851562,12.88,114.58030700683594,12.880000000000004,87.82191467285156
12.89,65.7425765991211,12.89,72.01095581054688,12.890000000000002,104.36808013916016,12.89,115.27680206298828,12.89,87.55530548095703
12.9,65.69329833984375,12.900000000000002,70.26685333251953,12.9,104.51896667480467,12.9,115.36034393310548,12.900000000000002,87.08988952636719
12.91,65.63739776611328,12.91,69.32056427001953,12.910000000000002,104.63787078857422,12.909999999999998,114.67862701416016,12.91,86.50735473632812
12.919999999999998,65.689697265625,12.920000000000002,69.07453918457031,12.92,104.75052642822266,12.92,113.421142578125,12.920000000000002,86.14344787597656
12.93,65.87132263183594,12.93,69.51216125488281,12.93,104.89683532714844,12.93,110.70515441894533,12.93,86.0247573852539
12.94,65.9879379272461,12.94,70.50348663330078,12.94,105.0240707397461,12.94,108.63235473632812,12.94,85.88967895507812
12.95,65.97608947753906,12.950000000000005,72.05767059326172,12.95,104.92362213134766,12.95,105.262939453125,12.950000000000005,85.62215423583984
12.96,66.3166275024414,12.96,73.93750762939453,12.960000000000004,104.4494857788086,12.96,101.4271240234375,12.96,85.35466766357422
12.97,66.86697387695312,12.970000000000002,76.19081115722656,12.97,103.65216827392578,12.97,97.7899398803711,12.970000000000002,85.27591705322266
13.55,80.56737518310547,12.98,78.33332824707031,12.980000000000002,102.62855529785156,12.98,94.41171264648438,12.98,85.39445495605469
13.56,80.32514190673828,12.990000000000002,78.99308776855469,12.99,101.47445678710938,12.99,91.79706573486328,12.990000000000002,85.48773956298828
13.57,79.99308013916016,13.0,77.67979431152344,13.000000000000002,100.24396514892578,12.999999999999998,90.00743865966797,13.0,85.41341400146484
13.579999999999998,79.63895416259766,13.010000000000002,76.73233795166016,13.01,98.97265625,13.01,88.66954040527344,13.010000000000002,85.23002624511719
13.59,79.33731842041016,13.02,76.78842163085938,13.02,97.5150146484375,13.02,87.5444107055664,13.02,85.01626586914062
13.6,79.09934997558594,13.03,77.70024108886719,13.03,95.79576873779295,13.03,86.53389739990234,13.03,84.77023315429688
13.61,78.79727935791016,13.040000000000004,79.23934173583984,13.04,93.88389587402344,13.04,85.74835205078125,13.040000000000004,84.53955841064453
13.62,78.43375396728516,13.05,80.81118774414062,13.050000000000002,91.99283599853516,13.05,85.14254760742188,13.05,84.36831665039062
13.63,78.1215591430664,13.060000000000002,82.03643035888672,13.06,90.37566375732422,13.06,84.75389099121094,13.060000000000002,84.28899383544922
13.64,77.92263793945312,13.07,82.90840148925781,13.070000000000002,89.11481475830078,13.07,84.45597076416016,13.07,84.27659606933594
13.65,77.7818603515625,13.080000000000002,83.25928497314453,13.08,87.92849731445312,13.08,84.2685546875,13.080000000000002,84.29247283935547
13.66,77.74678802490234,13.09,83.7566146850586,13.090000000000002,86.58889770507812,13.090000000000002,84.12916564941406,13.09,84.30699157714844
13.669999999999998,77.84361267089844,13.1,84.49726867675781,13.1,85.1100845336914,13.1,84.0308837890625,13.1,84.32025909423828
13.68,77.96310424804688,13.11,85.29659271240234,13.11,83.61820983886719,13.11,83.9468002319336,13.11,84.3733901977539
13.69,78.06842041015625,13.12,86.11343383789062,13.12,82.19794464111328,13.12,83.87560272216797,13.12,84.49009704589844
13.7,78.21316528320312,13.130000000000004,86.94596099853516,13.13,80.83428955078125,13.13,83.82463836669922,13.130000000000004,84.62857818603516
13.71,78.4537582397461,13.14,87.75352478027344,13.140000000000002,79.46566772460938,13.14,83.79143524169922,13.14,84.78688049316406
13.72,78.79613494873047,13.150000000000002,88.61666870117188,13.15,77.98700714111328,13.15,83.7619400024414,13.150000000000002,84.94607543945312
13.73,79.16712951660156,13.16,89.46592712402344,13.160000000000002,76.33435821533203,13.159999999999998,83.7361831665039,13.16,85.10645294189453
13.739999999999998,79.49297332763672,13.170000000000002,90.2046127319336,13.17,74.57990264892578,13.17,83.71730041503906,13.170000000000002,85.27269744873047
13.75,79.73185729980469,13.18,90.8395767211914,13.18,72.85140228271484,13.18,83.69438171386719,13.18,85.43457794189453
13.759999999999998,79.89094543457031,13.19,91.41934204101562,13.19,71.33431243896484,13.19,83.66482543945312,13.19,85.5806655883789
13.77,79.99372863769531,13.200000000000005,91.9294204711914,13.2,70.04962921142578,13.2,83.61297607421875,13.200000000000005,85.71907043457031
13.78,80.08013916015625,13.21,92.28621673583984,13.210000000000004,69.0323257446289,13.21,83.54267120361328,13.21,85.82083129882812
13.79,80.1868667602539,13.220000000000002,92.51425170898438,13.22,68.21636962890625,13.22,83.46045684814453,13.220000000000002,85.88639831542969
13.8,80.30142974853516,13.23,92.71766662597656,13.230000000000002,67.52275848388672,13.23,83.37464904785156,13.23,85.9420166015625
13.81,80.40248107910156,13.240000000000002,92.95732879638672,13.24,66.84630584716797,13.24,83.24853515625,13.240000000000002,85.98904418945312
13.82,80.46761322021484,13.25,93.23841094970705,13.250000000000002,66.1244888305664,13.249999999999998,83.12322998046875,13.25,86.0184326171875
13.829999999999998,80.52471923828125,13.260000000000002,93.5879364013672,13.26,65.33110809326172,13.26,83.00076293945312,13.260000000000002,86.04061889648438
13.84,80.61834716796875,13.27,93.99267578125,13.27,64.57305908203125,13.27,82.8899154663086,13.27,86.09170532226562
13.85,80.78058624267578,13.28,94.43356323242188,13.28,63.96010208129883,13.28,82.7948226928711,13.28,86.18891143798828
13.86,81.03011322021484,13.290000000000004,94.89508819580078,13.29,63.50624847412109,13.29,82.72982788085938,13.290000000000004,86.31980895996094
13.87,81.41206359863281,13.3,95.39317321777344,13.300000000000002,63.21858215332031,13.3,82.68279266357422,13.3,86.45319366455078
13.88,81.91444396972656,13.310000000000002,95.91226959228516,13.31,63.06832504272461,13.31,82.63809204101562,13.39,87.17485046386719
13.89,82.48140716552734,13.32,96.45575714111328,13.320000000000002,63.06109237670898,13.32,82.58772277832031,13.400000000000002,87.20572662353516
13.9,83.04776000976562,13.330000000000002,97.03321075439452,13.800000000000002,86.98461151123047,13.33,82.52408599853516,13.41,87.1976318359375
13.91,83.59056091308594,13.34,97.6319351196289,13.81,87.6878662109375,13.340000000000002,82.43207550048828,13.420000000000002,87.19647216796875
13.919999999999998,84.11577606201172,13.35,98.2380828857422,13.820000000000002,88.26387023925781,13.35,82.30455780029297,13.43,87.21456146240234
13.93,84.60466003417969,13.36,98.85964965820312,13.83,88.69576263427734,13.36,82.11346435546875,13.44,87.2469711303711
13.94,85.07615661621094,13.37,99.54402160644533,13.840000000000002,89.0257568359375,13.37,81.83847045898438,13.450000000000005,87.29569244384766
13.95,85.63275146484375,13.380000000000004,100.23947143554688,13.85,89.28076934814453,13.38,81.45724487304688,13.46,87.35421752929688
13.96,86.29143524169922,13.66,122.51879119873048,13.86,89.48941802978516,13.39,81.06687927246094,13.470000000000002,87.3906021118164
13.97,87.05255889892578,13.670000000000002,123.08271026611328,13.87,89.66181182861328,13.4,80.58867645263672,13.48,87.36285400390625
13.98,87.90153503417969,13.68,123.58563995361328,13.88,89.77770233154297,13.409999999999998,80.06583404541016,13.490000000000002,87.2300033569336
13.989999999999998,88.80722045898438,13.69,124.0090560913086,13.890000000000002,89.90582275390625,13.42,79.48347473144531,13.5,86.90813446044922
14.0,89.68726348876953,13.700000000000005,124.41822814941406,13.9,90.1205825805664,13.43,78.86724853515625,13.510000000000002,86.3749008178711
14.009999999999998,90.47095489501952,13.71,124.76832580566406,13.910000000000002,90.3138198852539,13.44,78.30082702636719,13.52,85.73399353027344
14.02,91.18514251708984,13.720000000000002,124.75390625,13.92,90.34969329833984,13.45,77.83808898925781,13.53,85.00572204589844
14.03,91.9026336669922,13.73,124.43312072753906,13.93,90.197998046875,13.46,77.42233276367188,13.540000000000004,84.5406723022461
14.04,92.60592651367188,13.740000000000002,124.03095245361328,13.94,89.94609069824219,13.47,76.9392318725586,13.55,84.66584014892578
14.05,93.30904388427734,13.75,123.59963989257812,13.95,89.73419952392578,13.48,76.38027954101562,13.560000000000002,84.96197509765625
14.06,94.05052185058594,13.760000000000002,123.11302185058594,13.960000000000004,89.59574890136719,13.49,75.67852783203125,13.57,84.9137954711914
14.07,94.78144073486328,13.77,122.4766082763672,13.97,89.49592590332031,13.499999999999998,74.72665405273438,13.580000000000002,84.67198944091797
14.079999999999998,95.45223999023438,13.78,121.71602630615234,13.980000000000002,89.40827941894531,13.51,73.89944458007812,13.59,84.58073425292969
14.09,96.02428436279295,13.790000000000004,120.93634796142578,13.99,89.33639526367188,13.52,73.11015319824219,13.6,84.71815490722656
14.1,96.3977279663086,13.8,120.23023223876952,14.000000000000002,89.29966735839844,13.53,72.34192657470703,13.61,84.93160247802734
14.11,96.49392700195312,13.810000000000002,119.69509887695312,14.01,89.26414489746094,13.54,71.56063842773438,13.62,85.01640319824219
14.12,96.35125732421876,13.82,119.36306762695312,14.02,89.17435455322266,13.55,70.7428970336914,13.630000000000004,84.8873062133789
14.13,95.97515106201172,13.830000000000002,119.24652099609376,14.03,88.9752426147461,13.56,69.92424011230469,13.64,84.49568939208984
14.14,95.5029067993164,13.84,119.2820053100586,14.04,88.68672180175781,13.57,69.08428955078125,13.650000000000002,83.9864273071289
14.15,95.03579711914062,13.85,119.30686950683594,14.050000000000002,88.31661224365234,13.58,68.16194152832031,13.66,83.54154205322266
14.16,94.67317199707033,13.86,119.27899169921876,14.06,87.89569091796875,13.590000000000002,67.1084976196289,13.670000000000002,83.22940826416016
14.169999999999998,94.44132995605467,13.87,119.3210906982422,14.070000000000002,87.47276306152344,13.6,65.9398422241211,13.68,83.00000762939453
14.18,94.339599609375,13.880000000000004,119.5849838256836,14.08,87.07711029052734,13.61,64.69987487792969,13.69,82.83546447753906
14.19,94.2254867553711,13.89,120.05392456054688,14.090000000000002,86.73697662353516,13.62,63.41365814208984,13.700000000000005,82.73863220214844
14.2,94.0030746459961,13.900000000000002,120.7154312133789,14.1,86.47531127929688,13.63,62.11898422241211,13.71,82.73338317871094
14.21,93.68280029296876,13.91,121.49763488769533,14.11,86.24433898925781,13.64,60.88184356689453,13.720000000000002,82.79902648925781
14.22,93.3769302368164,13.920000000000002,122.3508529663086,14.12,86.00916290283203,13.65,59.75716400146485,13.73,82.90332794189453
14.23,93.15774536132812,13.93,123.15576171875,14.13,85.7763671875,13.659999999999998,58.854713439941406,13.740000000000002,83.01730346679688
14.239999999999998,92.9936981201172,13.94,123.77030181884766,14.140000000000002,85.5606918334961,13.67,58.30095291137695,13.75,83.11117553710938
14.25,92.84236145019533,13.950000000000005,124.0979995727539,14.15,85.33778381347656,13.68,58.19330596923828,13.760000000000002,83.16677856445312
14.259999999999998,92.64797973632812,13.96,124.1882553100586,14.160000000000002,85.04737091064453,13.69,58.36603927612305,13.77,83.17057037353516
14.27,92.37551879882812,13.970000000000002,124.07095336914062,14.17,84.60417938232422,13.7,58.846229553222656,13.78,83.11458587646484
14.28,92.00569152832033,13.98,123.81289672851562,14.18,84.08595275878906,13.71,59.75313568115234,13.790000000000004,82.99873352050781
14.29,91.53765106201172,13.990000000000002,123.45085144042967,14.19,83.58062744140625,13.72,61.03791427612305,13.8,82.87276458740234
14.3,91.02094268798828,14.0,123.06729888916016,14.2,83.1714096069336,13.73,62.65859603881836,13.810000000000002,82.76766967773438
14.31,90.524658203125,14.010000000000002,122.70718383789062,14.210000000000004,82.87590789794922,13.74,64.56376647949219,13.82,82.71542358398438
14.32,90.0914077758789,14.02,122.31935119628906,14.22,82.71814727783203,13.749999999999998,66.75991821289062,13.830000000000002,82.7076187133789
14.329999999999998,89.71698760986328,14.03,121.81114196777344,14.230000000000002,82.65961456298828,13.76,69.09314727783203,13.84,82.70886993408203
14.34,89.400146484375,14.040000000000004,121.19210052490234,14.24,82.64867401123047,13.77,71.22566223144531,13.85,82.69791412353516
14.47,88.91227722167969,14.05,120.53738403320312,14.250000000000002,82.63671112060547,13.78,73.0463638305664,13.86,82.67459869384766
14.48,89.04779052734375,14.060000000000002,119.82730102539062,14.26,82.57723236083984,13.79,74.40843200683594,13.87,82.6343994140625
14.489999999999998,89.1988296508789,14.07,119.06146240234376,14.27,82.43963623046875,13.8,75.41619873046875,13.880000000000004,82.58269500732422
14.5,89.36872100830078,14.080000000000002,118.21209716796876,14.28,82.26023864746094,13.81,76.04437255859375,13.89,82.52525329589844
14.509999999999998,89.53678131103516,14.09,117.24260711669922,14.29,82.09088897705078,13.82,76.34474182128906,13.900000000000002,82.47712707519531
14.52,89.68033599853516,14.1,116.14727783203124,14.300000000000002,81.96160125732422,13.83,76.29393005371094,13.91,82.44080352783203
14.53,89.7818374633789,14.11,114.98664093017578,14.31,81.89694213867188,13.840000000000002,76.01158142089844,13.920000000000002,82.40815734863281
14.54,89.82331085205078,14.12,113.86480712890624,14.320000000000002,81.87833404541016,13.85,75.67424011230469,13.93,82.37110137939453
14.55,89.84667205810547,14.130000000000004,112.8313217163086,14.33,81.88929748535156,13.86,75.3482894897461,13.94,82.31299591064453
14.56,89.84590148925781,14.14,111.95386505126952,14.340000000000002,81.90828704833984,13.87,75.00959777832031,13.950000000000005,82.2625503540039
14.57,89.85811614990234,14.150000000000002,111.25285339355467,14.35,81.94483184814453,13.88,74.62689208984375,13.96,82.21023559570312
14.579999999999998,89.8934097290039,14.16,110.62533569335938,14.36,82.00562286376953,13.89,74.21454620361328,13.970000000000002,82.10913848876953
14.59,89.95774841308594,14.170000000000002,110.08674621582033,14.37,82.05238342285156,13.9,73.7869644165039,13.98,81.9463119506836
14.6,90.02336120605469,14.18,109.6580810546875,14.38,82.06011199951172,13.909999999999998,73.30088806152344,13.990000000000002,81.73368835449219
14.61,90.07451629638672,14.19,109.31895446777344,14.390000000000002,82.06733703613281,13.92,72.7087631225586,14.0,81.50578308105469
14.62,90.11713409423828,14.200000000000005,108.94206237792967,14.4,82.15786743164062,13.93,72.10045623779297,14.010000000000002,81.30223846435547
14.63,90.17288970947266,14.21,108.44766235351562,14.410000000000002,82.374267578125,13.94,71.6148910522461,14.02,81.12549591064453
14.64,90.24923706054688,14.220000000000002,107.91815948486328,14.42,82.74365234375,13.95,71.27532958984375,14.03,80.95040130615234
14.65,90.3528289794922,14.23,107.45104217529295,14.43,83.2608642578125,13.96,71.1180191040039,14.040000000000004,80.79434967041016
14.66,90.46385955810548,14.240000000000002,107.07135772705078,14.44,83.91387939453125,13.97,71.00630950927734,14.05,80.67015838623047
14.669999999999998,90.56468200683594,14.25,106.80803680419922,14.45,84.74978637695312,13.98,70.81092071533203,14.060000000000002,80.5435562133789
14.68,90.67961120605467,14.260000000000002,106.64763641357422,14.460000000000004,85.7445297241211,13.99,70.52803039550781,14.07,80.37821960449219
14.69,90.79849243164062,14.27,106.46994018554688,14.47,86.81908416748047,13.999999999999998,70.16577911376953,14.080000000000002,80.17133331298828
14.7,90.8955535888672,14.28,106.24129486083984,14.480000000000002,87.87117004394531,14.01,69.6648178100586,14.09,79.91197204589844
14.71,90.9739990234375,14.290000000000004,106.03084564208984,14.49,88.71510314941406,14.02,69.36421203613281,14.1,79.59351348876953
14.72,91.01487731933594,14.3,105.8854751586914,14.500000000000002,89.09501647949219,14.03,69.14138793945312,14.11,79.23554229736328
14.95,91.51019287109376,14.310000000000002,105.77397918701172,14.51,89.4355697631836,14.04,69.01212310791016,14.12,78.84593200683594
14.96,91.5503387451172,14.32,105.66559600830078,14.52,90.03267669677734,14.05,70.0354232788086,14.130000000000004,78.43441009521484
14.97,91.60741424560548,14.330000000000002,105.55690002441406,14.53,90.5865478515625,14.06,71.90778350830078,14.14,78.0365219116211
14.98,91.67151641845705,14.34,105.47000885009766,14.54,90.9305419921875,14.07,73.36988830566406,14.150000000000002,77.70099639892578
14.989999999999998,91.73504638671876,14.35,105.4013900756836,14.550000000000002,91.19447326660156,14.08,74.65151977539062,14.16,77.40924835205078
15.0,91.80123138427734,14.36,105.35018157958984,14.56,91.5075225830078,14.090000000000002,75.97697448730469,14.170000000000002,77.08860778808594
15.009999999999998,91.85691833496094,14.37,105.30618286132812,14.570000000000002,91.8138198852539,14.1,77.28612518310547,14.18,76.73255157470703
15.02,91.90298461914062,14.380000000000004,105.2571258544922,14.58,92.04792785644533,14.11,78.49249267578125,14.19,76.39186096191406
15.03,91.94657135009766,14.39,105.21276092529295,14.590000000000002,92.1866226196289,14.12,79.6226577758789,14.200000000000005,76.08179473876953
15.04,91.98472595214844,14.400000000000002,105.19506072998048,14.6,92.2393798828125,14.13,80.65745544433594,14.21,75.8145523071289
15.05,92.02227783203124,14.41,105.22142028808594,14.61,92.31027221679688,14.14,81.531494140625,14.220000000000002,75.61253356933594
15.06,92.06396484375,14.420000000000002,105.24429321289062,14.62,92.52821350097656,14.15,82.18418884277344,14.23,75.45755004882812
15.07,92.09661102294922,14.43,105.25934600830078,14.63,92.89714813232422,14.159999999999998,82.19279479980469,14.240000000000002,75.35405731201172
15.079999999999998,92.1171875,14.44,105.24697875976562,14.640000000000002,93.20008087158205,14.17,82.35979461669922,14.25,75.30805206298828
15.09,92.14663696289062,14.450000000000005,105.2077865600586,14.65,93.350830078125,14.18,82.47872161865234,14.260000000000002,75.3231201171875
15.1,92.17073059082033,14.46,105.1572723388672,14.660000000000002,93.59477996826172,14.19,82.5762710571289,14.27,75.29244232177734
15.11,92.20474243164062,14.470000000000002,105.11553192138672,14.67,93.94709014892578,14.2,82.65188598632812,14.28,75.20830535888672
15.12,92.24241638183594,14.48,105.08887481689452,14.68,94.25739288330078,14.21,82.7024154663086,14.290000000000004,75.09117126464844
15.13,92.27139282226562,14.490000000000002,105.0693588256836,14.69,94.44847869873048,14.22,82.73555755615234,14.3,74.9982681274414
15.14,92.30386352539062,14.5,105.04476165771484,14.7,94.50743103027344,14.23,82.75806427001953,14.310000000000002,74.98204803466797
15.15,92.31867218017578,14.510000000000002,105.01265716552734,14.710000000000004,94.44249725341795,14.24,82.7776107788086,14.32,75.10470581054688
15.16,92.31723022460938,14.52,104.97245025634766,14.72,94.36115264892578,14.249999999999998,82.80591583251953,14.330000000000002,75.27947998046875
15.169999999999998,92.31576538085938,14.53,104.91799926757812,14.730000000000002,94.37722778320312,14.26,82.82853698730469,14.34,75.45381164550781
15.18,92.3275146484375,14.540000000000004,104.8606948852539,14.74,94.49724578857422,14.27,82.85671997070312,14.35,75.62017822265625
15.19,92.34729766845705,14.55,104.8185806274414,14.750000000000002,94.68830871582033,14.28,82.88774871826172,14.36,75.78350830078125
15.2,92.37339782714844,14.560000000000002,104.79988098144533,14.76,94.896484375,14.29,82.91545104980469,14.37,75.94782257080078
15.21,92.404052734375,14.57,104.78832244873048,14.77,95.0597915649414,14.3,82.93721008300781,14.380000000000004,76.12659454345703
15.22,92.42257690429688,14.580000000000002,104.7714385986328,14.78,95.11162567138672,14.31,82.95340728759766,14.39,76.32291412353516
15.23,92.4301986694336,14.59,104.75059509277344,14.79,95.0679702758789,14.32,82.96771240234375,14.400000000000002,76.5421371459961
15.239999999999998,92.4315185546875,14.6,104.72368621826172,14.800000000000002,94.94667053222656,14.33,82.97974395751953,14.41,76.78998565673828
15.25,92.4220199584961,14.61,104.69991302490234,14.81,94.81895446777344,14.340000000000002,82.98662567138672,14.420000000000002,77.06037139892578
15.259999999999998,92.4062042236328,14.62,104.66573333740234,14.820000000000002,94.73928833007812,14.35,82.99018096923828,14.43,77.33610534667969
15.27,92.3810043334961,14.630000000000004,104.5945281982422,14.83,94.73863983154295,14.36,82.99055480957031,14.44,77.56692504882812
15.28,92.36163330078124,14.64,104.49276733398438,14.840000000000002,94.80500030517578,14.37,82.98839569091797,14.450000000000005,77.78509521484375
15.29,92.34488677978516,14.650000000000002,104.37879943847656,14.85,94.84984588623048,14.38,82.98515319824219,14.46,78.0381088256836
15.3,92.33699798583984,14.66,104.273681640625,14.86,94.84990692138672,14.39,82.98013305664062,14.470000000000002,78.30088806152344
15.31,92.33080291748048,14.670000000000002,104.18467712402344,14.87,94.8182144165039,14.4,82.96129608154297,14.48,78.55643463134766
15.32,92.31232452392578,14.68,104.11361694335938,14.88,94.7825698852539,14.409999999999998,82.95729064941406,14.490000000000002,78.84866333007812
15.329999999999998,92.27166748046876,14.69,104.0457000732422,14.890000000000002,94.75399017333984,14.42,82.96021270751953,14.5,79.1833724975586
15.34,92.2176513671875,14.700000000000005,103.97200012207033,14.9,94.75424194335938,14.43,82.96334838867188,14.510000000000002,79.55332946777344
15.35,92.16199493408205,14.71,103.89241790771484,14.910000000000002,94.79206848144533,14.44,82.95807647705078,14.52,79.91785430908203
15.36,92.1069107055664,14.720000000000002,103.80723571777344,14.92,94.8609619140625,14.45,82.96345520019531,14.53,80.2738265991211
15.37,92.04949951171876,14.73,103.71890258789062,14.93,94.9338836669922,14.46,82.97190856933594,14.540000000000004,80.60694122314453
15.38,91.98187255859376,14.740000000000002,103.64888763427734,14.94,94.98609924316406,14.47,82.9825668334961,14.55,80.91838836669922
15.39,91.89802551269533,14.75,103.59733581542967,14.95,95.01936340332033,14.48,82.9915771484375,14.560000000000002,81.20366668701172
15.4,91.8001708984375,14.760000000000002,103.53589630126952,14.960000000000004,95.0377960205078,14.49,83.00247955322266,14.57,81.45867156982422
15.41,91.68649291992188,14.77,103.43800354003906,14.97,95.05308532714844,14.499999999999998,83.0106430053711,14.580000000000002,81.68167114257812
15.419999999999998,91.54386901855467,14.78,103.39501190185548,14.980000000000002,95.0754852294922,14.51,83.01412963867188,14.59,81.85408782958984
15.43,91.38665771484376,14.790000000000004,103.35387420654295,14.99,95.10733795166016,14.52,83.00794219970703,14.6,81.98321533203125
15.44,91.24706268310548,14.8,103.32007598876952,15.000000000000002,95.14246368408205,14.53,82.99092102050781,14.61,82.07823944091797
15.45,91.15469360351562,14.810000000000002,103.300537109375,15.01,95.18858337402344,14.54,82.96627044677734,14.62,82.15396118164062
15.46,91.11415100097656,14.82,103.3047332763672,15.02,95.2294464111328,14.55,82.93736267089844,14.630000000000004,82.2171401977539
15.47,91.11225128173828,14.830000000000002,103.32492065429688,15.03,95.26065826416016,14.56,82.9035873413086,14.64,82.27449035644531
15.48,91.12479400634766,14.84,103.35137176513672,15.04,95.28225708007812,14.57,82.86724853515625,14.650000000000002,82.33781433105469
15.489999999999998,91.1300048828125,14.85,103.38031005859376,15.050000000000002,95.28137969970705,14.58,82.83487701416016,14.66,82.42154693603516
15.5,91.11326599121094,14.86,103.40570068359376,15.06,95.2602081298828,14.590000000000002,82.8067398071289,14.670000000000002,82.52313232421875
15.509999999999998,91.09148406982422,14.87,103.43629455566406,15.070000000000002,95.2355728149414,14.6,82.78424072265625,14.68,82.63782501220703
15.52,91.082763671875,14.880000000000004,103.48031616210938,15.08,95.23589324951172,14.61,82.76976013183594,14.69,82.75877380371094
15.53,91.10477447509766,14.89,103.52106475830078,15.090000000000002,95.2582778930664,14.62,82.76419830322266,14.700000000000005,82.86799621582031
15.54,91.203125,14.900000000000002,103.5670166015625,15.1,95.29784393310548,14.63,82.76537322998047,14.71,82.9437484741211
15.55,91.35881042480467,14.91,103.6159896850586,15.11,95.34371185302734,14.64,82.7721939086914,14.720000000000002,82.9853286743164
15.56,91.5578155517578,14.920000000000002,103.669189453125,15.12,95.3884735107422,14.65,82.7855224609375,14.73,83.01441955566406
15.57,91.79080963134766,14.93,103.72083282470705,15.13,95.41522979736328,14.659999999999998,82.80237579345703,14.740000000000002,83.0564956665039
15.579999999999998,92.05614471435548,14.94,103.76024627685548,15.140000000000002,95.40934753417967,14.67,82.8217544555664,14.75,83.1174545288086
15.59,92.35643005371094,14.950000000000005,103.7930145263672,15.15,95.35993194580078,14.68,82.84410095214844,14.760000000000002,83.20136260986328
15.6,92.6714859008789,14.96,103.82583618164062,15.160000000000002,95.27713775634766,14.69,82.8707046508789,14.77,83.30595397949219
15.61,92.977294921875,14.970000000000002,103.86122131347656,15.17,95.1813735961914,14.7,82.8982925415039,14.78,83.42144775390625
15.62,93.24518585205078,14.98,103.9112548828125,15.18,95.0719985961914,14.71,82.92440032958984,14.790000000000004,83.53730773925781
15.63,93.4698257446289,14.990000000000002,103.97354125976562,15.19,94.95614624023438,14.72,82.94661712646484,14.8,83.64627838134766
15.64,93.66927337646484,15.0,104.04234313964844,15.2,94.87330627441406,14.73,82.95494842529297,14.810000000000002,83.74961853027344
15.65,93.88201904296876,15.010000000000002,104.11087799072266,15.210000000000004,94.8303680419922,14.74,82.95370483398438,14.82,83.83167266845703
15.66,94.1220245361328,15.02,104.17059326171876,15.22,94.80471801757812,14.749999999999998,82.94829559326172,14.830000000000002,83.88470458984375
15.669999999999998,94.40371704101562,15.03,104.21929168701172,15.230000000000002,94.77043914794922,14.76,82.93805694580078,14.84,83.91481018066406
15.68,94.70723724365234,15.040000000000004,104.25668334960938,15.24,94.71983337402344,14.77,82.92523193359375,14.85,83.93753051757812
15.69,95.00110626220705,15.05,104.29051208496094,15.250000000000002,94.64274597167967,14.78,82.90925598144531,14.86,83.96582794189453
15.7,95.26229858398438,15.060000000000002,104.33397674560548,15.26,94.53778076171876,14.79,82.88909149169922,14.87,84.00482940673828
15.71,95.47604370117188,15.07,104.387451171875,15.27,94.4016571044922,14.8,82.8720703125,14.880000000000004,84.05477905273438
15.72,95.6524658203125,15.080000000000002,104.44461822509766,15.28,94.25334930419922,14.81,82.852294921875,14.89,84.11568450927734
15.73,95.79044342041016,15.09,104.4946517944336,15.29,94.0867156982422,14.82,82.83290100097656,14.900000000000002,84.17356872558594
15.739999999999998,95.89746856689452,15.1,104.5337142944336,15.300000000000002,93.91088104248048,14.83,82.81498718261719,14.91,84.22126007080078
15.75,96.02899169921876,15.11,104.56888580322266,15.31,93.6915054321289,14.840000000000002,82.79916381835938,14.920000000000002,84.2587890625
15.759999999999998,96.20187377929688,15.12,104.60648345947266,15.320000000000002,93.4025650024414,14.85,82.78373718261719,14.93,84.28436279296875
15.77,96.43644714355467,15.130000000000004,104.6496810913086,15.33,93.06893157958984,14.86,82.76619720458984,14.94,84.2894287109375
15.78,96.73133087158205,15.14,104.6946792602539,15.340000000000002,92.69036102294922,14.87,82.75071716308594,14.950000000000005,84.28240966796875
15.79,97.0746078491211,15.150000000000002,104.71461486816406,15.35,92.27024841308594,14.88,82.73585510253906,14.96,84.25968170166016
15.8,97.4405746459961,15.16,104.70330047607422,15.36,91.79749298095705,14.89,82.72274017333984,14.970000000000002,84.22433471679688
15.81,97.8211898803711,15.170000000000002,104.68885040283205,15.37,91.25423431396484,14.9,82.70777893066406,14.98,84.18230438232422
15.82,98.22595977783205,15.18,104.6980438232422,15.38,90.62362670898438,14.909999999999998,82.69515991210938,14.990000000000002,84.13518524169922
15.829999999999998,98.64014434814452,15.19,104.75129699707033,15.390000000000002,89.8987808227539,14.92,82.68165588378906,15.0,84.08876037597656
15.84,99.01866149902344,15.200000000000005,104.82708740234376,15.4,89.10116577148438,14.93,82.67423248291016,15.010000000000002,84.05438995361328
15.85,99.32383728027344,15.21,104.9092788696289,15.410000000000002,88.22611236572266,14.94,82.66767883300781,15.02,84.03411102294922
15.86,99.57256317138672,15.220000000000002,104.9834213256836,15.42,87.28480529785156,14.95,82.6611099243164,15.03,84.0207290649414
15.87,99.77162170410156,15.23,105.03524780273438,15.43,86.17301940917969,14.96,82.65393829345703,15.040000000000004,84.0167007446289
15.88,99.94539642333984,15.240000000000002,105.0777359008789,15.44,84.8663330078125,14.97,82.6426773071289,15.05,84.01514434814453
15.89,100.14228057861328,15.25,105.1253433227539,15.45,83.4271011352539,14.98,82.63597106933594,15.060000000000002,84.0031967163086
15.9,100.3450698852539,15.260000000000002,105.18433380126952,15.460000000000004,81.91898345947266,14.99,82.62879943847656,15.07,83.98467254638672
15.91,100.58909606933594,15.27,105.2500991821289,15.47,80.4175796508789,14.999999999999998,82.62376403808594,15.080000000000002,83.96272277832031
15.919999999999998,100.88773345947266,15.28,105.3096160888672,15.480000000000002,79.00908660888672,15.01,82.62301635742188,15.09,83.93311309814453
15.93,101.2120590209961,15.290000000000004,105.36067199707033,15.49,77.70816802978516,15.02,82.62391662597656,15.1,83.89784240722656
15.94,101.54766082763672,15.3,105.41275024414062,15.500000000000002,76.4749755859375,15.03,82.6258544921875,15.11,83.85531616210938
15.95,101.854248046875,15.310000000000002,105.47058868408205,15.51,75.27948760986328,15.04,82.62794494628906,15.12,83.81580352783203
15.96,102.10425567626952,15.32,105.54102325439452,15.52,74.14268493652344,15.05,82.63069152832031,15.130000000000004,83.77261352539062
15.97,102.29873657226562,15.330000000000002,105.62405395507812,15.53,73.1150894165039,15.06,82.63169860839844,15.14,83.73045349121094
15.98,102.44763946533205,15.34,105.712646484375,15.54,72.21829223632812,15.07,82.63370513916016,15.150000000000002,83.69166564941406
15.989999999999998,102.54998779296876,15.35,105.79133605957033,15.550000000000002,71.44760131835938,15.08,82.63453674316406,15.16,83.66062927246094
16.0,102.58800506591795,15.36,105.85748291015624,15.56,70.74129486083984,15.090000000000002,82.63455963134766,15.170000000000002,83.63834381103516
16.009999999999998,102.55538177490234,15.37,105.92423248291016,15.570000000000002,70.09495544433594,15.1,82.63375091552734,15.18,83.61813354492188
16.02,102.45211029052734,15.380000000000004,106.00493621826172,15.58,69.51421356201172,15.11,82.63695526123047,15.19,83.5943832397461
16.03,102.25159454345705,15.39,106.1042709350586,15.590000000000002,69.01238250732422,15.12,82.63927459716797,15.200000000000005,83.56382751464844
16.04,101.9778823852539,15.400000000000002,106.20706176757812,15.6,68.59049224853516,15.13,82.64442443847656,15.21,83.5232925415039
16.05,101.61786651611328,15.41,106.28996276855467,15.61,68.19157409667969,15.14,82.655517578125,15.220000000000002,83.46903228759766
16.06,101.14728546142578,15.420000000000002,106.35816955566406,15.62,67.795654296875,15.15,82.66871643066406,15.23,83.40667724609375
16.07,100.59038543701172,15.43,106.4173355102539,15.63,67.40069580078125,15.159999999999998,82.68062591552734,15.240000000000002,83.34268951416016
16.08,99.93107604980467,15.44,106.47299194335938,15.640000000000002,67.00772857666016,15.17,82.6906509399414,15.25,83.27780151367188
16.09,99.15089416503906,15.450000000000005,106.5297622680664,15.65,66.60062408447266,15.18,82.6976547241211,15.260000000000002,83.2002944946289
16.1,98.23619079589844,15.46,106.58419036865234,15.660000000000002,66.2178726196289,15.19,82.70326232910156,15.27,83.11762237548828
16.11,97.16913604736328,15.470000000000002,106.64126586914062,15.67,65.89817810058594,15.2,82.70709991455078,15.28,83.0263900756836
16.12,95.93351745605467,15.48,106.71634674072266,15.68,65.62934112548828,15.21,82.7090835571289,15.290000000000004,82.91975402832031
16.13,94.52379608154295,15.490000000000002,106.76428985595705,15.69,65.39199829101562,15.22,82.70870208740234,15.3,82.80042266845703
16.14,92.98828887939452,15.5,106.74970245361328,15.7,65.18614959716797,15.23,82.70497131347656,15.310000000000002,82.6633071899414
16.15,91.38282012939452,15.510000000000002,106.71691131591795,15.710000000000004,65.05870056152344,15.24,82.70439910888672,15.32,82.51457977294922
16.16,89.74530792236328,15.52,106.68186950683594,15.72,65.04995727539062,15.249999999999998,82.70735931396484,15.330000000000002,82.36371612548828
16.169999999999998,88.0359878540039,15.53,106.67813110351562,15.730000000000002,65.176513671875,15.26,82.71312713623047,15.34,82.2129898071289
16.18,86.25081634521484,15.540000000000004,106.71544647216795,15.74,65.5003433227539,15.27,82.72184753417969,15.35,82.06193542480469
16.19,84.46784210205078,15.55,106.77919006347656,15.750000000000002,65.93156433105469,15.28,82.73280334472656,15.36,81.89319610595703
16.2,82.81072235107422,15.560000000000002,106.85277557373048,15.76,66.30474090576172,15.29,82.74374389648438,15.37,81.68663024902344
16.21,81.45450592041016,15.57,106.9022445678711,15.77,66.5723648071289,15.3,82.75740814208984,15.380000000000004,81.45086669921875
16.22,80.2975845336914,15.580000000000002,106.92173767089844,15.78,66.76171112060547,15.31,82.77388763427734,15.39,81.20475006103516
16.23,79.21873474121094,15.59,106.91251373291016,15.79,66.92941284179688,15.32,82.79579162597656,15.400000000000002,80.97337341308594
16.24,78.14558410644531,15.6,106.90042877197266,15.800000000000002,67.09053802490234,15.33,82.81878662109375,15.41,80.7613525390625
16.25,77.02604675292969,15.61,106.8952865600586,15.81,67.24688720703125,15.340000000000002,82.84066009521484,15.420000000000002,80.5788345336914
16.259999999999998,75.78623962402344,15.62,106.90591430664062,15.820000000000002,67.41173553466797,15.35,82.86148071289062,15.43,80.4588623046875
16.27,74.38435363769531,15.630000000000004,106.93421173095705,15.83,67.53726196289062,15.36,82.87520599365234,15.44,80.44062805175781
16.28,72.86944580078125,15.64,106.9563446044922,15.840000000000002,67.63435363769531,15.37,82.88907623291016,15.450000000000005,80.4913558959961
16.29,71.34272003173828,15.650000000000002,106.9495086669922,15.85,67.74913024902344,15.38,82.90489196777344,15.46,80.56983947753906
16.3,69.8555908203125,15.66,106.92407989501952,15.86,67.88524627685547,15.39,82.92646789550781,15.470000000000002,80.59366607666016
16.31,68.48332977294922,15.670000000000002,106.9036102294922,15.87,67.9991226196289,15.4,82.95453643798828,15.48,80.54410552978516
16.32,67.27204895019531,15.68,106.90306091308594,15.88,68.01185607910156,15.409999999999998,82.98959350585938,15.490000000000002,80.44110107421875
16.33,66.19730377197266,15.69,106.9178237915039,15.890000000000002,67.90125274658203,15.42,83.02676391601562,15.5,80.30303955078125
16.34,65.26432800292969,15.700000000000005,106.94929504394533,15.9,67.67012023925781,15.43,83.05740356445312,15.510000000000002,80.16230773925781
16.35,64.42986297607422,15.71,106.99263763427734,15.910000000000002,67.39531707763672,15.44,83.07361602783203,15.52,80.0210189819336
16.36,63.675392150878906,15.720000000000002,107.02822875976562,15.92,67.13416290283203,15.45,83.07569885253906,15.53,79.91004180908203
16.37,62.972618103027344,15.73,107.0541763305664,15.93,66.95393371582031,15.46,83.06351470947266,15.540000000000004,79.88923645019531
16.38,62.29265213012695,15.740000000000002,107.08167266845705,15.94,66.85067749023438,15.47,83.04253387451172,15.55,79.86407470703125
16.39,61.60344696044922,15.75,107.12466430664062,15.95,66.79317474365234,15.48,83.01737213134766,15.560000000000002,79.76190948486328
16.4,60.89666366577149,15.760000000000002,107.18451690673828,15.960000000000004,66.7502212524414,15.49,82.98725891113281,15.57,79.57621765136719
16.41,60.18552780151367,15.77,107.2666244506836,15.97,66.71078491210938,15.499999999999998,82.9601058959961,15.580000000000002,79.32951354980469
16.419999999999998,59.49882125854492,15.78,107.39300537109376,15.980000000000002,66.65904998779297,15.51,82.9413070678711,15.59,79.05672454833984
16.43,58.85578536987305,15.790000000000004,107.542724609375,15.99,66.62676239013672,15.52,82.92388916015625,15.6,78.7742919921875
16.44,58.329811096191406,15.8,107.7564697265625,16.0,66.71321868896484,15.53,82.91314697265625,15.61,78.47163391113281
16.45,57.98383712768555,15.810000000000002,108.00985717773438,16.009999999999998,67.03316497802734,15.54,82.89669036865234,15.62,78.18075561523438
16.46,57.85760116577149,15.82,108.24518585205078,16.020000000000003,67.57806396484375,15.55,82.88069915771484,15.630000000000004,77.93917846679688
16.47,57.9637565612793,15.830000000000002,108.44007873535156,16.03,68.18020629882812,15.56,82.85614013671875,15.64,77.73713684082031
16.48,58.27709197998047,15.84,108.62297058105467,16.04,68.6092300415039,15.57,82.82569122314453,15.650000000000002,77.54983520507812
16.49,58.82862091064453,15.85,108.81396484375,16.050000000000004,68.85433959960938,15.58,82.7869873046875,15.66,77.38411712646484
16.5,59.58257675170898,15.86,109.0108413696289,16.060000000000002,69.0262222290039,15.590000000000002,82.74110412597656,15.670000000000002,77.23126220703125
16.509999999999998,60.46712875366211,15.87,109.19757843017578,16.07,69.18928527832031,15.6,82.69459533691406,15.68,77.078125
16.52,61.40345764160156,15.880000000000004,109.3494873046875,16.08,69.35240936279297,15.61,82.64828491210938,15.69,76.92339324951172
16.53,62.22035598754883,15.89,109.48045349121094,16.090000000000003,69.5760498046875,15.62,82.60161590576172,15.700000000000005,76.78366088867188
16.54,62.72225189208984,15.900000000000002,109.63504791259766,16.1,69.9280776977539,15.63,82.55525970458984,15.71,76.62860107421875
16.55,62.69915771484375,15.91,109.82804107666016,16.11,70.44438934326172,15.64,82.51463317871094,15.720000000000002,76.42129516601562
16.56,62.33466720581055,15.920000000000002,110.10426330566406,16.119999999999997,71.10704040527344,15.65,82.47589874267578,15.73,76.18072509765625
16.57,61.9316635131836,15.93,110.44670867919922,16.130000000000003,71.92236328125,15.659999999999998,82.4378662109375,15.740000000000002,75.94482421875
16.58,61.57891082763672,15.94,110.84996795654295,16.14,72.80511474609375,15.67,82.4052963256836,15.75,75.7294692993164
16.59,61.246803283691406,15.950000000000005,111.26932525634766,16.15,73.65767669677734,15.68,82.37364959716797,15.760000000000002,75.54199981689453
16.6,61.02729797363281,15.96,111.6810531616211,16.160000000000004,74.50244140625,15.69,82.345458984375,15.77,75.38895416259766
16.61,60.93966293334961,15.970000000000002,112.07697296142578,16.17,75.38304901123047,15.7,82.32386779785156,15.78,75.27210998535156
16.62,60.96194839477539,15.98,112.48057556152344,16.18,76.27899169921875,15.71,82.31292724609375,15.790000000000004,75.19656372070312
16.63,60.96232986450195,15.990000000000002,112.9059066772461,16.189999999999998,77.12105560302734,15.72,82.31455993652344,15.8,75.14244079589844
16.64,60.84149169921875,16.0,113.3609619140625,16.200000000000003,77.8626937866211,15.73,82.31790924072266,15.810000000000002,75.06299591064453
16.65,60.65714263916016,16.01,113.84773254394533,16.21,78.55957794189453,15.74,82.31344604492188,15.82,74.93157196044922
16.66,60.56182098388672,16.02,114.3633270263672,16.22,79.23859405517578,15.749999999999998,82.29850769042969,15.830000000000002,74.78028869628906
16.669999999999998,60.688255310058594,16.03,114.92031860351562,16.230000000000004,79.9111328125,15.76,82.27607727050781,15.84,74.59925842285156
16.68,61.104923248291016,16.040000000000003,115.5347900390625,16.240000000000002,80.60127258300781,15.77,82.24715423583984,15.85,74.42162322998047
16.69,61.65289688110352,16.05,116.22686004638672,16.25,81.34302520751953,15.78,82.21839904785156,15.86,74.2743911743164
16.7,62.24925994873047,16.060000000000002,116.97509765625,16.259999999999998,82.15555572509766,15.79,82.18865966796875,15.87,74.1506576538086
16.71,62.79087448120117,16.07,117.80380249023438,16.270000000000003,83.05725860595703,15.8,82.16381072998047,15.880000000000004,74.02379608154297
16.72,62.7822151184082,16.080000000000002,118.74140167236328,16.28,84.04254150390625,15.81,82.14460754394531,15.89,73.94248962402344
16.73,62.27493667602539,16.09,119.83161926269533,16.29,85.08807373046875,15.82,82.13019561767578,15.900000000000002,73.88380432128906
16.74,61.899147033691406,16.1,121.08634185791016,16.300000000000004,86.16023254394531,15.83,82.11923217773438,15.91,73.7665786743164
16.75,62.17033767700195,16.11,122.42408752441406,16.310000000000002,87.2049331665039,15.840000000000002,82.10838317871094,15.920000000000002,73.59154510498047
16.759999999999998,62.9871940612793,16.12,123.76679229736328,16.32,88.18226623535156,15.85,82.0972900390625,15.93,73.3780288696289
16.77,64.20301055908203,16.130000000000003,125.05853271484376,16.33,89.0758285522461,15.86,82.08277130126953,15.94,73.15221405029297
16.78,65.59806060791016,16.14,126.32211303710938,16.340000000000003,89.89366149902344,15.87,82.06439208984375,15.950000000000005,72.94790649414062
16.79,66.95960235595703,16.150000000000002,127.6889419555664,16.35,90.64308166503906,15.88,82.0457534790039,15.96,72.77129364013672
16.8,67.98233032226562,16.16,129.14768981933594,16.36,91.3469009399414,15.89,82.02561950683594,15.970000000000002,72.58505249023438
16.81,68.77112579345703,16.17,130.6240997314453,16.369999999999997,92.03060913085938,15.9,82.00618743896484,15.98,72.3914566040039
16.82,69.60706329345703,16.18,132.01258850097656,16.380000000000003,92.73018646240234,15.909999999999998,81.98001861572266,15.990000000000002,72.25654602050781
16.83,70.38973236083984,16.19,133.33843994140625,16.39,93.48242950439452,15.92,81.94422149658203,16.0,72.20240783691406
16.84,71.14395904541016,16.200000000000003,134.6123046875,16.4,94.29354858398438,15.93,81.88082885742188,16.01,72.23175048828125
16.85,71.93293762207031,16.21,135.7793731689453,16.410000000000004,95.11348724365234,15.94,81.77572631835938,16.02,72.33028411865234
16.86,72.7486343383789,16.220000000000002,136.92465209960938,16.42,95.85679626464844,15.95,81.64920043945312,16.03,72.47124481201172
16.87,73.60028076171875,16.23,138.12762451171875,16.43,96.48331451416016,15.96,81.50332641601562,16.040000000000003,72.62425994873047
16.88,74.52693176269531,16.240000000000002,139.15911865234375,16.439999999999998,97.04524230957033,15.97,81.35657501220703,16.05,72.75997924804688
16.89,75.50776672363281,16.25,139.9357147216797,16.450000000000003,97.65009307861328,15.98,81.16915130615234,16.060000000000002,72.86375427246094
16.9,76.57271575927734,16.26,140.65928649902344,16.46,98.32334899902344,15.99,80.91523742675781,16.07,72.96442413330078
16.91,77.73066711425781,16.27,141.3238525390625,16.47,99.03297424316406,15.999999999999998,80.60482025146484,16.080000000000002,73.08817291259766
16.919999999999998,78.9471435546875,16.28,141.73927307128906,16.480000000000004,99.6942901611328,16.009999999999998,80.21148681640625,16.09,73.22860717773438
16.93,80.21614074707031,16.290000000000003,141.9897918701172,16.490000000000002,100.2940673828125,16.020000000000003,79.7143325805664,16.1,73.37895965576172
16.94,81.50947570800781,16.3,142.04067993164062,16.5,100.8681640625,16.03,79.09371948242188,16.11,73.54539489746094
16.95,82.79276275634766,16.310000000000002,141.92633056640625,16.509999999999998,101.42437744140624,16.04,78.36917877197266,16.12,73.71497344970703
16.96,83.98410034179688,16.32,141.71202087402344,16.520000000000003,101.94256591796876,16.049999999999997,77.51594543457031,16.130000000000003,73.88013458251953
16.97,85.11373138427734,16.330000000000002,141.35272216796875,16.53,102.42738342285156,16.060000000000002,76.53097534179688,16.14,74.0349349975586
16.98,86.26097869873047,16.34,140.64244079589844,16.54,102.89269256591795,16.07,75.34442901611328,16.150000000000002,74.17784881591797
16.99,87.40449523925781,16.35,139.58982849121094,16.550000000000004,103.30418395996094,16.08,73.99153900146484,16.16,74.31468963623047
17.0,88.51860809326172,16.36,138.1661834716797,16.560000000000002,103.61585998535156,16.090000000000003,72.38186645507812,16.17,74.45861053466797
17.009999999999998,89.550048828125,16.37,136.4613494873047,16.57,103.8547821044922,16.1,70.54901123046875,16.18,74.64334869384766
17.02,90.49588012695312,16.380000000000003,134.56558227539062,16.58,104.07627868652344,16.11,68.4124984741211,16.19,74.91368103027344
17.03,91.34587097167967,16.39,132.57652282714844,16.590000000000003,104.30704498291016,16.119999999999997,65.97054290771484,16.200000000000003,75.23723602294922
17.04,92.13610076904295,16.400000000000002,130.5299072265625,16.6,104.53931427001952,16.130000000000003,63.14849090576172,16.21,75.57997131347656
17.05,92.91708374023438,16.41,128.38406372070312,16.61,104.79197692871094,16.14,59.91186141967773,16.220000000000002,75.91366577148438
17.06,93.6688995361328,16.42,126.08244323730467,16.619999999999997,105.05003356933594,16.15,56.280086517333984,16.23,76.21849060058594
17.07,94.3711166381836,16.43,123.58000946044922,16.630000000000003,105.25611877441406,16.159999999999997,52.323707580566406,16.240000000000002,76.4583969116211
17.08,94.98040008544922,16.44,120.92852020263672,16.64,105.43096923828124,16.17,48.18070983886719,16.25,76.62238311767578
17.09,95.4580078125,16.450000000000003,118.1220474243164,16.65,105.56851959228516,16.18,43.92742538452149,16.26,76.68669891357422
17.1,95.84333038330078,16.46,115.20462036132812,16.660000000000004,105.6832275390625,16.189999999999998,39.750709533691406,16.27,76.6779556274414
17.11,96.19186401367188,16.470000000000002,112.23596954345705,16.67,105.77239227294922,16.200000000000003,35.81925964355469,16.28,76.64197540283203
17.12,96.65248107910156,16.48,109.23131561279295,16.68,105.82868957519533,16.21,32.03971862792969,16.290000000000003,76.63543701171875
17.13,97.21051025390624,16.490000000000002,106.18107604980467,16.689999999999998,105.8174057006836,16.22,28.44169044494629,16.3,76.66191101074219
17.14,97.9109878540039,16.5,103.1185531616211,16.700000000000003,105.6665267944336,16.229999999999997,25.456104278564453,16.310000000000002,76.74250793457031
17.15,98.6477279663086,16.51,100.0798568725586,16.71,105.35309600830078,16.240000000000002,23.682287216186523,16.32,76.87554931640625
17.16,99.3062515258789,16.52,96.99605560302734,16.72,104.87098693847656,16.25,22.820730209350582,16.330000000000002,77.03353118896484
17.169999999999998,99.85182189941406,16.53,93.86516571044922,16.730000000000004,104.15199279785156,16.259999999999998,22.93846321105957,16.34,77.23052215576172
17.18,100.27849578857422,16.540000000000003,90.72984313964844,16.740000000000002,102.99697875976562,16.270000000000003,24.09105110168457,16.35,77.47277069091797
17.19,100.59124755859376,16.55,87.6971206665039,16.75,101.6129379272461,16.28,25.61956596374512,16.36,77.74513244628906
17.2,100.84042358398438,16.560000000000002,84.88619995117188,16.759999999999998,100.1446304321289,16.29,27.262428283691406,16.37,78.0223388671875
17.21,101.05287170410156,16.57,82.24671936035156,16.770000000000003,98.55878448486328,16.299999999999997,28.93597221374512,16.380000000000003,78.29322814941406
17.22,101.28002166748048,16.580000000000002,79.8724136352539,16.78,96.8243179321289,16.310000000000002,30.69533348083496,16.39,78.55072021484375
17.23,101.54388427734376,16.59,77.73184967041016,16.79,94.9392318725586,16.32,32.60261917114258,16.400000000000002,78.77735900878906
17.24,101.82476043701172,16.6,75.77371215820312,16.800000000000004,92.99020385742188,16.33,34.72723388671875,16.41,78.97660064697266
17.25,102.10961151123048,16.61,74.07876586914062,16.810000000000002,91.19915771484376,16.340000000000003,37.038421630859375,16.42,79.14804077148438
17.259999999999998,102.3209991455078,16.62,72.81624603271484,16.82,89.53433990478516,16.35,39.5530891418457,16.43,79.29026794433594
17.27,102.42604064941406,16.630000000000003,72.15943908691406,16.83,87.93844604492188,16.36,42.19402313232422,16.44,79.40974426269531
17.28,102.36165618896484,16.64,71.99493408203125,16.840000000000003,86.56864166259766,16.369999999999997,44.96940231323242,16.450000000000003,79.55712127685547
17.29,101.9753646850586,16.650000000000002,72.3398208618164,16.85,85.43726348876953,16.380000000000003,47.82798004150391,16.46,79.78632354736328
17.3,101.29930114746094,16.66,73.02306365966797,16.86,84.37101745605469,16.39,50.78570938110352,16.470000000000002,80.0981216430664
17.31,100.41669464111328,16.67,74.03076934814453,16.869999999999997,83.10287475585938,16.4,53.83052444458008,16.48,80.41230010986328
17.32,99.27062225341795,16.68,75.29116821289062,16.880000000000003,81.55113983154297,16.409999999999997,56.97489929199219,16.490000000000002,80.6463394165039
17.33,97.9576187133789,16.69,76.82649230957031,16.89,79.92071533203125,16.42,60.1961669921875,16.5,80.75172424316406
17.34,96.5193328857422,16.700000000000003,78.5500259399414,16.9,78.3295669555664,16.43,63.48487091064453,16.51,80.65081787109375
17.35,94.9601593017578,16.71,80.05379486083984,16.910000000000004,76.74787902832031,16.439999999999998,66.82902526855469,16.52,80.40576171875
17.36,93.28031158447266,16.720000000000002,80.72669982910156,16.92,75.10147857666016,16.450000000000003,70.21705627441406,16.53,80.14167022705078
17.37,91.49776458740234,16.73,80.77582550048828,16.93,73.3854751586914,16.46,73.64494323730469,16.540000000000003,79.99475860595703
17.38,89.68782806396484,16.740000000000002,81.0986099243164,16.939999999999998,71.68093872070312,16.47,77.08602142333984,16.55,80.01280212402344
17.39,88.07562255859375,16.75,82.04349517822266,16.950000000000003,70.08242797851562,16.479999999999997,80.50724029541016,16.560000000000002,80.2134017944336
17.4,86.80359649658203,16.76,83.38639831542969,16.96,68.60761260986328,16.490000000000002,83.87665557861328,16.57,80.58080291748047
17.41,85.75090026855469,16.77,84.7900161743164,16.97,67.36274719238281,16.5,87.12450408935547,16.580000000000002,81.05513763427734
17.419999999999998,84.74662017822266,16.78,86.18106079101562,16.980000000000004,66.38386535644531,16.509999999999998,90.2658233642578,16.59,81.56446075439453
17.43,83.64580535888672,16.790000000000003,87.42312622070312,16.990000000000002,65.61378479003906,16.520000000000003,93.31851959228516,16.6,82.02696228027344
17.44,82.39137268066406,16.8,88.34257507324219,17.0,65.02790832519531,16.53,96.33612823486328,16.61,82.27864837646484
17.45,80.99560546875,16.810000000000002,89.02095031738281,17.009999999999998,64.48023223876953,16.54,99.26932525634766,16.62,82.1634521484375
17.46,79.53563690185547,16.82,89.54816436767578,17.020000000000003,63.90190124511719,16.549999999999997,102.06746673583984,16.630000000000003,81.70423889160156
17.47,77.9894790649414,16.830000000000002,90.16207885742188,17.03,63.26913070678711,16.560000000000002,104.59930419921876,16.64,80.88658142089844
17.48,76.43403625488281,16.84,90.98294830322266,17.04,62.53636932373047,16.57,106.73406982421876,16.650000000000002,79.87693786621094
17.49,74.97103881835938,16.85,91.81977081298828,17.050000000000004,61.69426727294922,16.58,108.39278411865234,16.66,79.02495574951172
17.5,73.62315368652344,16.86,92.5077667236328,17.060000000000002,60.81233978271485,16.590000000000003,109.54884338378906,16.67,78.53118133544922
17.509999999999998,72.29806518554688,16.87,93.11433410644533,17.07,60.03881454467773,16.6,110.2568588256836,16.68,78.39488220214844
17.52,70.98202514648438,16.880000000000003,93.82730102539062,17.08,59.44688415527344,16.61,110.54549407958984,16.69,78.62606048583984
17.53,69.71173095703125,16.89,94.61331176757812,17.090000000000003,59.100955963134766,16.619999999999997,110.5041275024414,16.700000000000003,78.99580383300781
17.54,68.57869720458984,16.900000000000002,95.32201385498048,17.1,58.97871398925781,16.630000000000003,110.10814666748048,16.71,79.2778091430664
17.55,67.60960388183594,16.91,95.933349609375,17.11,59.089500427246094,16.64,109.44168090820312,16.720000000000002,79.35697174072266
17.56,66.7197265625,16.92,96.51854705810548,17.119999999999997,59.5294189453125,16.65,107.07406616210938,16.73,79.21330261230469
17.57,65.87136840820312,16.93,97.13277435302734,17.130000000000003,60.44994354248047,16.659999999999997,104.81582641601562,16.740000000000002,78.88204193115234
17.58,65.03083801269531,16.94,97.80083465576172,17.14,62.13115310668945,16.67,102.5002670288086,16.75,78.6091537475586
17.59,64.07494354248047,16.950000000000003,98.33047485351562,17.15,64.16459655761719,16.68,99.81546020507812,16.76,78.56243896484375
17.6,62.906700134277344,16.96,98.5924072265625,17.160000000000004,65.95515441894531,16.689999999999998,96.78605651855467,16.77,78.62895965576172
17.61,61.67974090576172,16.970000000000002,98.8259506225586,17.17,66.80622100830078,16.700000000000003,94.06868743896484,16.78,78.60691833496094
17.62,60.523414611816406,16.98,99.1421127319336,17.18,66.59829711914062,16.71,91.90235900878906,16.790000000000003,78.45093536376953
17.63,59.52174758911133,16.990000000000002,99.513671875,17.189999999999998,64.99529266357422,16.72,90.28230285644533,16.8,78.31877136230469
17.64,58.73366165161133,17.0,99.9171142578125,17.200000000000003,63.08211517333984,16.729999999999997,89.07937622070312,16.810000000000002,78.31107330322266
17.65,58.24587631225586,17.01,100.31688690185548,17.21,61.54982376098633,16.740000000000002,88.10488891601562,16.82,78.46138763427734
17.66,58.06682205200195,17.02,100.6714096069336,17.22,60.61970901489258,16.75,87.18840026855469,16.830000000000002,78.80770111083984
17.669999999999998,58.15914535522461,17.03,100.99816131591795,17.230000000000004,60.393314361572266,16.759999999999998,86.36813354492188,16.84,79.3228988647461
17.68,58.53745651245117,17.040000000000003,101.31825256347656,17.240000000000002,60.65707015991211,16.770000000000003,85.66299438476562,16.85,79.8090591430664
17.69,59.09784698486328,17.05,101.64705657958984,17.25,61.19244003295898,16.78,85.18473815917969,16.86,80.17941284179688
17.7,59.92849349975586,17.060000000000002,101.98767852783205,17.259999999999998,61.73211288452149,16.79,84.88980102539062,16.87,80.35467529296875
17.71,61.11396789550781,17.07,102.34615325927734,17.270000000000003,62.04945755004883,16.799999999999997,84.72894287109375,16.880000000000003,80.3354263305664
17.72,62.69034194946289,17.080000000000002,102.72787475585938,17.28,62.09832763671875,16.810000000000002,84.59060668945312,16.89,80.16272735595703
17.73,64.44734954833984,17.09,103.18115234375,17.29,61.97465896606445,16.82,84.4848861694336,16.900000000000002,79.92669677734375
17.74,65.74396514892578,17.1,103.70404815673828,17.300000000000004,61.79804611206055,16.83,84.41523742675781,16.91,79.6959457397461
17.75,65.90117645263672,17.11,104.31197357177734,17.310000000000002,61.76322555541992,16.840000000000003,84.33430480957031,16.92,79.53394317626953
17.759999999999998,64.95341491699219,17.12,105.01801300048828,17.32,61.9619140625,16.85,84.23831939697266,16.93,79.42488098144531
17.77,63.87712097167969,17.130000000000003,105.84001922607422,17.33,62.12864685058594,16.86,84.14874267578125,16.94,79.3514633178711
17.78,63.20042037963867,17.14,106.79497528076172,17.340000000000003,62.23341369628906,16.869999999999997,84.06065368652344,16.950000000000003,79.28485870361328
17.79,62.75053405761719,17.150000000000002,107.8095245361328,17.35,62.42182540893555,16.880000000000003,83.96005249023438,16.96,79.23184204101562
17.8,62.47681427001953,17.16,108.76541137695312,17.36,62.7296142578125,16.89,83.85877227783203,16.970000000000002,79.21125030517578
17.81,62.32802581787109,17.17,109.6270751953125,17.369999999999997,63.31492614746094,16.9,83.75608825683594,16.98,79.25064086914062
17.82,62.268310546875,17.18,110.39334869384766,17.380000000000003,64.23680877685547,16.909999999999997,83.65276336669922,16.990000000000002,79.38186645507812
17.83,62.44062805175781,17.19,111.13485717773438,17.39,65.32501983642578,16.92,83.55778503417969,17.0,79.58622741699219
17.84,62.69469833374024,17.200000000000003,111.91780090332033,17.4,66.4190444946289,16.93,83.46085357666016,17.01,79.8384780883789
17.85,62.49420547485352,17.21,112.80848693847656,17.410000000000004,67.54961395263672,16.939999999999998,83.36577606201172,17.02,80.0732421875
17.86,61.93837356567383,17.220000000000002,113.81616973876952,17.42,68.91434478759766,16.950000000000003,83.28909301757812,17.03,80.26071166992188
17.87,61.486915588378906,17.23,114.8752670288086,17.43,70.25947570800781,16.96,83.22425842285156,17.040000000000003,80.3525390625
17.88,61.27126693725586,17.240000000000002,115.89585876464844,17.439999999999998,71.2240219116211,16.97,83.16861724853516,17.05,80.32999420166016
17.89,60.93721008300781,17.25,116.85157775878906,17.450000000000003,72.05255126953125,16.979999999999997,83.12043762207031,17.060000000000002,80.19525146484375
17.9,60.51445388793945,17.26,117.81956481933594,17.46,72.9935302734375,16.990000000000002,83.07537078857422,17.07,79.99691009521484
17.91,60.540313720703125,17.27,118.8459014892578,17.47,74.04724884033203,17.0,83.03207397460938,17.080000000000002,79.81475830078125
17.919999999999998,61.17095184326172,17.28,119.93245697021484,17.480000000000004,75.0845947265625,17.009999999999998,82.98269653320312,17.09,79.7607192993164
17.93,62.43485641479492,17.290000000000003,121.05662536621094,17.490000000000002,76.0423583984375,17.020000000000003,82.92620849609375,17.1,79.89459228515625
17.94,64.13497924804688,17.3,122.2005844116211,17.5,76.96942901611328,17.03,82.87639617919922,17.11,80.23261260986328
17.95,65.79566955566406,17.310000000000002,123.40065002441406,17.509999999999998,77.94660949707031,17.04,82.84334564208984,17.12,80.7247543334961
17.96,67.0920639038086,17.32,124.70252990722656,17.520000000000003,79.10740661621094,17.049999999999997,82.8338394165039,17.130000000000003,81.17778015136719
17.97,68.00483703613281,17.330000000000002,126.07318115234376,17.53,80.49971771240234,17.060000000000002,82.85994720458984,17.14,81.37137603759766
17.98,69.05339813232422,17.34,127.51256561279295,17.54,82.10689544677734,17.07,82.90898895263672,17.150000000000002,81.3035888671875
17.99,70.03836822509766,17.35,128.9979705810547,17.550000000000004,83.80318450927734,17.08,82.95751190185547,17.16,81.0980453491211
18.0,70.89939880371094,17.36,130.51031494140625,17.560000000000002,85.4300765991211,17.090000000000003,82.98383331298828,17.17,80.87739562988281
18.009999999999998,71.80734252929688,17.37,132.0133056640625,17.57,86.85307312011719,17.1,82.9614028930664,17.18,80.73065948486328
18.02,72.77716827392578,17.380000000000003,133.53530883789062,17.58,87.98617553710938,17.11,82.8929214477539,17.19,80.72552490234375
18.03,73.77300262451172,17.39,135.1036376953125,17.590000000000003,88.90914154052734,17.119999999999997,82.79347229003906,17.200000000000003,80.7972412109375
18.04,74.77383422851562,17.400000000000002,136.57521057128906,17.6,89.80927276611328,17.130000000000003,82.6712646484375,17.21,80.83810424804688
18.05,75.7955322265625,17.41,137.83853149414062,17.61,90.81153869628906,17.14,82.5197525024414,17.220000000000002,80.72821044921875
18.06,76.91000366210938,17.42,139.05931091308594,17.619999999999997,91.89755249023438,17.15,82.34320831298828,17.23,80.43981170654297
18.07,78.14466094970703,17.43,140.1858367919922,17.630000000000003,92.9823760986328,17.159999999999997,82.14664459228516,17.240000000000002,79.99748992919922
18.08,79.49478149414062,17.44,141.22250366210938,17.64,94.0045928955078,17.17,81.95213317871094,17.25,79.47476196289062
18.09,80.88754272460938,17.450000000000003,142.00469970703125,17.65,94.98433685302734,17.18,81.77677917480469,17.26,78.87726593017578
18.1,82.20829772949219,17.46,142.81594848632812,17.660000000000004,96.00436401367188,17.189999999999998,81.59521484375,17.27,78.31168365478516
18.11,83.43966674804688,17.470000000000002,143.56138610839844,17.67,96.92170715332033,17.200000000000003,81.43788146972656,17.28,78.00187683105469
18.12,84.59355163574219,17.48,144.2626953125,17.68,97.62960815429688,17.21,81.10066986083984,17.290000000000003,77.97940826416016
18.13,85.6719970703125,17.490000000000002,144.8272247314453,17.689999999999998,98.26642608642578,17.22,80.59590148925781,17.3,78.13977813720703
18.14,86.64452362060547,17.5,145.09640502929688,17.700000000000003,99.0052719116211,17.229999999999997,79.83363342285156,17.310000000000002,78.30658721923828
18.15,87.53376770019531,17.51,145.06304931640625,17.71,99.77813720703124,17.240000000000002,78.88062286376953,17.32,78.27915954589844
18.16,88.37257385253906,17.52,144.7398681640625,17.72,100.47885131835938,17.25,77.69158935546875,17.330000000000002,78.0562973022461
18.17,89.20833587646484,17.53,144.0955047607422,17.730000000000004,101.13459014892578,17.259999999999998,76.28492736816406,17.34,77.82035827636719
18.18,90.02001953125,17.540000000000003,143.12646484375,17.740000000000002,101.71759796142578,17.270000000000003,74.63581848144531,17.35,77.72478485107422
18.19,90.69691467285156,17.55,141.88137817382812,17.75,102.15064239501952,17.28,72.72982025146484,17.36,77.71888732910156
18.2,91.26691436767578,17.560000000000002,140.34909057617188,17.759999999999998,102.44982147216795,17.29,70.53855895996094,17.37,77.74343872070312
18.21,91.81732940673828,17.57,138.60337829589844,17.770000000000003,102.58274841308594,17.299999999999997,68.01282501220703,17.380000000000003,77.79756164550781
18.22,92.380615234375,17.580000000000002,136.6536407470703,17.78,102.6947784423828,17.310000000000002,65.13518524169922,17.39,77.95661926269531
18.23,93.00603485107422,17.59,134.6027069091797,17.79,102.8437957763672,17.32,61.84672546386719,17.400000000000002,78.2200698852539
18.24,93.6640625,17.6,132.44737243652344,17.800000000000004,102.9965362548828,17.33,58.139122009277344,17.41,78.52581787109375
18.25,94.2461166381836,17.61,130.14198303222656,17.810000000000002,103.15961456298828,17.340000000000003,53.8852767944336,17.42,78.85095977783203
18.26,94.7447738647461,17.62,127.62957763671876,17.82,103.3202896118164,17.35,49.14725875854492,17.43,79.16654205322266
18.27,95.1673812866211,17.630000000000003,124.92253112792967,17.83,103.4750747680664,17.36,43.923152923583984,17.44,79.45157623291016
18.28,95.61851501464844,17.64,122.0299301147461,17.840000000000003,103.60857391357422,17.369999999999997,38.543067932128906,17.450000000000003,79.68767547607422
18.29,96.13190460205078,17.650000000000002,118.91556549072266,17.85,103.67339324951172,17.380000000000003,33.08832931518555,17.46,79.86404418945312
18.3,96.70602416992188,17.66,115.66393280029295,17.86,103.6514663696289,17.39,27.53914833068848,17.470000000000002,79.95935821533203
18.31,97.29190826416016,17.67,112.3077621459961,17.869999999999997,103.50057220458984,17.4,22.06559944152832,17.48,80.00955200195312
18.32,97.82567596435548,17.68,108.89523315429688,17.880000000000003,103.07330322265624,17.409999999999997,16.94348907470703,17.490000000000002,80.04898071289062
18.33,98.2689208984375,17.69,105.43184661865234,17.89,102.20985412597656,17.42,12.643207550048828,17.5,80.10945129394531
18.34,98.61441040039062,17.700000000000003,101.95541381835938,17.9,100.91510009765624,17.43,9.829907417297363,17.51,80.19789123535156
18.35,98.8155288696289,17.71,98.51121520996094,17.910000000000004,99.4201431274414,17.439999999999998,8.679006576538086,17.52,80.278564453125
18.36,98.9276351928711,17.720000000000002,95.1236343383789,17.92,97.84716796875,17.450000000000003,8.677703857421875,17.53,80.35517120361328
18.37,98.97154235839844,17.73,91.86316680908205,17.93,96.15870666503906,17.46,10.104835510253906,17.540000000000003,80.414306640625
18.38,98.97872924804688,17.740000000000002,88.77517700195312,17.939999999999998,94.33991241455078,17.47,12.467528343200684,17.55,80.46542358398438
18.39,98.9993896484375,17.75,85.78572845458984,17.950000000000003,92.53765869140624,17.479999999999997,15.092638969421388,17.560000000000002,80.5483169555664
18.4,98.8795166015625,17.76,82.77689361572266,17.96,90.79840850830078,17.490000000000002,17.732547760009766,17.57,80.64740753173828
18.41,98.62940979003906,17.77,79.83887481689453,17.97,89.08969116210938,17.5,20.26683235168457,17.580000000000002,80.76718139648438
18.42,98.27466583251952,17.78,77.15027618408203,17.980000000000004,87.34693145751953,17.509999999999998,22.72525978088379,17.59,80.91522979736328
18.43,97.78196716308594,17.790000000000003,74.66966247558594,17.990000000000002,85.67033386230469,17.520000000000003,25.229394912719727,17.6,81.0927734375
18.44,97.1008758544922,17.8,72.69749450683594,18.0,84.36161804199219,17.53,27.87273406982422,17.61,81.29948425292969
18.45,96.1888656616211,17.810000000000002,71.34719848632812,18.009999999999998,83.40499114990234,17.54,30.70330047607422,17.62,81.52571105957031
18.46,95.0904312133789,17.82,70.45353698730469,18.020000000000003,82.43205261230469,17.549999999999997,33.77699279785156,17.630000000000003,81.75253295898438
18.47,93.84282684326172,17.830000000000002,70.15361785888672,18.03,80.9933853149414,17.560000000000002,37.07102584838867,17.64,81.96623992919922
18.48,92.3761749267578,17.84,70.53215789794922,18.04,79.30421447753906,17.57,40.58055114746094,17.650000000000002,82.12501525878906
18.49,90.72086334228516,17.85,71.59774017333984,18.050000000000004,77.63381958007812,17.58,44.26986312866211,17.66,82.26339721679688
18.5,88.98212432861328,17.86,73.03987884521484,18.06,76.12237548828125,17.590000000000003,48.07045364379883,17.67,82.42093658447266
18.51,87.385498046875,17.87,74.93257904052734,18.07,74.69670104980469,17.6,51.9131088256836,17.68,82.64203643798828
18.52,86.04933166503906,17.880000000000003,76.87017822265625,18.08,73.17342376708984,17.61,55.70525741577149,17.69,82.98175048828125
18.53,84.9437255859375,17.89,77.58644104003906,18.090000000000003,71.51311492919922,17.619999999999997,59.38706588745117,17.700000000000003,83.38104248046875
18.54,83.95532989501953,17.900000000000002,77.89665985107422,18.1,69.73609924316406,17.630000000000003,62.966644287109375,17.71,83.70063018798828
18.55,82.90353393554688,17.91,78.6641616821289,18.11,67.97643280029297,17.64,66.50234985351562,17.720000000000002,83.79071807861328
18.56,81.69745635986328,17.92,79.99267578125,18.12,66.37645721435547,17.65,70.06184387207031,17.73,83.76412200927734
18.57,80.38751220703125,17.93,81.63092041015625,18.130000000000003,64.99651336669922,17.659999999999997,73.6802749633789,17.740000000000002,83.75798034667969
18.58,79.05042266845703,17.94,83.56783294677734,18.14,63.890567779541016,17.67,77.31968688964844,17.75,83.82630157470703
18.59,77.7130355834961,17.950000000000003,85.62904357910156,18.15,63.06626129150391,17.68,80.94921875,17.76,83.88786315917969
18.6,76.38044738769531,17.96,87.00102233886719,18.160000000000004,62.49913024902344,17.689999999999998,84.55006408691406,17.77,83.8825912475586
18.61,75.07176208496094,17.970000000000002,87.5858383178711,18.17,62.09931182861328,17.700000000000003,88.11345672607422,17.78,83.86859130859375
18.62,73.78624725341797,17.98,87.96794128417969,18.18,61.72750854492188,17.71,91.63797760009766,17.790000000000003,83.86253356933594
18.63,72.53307342529297,17.990000000000002,88.53770446777344,18.19,61.30662536621094,17.72,95.0888671875,17.8,83.82508850097656
18.64,71.33931732177734,18.0,89.46338653564453,18.200000000000003,60.82893753051758,17.729999999999997,98.41317749023438,17.810000000000002,83.59575653076172
18.65,70.24254608154297,18.01,90.53923034667967,18.21,60.26360321044922,17.740000000000002,101.57530212402344,17.82,83.1043701171875
18.66,69.26451110839844,18.02,91.25987243652344,18.22,59.63064956665039,17.75,104.5040283203125,17.830000000000002,82.65989685058594
18.67,68.3725357055664,18.03,91.72055053710938,18.230000000000004,59.00859069824219,17.759999999999998,107.17384338378906,17.84,82.46052551269531
18.68,67.59657287597656,18.040000000000003,92.30057525634766,18.24,58.56417846679688,17.770000000000003,109.49917602539062,17.85,82.6309814453125
18.69,66.89009857177734,18.05,93.0941390991211,18.25,58.425270080566406,17.78,111.42153930664062,17.86,83.02686309814453
18.7,66.19847869873047,18.06,93.87068176269533,18.26,58.78667831420898,17.79,112.6527862548828,17.87,83.23664855957031
18.71,65.42341613769531,18.07,94.50867462158205,18.270000000000003,59.65093612670898,17.799999999999997,113.22669219970705,17.880000000000003,83.11290740966797
18.72,64.53721618652344,18.08,95.09608459472656,18.28,61.20140075683594,17.810000000000002,112.09915924072266,17.89,82.81715393066406
18.73,63.588191986083984,18.09,95.7186279296875,18.29,63.41489410400391,17.82,109.50309753417967,17.900000000000002,82.67317962646484
18.74,62.61185073852539,18.1,96.40292358398438,18.300000000000004,66.02662658691406,17.83,105.82369995117188,17.91,82.72801208496094
18.75,61.66300582885742,18.11,97.0352020263672,18.31,68.52754211425781,17.840000000000003,102.40525817871094,17.92,82.72403717041016
18.76,60.83227157592773,18.12,97.4834976196289,18.32,70.32780456542969,17.85,98.64730834960938,17.93,82.51326751708984
18.77,60.18235778808594,18.130000000000003,97.82347106933594,18.33,70.52794647216797,17.86,94.5954818725586,17.94,82.1871109008789
18.78,59.86109161376953,18.14,98.14483642578124,18.340000000000003,68.91414642333984,17.869999999999997,91.59416198730467,17.950000000000003,81.90599060058594
18.79,59.85692596435547,18.15,98.46392822265624,18.35,66.80829620361328,17.880000000000003,89.6497573852539,17.96,81.74169158935547
18.8,60.10006713867188,18.16,98.81549835205078,18.36,65.37027740478516,17.89,88.41867065429688,17.970000000000002,81.69823455810547
18.81,60.57846832275391,18.17,99.25173950195312,18.37,64.60155487060547,17.9,87.61182403564453,17.98,81.72896575927734
18.82,61.234466552734375,18.18,99.7704849243164,18.380000000000003,64.25330352783203,17.909999999999997,86.79891967773438,17.990000000000002,81.86528015136719
18.83,62.13800430297852,18.19,100.2977066040039,18.39,63.95903396606445,17.92,85.89603424072266,18.0,82.07582092285156
18.84,63.26054763793945,18.200000000000003,100.80438995361328,18.4,63.89653396606445,17.93,85.26558685302734,18.01,82.24967956542969
18.85,64.49466705322266,18.21,101.32740020751952,18.410000000000004,64.23905944824219,17.939999999999998,85.066162109375,18.02,82.28669738769531
18.86,65.77376556396484,18.22,101.88482666015624,18.42,65.0895004272461,17.950000000000003,84.9373779296875,18.03,82.15678405761719
18.87,66.49229431152344,18.23,102.44886016845705,18.43,66.20964050292969,17.96,84.82747650146484,18.040000000000003,81.88534545898438
18.88,66.0416030883789,18.24,103.03013610839844,18.44,67.05901336669922,17.97,84.76364135742188,18.05,81.6200942993164
18.89,64.80052947998047,18.25,103.67195892333984,18.450000000000003,67.17578887939453,17.979999999999997,84.71177673339844,18.06,81.46351623535156
18.9,63.75724411010742,18.26,104.40031433105467,18.46,67.22577667236328,17.990000000000002,84.67754364013672,18.07,81.41177368164062
18.91,63.18604278564453,18.27,105.21241760253906,18.47,67.33981323242188,18.0,84.6491470336914,18.08,81.28419494628906
18.92,63.02188491821289,18.28,106.0721206665039,18.480000000000004,67.00975036621094,18.009999999999998,84.60098266601562,18.09,81.16271209716797
18.93,63.11788558959961,18.290000000000003,106.96005249023438,18.49,66.30654907226562,18.020000000000003,84.54008483886719,18.1,81.1476058959961
18.94,63.419212341308594,18.3,107.83940887451172,18.5,65.82903289794922,18.03,84.4706802368164,18.11,81.19223022460938
18.95,63.86523818969727,18.31,108.71664428710938,18.51,65.66015625,18.04,84.40316772460938,18.12,81.22921752929688
18.96,64.58634185791016,18.32,109.6343765258789,18.520000000000003,65.957275390625,18.05,84.34264373779297,18.130000000000003,81.2280044555664
18.97,65.28424835205078,18.33,110.6038818359375,18.53,67.03683471679688,18.06,84.28597259521484,18.14,81.15325164794922
18.98,65.59712982177734,18.34,111.60596466064452,18.54,68.59158325195312,18.07,84.23200988769531,18.15,81.02332305908203
18.99,65.70789337158203,18.35,112.6367416381836,18.550000000000004,69.83566284179688,18.08,84.18023681640625,18.16,80.91831970214844
19.0,65.78571319580078,18.36,113.71395874023438,18.56,70.84111022949219,18.090000000000003,84.12934875488281,18.17,80.83380126953125
19.01,65.70198059082031,18.37,114.82750701904295,18.57,71.94144439697266,18.1,84.07733917236328,18.18,80.74763488769531
19.02,65.10065460205078,18.380000000000003,115.96485900878906,18.58,73.14379119873047,18.11,84.01959228515625,18.19,80.64753723144531
19.03,64.11210632324219,18.39,117.12416076660156,18.590000000000003,74.39754486083984,18.12,83.96118927001953,18.200000000000003,80.53148651123047
19.04,63.12042999267578,18.4,118.32613372802734,18.6,75.57933044433594,18.130000000000003,83.9056396484375,18.21,80.4295425415039
19.05,62.58599853515625,18.41,119.57010650634766,18.61,76.66547393798828,18.14,83.85304260253906,18.22,80.38860321044922
19.06,63.047630310058594,18.42,120.86830139160156,18.62,77.72421264648438,18.15,83.80397033691406,18.23,80.39346313476562
19.07,64.32933044433594,18.43,122.24727630615234,18.630000000000003,78.7859878540039,18.16,83.75801086425781,18.24,80.45840454101562
19.08,65.93331909179688,18.44,123.77252960205078,18.64,79.90872192382812,18.17,83.71710205078125,18.25,80.58229064941406
19.09,67.55735778808594,18.450000000000003,125.43126678466795,18.65,81.1767578125,18.18,83.67295837402344,18.26,80.739013671875
19.1,68.7909927368164,18.46,127.17403411865234,18.660000000000004,82.60420989990234,18.19,83.6216812133789,18.27,80.85761260986328
19.11,69.3255386352539,18.47,128.91429138183594,18.67,84.03490447998047,18.200000000000003,83.55714416503906,18.28,80.8608169555664
19.12,70.0146255493164,18.48,130.5852508544922,18.68,85.40230560302734,18.21,83.48773956298828,18.290000000000003,80.6667251586914
19.13,70.95396423339844,18.49,132.2453155517578,18.69,86.70704650878906,18.22,83.41156768798828,18.3,80.33363342285156
19.14,71.822265625,18.5,133.94984436035156,18.700000000000003,87.94890594482422,18.23,83.33012390136719,18.31,79.98966979980469
19.15,72.62818145751953,18.51,135.59490966796875,18.71,89.16297912597656,18.24,83.24009704589844,18.32,79.81828308105469
19.16,73.39686584472656,18.52,137.08592224121094,18.72,90.42758178710938,18.25,83.14144134521484,18.33,79.79683685302734
19.17,74.15377807617188,18.53,138.43016052246094,18.730000000000004,91.7809066772461,18.26,83.0335922241211,18.34,79.89720916748047
19.18,74.97946166992188,18.540000000000003,139.55355834960938,18.74,93.08253479003906,18.270000000000003,82.92302703857422,18.35,80.01575469970703
19.19,75.97137451171875,18.55,140.57289123535156,18.75,94.1399383544922,18.28,82.8024673461914,18.36,79.98826599121094
19.2,77.13636016845703,18.56,141.54930114746094,18.76,95.00160217285156,18.29,82.67515563964844,18.37,79.73799896240234
19.21,78.42666625976562,18.57,142.50936889648438,18.770000000000003,95.75470733642578,18.3,82.53951263427734,18.380000000000003,79.38615417480469
19.22,79.8404312133789,18.58,143.38516235351562,18.78,96.46519470214844,18.31,82.36557006835938,18.39,79.13286590576172
19.23,81.27115631103516,18.59,144.2982635498047,18.79,97.2205047607422,18.32,82.15233612060547,18.4,79.0763168334961
19.24,82.63188934326172,18.6,144.90347290039062,18.800000000000004,97.9454574584961,18.33,81.91206359863281,18.41,79.23980712890625
19.25,83.8924560546875,18.61,145.26963806152344,18.81,98.60543060302734,18.340000000000003,81.61982727050781,18.42,79.51262664794922
19.26,85.0724105834961,18.62,145.36647033691406,18.82,99.2854461669922,18.35,81.17573547363281,18.43,79.71829223632812
19.27,86.19261169433594,18.630000000000003,145.17738342285156,18.83,100.0325927734375,18.36,80.54710388183594,18.44,79.90111541748047
19.28,87.25733184814453,18.64,144.815185546875,18.840000000000003,100.7499542236328,18.37,79.65449523925781,18.450000000000003,80.1036605834961
19.29,88.31344604492188,18.65,144.35604858398438,18.85,101.3064422607422,18.380000000000003,78.53323364257812,18.46,80.35709381103516
19.3,89.40438079833984,18.66,143.6634063720703,18.86,101.68486785888672,18.39,77.11444854736328,18.47,80.6889419555664
19.31,90.44644165039062,18.67,142.53952026367188,18.870000000000005,101.8998565673828,18.4,75.43193817138672,18.48,81.01258087158203
19.32,91.2920150756836,18.68,141.03158569335938,18.880000000000003,102.0710678100586,18.41,73.49510192871094,18.49,81.24337768554688
19.33,91.96381378173828,18.69,139.22335815429688,18.89,102.23786163330078,18.42,71.27394104003906,18.5,81.40711212158203
19.34,92.53526306152344,18.700000000000003,137.23977661132812,18.9,102.39337158203124,18.43,68.7281494140625,18.51,81.5287857055664
19.35,93.05567932128906,18.71,135.07363891601562,18.910000000000004,102.52539825439452,18.44,65.78860473632812,18.52,81.59818267822266
19.36,93.59261322021484,18.72,132.8503875732422,18.92,102.7231674194336,18.450000000000003,62.43079376220703,18.53,81.65939331054688
19.37,94.20413208007812,18.73,130.6168212890625,18.93,102.97185516357422,18.46,58.52864074707031,18.540000000000003,81.76808166503906
19.38,94.8671417236328,18.74,128.32325744628906,18.94,103.21897888183594,18.47,54.08699035644531,18.55,81.93424224853516
19.39,95.57666778564452,18.75,125.83745574951172,18.950000000000003,103.42736053466795,18.48,49.02342224121094,18.56,82.11566162109375
19.4,96.37468719482422,18.76,123.1365966796875,18.96,103.61056518554688,18.49,43.49288558959961,18.57,82.28492736816406
19.41,97.13385772705078,18.77,120.25740051269533,18.97,103.7831039428711,18.5,37.69449996948242,18.58,82.43187713623047
19.42,97.78219604492188,18.78,117.18312072753906,18.980000000000004,103.894287109375,18.51,31.88197898864746,18.59,82.58888244628906
19.43,98.29963684082033,18.790000000000003,113.949951171875,18.99,103.809326171875,18.520000000000003,25.90290641784668,18.6,82.7619857788086
19.44,98.72728729248048,18.8,110.59806060791016,19.0,103.4063491821289,18.53,19.909652709960938,18.61,82.93699645996094
19.45,99.05780792236328,18.81,107.24302673339844,19.01,102.52689361572266,18.54,14.35355281829834,18.62,83.12731170654297
19.46,99.28516387939452,18.82,103.85255432128906,19.020000000000003,101.30640411376952,18.55,9.32466983795166,18.630000000000003,83.36763000488281
19.47,99.45574188232422,18.83,100.32059478759766,19.03,99.8977508544922,18.56,5.524980545043945,18.64,83.64938354492188
19.48,99.6098403930664,18.84,96.68313598632812,19.04,98.35652160644533,18.57,3.686722993850708,18.65,83.89934539794922
19.49,99.76737213134766,18.85,93.14022827148438,19.050000000000004,96.6736831665039,18.58,3.481006622314453,18.66,84.08808135986328
19.5,99.96449279785156,18.860000000000003,89.88030242919922,19.06,94.85347747802734,18.590000000000003,4.942472457885742,18.67,84.24945068359375
19.51,100.16471099853516,18.87,86.94830322265625,19.07,92.94263458251952,18.6,7.672578811645508,18.68,84.37216186523438
19.52,100.33682250976562,18.880000000000003,84.14071655273438,19.08,90.97692108154295,18.61,10.979317665100098,18.69,84.4937744140625
19.53,100.37718963623048,18.89,81.30825805664062,19.090000000000003,89.16848754882812,18.62,14.472005844116213,18.700000000000003,84.66450500488281
19.54,100.2700653076172,18.9,78.52628326416016,19.1,87.33261108398438,18.630000000000003,17.924198150634766,18.71,84.86565399169922
19.55,99.92281341552734,18.91,75.95274353027344,19.11,85.67218017578125,18.64,21.20888328552246,18.72,85.0339584350586
19.56,99.24822998046876,18.92,73.76761627197266,19.120000000000005,84.4600830078125,18.65,24.308088302612305,18.73,85.1722183227539
19.57,98.26228332519533,18.93,72.13831329345703,19.130000000000003,83.46324157714844,18.66,27.382707595825195,18.74,85.29519653320312
19.58,97.03177642822266,18.94,71.0143051147461,19.14,82.3672103881836,18.67,30.578563690185547,18.75,85.39737701416016
19.59,95.71573638916016,18.950000000000003,70.6333236694336,19.15,80.83450317382812,18.68,33.974117279052734,18.76,85.44965362548828
19.6,94.3384246826172,18.96,71.07317352294922,19.160000000000004,79.14855194091797,18.69,37.60122680664063,18.77,85.49864196777344
19.61,92.86168670654295,18.97,72.08016204833984,19.17,77.56008911132812,18.700000000000003,41.3748664855957,18.78,85.58816528320312
19.62,91.26659393310548,18.98,73.50492858886719,19.18,76.1080322265625,18.71,45.22819519042969,18.790000000000003,85.73078155517578
19.63,89.5313720703125,18.99,75.26290130615234,19.19,74.59868621826172,18.72,49.1103630065918,18.8,85.8950424194336
19.64,87.72227478027344,19.0,77.35516357421875,19.200000000000003,72.84619903564453,18.73,52.98378372192383,18.81,86.05884552001953
19.65,86.13616943359375,19.01,78.99037170410156,19.21,70.96875,18.74,56.82802963256836,18.82,86.2449722290039
19.66,84.89974212646484,19.02,79.07624816894531,19.22,69.12582397460938,18.75,60.61811828613281,18.83,86.44921112060547
19.67,83.88761901855469,19.03,78.45258331298828,19.230000000000004,67.41389465332031,18.76,64.32173919677734,18.84,86.5697250366211
19.68,83.02914428710938,19.040000000000003,78.66532135009766,19.24,65.9644546508789,18.770000000000003,67.95076751708984,18.85,86.61001586914062
19.69,82.17377471923828,19.05,79.6939697265625,19.25,64.8287582397461,18.78,71.51399230957031,18.86,86.6299057006836
19.7,81.19414520263672,19.06,81.24703979492188,19.26,64.00690460205078,18.79,75.07318115234375,18.87,86.67167663574219
19.71,79.99918365478516,19.07,83.21026611328125,19.270000000000003,63.54061126708984,18.8,78.67160034179688,18.880000000000003,86.72352600097656
19.72,78.69078826904297,19.08,85.32057189941406,19.28,63.29817199707031,18.81,82.31255340576172,18.89,86.7618408203125
19.73,77.37275695800781,19.09,87.12129974365234,19.29,63.12498092651367,18.82,85.99407196044922,18.9,86.80781555175781
19.74,76.10277557373047,19.1,88.39086151123047,19.300000000000004,62.85280990600586,18.83,89.72359466552734,18.91,86.87080383300781
19.75,74.85289764404297,19.110000000000003,89.05992126464844,19.31,62.412017822265625,18.840000000000003,93.47322082519533,18.92,86.94615173339844
19.76,73.57571411132812,19.12,89.62257385253906,19.32,61.80824279785156,18.85,97.15642547607422,18.93,86.9410171508789
19.77,72.3077392578125,19.130000000000003,90.4175033569336,19.33,61.12928009033203,18.86,100.63294982910156,18.94,86.63925170898438
19.78,71.12969207763672,19.14,91.33477020263672,19.340000000000003,60.41831207275391,18.87,103.74761962890624,18.950000000000003,86.05289459228516
19.79,70.08568572998047,19.15,92.20891571044922,19.35,59.77568817138672,18.880000000000003,106.43289947509766,18.96,85.53279113769531
19.8,69.19915771484375,19.16,92.98419189453124,19.36,59.29695510864258,18.89,108.67172241210938,18.97,85.36209106445312
19.81,68.4749755859375,19.17,93.69072723388672,19.370000000000005,59.019161224365234,18.9,110.5152587890625,18.98,85.43299102783203
19.82,67.88602447509766,19.18,94.44801330566406,19.380000000000003,59.03297424316406,18.91,111.80958557128906,18.99,85.52783966064453
19.83,67.35133361816406,19.19,95.2592544555664,19.39,59.55686950683594,18.92,112.55159759521484,19.0,85.52212524414062
19.84,66.80609130859375,19.200000000000003,96.085205078125,19.4,60.74944686889648,18.93,112.5339126586914,19.01,85.43069458007812
19.85,66.12567901611328,19.21,96.8687973022461,19.410000000000004,62.73859786987305,18.94,111.9050521850586,19.02,85.39442443847656
19.86,65.27633666992188,19.22,97.5456314086914,19.42,65.32038879394531,18.950000000000003,108.9345245361328,19.03,85.44366455078125
19.87,64.34647369384766,19.23,98.2026138305664,19.43,68.06607818603516,18.96,106.27120971679688,19.040000000000003,85.50052642822266
19.880000000000003,63.36596298217773,19.24,98.9106903076172,19.44,69.95556640625,18.97,103.34220123291016,19.05,85.5001220703125
19.89,62.40616607666016,19.25,99.5511703491211,19.450000000000003,70.05989837646484,18.98,99.68878936767578,19.06,85.41857147216797
19.9,61.53888702392578,19.26,100.02621459960938,19.46,68.51558685302734,18.99,95.72468566894533,19.07,85.24993896484375
19.91,60.85795211791992,19.27,100.3768539428711,19.47,66.51834869384766,19.0,92.23013305664062,19.08,85.04075622558594
19.92,60.39860153198242,19.28,100.66009521484376,19.480000000000004,64.86874389648438,19.01,89.5430908203125,19.09,84.86431884765625
19.93,60.16837692260742,19.290000000000003,100.94168090820312,19.49,63.66731643676758,19.020000000000003,87.74800109863281,19.1,84.74253845214844
19.94,60.28056716918945,19.3,101.2559814453125,19.5,63.221527099609375,19.03,86.55671691894531,19.110000000000003,84.6744384765625
19.950000000000003,60.71223831176758,19.31,101.64818572998048,19.51,63.17415618896485,19.04,85.72175598144531,19.12,84.71971893310547
19.96,61.44828414916992,19.32,102.05667877197266,19.520000000000003,63.52070617675781,19.05,84.97052001953125,19.130000000000003,84.82633972167969
19.97,62.34465026855469,19.33,102.44005584716795,19.53,64.27532958984375,19.06,84.35346984863281,19.14,84.8642349243164
19.98,63.24307632446289,19.34,102.85787200927734,19.54,65.3174057006836,19.07,83.9994888305664,19.15,84.8163833618164
19.99,64.17762756347656,19.35,103.3307876586914,19.550000000000004,66.18608856201172,19.08,83.8046646118164,19.16,84.72135925292969
20.0,65.25757598876953,19.360000000000003,103.82174682617188,19.56,66.2568359375,19.090000000000003,83.64181518554688,19.17,84.63577270507812
20.01,66.36695861816406,19.37,104.32192993164062,19.57,66.0636978149414,19.1,83.52932739257812,19.18,84.60994720458984
20.020000000000003,67.0192642211914,19.380000000000003,104.84845733642578,19.58,66.012939453125,19.11,83.43303680419922,19.19,84.66179656982422
20.03,66.91565704345703,19.39,105.43135833740234,19.590000000000003,66.11112976074219,19.12,83.33995056152344,19.200000000000003,84.76284790039062
20.04,66.35860443115234,19.4,106.12150573730467,19.6,66.17607879638672,19.130000000000003,83.24990844726562,19.21,84.9217758178711
20.05,65.90935516357422,19.41,106.90354919433594,19.61,65.85447692871094,19.14,83.15819549560547,19.22,84.9560775756836
20.06,65.7094497680664,19.42,107.72630310058594,19.620000000000005,65.30635070800781,19.15,83.0594482421875,19.23,84.9217758178711
20.07,65.56742095947266,19.43,108.54742431640624,19.630000000000003,64.909912109375,19.16,82.96063232421875,19.24,84.93865966796875
20.08,65.35647583007812,19.44,109.38040924072266,19.64,64.9964828491211,19.17,82.8646011352539,19.25,84.98554992675781
20.09,65.1579818725586,19.450000000000003,110.21878051757812,19.65,65.79668426513672,19.18,82.7879409790039,19.26,85.00452423095703
20.1,65.0439224243164,19.46,111.05934143066406,19.660000000000004,67.52852630615234,19.19,82.70794677734375,19.27,84.97631072998047
20.11,65.13799285888672,19.47,111.8900375366211,19.67,69.78933715820312,19.200000000000003,82.65010833740234,19.28,84.9449462890625
20.12,65.5989990234375,19.48,112.7518539428711,19.68,71.68275451660156,19.21,82.60633087158203,19.290000000000003,84.86918640136719
20.130000000000003,66.06005859375,19.49,113.68849182128906,19.69,72.91197204589844,19.22,82.57403564453125,19.3,84.75318145751953
20.14,65.94035339355469,19.5,114.6769561767578,19.700000000000003,73.77356719970703,19.23,82.54678344726562,19.31,84.59378051757812
20.15,65.6731185913086,19.51,115.7287139892578,19.71,74.39659881591797,19.24,82.51629638671875,19.32,84.40080261230469
20.16,65.40939331054688,19.52,116.83723449707033,19.72,75.0237808227539,19.25,82.4786148071289,19.33,84.19886779785156
20.17,64.65119934082031,19.53,117.9865264892578,19.730000000000004,75.79309844970703,19.26,82.43607330322266,19.34,83.99319458007812
20.18,63.45328903198242,19.540000000000003,119.16079711914062,19.74,76.65660858154297,19.270000000000003,82.38973999023438,19.35,83.80087280273438
20.19,62.418575286865234,19.55,120.37859344482422,19.75,77.46772003173828,19.28,82.34403991699219,19.360000000000003,83.6365737915039
20.200000000000003,61.98312377929688,19.56,121.6500473022461,19.76,78.21627044677734,19.29,82.3017349243164,19.37,83.50350952148438
20.21,62.3524055480957,19.57,122.98558044433594,19.770000000000003,79.02461242675781,19.3,82.26114654541016,19.380000000000003,83.46456909179688
20.22,63.6396369934082,19.58,124.41345977783205,19.78,80.00410461425781,19.31,82.2176284790039,19.39,83.58140563964844
20.23,65.12965393066406,19.59,125.98389434814452,19.79,81.17042541503906,19.32,82.17174530029297,19.4,83.73026275634766
20.24,66.4171142578125,19.6,127.69994354248048,19.800000000000004,82.50653839111328,19.33,82.12094116210938,19.41,83.75365447998047
20.25,67.3975601196289,19.610000000000003,129.4261016845703,19.81,84.003662109375,19.340000000000003,82.0624771118164,19.42,83.59078216552734
20.26,67.89810180664062,19.62,131.17340087890625,19.82,85.55438232421875,19.35,81.99861907958984,19.43,83.34527587890625
20.270000000000003,68.53954315185547,19.630000000000003,132.91026306152344,19.83,86.9619369506836,19.36,81.92398071289062,19.44,83.13677215576172
20.28,69.37670135498047,19.64,134.62191772460938,19.840000000000003,88.08973693847656,19.37,81.84510803222656,19.450000000000003,83.02105712890625
20.29,70.19168853759766,19.65,136.27931213378906,19.85,88.94266510009766,19.380000000000003,81.7597885131836,19.46,83.0134506225586
20.3,70.98040008544922,19.66,137.84103393554688,19.86,89.780029296875,19.39,81.65925598144531,19.47,83.06501007080078
20.31,71.72648620605469,19.67,139.13278198242188,19.870000000000005,90.74714660644533,19.4,81.54581451416016,19.48,83.05313110351562
20.32,72.44632720947266,19.68,140.22280883789062,19.880000000000003,91.74849700927734,19.41,81.42121124267578,19.49,82.77301788330078
20.33,73.2296142578125,19.69,141.17462158203125,19.89,92.68531036376952,19.42,81.29849243164062,19.5,82.2149429321289
20.34,74.19035339355469,19.700000000000003,142.10394287109375,19.9,93.52647399902344,19.43,81.17940521240234,19.51,81.54576873779297
20.35,75.36378479003906,19.71,143.0088348388672,19.91,94.30948638916016,19.44,81.05184173583984,19.52,80.98638916015625
20.36,76.6275863647461,19.72,144.1014862060547,19.92,95.0606918334961,19.450000000000003,80.8705825805664,19.53,80.76609802246094
20.37,77.89937591552734,19.73,144.7388916015625,19.93,95.77767944335938,19.46,80.6544189453125,19.540000000000003,80.91299438476562
20.380000000000003,79.0705795288086,19.74,145.00233459472656,19.94,96.42735290527344,19.47,80.33139038085938,19.55,81.15879821777344
20.39,80.04339599609375,19.75,145.05662536621094,19.95,97.01698303222656,19.48,79.9012680053711,19.56,81.3120346069336
20.4,80.70830535888672,19.76,144.873046875,19.96,97.5943832397461,19.49,79.33394622802734,19.57,81.368896484375
20.41,81.16349029541016,19.77,144.47097778320312,19.97,98.28314971923828,19.5,78.61009216308594,19.58,81.40938568115234
20.42,81.57405853271484,19.78,144.00613403320312,19.98,99.09259796142578,19.51,77.60095977783203,19.59,81.47461700439453
20.43,81.96109008789062,19.790000000000003,143.455322265625,19.99,99.89429473876952,19.520000000000003,76.38492584228516,19.6,81.55028533935547
20.44,82.3696060180664,19.8,142.62347412109375,20.0,100.5389175415039,19.53,74.96048736572266,19.610000000000003,81.57950592041016
20.450000000000003,82.7661361694336,19.81,141.4573516845703,20.01,100.98494720458984,19.54,73.30972290039062,19.62,81.46227264404297
20.46,83.11241912841797,19.82,139.95309448242188,20.02,101.30331420898438,19.55,71.39619445800781,19.630000000000003,81.25645446777344
20.47,83.4033203125,19.83,138.3025360107422,20.03,101.58432006835938,19.56,69.1507339477539,19.64,81.06951141357422
20.48,83.6309585571289,19.84,136.58001708984375,20.04,101.82625579833984,19.57,66.52298736572266,19.65,80.99195861816406
20.49,83.89060974121094,19.85,134.82603454589844,20.05,102.03763580322266,19.58,63.44660568237305,19.66,81.0495834350586
20.5,84.21766662597656,19.860000000000003,133.03060913085938,20.06,102.22164154052734,19.590000000000003,59.8823471069336,19.67,81.25264739990234
20.51,84.580322265625,19.87,131.1990509033203,20.07,102.40262603759766,19.6,55.72272872924805,19.68,81.55428314208984
20.520000000000003,84.93069458007812,19.880000000000003,129.2198028564453,20.08,102.51813507080078,19.61,50.97856140136719,19.69,81.92135620117188
20.53,85.20618438720703,19.89,126.88966369628906,20.09,102.58799743652344,19.62,45.69807052612305,19.700000000000003,82.3053207397461
20.54,85.36587524414062,19.9,124.23973846435548,20.1,102.66950225830078,19.630000000000003,40.15073776245117,19.71,82.65059661865234
20.55,85.42670440673828,19.910000000000004,121.35816955566406,20.11,102.7762451171875,19.64,34.60382461547852,19.72,82.91461181640625
20.56,85.4512939453125,19.92,118.361328125,20.12,102.86979675292967,19.65,29.05986785888672,19.73,83.12206268310547
20.57,85.49322509765625,19.93,115.28316497802734,20.130000000000003,102.91226196289062,19.66,23.496627807617188,19.74,83.27008056640625
20.58,85.60064697265625,19.94,112.13240814208984,20.14,102.8640365600586,19.67,18.06707572937012,19.75,83.38489532470703
20.59,85.74687194824219,19.950000000000003,108.8987045288086,20.15,102.5113525390625,19.68,13.1768159866333,19.76,83.50198364257812
20.6,85.94412231445312,19.96,105.60807037353516,20.16,101.8088607788086,19.69,9.255331039428713,19.77,83.585205078125
20.61,86.17008972167969,19.97,102.30052185058594,20.17,100.79473876953124,19.700000000000003,6.747346878051758,19.78,83.6397705078125
20.62,86.43151092529297,19.980000000000004,99.04254150390624,20.18,99.4668426513672,19.71,5.637420654296875,19.790000000000003,83.68643188476562
20.630000000000003,86.72036743164062,19.99,95.92037200927734,20.19,97.9252700805664,19.72,5.826831817626953,19.8,83.7242431640625
20.64,86.9840087890625,20.0,92.9436492919922,20.2,96.24934387207033,19.73,7.511466979980469,19.81,83.76640319824219
20.65,87.16566467285156,20.01,90.02276611328125,20.21,94.49553680419922,19.74,9.926801681518556,19.82,83.81532287597656
20.66,87.26676940917969,20.020000000000003,87.11897277832031,20.22,92.56980895996094,19.75,12.737961769104004,19.83,83.87203979492188
20.67,87.28072357177734,20.03,84.2391128540039,20.23,90.58171081542967,19.76,15.677631378173828,19.84,83.95189666748047
20.68,87.19206237792969,20.04,81.42747497558594,20.24,88.87483978271484,19.770000000000003,18.66102600097656,19.85,84.05718231201172
20.69,87.02227783203125,20.050000000000004,78.66027069091797,20.25,87.30792999267578,19.78,21.60611915588379,19.860000000000003,84.20453643798828
20.700000000000003,86.8106689453125,20.06,76.06938934326172,20.26,85.85078430175781,19.79,24.525341033935547,19.87,84.38353729248047
20.71,86.59956359863281,20.07,73.84770965576172,20.27,84.63874053955078,19.8,27.459592819213867,19.880000000000003,84.57367706298828
20.72,86.3700180053711,20.08,72.05046081542969,20.28,83.67135620117188,19.81,30.491273880004883,19.89,84.76343536376953
20.73,86.1033935546875,20.090000000000003,70.71284484863281,20.29,82.75857543945312,19.82,33.64850616455078,19.9,84.91450500488281
20.74,85.80060577392578,20.1,69.93535614013672,20.3,81.6727294921875,19.83,36.94627380371094,19.91,85.02779388427734
20.75,85.42611694335938,20.11,69.88906860351562,20.31,80.34336853027344,19.840000000000003,40.33975982666016,19.92,85.11415100097656
20.76,84.95397186279297,20.120000000000005,70.3844223022461,20.32,78.85576629638672,19.85,43.78994369506836,19.93,85.19344329833984
20.770000000000003,84.37181854248047,20.130000000000003,71.4568099975586,20.33,77.36363220214844,19.86,47.290523529052734,19.94,85.31123352050781
20.78,83.73150634765625,20.14,72.89051818847656,20.34,75.8859634399414,19.87,50.83487701416016,19.950000000000003,85.49042510986328
20.79,83.12511444091797,20.15,74.58939361572266,20.35,74.37174987792969,19.880000000000003,54.42505645751953,19.96,85.69950866699219
20.8,82.5669174194336,20.160000000000004,76.10568237304688,20.36,72.76473236083984,19.89,58.02054977416992,19.97,85.94010162353516
20.81,82.0130615234375,20.17,76.48760223388672,20.37,71.1259765625,19.9,61.58465576171875,19.98,86.2078857421875
20.82,81.4553451538086,20.18,76.36939239501953,20.380000000000003,69.51823425292969,19.91,65.08641052246094,19.99,86.43988037109375
20.83,80.93640899658203,20.19,76.72315216064453,20.39,68.0587387084961,19.92,68.48814392089844,20.0,86.60821533203125
20.84,80.56583404541016,20.200000000000003,77.68436431884766,20.4,66.82404327392578,19.93,71.81610870361328,20.01,86.7093734741211
20.85,80.32879638671875,20.21,79.22062683105469,20.41,65.87586975097656,19.94,75.09307861328125,20.02,86.716796875
20.86,80.23474884033203,20.22,81.06298828125,20.42,65.19071197509766,19.950000000000003,78.3712158203125,20.03,86.65423583984375
20.87,80.31732177734375,20.230000000000004,83.03251647949219,20.43,64.70777893066406,19.96,81.68682098388672,20.040000000000003,86.55355834960938
20.880000000000003,80.50415802001953,20.24,84.86510467529297,20.44,64.31733703613281,19.97,85.03362274169922,20.05,86.47836303710938
20.89,80.69754791259766,20.25,86.1884994506836,20.45,63.89839172363281,19.98,88.39385986328125,20.06,86.46310424804688
20.9,80.8333969116211,20.26,87.04942321777344,20.46,63.29684829711914,19.99,91.75338745117188,20.07,86.5063705444336
20.91,80.92587280273438,20.270000000000003,87.76683807373047,20.47,62.5385627746582,20.0,95.08218383789062,20.08,86.46590423583984
20.92,80.97017669677734,20.28,88.43254852294922,20.48,61.66953659057617,20.01,98.32941436767578,20.09,86.18911743164062
20.93,80.96212768554688,20.29,89.18706512451172,20.49,60.78803634643555,20.020000000000003,101.47638702392578,20.1,85.90931701660156
20.94,80.91276550292969,20.300000000000004,89.95508575439453,20.5,60.03278350830078,20.03,104.4788818359375,20.110000000000003,85.72474670410156
20.950000000000003,80.8572769165039,20.31,90.51359558105467,20.51,59.5419807434082,20.04,107.1308364868164,20.12,85.50202178955078
20.96,80.80220794677734,20.32,90.99435424804688,20.52,59.33432769775391,20.050000000000004,109.2225341796875,20.130000000000003,85.39009857177734
20.97,80.74349212646484,20.33,91.634765625,20.53,59.44001770019531,20.06,110.802734375,20.14,85.54259490966797
20.98,80.70243072509766,20.340000000000003,92.34493255615234,20.54,59.77603530883789,20.07,111.78176879882812,20.15,85.84956359863281
20.99,80.71128845214844,20.35,92.97244262695312,20.55,60.3453254699707,20.08,112.29331970214844,20.160000000000004,86.138916015625
21.0,80.78469848632812,20.36,93.47984313964844,20.56,61.1398811340332,20.090000000000003,112.1371078491211,20.17,86.30748748779297
21.01,80.90898895263672,20.370000000000005,93.95730590820312,20.57,62.19292449951172,20.1,109.40714263916016,20.18,86.39977264404297
21.020000000000003,81.10208892822266,20.380000000000003,94.48377990722656,20.58,63.57702255249024,20.11,105.6172866821289,20.19,86.47203063964844
21.03,81.32569122314453,20.39,94.98787689208984,20.59,65.21791076660156,20.120000000000005,101.65945434570312,20.200000000000003,86.47463989257812
21.04,81.54487609863281,20.4,95.39582061767578,20.6,66.92131805419922,20.130000000000003,97.80592346191406,20.21,86.37625122070312
21.05,81.80496978759766,20.410000000000004,95.71186065673828,20.61,68.42401885986328,20.14,94.08566284179688,20.22,86.23736572265625
21.06,82.20137023925781,20.42,95.94147491455078,20.62,69.49043273925781,20.15,91.215576171875,20.230000000000004,86.10145568847656
21.07,82.79611206054688,20.43,96.14749908447266,20.630000000000003,70.11817932128906,20.160000000000004,89.27179718017578,20.24,85.93202209472656
21.08,83.49812316894531,20.44,96.39996337890624,20.64,70.4400863647461,20.17,87.94932556152344,20.25,85.76121520996094
21.09,84.2179183959961,20.450000000000003,96.7302703857422,20.65,70.79895782470703,20.18,87.12512969970703,20.26,85.64735412597656
21.1,84.93561553955078,20.46,97.11516571044922,20.66,71.50800323486328,20.190000000000005,86.46395111083984,20.270000000000003,85.60503387451172
21.11,85.64461517333984,20.47,97.47335815429688,20.67,72.70289611816406,20.200000000000003,85.83373260498047,20.28,85.6401138305664
21.12,86.2599105834961,20.480000000000004,97.765380859375,20.68,73.86644744873047,20.21,85.29546356201172,20.29,85.76431274414062
21.130000000000003,86.77445983886719,20.49,98.0465316772461,20.69,74.6567611694336,20.22,84.96468353271484,20.300000000000004,85.9151382446289
21.14,87.28767395019531,20.5,98.40728759765624,20.7,75.28791046142578,20.230000000000004,84.73126220703125,20.31,86.03199768066406
21.15,87.92507934570312,20.51,98.85018157958984,20.71,75.91627502441406,20.24,84.54129028320312,20.32,86.1049575805664
21.16,88.55423736572266,20.520000000000003,99.34489440917967,20.72,76.4721908569336,20.25,84.38788604736328,20.33,86.18061828613281
21.17,89.07737731933594,20.53,99.86734008789062,20.73,76.89059448242188,20.260000000000005,84.2385482788086,20.340000000000003,86.2618179321289
21.18,89.58198547363281,20.54,100.38093566894533,20.74,77.31039428710938,20.270000000000003,84.11199188232422,20.35,86.3191909790039
21.19,90.09800720214844,20.550000000000004,100.85472106933594,20.75,77.98297882080078,20.28,83.99456024169922,20.36,86.37834930419922
21.200000000000003,90.5636215209961,20.56,101.31827545166016,20.76,78.45791625976562,20.29,83.8634262084961,20.370000000000005,86.3939208984375
21.21,91.01190185546876,20.57,101.7939910888672,20.77,77.35795593261719,20.300000000000004,83.74418640136719,20.380000000000003,86.34605407714844
21.22,91.48321533203124,20.58,102.29931640625,20.78,75.59156799316406,20.31,83.63002014160156,20.39,86.30857849121094
21.23,92.03599548339844,20.590000000000003,102.8486328125,20.79,74.44035339355469,20.32,83.52417755126953,20.4,86.27027130126953
21.24,92.65029907226562,20.6,103.43936920166016,20.8,73.9704818725586,20.33,83.42670440673828,20.410000000000004,86.19259643554688
21.25,93.31330871582033,20.61,104.03534698486328,20.81,73.68327331542969,20.340000000000003,83.33748626708984,20.42,86.05317687988281
21.26,93.95450592041016,20.620000000000005,104.6343002319336,20.82,73.41503143310547,20.35,83.25520324707031,20.43,85.85401916503906
21.270000000000003,94.46985626220705,20.630000000000003,105.23143005371094,20.83,73.4519271850586,20.36,83.17794799804688,20.44,85.59483337402344
21.28,94.824951171875,20.64,105.85655975341795,20.84,73.82211303710938,20.370000000000005,83.10340881347656,20.450000000000003,85.29936218261719
21.29,95.003173828125,20.65,106.52197265625,20.85,74.52645874023438,20.380000000000003,83.0272445678711,20.46,85.00074005126953
21.3,94.99703979492188,20.660000000000004,107.28498077392578,20.86,75.7369613647461,20.39,82.95539855957031,20.47,84.735107421875
21.31,94.88346099853516,20.67,108.0480728149414,20.87,77.16564178466797,20.4,82.87631225585938,20.480000000000004,84.52039337158203
21.32,94.65943908691406,20.68,108.74605560302734,20.880000000000003,78.47982025146484,20.410000000000004,82.79656219482422,20.49,84.37751770019531
21.33,94.37687683105467,20.69,109.3847198486328,20.89,79.53314971923828,20.42,82.71953582763672,20.5,84.28634643554688
21.34,94.00252532958984,20.700000000000003,109.98484802246094,20.9,80.040771484375,20.43,82.64159393310547,20.51,84.19200134277344
21.35,93.5173110961914,20.71,110.56539916992188,20.91,80.30316162109375,20.440000000000005,82.5570068359375,20.520000000000003,84.08203125
21.36,93.08297729492188,20.72,111.15778350830078,20.92,80.49861145019531,20.450000000000003,82.47045135498047,20.53,83.99687957763672
21.37,92.69337463378906,20.730000000000004,111.8204116821289,20.93,80.63751983642578,20.46,82.37986755371094,20.54,83.9426498413086
21.380000000000003,92.37567138671876,20.74,112.56712341308594,20.94,80.7633056640625,20.47,82.28999328613281,20.550000000000004,83.85718536376953
21.39,92.10969543457033,20.75,113.41974639892578,20.95,80.86920166015625,20.480000000000004,82.20625305175781,20.56,83.70500183105469
21.4,91.88783264160156,20.76,114.32125091552734,20.96,80.9828872680664,20.49,82.1396484375,20.57,83.5254135131836
21.41,91.8044891357422,20.770000000000003,115.25629425048828,20.97,81.19515991210938,20.5,82.095703125,20.58,83.40190887451172
21.42,91.79457092285156,20.78,116.17398834228516,20.98,81.5510025024414,20.510000000000005,82.0729751586914,20.590000000000003,83.35707092285156
21.43,91.8064422607422,20.79,117.02127075195312,20.99,82.02764892578125,20.520000000000003,82.0718002319336,20.6,83.3487777709961
21.44,91.7918930053711,20.800000000000004,117.79574584960938,21.0,82.59782409667969,20.53,82.07892608642578,20.61,83.33805084228516
21.450000000000003,91.71101379394533,20.81,118.56755828857422,21.01,83.19450378417969,20.54,82.08096313476562,20.620000000000005,83.3013687133789
21.46,91.43842315673828,20.82,119.4388427734375,21.02,83.73287963867188,20.550000000000004,82.06417846679688,20.630000000000003,83.2576904296875
21.47,91.01239013671876,20.83,120.37482452392578,21.03,84.22945404052734,20.56,82.02718353271484,20.64,83.21372985839844
21.48,90.51786041259766,20.840000000000003,121.27287292480467,21.04,84.72479248046875,20.57,81.9734115600586,20.65,83.15147399902344
21.49,90.07382202148438,20.85,122.08155059814452,21.05,85.17040252685547,20.58,81.90416717529297,20.660000000000004,83.0683822631836
21.5,89.70782470703125,20.86,122.80854034423828,21.06,85.50985717773438,20.590000000000003,81.81426239013672,20.67,82.94439697265625
21.51,89.39411926269531,20.870000000000005,123.5131607055664,21.07,85.72917938232422,20.6,81.69293975830078,20.68,82.79695892333984
21.520000000000003,89.10395812988281,20.880000000000003,124.1637725830078,21.08,85.86471557617188,20.61,81.53272247314453,20.69,82.6004409790039
21.53,88.82897186279297,20.89,124.7454605102539,21.09,85.89519500732422,20.620000000000005,81.35139465332031,20.700000000000003,82.29757690429688
21.54,88.60845947265625,20.9,125.22671508789062,21.1,85.8682861328125,20.630000000000003,81.15646362304688,20.71,81.84640502929688
21.55,88.42207336425781,20.910000000000004,125.55653381347656,21.11,85.84373474121094,20.64,80.93692016601562,20.72,81.11929321289062
21.56,88.35684204101562,20.92,125.67998504638672,21.12,85.86073303222656,20.65,80.66468048095703,20.730000000000004,80.01174926757812
21.57,88.33168029785156,20.93,125.56501770019533,21.130000000000003,85.89208221435547,20.660000000000004,80.33647918701172,20.74,78.7097396850586
21.58,88.34318542480469,20.94,125.2327651977539,21.14,85.88922882080078,20.67,79.91215515136719,20.75,78.059814453125
21.59,88.42639923095703,20.950000000000003,124.66622924804688,21.15,85.83440399169922,20.68,79.37944793701172,20.76,78.16724395751953
21.6,88.51398468017578,20.96,123.86344909667967,21.16,85.73201751708984,20.690000000000005,78.7303237915039,20.770000000000003,78.3243179321289
21.61,88.5584945678711,20.97,122.88737487792967,21.17,85.62201690673828,20.700000000000003,77.95219421386719,20.78,78.27192687988281
21.62,88.56039428710938,20.980000000000004,121.88910675048828,21.18,85.54688262939453,20.71,77.1241683959961,20.79,78.0491714477539
21.630000000000003,88.51959991455078,20.99,120.92723846435548,21.19,85.54302978515625,20.72,76.27861022949219,20.800000000000004,77.83914184570312
21.64,88.43659210205078,21.0,120.10443115234376,21.2,85.60873413085938,20.730000000000004,75.39615631103516,20.81,77.7674560546875
21.65,88.33999633789062,21.01,119.53378295898438,21.21,85.7344741821289,20.74,74.44723510742188,20.82,77.65129852294922
21.66,88.25279998779297,21.020000000000003,119.2206573486328,21.22,85.83715057373047,20.75,73.39170837402344,20.83,77.31407165527344
21.67,88.18093872070312,21.03,119.106201171875,21.23,85.78426361083984,20.760000000000005,72.323486328125,20.840000000000003,76.78402709960938
21.68,88.12406158447266,21.04,119.17880249023438,21.24,85.55857849121094,20.770000000000003,71.21296691894531,20.85,76.26697540283203
21.69,88.12311553955078,21.050000000000004,119.4082260131836,21.25,85.20794677734375,20.78,69.9787826538086,20.86,75.94938659667969
21.700000000000003,88.17965698242188,21.06,119.7799301147461,21.26,84.76716613769531,20.79,68.64952087402344,20.870000000000005,75.85376739501953
21.71,88.27294921875,21.07,120.25572204589844,21.27,84.29779815673828,20.800000000000004,67.22087097167969,20.880000000000003,75.78977966308594
21.72,88.36437225341797,21.08,120.8459701538086,21.28,83.8792724609375,20.81,65.71879577636719,20.89,75.718017578125
21.73,88.44483184814453,21.090000000000003,121.49899291992188,21.29,83.56851196289062,20.82,64.15430450439453,20.9,75.72897338867188
21.74,88.46669006347656,21.1,122.15754699707033,21.3,83.38116455078125,20.83,62.52628707885742,20.910000000000004,75.83909606933594
21.75,88.46339416503906,21.11,122.82318878173828,21.31,83.22713470458984,20.840000000000003,60.84147262573242,20.92,76.02100372314453
21.76,88.4457015991211,21.120000000000005,123.51668548583984,21.32,82.97874450683594,20.85,59.17308044433594,20.93,76.21411895751953
21.770000000000003,88.42393493652344,21.130000000000003,124.21796417236328,21.33,82.6164779663086,20.86,57.705787658691406,20.94,76.39655303955078
21.78,88.40457916259766,21.14,124.8834991455078,21.34,82.22049713134766,20.870000000000005,56.49471282958984,20.950000000000003,76.55805969238281
21.79,88.36780548095703,21.15,125.43817901611328,21.35,81.82416534423828,20.880000000000003,55.645957946777344,20.96,76.69928741455078
21.8,88.28328704833984,21.160000000000004,125.90082550048828,21.36,81.3953628540039,20.89,55.427154541015625,20.97,76.81417083740234
21.81,88.12252044677734,21.17,126.27897644042967,21.37,80.91197967529297,20.9,56.23554992675781,20.980000000000004,76.92326354980469
21.82,87.8578109741211,21.18,126.51266479492188,21.380000000000003,80.41610717773438,20.910000000000004,57.26932144165039,20.99,77.03742218017578
21.83,87.52330017089844,21.19,126.55912017822266,21.39,79.9223403930664,20.92,58.78107070922852,21.0,77.14590454101562
21.84,87.10964965820312,21.200000000000003,126.47598266601562,21.4,79.44798278808594,20.93,61.63590240478516,21.01,77.26799011230469
21.85,86.5855712890625,21.21,126.31028747558594,21.41,78.98287200927734,20.940000000000005,64.39297485351562,21.020000000000003,77.40106964111328
21.86,86.02005004882812,21.22,126.1168975830078,21.42,78.48066711425781,20.950000000000003,66.77753448486328,21.03,77.5231704711914
21.87,85.38761138916016,21.230000000000004,125.88338470458984,21.43,77.9670181274414,20.96,68.86824798583984,21.04,77.65238952636719
21.880000000000003,84.70059204101562,21.24,125.55022430419922,21.44,77.49637603759766,20.97,70.69066619873047,21.050000000000004,77.78472137451172
21.89,84.07485961914062,21.25,125.09639739990234,21.45,77.08162689208984,20.980000000000004,72.22205352783203,21.06,77.90998077392578
21.9,83.51972961425781,21.26,124.46849822998048,21.46,76.75025177001953,20.99,73.33607482910156,21.07,78.02334594726562
21.91,82.96261596679688,21.270000000000003,123.6916046142578,21.47,76.5173110961914,21.0,74.02896118164062,21.08,78.12317657470703
21.92,82.42330932617188,21.28,122.72913360595705,21.48,76.3294677734375,21.010000000000005,74.42778778076172,21.090000000000003,78.21293640136719
21.93,82.00772857666016,21.29,121.71139526367188,21.49,76.10897827148438,21.020000000000003,74.63859558105469,21.1,78.28091430664062
21.94,81.7996826171875,21.300000000000004,120.6669921875,21.5,75.82848358154297,21.03,74.70751953125,21.11,78.33932495117188
21.950000000000003,81.8957748413086,21.31,119.66046905517578,21.51,75.48078155517578,21.04,74.63156127929688,21.120000000000005,78.41731262207031
21.96,82.166259765625,21.32,118.66706085205078,21.52,75.05889129638672,21.050000000000004,74.42542266845703,21.130000000000003,78.54118347167969
21.97,82.53459930419922,21.33,117.60489654541016,21.53,74.60741424560547,21.06,74.08997344970703,21.14,78.6916732788086
21.98,82.8882064819336,21.340000000000003,116.63455963134766,21.54,74.17904663085938,21.07,73.65716552734375,21.15,78.81732177734375
21.99,83.20722198486328,21.35,115.82569885253906,21.55,73.81674194335938,21.08,73.12892150878906,21.160000000000004,78.90409088134766
22.0,83.55471801757812,21.36,115.02494049072266,21.56,73.53970336914062,21.090000000000003,72.52658081054688,21.17,78.94908905029297
22.01,83.95838165283203,21.370000000000005,114.1721420288086,21.57,73.34298706054688,21.1,71.86207580566406,21.18,78.95757293701172
22.020000000000003,84.40847778320312,21.380000000000003,113.3391342163086,21.58,73.24512481689453,21.11,71.16575622558594,21.19,78.94036102294922
22.03,84.82643127441406,21.39,112.60604858398438,21.59,73.25628662109375,21.120000000000005,70.47761535644531,21.200000000000003,78.86893463134766
22.04,85.12950134277344,21.4,112.04498291015624,21.6,73.39131927490234,21.130000000000003,69.82063293457031,21.21,78.74283599853516
22.05,85.26978302001953,21.410000000000004,111.6738739013672,21.61,73.60105895996094,21.14,69.25106048583984,21.22,78.61590576171875
22.06,85.30792999267578,21.42,111.41600036621094,21.62,73.79962158203125,21.15,68.8226547241211,21.230000000000004,78.5436019897461
22.07,85.27674865722656,21.43,111.04561614990234,21.630000000000003,73.95795440673828,21.160000000000004,68.55960845947266,21.24,78.50918579101562
22.08,85.23265075683594,21.44,110.5766143798828,21.64,74.11441040039062,21.17,68.46397399902344,21.25,78.47234344482422
22.090000000000003,85.22415924072266,21.450000000000003,110.07592010498048,21.65,74.3533935546875,21.18,68.46688079833984,21.26,78.4121322631836
22.1,85.34577941894531,21.46,109.6315460205078,21.66,74.77537536621094,21.190000000000005,68.52581024169922,21.270000000000003,78.35311889648438
22.11,85.65541076660156,21.47,109.35690307617188,21.67,75.41195678710938,21.200000000000003,68.58102416992188,21.28,78.33099365234375
22.12,86.1392822265625,21.480000000000004,109.26055145263672,21.68,76.19027709960938,21.21,68.72257995605469,21.29,78.33712768554688
22.130000000000003,86.71699523925781,21.49,109.05900573730467,21.69,77.04249572753906,21.22,68.93917846679688,21.300000000000004,78.37994384765625
22.14,87.29351806640625,21.5,108.6546859741211,21.7,77.9771728515625,21.230000000000004,69.12496185302734,21.31,78.43928527832031
22.15,87.77057647705078,21.51,108.1348876953125,21.71,78.97850799560547,21.24,69.158447265625,21.32,78.44757080078125
22.16,88.0759506225586,21.520000000000003,107.61236572265624,21.72,80.06962585449219,21.25,69.11365509033203,21.33,78.35877227783203
22.17,88.24053192138672,21.53,107.20404052734376,21.73,81.2262954711914,21.260000000000005,69.39501190185547,21.340000000000003,78.19061279296875
22.18,88.36779022216797,21.54,106.96772003173828,21.74,82.34051513671875,21.270000000000003,69.73566436767578,21.35,77.9772720336914
22.19,88.49806213378906,21.550000000000004,106.8476333618164,21.75,83.1986083984375,21.28,71.2636947631836,21.36,77.75973510742188
22.200000000000003,88.62821197509766,21.56,106.71272277832033,21.76,83.85050964355469,21.29,73.40480041503906,21.370000000000005,77.5363540649414
22.21,88.75154113769531,21.57,106.4750518798828,21.77,84.49463653564453,21.300000000000004,75.18254852294922,21.380000000000003,77.34586334228516
22.22,88.8604965209961,21.58,106.17922973632812,21.78,85.16085815429688,21.31,76.90460968017578,21.39,77.21605682373047
22.23,88.93009948730469,21.590000000000003,105.8839874267578,21.79,85.67678833007812,21.32,78.3612289428711,21.4,77.14458465576172
22.24,88.96925354003906,21.6,105.6318359375,21.8,85.92479705810547,21.33,79.78746795654297,21.410000000000004,77.1042709350586
22.25,89.06178283691406,21.61,105.50739288330078,21.81,85.98099517822266,21.340000000000003,81.14546203613281,21.42,77.09520721435547
22.26,89.20527648925781,21.620000000000005,105.45950317382812,21.82,86.0262222290039,21.35,82.34907531738281,21.43,77.08724212646484
22.270000000000003,89.37158966064453,21.630000000000003,105.42865753173828,21.83,86.09000396728516,21.36,82.53559875488281,21.44,77.0556411743164
22.28,89.53982543945312,21.64,105.38656616210938,21.84,86.13349914550781,21.370000000000005,83.08942413330078,21.450000000000003,76.981201171875
22.29,89.64911651611328,21.65,105.3125,21.85,86.16963958740234,21.380000000000003,83.46398162841797,21.46,76.86550903320312
22.3,89.67323303222656,21.660000000000004,105.18604278564452,21.86,86.20515441894531,21.39,83.80284118652344,21.47,76.7266616821289
22.31,89.61952209472656,21.67,105.02333068847656,21.87,86.25082397460938,21.4,84.03547668457031,21.480000000000004,76.59552764892578
22.32,89.54227447509766,21.68,104.85193634033205,21.880000000000003,86.32807159423828,21.410000000000004,84.2057876586914,21.49,76.41366577148438
22.33,89.47409057617188,21.69,104.69618225097656,21.89,86.50403594970703,21.42,84.32907104492188,21.5,76.19270324707031
22.340000000000003,89.4262466430664,21.700000000000003,104.5788116455078,21.9,86.84907531738281,21.43,84.42733764648438,21.51,75.98756408691406
22.35,89.37493896484375,21.71,104.48191833496094,21.91,87.35674285888672,21.440000000000005,84.53173828125,21.520000000000003,75.85274505615234
22.36,89.31793212890625,21.72,104.3790283203125,21.92,87.8579330444336,21.450000000000003,84.66405487060547,21.53,75.79314422607422
22.37,89.2557601928711,21.730000000000004,104.26936340332033,21.93,88.21842956542969,21.46,84.83676147460938,21.54,75.86088562011719
22.380000000000003,89.19151306152344,21.74,104.16813659667967,21.94,88.4623031616211,21.47,85.05195617675781,21.550000000000004,76.04130554199219
22.39,89.17678833007812,21.75,104.10781860351562,21.95,88.65045166015625,21.480000000000004,85.29283905029297,21.56,76.20934295654297
22.4,89.196044921875,21.76,104.08634948730467,21.96,88.8309097290039,21.49,85.56085968017578,21.57,76.30801391601562
22.41,89.23836517333984,21.770000000000003,104.09555053710938,21.97,89.0362777709961,21.5,85.84293365478516,21.58,76.36323547363281
22.42,89.28480529785156,21.78,104.11725616455078,21.98,89.29786682128906,21.510000000000005,86.06758117675781,21.590000000000003,76.39136505126953
22.43,89.3319320678711,21.79,104.19126892089844,21.99,89.63825988769531,21.520000000000003,86.25662994384766,21.6,76.41161346435547
22.44,89.37921905517578,21.800000000000004,104.31359100341795,22.0,90.04862213134766,21.53,86.41374969482422,21.61,76.48106384277344
22.450000000000003,89.42549896240234,21.81,104.51165008544922,22.01,90.4945831298828,21.54,86.5385971069336,21.620000000000005,76.58718872070312
22.46,89.47244262695312,21.82,104.77936553955078,22.02,90.97080993652344,21.550000000000004,86.62020111083984,21.630000000000003,76.71827697753906
22.47,89.53446197509766,21.83,105.07371520996094,22.03,91.4928207397461,21.56,86.64512634277344,21.64,76.87583923339844
22.48,89.60216522216797,21.840000000000003,105.34996032714844,22.04,92.05269622802734,21.57,86.62897491455078,21.65,77.04623413085938
22.49,89.67132568359375,21.85,105.62342071533205,22.05,92.62615203857422,21.58,86.5788803100586,21.660000000000004,77.22911834716797
22.5,89.73497009277344,21.86,105.95387268066406,22.06,93.1772918701172,21.590000000000003,86.51814270019531,21.67,77.39676666259766
22.51,89.78543090820312,21.870000000000005,106.32189178466795,22.07,93.65640258789062,21.6,86.4925308227539,21.68,77.54959869384766
22.520000000000003,89.83199310302734,21.880000000000003,106.71361541748048,22.08,94.05345153808594,21.61,86.5003890991211,21.69,77.7043228149414
22.53,89.89630126953125,21.89,107.10671997070312,22.09,94.39635467529295,21.620000000000005,86.53189086914062,21.700000000000003,77.8416519165039
22.54,89.98101806640625,21.9,107.50634765625,22.1,94.68212127685548,21.630000000000003,86.55370330810547,21.71,77.94115447998047
22.55,90.07906341552734,21.910000000000004,107.91852569580078,22.11,94.90190887451172,21.64,86.58051300048828,21.72,78.00692749023438
22.56,90.18547821044922,21.92,108.3259048461914,22.12,95.02847290039062,21.65,86.60708618164062,21.730000000000004,78.06685638427734
22.57,90.26910400390624,21.93,108.71730041503906,22.130000000000003,95.09025573730467,21.660000000000004,86.63138580322266,21.74,78.14398193359375
22.58,90.3419418334961,21.94,109.06008911132812,22.14,95.07386779785156,21.67,86.65067291259766,21.75,78.26748657226562
22.590000000000003,90.40453338623048,21.950000000000003,109.33086395263672,22.15,94.9921646118164,21.68,86.66731262207031,21.76,78.43441009521484
22.6,90.45116424560548,21.96,109.58063507080078,22.16,94.86369323730467,21.690000000000005,86.68192291259766,21.770000000000003,78.64473724365234
22.61,90.48036193847656,21.97,109.82421112060548,22.17,94.6923370361328,21.700000000000003,86.6944351196289,21.78,78.88621520996094
22.62,90.48838806152344,21.980000000000004,110.02330780029295,22.18,94.49695587158205,21.71,86.71289825439453,21.79,79.14631652832031
22.630000000000003,90.49201202392578,21.99,110.14845275878906,22.19,94.33799743652344,21.72,86.73049926757812,21.800000000000004,79.38215637207031
22.64,90.47704315185548,22.0,110.19290924072266,22.200000000000003,94.20431518554688,21.730000000000004,86.74524688720703,21.81,79.58785247802734
22.65,90.46698760986328,22.01,110.1069564819336,22.21,94.10647583007812,21.74,86.74380493164062,21.82,79.75447082519531
22.66,90.47539520263672,22.020000000000003,109.89749908447266,22.22,94.05762481689452,21.75,86.72423553466797,21.83,79.883056640625
22.67,90.51604461669922,22.03,109.53955841064452,22.23,94.08002471923828,21.760000000000005,86.68569946289062,21.840000000000003,79.9901123046875
22.68,90.53687286376952,22.04,109.0380859375,22.24,94.21052551269533,21.770000000000003,86.62184143066406,21.85,80.06584930419922
22.69,90.54116821289062,22.050000000000004,108.41319274902344,22.25,94.40203094482422,21.78,86.54097747802734,21.86,80.126220703125
22.700000000000003,90.5315933227539,22.06,107.66677856445312,22.26,94.56805419921876,21.79,86.44159698486328,21.870000000000005,80.20372772216797
22.71,90.5184555053711,22.07,106.89323425292967,22.27,94.68064880371094,21.800000000000004,86.3396224975586,21.880000000000003,80.31123352050781
22.72,90.51569366455078,22.08,106.3365249633789,22.28,94.7354736328125,21.81,86.22498321533203,21.89,80.45795440673828
22.73,90.52635955810548,22.090000000000003,106.03582763671876,22.29,94.75552368164062,21.82,86.05307006835938,21.9,80.65404510498047
22.74,90.54955291748048,22.1,105.97710418701172,22.3,94.7532196044922,21.83,85.86399841308594,21.910000000000004,80.88553619384766
22.75,90.5994644165039,22.11,106.06390380859376,22.31,94.7457046508789,21.840000000000003,85.66231536865234,21.92,81.13858795166016
22.76,90.66097259521484,22.120000000000005,106.25922393798828,22.32,94.75731658935548,21.85,85.44757843017578,21.93,81.39402770996094
22.770000000000003,90.73329162597656,22.130000000000003,106.3169403076172,22.33,94.81279754638672,21.86,85.23056030273438,21.94,81.65242767333984
22.78,90.78089141845705,22.14,106.04696655273438,22.34,94.90877532958984,21.870000000000005,85.00952911376953,21.950000000000003,81.91236877441406
22.79,90.8014678955078,22.15,105.51132202148438,22.35,95.0280303955078,21.880000000000003,84.78942108154297,21.96,82.16323852539062
22.8,90.80806732177734,22.160000000000004,105.0066909790039,22.36,95.1249008178711,21.89,84.55885314941406,21.97,82.40231323242188
22.81,90.80303955078124,22.17,104.79608917236328,22.37,95.18245697021484,21.9,84.28015899658203,21.980000000000004,82.62715148925781
22.82,90.78133392333984,22.18,104.79823303222656,22.380000000000003,95.19488525390624,21.910000000000004,83.95703125,21.99,82.84766387939453
22.83,90.74957275390624,22.190000000000005,104.83362579345705,22.39,95.17195129394533,21.92,83.634765625,22.0,83.07904815673828
22.840000000000003,90.73047637939452,22.200000000000003,104.8231964111328,22.4,95.09598541259766,21.93,83.27275848388672,22.01,83.31977081298828
22.85,90.73727416992188,22.21,104.77440643310548,22.41,94.9881591796875,21.940000000000005,82.91800689697266,22.020000000000003,83.53871154785156
22.86,90.74340057373048,22.22,104.70452880859376,22.42,94.87128448486328,21.950000000000003,82.63155364990234,22.03,83.74592590332031
22.87,90.77277374267578,22.230000000000004,104.5796127319336,22.43,94.7964324951172,21.96,82.50904846191406,22.04,83.93923950195312
22.880000000000003,90.79908752441406,22.24,104.37557983398438,22.44,94.75431823730467,21.97,82.61250305175781,22.050000000000004,84.09774780273438
22.89,90.7997817993164,22.25,104.1019058227539,22.450000000000003,94.74417877197266,21.980000000000004,82.8796615600586,22.06,84.21315002441406
22.9,90.77911376953124,22.26,103.82501983642578,22.46,94.75753784179688,21.99,83.28852081298828,22.07,84.27692413330078
22.91,90.73836517333984,22.270000000000003,103.56558227539062,22.47,94.79933166503906,22.0,83.73433685302734,22.08,84.29061889648438
22.92,90.68702697753906,22.28,103.32577514648438,22.48,94.84764862060548,22.010000000000005,84.01189422607422,22.090000000000003,84.23905181884766
22.93,90.63042449951172,22.29,103.12958526611328,22.49,94.8915023803711,22.020000000000003,84.1012954711914,22.1,84.17389678955078
22.94,90.56806182861328,22.300000000000004,103.00777435302734,22.5,94.92584228515624,22.03,84.04278564453125,22.11,84.09235382080078
22.950000000000003,90.5045928955078,22.31,102.93085479736328,22.51,94.9611587524414,22.04,84.05538177490234,22.120000000000005,84.02903747558594
22.96,90.4381332397461,22.32,102.88074493408205,22.52,94.99205780029295,22.050000000000004,83.96005249023438,22.130000000000003,84.04669952392578
22.97,90.35777282714844,22.33,102.86663055419922,22.53,95.00994110107422,22.06,83.75904846191406,22.14,84.12220001220703
22.98,90.28075408935548,22.340000000000003,102.88443756103516,22.54,95.00627899169922,22.07,83.73573303222656,22.15,84.23148345947266
22.99,90.1762237548828,22.35,102.92683410644533,22.55,94.99071502685548,22.08,83.65315246582031,22.160000000000004,84.3590087890625
23.0,90.0410385131836,22.36,102.97107696533205,22.56,94.9925537109375,22.090000000000003,83.51068878173828,22.17,84.47709655761719
23.01,89.9149169921875,22.370000000000005,103.01390838623048,22.57,95.00739288330078,22.1,83.4054946899414,22.18,84.5784912109375
23.020000000000003,89.83537292480469,22.380000000000003,103.03489685058594,22.58,95.0172119140625,22.11,83.34835052490234,22.19,84.6523666381836
23.03,89.82691955566406,22.39,103.0081787109375,22.59,95.03206634521484,22.120000000000005,83.30792236328125,22.200000000000003,84.69959259033203
23.04,89.85626983642578,22.4,102.94841003417967,22.6,95.05998992919922,22.130000000000003,83.28907775878906,22.21,84.7188720703125
23.05,89.89373016357422,22.410000000000004,102.92010498046876,22.61,95.09507751464844,22.14,83.29027557373047,22.22,84.70015716552734
23.06,89.93709564208984,22.42,102.90250396728516,22.62,95.13176727294922,22.15,83.31498718261719,22.230000000000004,84.6630630493164
23.07,90.00348663330078,22.43,102.91302490234376,22.630000000000003,95.15569305419922,22.160000000000004,83.3527603149414,22.24,84.61687469482422
23.08,90.07215881347656,22.440000000000005,102.98970794677734,22.64,95.17794036865234,22.17,83.39825439453125,22.25,84.57255554199219
23.090000000000003,90.1261749267578,22.450000000000003,103.06183624267578,22.65,95.2009048461914,22.18,83.44380950927734,22.26,84.53837585449219
23.1,90.16644287109376,22.46,103.13841247558594,22.66,95.21572875976562,22.190000000000005,83.48419189453125,22.270000000000003,84.52347564697266
23.11,90.20269775390624,22.47,103.21109771728516,22.67,95.22106170654295,22.200000000000003,83.51409912109375,22.28,84.50751495361328
23.12,90.23014068603516,22.480000000000004,103.27051544189452,22.68,95.22441864013672,22.21,83.53954315185547,22.29,84.50178527832031
23.130000000000003,90.26929473876952,22.49,103.31607055664062,22.69,95.2335968017578,22.22,83.56378173828125,22.300000000000004,84.49317169189453
23.14,90.30451965332033,22.5,103.34190368652344,22.700000000000003,95.23524475097656,22.230000000000004,83.58708190917969,22.31,84.47222900390625
23.15,90.33385467529295,22.51,103.35311126708984,22.71,95.22904205322266,22.24,83.60504150390625,22.32,84.435302734375
23.16,90.33881378173828,22.520000000000003,103.34701538085938,22.72,95.22970581054688,22.25,83.6181411743164,22.33,84.39057159423828
23.17,90.31775665283205,22.53,103.3346710205078,22.73,95.23574829101562,22.260000000000005,83.62548828125,22.340000000000003,84.34346771240234
23.18,90.2682113647461,22.54,103.3125991821289,22.74,95.23771667480467,22.270000000000003,83.63075256347656,22.35,84.29751586914062
23.19,90.20413970947266,22.550000000000004,103.2970199584961,22.75,95.24105072021484,22.28,83.63671112060547,22.36,84.25817108154297
23.200000000000003,90.14561462402344,22.56,103.2843017578125,22.76,95.24916076660156,22.29,83.64376831054688,22.370000000000005,84.23773193359375
23.21,90.11155700683594,22.57,103.2792739868164,22.77,95.24998474121094,22.300000000000004,83.65042877197266,22.380000000000003,84.23805236816406
23.22,90.11970520019533,22.58,103.27833557128906,22.78,95.24658966064452,22.31,83.6530990600586,22.39,84.26890563964844
23.23,90.17642974853516,22.590000000000003,103.2776870727539,22.79,95.23836517333984,22.32,83.657958984375,22.4,84.32714080810547
23.24,90.27064514160156,22.6,103.27651977539062,22.8,95.22532653808594,22.330000000000005,83.66094207763672,22.410000000000004,84.40983581542969
23.25,90.36663055419922,22.61,103.27571868896484,22.81,95.2078628540039,22.340000000000003,83.6614990234375,22.42,84.49687194824219
23.26,90.4597396850586,22.620000000000005,103.27562713623048,22.82,95.19725799560548,22.35,83.66143798828125,22.43,84.5464859008789
23.270000000000003,90.55142974853516,22.630000000000003,103.27247619628906,22.83,95.20011138916016,22.36,83.65521240234375,22.440000000000005,84.55879974365234
23.28,90.65917205810548,22.64,103.26188659667967,22.84,95.20726776123048,22.370000000000005,83.63862609863281,22.450000000000003,84.5437240600586
23.29,90.79425048828124,22.65,103.24845886230467,22.85,95.22137451171876,22.380000000000003,83.61544799804688,22.46,84.51679229736328
23.3,90.95492553710938,22.660000000000004,103.24161529541016,22.86,95.2449722290039,22.39,83.5919189453125,22.47,84.4842758178711
23.31,91.15953063964844,22.67,103.23533630371094,22.87,95.2689971923828,22.4,83.56904602050781,22.480000000000004,84.4596939086914
23.32,91.38392639160156,22.68,103.20833587646484,22.880000000000003,95.28540802001952,22.410000000000004,83.55012512207031,22.49,84.45883178710938
23.33,91.621337890625,22.690000000000005,103.1678466796875,22.89,95.29029083251952,22.42,83.53472900390625,22.5,84.4754638671875
23.340000000000003,91.86639404296876,22.700000000000003,103.17760467529295,22.9,95.29251098632812,22.43,83.52222442626953,22.51,84.49164581298828
23.35,92.1189956665039,22.71,103.20227813720705,22.91,95.28799438476562,22.440000000000005,83.51420593261719,22.520000000000003,84.48920440673828
23.36,92.38386535644533,22.72,103.2368392944336,22.92,95.27691650390624,22.450000000000003,83.50457000732422,22.53,84.47662353515625
23.37,92.66699981689452,22.730000000000004,103.26892852783205,22.93,95.2699966430664,22.46,83.49874114990234,22.54,84.44947052001953
23.380000000000003,92.96514892578124,22.74,103.28627014160156,22.94,95.2669677734375,22.47,83.4923095703125,22.550000000000004,84.39976501464844
23.39,93.2692642211914,22.75,103.29629516601562,22.950000000000003,95.26263427734376,22.480000000000004,83.4909439086914,22.56,84.33403778076172
23.4,93.5716323852539,22.76,103.3152313232422,22.96,95.25008392333984,22.49,83.49435424804688,22.57,84.25935363769531
23.41,93.8745346069336,22.770000000000003,103.34857940673828,22.97,95.2334213256836,22.5,83.50099182128906,22.58,84.18087768554688
23.42,94.18229675292967,22.78,103.38053131103516,22.98,95.22434997558594,22.510000000000005,83.50606536865234,22.590000000000003,84.10340881347656
23.43,94.50196838378906,22.79,103.40557861328124,22.99,95.18096160888672,22.520000000000003,83.51100158691406,22.6,84.04037475585938
23.44,94.83683776855467,22.800000000000004,103.41424560546876,23.0,95.09795379638672,22.53,83.50790405273438,22.61,83.9910888671875
23.450000000000003,95.17884826660156,22.81,103.40740203857422,23.01,94.98636627197266,22.54,83.50237274169922,22.620000000000005,83.93803405761719
23.46,95.5200653076172,22.82,103.39543151855467,23.02,94.8724594116211,22.550000000000004,83.49642181396484,22.630000000000003,83.87171936035156
23.47,95.85961151123048,22.83,103.38463592529295,23.03,94.77538299560548,22.56,83.49288177490234,22.64,83.78541564941406
23.48,96.19795989990234,22.840000000000003,103.39445495605467,23.04,94.6923828125,22.57,83.48905944824219,22.65,83.67330169677734
23.49,96.53977966308594,22.85,103.41840362548828,23.05,94.61441040039062,22.580000000000005,83.48473358154297,22.660000000000004,83.543212890625
23.5,96.89178466796876,22.86,103.44579315185548,23.06,94.5361328125,22.590000000000003,83.47808074951172,22.67,83.42173767089844
23.51,97.24787139892578,22.870000000000005,103.46145629882812,23.07,94.44525146484376,22.6,83.47906494140625,22.68,83.32770538330078
23.520000000000003,97.59148406982422,22.880000000000003,103.47699737548828,23.08,94.3244857788086,22.61,83.47286224365234,22.690000000000005,83.26531219482422
23.53,97.93355560302734,22.89,103.4906234741211,23.09,94.16470336914062,22.620000000000005,83.47142791748047,22.700000000000003,83.2301254272461
23.54,98.26010131835938,22.9,103.49928283691406,23.1,93.97006225585938,22.630000000000003,83.47756958007812,22.71,83.21223449707031
23.55,98.57862091064452,22.910000000000004,103.50161743164062,23.11,93.7405776977539,22.64,83.4816665649414,22.72,83.20030975341797
23.56,98.8950653076172,22.92,103.50115966796876,23.12,93.45621490478516,22.65,83.48046875,22.730000000000004,83.18971252441406
23.57,99.21334075927734,22.93,103.50123596191406,23.130000000000003,93.12380981445312,22.660000000000004,83.47661590576172,22.74,83.1735610961914
23.58,99.50890350341795,22.940000000000005,103.5093002319336,23.14,92.75019073486328,22.67,83.47046661376953,22.75,83.14186096191406
23.590000000000003,99.70891571044922,22.950000000000003,103.53590393066406,23.15,92.3287353515625,22.68,83.46189880371094,22.76,83.08573913574219
23.6,99.84911346435548,22.96,103.56954193115234,23.16,91.83383178710938,22.690000000000005,83.4521484375,22.770000000000003,83.03643798828125
23.61,99.96875,22.97,103.59831237792967,23.17,91.21842193603516,22.700000000000003,83.44719696044922,22.78,83.0048828125
23.62,100.08494567871094,22.980000000000004,103.61593627929688,23.18,90.49312591552734,22.71,83.44441986083984,22.79,82.98738098144531
23.630000000000003,100.2348175048828,22.99,103.61176300048828,23.19,89.66742706298828,22.72,83.44546508789062,22.800000000000004,82.97591400146484
23.64,100.40351104736328,23.0,103.58401489257812,23.200000000000003,88.77127075195312,22.730000000000004,83.4471435546875,22.81,82.9627685546875
23.65,100.58700561523438,23.01,103.5681381225586,23.21,87.84972381591797,22.74,83.44891357421875,22.82,82.94618225097656
23.66,100.75129699707033,23.020000000000003,103.58273315429688,23.22,86.92740631103516,22.75,83.44831085205078,22.83,82.92382049560547
23.67,100.89362335205078,23.03,103.65019989013672,23.23,85.97954559326172,22.760000000000005,83.44857788085938,22.840000000000003,82.89336395263672
23.68,101.0279541015625,23.04,103.75695037841795,23.24,84.92538452148438,22.770000000000003,83.44755554199219,22.85,82.85381317138672
23.69,101.17931365966795,23.050000000000004,103.90424346923828,23.25,83.70542907714844,22.78,83.44719696044922,22.86,82.80036163330078
23.700000000000003,101.35655975341795,23.06,104.0575714111328,23.26,82.4045181274414,22.79,83.43856811523438,22.870000000000005,82.72488403320312
23.71,101.55911254882812,23.07,104.17745971679688,23.27,81.08069610595703,22.800000000000004,83.43576049804688,22.880000000000003,82.63567352294922
23.72,101.79722595214844,23.08,104.25222778320312,23.28,79.7263412475586,22.81,83.43687438964844,22.89,82.54313659667969
23.73,102.07537078857422,23.090000000000003,104.28033447265624,23.29,78.3300552368164,22.82,83.4395523071289,22.9,82.45417022705078
23.74,102.37532043457033,23.1,104.27306365966795,23.3,76.92404174804688,22.830000000000005,83.44169616699219,22.910000000000004,82.37173461914062
23.75,102.66890716552734,23.11,104.26188659667967,23.31,75.60299682617188,22.840000000000003,83.44361114501953,22.92,82.28011322021484
23.76,102.91563415527344,23.120000000000005,104.28652954101562,23.32,74.42723846435547,22.85,83.4441146850586,22.93,82.15744018554688
23.770000000000003,103.06078338623048,23.130000000000003,104.3402328491211,23.33,73.44351196289062,22.86,83.444580078125,22.940000000000005,82.00884246826172
23.78,103.12154388427734,23.14,104.40254974365234,23.34,72.64205932617188,22.870000000000005,83.44503021240234,22.950000000000003,81.860595703125
23.79,103.1059341430664,23.15,104.45757293701172,23.35,71.91217803955078,22.880000000000003,83.44671630859375,22.96,81.71973419189453
23.8,103.03316497802734,23.160000000000004,104.49944305419922,23.36,71.22605895996094,22.89,83.44954681396484,22.97,81.6112289428711
23.81,102.9135513305664,23.17,104.53545379638672,23.37,70.61650848388672,22.9,83.44692993164062,22.980000000000004,81.53253936767578
23.82,102.7358169555664,23.18,104.58138275146484,23.380000000000003,70.10588073730469,22.910000000000004,83.45075225830078,22.99,81.46373748779297
23.83,102.49842071533205,23.190000000000005,104.64859771728516,23.39,69.64666748046875,22.92,83.45735931396484,23.0,81.39694213867188
23.840000000000003,102.1466293334961,23.200000000000003,104.7384262084961,23.4,69.19486999511719,22.93,83.4681167602539,23.01,81.32656860351562
23.85,101.5937271118164,23.21,104.85137939453124,23.41,68.73690032958984,22.940000000000005,83.48458862304688,23.020000000000003,81.25965881347656
23.86,100.77942657470705,23.22,104.9671630859375,23.42,68.27655029296875,22.950000000000003,83.50818634033203,23.03,81.1807861328125
23.87,99.7038345336914,23.230000000000004,105.0776824951172,23.43,67.82964324951172,22.96,83.53870391845703,23.04,81.10094451904297
23.880000000000003,98.3645477294922,23.24,105.16613006591795,23.44,67.41309356689453,22.97,83.57791900634766,23.050000000000004,81.01986694335938
23.89,96.87358856201172,23.25,105.21377563476562,23.450000000000003,67.01306915283203,22.980000000000004,83.62313079833984,23.06,80.93303680419922
23.9,95.30116271972656,23.26,105.23193359375,23.46,66.60958862304688,22.99,83.66596221923828,23.07,80.84355926513672
23.91,93.69563293457033,23.270000000000003,105.26963806152344,23.47,66.20940399169922,23.0,83.7005386352539,23.08,80.75426483154297
23.92,92.00520324707033,23.28,105.34313201904295,23.48,65.84297943115234,23.010000000000005,83.71168518066406,23.090000000000003,80.66011810302734
23.93,90.22492980957033,23.29,105.43708801269533,23.49,65.53607940673828,23.020000000000003,83.6983871459961,23.1,80.55101776123047
23.94,88.52794647216797,23.300000000000004,105.54053497314452,23.5,65.32058715820312,23.03,83.67982482910156,23.11,80.41442108154297
23.950000000000003,87.22978210449219,23.31,105.65179443359376,23.51,65.17627716064453,23.04,83.65805053710938,23.120000000000005,80.23983001708984
23.96,86.2020492553711,23.32,105.73207092285156,23.52,65.07017517089844,23.050000000000004,83.64134216308594,23.130000000000003,80.04718780517578
23.97,85.1780014038086,23.33,105.79345703125,23.53,64.97553253173828,23.06,83.64251708984375,23.14,79.83917236328125
23.98,83.93577575683594,23.340000000000003,105.84674835205078,23.54,64.8859634399414,23.07,83.6473617553711,23.15,79.62860870361328
23.99,82.53778076171875,23.35,105.88848114013672,23.55,64.78887939453125,23.080000000000005,83.66039276123047,23.160000000000004,79.43791198730469
24.0,81.05014038085938,23.36,105.9338836669922,23.56,64.69962310791016,23.090000000000003,83.67634582519531,23.17,79.26969146728516
24.01,79.5008316040039,23.370000000000005,106.00601196289062,23.57,64.62804412841797,23.1,83.6946029663086,23.18,79.12727355957031
24.020000000000003,77.9896469116211,23.380000000000003,106.09479522705078,23.58,64.565185546875,23.11,83.71722412109375,23.190000000000005,79.02133178710938
24.03,76.5475082397461,23.39,106.19005584716795,23.59,64.51502990722656,23.120000000000005,83.7455062866211,23.200000000000003,78.92230224609375
24.04,75.06329345703125,23.4,106.29395294189452,23.6,64.49176025390625,23.130000000000003,83.77892303466797,23.21,78.80604553222656
24.05,73.48641967773438,23.410000000000004,106.40499114990234,23.61,64.48213958740234,23.14,83.82007598876953,23.22,78.6611557006836
24.06,71.88597869873047,23.42,106.51657104492188,23.62,64.54877471923828,23.15,83.86991119384766,23.230000000000004,78.49382781982422
24.07,70.36099243164062,23.43,106.6196746826172,23.630000000000003,64.65130615234375,23.160000000000004,83.93496704101562,23.24,78.32176208496094
24.08,68.98236083984375,23.440000000000005,106.72005462646484,23.64,64.76441192626953,23.17,84.01350402832031,23.25,78.15000915527344
24.090000000000003,67.77375793457031,23.450000000000003,106.83274841308594,23.65,64.87574768066406,23.18,84.0940933227539,23.26,77.98768615722656
24.1,66.70645141601562,23.46,106.94598388671876,23.66,64.96479797363281,23.190000000000005,84.16899108886719,23.270000000000003,77.84257507324219
24.11,65.77806854248047,23.47,107.06543731689452,23.67,65.02523803710938,23.200000000000003,84.20780944824219,23.28,77.70909881591797
24.12,64.93962097167969,23.480000000000004,107.19377136230467,23.68,65.01435852050781,23.21,84.20025634765625,23.29,77.58422088623047
24.130000000000003,64.12606811523438,23.49,107.33004760742188,23.69,64.88373565673828,23.22,84.174072265625,23.300000000000004,77.46519470214844
24.14,63.2944450378418,23.5,107.47732543945312,23.700000000000003,64.65654754638672,23.230000000000004,84.13883209228516,23.31,77.35350036621094
24.15,62.41994094848633,23.51,107.63262939453124,23.71,64.4288330078125,23.24,84.10804748535156,23.32,77.25171661376953
24.16,61.504676818847656,23.520000000000003,107.78942108154295,23.72,64.28874206542969,23.25,84.08699035644531,23.33,77.13249206542969
24.17,60.600223541259766,23.53,107.94766998291016,23.73,64.26602172851562,23.260000000000005,84.08484649658203,23.340000000000003,76.99768829345703
24.18,59.75743103027344,23.54,108.11102294921876,23.74,64.36189270019531,23.270000000000003,84.09649658203125,23.35,76.86949157714844
24.19,59.08196640014648,23.550000000000004,108.28192901611328,23.75,64.59255981445312,23.28,84.11782836914062,23.36,76.76515197753906
24.200000000000003,58.64447784423828,23.56,108.45641326904295,23.76,64.9520492553711,23.29,84.14201354980469,23.370000000000005,76.65049743652344
24.21,58.54795455932617,23.57,108.63683319091795,23.77,65.40557098388672,23.300000000000004,84.16180419921875,23.380000000000003,76.47211456298828
24.22,58.73878479003906,23.58,108.83970642089844,23.78,65.8027114868164,23.31,84.16676330566406,23.39,76.22982788085938
24.23,59.13960647583008,23.590000000000003,109.07455444335938,23.79,66.1293716430664,23.32,84.16584014892578,23.4,75.96871185302734
24.24,59.68451690673828,23.6,109.32379150390624,23.8,66.43431854248047,23.330000000000005,84.16138458251953,23.410000000000004,75.72046661376953
24.25,60.40458297729492,23.61,109.58654022216795,23.81,66.54973602294922,23.340000000000003,84.15185546875,23.42,75.49375915527344
24.26,61.41325378417969,23.620000000000005,109.86751556396484,23.82,66.34053802490234,23.35,84.13912200927734,23.43,75.29698944091797
24.270000000000003,62.77993392944336,23.630000000000003,110.15601348876952,23.83,66.09600067138672,23.36,84.12721252441406,23.440000000000005,75.14601135253906
24.28,64.01813507080078,23.64,110.46630096435548,23.84,66.10071563720703,23.370000000000005,84.11412811279297,23.450000000000003,75.03116607666016
24.29,64.29879760742188,23.65,110.81700134277344,23.85,66.30320739746094,23.380000000000003,84.09892272949219,23.46,74.92369079589844
24.3,63.80579376220703,23.660000000000004,111.20497131347656,23.86,66.51448059082031,23.39,84.08190155029297,23.47,74.79815673828125
24.31,63.1157455444336,23.67,111.65225219726562,23.87,66.7768325805664,23.4,84.06050109863281,23.480000000000004,74.65328979492188
24.32,62.54815673828125,23.68,112.14462280273438,23.880000000000003,67.16211700439453,23.410000000000004,84.03379821777344,23.49,74.49794006347656
24.33,62.12798309326172,23.690000000000005,112.68024444580078,23.89,67.7362289428711,23.42,84.00421905517578,23.5,74.33628845214844
24.340000000000003,61.92647171020508,23.700000000000003,113.2393035888672,23.9,68.523193359375,23.43,83.97623443603516,23.51,74.17373657226562
24.35,61.891883850097656,23.71,113.7664566040039,23.91,69.43834686279297,23.440000000000005,83.94857025146484,23.520000000000003,74.01549530029297
24.36,61.9134407043457,23.72,114.30856323242188,23.92,70.34898376464844,23.450000000000003,83.92469787597656,23.53,73.86251068115234
24.37,61.914512634277344,23.730000000000004,114.8730926513672,23.93,71.25736236572266,23.46,83.9030532836914,23.54,73.72083282470703
24.380000000000003,61.82986831665039,23.74,115.45428466796876,23.94,72.23513793945312,23.47,83.8812255859375,23.550000000000004,73.60186767578125
24.39,61.72890853881836,23.75,116.03810119628906,23.950000000000003,73.20895385742188,23.480000000000004,83.85784912109375,23.56,73.5083999633789
24.4,61.92673873901367,23.76,116.63475036621094,23.96,74.11906433105469,23.49,83.83123016357422,23.57,73.42127227783203
24.41,62.3916244506836,23.770000000000003,117.25263214111328,23.97,74.91202545166016,23.5,83.80134582519531,23.58,73.31340026855469
24.42,62.790771484375,23.78,117.89886474609376,23.98,75.58296203613281,23.510000000000005,83.7654037475586,23.590000000000003,73.17848205566406
24.43,63.17536163330078,23.79,118.57359313964844,23.99,76.1495361328125,23.520000000000003,83.72589874267578,23.6,73.01182556152344
24.44,63.29237365722656,23.800000000000004,119.27008056640624,24.0,76.74701690673828,23.53,83.6844482421875,23.61,72.8027114868164
24.450000000000003,62.62292098999024,23.81,120.01382446289062,24.01,77.46952819824219,23.54,83.63825225830078,23.620000000000005,72.54593658447266
24.46,61.83570861816406,23.82,120.80944061279295,24.02,78.31468200683594,23.550000000000004,83.59589385986328,23.630000000000003,72.28968811035156
24.47,61.82559967041016,23.83,121.67688751220705,24.03,79.28054809570312,23.56,83.5569076538086,23.64,72.07355499267578
24.48,62.50185394287109,23.840000000000003,122.61683654785156,24.04,80.36766052246094,23.57,83.51753234863281,23.65,71.94477844238281
24.49,63.83487701416016,23.85,123.6488037109375,24.05,81.56070709228516,23.580000000000005,83.47552490234375,23.660000000000004,71.91847229003906
24.5,65.51627349853516,23.86,124.75711059570312,24.06,82.88661193847656,23.590000000000003,83.4291763305664,23.67,72.00550842285156
24.51,67.22999572753906,23.870000000000005,125.96138763427734,24.07,84.28824615478516,23.6,83.37290954589844,23.68,72.11250305175781
24.520000000000003,68.63179779052734,23.880000000000003,127.2527313232422,24.08,85.69886016845703,23.61,83.3115005493164,23.690000000000005,72.24337005615234
24.53,69.56432342529297,23.89,128.63946533203125,24.09,87.07453155517578,23.620000000000005,83.244873046875,23.700000000000003,72.29492950439453
24.54,70.55287170410156,23.9,130.13449096679688,24.1,88.40641784667969,23.630000000000003,83.1664047241211,23.71,72.15548706054688
24.55,71.5560302734375,23.910000000000004,131.60801696777344,24.11,89.67587280273438,23.64,83.0787582397461,23.72,71.7295913696289
24.56,72.43067169189453,23.92,133.21983337402344,24.12,90.89032745361328,23.65,82.98471069335938,23.730000000000004,71.11561584472656
24.57,73.2238540649414,23.93,134.82012939453125,24.130000000000003,91.97931671142578,23.660000000000004,82.89291381835938,23.74,70.37434387207031
24.58,73.98881530761719,23.940000000000005,136.314453125,24.14,92.94662475585938,23.67,82.80517578125,23.75,69.7040023803711
24.590000000000003,74.7200698852539,23.950000000000003,137.70834350585938,24.15,93.79486083984376,23.68,82.70822143554688,23.76,69.3035888671875
24.6,75.46339416503906,23.96,138.91250610351562,24.16,94.6037139892578,23.690000000000005,82.59192657470703,23.770000000000003,69.31713104248047
24.61,76.30158996582031,23.97,140.0205841064453,24.17,95.45974731445312,23.700000000000003,82.45408630371094,23.78,69.53829956054688
24.62,77.35012817382812,23.980000000000004,140.99124145507812,24.18,96.39923095703124,23.71,82.28656768798828,23.79,69.82962799072266
24.630000000000003,78.6252212524414,23.99,141.8419952392578,24.19,97.33747100830078,23.72,82.09355163574219,23.800000000000004,70.08935546875
24.64,80.01121520996094,24.0,142.618408203125,24.200000000000003,98.17195892333984,23.730000000000004,81.85245513916016,23.81,70.23577117919922
24.65,81.42228698730469,24.01,143.50685119628906,24.21,98.97241973876952,23.74,81.58850860595703,23.82,70.20822143554688
24.66,82.7511215209961,24.020000000000003,144.2731475830078,24.22,99.82591247558594,23.75,81.26770782470703,23.83,70.08851623535156
24.67,83.90457916259766,24.03,144.91354370117188,24.23,100.72117614746094,23.760000000000005,80.87313842773438,23.840000000000003,69.97811126708984
24.68,84.94963073730469,24.04,145.37376403808594,24.24,101.66802978515624,23.770000000000003,80.33195495605469,23.85,69.9815673828125
24.69,86.0129623413086,24.050000000000004,145.44973754882812,24.25,102.62580871582033,23.78,79.64833068847656,23.86,70.12408447265625
24.700000000000003,87.08343505859375,24.06,145.18943786621094,24.26,103.52442932128906,23.79,78.7997817993164,23.870000000000005,70.3491439819336
24.71,88.12511444091797,24.07,144.6773223876953,24.27,104.31640625,23.800000000000004,77.79895782470703,23.880000000000003,70.60252380371094
24.72,89.15757751464844,24.08,143.98098754882812,24.28,104.9411163330078,23.81,76.59418487548828,23.89,70.87675476074219
24.73,90.1670379638672,24.090000000000003,142.97842407226562,24.29,105.39200592041016,23.82,75.23021697998047,23.9,71.15218353271484
24.74,91.03926849365234,24.1,141.6384735107422,24.3,105.70957946777344,23.830000000000005,73.65440368652344,23.910000000000004,71.38357543945312
24.75,91.72335052490234,24.11,140.02371215820312,24.31,105.8924560546875,23.840000000000003,71.83770751953125,23.92,71.53327178955078
24.76,92.37736511230467,24.120000000000005,138.1295623779297,24.32,105.9404525756836,23.85,69.74805450439453,23.93,71.64305877685547
24.770000000000003,93.02084350585938,24.130000000000003,136.01365661621094,24.33,105.97898864746094,23.86,67.33124542236328,23.940000000000005,71.76984405517578
24.78,93.6985092163086,24.14,133.65655517578125,24.34,106.1014404296875,23.870000000000005,64.55497741699219,23.950000000000003,71.94427490234375
24.79,94.43194580078124,24.15,131.19784545898438,24.35,106.24728393554688,23.880000000000003,61.27132797241211,23.96,72.15640258789062
24.8,95.17311096191406,24.160000000000004,128.6991729736328,24.36,106.4110870361328,23.89,57.53401184082031,23.97,72.43621063232422
24.81,95.86771392822266,24.17,126.12773895263672,24.37,106.56216430664062,23.9,53.24708557128906,23.980000000000004,72.796875
24.82,96.51946258544922,24.18,123.41767120361328,24.380000000000003,106.70258331298828,23.910000000000004,48.61650466918945,23.99,73.2088623046875
24.83,97.15640258789062,24.190000000000005,120.49395751953124,24.39,106.79523468017578,23.92,43.65100860595703,24.0,73.63323211669922
24.840000000000003,97.77496337890624,24.200000000000003,117.349365234375,24.4,106.80875396728516,23.93,38.48516845703125,24.01,74.00437927246094
24.85,98.28197479248048,24.21,114.03440856933594,24.41,106.69829559326172,23.940000000000005,33.31904983520508,24.020000000000003,74.26534271240234
24.86,98.67708587646484,24.22,110.63589477539062,24.42,106.48353576660156,23.950000000000003,28.30012321472168,24.03,74.43865203857422
24.87,99.17173767089844,24.230000000000004,107.2808837890625,24.43,106.09104919433594,23.96,23.338180541992188,24.04,74.56153869628906
24.880000000000003,99.56844329833984,24.24,103.95832061767578,24.44,105.39960479736328,23.97,18.498491287231445,24.050000000000004,74.66592407226562
24.89,99.87696075439452,24.25,100.53580474853516,24.450000000000003,104.36117553710938,23.980000000000004,14.469707489013672,24.06,74.78881072998047
24.9,100.0389175415039,24.26,97.03831481933594,24.46,103.00138854980467,23.99,12.009495735168455,24.07,74.94540405273438
24.91,100.12582397460938,24.270000000000003,93.60967254638672,24.47,101.49372100830078,24.0,11.018770217895508,24.08,75.1304931640625
24.92,100.2235870361328,24.28,90.27273559570312,24.48,99.8285675048828,24.010000000000005,11.472858428955078,24.090000000000003,75.34223175048828
24.93,100.29933166503906,24.29,87.07263946533203,24.49,98.07781982421876,24.020000000000003,13.512083053588867,24.1,75.58911895751953
24.94,100.32965087890624,24.300000000000004,84.11522674560547,24.5,96.212890625,24.03,16.143672943115234,24.11,75.85260009765625
24.950000000000003,100.27064514160156,24.31,81.4183578491211,24.51,94.19676971435548,24.04,18.882402420043945,24.120000000000005,76.11729431152344
24.96,100.06460571289062,24.32,78.97444915771484,24.52,92.30001831054688,24.050000000000004,21.50959587097168,24.130000000000003,76.35670471191406
24.97,99.66633605957033,24.33,76.62315368652344,24.53,90.61505889892578,24.06,24.104650497436523,24.14,76.55425262451172
24.98,99.08885955810548,24.340000000000003,74.42379760742188,24.54,89.09085845947266,24.07,26.80295181274414,24.15,76.7147445678711
24.99,98.31412506103516,24.35,72.6020278930664,24.55,87.84977722167969,24.080000000000005,29.672048568725582,24.160000000000004,76.85208129882812
25.0,97.31189727783205,24.36,71.4300765991211,24.56,86.74827575683594,24.090000000000003,32.77522659301758,24.17,76.97174072265625
25.01,96.10943603515624,24.370000000000005,70.8428726196289,24.57,85.60216522216797,24.1,36.09470748901367,24.18,77.09113311767578
25.020000000000003,94.7714614868164,24.380000000000003,70.9721450805664,24.58,84.20735168457031,24.11,39.61289978027344,24.190000000000005,77.25241088867188
25.03,93.28710174560548,24.39,71.60556030273438,24.59,82.55610656738281,24.120000000000005,43.27295684814453,24.200000000000003,77.46847534179688
25.04,91.62740325927734,24.4,72.63396453857422,24.6,80.84959411621094,24.130000000000003,46.99051284790039,24.21,77.74507904052734
25.05,89.828125,24.410000000000004,74.05003356933594,24.61,79.23177337646484,24.14,50.70103073120117,24.22,78.11756896972656
25.06,87.96038055419922,24.42,75.80517578125,24.62,77.66193389892578,24.15,54.37462615966797,24.230000000000004,78.53813171386719
25.07,86.22402954101562,24.43,77.75048828125,24.630000000000003,76.03010559082031,24.160000000000004,58.00983810424805,24.24,78.93154907226562
25.08,84.86866760253906,24.440000000000005,79.1351318359375,24.64,74.32673645019531,24.17,61.634708404541016,24.25,79.23047637939453
25.090000000000003,83.8575439453125,24.450000000000003,79.1249008178711,24.65,72.6428451538086,24.18,65.27470397949219,24.26,79.44573974609375
25.1,82.96407318115234,24.46,78.77409362792969,24.66,71.06105041503906,24.190000000000005,68.93321228027344,24.270000000000003,79.55404663085938
25.11,81.96212005615234,24.47,79.4811782836914,24.67,69.65402221679688,24.200000000000003,72.61189270019531,24.28,79.60311889648438
25.12,80.76831817626953,24.480000000000004,80.96138763427734,24.68,68.42048645019531,24.21,76.29522705078125,24.29,79.64405059814453
25.130000000000003,79.3702392578125,24.49,82.7441635131836,24.69,67.40040588378906,24.22,79.95802307128906,24.300000000000004,79.70638275146484
25.14,77.85204315185547,24.5,84.60838317871094,24.700000000000003,66.5950927734375,24.230000000000004,83.55443572998047,24.31,79.78722381591797
25.15,76.33409118652344,24.51,86.26509857177734,24.71,65.99211120605469,24.24,87.00835418701172,24.32,79.88897705078125
25.16,74.94178771972656,24.520000000000003,87.27083587646484,24.72,65.44966888427734,24.25,90.34638214111328,24.33,79.970703125
25.17,73.66466522216797,24.53,87.90200805664062,24.73,64.84562683105469,24.260000000000005,93.60137176513672,24.340000000000003,80.00546264648438
25.18,72.39615631103516,24.54,88.63816833496094,24.74,64.18744659423828,24.270000000000003,96.76937103271484,24.35,79.93025970458984
25.19,71.08075714111328,24.550000000000004,89.5779037475586,24.75,63.506446838378906,24.28,99.80511474609376,24.36,79.68577575683594
25.200000000000003,69.76953125,24.56,90.6116943359375,24.76,62.78242111206055,24.29,102.60392761230467,24.370000000000005,79.36394500732422
25.21,68.56475830078125,24.57,91.4726104736328,24.77,62.00095748901367,24.300000000000004,105.12613677978516,24.380000000000003,79.07463836669922
25.22,67.52473449707031,24.58,92.08141326904295,24.78,61.224830627441406,24.31,107.33336639404295,24.39,78.86997985839844
25.23,66.64423370361328,24.590000000000003,92.62540435791016,24.79,60.56740188598633,24.32,109.25228881835938,24.4,78.87039184570312
25.24,65.90543365478516,24.6,93.31848907470705,24.8,60.13977813720703,24.330000000000005,110.72381591796876,24.410000000000004,79.08600616455078
25.25,65.29310607910156,24.61,94.18785095214844,24.81,60.084808349609375,24.340000000000003,111.74095153808594,24.42,79.39410400390625
25.26,64.75537872314453,24.620000000000005,95.03973388671876,24.82,60.42781448364258,24.35,112.08283233642578,24.43,79.62820434570312
25.270000000000003,64.16047668457031,24.630000000000003,95.73448944091795,24.83,61.39995574951172,24.36,111.85499572753906,24.440000000000005,79.74295043945312
25.28,63.4118766784668,24.64,96.32194519042967,24.84,63.05318832397461,24.370000000000005,110.63065338134766,24.450000000000003,79.8203353881836
25.29,62.48702621459961,24.65,96.89623260498048,24.85,65.14787292480469,24.380000000000003,107.34071350097656,24.46,79.98326110839844
25.3,61.49983215332031,24.660000000000004,97.52981567382812,24.86,67.25641632080078,24.39,104.60508728027344,24.47,80.17901611328125
25.31,60.52992630004883,24.67,98.16226196289062,24.87,68.5157699584961,24.4,101.68627166748048,24.480000000000004,80.30674743652344
25.32,59.74300384521485,24.68,98.66722106933594,24.880000000000003,68.46758270263672,24.410000000000004,97.98090362548828,24.49,80.32678985595703
25.33,59.1993293762207,24.690000000000005,99.09622192382812,24.89,67.65654754638672,24.42,94.20601654052734,24.5,80.27543640136719
25.340000000000003,58.99874877929688,24.700000000000003,99.47126007080078,24.9,66.36796569824219,24.43,91.35540008544922,24.51,80.2413558959961
25.35,59.08436965942383,24.71,99.88168334960938,24.91,65.08961486816406,24.440000000000005,89.52813720703125,24.520000000000003,80.24674224853516
25.36,59.39744567871094,24.72,100.39576721191406,24.92,63.94546508789063,24.450000000000003,88.37847137451172,24.53,80.27953338623047
25.37,59.94987869262695,24.730000000000004,100.97280883789062,24.93,63.21870422363281,24.46,87.51461791992188,24.54,80.33036041259766
25.380000000000003,60.746700286865234,24.74,101.53044891357422,24.94,62.91038131713867,24.47,86.68424224853516,24.550000000000004,80.43388366699219
25.39,61.85871124267578,24.75,102.03516387939452,24.950000000000003,62.96504974365234,24.480000000000004,86.08407592773438,24.56,80.5317611694336
25.4,63.17081069946289,24.76,102.48084259033205,24.96,63.250274658203125,24.49,85.75311279296875,24.57,80.5597152709961
25.41,64.5052490234375,24.770000000000003,102.88931274414062,24.97,63.88056945800781,24.5,85.55602264404297,24.58,80.48989868164062
25.42,65.53398895263672,24.78,103.30142211914062,24.98,64.82035827636719,24.510000000000005,85.38158416748047,24.590000000000003,80.40774536132812
25.43,65.70210266113281,24.79,103.74942016601562,24.99,65.48739624023438,24.520000000000003,85.25643157958984,24.6,80.3520278930664
25.44,64.8376693725586,24.800000000000004,104.24195861816406,25.0,65.60972595214844,24.53,85.16780090332031,24.61,80.30107116699219
25.450000000000003,63.51380157470703,24.81,104.7794952392578,25.01,65.62207794189453,24.54,85.10162353515625,24.620000000000005,80.31294250488281
25.46,62.46224594116211,24.82,105.38082122802734,25.02,65.57605743408203,24.550000000000004,85.04873657226562,24.630000000000003,80.39220428466797
25.47,61.83283233642578,24.83,106.05614471435548,25.03,65.32939147949219,24.56,84.99555969238281,24.64,80.50369262695312
25.48,61.49861526489258,24.840000000000003,106.81285095214844,25.04,65.01691436767578,24.57,84.93360900878906,24.65,80.62645721435547
25.49,61.39414978027344,24.85,107.675048828125,25.05,64.74713897705078,24.580000000000005,84.86116027832031,24.660000000000004,80.703125
25.5,61.37779235839844,24.86,108.62640380859376,25.06,64.70787811279297,24.590000000000003,84.78812408447266,24.67,80.73527526855469
25.51,61.44535446166992,24.870000000000005,109.6005401611328,25.07,65.1132583618164,24.6,84.73275756835938,24.68,80.78433227539062
25.520000000000003,61.78751373291016,24.880000000000003,110.5231475830078,25.08,66.15115356445312,24.61,84.69904327392578,24.690000000000005,80.81759643554688
25.53,62.48374938964844,24.89,111.3896713256836,25.09,67.92382049560547,24.620000000000005,84.67472076416016,24.700000000000003,80.82355499267578
25.54,63.39344024658203,24.9,112.23106384277344,25.1,69.70661926269531,24.630000000000003,84.6518783569336,24.71,80.78187561035156
25.55,64.10968780517578,24.910000000000004,113.1520538330078,25.11,71.23049926757812,24.64,84.61943817138672,24.72,80.70323944091797
25.56,64.5409927368164,24.92,114.15011596679688,25.12,72.68475341796875,24.65,84.58155059814453,24.730000000000004,80.62728118896484
25.57,64.65058135986328,24.93,115.16416931152344,25.130000000000003,73.69534301757812,24.660000000000004,84.53813934326172,24.74,80.57103729248047
25.58,64.18197631835938,24.940000000000005,116.26351165771484,25.14,74.41226196289062,24.67,84.48928833007812,24.75,80.52128601074219
25.590000000000003,63.17032623291016,24.950000000000003,117.4397964477539,25.15,75.24700164794922,24.68,84.44058227539062,24.76,80.46812438964844
25.6,62.304649353027344,24.96,118.6225128173828,25.16,76.20942687988281,24.690000000000005,84.39691162109375,24.770000000000003,80.43820190429688
25.61,62.10968017578125,24.97,119.85582733154295,25.17,77.19359588623047,24.700000000000003,84.35538482666016,24.78,80.43977355957031
25.62,62.71000671386719,24.980000000000004,121.12581634521484,25.18,78.22489929199219,24.71,84.3169937133789,24.79,80.45364379882812
25.630000000000003,64.0401382446289,24.99,122.42994689941406,25.19,79.29761505126953,24.72,84.27887725830078,24.800000000000004,80.51567077636719
25.64,65.8171615600586,25.0,123.77616119384766,25.200000000000003,80.42091369628906,24.730000000000004,84.24009704589844,24.81,80.63558197021484
25.65,67.67695617675781,25.01,125.20838165283205,25.21,81.6258773803711,24.74,84.19551086425781,24.82,80.75086212158203
25.66,69.185302734375,25.020000000000003,126.76660919189452,25.22,82.94752502441406,24.75,84.14521789550781,24.83,80.80059814453125
25.67,70.18863677978516,25.03,128.4340057373047,25.23,84.45205688476562,24.760000000000005,84.09288024902344,24.840000000000003,80.7396469116211
25.68,71.27066040039062,25.04,130.11648559570312,25.24,86.08267211914062,24.770000000000003,84.03807830810547,24.85,80.60246276855469
25.69,72.5003433227539,25.050000000000004,131.8206329345703,25.25,87.74593353271484,24.78,83.97574615478516,24.86,80.52941131591797
25.700000000000003,73.65179443359375,25.06,133.55923461914062,25.26,89.2786865234375,24.79,83.89645385742188,24.870000000000005,80.55360412597656
25.71,74.7406997680664,25.07,135.3072967529297,25.27,90.4931640625,24.800000000000004,83.80603790283203,24.880000000000003,80.6037368774414
25.72,75.80747985839844,25.08,137.01931762695312,25.28,91.39967346191406,24.81,83.71343994140625,24.89,80.64990997314453
25.73,76.82539367675781,25.090000000000003,138.44107055664062,25.29,92.2504653930664,24.82,83.61431121826172,24.9,80.7011947631836
25.74,77.85171508789062,25.1,139.59298706054688,25.3,93.27452850341795,24.830000000000005,83.51216125488281,24.910000000000004,80.6911392211914
25.75,78.99737548828125,25.11,140.6328582763672,25.31,94.40243530273438,24.840000000000003,83.40924835205078,24.92,80.40550231933594
25.76,80.27401733398438,25.120000000000005,141.60748291015625,25.32,95.46965026855467,24.85,83.31352233886719,24.93,79.89753723144531
25.770000000000003,81.625,25.130000000000003,142.58224487304688,25.33,96.3937759399414,24.86,83.21488189697266,24.940000000000005,79.48457336425781
25.78,82.9653091430664,25.14,143.6653594970703,25.34,97.2507553100586,24.870000000000005,83.09837341308594,24.950000000000003,79.39546966552734
25.79,84.2267837524414,25.15,144.6726531982422,25.35,98.07472229003906,24.880000000000003,82.951171875,24.96,79.49363708496094
25.8,85.41239166259766,25.160000000000004,145.3198699951172,25.36,98.86369323730467,24.89,82.72843170166016,24.97,79.6539535522461
25.81,86.53165435791016,25.17,145.67381286621094,25.37,99.6166763305664,24.9,82.4024658203125,24.980000000000004,79.76868438720703
25.82,87.62409210205078,25.18,145.62257385253906,25.380000000000003,100.32215118408205,24.910000000000004,81.85352325439453,24.99,79.88980102539062
25.83,88.67211151123047,25.190000000000005,145.32960510253906,25.39,101.05567169189452,24.92,81.11729431152344,25.0,80.02623748779297
25.840000000000003,89.68423461914062,25.200000000000003,144.90086364746094,25.4,101.84046936035156,24.93,80.1616439819336,25.01,80.07119750976562
25.85,90.64417266845705,25.21,144.2777862548828,25.41,102.5803680419922,24.940000000000005,78.9671630859375,25.020000000000003,80.0376968383789
25.86,91.4960479736328,25.22,143.30821228027344,25.42,103.15790557861328,24.950000000000003,77.50434875488281,25.03,80.05985260009766
25.87,92.20661163330078,25.230000000000004,141.9746551513672,25.43,103.4875030517578,24.96,75.80560302734375,25.04,80.11251831054688
25.880000000000003,92.76202392578124,25.24,140.35328674316406,25.44,103.50575256347656,24.97,73.85016632080078,25.050000000000004,80.22552490234375
25.89,93.2780303955078,25.25,138.4655303955078,25.450000000000003,103.4357452392578,24.980000000000004,71.60853576660156,25.06,80.34270477294922
25.9,93.9222183227539,25.26,136.40155029296875,25.46,103.46710968017578,24.99,69.00936889648438,25.07,80.4757080078125
25.91,94.6886978149414,25.270000000000003,134.19061279296875,25.47,103.58904266357422,25.0,65.9835205078125,25.08,80.62030792236328
25.92,95.45609283447266,25.28,131.94285583496094,25.48,103.7686004638672,25.010000000000005,62.52561950683594,25.090000000000003,80.80767059326172
25.93,96.23787689208984,25.29,129.70957946777344,25.49,103.95105743408205,25.020000000000003,58.500675201416016,25.1,81.0610122680664
25.94,97.0649642944336,25.300000000000004,127.38873291015624,25.5,104.13150787353516,25.03,53.92242813110352,25.11,81.33097076416016
25.950000000000003,97.9142074584961,25.31,124.76761627197266,25.51,104.35862731933594,25.04,48.63190078735352,25.120000000000005,81.57931518554688
25.96,98.66536712646484,25.32,121.80744171142578,25.52,104.5876922607422,25.050000000000004,42.86405944824219,25.130000000000003,81.80992889404297
25.97,99.26687622070312,25.33,118.602294921875,25.53,104.74417114257812,25.06,36.86759185791016,25.14,81.977783203125
25.98,99.77999877929688,25.340000000000003,115.2348861694336,25.54,104.8337631225586,25.07,30.796911239624023,25.15,82.08779907226562
25.99,100.14112854003906,25.35,111.80970001220705,25.55,104.86026763916016,25.080000000000005,24.60556411743164,25.160000000000004,82.22335815429688
26.0,100.37305450439452,25.36,108.3630599975586,25.56,104.72398376464844,25.090000000000003,18.492958068847656,25.17,82.3548812866211
26.01,100.64141845703124,25.370000000000005,104.91092681884766,25.57,104.26280975341795,25.1,12.856649398803713,25.18,82.49942016601562
26.020000000000003,100.83251953125,25.380000000000003,101.37092590332033,25.58,103.30547332763672,25.11,8.278512001037598,25.190000000000005,82.6682357788086
26.03,101.00006866455078,25.39,97.7440185546875,25.59,102.05631256103516,25.120000000000005,5.656436443328857,25.200000000000003,82.82978820800781
26.04,101.16242980957033,25.4,94.17630004882812,25.6,100.58100128173828,25.130000000000003,5.080332279205322,25.21,82.97584533691406
26.05,101.393310546875,25.410000000000004,90.79273986816406,25.61,98.90463256835938,25.14,5.752661228179932,25.22,83.11443328857422
26.06,101.55134582519533,25.42,87.61898803710938,25.62,97.05631256103516,25.15,8.06883716583252,25.230000000000004,83.22779846191406
26.07,101.53724670410156,25.43,84.56165313720703,25.630000000000003,95.1951675415039,25.160000000000004,10.93708324432373,25.24,83.31792449951172
26.08,101.41083526611328,25.440000000000005,81.52876281738281,25.64,93.32850646972656,25.17,13.980358123779297,25.25,83.40646362304688
26.090000000000003,101.14811706542967,25.450000000000003,78.67601013183594,25.65,91.56101989746094,25.18,16.920595169067383,25.26,83.4999771118164
26.1,100.68929290771484,25.46,76.02400207519531,25.66,89.84223937988281,25.190000000000005,19.645925521850582,25.270000000000003,83.57046508789062
26.11,99.92327880859376,25.47,73.76371002197266,25.67,88.17363739013672,25.200000000000003,22.31595039367676,25.28,83.65119934082031
26.12,98.8753662109375,25.480000000000004,71.912353515625,25.68,86.84016418457031,25.21,25.108936309814453,25.29,83.76653289794922
26.130000000000003,97.67288208007812,25.49,70.50801849365234,25.69,85.6723861694336,25.22,28.14600372314453,25.300000000000004,83.90690612792969
26.14,96.33606719970705,25.5,69.71015167236328,25.700000000000003,84.41007232666016,25.230000000000004,31.51631164550781,25.31,84.064208984375
26.15,94.8301010131836,25.51,69.77556610107422,25.71,82.92938232421875,25.24,35.135616302490234,25.32,84.2363510131836
26.16,93.13082885742188,25.520000000000003,70.47087097167969,25.72,81.2574234008789,25.25,38.921043395996094,25.33,84.37368774414062
26.17,91.26570129394533,25.53,71.68098449707031,25.73,79.62682342529297,25.260000000000005,42.80991744995117,25.340000000000003,84.44324493408203
26.18,89.36298370361328,25.54,73.33666229248047,25.74,78.19197082519531,25.270000000000003,46.76798629760742,25.35,84.47188568115234
26.19,87.61378479003906,25.550000000000004,75.37677764892578,25.75,76.81653594970703,25.28,50.76164627075195,25.36,84.51297760009766
26.200000000000003,86.11983489990234,25.56,77.70811462402344,25.76,75.32733154296875,25.29,54.739742279052734,25.370000000000005,84.62290954589844
26.21,84.89234161376953,25.57,79.49132537841797,25.77,73.67578125,25.300000000000004,58.6440544128418,25.380000000000003,84.79676818847656
26.22,83.81560516357422,25.58,79.72368621826172,25.78,71.93042755126953,25.31,62.45204162597656,25.39,84.95392608642578
26.23,82.68930053710938,25.590000000000003,78.78575897216797,25.79,70.18948364257812,25.32,66.15850067138672,25.4,85.02070617675781
26.24,81.38721466064453,25.6,78.72825622558594,25.8,68.5907974243164,25.330000000000005,69.82939910888672,25.410000000000004,85.06851196289062
26.25,79.93672943115234,25.61,79.7152099609375,25.81,67.26171875,25.340000000000003,73.5166244506836,25.42,85.13890075683594
26.26,78.40876770019531,25.620000000000005,81.32897186279297,25.82,66.19819641113281,25.35,77.2353744506836,25.43,85.21219635009766
26.270000000000003,76.90926361083984,25.630000000000003,83.24003601074219,25.83,65.36368560791016,25.36,80.95909881591797,25.440000000000005,85.29127502441406
26.28,75.47381591796875,25.64,85.03130340576172,25.84,64.8255844116211,25.370000000000005,84.65020751953125,25.450000000000003,85.37271881103516
26.29,74.06295776367188,25.65,86.33135986328125,25.85,64.40109252929688,25.380000000000003,88.30311584472656,25.46,85.42005157470703
26.3,72.62735748291016,25.660000000000004,87.18440246582031,25.86,63.96518325805664,25.39,91.95553588867188,25.47,85.42073059082031
26.31,71.20734405517578,25.67,87.80632781982422,25.87,63.45005035400391,25.4,95.59368896484376,25.480000000000004,85.39395904541016
26.32,69.87955474853516,25.68,88.5610580444336,25.880000000000003,62.83938217163086,25.410000000000004,99.14856719970705,25.49,85.26188659667969
26.33,68.67015075683594,25.690000000000005,89.53655242919922,25.89,62.14681625366211,25.42,102.52548217773438,25.5,84.87693786621094
26.340000000000003,67.6237564086914,25.700000000000003,90.49090576171876,25.9,61.43771362304688,25.43,105.55574035644533,25.51,84.37482452392578
26.35,66.74137115478516,25.71,91.26030731201172,25.91,60.80843353271485,25.440000000000005,108.16529083251952,25.520000000000003,84.01358032226562
26.36,65.99359130859375,25.72,91.8953628540039,25.92,60.37052154541016,25.450000000000003,110.22718811035156,25.53,83.8580551147461
26.37,65.32756805419922,25.730000000000004,92.54891204833984,25.93,60.30644989013672,25.46,111.75054168701172,25.54,83.81246185302734
26.380000000000003,64.61894226074219,25.74,93.2709503173828,25.94,60.65000534057617,25.47,112.61883544921876,25.550000000000004,83.80815887451172
26.39,63.748680114746094,25.75,93.97664642333984,25.950000000000003,61.63220977783203,25.480000000000004,112.97645568847656,25.56,83.75286102294922
26.4,62.68023300170898,25.76,94.61396026611328,25.96,63.38790130615234,25.49,112.62326049804688,25.57,83.74925994873047
26.41,61.5794677734375,25.770000000000003,95.2051239013672,25.97,65.6535415649414,25.5,111.77906036376952,25.58,83.84391784667969
26.42,60.548675537109375,25.78,95.80294036865234,25.98,67.96818542480469,25.510000000000005,108.97813415527344,25.590000000000003,83.95621490478516
26.43,59.6239013671875,25.79,96.4309310913086,25.99,69.09937286376953,25.520000000000003,106.54266357421876,25.6,83.96617126464844
26.44,58.91890335083008,25.800000000000004,96.97586059570312,26.0,68.64667510986328,25.53,103.82459259033205,25.61,83.90315246582031
26.450000000000003,58.580814361572266,25.81,97.39146423339844,26.01,67.33810424804688,25.54,100.222900390625,25.620000000000005,83.80828094482422
26.46,58.63094711303711,25.82,97.76687622070312,26.02,65.95082092285156,25.550000000000004,96.23737335205078,25.630000000000003,83.6697998046875
26.47,59.02236557006836,25.83,98.11734008789062,26.03,64.538330078125,25.56,92.62940979003906,25.64,83.4709243774414
26.48,59.66419982910156,25.840000000000003,98.5007095336914,26.04,63.22639465332031,25.57,89.9298095703125,25.65,83.28080749511719
26.49,60.523681640625,25.85,98.9538803100586,26.05,62.51566696166992,25.580000000000005,88.36821746826172,25.660000000000004,83.14167785644531
26.5,61.72090530395508,25.86,99.45711517333984,26.06,62.4129753112793,25.590000000000003,87.37059783935547,25.67,83.06952667236328
26.51,63.13935089111328,25.870000000000005,99.97882080078124,26.07,62.8481330871582,25.6,86.69058990478516,25.68,83.05609130859375
26.520000000000003,64.56068420410156,25.880000000000003,100.49816131591795,26.08,63.70038986206055,25.61,86.22311401367188,25.690000000000005,83.09801483154297
26.53,65.72245025634766,25.89,101.01915740966795,26.09,64.87859344482422,25.620000000000005,85.92737579345703,25.700000000000003,83.10264587402344
26.54,66.1685791015625,25.9,101.52729034423828,26.1,65.82833862304688,25.630000000000003,85.67762756347656,25.71,82.99928283691406
26.55,65.37287139892578,25.910000000000004,102.02198028564452,26.11,66.03105926513672,25.64,85.4782943725586,25.72,82.80542755126953
26.56,64.02303314208984,25.92,102.54714965820312,26.12,66.16246795654297,25.65,85.3411636352539,25.730000000000004,82.6377182006836
26.57,62.97374725341797,25.93,103.15076446533205,26.130000000000003,66.40393829345703,25.660000000000004,85.26678466796875,25.74,82.5220947265625
26.58,62.44163513183594,25.940000000000005,103.81997680664062,26.14,66.37318420410156,25.67,85.21161651611328,25.75,82.38481140136719
26.590000000000003,62.14995574951172,25.950000000000003,104.5457992553711,26.15,66.0040283203125,25.68,85.17073822021484,25.76,82.30121612548828
26.6,62.05725860595703,25.96,105.35363006591795,26.16,65.49686431884766,25.690000000000005,85.12840270996094,25.770000000000003,82.31782531738281
26.61,62.102760314941406,25.97,106.25509643554688,26.17,65.05679321289062,25.700000000000003,85.08211517333984,25.78,82.38966369628906
26.62,62.3651008605957,25.980000000000004,107.33248138427734,26.18,64.98680877685547,25.71,85.03399658203125,25.79,82.43645477294922
26.630000000000003,62.87123107910156,25.99,108.4701156616211,26.19,65.64207458496094,25.72,84.99125671386719,25.800000000000004,82.40669250488281
26.64,63.385250091552734,26.0,109.438232421875,26.200000000000003,67.00686645507812,25.730000000000004,84.95413208007812,25.81,82.38182067871094
26.65,63.8369255065918,26.01,110.21929931640624,26.21,68.82034301757812,25.74,84.92182159423828,25.82,82.32982635498047
26.66,64.32363891601562,26.020000000000003,110.89263153076172,26.22,70.49981689453125,25.75,84.9026107788086,25.83,82.22480010986328
26.67,64.7192153930664,26.03,111.66297149658205,26.23,72.01445770263672,25.760000000000005,84.89766693115234,25.840000000000003,82.04219055175781
26.68,64.89739227294922,26.04,112.60948944091795,26.24,73.24758911132812,25.770000000000003,84.90448760986328,25.85,81.74542999267578
26.69,64.42001342773438,26.050000000000004,113.78446197509766,26.25,74.19127655029297,25.78,84.92374420166016,25.86,81.37913513183594
26.700000000000003,63.22556686401367,26.06,115.1176300048828,26.26,75.1208724975586,25.79,84.95087432861328,25.870000000000005,81.00100708007812
26.71,62.155006408691406,26.07,116.47295379638672,26.27,76.09078979492188,25.800000000000004,84.97945404052734,25.880000000000003,80.66549682617188
26.72,61.85599899291992,26.08,117.83673858642578,26.28,77.11280822753906,25.81,85.00518798828125,25.89,80.44050598144531
26.73,62.53816986083984,26.090000000000003,119.18550872802734,26.29,78.20498657226562,25.82,85.02546691894531,25.9,80.3998031616211
26.74,63.875885009765625,26.1,120.54955291748048,26.3,79.33455657958984,25.830000000000005,85.03668212890625,25.910000000000004,80.45150756835938
26.75,65.63165283203125,26.11,121.96210479736328,26.31,80.4809341430664,25.840000000000003,85.02722930908203,25.92,80.56733703613281
26.76,67.20140838623047,26.120000000000005,123.47683715820312,26.32,81.68168640136719,25.85,85.00691986083984,25.93,80.74048614501953
26.770000000000003,68.37100982666016,26.130000000000003,125.08831024169922,26.33,82.94763946533203,25.86,84.98632049560547,25.940000000000005,80.8988265991211
26.78,68.93395233154297,26.14,126.7536849975586,26.34,84.24627685546875,25.870000000000005,84.96611785888672,25.950000000000003,80.94278717041016
26.79,69.73485565185547,26.15,128.39739990234375,26.35,85.60629272460938,25.880000000000003,84.94378662109375,25.96,80.89177703857422
26.8,70.76012420654297,26.160000000000004,129.96820068359375,26.36,87.00408935546875,25.89,84.91375732421875,25.97,80.78963470458984
26.81,71.67800903320312,26.17,131.6217803955078,26.37,88.36666107177734,25.9,84.85370635986328,25.980000000000004,80.6425552368164
26.82,72.48078918457031,26.18,133.3803253173828,26.380000000000003,89.57605743408203,25.910000000000004,84.76679229736328,25.99,80.48490905761719
26.83,73.18712615966797,26.190000000000005,135.16436767578125,26.39,90.64409637451172,25.92,84.6408462524414,26.0,80.3388900756836
26.840000000000003,73.88346099853516,26.200000000000003,136.8250274658203,26.4,91.698974609375,25.93,84.49037170410156,26.01,80.22599029541016
26.85,74.69365692138672,26.21,138.17388916015625,26.41,92.73046112060548,25.940000000000005,84.34944915771484,26.020000000000003,80.16812896728516
26.86,75.80936431884766,26.22,139.4314727783203,26.42,93.61978149414062,25.950000000000003,84.20345306396484,26.03,80.07902526855469
26.87,77.1545639038086,26.230000000000004,140.6028594970703,26.43,94.4019775390625,25.96,84.076904296875,26.04,79.96389770507812
26.880000000000003,78.59613800048828,26.24,141.69032287597656,26.44,95.1843490600586,25.97,83.98285675048828,26.050000000000004,79.9497299194336
26.89,80.02181243896484,26.25,142.60964965820312,26.450000000000003,96.01154327392578,25.980000000000004,83.91056823730469,26.06,79.93476867675781
26.9,81.38621520996094,26.26,143.5406036376953,26.46,96.9158172607422,25.99,83.84449768066406,26.07,79.9908676147461
26.91,82.65556335449219,26.270000000000003,144.209716796875,26.47,97.83444213867188,26.0,83.75860595703125,26.08,80.22637939453125
26.92,83.84458923339844,26.28,144.73715209960938,26.48,98.69256591796876,26.010000000000005,83.62440490722656,26.090000000000003,80.45084381103516
26.93,84.93215942382812,26.29,145.0640106201172,26.49,99.57438659667967,26.020000000000003,83.37543487548828,26.1,80.5770492553711
26.94,85.88143920898438,26.300000000000004,145.1457061767578,26.5,100.53809356689452,26.03,82.88352966308594,26.11,80.68882751464844
26.950000000000003,86.75238037109375,26.31,144.9263458251953,26.51,101.37158203125,26.04,82.19331359863281,26.120000000000005,80.80595397949219
26.96,87.6003646850586,26.32,144.51309204101562,26.52,101.92383575439452,26.050000000000004,81.17842864990234,26.130000000000003,80.90519714355469
26.97,88.45695495605469,26.33,143.82669067382812,26.53,102.25430297851562,26.06,79.83779907226562,26.14,80.9800796508789
26.98,89.23065948486328,26.340000000000003,142.8230438232422,26.54,102.4010009765625,26.07,78.18859100341797,26.15,80.97679901123047
26.99,89.82063293457031,26.35,141.45608520507812,26.55,102.4642562866211,26.080000000000005,76.32935333251953,26.160000000000004,80.8858871459961
27.0,90.26801300048828,26.36,139.7631378173828,26.56,102.51683807373048,26.090000000000003,74.19694519042969,26.17,80.73052978515625
27.01,90.63131713867188,26.370000000000005,137.85768127441406,26.57,102.60411834716795,26.1,71.7750015258789,26.18,80.59098815917969
27.020000000000003,91.01172637939452,26.380000000000003,135.7471923828125,26.58,102.73269653320312,26.11,68.98472595214844,26.190000000000005,80.52864837646484
27.03,91.5007095336914,26.39,133.47865295410156,26.59,102.92465209960938,26.120000000000005,65.7818603515625,26.200000000000003,80.56230163574219
27.04,92.16212463378906,26.4,131.1062469482422,26.6,103.1422119140625,26.130000000000003,62.13959503173828,26.21,80.6611557006836
27.05,92.88516998291016,26.410000000000004,128.6661834716797,26.61,103.35275268554688,26.14,57.909305572509766,26.22,80.85940551757812
27.06,93.58245849609376,26.42,126.05256652832033,26.62,103.52400970458984,26.15,53.11322021484375,26.230000000000004,81.13874053955078
27.07,94.1803207397461,26.43,123.26175689697266,26.630000000000003,103.65104675292967,26.160000000000004,47.74961853027344,26.24,81.43370819091797
27.08,94.67163848876952,26.440000000000005,120.26490020751952,26.64,103.73622131347656,26.17,42.10423278808594,26.25,81.69317626953125
27.090000000000003,95.11808013916016,26.450000000000003,117.0603256225586,26.65,103.76277923583984,26.18,36.367706298828125,26.26,81.92147064208984
27.1,95.5268325805664,26.46,113.6968765258789,26.66,103.67990112304688,26.190000000000005,30.52815055847168,26.270000000000003,82.10972595214844
27.11,95.88595581054688,26.47,110.24674987792967,26.67,103.33220672607422,26.200000000000003,24.58188819885254,26.28,82.27928161621094
27.12,96.1595230102539,26.480000000000004,106.75701141357422,26.68,102.5427017211914,26.21,18.87350273132324,26.29,82.44471740722656
27.130000000000003,96.4149932861328,26.49,103.22181701660156,26.69,101.44090270996094,26.22,13.65281105041504,26.300000000000004,82.61221313476562
27.14,96.61175537109376,26.5,99.64601135253906,26.700000000000003,100.14857482910156,26.230000000000004,9.31324291229248,26.31,82.7843017578125
27.15,96.76276397705078,26.51,96.0403823852539,26.71,98.70647430419922,26.24,6.583897113800049,26.32,82.98556518554688
27.16,96.87698364257812,26.520000000000003,92.51128387451172,26.72,97.10617065429688,26.25,5.538187503814697,26.33,83.20649719238281
27.17,96.94671630859376,26.53,89.19775390625,26.73,95.32362365722656,26.260000000000005,6.013805866241455,26.340000000000003,83.41836547851562
27.18,96.96673583984376,26.54,86.1700668334961,26.74,93.24532318115234,26.270000000000003,8.143555641174316,26.35,83.58776092529297
27.19,96.83307647705078,26.550000000000004,83.31184387207031,26.75,91.1046142578125,26.28,10.93117332458496,26.36,83.73432159423828
27.200000000000003,96.46682739257812,26.56,80.46747589111328,26.76,89.27340698242188,26.29,14.041178703308104,26.370000000000005,83.87041473388672
27.21,96.04004669189452,26.57,77.72933197021484,26.77,87.60023498535156,26.300000000000004,17.18791961669922,26.380000000000003,84.0126724243164
27.22,95.3575668334961,26.58,75.23151397705078,26.78,86.1122055053711,26.31,20.26334571838379,26.39,84.170166015625
27.23,94.5079116821289,26.590000000000003,73.11481475830078,26.79,84.852783203125,26.32,23.276323318481445,26.4,84.32166290283203
27.24,93.52278137207033,26.6,71.55841064453125,26.8,83.70366668701172,26.330000000000005,26.37078857421875,26.410000000000004,84.46977233886719
27.25,92.534912109375,26.61,70.48155975341797,26.81,82.61062622070312,26.340000000000003,29.632965087890625,26.42,84.63182067871094
27.26,91.57471466064452,26.620000000000005,70.28424072265625,26.82,81.32067108154297,26.35,33.15645980834961,26.43,84.8187255859375
27.270000000000003,90.59203338623048,26.630000000000003,70.88213348388672,26.83,79.829345703125,26.36,36.90028762817383,26.440000000000005,85.0362548828125
27.28,89.58214569091797,26.64,72.05736541748047,26.84,78.3060073852539,26.370000000000005,40.80910110473633,26.450000000000003,85.29623413085938
27.29,88.54571533203125,26.65,73.56376647949219,26.85,76.84685516357422,26.380000000000003,44.7929916381836,26.46,85.59181213378906
27.3,87.399658203125,26.660000000000004,75.47705078125,26.86,75.34458923339844,26.39,48.80546569824219,26.47,85.90616607666016
27.31,86.2062759399414,26.67,77.73802947998047,26.87,73.6658706665039,26.4,52.81093978881836,26.480000000000004,86.22299194335938
27.32,85.12409973144531,26.68,79.47338104248047,26.880000000000003,71.85148620605469,26.410000000000004,56.77677154541016,26.49,86.4830322265625
27.33,84.18681335449219,26.690000000000005,79.69632720947266,26.89,70.02364349365234,26.42,60.656986236572266,26.5,86.59051513671875
27.340000000000003,83.29039001464844,26.700000000000003,78.64252471923828,26.9,68.2854232788086,26.43,64.42494201660156,26.51,86.56781005859375
27.35,82.26700592041016,26.71,78.64484405517578,26.91,66.78064727783203,26.440000000000005,68.08851623535156,26.520000000000003,86.48961639404297
27.36,81.0576171875,26.72,79.72148132324219,26.92,65.5675277709961,26.450000000000003,71.72166442871094,26.53,86.4133529663086
27.37,79.72825622558594,26.730000000000004,81.36813354492188,26.93,64.68816375732422,26.46,75.38102722167969,26.54,86.36573791503906
27.380000000000003,78.40367889404297,26.74,83.38517761230469,26.94,64.1325454711914,26.47,79.08198547363281,26.550000000000004,86.34188842773438
27.39,77.09751892089844,26.75,85.5259017944336,26.950000000000003,63.79997253417969,26.480000000000004,82.81842041015625,26.56,86.35538482666016
27.4,75.80230712890625,26.76,87.37345886230469,26.96,63.58872985839844,26.49,86.58171081542969,26.57,86.4534683227539
27.41,74.48274993896484,26.770000000000003,88.52550506591797,26.97,63.36052703857422,26.5,90.36781311035156,26.58,86.544677734375
27.42,73.1871337890625,26.78,89.13754272460938,26.98,63.03212356567383,26.510000000000005,94.14411926269533,26.590000000000003,86.5621566772461
27.43,72.03509521484375,26.79,89.77645874023438,26.99,62.60798263549805,26.520000000000003,97.8055191040039,26.6,86.42898559570312
27.44,71.05049133300781,26.800000000000004,90.63770294189452,27.0,62.11577987670898,26.53,101.27580261230467,26.61,86.12342071533203
27.450000000000003,70.25350189208984,26.81,91.5238037109375,27.01,61.5637092590332,26.54,104.4001007080078,26.620000000000005,85.66767883300781
27.46,69.57843780517578,26.82,92.30121612548828,27.02,61.00025177001953,26.550000000000004,107.05654907226562,26.630000000000003,85.32846069335938
27.47,68.99617767333984,26.83,92.96648406982422,27.03,60.48528289794922,26.56,109.20977783203124,26.64,85.24836730957031
27.48,68.45320129394531,26.840000000000003,93.5714340209961,27.04,60.1184196472168,26.57,110.80060577392578,26.65,85.32191467285156
27.49,67.87287139892578,26.85,94.25912475585938,27.05,60.11506652832031,26.580000000000005,111.88883972167967,26.660000000000004,85.38735961914062
27.5,67.15746307373047,26.86,95.0928192138672,27.06,60.60295486450195,26.590000000000003,112.41146087646484,26.67,85.42765808105469
27.51,66.32513427734375,26.870000000000005,95.95110321044922,27.07,61.868534088134766,26.6,112.41468048095705,26.68,85.52075958251953
27.520000000000003,65.44573974609375,26.880000000000003,96.71158599853516,27.08,64.23858642578125,26.61,111.70304107666016,26.690000000000005,85.64704132080078
27.53,64.60590362548828,26.89,97.35738372802734,27.09,67.3929672241211,26.620000000000005,110.28395080566406,26.700000000000003,85.70095825195312
27.54,63.84975814819336,26.9,97.9613037109375,27.1,70.41618347167969,26.630000000000003,107.50225067138672,26.71,85.66812896728516
27.55,63.21037292480469,26.910000000000004,98.56622314453124,27.11,71.98188781738281,26.64,104.7556610107422,26.72,85.60379028320312
27.56,62.726959228515625,26.92,99.06295776367188,27.12,71.23786926269531,26.65,100.9134750366211,26.730000000000004,85.49591827392578
27.57,62.35302734375,26.93,99.46043395996094,27.130000000000003,69.55836486816406,26.660000000000004,96.64437866210938,26.74,85.33052825927734
27.58,62.11374282836914,26.940000000000005,99.7923812866211,27.14,67.89273834228516,26.67,92.77301788330078,26.75,85.1339111328125
27.590000000000003,62.0112419128418,26.950000000000003,100.09524536132812,27.15,66.39647674560547,26.68,89.87113189697266,26.76,84.97114562988281
27.6,62.10416030883789,26.96,100.46259307861328,27.16,65.31380462646484,26.690000000000005,88.10781860351562,26.770000000000003,84.8402099609375
27.61,62.4177131652832,26.97,100.95198822021484,27.17,64.96004486083984,26.700000000000003,87.03669738769531,26.78,84.75277709960938
27.62,62.9375114440918,26.980000000000004,101.51467895507812,27.18,65.0602035522461,26.71,86.29747772216797,26.79,84.71859741210938
27.630000000000003,63.71456909179688,26.99,102.0459442138672,27.19,65.6349105834961,26.72,85.78880310058594,26.800000000000004,84.6920394897461
27.64,64.68651580810547,27.0,102.51255798339844,27.200000000000003,66.62024688720703,26.730000000000004,85.46107482910156,26.81,84.60348510742188
27.65,65.7778091430664,27.01,102.96839904785156,27.21,67.90103912353516,26.74,85.22309875488281,26.82,84.47807312011719
27.66,66.87542724609375,27.020000000000003,103.45733642578124,27.22,68.87755584716797,26.75,85.02521514892578,26.83,84.35785675048828
27.67,67.81661987304688,27.03,103.99935150146484,27.23,68.80854034423828,26.760000000000005,84.886962890625,26.840000000000003,84.26708221435547
27.68,68.24203491210938,27.04,104.62321472167967,27.24,68.30496978759766,26.770000000000003,84.7814712524414,26.85,84.26225280761719
27.69,67.98966979980469,27.050000000000004,105.31912994384766,27.25,68.0360336303711,26.78,84.69055938720703,26.86,84.29773712158203
27.700000000000003,67.22502899169922,27.06,106.038818359375,27.26,68.02133178710938,26.79,84.60306549072266,26.870000000000005,84.27474975585938
27.71,66.33171844482422,27.07,106.74063873291016,27.27,68.03466796875,26.800000000000004,84.51799774169922,26.880000000000003,84.26828002929688
27.72,65.61234283447266,27.08,107.42950439453124,27.28,67.90482330322266,26.81,84.43868255615234,26.89,84.3322982788086
27.73,65.07042694091797,27.090000000000003,108.14249420166016,27.29,67.78707122802734,26.82,84.35737609863281,26.9,84.40670013427734
27.74,64.81517791748047,27.1,108.90868377685548,27.3,67.77883911132812,26.830000000000005,84.2786865234375,26.910000000000004,84.40982818603516
27.75,64.8166732788086,27.11,109.7282257080078,27.31,68.02254486083984,26.840000000000003,84.2253189086914,26.92,84.39238739013672
27.76,64.96356964111328,27.120000000000005,110.54917907714844,27.32,68.57044982910156,26.85,84.19580078125,26.93,84.34061431884766
27.770000000000003,65.12981414794922,27.130000000000003,111.39054107666016,27.33,69.44403839111328,26.86,84.18304443359375,26.940000000000005,84.240966796875
27.78,65.31456756591797,27.14,112.2865753173828,27.34,70.42462921142578,26.870000000000005,84.18262481689453,26.950000000000003,84.09214782714844
27.79,65.6799545288086,27.15,113.25465393066406,27.35,71.39105224609375,26.880000000000003,84.18894958496094,26.96,83.93561553955078
27.8,66.36644744873047,27.160000000000004,114.28714752197266,27.36,72.26892852783203,26.89,84.19483947753906,26.97,83.80248260498047
27.81,66.96617126464844,27.17,115.35874938964844,27.37,72.96450805664062,26.9,84.18999481201172,26.980000000000004,83.68292236328125
27.82,66.781005859375,27.18,116.45429229736328,27.380000000000003,73.65106201171875,26.910000000000004,84.16981506347656,26.99,83.62177276611328
27.83,65.89016723632812,27.190000000000005,117.59209442138672,27.39,74.66825103759766,26.92,84.13809967041016,27.0,83.65365600585938
27.840000000000003,64.64432525634766,27.200000000000003,118.78363800048828,27.4,75.96245574951172,26.93,84.09785461425781,27.01,83.73951721191406
27.85,63.24153137207031,27.21,120.00788116455078,27.41,77.2782974243164,26.940000000000005,84.05279541015625,27.020000000000003,83.79534149169922
27.86,62.04019546508789,27.22,121.3043975830078,27.42,78.46829986572266,26.950000000000003,84.0020980834961,27.03,83.79475402832031
27.87,61.40386962890625,27.230000000000004,122.71229553222656,27.43,79.48827362060547,26.96,83.94860076904297,27.04,83.77123260498047
27.880000000000003,61.43842315673828,27.24,124.29463958740234,27.44,80.4598388671875,26.97,83.89231872558594,27.050000000000004,83.76312255859375
27.89,62.23493957519531,27.25,125.99024963378906,27.450000000000003,81.53255462646484,26.980000000000004,83.83446502685547,27.06,83.76268768310547
27.9,63.452754974365234,27.26,127.81385803222656,27.46,82.75933837890625,26.99,83.7784423828125,27.07,83.69124603271484
28.53,72.54454040527344,27.270000000000003,129.64158630371094,27.47,84.17625427246094,27.0,83.727294921875,27.08,83.5250244140625
28.54,72.80171966552734,27.28,131.51739501953125,27.48,85.70185852050781,27.010000000000005,83.67460632324219,27.090000000000003,83.27965545654297
28.55,73.02154541015625,27.29,133.38955688476562,27.49,87.17645263671875,27.020000000000003,83.61254119873047,27.1,83.03773498535156
28.56,73.1779556274414,27.300000000000004,135.16781616210938,27.5,88.37727355957031,27.03,83.54145812988281,27.11,82.89765167236328
28.57,73.27172088623047,27.31,136.83544921875,27.51,89.28085327148438,27.04,83.4502182006836,27.120000000000005,82.880615234375
28.58,73.29249572753906,27.32,138.34022521972656,27.52,90.02794647216797,27.050000000000004,83.35269165039062,27.130000000000003,82.93225860595703
28.590000000000003,73.3026351928711,27.33,139.46224975585938,27.53,90.88323974609376,27.06,83.24229431152344,27.14,82.92472076416016
28.6,73.36998748779297,27.340000000000003,140.33602905273438,27.54,91.89599609375,27.07,83.12266540527344,27.15,82.68597412109375
28.61,73.57575225830078,27.35,141.12210083007812,27.55,92.93685913085938,27.080000000000005,82.99345397949219,27.160000000000004,82.28355407714844
28.62,73.96318817138672,27.36,141.81089782714844,27.56,93.94161987304688,27.090000000000003,82.85852813720703,27.17,81.73362731933594
28.630000000000003,74.6045150756836,27.370000000000005,142.27810668945312,27.57,94.86324310302734,27.1,82.72256469726562,27.18,81.1015396118164
28.64,75.60443115234375,27.380000000000003,142.54873657226562,27.58,95.73355865478516,27.11,82.5614242553711,27.190000000000005,80.54596710205078
28.65,76.7645263671875,27.39,142.73455810546875,27.59,96.5779266357422,27.120000000000005,82.34001922607422,27.200000000000003,80.40937805175781
28.66,77.88492584228516,27.4,142.9456787109375,27.6,97.46539306640624,27.130000000000003,82.06758117675781,27.21,80.57604217529297
28.67,78.91327667236328,27.410000000000004,143.324951171875,27.61,98.40924835205078,27.14,81.70838928222656,27.22,80.77841186523438
28.68,79.95135498046875,27.42,143.82144165039062,27.62,99.3349838256836,27.15,81.22623443603516,27.230000000000004,80.8829574584961
28.69,81.02323150634766,27.43,144.21865844726562,27.630000000000003,100.18724060058594,27.160000000000004,80.62932586669922,27.24,80.93661499023438
28.700000000000003,82.1593246459961,27.440000000000005,144.47216796875,27.64,100.98643493652344,27.17,79.81909942626953,27.25,80.96268463134766
28.71,83.33778381347656,27.450000000000003,144.53060913085938,27.65,101.70691680908205,27.18,78.82946014404297,27.26,81.01371765136719
28.72,84.48703002929688,27.46,144.11419677734375,27.66,102.23786163330078,27.190000000000005,77.58000946044922,27.270000000000003,81.09980773925781
28.73,85.54486083984375,27.47,143.1741943359375,27.67,102.59021759033205,27.200000000000003,76.1048812866211,27.28,81.1967544555664
28.74,86.39878845214844,27.480000000000004,141.76715087890625,27.68,102.81581115722656,27.21,74.3238754272461,27.29,81.24871826171875
28.75,86.97917938232422,27.49,140.07408142089844,27.69,102.990478515625,27.22,72.19529724121094,27.300000000000004,81.26763153076172
28.76,87.37349700927734,27.5,138.17266845703125,27.700000000000003,103.1400375366211,27.230000000000004,69.59236145019531,27.31,81.33631896972656
28.770000000000003,87.82978820800781,27.51,136.0458221435547,27.71,103.24411010742188,27.24,66.50330352783203,27.32,81.5194320678711
28.78,88.43885803222656,27.520000000000003,133.75448608398438,27.72,103.31954956054688,27.25,62.921993255615234,27.33,81.80033111572266
28.83,91.89637756347656,27.53,131.32586669921875,27.73,103.38167572021484,27.260000000000005,58.86766815185547,27.340000000000003,82.12007141113281
28.840000000000003,92.35460662841795,27.54,128.8777618408203,27.74,103.41822814941406,27.270000000000003,54.35541915893555,27.35,82.44544982910156
28.85,92.79325103759766,27.550000000000004,126.43732452392578,27.75,103.38824462890624,27.28,49.28530502319336,27.36,82.74250793457031
28.86,93.23973083496094,27.56,123.9458236694336,27.76,103.35366821289062,27.29,43.89703369140625,27.370000000000005,83.01126861572266
28.87,93.63818359375,27.57,121.27355194091795,27.77,103.36691284179688,27.300000000000004,38.41897964477539,27.380000000000003,83.2830810546875
28.880000000000003,93.92534637451172,27.58,118.40254974365234,27.78,103.37329864501952,27.31,32.88761901855469,27.39,83.57102966308594
28.89,94.07212829589844,27.590000000000003,115.3791961669922,27.79,103.17768096923828,27.32,27.258848190307617,27.4,83.8768081665039
28.9,94.10143280029295,27.6,112.24050903320312,27.8,102.62674713134766,27.330000000000005,21.74457550048828,27.410000000000004,84.1848373413086
28.91,94.12643432617188,27.61,109.0726547241211,27.81,101.9029769897461,27.340000000000003,16.16362762451172,27.42,84.48394012451172
28.92,94.1211395263672,27.620000000000005,105.95138549804688,27.82,101.0876235961914,27.35,11.221850395202637,27.43,84.7494888305664
28.93,94.07170104980467,27.630000000000003,102.79863739013672,27.83,100.11780548095705,27.36,7.872672080993652,27.440000000000005,84.97640228271484
28.94,93.95248413085938,27.64,99.57678985595705,27.84,99.06000518798828,27.370000000000005,6.046061992645264,27.450000000000003,85.14405059814453
28.950000000000003,93.77789306640624,27.65,96.3272933959961,27.85,97.8219985961914,27.380000000000003,5.901007652282715,27.46,85.24797058105469
28.96,93.60710144042967,27.660000000000004,93.17406463623048,27.86,96.35415649414062,27.39,7.558522701263428,27.47,85.31612396240234
28.97,93.42366027832033,27.67,89.98433685302734,27.87,94.6326904296875,27.4,10.577367782592772,27.480000000000004,85.3920669555664
28.98,93.19628143310548,27.68,86.82514953613281,27.880000000000003,92.69994354248048,27.410000000000004,14.03908920288086,27.49,85.49247741699219
28.99,92.98542022705078,27.690000000000005,83.89083099365234,27.89,90.6497802734375,27.42,17.624637603759766,27.5,85.64688873291016
29.0,92.72681427001952,27.700000000000003,81.24259185791016,27.9,88.74566650390625,27.43,21.08511543273925,27.51,85.8421630859375
29.01,92.41667938232422,27.71,78.82611083984375,27.91,87.16110229492188,27.440000000000005,24.320581436157227,27.520000000000003,86.06251525878906
29.020000000000003,92.16165161132812,27.72,76.59587097167969,27.92,85.90042114257812,27.450000000000003,27.372953414916992,27.53,86.2920150756836
29.03,91.95895385742188,27.730000000000004,74.63738250732422,27.93,84.71929931640625,27.46,30.396259307861328,27.54,86.50588989257812
29.04,91.79926300048828,27.74,73.0288314819336,27.94,83.45793914794922,27.47,33.534427642822266,27.550000000000004,86.67538452148438
29.05,91.6694793701172,27.75,72.16336059570312,27.950000000000003,82.09172821044922,27.480000000000004,36.815067291259766,27.56,86.79447937011719
29.06,91.52638244628906,27.76,71.96246337890625,27.96,80.66663360595703,27.49,40.21266555786133,27.57,86.83573913574219
29.07,91.34196472167967,27.770000000000003,72.45435333251953,27.97,79.2393798828125,27.5,43.64461898803711,27.58,86.79338836669922
29.08,91.05828094482422,27.78,73.5588150024414,27.98,77.81904602050781,27.510000000000005,47.081180572509766,27.590000000000003,86.70722198486328
29.090000000000003,90.7111358642578,27.79,75.14220428466797,27.99,76.32525634765625,27.520000000000003,50.50733184814453,27.6,86.61772918701172
29.1,90.40874481201172,27.800000000000004,77.0389633178711,28.0,74.72840881347656,27.53,53.91586685180664,27.61,86.5664291381836
29.11,90.20843505859376,27.81,79.12737274169922,28.01,73.07159423828125,27.54,57.29988861083984,27.620000000000005,86.56394958496094
29.12,90.14460754394533,27.82,81.19627380371094,28.02,71.44513702392578,27.550000000000004,60.65435028076172,27.630000000000003,86.59086608886719
29.130000000000003,90.17530822753906,27.83,82.45846557617188,28.03,69.92765808105469,27.56,63.98227310180664,27.64,86.58612060546875
29.14,90.26891326904295,27.840000000000003,81.65972137451172,28.04,68.59806823730469,27.57,67.30994415283203,27.65,86.53482055664062
29.15,90.42229461669922,27.85,80.30368041992188,28.05,67.4808578491211,27.580000000000005,70.68041229248047,27.660000000000004,86.47650909423828
29.16,90.59518432617188,27.86,79.90333557128906,28.06,66.59646606445312,27.590000000000003,74.11817932128906,27.67,86.45703887939453
29.17,90.7675552368164,27.870000000000005,80.83631896972656,28.07,65.8568344116211,27.6,77.63729095458984,27.68,86.45240020751953
29.18,90.93736267089844,27.880000000000003,82.2042236328125,28.08,65.24968719482422,27.61,81.18058776855469,27.690000000000005,86.47673034667969
29.19,91.11614227294922,27.89,83.64326477050781,28.09,64.71160888671875,27.620000000000005,84.66498565673828,27.700000000000003,86.55099487304688
29.200000000000003,91.29800415039062,27.9,84.93131256103516,28.1,64.14082336425781,27.630000000000003,88.06073760986328,27.71,86.62963104248047
29.21,91.45467376708984,27.910000000000004,85.95266723632812,28.11,63.53398513793945,27.64,91.3536148071289,27.72,86.69098663330078
29.22,91.59066009521484,27.92,86.66156005859375,28.12,62.91873550415039,27.65,94.56188201904295,27.730000000000004,86.7596206665039
29.23,91.71209716796876,27.93,87.35774230957031,28.130000000000003,62.34019088745117,27.660000000000004,97.6539306640625,27.74,86.71964263916016
29.24,91.8177261352539,27.940000000000005,88.17212677001953,28.14,61.84007263183594,27.67,100.61093139648438,27.75,86.42997741699219
29.25,91.92262268066406,27.950000000000003,88.9245376586914,28.15,61.49799728393555,27.68,103.35296630859376,27.76,86.06126403808594
29.26,92.02679443359376,27.96,89.64726257324219,28.16,61.37886428833008,27.690000000000005,105.77579498291016,27.770000000000003,85.7308120727539
29.270000000000003,92.1353530883789,27.97,90.27500915527344,28.17,61.575313568115234,27.700000000000003,107.78723907470705,27.78,85.4400634765625
29.3,92.48223114013672,27.980000000000004,90.869140625,28.18,62.16621398925781,27.71,109.2602767944336,27.79,85.11793518066406
29.31,92.55663299560548,27.99,91.48395538330078,28.19,63.17156982421875,27.72,110.25550079345705,27.800000000000004,84.98140716552734
29.32,92.58344268798828,28.0,92.11890411376952,28.200000000000003,64.6451416015625,27.730000000000004,110.69515228271484,27.81,85.18154907226562
29.33,92.5775375366211,28.01,92.7104034423828,28.21,66.4581298828125,27.74,110.55905151367188,27.82,85.4880142211914
29.340000000000003,92.56468200683594,28.020000000000003,93.21215057373048,28.22,68.47953796386719,27.75,109.69766235351562,27.83,85.68992614746094
29.35,92.537841796875,28.03,93.64376831054688,28.53,85.18053436279297,27.760000000000005,108.42321014404295,27.840000000000003,85.77239227294922
29.36,92.50157165527344,28.04,93.99468231201172,28.54,85.28911590576172,27.770000000000003,105.3993911743164,27.85,85.72989654541016
29.37,92.44772338867188,28.050000000000004,94.2646942138672,28.55,85.4412612915039,27.78,103.12305450439452,27.86,85.57791137695312
29.380000000000003,92.40007019042967,28.06,94.44835662841795,28.56,85.62539672851562,27.79,100.47412109375,27.870000000000005,85.38578796386719
29.39,92.37789154052734,28.07,94.6097183227539,28.57,85.8943099975586,27.800000000000004,97.2866668701172,27.880000000000003,85.17064666748047
29.4,92.38932800292967,28.08,94.80648803710938,28.58,86.22752380371094,27.81,93.8896713256836,27.89,84.98102569580078
29.41,92.44393920898438,28.090000000000003,95.0579071044922,28.59,86.59984588623047,27.82,90.92761993408205,27.9,84.835205078125
29.42,92.52008819580078,28.1,95.33450317382812,28.6,86.94029998779297,27.830000000000005,88.92042541503906,27.910000000000004,84.71602630615234
29.43,92.59122467041016,28.11,95.66105651855467,28.61,87.2238540649414,27.840000000000003,87.74107360839844,27.92,84.6502456665039
29.44,92.649658203125,28.120000000000005,96.02693176269533,28.62,87.47430419921875,27.85,86.89927673339844,27.93,84.64698028564453
29.450000000000003,92.7066879272461,28.130000000000003,96.36541748046876,28.630000000000003,87.7407455444336,27.86,86.26683807373047,27.940000000000005,84.68038940429688
29.46,92.7691421508789,28.14,96.6266860961914,28.64,88.07345581054688,27.870000000000005,85.78649139404297,27.950000000000003,84.76315307617188
29.47,92.87370300292967,28.15,96.8507843017578,28.65,88.45992279052734,27.880000000000003,85.36162567138672,27.96,84.88446807861328
29.48,93.0419464111328,28.160000000000004,97.08932495117188,28.66,88.85497283935547,27.89,85.08280181884766,27.97,85.06050109863281
29.49,93.27603912353516,28.17,97.38134002685548,28.67,89.2444076538086,27.9,84.85536193847656,27.980000000000004,85.25294494628906
29.5,93.55506134033205,28.18,97.72575378417967,28.68,89.65060424804688,27.910000000000004,84.6547622680664,27.99,85.40824127197266
29.51,93.8283920288086,28.190000000000005,98.09915161132812,28.69,90.08672332763672,27.92,84.47123718261719,28.0,85.52177429199219
29.520000000000003,94.08094787597656,28.200000000000003,98.48069763183594,28.700000000000003,90.5307388305664,27.93,84.30412292480469,28.01,85.62970733642578
29.53,94.27898406982422,28.21,98.84620666503906,28.71,90.96116638183594,27.940000000000005,84.09273529052734,28.020000000000003,85.76265716552734
29.54,94.4099578857422,28.22,99.23724365234376,28.72,91.3625259399414,27.950000000000003,83.8753890991211,28.03,85.91376495361328
29.55,94.49395751953124,28.230000000000004,99.66732025146484,28.73,91.65471649169922,27.96,83.70061492919922,28.04,86.05400085449219
29.700000000000003,94.1923370361328,28.24,100.18400573730467,28.74,91.74164581298828,27.97,83.57239532470703,28.050000000000004,86.15143585205078
29.71,94.1301498413086,28.25,100.75775146484376,28.75,91.6598129272461,27.980000000000004,83.46704864501953,28.06,86.23955535888672
29.72,94.08439636230467,28.26,101.38993072509766,28.76,91.47816467285156,27.99,83.39905548095703,28.07,86.31867218017578
29.73,94.05977630615234,28.270000000000003,102.03960418701172,28.77,91.27759552001952,28.0,83.35446166992188,28.08,86.37034606933594
29.74,94.03746795654295,28.28,102.70597076416016,28.78,91.0896224975586,28.010000000000005,83.324462890625,28.090000000000003,86.3984146118164
29.75,94.0192642211914,28.29,103.42090606689452,28.79,90.90185546875,28.020000000000003,83.30245208740234,28.1,86.41146850585938
29.76,93.99748229980467,28.300000000000004,104.25689697265624,28.8,90.70013427734376,28.03,83.28968048095703,28.11,86.42064666748047
29.770000000000003,93.97089385986328,28.31,105.22581481933594,28.81,90.46307373046876,28.04,83.27733612060547,28.120000000000005,86.4451675415039
29.78,93.94558715820312,28.32,106.22135925292967,28.82,90.18048858642578,28.050000000000004,83.26969909667969,28.130000000000003,86.49949645996094
29.79,93.91600799560548,28.33,107.19527435302734,28.83,89.88402557373047,28.06,83.26980590820312,28.14,86.59144592285156
29.8,93.8892059326172,28.340000000000003,108.0848159790039,28.84,89.6077651977539,28.07,83.28201293945312,28.15,86.68697357177734
29.81,93.87348175048828,28.35,108.88777160644533,28.85,89.37984466552734,28.080000000000005,83.29853820800781,28.160000000000004,86.76393127441406
29.82,93.87079620361328,28.36,109.67088317871094,28.86,89.19156646728516,28.090000000000003,83.31961822509766,28.17,86.87033081054688
29.83,93.86338806152344,28.520000000000003,120.6626205444336,28.87,89.03540802001953,28.1,83.3437271118164,28.18,87.01182556152344
29.840000000000003,93.84121704101562,28.53,120.68216705322266,28.880000000000003,88.88508605957031,28.11,83.36820220947266,28.190000000000005,87.13829040527344
29.85,93.80416107177734,28.54,120.61865997314452,28.89,88.7051773071289,28.120000000000005,83.38702392578125,28.200000000000003,87.24064636230469
29.86,93.75927734375,28.550000000000004,120.30937957763672,28.9,88.44833374023438,28.130000000000003,83.39942169189453,28.21,87.30538940429688
29.87,93.70085906982422,28.56,119.7854232788086,28.91,88.11864471435547,28.14,83.4067611694336,28.22,87.27957153320312
29.880000000000003,93.6497802734375,28.57,119.04074096679688,28.92,87.68067169189453,28.15,83.41217803955078,28.230000000000004,87.15731811523438
29.89,93.60035705566406,28.58,118.36418151855467,28.93,87.15926361083984,28.160000000000004,83.41635131835938,28.24,86.9870834350586
29.9,93.55249786376952,28.590000000000003,117.8604507446289,28.94,86.62887573242188,28.17,83.42040252685547,28.25,86.80829620361328
29.91,93.4988784790039,28.6,117.66960144042967,28.950000000000003,86.17147827148438,28.18,83.41812896728516,28.26,86.67633819580078
29.92,93.4387435913086,28.61,117.73258972167967,28.96,85.80204772949219,28.190000000000005,83.40178680419922,28.270000000000003,86.62998962402344
29.93,93.37186431884766,28.620000000000005,118.08858489990234,28.97,85.50676727294922,28.200000000000003,83.37060546875,28.28,86.66392517089844
29.94,93.31061553955078,28.630000000000003,118.66139221191406,28.98,85.23731231689453,28.21,83.32345581054688,28.29,86.67334747314453
29.950000000000003,93.25851440429688,28.64,119.27725219726562,28.99,84.98522186279297,28.22,83.26673126220703,28.300000000000004,86.53147888183594
30.0,93.09477996826172,28.65,119.87325286865234,29.0,84.72391510009766,28.230000000000004,83.20306396484375,28.31,86.24911499023438
30.01,93.0986099243164,28.660000000000004,120.53466033935548,29.01,84.44449615478516,28.24,83.1326904296875,28.32,85.93064880371094
30.020000000000003,93.11642456054688,28.67,121.33477783203124,29.02,84.18206024169922,28.25,83.04850006103516,28.33,85.61222839355469
30.03,93.13324737548828,28.68,122.19538116455078,29.03,83.94409942626953,28.260000000000005,82.94445037841797,28.340000000000003,85.24049377441406
30.04,93.15516662597656,28.690000000000005,123.04279327392578,29.04,83.73603820800781,28.270000000000003,82.79780578613281,28.35,84.90557098388672
30.05,93.177978515625,28.700000000000003,123.86280822753906,29.05,83.58438110351562,28.28,82.57547760009766,28.36,84.64189910888672
30.06,93.19966888427734,28.71,124.60306549072266,29.06,83.52273559570312,28.29,82.33063507080078,28.370000000000005,84.48725128173828
30.07,93.22694396972656,28.72,125.2487335205078,29.07,83.54452514648438,28.300000000000004,82.04353332519531,28.380000000000003,84.46902465820312
30.08,93.25597381591795,28.730000000000004,125.80705261230467,29.08,83.6522216796875,28.31,81.69837188720703,28.39,84.60074615478516
30.090000000000003,93.28720092773438,28.74,126.24227142333984,29.09,83.85244750976562,28.32,81.12886810302734,28.4,84.86844635009766
30.1,93.33272552490234,28.75,126.45108032226562,29.1,84.13007354736328,28.330000000000005,80.55958557128906,28.410000000000004,85.13673400878906
30.11,93.38101959228516,28.76,126.42022705078124,29.11,84.49855041503906,28.340000000000003,79.97447967529297,28.42,85.30542755126953
30.12,93.42009735107422,28.770000000000003,126.14492797851562,29.12,84.93338775634766,28.35,79.23599243164062,28.43,85.27399444580078
30.130000000000003,93.447509765625,28.78,125.72406005859376,29.130000000000003,85.42908477783203,28.36,78.42961120605469,28.440000000000005,85.03177642822266
30.14,93.4752197265625,28.79,125.16738891601562,29.14,85.93856048583984,28.370000000000005,77.50896453857422,28.450000000000003,84.57113647460938
30.15,93.50447845458984,28.800000000000004,124.48997497558594,29.15,86.45382690429688,28.380000000000003,76.57573699951172,28.46,84.04389190673828
30.16,93.5399169921875,28.81,123.66216278076172,29.16,86.94873046875,28.39,75.59843444824219,28.47,83.57901763916016
30.17,93.57492065429688,28.82,122.71319580078124,29.17,87.409912109375,28.4,74.54735565185547,28.480000000000004,83.2689437866211
30.18,93.61206817626952,28.83,121.63600158691406,29.18,87.79981994628906,28.410000000000004,73.3821029663086,28.49,83.06429290771484
30.19,93.64649963378906,28.840000000000003,120.39274597167967,29.19,88.15501403808594,28.42,72.06228637695312,28.5,82.91019439697266
30.200000000000003,93.67735290527344,28.85,119.07353973388672,29.200000000000003,88.53297424316406,28.43,70.63383483886719,28.51,82.77706146240234
30.21,93.71422576904295,28.86,117.88873291015624,29.21,88.96004486083984,28.440000000000005,69.15196990966797,28.520000000000003,82.6432113647461
30.22,93.74452209472656,28.870000000000005,116.88221740722656,29.22,89.44164276123047,28.450000000000003,67.7317123413086,28.53,82.50524139404297
30.23,93.77085876464844,28.880000000000003,116.04747772216795,29.23,89.96107482910156,28.46,66.49290466308594,28.54,82.37056732177734
30.24,93.8023910522461,28.89,115.30242156982422,29.24,90.4258041381836,28.47,65.61952209472656,28.550000000000004,82.24102020263672
30.25,93.83203125,28.9,114.5391082763672,29.66,96.70316314697266,28.480000000000004,65.5466079711914,28.56,82.1322021484375
30.450000000000003,91.31883239746094,28.910000000000004,113.66376495361328,29.67,96.69076538085938,28.49,65.96353149414062,28.57,82.05988311767578
30.46,91.26006317138672,28.92,112.76985931396484,29.68,96.68861389160156,28.5,66.7598648071289,28.58,82.00187683105469
30.47,91.23299407958984,28.93,111.98072814941406,29.69,96.67896270751952,28.510000000000005,67.88236236572266,28.590000000000003,81.93006896972656
30.48,91.21588897705078,28.940000000000005,111.35294342041016,29.700000000000003,96.66145324707033,28.520000000000003,69.27165222167969,28.6,81.84849548339844
30.49,91.1942367553711,28.950000000000003,110.90859985351562,29.71,96.63916778564452,28.53,70.92355346679688,28.61,81.76499938964844
30.5,91.15097045898438,28.96,110.60774993896484,29.72,96.62322235107422,28.54,72.77189636230469,28.620000000000005,81.6696548461914
30.51,91.10993957519533,28.97,110.39916229248048,29.73,96.60934448242188,28.550000000000004,74.54127502441406,28.630000000000003,81.5644760131836
30.520000000000003,91.08120727539062,28.980000000000004,110.16284942626952,29.74,96.5933074951172,28.56,75.77217102050781,28.64,81.46385955810547
30.53,91.06719970703124,28.99,109.88172912597656,29.75,96.57252502441406,28.57,76.38892364501953,28.65,81.3909683227539
30.54,91.0766143798828,29.0,109.58872985839844,29.76,96.5543212890625,28.580000000000005,76.80615234375,28.660000000000004,81.34223175048828
30.55,91.0897216796875,29.01,109.2701187133789,29.77,96.5446548461914,28.590000000000003,77.0748519897461,28.67,81.30721282958984
30.56,91.0893325805664,29.020000000000003,108.93578338623048,29.78,96.56485748291016,28.6,77.12320709228516,28.68,81.28742980957031
30.57,91.07762908935548,29.03,108.6414031982422,29.79,96.60108184814452,28.61,76.86701965332031,28.690000000000005,81.2730712890625
30.58,91.06138610839844,29.04,108.42833709716795,29.8,96.6249542236328,28.620000000000005,76.41202545166016,28.700000000000003,81.2774887084961
30.590000000000003,91.03839874267578,29.050000000000004,108.26589965820312,29.81,96.63278198242188,28.630000000000003,75.8387451171875,28.71,81.30940246582031
30.6,91.02127838134766,29.06,108.13726043701172,29.82,96.62462615966795,28.64,75.21097564697266,28.72,81.3645248413086
30.61,91.00760650634766,29.07,108.0642318725586,29.83,96.59984588623048,28.65,74.5390625,28.730000000000004,81.39399719238281
30.62,91.01361083984376,29.08,108.07955169677734,29.84,96.5633773803711,28.660000000000004,73.82539367675781,28.74,81.3740005493164
30.630000000000003,91.04792785644533,29.090000000000003,108.16075897216795,29.85,96.5352554321289,28.67,73.02296447753906,28.75,81.28668212890625
30.64,91.12948608398438,29.1,108.26782989501952,29.86,96.51200103759766,28.68,72.13792419433594,28.76,81.1731185913086
30.65,91.25666809082033,29.11,108.35768127441406,29.87,96.48876190185548,28.690000000000005,71.27509307861328,28.770000000000003,81.06672668457031
30.66,91.43968200683594,29.120000000000005,108.40377807617188,29.880000000000003,96.48231506347656,28.700000000000003,70.54206085205078,28.78,80.99456024169922
30.67,91.68791198730467,29.130000000000003,108.40464782714844,29.89,96.49279022216795,28.71,70.01725006103516,28.79,80.95648956298828
30.68,91.99115753173828,29.14,108.38072967529295,29.9,96.49237823486328,28.72,69.71751403808594,28.800000000000004,80.90133666992188
30.69,92.3399887084961,29.15,108.34305572509766,29.91,96.48462677001952,28.730000000000004,69.54507446289062,28.81,80.79131317138672
30.700000000000003,92.7106475830078,29.160000000000004,108.25924682617188,29.92,96.47037506103516,28.74,69.46395874023438,28.82,80.64525604248047
30.71,93.08145904541016,29.17,108.1292724609375,29.93,96.44366455078124,28.75,69.4494857788086,28.83,80.4969482421875
30.72,93.43602752685548,29.18,108.01036834716795,29.94,96.41444396972656,28.760000000000005,69.5916976928711,28.840000000000003,80.34671783447266
30.73,93.76910400390624,29.190000000000005,107.92501831054688,29.950000000000003,96.3819580078125,28.770000000000003,69.86437225341797,28.85,80.13492584228516
30.74,94.06095123291016,29.200000000000003,107.89776611328124,29.96,96.34660339355467,28.78,70.33201599121094,28.86,79.90281677246094
30.75,94.31004333496094,29.21,107.86593627929688,29.97,96.31517791748048,28.79,70.97796630859375,28.870000000000005,79.70606231689453
30.76,94.54865264892578,29.22,107.81449127197266,29.98,96.29708862304688,28.800000000000004,71.38154602050781,28.880000000000003,79.5523681640625
30.770000000000003,94.81072998046876,29.230000000000004,107.74388885498048,29.99,96.28337860107422,28.81,71.6712875366211,28.89,79.41748809814453
30.78,95.11344146728516,29.24,107.6448211669922,30.0,96.30545043945312,28.82,72.0443115234375,28.9,79.2861328125
30.79,95.4595718383789,29.25,107.5687484741211,30.01,96.3115005493164,28.830000000000005,72.84367370605469,28.910000000000004,79.1382064819336
30.8,95.82398986816406,29.26,107.50885772705078,30.02,96.30680847167967,28.840000000000003,73.97154235839844,28.92,78.97786712646484
30.81,96.18758392333984,29.270000000000003,107.45455169677734,30.03,96.29551696777344,28.85,75.16468048095703,28.93,78.82746887207031
30.82,96.55677795410156,29.28,107.41417694091795,30.04,96.28028869628906,28.86,76.17935943603516,28.940000000000005,78.6852035522461
30.83,96.95189666748048,29.29,107.4008560180664,30.05,96.2631607055664,28.870000000000005,77.05903625488281,28.950000000000003,78.55541229248047
30.840000000000003,97.38868713378906,29.300000000000004,107.40686798095705,30.06,96.25230407714844,28.880000000000003,77.92263793945312,28.96,78.45447540283203
30.85,97.88784790039062,29.31,107.41615295410156,30.07,96.24163055419922,28.89,78.78096771240234,28.97,78.39665222167969
30.86,98.42708587646484,29.32,107.413818359375,30.08,96.22630310058594,28.9,79.6143798828125,28.980000000000004,78.34942626953125
30.87,98.9908218383789,29.33,107.3979949951172,30.09,96.21780395507812,28.910000000000004,80.31094360351562,28.99,78.28662109375
30.880000000000003,99.55558776855467,29.340000000000003,107.38153839111328,30.1,96.25901794433594,28.92,80.92735290527344,29.0,78.24555206298828
30.89,100.10393524169922,29.35,107.37411499023438,30.11,96.32051849365234,28.93,81.4819564819336,29.01,78.24639129638672
30.9,100.59423828125,29.36,107.37882995605467,30.12,96.34839630126952,28.940000000000005,81.89653015136719,29.020000000000003,78.25408172607422
30.91,101.00926208496094,29.370000000000005,107.4084930419922,30.130000000000003,96.38595581054688,28.950000000000003,82.11296081542969,29.03,78.260009765625
30.92,101.37074279785156,29.380000000000003,107.46005249023438,30.14,96.42242431640624,28.96,82.15425109863281,29.04,78.27700805664062
30.93,101.71046447753906,29.39,107.52147674560548,30.15,96.43860626220705,28.97,82.22840881347656,29.050000000000004,78.32585144042969
30.94,102.02368927001952,29.4,107.58414459228516,30.16,96.42916870117188,28.980000000000004,82.26107788085938,29.06,78.40613555908203
30.950000000000003,102.3061981201172,29.410000000000004,107.6360855102539,30.17,96.40941619873048,28.99,82.28499603271484,29.07,78.50664520263672
30.96,102.55445098876952,29.42,107.6778335571289,30.18,96.39348602294922,29.0,82.28987121582031,29.08,78.61023712158203
30.97,102.80388641357422,29.43,107.7292709350586,30.19,96.37244415283205,29.010000000000005,82.28887939453125,29.090000000000003,78.70989227294922
30.98,103.0611801147461,29.440000000000005,107.79988861083984,30.200000000000003,96.34148406982422,29.020000000000003,82.27526092529297,29.1,78.80506134033203
30.99,103.23413848876952,29.450000000000003,107.88650512695312,30.21,96.32038879394533,29.03,82.24901580810547,29.11,78.90007019042969
31.0,103.24727630615234,29.46,107.97750091552734,30.22,96.28028106689452,29.04,82.20357513427734,29.120000000000005,79.00070190429688
31.01,103.13999938964844,29.47,108.0627212524414,30.23,96.24312591552734,29.050000000000004,82.1476058959961,29.130000000000003,79.12577056884766
31.020000000000003,102.9400405883789,29.480000000000004,108.14958953857422,30.24,96.1811294555664,29.06,82.09243774414062,29.14,79.27810668945312
31.03,102.68348693847656,29.49,108.25022888183594,30.25,96.07477569580078,29.07,82.03922271728516,29.15,79.44843292236328
31.04,102.381591796875,29.5,108.34955596923828,30.26,95.91233825683594,29.080000000000005,81.9919204711914,29.160000000000004,79.61576843261719
31.05,101.98297119140624,29.51,108.43563842773438,30.27,95.70220947265624,29.090000000000003,81.94888305664062,29.17,79.78311157226562
31.06,101.47608184814452,29.520000000000003,108.48176574707033,30.28,95.44012451171876,29.1,81.90979766845703,29.18,79.9407958984375
31.07,100.8395538330078,29.53,108.4635009765625,30.29,95.17878723144533,29.11,81.8699722290039,29.190000000000005,80.08403778076172
31.08,99.97858428955078,29.54,108.38072204589844,30.3,94.9730224609375,29.120000000000005,81.8263168334961,29.200000000000003,80.22201538085938
31.090000000000003,98.82431030273438,29.550000000000004,108.25362396240234,30.31,94.81240844726562,29.130000000000003,81.78553009033203,29.21,80.3523941040039
31.1,97.34600067138672,29.56,108.10334014892578,30.32,94.7066879272461,29.14,81.74744415283203,29.22,80.47981262207031
31.11,95.69994354248048,29.57,107.95127868652344,30.33,94.66021728515624,29.15,81.71158599853516,29.230000000000004,80.60758972167969
31.12,93.87000274658205,29.58,107.8244857788086,30.34,94.67798614501952,29.160000000000004,81.67796325683594,29.24,80.73982238769531
31.130000000000003,92.0462875366211,29.590000000000003,107.74710083007812,30.35,94.78456115722656,29.17,81.6473159790039,29.25,80.8941650390625
31.14,90.31339263916016,29.6,107.68856811523438,30.36,94.87445068359376,29.18,81.61827087402344,29.26,81.05601501464844
31.15,88.5165023803711,29.61,107.61846160888672,30.37,94.94463348388672,29.190000000000005,81.59528350830078,29.270000000000003,81.21908569335938
31.16,86.71187591552734,29.620000000000005,107.50606536865234,30.380000000000003,94.98162841796876,29.200000000000003,81.57382202148438,29.28,81.39419555664062
31.17,85.04693603515625,29.630000000000003,107.3837661743164,30.39,94.96700286865234,29.21,81.554443359375,29.29,81.58383178710938
31.18,83.70719146728516,29.64,107.28571319580078,30.4,94.90792846679688,29.22,81.5396728515625,29.300000000000004,81.78488159179688
31.19,82.55648803710938,29.65,107.22251892089844,30.41,94.81612396240234,29.230000000000004,81.5322036743164,29.31,81.98573303222656
31.200000000000003,81.44847106933594,29.660000000000004,107.19708251953124,30.42,94.68157958984376,29.24,81.52796936035156,29.32,82.18311309814453
31.21,80.24633026123047,29.67,107.18293762207033,30.43,94.5111083984375,29.25,81.5351333618164,29.33,82.37059020996094
31.22,78.9410400390625,29.68,107.15579223632812,30.44,94.26263427734376,29.260000000000005,81.52935791015625,29.340000000000003,82.54598999023438
31.23,77.50312805175781,29.690000000000005,107.1125717163086,30.450000000000003,93.93531036376952,29.270000000000003,81.51914978027344,29.35,82.70417785644531
31.24,75.95799255371094,29.700000000000003,107.06249237060548,30.46,93.54427337646484,29.28,81.5057601928711,29.36,82.86905670166016
31.25,74.39262390136719,29.71,107.02310943603516,30.47,93.08631896972656,29.29,81.48835754394531,29.370000000000005,83.04752349853516
31.26,72.91386413574219,29.72,106.98463439941406,30.48,92.5594711303711,29.300000000000004,81.46359252929688,29.380000000000003,83.22543334960938
31.270000000000003,71.55071258544922,29.730000000000004,106.9599151611328,30.49,91.93927764892578,29.31,81.42322540283203,29.39,83.39277648925781
31.28,70.27742767333984,29.74,106.96298217773438,30.5,91.22203826904295,29.32,81.36054992675781,29.4,83.54920196533203
31.29,69.05188751220703,29.75,106.9658432006836,30.51,90.37492370605467,29.330000000000005,81.2817153930664,29.410000000000004,83.69711303710938
31.3,67.87190246582031,29.76,106.95980072021484,30.52,89.39691162109375,29.340000000000003,81.19160461425781,29.42,83.82996368408203
31.31,66.80256652832031,29.770000000000003,106.95406341552734,30.53,88.24861145019531,29.35,81.10174560546875,29.43,83.95307922363281
31.32,65.86591339111328,29.78,106.96314239501952,30.54,86.91699981689453,29.36,81.01817321777344,29.440000000000005,84.07255554199219
31.33,65.09367370605469,29.79,106.96932220458984,30.55,85.43463897705078,29.370000000000005,80.94525146484375,29.450000000000003,84.18739318847656
31.340000000000003,64.4567642211914,29.800000000000004,106.97541046142578,30.56,83.8087158203125,29.380000000000003,80.8871841430664,29.46,84.30130767822266
31.35,63.87936782836914,29.81,106.96820068359376,30.57,82.11772918701172,29.39,80.84290313720703,29.47,84.40656280517578
31.36,63.30550765991211,29.82,106.94004821777344,30.58,80.39653015136719,29.4,80.81258392333984,29.480000000000004,84.49737548828125
31.37,62.69641876220703,29.83,106.8917465209961,30.59,78.6313705444336,29.410000000000004,80.80109405517578,29.49,84.5734634399414
31.380000000000003,62.04851531982422,29.840000000000003,106.83357238769533,30.6,76.86564636230469,29.42,80.8045883178711,29.5,84.62622833251953
31.39,61.39787673950195,29.85,106.77837371826172,30.61,75.2846450805664,29.43,80.82210540771484,29.51,84.65071868896484
31.4,60.81221008300781,29.86,106.73149871826172,30.62,73.9472427368164,29.440000000000005,80.84968566894531,29.520000000000003,84.65135955810547
31.41,60.36314010620117,29.870000000000005,106.6895980834961,30.630000000000003,72.86185455322266,29.450000000000003,80.89220428466797,29.53,84.63262176513672
31.42,60.13120651245117,29.880000000000003,106.6481704711914,30.64,71.83909606933594,29.46,80.94763946533203,29.54,84.60684967041016
31.43,60.13672637939453,29.89,106.6034927368164,30.65,70.8224105834961,29.47,81.01456451416016,29.550000000000004,84.5751953125
31.44,60.38379287719727,29.9,106.5548858642578,30.66,69.843017578125,29.480000000000004,81.09339141845703,29.56,84.53082275390625
31.450000000000003,60.81673049926758,29.910000000000004,106.50509643554688,30.67,68.8906478881836,29.49,81.19277954101562,29.57,84.49959564208984
31.46,61.43324661254883,29.92,106.46517944335938,30.68,67.97400665283203,29.5,81.30675506591797,29.58,84.48416900634766
31.47,62.2353744506836,29.93,106.43190002441406,30.69,67.11473083496094,29.510000000000005,81.43071746826172,29.590000000000003,84.47969055175781
31.48,63.19248962402344,29.940000000000005,106.3845672607422,30.700000000000003,66.37313842773438,29.520000000000003,81.5605239868164,29.6,84.49004364013672
31.49,64.25591278076172,29.950000000000003,106.37274169921876,30.71,65.7146987915039,29.53,81.68948364257812,29.61,84.51477813720703
31.5,65.21632385253906,29.96,106.36642456054688,30.72,65.1528091430664,29.54,81.71568298339844,29.620000000000005,84.5491714477539
31.51,65.74942779541016,29.97,106.35904693603516,30.73,64.6749038696289,29.550000000000004,81.7293472290039,29.630000000000003,84.58161926269531
31.520000000000003,65.73966979980469,29.980000000000004,106.34770965576172,30.74,64.2787094116211,29.56,81.74201965332031,29.64,84.61067962646484
31.53,65.4609375,29.99,106.3338394165039,30.75,63.96915817260742,29.57,81.75311279296875,29.65,84.63583374023438
31.54,65.12288665771484,30.0,106.33281707763672,30.76,63.72508239746094,29.580000000000005,81.76180267333984,29.660000000000004,84.65509796142578
31.55,64.76486206054688,30.01,106.34038543701172,30.77,63.55372619628906,29.590000000000003,81.7708969116211,29.72,84.73419952392578
31.56,64.41516876220703,30.020000000000003,106.3488311767578,30.78,63.44227600097656,29.6,81.77703857421875,29.730000000000004,84.74063873291016
31.57,64.11262512207031,30.03,106.35285949707033,30.79,63.43218994140625,29.61,81.78240966796875,29.74,84.72459411621094
31.58,63.8685302734375,30.04,106.35090637207033,30.8,63.53803634643555,29.620000000000005,81.78447723388672,29.75,84.68316650390625
31.590000000000003,63.68106842041016,30.050000000000004,106.33989715576172,30.81,63.7871208190918,29.630000000000003,81.7874984741211,29.76,84.63458251953125
31.6,63.55072021484375,30.06,106.32310485839844,30.82,64.2070541381836,29.64,81.7929916381836,29.770000000000003,84.58775329589844
31.61,63.51264190673828,30.07,106.3073501586914,30.83,64.7392349243164,29.65,81.80177307128906,29.78,84.55183410644531
31.62,63.570457458496094,30.08,106.30292510986328,30.84,65.2716064453125,29.660000000000004,81.81251525878906,29.79,84.52985382080078
31.630000000000003,63.69807434082031,30.090000000000003,106.30237579345705,30.85,65.72099304199219,29.67,81.82759094238281,29.800000000000004,84.52397918701172
31.64,63.9052963256836,30.1,106.29353332519533,30.86,66.10749053955078,29.68,81.83538055419922,29.81,84.53118133544922
31.65,64.13105010986328,30.11,106.27791595458984,30.87,66.43438720703125,29.690000000000005,81.83938598632812,29.82,84.54755401611328
31.66,64.33563995361328,30.120000000000005,106.25413513183594,30.880000000000003,66.5829086303711,29.700000000000003,81.84510040283203,29.83,84.57730102539062
31.67,64.3554458618164,30.130000000000003,106.2256088256836,30.89,66.47860717773438,29.71,81.85204315185547,29.840000000000003,84.61682891845703
31.68,64.03424835205078,30.14,106.19788360595705,30.9,66.28256225585938,29.72,81.85694885253906,29.85,84.65453338623047
31.69,63.5963249206543,30.15,106.15696716308594,30.91,66.14937591552734,29.730000000000004,81.86080932617188,29.86,84.6866455078125
31.700000000000003,63.53828048706055,30.160000000000004,106.1095962524414,30.92,66.08796691894531,29.74,81.86713409423828,29.870000000000005,84.71265411376953
31.71,63.96647262573242,30.17,106.06929779052734,30.93,66.0413818359375,29.75,81.87471008300781,29.880000000000003,84.74163818359375
31.72,64.93395233154297,30.18,106.0310287475586,30.94,65.97139739990234,29.760000000000005,81.88127899169922,29.89,84.76887512207031
31.73,66.16510772705078,30.190000000000005,105.99130249023438,30.950000000000003,65.85983276367188,29.770000000000003,81.88745880126953,29.9,84.80400085449219
31.74,67.47697448730469,30.200000000000003,105.9437484741211,30.96,65.67593383789062,29.78,81.8947525024414,29.910000000000004,84.84777069091797
31.75,68.67839813232422,30.21,105.8822021484375,30.97,65.50292205810547,29.79,81.89618682861328,29.92,84.88460540771484
31.76,69.5583267211914,30.22,105.81333923339844,30.98,65.4129638671875,29.800000000000004,81.89590454101562,29.93,84.92233276367188
31.770000000000003,70.37580108642578,30.230000000000004,105.75138854980467,30.99,65.37004852294922,29.81,81.89470672607422,29.940000000000005,84.95655822753906
31.78,71.23596954345703,30.24,105.69617462158205,31.0,65.35572052001953,29.82,81.89502716064453,29.950000000000003,84.97823333740234
31.79,72.02423858642578,30.25,105.6461944580078,31.01,65.41043853759766,29.830000000000005,81.89795684814453,29.96,84.99127197265625
31.8,72.76315307617188,30.26,105.59988403320312,31.02,65.5741195678711,29.840000000000003,81.90126037597656,29.97,85.01116943359375
31.81,73.52897644042969,30.270000000000003,105.55003356933594,31.03,65.81372833251953,29.85,81.90156555175781,29.980000000000004,85.03238677978516
31.82,74.34378814697266,30.28,105.48849487304688,31.04,66.10812377929688,29.86,81.9022445678711,29.99,85.05352783203125
31.83,75.25796508789062,30.29,105.41291809082033,31.05,66.57342529296875,29.870000000000005,81.90494537353516,30.0,85.08293914794922
31.840000000000003,76.29327392578125,30.300000000000004,105.3302993774414,31.06,66.94671630859375,29.880000000000003,81.90977478027344,30.01,85.10760498046875
31.85,77.4555892944336,30.31,105.2392120361328,31.07,66.96858978271484,29.89,81.9193344116211,30.020000000000003,85.12590026855469
31.86,78.65480041503906,30.32,105.1174545288086,31.08,66.82875061035156,29.9,81.93067932128906,30.03,85.14167022705078
31.87,79.85543823242188,30.33,104.98796844482422,31.09,66.8525619506836,29.910000000000004,81.94151306152344,30.04,85.15497589111328
31.880000000000003,81.09126281738281,30.340000000000003,104.89329528808594,31.1,67.21514892578125,29.92,81.951416015625,30.050000000000004,85.15131378173828
31.89,82.37109375,30.35,104.84817504882812,31.11,67.91451263427734,29.93,81.96012878417969,30.06,85.13755798339844
31.9,83.6304931640625,30.36,104.8363037109375,31.12,68.8947982788086,29.940000000000005,81.9685287475586,30.07,85.1229248046875
31.91,84.80899047851562,30.370000000000005,104.83599090576172,31.130000000000003,69.96641540527344,29.950000000000003,81.97949981689453,30.08,85.11725616455078
31.92,85.88533782958984,30.380000000000003,104.82843780517578,31.14,71.01042938232422,29.96,81.98975372314453,30.090000000000003,85.11427307128906
31.93,86.90278625488281,30.39,104.80851745605467,31.15,71.94702911376953,29.97,82.00070190429688,30.1,85.09059143066406
31.94,87.89379119873047,30.4,104.77996826171876,31.16,72.81387329101562,29.980000000000004,82.01278686523438,30.11,85.05392456054688
31.950000000000003,88.82254028320312,30.410000000000004,104.80436706542967,31.17,73.69939422607422,29.99,82.02488708496094,30.120000000000005,85.0054931640625
31.96,89.70037078857422,30.42,104.85749816894533,31.18,74.62162780761719,30.0,82.03622436523438,30.130000000000003,84.94718170166016
31.97,90.540283203125,30.43,104.91757202148438,31.19,75.4923324584961,30.010000000000005,82.04857635498047,30.14,84.88238525390625
31.98,91.31507110595705,30.440000000000005,104.99543762207033,31.200000000000003,76.28056335449219,30.020000000000003,82.0614013671875,30.15,84.80449676513672
31.99,92.00764465332033,30.450000000000003,105.09645080566406,31.21,77.02019500732422,30.03,82.07298278808594,30.160000000000004,84.71163177490234
32.0,92.62403869628906,30.46,105.25123596191406,31.22,77.75800323486328,30.04,82.08643341064453,30.17,84.60623931884766
32.01,93.2172393798828,30.47,105.42972564697266,31.23,78.49737548828125,30.050000000000004,82.099609375,30.18,84.49345397949219
32.02,93.8161163330078,30.480000000000004,105.5889129638672,31.24,79.24935150146484,30.06,82.11400604248047,30.190000000000005,84.37382507324219
32.03,94.38031005859376,30.49,105.70442199707033,31.25,80.04229736328125,30.07,82.12796783447266,30.200000000000003,84.24696350097656
32.04,94.8445053100586,30.5,105.78558349609376,31.26,80.91107177734375,30.080000000000005,82.14311218261719,30.21,84.1053237915039
32.05,95.28887176513672,30.51,105.88253784179688,31.27,81.8718032836914,30.090000000000003,82.16120147705078,30.22,83.94218444824219
32.06,95.79511260986328,30.520000000000003,105.95687866210938,31.28,82.9446029663086,30.1,82.17735290527344,30.230000000000004,83.763671875
32.07,96.38499450683594,30.53,106.02217864990234,31.29,84.0710220336914,30.11,82.19853210449219,30.24,83.59008026123047
32.08,97.08953857421876,30.54,106.05827331542967,31.3,85.16050720214844,30.120000000000005,82.22173309326172,30.25,83.40442657470703
32.09,97.80552673339844,30.550000000000004,106.08561706542967,31.31,86.1806411743164,30.130000000000003,82.24958801269531,30.26,83.18901824951172
32.1,98.42127227783205,30.56,106.11486053466795,31.32,87.15575408935547,30.14,82.27942657470703,30.270000000000003,82.95049285888672
32.11,98.84040069580078,30.57,106.13795471191406,31.33,88.10980224609375,30.15,82.30874633789062,30.28,82.7179946899414
32.12,99.18977355957033,30.58,106.15550994873048,31.34,89.05027770996094,30.160000000000004,82.3370132446289,30.29,82.50296020507812
32.13,99.4814910888672,30.590000000000003,106.15850830078124,31.35,89.9606704711914,30.17,82.36636352539062,30.300000000000004,82.29833984375
32.14,99.71957397460938,30.6,106.15656280517578,31.36,90.84303283691406,30.18,82.39594268798828,30.31,82.09068298339844
32.15,99.9155502319336,30.61,106.16223907470705,31.37,91.73418426513672,30.190000000000005,82.42823791503906,30.32,81.87930297851562
32.16,100.1391372680664,30.620000000000005,106.1829833984375,31.380000000000003,92.6540298461914,30.200000000000003,82.460693359375,30.33,81.66242980957031
32.17,100.3514175415039,30.630000000000003,106.21552276611328,31.39,93.60488891601562,30.21,82.49031066894531,30.340000000000003,81.44598388671875
32.18,100.54004669189452,30.64,106.27041625976562,31.4,94.5947494506836,30.22,82.51932525634766,30.35,81.23673248291016
32.19,100.72003936767578,30.65,106.337158203125,31.41,95.60820770263672,30.230000000000004,82.54591369628906,30.36,81.03643035888672
32.2,100.82429504394533,30.660000000000004,106.40787506103516,31.42,96.68228149414062,30.24,82.5652084350586,30.370000000000005,80.84159851074219
32.21,100.8013916015625,30.67,106.48363494873048,31.43,97.82997131347656,30.25,82.5863037109375,30.380000000000003,80.65782165527344
32.22,100.5999984741211,30.68,106.5941162109375,31.44,98.9222412109375,30.260000000000005,82.61351776123047,30.39,80.48475646972656
32.23,100.1479949951172,30.690000000000005,106.7167739868164,31.450000000000003,99.72454833984376,30.270000000000003,82.63976287841797,30.4,80.33390045166016
32.24,99.39476776123048,30.700000000000003,106.82502746582033,31.46,100.2599639892578,30.28,82.67080688476562,30.410000000000004,80.19125366210938
32.25,98.44710540771484,30.71,106.90275573730467,31.47,100.71195220947266,30.29,82.69937896728516,30.42,80.03190612792969
32.26,97.32225036621094,30.72,106.95491790771484,31.48,101.20222473144533,30.300000000000004,82.72888946533203,30.43,79.83740997314453
32.27,96.09745025634766,30.730000000000004,107.0116958618164,31.49,101.7362060546875,30.31,82.76106262207031,30.440000000000005,79.61536407470703
32.28,94.79827880859376,30.74,107.09821319580078,31.5,102.2822494506836,30.32,82.79522705078125,30.620000000000005,75.19341278076172
32.29,93.31136322021484,30.75,107.20565032958984,31.51,102.78824615478516,30.330000000000005,82.82330322265625,30.630000000000003,74.99305725097656
32.3,91.7303466796875,30.76,107.30455017089844,31.52,103.24769592285156,30.340000000000003,82.85030364990234,30.64,74.78954315185547
32.31,90.14309692382812,30.770000000000003,107.37456512451172,31.53,103.65807342529295,30.35,82.87818145751953,30.65,74.60053253173828
32.32,88.67414855957031,30.78,107.4355926513672,31.54,103.9681625366211,30.36,82.90636444091797,30.660000000000004,74.40914916992188
32.33,87.47664642333984,30.79,107.50467681884766,31.55,104.1881866455078,30.370000000000005,82.93519592285156,30.67,74.22528076171875
32.34,86.50399017333984,30.800000000000004,107.59597778320312,31.56,104.3518524169922,30.380000000000003,82.96710205078125,30.68,74.04631805419922
32.35,85.55075073242188,30.81,107.73713684082033,31.57,104.51292419433594,30.39,83.0028076171875,30.690000000000005,73.876220703125
32.36,84.47734069824219,30.82,107.90685272216795,31.58,104.72217559814452,30.4,83.04499816894531,30.700000000000003,73.73746490478516
32.37,83.22700500488281,30.83,108.08143615722656,31.59,104.94183349609376,30.410000000000004,83.09117126464844,30.71,73.64463806152344
32.38,81.8530044555664,30.840000000000003,108.24679565429688,31.6,105.1573715209961,30.42,83.12071990966797,30.72,73.59369659423828
32.39,80.41741180419922,30.85,108.41664123535156,31.61,105.31952667236328,30.43,83.12915802001953,30.730000000000004,73.53845977783203
32.4,78.98456573486328,30.86,108.61474609375,31.62,105.43141174316406,30.440000000000005,83.12582397460938,30.74,73.4577407836914
32.41,77.57762908935547,30.870000000000005,108.8449478149414,31.630000000000003,105.46885681152344,30.450000000000003,83.11508178710938,30.75,73.36119079589844
32.42,76.18568420410156,30.880000000000003,109.11127471923828,31.64,105.40899658203124,30.46,83.10542297363281,30.76,73.28175354003906
32.43,74.78252410888672,30.89,109.35989379882812,31.65,105.2830810546875,30.47,83.1009750366211,30.770000000000003,73.19580078125
32.44,73.39128875732422,30.9,109.60920715332033,31.66,105.08002471923828,30.480000000000004,83.10588836669922,30.78,72.99992370605469
32.45,72.06050872802734,30.910000000000004,109.85433959960938,31.67,104.71625518798828,30.49,83.12255859375,30.79,72.63895416259766
32.46,70.83515930175781,30.92,110.09661865234376,31.68,104.0257797241211,30.5,83.15283203125,30.800000000000004,72.19829559326172
32.47,69.83052062988281,30.93,110.32312774658205,31.69,102.9117660522461,30.510000000000005,83.19029235839844,30.81,71.8584976196289
32.48,68.966064453125,30.940000000000005,110.53485107421876,31.700000000000003,101.52161407470705,30.520000000000003,83.23674774169922,30.82,71.69229888916016
32.49,68.20348358154297,30.950000000000003,110.82740783691406,31.71,100.0427474975586,30.53,83.28580474853516,30.83,71.72866821289062
32.5,67.45670318603516,30.96,111.22747039794922,31.72,98.4704818725586,30.54,83.32844543457031,30.840000000000003,71.81792449951172
32.51,66.61354064941406,30.97,111.7187728881836,31.73,96.7761001586914,30.550000000000004,83.36236572265625,30.85,71.88307189941406
32.52,65.61184692382812,30.980000000000004,112.24734497070312,31.74,94.99373626708984,30.56,83.38837432861328,30.86,71.80845642089844
32.53,64.51160430908203,30.99,112.7607879638672,31.75,93.07437133789062,30.57,83.40570831298828,30.870000000000005,71.63207244873047
32.54,63.40090560913086,31.0,113.2449188232422,31.76,91.13919830322266,30.580000000000005,83.42091369628906,30.880000000000003,71.4227066040039
32.55,62.33130645751953,31.01,113.77272033691406,31.77,89.3619155883789,30.590000000000003,83.43499755859375,30.89,71.22449493408203
32.56,61.364402770996094,31.020000000000003,114.37220764160156,31.78,87.71947479248047,30.6,83.44740295410156,30.9,71.09996032714844
32.57,60.61349105834961,31.03,115.09605407714844,31.79,86.33098602294922,30.61,83.45907592773438,30.910000000000004,71.0605697631836
32.58,60.099151611328125,31.04,115.91726684570312,31.8,85.24446868896484,30.620000000000005,83.47166442871094,30.92,71.0419921875
32.59,59.85141372680664,31.050000000000004,116.89505004882812,31.81,84.21537780761719,30.630000000000003,83.48027801513672,30.93,71.01873779296875
32.6,59.86588668823242,31.06,117.97367095947266,31.82,83.00065612792969,30.64,83.48615264892578,30.940000000000005,70.9587631225586
32.61,60.11899948120117,31.07,119.08678436279295,31.83,81.45535278320312,30.65,83.49128723144531,30.950000000000003,70.83989715576172
32.62,60.62541198730469,31.08,120.25088500976562,31.84,79.76612854003906,30.660000000000004,83.49463653564453,30.96,70.67803955078125
32.63,61.36254501342773,31.090000000000003,121.48011016845705,31.85,78.11412048339844,30.67,83.49898529052734,30.97,70.54683685302734
32.64,62.37885665893555,31.1,122.7977066040039,31.86,76.52110290527344,30.68,83.50695037841797,30.980000000000004,70.64329528808594
32.65,63.72847366333008,31.11,124.2159423828125,31.87,74.88274383544922,30.690000000000005,83.51655578613281,30.99,70.88416290283203
32.66,65.22940063476562,31.120000000000005,125.77399444580078,31.880000000000003,73.14083099365234,30.700000000000003,83.5236587524414,31.0,71.11528015136719
32.67,66.39247131347656,31.130000000000003,127.4605712890625,31.89,71.33300018310547,30.71,83.532470703125,31.01,71.29778289794922
32.68,66.6174545288086,31.14,129.21055603027344,31.9,69.56226348876953,30.72,83.54078674316406,31.020000000000003,71.52279663085938
32.69,65.86542510986328,31.15,131.01768493652344,31.91,67.96540069580078,30.730000000000004,83.55194091796875,31.03,71.79911804199219
32.7,64.67131805419922,31.160000000000004,132.73464965820312,31.92,66.61134338378906,30.74,83.56340026855469,31.04,72.00321960449219
32.71,63.71142578125,31.17,134.22897338867188,31.93,65.51966857910156,30.75,83.57853698730469,31.050000000000004,72.1139907836914
32.72,63.05669403076172,31.18,135.5263671875,31.94,64.75267791748047,30.760000000000005,83.59040832519531,31.06,72.1531753540039
32.73,62.66069793701172,31.190000000000005,136.6522216796875,31.950000000000003,64.20699310302734,30.770000000000003,83.59799194335938,31.07,72.18072509765625
32.74,62.38676071166992,31.200000000000003,137.72776794433594,31.96,63.80475997924805,30.78,83.6001205444336,31.08,72.25447082519531
32.75,62.22836685180664,31.21,138.82275390625,31.97,63.39301681518555,30.79,83.6009521484375,31.090000000000003,72.38733673095703
32.76,62.29798889160156,31.22,139.68870544433594,31.98,62.85900115966797,30.800000000000004,83.6034164428711,31.1,72.57884979248047
32.77,62.66003036499024,31.230000000000004,140.34744262695312,31.99,62.223907470703125,30.81,83.60938262939453,31.11,72.74932098388672
32.78,63.00860595703125,31.24,141.00115966796875,32.0,61.522926330566406,30.82,83.61511993408203,31.120000000000005,72.8936538696289
32.79,63.09886169433594,31.25,141.66197204589844,32.01,60.70868682861328,30.830000000000005,83.61955261230469,31.130000000000003,72.99739074707031
32.8,62.77540969848633,31.26,142.20150756835938,32.02,59.89518737792969,30.840000000000003,83.61945343017578,31.14,73.06275939941406
32.81,62.26721954345703,31.270000000000003,142.5019073486328,32.03,59.29461669921875,30.85,83.61308288574219,31.15,73.13916778564453
32.82,61.798641204833984,31.28,142.48779296875,32.04,58.97188568115234,30.86,83.59862518310547,31.160000000000004,73.24180603027344
32.83,61.19097137451172,31.29,142.13844299316406,32.05,59.017974853515625,30.870000000000005,83.57738494873047,31.17,73.3687744140625
32.84,60.69915771484375,31.300000000000004,141.4483184814453,32.06,59.46550750732422,30.880000000000003,83.54998779296875,31.18,73.52391052246094
32.85,60.80016326904297,31.31,140.46617126464844,32.07,60.43208312988281,30.89,83.5096206665039,31.190000000000005,73.7154312133789
32.86,61.49809265136719,31.32,139.1568145751953,32.08,62.084659576416016,30.9,83.4554672241211,31.200000000000003,73.94578552246094
32.87,62.7612533569336,31.33,137.63697814941406,32.09,64.01355743408203,30.910000000000004,83.38402557373047,31.21,74.19998168945312
32.88,64.3196029663086,31.340000000000003,135.92149353027344,32.1,65.9524917602539,30.92,83.29456329345703,31.22,74.43018341064453
32.89,65.87307739257812,31.35,134.09161376953125,32.11,67.20964813232422,30.93,83.2046890258789,31.230000000000004,74.60333251953125
32.9,67.21150207519531,31.36,132.1034393310547,32.12,67.29946899414062,30.940000000000005,83.10686492919922,31.24,74.73829650878906
32.91,68.1031265258789,31.370000000000005,129.94107055664062,32.13,65.99370574951172,30.950000000000003,83.00283813476562,31.25,74.82779693603516
32.92,69.06783294677734,31.380000000000003,127.53558349609376,32.14,63.99660873413086,30.96,82.89622497558594,31.26,74.89486694335938
32.93,70.03378295898438,31.39,124.8732681274414,32.15,62.45347213745117,30.97,82.78646087646484,31.270000000000003,74.97046661376953
32.94,70.96270751953125,31.4,122.02323150634766,32.16,61.37647247314453,30.980000000000004,82.67317962646484,31.28,75.08753204345703
32.95,71.94488525390625,31.410000000000004,119.04467010498048,32.17,60.88454055786133,30.99,82.55767059326172,31.29,75.26534271240234
32.96,73.0065689086914,31.42,116.01146697998048,32.18,60.81850051879883,31.0,82.40670776367188,31.300000000000004,75.50525665283203
32.97,74.09014892578125,31.43,112.93655395507812,32.19,61.0854606628418,31.010000000000005,82.18451690673828,31.31,75.74474334716797
32.98,75.20771789550781,31.440000000000005,109.81610107421876,32.2,61.586036682128906,31.020000000000003,81.86384582519531,31.32,75.95075988769531
32.99,76.4012451171875,31.450000000000003,106.630859375,32.21,62.29388427734375,31.03,81.51225280761719,31.33,76.1205825805664
33.0,77.68878936767578,31.46,103.40855407714844,32.22,63.15024566650391,31.04,80.95410919189453,31.340000000000003,76.26630401611328
33.01,79.10643768310547,31.47,100.18057250976562,32.23,63.8625602722168,31.050000000000004,80.17118835449219,31.35,76.39125061035156
33.02,80.60433959960938,31.480000000000004,96.95288848876952,32.24,64.11253356933594,31.06,79.11822509765625,31.36,76.50066375732422
33.03,82.10042572021484,31.49,93.71871948242188,32.25,64.3694076538086,31.07,77.81473541259766,31.370000000000005,76.58490753173828
33.04,83.48307037353516,31.5,90.4698486328125,32.26,64.74359893798828,31.080000000000005,76.20336151123047,31.380000000000003,76.64881896972656
33.05,84.72152709960938,31.51,87.32079315185547,32.27,65.0491943359375,31.090000000000003,74.25130462646484,31.39,76.74810028076172
33.06,85.82768249511719,31.520000000000003,84.46630096435547,32.28,65.19705963134766,31.1,71.90752410888672,31.4,76.88217163085938
33.07,86.84358215332031,31.53,81.83541870117188,32.29,65.19102478027344,31.11,69.06631469726562,31.410000000000004,77.05046844482422
33.08,87.77063751220703,31.54,79.36580657958984,32.3,65.1948013305664,31.120000000000005,65.74040222167969,31.42,77.27149200439453
33.09,88.62831115722656,31.550000000000004,77.05068969726562,32.31,65.470947265625,31.130000000000003,61.89342880249024,31.43,77.54481506347656
33.1,89.51655578613281,31.56,74.980224609375,32.32,66.0589828491211,31.14,57.597164154052734,31.440000000000005,77.83016967773438
33.11,90.47998809814452,31.57,73.22054290771484,32.33,67.0253677368164,31.15,52.99497222900391,31.450000000000003,78.11766052246094
33.12,91.42801666259766,31.58,71.96324157714844,32.34,68.32965850830078,31.160000000000004,48.28860092163086,31.46,78.40142822265625
33.13,92.27297973632812,31.590000000000003,71.2545394897461,32.35,69.69740295410156,31.17,43.772705078125,31.47,78.6607894897461
33.14,93.02542114257812,31.6,71.00981903076172,32.36,71.036865234375,31.18,39.603057861328125,31.480000000000004,78.86943054199219
33.15,93.76580810546876,31.61,71.29043579101562,32.37,72.24948120117188,31.190000000000005,36.07301712036133,31.49,79.04395294189453
33.16,94.49413299560548,31.620000000000005,71.9292984008789,32.38,73.0933609008789,31.200000000000003,33.72385787963867,31.5,79.1982192993164
33.17,95.19554138183594,31.630000000000003,72.94691467285156,32.39,73.87659454345703,31.21,32.719364166259766,31.51,79.32467651367188
33.18,95.80681610107422,31.64,74.21930694580078,32.4,74.8791275024414,31.22,32.28093719482422,31.520000000000003,79.40560913085938
33.19,96.32874298095705,31.65,75.7557373046875,32.41,75.98619079589844,31.230000000000004,32.64805603027344,31.53,79.45895385742188
33.2,96.81531524658205,31.660000000000004,77.24701690673828,32.42,77.00630187988281,31.24,33.34492874145508,31.54,79.55831909179688
33.21,97.31678009033205,31.67,78.2052230834961,32.43,77.89666748046875,31.25,34.15015411376953,31.550000000000004,79.69378662109375
33.22,97.91622161865234,31.68,78.78016662597656,32.44,78.83673095703125,31.260000000000005,35.084346771240234,31.56,79.82882690429688
33.23,98.5145034790039,31.690000000000005,79.28519439697266,32.45,79.98917388916016,31.270000000000003,36.17803192138672,31.57,79.92339324951172
33.24,98.99954223632812,31.700000000000003,80.24320983886719,32.46,81.37183380126953,31.28,37.4912338256836,31.58,79.92916870117188
33.25,99.3662567138672,31.71,81.70178985595703,32.47,82.89674377441406,31.29,39.015018463134766,31.590000000000003,79.82975006103516
33.26,99.65426635742188,31.72,83.42900085449219,32.48,84.46209716796875,31.300000000000004,40.85641479492188,31.6,79.60418701171875
33.27,99.8292007446289,31.730000000000004,85.0638656616211,32.49,85.99909973144531,31.31,42.96343994140625,31.61,79.31178283691406
33.28,99.9410171508789,31.74,86.33384704589844,32.5,87.44168090820312,31.32,45.38934326171875,31.620000000000005,79.0978775024414
33.29,100.01441192626952,31.75,87.1245346069336,32.51,88.72834777832031,31.330000000000005,48.0242805480957,31.630000000000003,78.9912109375
33.3,100.1039810180664,31.76,87.65091705322266,32.52,89.78601837158203,31.340000000000003,50.82557678222656,31.64,79.04981994628906
33.31,100.204833984375,31.770000000000003,88.268310546875,32.53,90.68731689453124,31.35,53.6927375793457,31.65,79.1640853881836
33.32,100.26058197021484,31.78,89.08565521240234,32.54,91.5942840576172,31.36,56.59360504150391,31.660000000000004,79.17990112304688
33.33,100.2812271118164,31.79,90.06272888183594,32.55,92.64611053466795,31.370000000000005,59.53374099731445,31.67,79.15387725830078
33.34,100.10967254638672,31.800000000000004,91.06822967529295,32.56,93.78034973144533,31.380000000000003,62.553409576416016,31.68,79.22618103027344
33.35,99.67694854736328,31.81,91.95572662353516,32.57,94.8408660888672,31.39,65.67400360107422,31.690000000000005,79.34830474853516
33.36,98.91031646728516,31.82,92.68663024902344,32.58,95.72655487060548,31.4,68.88235473632812,31.700000000000003,79.43988800048828
33.37,97.86417388916016,31.83,93.37006378173828,32.59,96.5161361694336,31.410000000000004,72.1663589477539,31.71,79.43199157714844
33.38,96.67835235595705,31.840000000000003,94.05935668945312,32.6,97.35130310058594,31.42,75.48235321044922,31.72,79.29685974121094
33.39,95.34185791015624,31.85,94.72583770751952,32.61,98.19743347167967,31.43,78.80089569091797,31.730000000000004,79.1092529296875
33.4,93.92047119140624,31.86,95.39168548583984,32.62,99.0317153930664,31.440000000000005,82.11041259765625,31.74,78.94356536865234
33.41,92.31146240234376,31.870000000000005,96.0386199951172,32.63,99.8955307006836,31.450000000000003,85.38668060302734,31.75,78.86062622070312
33.42,90.59658813476562,31.880000000000003,96.67491149902344,32.64,100.81065368652344,31.46,88.62568664550781,31.76,78.8686752319336
33.43,88.85004425048828,31.89,97.35761260986328,32.65,101.74073028564452,31.47,91.80801391601562,31.770000000000003,78.98098754882812
33.44,87.20954132080078,31.9,97.97274017333984,32.66,102.49000549316406,31.480000000000004,94.95406341552734,31.78,79.20643615722656
33.45,85.97415161132812,31.910000000000004,98.39332580566406,32.67,103.0292739868164,31.49,98.03646850585938,31.79,79.50065612792969
33.46,84.97596740722656,31.92,98.73504638671876,32.68,103.38322448730467,31.5,101.01874542236328,31.800000000000004,79.69912719726562
33.47,84.03961181640625,31.93,99.09323120117188,32.69,103.57421112060548,31.510000000000005,103.77527618408205,31.81,79.69375610351562
33.48,83.032958984375,31.940000000000005,99.51095581054688,32.7,103.68462371826172,31.520000000000003,106.1852798461914,31.82,79.451171875
33.49,81.83016967773438,31.950000000000003,100.00469207763672,32.71,103.74044799804688,31.53,108.20095825195312,31.83,79.06175994873047
33.5,80.411376953125,31.96,100.53266143798828,32.72,103.75959014892578,31.54,109.88128662109376,31.840000000000003,78.73796844482422
33.51,78.91213989257812,31.97,101.0301284790039,32.73,103.86841583251952,31.550000000000004,111.25373077392578,31.85,78.60581970214844
33.52,77.46389770507812,31.980000000000004,101.47026824951172,32.74,104.07299041748048,31.56,112.18231964111328,31.86,78.59961700439453
33.53,76.14519500732422,31.99,101.8552017211914,32.75,104.30250549316406,31.57,112.59408569335938,31.870000000000005,78.62340545654297
33.54,74.89762115478516,32.0,102.21656036376952,32.76,104.51838684082033,31.580000000000005,112.38677215576172,31.880000000000003,78.65679931640625
33.55,73.61225891113281,32.01,102.58970642089844,32.77,104.686279296875,31.590000000000003,111.5699691772461,31.89,78.71402740478516
33.56,72.28207397460938,32.02,102.98682403564452,32.78,104.7767333984375,31.6,108.89057159423828,31.9,78.80230712890625
33.57,70.9959487915039,32.03,103.43218994140624,32.79,104.7662582397461,31.61,105.73841857910156,31.910000000000004,78.88777160644531
33.58,69.84076690673828,32.04,103.92888641357422,32.8,104.57606506347656,31.620000000000005,102.76839447021484,31.92,78.93578338623047
33.59,68.87837219238281,32.050000000000004,104.48709106445312,32.81,104.06766510009766,31.630000000000003,99.5919418334961,31.93,78.955810546875
33.6,68.14391326904297,32.06,105.078857421875,32.82,103.18704223632812,31.64,96.12049865722656,31.940000000000005,78.94933319091797
33.61,67.57891082763672,32.07,105.72897338867188,32.83,101.91124725341795,31.65,93.01470184326172,31.950000000000003,78.89849853515625
33.62,67.13078308105469,32.08,106.45111846923828,32.84,100.4695281982422,31.660000000000004,90.7007064819336,31.96,78.80723571777344
33.63,66.67137908935547,32.09,107.26233673095705,32.85,98.87002563476562,31.67,89.1699447631836,31.97,78.67214965820312
33.64,66.00679016113281,32.1,108.16275787353516,32.86,97.12203216552734,31.68,88.18567657470703,31.980000000000004,78.49491119384766
33.65,65.00370788574219,32.11,109.0733871459961,32.87,95.22409057617188,31.690000000000005,87.38267517089844,31.99,78.29488372802734
33.66,63.85963439941406,32.120000000000005,109.91812896728516,32.88,93.283203125,31.700000000000003,86.56576538085938,32.0,78.077392578125
33.67,62.72307968139648,32.13,110.68911743164062,32.89,91.43250274658205,31.71,85.81151580810547,32.01,77.90618896484375
33.68,61.71214294433594,32.14,111.43522644042967,32.9,89.61463928222656,31.72,85.18060302734375,32.02,77.83129119873047
33.69,60.89712905883789,32.15,112.19930267333984,32.91,87.80694580078125,31.730000000000004,84.86140441894531,32.03,77.88323974609375
33.7,60.42431640625,32.160000000000004,113.04999542236328,32.92,86.33430480957031,31.74,84.6821517944336,32.04,78.03248596191406
33.71,60.33736801147461,32.17,113.97259521484376,32.93,85.21448516845703,31.75,84.54103088378906,32.050000000000004,78.32535552978516
33.72,60.56643295288086,32.18,114.9475555419922,32.94,84.13313293457031,31.760000000000005,84.4170913696289,32.06,78.77714538574219
33.73,61.01778030395508,32.190000000000005,115.96435546875,32.95,82.77772521972656,31.770000000000003,84.35223388671875,32.07,79.1951675415039
33.74,61.633419036865234,32.2,117.03697967529295,32.96,81.11229705810547,31.78,84.30872344970703,32.08,79.26705169677734
33.75,62.56099319458008,32.21,118.15608978271484,32.97,79.32364654541016,31.79,84.27722930908203,32.09,78.9534683227539
33.76,63.82038879394531,32.22,119.29627990722656,32.98,77.62561798095703,31.800000000000004,84.246337890625,32.1,78.43449401855469
33.77,65.16392517089844,32.230000000000004,120.4645004272461,32.99,76.08492279052734,31.81,84.21275329589844,32.11,77.9774398803711
33.78,66.00431823730469,32.24,121.65802764892578,33.0,74.49864196777344,31.82,84.17399597167969,32.120000000000005,77.67760467529297
33.79,66.12520599365234,32.25,122.8987808227539,33.01,72.7742919921875,31.830000000000005,84.13798522949219,32.13,77.5732650756836
33.8,65.75334167480469,32.26,124.23400115966795,33.02,70.95006561279297,31.840000000000003,84.11180114746094,32.14,77.6048355102539
33.81,64.64521789550781,32.27,125.70397186279295,33.03,69.10733795166016,31.85,84.09357452392578,32.15,77.60853576660156
33.82,63.475921630859375,32.28,127.29553985595705,33.04,67.35587310791016,31.86,84.0851058959961,32.160000000000004,77.46760559082031
33.83,62.74182891845703,32.29,128.88888549804688,33.05,65.77572631835938,31.870000000000005,84.08460998535156,32.17,77.13140869140625
33.84,62.41033935546875,32.300000000000004,130.44772338867188,33.06,64.44413757324219,31.880000000000003,84.08866882324219,32.18,76.63697052001953
33.85,62.4390869140625,32.31,131.9886932373047,33.07,63.34053421020508,31.89,84.07316589355469,32.190000000000005,76.18563842773438
33.86,62.61357116699219,32.32,133.5433807373047,33.08,62.48559188842773,31.9,84.05828857421875,32.2,76.02791595458984
33.87,62.908504486083984,32.33,135.08499145507812,33.09,61.91579055786133,31.910000000000004,84.04008483886719,32.21,76.18509674072266
33.88,63.45732498168945,32.34,136.4479217529297,33.1,61.43204498291016,31.92,84.02005767822266,32.22,76.45584869384766
33.89,64.2795181274414,32.35,137.66500854492188,33.11,60.87892150878906,31.93,83.99381256103516,32.230000000000004,76.67322540283203
33.9,65.05142974853516,32.36,138.86769104003906,33.12,60.2608757019043,31.940000000000005,83.95843505859375,32.24,76.8597412109375
33.91,65.44816589355469,32.370000000000005,139.96658325195312,33.13,59.59709167480469,31.950000000000003,83.91204833984375,32.25,77.02823638916016
33.92,65.51023864746094,32.38,140.90524291992188,33.14,58.92473602294922,31.96,83.85905456542969,32.26,77.2018051147461
33.93,64.98626708984375,32.39,141.78675842285156,33.15,58.31676483154297,31.97,83.80501556396484,32.27,77.36466979980469
33.94,63.716400146484375,32.4,142.54310607910156,33.16,57.86491012573242,31.980000000000004,83.75224304199219,32.28,77.57191467285156
33.95,62.37569427490234,32.410000000000004,143.22515869140625,33.17,57.62115478515625,31.99,83.70464324951172,32.29,77.77208709716797
33.96,61.91508865356445,32.42,143.84568786621094,33.18,57.71958160400391,32.0,83.6576156616211,32.300000000000004,77.92353820800781
33.97,62.25519180297852,32.43,144.22900390625,33.19,58.20171737670898,32.010000000000005,83.60955810546875,32.31,78.0288314819336
33.98,63.40176773071289,32.440000000000005,144.33238220214844,33.2,59.52896118164063,32.02,83.55171203613281,32.32,78.13078308105469
33.99,65.16780090332031,32.45,144.05165100097656,33.21,61.65169525146485,32.03,83.4868392944336,32.33,78.24626922607422
34.0,66.95301818847656,32.46,143.48171997070312,33.22,64.516845703125,32.04,83.41057586669922,32.34,78.40900421142578
34.01,68.46219635009766,32.47,142.52743530273438,33.23,67.65277099609375,32.050000000000004,83.32205963134766,32.35,78.63131713867188
34.02,69.18618774414062,32.480000000000004,141.26100158691406,33.24,69.66162872314453,32.06,83.22118377685547,32.36,78.86900329589844
34.03,69.76158142089844,32.49,139.6834259033203,33.25,69.5093765258789,32.07,83.10700988769531,32.370000000000005,79.1031723022461
34.04,70.67567443847656,32.5,137.86721801757812,33.26,67.88435363769531,32.080000000000005,82.98265838623047,32.38,79.3141098022461
34.05,71.49160766601562,32.51,135.89901733398438,33.27,66.131591796875,32.09,82.84407043457031,32.39,79.48368835449219
34.06,72.23001098632812,32.52,133.8279571533203,33.28,64.5373306274414,32.1,82.67333221435547,32.4,79.6052017211914
34.07,72.94282531738281,32.53,131.68299865722656,33.29,63.28872680664063,32.11,82.4842529296875,32.410000000000004,79.697265625
34.08,73.6705093383789,32.54,129.3779754638672,33.3,62.53706359863281,32.120000000000005,82.26322174072266,32.42,79.77531433105469
34.09,74.54617309570312,32.550000000000004,126.8927764892578,33.31,62.18772888183594,32.13,81.99540710449219,32.43,79.85631561279297
34.1,75.6274642944336,32.56,124.16336822509766,33.32,62.23388671875,32.14,81.6163101196289,32.440000000000005,79.9303970336914
34.11,76.93678283691406,32.57,121.2505340576172,33.33,62.65007019042969,32.15,81.21292114257812,32.45,80.00074768066406
34.12,78.30711364746094,32.58,118.14427185058594,33.34,63.76879501342773,32.160000000000004,80.56614685058594,32.46,80.0743408203125
34.13,79.63961791992188,32.59,114.90091705322266,33.35,65.2485122680664,32.17,79.69819641113281,32.47,80.1499252319336
34.14,80.98322296142578,32.6,111.59396362304688,33.36,66.1796646118164,32.18,78.5879135131836,32.480000000000004,80.19410705566406
34.15,82.42389678955078,32.61,108.26283264160156,33.37,66.38788604736328,32.190000000000005,77.29767608642578,32.49,80.24504852294922
34.16,83.91693115234375,32.620000000000005,104.87290954589844,33.38,66.73204040527344,32.2,75.77843475341797,32.5,80.33348083496094
34.17,85.3304672241211,32.63,101.38479614257812,33.39,67.12358093261719,32.21,74.05089569091797,32.51,80.4341812133789
34.18,86.62034606933594,32.64,97.89469146728516,33.4,67.33698272705078,32.22,72.0564956665039,32.52,80.55252838134766
34.19,87.78820037841797,32.65,94.50365447998048,33.41,67.36405181884766,32.230000000000004,69.74935913085938,32.53,80.70930480957031
34.2,88.88131713867188,32.660000000000004,91.2267608642578,33.42,67.29823303222656,32.24,67.08223724365234,32.54,80.89962768554688
34.21,89.92547607421875,32.67,88.0610580444336,33.43,67.26702880859375,32.25,64.03207397460938,32.550000000000004,81.13494873046875
34.22,90.9518585205078,32.68,84.96531677246094,33.44,67.47463989257812,32.260000000000005,60.572872161865234,32.56,81.39425659179688
34.23,91.89390563964844,32.690000000000005,82.02330780029297,33.45,68.12610626220703,32.27,56.60528564453125,32.57,81.638671875
34.24,92.71902465820312,32.7,79.28445434570312,33.46,69.36505889892578,32.28,52.09415435791016,32.58,81.8555908203125
34.25,93.44667053222656,32.71,76.68944549560547,33.47,70.82545471191406,32.29,47.03268814086914,32.59,82.06224060058594
34.26,94.2270278930664,32.72,74.36267852783203,33.48,72.30149841308594,32.300000000000004,41.73379898071289,32.6,82.31610870361328
34.27,95.1547393798828,32.730000000000004,72.42263793945312,33.49,73.60331726074219,32.31,36.3516960144043,32.61,82.65103149414062
34.28,96.10192108154295,32.74,70.93732452392578,33.5,74.64110565185547,32.32,30.9045524597168,32.620000000000005,83.0593032836914
34.29,96.93074798583984,32.75,69.97228240966797,33.51,75.58891296386719,32.330000000000005,25.415245056152344,32.63,83.4547348022461
34.3,97.61393737792967,32.76,69.8102035522461,33.52,76.64390563964844,32.34,20.16748046875,32.64,83.74700164794922
34.31,98.21021270751952,32.77,70.24200439453125,33.53,77.68167877197266,32.35,15.561381340026855,32.65,83.87987518310547
34.32,98.7501449584961,32.78,71.26596069335938,33.54,78.71188354492188,32.36,12.001809120178224,32.660000000000004,83.93229675292969
34.33,99.15935516357422,32.79,72.72856140136719,33.55,79.72101593017578,32.370000000000005,10.12289333343506,32.67,83.96865844726562
34.34,99.46675872802734,32.800000000000004,74.51936340332031,33.56,80.68962860107422,32.38,9.720541954040527,32.68,83.99231719970703
34.35,99.70148468017578,32.81,76.53803253173828,33.57,81.72643280029297,32.39,10.787435531616213,32.690000000000005,84.00243377685547
34.36,99.92115783691406,32.82,77.90992736816406,33.58,82.97293853759766,32.4,13.146498680114746,32.7,84.00962829589844
34.37,100.0647964477539,32.83,78.13663482666016,33.59,84.44485473632812,32.410000000000004,15.87967014312744,32.71,84.0340576171875
34.38,100.18251037597656,32.84,78.086669921875,33.6,86.05917358398438,32.42,18.645496368408203,32.72,84.0941390991211
34.39,100.29340362548828,32.85,78.84757995605469,33.61,87.67501831054688,32.43,21.25904655456543,32.730000000000004,84.1126708984375
34.4,100.40241241455078,32.86,80.31192016601562,33.62,89.11148071289062,32.440000000000005,23.756975173950195,32.74,83.98942565917969
34.41,100.44161224365234,32.870000000000005,82.17720031738281,33.63,90.27034759521484,32.45,26.36774444580078,32.75,83.50360107421875
34.42,100.34862518310548,32.88,84.208984375,33.64,91.27169799804688,32.46,29.336105346679688,32.76,82.92106628417969
34.43,100.15557098388672,32.89,85.97819519042969,33.65,92.3899383544922,32.47,32.626564025878906,32.77,82.57402801513672
34.44,99.79852294921876,32.9,86.99376678466797,33.66,93.5933837890625,32.480000000000004,36.17715835571289,32.78,82.48995971679688
34.45,99.27239990234376,32.910000000000004,87.51114654541016,33.67,94.71822357177734,32.49,39.813575744628906,32.79,82.634521484375
34.46,98.63357543945312,32.92,88.09559631347656,33.68,95.80491638183594,32.5,43.42529296875,32.800000000000004,82.86660766601562
34.47,97.85488891601562,32.93,88.92228698730469,33.69,96.86326599121094,32.510000000000005,46.99081802368164,32.81,82.97623443603516
34.48,96.9248504638672,32.940000000000005,89.9279556274414,33.7,97.87290954589844,32.52,50.54859924316406,32.82,82.91991424560547
34.49,95.8590316772461,32.95,90.86043548583984,33.71,98.83938598632812,32.53,54.12004089355469,32.83,82.84947967529297
34.5,94.63748168945312,32.96,91.45529174804688,33.72,99.73316192626952,32.54,57.69051361083984,32.84,82.8529052734375
34.51,93.23802947998048,32.97,91.97355651855467,33.73,100.54087829589844,32.550000000000004,61.24898147583008,32.85,82.81964111328125
34.52,91.63648223876952,32.980000000000004,92.6619873046875,33.74,101.31365203857422,32.56,64.79279327392578,32.86,82.66238403320312
34.53,89.91856384277344,32.99,93.41587829589844,33.75,102.13426971435548,32.57,68.32814025878906,32.870000000000005,82.451904296875
34.54,88.24495697021484,33.0,94.09716796875,33.76,102.95709228515624,32.580000000000005,71.8629150390625,32.88,82.2645263671875
34.55,86.8099136352539,33.01,94.66297149658205,33.77,103.66283416748048,32.59,75.40836334228516,32.89,82.12786865234375
34.56,85.60572814941406,33.02,95.17871856689452,33.78,104.13518524169922,32.6,78.95150756835938,32.9,82.10958862304688
34.57,84.44962310791016,33.03,95.70296478271484,33.79,104.40779876708984,32.61,82.45601654052734,32.910000000000004,82.14566802978516
34.58,83.16141510009766,33.04,96.19577026367188,33.8,104.57789611816406,32.620000000000005,85.91969299316406,32.92,82.2102279663086
34.59,81.7948989868164,33.050000000000004,96.57982635498048,33.81,104.70560455322266,32.63,89.35904693603516,32.93,82.3448486328125
34.6,80.42442321777344,33.06,96.87908935546876,33.82,104.85311889648438,32.64,92.79305267333984,32.940000000000005,82.4684066772461
34.61,79.04498291015625,33.07,97.1508331298828,33.83,104.96466064453124,32.65,96.19548034667967,32.95,82.4725112915039
34.62,77.66307067871094,33.08,97.40847778320312,33.84,105.04361724853516,32.660000000000004,99.5133819580078,32.96,82.33607482910156
34.63,76.32717895507812,33.09,97.71399688720705,33.85,105.1147918701172,32.67,102.68864440917967,32.97,82.18291473388672
34.64,75.03425598144531,33.1,98.10003662109376,33.86,105.17217254638672,32.68,105.65277099609376,32.980000000000004,82.01567077636719
34.65,73.76412200927734,33.11,98.5323486328125,33.87,105.21231079101562,32.690000000000005,108.33659362792967,32.99,81.82440185546875
34.66,72.52050018310547,33.120000000000005,98.95465850830078,33.88,105.19217681884766,32.7,110.57455444335938,33.0,81.67831420898438
34.67,71.33389282226562,33.13,99.37484741210938,33.89,105.09561920166016,32.71,112.2835693359375,33.01,81.65412139892578
34.68,70.24378967285156,33.14,99.83135223388672,33.9,104.87876892089844,32.72,113.33633422851562,33.02,81.71309661865234
34.69,69.2669906616211,33.15,100.31198120117188,33.91,104.4359359741211,32.730000000000004,113.86096954345705,33.03,81.75444793701172
34.7,68.42942810058594,33.160000000000004,100.81129455566406,33.92,103.61953735351562,32.74,113.7111587524414,33.04,81.76116180419922
34.71,67.69590759277344,33.17,101.34227752685548,33.93,102.38079071044922,32.75,112.37879943847656,33.050000000000004,81.72392272949219
34.72,67.00167083740234,33.18,101.94774627685548,33.94,100.9419174194336,32.760000000000005,108.80506134033205,33.06,81.65985107421875
34.73,66.30204772949219,33.190000000000005,102.6060791015625,33.95,99.28949737548828,32.77,105.30357360839844,33.07,81.56536865234375
34.74,65.55841827392578,33.2,103.35710906982422,33.96,97.44091796875,32.78,101.74813079833984,33.08,81.45497131347656
34.75,64.72651672363281,33.21,104.16899871826172,33.97,95.43600463867188,32.79,97.53936004638672,33.09,81.37698364257812
34.76,63.79844284057617,33.22,105.02009582519533,33.98,93.22393798828124,32.800000000000004,93.50413513183594,33.1,81.33001708984375
34.77,62.8091049194336,33.230000000000004,105.89190673828124,33.99,91.0061492919922,32.81,90.4867172241211,33.11,81.2956314086914
34.78,61.841941833496094,33.24,106.80406188964844,34.0,89.11629486083984,32.82,88.4595947265625,33.120000000000005,81.25067901611328
34.79,60.992794036865234,33.25,107.7687530517578,34.01,87.2768325805664,32.830000000000005,87.2276611328125,33.13,81.23335266113281
34.8,60.35881042480469,33.26,108.76724243164062,34.02,85.65908813476562,32.84,86.33087158203125,33.14,81.24774932861328
34.81,60.02615737915039,33.27,109.7860107421875,34.03,84.42247009277344,32.85,85.55451202392578,33.15,81.2691421508789
34.82,59.9732666015625,33.28,110.84049987792967,34.04,83.32514190673828,32.86,84.95723724365234,33.160000000000004,81.30233001708984
34.83,60.2308464050293,33.29,111.95059967041016,34.05,82.12548828125,32.870000000000005,84.65238952636719,33.17,81.37313079833984
34.84,60.74010467529297,33.300000000000004,113.11429595947266,34.06,80.59649658203125,32.88,84.46868133544922,33.18,81.49754333496094
34.85,61.45066833496094,33.31,114.30804443359376,34.07,78.89288330078125,32.89,84.3060531616211,33.190000000000005,81.55665588378906
34.86,62.34558868408203,33.32,115.4932861328125,34.08,77.27400970458984,32.9,84.19983673095703,33.2,81.39319610595703
34.87,63.34563064575195,33.33,116.7219467163086,34.09,75.78162384033203,32.910000000000004,84.12776184082031,33.21,81.02936553955078
34.88,64.54585266113281,33.34,118.03463745117188,34.1,74.17382049560547,32.92,84.08174896240234,33.22,80.61978149414062
34.89,65.86211395263672,33.35,119.43620300292967,34.11,72.31782531738281,32.93,84.05235290527344,33.230000000000004,80.36946105957031
34.9,66.52425384521484,33.36,120.91877746582033,34.12,70.39212799072266,32.940000000000005,84.0215072631836,33.24,80.30172729492188
34.91,65.83267974853516,33.370000000000005,122.45233154296876,34.13,68.50382232666016,32.95,83.97467803955078,33.25,80.39716339111328
34.92,64.83999633789062,33.38,124.05125427246094,34.14,66.72354125976562,32.96,83.9188461303711,33.26,80.55794525146484
34.93,64.21385955810547,33.39,125.72225952148438,34.15,65.13621520996094,32.97,83.86430358886719,33.27,80.66934967041016
34.94,64.11349487304688,33.4,127.47916412353516,34.16,63.87718200683594,32.980000000000004,83.81558227539062,33.28,80.62677764892578
34.95,64.3742904663086,33.410000000000004,129.34046936035156,34.17,62.95592498779297,32.99,83.7837142944336,33.29,80.2761001586914
34.96,64.71135711669922,33.42,131.2518310546875,34.18,62.401737213134766,33.0,83.7558364868164,33.300000000000004,79.67528533935547
34.97,64.95469665527344,33.43,133.1400909423828,34.19,62.106727600097656,33.010000000000005,83.7272720336914,33.31,79.39045715332031
34.98,65.12991333007812,33.440000000000005,134.972900390625,34.2,61.88822555541992,33.02,83.70152282714844,33.32,79.52068328857422
34.99,65.35408782958984,33.45,136.6730499267578,34.21,61.58558654785156,33.03,83.6771011352539,33.33,79.74296569824219
35.0,65.6724624633789,33.46,138.18980407714844,34.22,61.20320510864258,33.04,83.64219665527344,33.34,79.92189025878906
35.01,66.03932189941406,33.47,139.37338256835938,34.23,60.72374725341797,33.050000000000004,83.61103820800781,33.35,80.1035385131836
35.02,66.38672637939453,33.480000000000004,140.41754150390625,34.24,60.15968322753906,33.06,83.57860565185547,33.36,80.35021209716797
35.03,66.87380981445312,33.49,141.41944885253906,34.25,59.586368560791016,33.07,83.5462417602539,33.370000000000005,80.60631561279297
35.04,67.22930145263672,33.5,142.35536193847656,34.26,59.057376861572266,33.080000000000005,83.51859283447266,33.38,80.80522155761719
35.05,67.12376403808594,33.51,143.31216430664062,34.27,58.68104934692383,33.09,83.49243927001953,33.39,81.01277923583984
35.06,66.69230651855469,33.52,144.1818084716797,34.28,58.64766693115234,33.1,83.4648208618164,33.4,81.27918243408203
35.07,65.61185455322266,33.53,144.7413787841797,34.29,59.08686447143555,33.11,83.43053436279297,33.410000000000004,81.51971435546875
35.08,63.96175384521485,33.54,145.11851501464844,34.3,60.36855697631836,33.120000000000005,83.3869400024414,33.42,81.68292236328125
35.09,62.41753005981445,33.550000000000004,145.27757263183594,34.31,62.61462020874024,33.13,83.3300552368164,33.43,81.7892837524414
35.1,61.62642288208008,33.56,145.1210174560547,34.32,65.97178649902344,33.14,83.2614517211914,33.440000000000005,81.91431427001953
35.11,61.81488800048828,33.57,144.74061584472656,34.33,69.29295349121094,33.15,83.18008422851562,33.45,82.06520080566406
35.12,62.80678176879883,33.58,144.06292724609375,34.34,71.32080078125,33.160000000000004,83.0900650024414,33.46,82.23771667480469
35.13,64.26375579833984,33.59,143.10494995117188,34.35,70.60946655273438,33.17,82.99076843261719,33.47,82.46691131591797
35.14,65.58096313476562,33.6,141.78787231445312,34.36,68.4884262084961,33.18,82.88983154296875,33.480000000000004,82.78593444824219
35.15,66.34683990478516,33.61,140.1696319580078,34.37,66.12101745605469,33.190000000000005,82.79058837890625,33.49,83.10363006591797
35.16,66.51177978515625,33.620000000000005,138.25262451171875,34.38,64.23274230957031,33.2,82.68939971923828,33.5,83.35066986083984
35.17,66.887451171875,33.63,136.13543701171875,34.39,63.14391326904297,33.21,82.58787536621094,33.51,83.51599884033203
35.18,67.7101058959961,33.64,133.93115234375,34.4,62.76924896240234,33.22,82.49829864501953,33.52,83.62196350097656
35.19,68.5849609375,33.65,131.71804809570312,34.41,62.88117599487305,33.230000000000004,82.41983795166016,33.53,83.6856689453125
35.2,69.35538482666016,33.660000000000004,129.45162963867188,34.42,63.53069305419922,33.24,82.33992767333984,33.54,83.7427749633789
35.21,70.0025405883789,33.67,126.96414947509766,34.43,64.75562286376953,33.25,82.24063110351562,33.550000000000004,83.85442352294922
35.22,70.59228515625,33.68,124.20042419433594,34.44,66.4909439086914,33.260000000000005,82.10026550292969,33.56,84.01252746582031
35.23,71.22225189208984,33.690000000000005,121.11415100097656,34.45,68.11951446533203,33.27,81.90536499023438,33.57,84.16631317138672
35.24,71.95204162597656,33.7,117.83361053466795,34.46,68.64208984375,33.28,81.59550476074219,33.58,84.32592010498047
35.25,72.77093505859375,33.71,114.43268585205078,34.47,68.35700988769531,33.29,81.11416625976562,33.59,84.48402404785156
35.26,73.60569763183594,33.72,110.99694061279295,34.48,68.2236328125,33.300000000000004,80.42012786865234,33.6,84.63058471679688
35.27,74.37694549560547,33.730000000000004,107.52796936035156,34.49,68.23096466064453,33.31,79.48936462402344,33.61,84.78746032714844
35.28,75.13572692871094,33.74,104.0150909423828,34.5,67.75880432128906,33.32,78.14139556884766,33.620000000000005,84.9544448852539
35.29,75.83914947509766,33.75,100.4100112915039,34.51,67.07461547851562,33.330000000000005,76.50433349609375,33.63,85.10533142089844
35.3,76.36560821533203,33.76,96.71147918701172,34.52,66.65882110595703,33.34,74.58890533447266,33.64,85.2260513305664
35.31,76.77616119384766,33.77,93.06812286376952,34.53,66.4169921875,33.35,72.41128540039062,33.65,85.31195068359375
35.32,77.1822738647461,33.78,89.65182495117188,34.54,66.57685852050781,33.36,69.87134552001953,33.660000000000004,85.39505004882812
35.33,77.70872497558594,33.79,86.44561767578125,34.55,67.3521499633789,33.370000000000005,66.88619232177734,33.67,85.45878601074219
35.34,78.36569213867188,33.800000000000004,83.33213806152344,34.56,68.52568817138672,33.38,63.3739128112793,33.68,85.46101379394531
35.35,79.10295104980469,33.81,80.3050765991211,34.57,69.70390319824219,33.39,59.296016693115234,33.690000000000005,85.45889282226562
35.36,79.78742980957031,33.82,77.51847839355469,34.58,71.01297760009766,33.4,54.65797805786133,33.7,85.46178436279297
35.37,80.32518768310547,33.83,75.10336303710938,34.59,72.450927734375,33.410000000000004,49.337188720703125,33.71,85.47522735595703
35.38,80.7568359375,33.84,73.14978790283203,34.6,73.8690414428711,33.42,43.574485778808594,33.72,85.51988220214844
35.39,81.14837646484375,33.85,71.61160278320312,34.61,75.02367401123047,33.43,37.61420822143555,33.730000000000004,85.66085052490234
35.4,81.56619262695312,33.86,70.56464385986328,34.62,75.9431381225586,33.440000000000005,31.58460235595703,33.74,85.8282241821289
35.41,81.9926986694336,33.870000000000005,70.34837341308594,34.63,76.91226959228516,33.45,25.47736549377441,33.75,85.97393035888672
35.42,82.36111450195312,33.88,70.85333251953125,34.64,78.06642150878906,33.46,19.4797306060791,33.76,86.06134796142578
35.43,82.62397766113281,33.89,72.00906372070312,34.65,79.19945526123047,33.47,13.96554470062256,33.77,86.07535552978516
35.44,82.79071044921875,33.9,73.54489135742188,34.66,80.2026138305664,33.480000000000004,9.470077514648438,33.78,86.0479965209961
35.45,82.89374542236328,33.910000000000004,75.48443603515625,34.67,81.11239624023438,33.49,6.92173433303833,33.79,85.99791717529297
35.46,82.91414642333984,33.92,77.67585754394531,34.68,82.06217193603516,33.5,6.263062000274658,33.800000000000004,85.95057678222656
35.47,82.8797836303711,33.93,78.97620391845703,34.69,83.11280822753906,33.510000000000005,7.082460403442383,33.81,85.94377136230469
35.48,82.85409545898438,33.940000000000005,78.65512084960938,34.7,84.32078552246094,33.52,9.48298454284668,33.82,85.94358825683594
35.49,82.85224914550781,33.95,78.07170867919922,34.71,85.65300750732422,33.53,12.426942825317385,33.83,85.89649963378906
35.5,82.80264282226562,33.96,78.78301239013672,34.72,86.95753479003906,33.54,15.55368709564209,33.84,85.783447265625
35.51,82.70538330078125,33.97,80.34904479980469,34.73,88.08475494384766,33.550000000000004,18.64222717285156,33.85,85.49214935302734
35.52,82.58397674560547,33.980000000000004,82.31114196777344,34.74,89.01744842529297,33.56,21.594039916992188,33.86,85.02854919433594
35.53,82.43708038330078,33.99,84.47779083251953,34.75,89.90857696533203,33.57,24.53479385375977,33.870000000000005,84.5925064086914
35.54,82.25633239746094,34.0,86.462890625,34.76,90.9026107788086,33.580000000000005,27.611371994018555,33.88,84.31906127929688
35.55,82.05464172363281,34.01,87.84916687011719,34.77,91.90646362304688,33.59,30.87289810180664,33.89,84.20347595214844
35.56,81.82136535644531,34.02,88.6760025024414,34.78,92.78036499023438,33.6,34.37520980834961,33.9,84.17526245117188
35.57,81.50131225585938,34.03,89.4212646484375,34.79,93.5204086303711,33.61,38.0115852355957,33.910000000000004,84.20316314697266
35.58,81.20301818847656,34.04,90.34922790527344,34.8,94.21947479248048,33.620000000000005,41.75908279418945,33.92,84.2634048461914
35.59,80.91551208496094,34.050000000000004,91.32291412353516,34.81,94.91529846191406,33.63,45.59259033203125,33.93,84.30693817138672
35.6,80.63231658935547,34.06,92.1342544555664,34.82,95.70162963867188,33.64,49.51757049560547,33.940000000000005,84.37203216552734
35.61,80.36762237548828,34.07,92.78703308105467,34.83,96.49275207519533,33.65,53.48445510864258,33.95,84.46532440185547
35.62,80.12841796875,34.08,93.40245056152344,34.84,97.24341583251952,33.660000000000004,57.425537109375,33.96,84.56633758544922
35.63,79.89390563964844,34.09,94.12049865722656,34.85,98.09278106689452,33.67,61.273399353027344,33.97,84.58280944824219
35.64,79.60176849365234,34.1,94.9751205444336,34.86,99.02035522460938,33.68,65.0158920288086,33.980000000000004,84.42420959472656
35.65,79.2344970703125,34.11,95.8119659423828,34.87,99.85366821289062,33.690000000000005,68.7061538696289,33.99,84.14520263671875
35.660000000000004,78.76349639892578,34.120000000000005,96.53048706054688,34.88,100.4487762451172,33.7,72.41445922851562,34.0,83.90678405761719
35.67,78.2064437866211,34.13,97.1313705444336,34.89,100.77147674560548,33.71,76.18341064453125,34.01,83.76436614990234
35.68,77.5697021484375,34.14,97.70223236083984,34.9,100.96846771240234,33.72,80.02667236328125,34.02,83.67969512939453
35.69,76.89469909667969,34.15,98.29676818847656,34.91,101.07642364501952,33.730000000000004,83.965576171875,34.03,83.66584014892578
35.7,76.2073974609375,34.160000000000004,98.79549407958984,34.92,101.13972473144533,33.74,87.96918487548828,34.04,83.71605682373047
35.71,75.53984832763672,34.17,99.1916046142578,34.93,101.1977081298828,33.75,91.96569061279295,34.050000000000004,83.77639770507812
35.72,74.95199584960938,34.18,99.54525756835938,34.94,101.27627563476562,33.760000000000005,95.88822174072266,34.06,83.76103973388672
35.73,74.48435974121094,34.190000000000005,99.87996673583984,34.95,101.40122985839844,33.77,99.6108169555664,34.07,83.67695617675781
35.74,74.11312866210938,34.2,100.27497100830078,34.96,101.5476303100586,33.78,103.08331298828124,34.08,83.56151580810547
35.75,73.8307113647461,34.21,100.7536163330078,34.97,101.72571563720705,33.79,106.18683624267578,34.09,83.47793579101562
35.76,73.62440490722656,34.22,101.27880096435548,34.98,101.92062377929688,33.800000000000004,108.86843872070312,34.1,83.51773834228516
35.77,73.46981048583984,34.230000000000004,101.7612533569336,34.99,102.12590789794922,33.81,111.08993530273438,34.11,83.47156524658203
35.78,73.3488998413086,34.24,102.16249084472656,35.0,102.3618392944336,33.82,112.76950073242188,34.120000000000005,83.33155822753906
35.79,73.2533950805664,34.25,102.55036926269533,35.01,102.59197998046876,33.830000000000005,113.92035675048828,34.13,83.32758331298828
35.8,73.1958999633789,34.26,102.9548110961914,35.02,102.73151397705078,33.84,114.46446990966795,34.14,83.43232727050781
35.81,73.19025421142578,34.27,103.37879180908205,35.03,102.6079330444336,33.85,114.37005615234376,34.15,83.5166244506836
35.82,73.23157501220703,34.28,103.88526916503906,35.04,102.0511703491211,33.86,113.12217712402344,34.160000000000004,83.54312896728516
35.83,73.32372283935547,34.29,104.48640441894533,35.05,101.12516784667967,33.870000000000005,109.28437042236328,34.17,83.49395751953125
35.84,73.44659423828125,34.300000000000004,105.19621276855467,35.06,100.0141372680664,33.88,105.9801025390625,34.18,83.36872100830078
35.85,73.56404876708984,34.31,106.0409927368164,35.07,98.75416564941406,33.89,102.36732482910156,34.190000000000005,83.26446533203125
35.86,73.66134643554688,34.32,106.96733856201172,35.08,97.38922882080078,33.9,97.82379150390624,34.2,83.21632385253906
35.87,73.76763916015625,34.33,107.96212768554688,35.09,95.9725570678711,33.910000000000004,93.40406036376952,34.21,83.23098754882812
35.88,73.90361022949219,34.34,108.92660522460938,35.1,94.42205047607422,33.92,90.13459014892578,34.22,83.27399444580078
35.89,74.06881713867188,34.35,109.81550598144533,35.11,92.64064025878906,33.93,87.9544448852539,34.230000000000004,83.38084411621094
35.9,74.26551055908203,34.36,110.60636138916016,35.12,90.6381607055664,33.940000000000005,86.6572494506836,34.24,83.55938720703125
35.910000000000004,74.52180480957031,34.370000000000005,111.36275482177734,35.13,88.79325103759766,33.95,85.79601287841797,34.25,83.76177215576172
35.92,74.82571411132812,34.38,112.2013931274414,35.14,87.46237182617188,33.96,85.1324462890625,34.26,83.96512603759766
35.93,75.16934204101562,34.39,113.1830062866211,35.15,86.4901351928711,33.97,84.66902160644531,34.27,84.16453552246094
35.94,75.5482177734375,34.4,114.36138916015624,35.16,85.52469635009766,33.980000000000004,84.35765838623047,34.28,84.35924530029297
35.95,75.93681335449219,34.410000000000004,115.64381408691406,35.17,84.27345275878906,33.99,84.14639282226562,34.29,84.4898681640625
35.96,76.3519287109375,34.42,116.9278564453125,35.18,82.78956604003906,34.0,83.98123931884766,34.300000000000004,84.39694213867188
35.97,76.88728332519531,34.43,118.14299011230467,35.19,81.34013366699219,34.010000000000005,83.86139678955078,34.31,84.0044937133789
35.98,77.63196563720703,34.440000000000005,119.37174224853516,35.2,80.06688690185547,34.02,83.7813720703125,34.32,83.53215026855469
35.99,78.61870574951172,34.45,120.67476654052734,35.21,78.95475006103516,34.03,83.73674011230469,34.33,83.25920104980469
36.0,79.75454711914062,34.46,122.08164978027344,35.22,77.77522277832031,34.04,83.70475769042969,34.34,83.24470520019531
36.01,80.89736938476562,34.47,123.59532928466795,35.23,76.34244537353516,34.050000000000004,83.68486785888672,34.35,83.40860748291016
36.02,81.86793518066406,34.480000000000004,125.19345092773438,35.24,74.6514892578125,34.06,83.65986633300781,34.36,83.60081481933594
36.03,82.75567626953125,34.49,126.91563415527344,35.25,72.85801696777344,34.07,83.63214111328125,34.370000000000005,83.69677734375
36.04,83.63265228271484,34.5,128.71041870117188,35.26,71.17294311523438,34.080000000000005,83.614990234375,34.38,83.67797088623047
36.05,84.46516418457031,34.51,130.37655639648438,35.27,69.7208023071289,34.09,83.59942626953125,34.39,83.56139373779297
36.06,85.18852233886719,34.52,131.9341278076172,35.28,68.62700653076172,34.1,83.5872802734375,34.4,83.3394775390625
36.07,85.78424835205078,34.53,133.5692596435547,35.29,67.8704833984375,34.11,83.5845718383789,34.410000000000004,83.11656951904297
36.08,86.32188415527344,34.54,135.23165893554688,35.3,67.41921997070312,34.120000000000005,83.60023498535156,34.42,82.98419952392578
36.09,86.87239074707031,34.550000000000004,136.791748046875,35.31,67.12105560302734,34.13,83.61176300048828,34.43,83.0345230102539
36.1,87.4791488647461,34.56,138.2176971435547,35.32,66.80598449707031,34.14,83.60762786865234,34.440000000000005,83.1781234741211
36.11,88.13874053955078,34.57,139.3850555419922,35.33,66.35919952392578,34.15,83.59300231933594,34.45,83.23863983154297
36.12,88.82252502441406,34.58,140.41392517089844,35.34,65.81607818603516,34.160000000000004,83.57190704345703,34.46,83.23238372802734
36.13,89.49919128417969,34.59,141.28045654296875,35.35,65.16497039794922,34.17,83.54886627197266,34.47,83.24272155761719
36.14,90.14037322998048,34.6,142.00357055664062,35.36,64.39998626708984,34.18,83.52339935302734,34.480000000000004,83.2858657836914
36.15,90.7602996826172,34.61,142.71249389648438,35.37,63.59165954589844,34.190000000000005,83.49374389648438,34.49,83.32451629638672
36.16,91.35328674316406,34.620000000000005,143.4748992919922,35.38,62.89140319824219,34.2,83.45167541503906,34.5,83.30397033691406
36.17,91.86579895019533,34.63,144.17141723632812,35.39,62.40998077392578,34.21,83.40170288085938,34.51,83.22760009765625
36.18,92.30662536621094,34.64,144.7176971435547,35.4,62.22773361206055,34.22,83.34832763671875,34.52,83.14228820800781
36.19,92.65753173828124,34.65,145.06248474121094,35.41,62.317501068115234,34.230000000000004,83.30132293701172,34.53,82.9730224609375
36.2,92.96721649169922,34.660000000000004,145.0766143798828,35.42,62.7299690246582,34.24,83.25133514404297,34.54,82.75513458251953
36.21,93.2640609741211,34.67,144.78793334960938,35.43,63.448204040527344,34.25,83.19627380371094,34.550000000000004,82.56898498535156
36.22,93.46897888183594,34.68,144.18228149414062,35.44,64.51176452636719,34.260000000000005,83.13774871826172,34.56,82.4762191772461
36.23,93.5202865600586,34.690000000000005,143.23133850097656,35.45,65.914306640625,34.27,83.05696105957031,34.57,82.51581573486328
36.24,93.43087005615234,34.7,141.99729919433594,35.46,67.58067321777344,34.28,82.95806121826172,34.58,82.70482635498047
36.25,93.19812774658205,34.71,140.4407196044922,35.47,69.49713897705078,34.29,82.84820556640625,34.59,82.95204162597656
36.26,92.86402893066406,34.72,138.6280059814453,35.48,71.51045989990234,34.300000000000004,82.73432922363281,34.6,83.21015167236328
36.27,92.43920135498048,34.730000000000004,136.5753173828125,35.49,73.43706512451172,34.31,82.61225891113281,34.61,83.44181823730469
36.28,92.00359344482422,34.74,134.41490173339844,35.5,75.00530242919922,34.32,82.47618103027344,34.620000000000005,83.69293975830078
36.29,91.60177612304688,34.75,132.23707580566406,35.51,75.94123077392578,34.330000000000005,82.31446075439453,34.63,83.91547393798828
36.3,91.17871856689452,34.76,130.0041961669922,35.52,76.41658020019531,34.34,82.12083435058594,34.64,84.12391662597656
36.31,90.7182388305664,34.77,127.52753448486328,35.53,76.9907455444336,34.35,81.89248657226562,34.65,84.31239318847656
36.32,90.27731323242188,34.78,124.73329162597656,35.54,78.35086822509766,34.36,81.61194610595703,34.660000000000004,84.4249038696289
36.33,89.8770980834961,34.79,121.68939208984376,35.55,79.74313354492188,34.370000000000005,81.23780059814453,34.67,84.51077270507812
36.34,89.58501434326172,34.800000000000004,118.47260284423828,35.56,80.40214538574219,34.38,80.71649169921875,34.68,84.58902740478516
36.35,89.44234466552734,34.81,115.19012451171876,35.57,80.6860580444336,34.39,80.02774810791016,34.690000000000005,84.6485595703125
36.36,89.44882202148438,34.82,111.83000183105467,35.58,80.98592376708984,34.4,79.10786437988281,34.7,84.69861602783203
36.37,89.57711029052734,34.83,108.41893005371094,35.59,81.40997314453125,34.410000000000004,77.9209213256836,34.71,84.75577545166016
36.38,89.67842102050781,34.84,105.0032730102539,35.6,81.88971710205078,34.42,76.41510009765625,34.72,84.81392669677734
36.39,89.69556427001953,34.85,101.58436584472656,35.61,82.40370178222656,34.43,74.69026184082031,34.730000000000004,84.87178802490234
36.4,89.5958251953125,34.86,98.099853515625,35.62,82.95881652832031,34.440000000000005,72.63961029052734,34.74,84.93626403808594
36.41,89.38770294189453,34.870000000000005,94.64100646972656,35.63,83.52864074707031,34.45,70.29535675048828,34.75,85.00776672363281
36.42,89.14165496826172,34.88,91.31256866455078,35.64,84.25297546386719,34.46,67.604248046875,34.76,85.07820892333984
36.43,88.9152603149414,34.89,88.1599349975586,35.65,84.31553649902344,34.47,64.6169204711914,34.77,85.16173553466797
36.44,88.73811340332031,34.9,85.1856460571289,35.66,82.30964660644531,34.480000000000004,61.22938537597656,34.78,85.28968811035156
36.45,88.62410736083984,34.910000000000004,82.45121765136719,35.67,80.99566650390625,34.49,57.40169906616211,34.79,85.45053100585938
36.46,88.53887176513672,34.92,79.8501968383789,35.68,80.67958068847656,34.5,53.019775390625,34.800000000000004,85.61914825439453
36.47,88.15086364746094,34.93,77.28782653808594,35.69,80.4259262084961,34.510000000000005,48.06414413452149,34.81,85.7815933227539
36.48,88.13774871826172,34.940000000000005,74.79933166503906,35.7,80.1856689453125,34.52,42.72606658935547,34.82,85.96636962890625
36.49,88.14539337158203,34.95,72.72920227050781,35.71,80.21369934082031,34.53,37.20790481567383,34.83,86.220947265625
36.5,88.17604064941406,34.96,71.1502914428711,35.72,80.50267791748047,34.54,31.57057380676269,34.84,86.52793884277344
36.51,88.23915100097656,34.97,70.1963882446289,35.73,80.69186401367188,34.550000000000004,25.79731750488281,34.85,86.90802764892578
36.52,88.30233001708984,34.980000000000004,69.94078826904297,35.74,80.91194152832031,34.56,20.143918991088867,34.86,87.296875
36.53,88.31936645507812,34.99,70.2932357788086,35.75,81.6343002319336,34.57,14.931771278381348,34.870000000000005,87.62641143798828
36.54,88.27787780761719,35.0,71.20227813720703,35.76,82.56451416015625,34.580000000000005,10.567233085632324,34.88,87.8826675415039
36.55,88.20430755615234,35.01,72.47601318359375,35.77,83.39537048339844,34.59,8.22691535949707,34.89,88.02336883544922
36.56,88.12159729003906,35.02,74.13326263427734,35.78,83.9706039428711,34.6,7.25974702835083,34.9,88.0107650756836
36.57,88.04654693603516,35.03,76.15560913085938,35.79,84.21009826660156,34.61,7.898484230041504,34.910000000000004,87.91150665283203
36.58,87.97136688232422,35.04,78.18985748291016,35.8,84.28374481201172,34.620000000000005,10.050485610961914,34.92,87.79483032226562
36.59,87.89228057861328,35.050000000000004,79.64707946777344,35.81,84.31304168701172,34.63,12.843023300170898,34.93,87.7167739868164
36.6,87.79464721679688,35.06,79.73314666748047,35.82,84.30287170410156,34.64,15.832442283630373,34.940000000000005,87.6899185180664
36.61,87.69402313232422,35.07,78.37553405761719,35.83,84.34007263183594,34.65,18.769493103027344,34.95,87.67703247070312
36.62,87.60933685302734,35.08,77.73014068603516,35.84,84.42982482910156,34.660000000000004,21.578243255615234,34.96,87.60967254638672
36.63,87.54171752929688,35.09,78.13785552978516,35.85,84.49163055419922,34.67,24.39934539794922,34.97,87.44889831542969
36.64,87.46086883544922,35.1,79.11681365966797,35.86,84.50018310546875,34.68,27.365020751953125,34.980000000000004,87.01150512695312
36.65,87.40428924560547,35.11,80.51911163330078,35.87,84.49085998535156,34.690000000000005,30.54600715637207,34.99,86.541748046875
36.66,87.40443420410156,35.120000000000005,82.03317260742188,35.88,84.49293518066406,34.7,33.98386764526367,35.0,86.29963684082031
36.67,87.44934844970703,35.13,83.26803588867188,35.89,84.53518676757812,34.71,37.59004974365234,35.01,86.21595001220703
36.68,87.53153991699219,35.14,84.29069519042969,35.9,84.63724517822266,34.72,41.30802917480469,35.02,86.0465316772461
36.69,87.6448745727539,35.15,85.20086669921875,35.91,84.84170532226562,34.730000000000004,45.08434295654297,35.03,85.7678451538086
36.7,87.7630386352539,35.160000000000004,86.07574462890625,35.92,85.12822723388672,34.74,48.93820190429688,35.04,85.64424133300781
36.71,87.82439422607422,35.17,86.98410034179688,35.93,85.42029571533203,34.75,52.83734893798828,35.050000000000004,85.70751953125
36.72,87.83992767333984,35.18,87.87032318115234,35.94,85.65129852294922,34.760000000000005,56.77923583984375,35.06,85.77819061279297
36.73,87.7860107421875,35.190000000000005,88.70391845703125,35.95,85.83036041259766,34.77,60.7284049987793,35.07,85.77371978759766
36.74,87.69414520263672,35.2,89.48536682128906,35.96,85.95894622802734,34.78,64.630126953125,35.08,85.68866729736328
36.75,87.61479187011719,35.21,90.2585678100586,35.97,86.03124237060547,34.79,68.42981719970703,35.09,85.55577087402344
36.76,87.5655746459961,35.22,91.08973693847656,35.98,86.03665161132812,34.800000000000004,72.09410095214844,35.1,85.39427947998047
36.77,87.53197479248047,35.230000000000004,91.92809295654295,35.99,86.02381134033203,34.81,75.65856170654297,35.11,85.2479248046875
36.78,87.49652099609375,35.24,92.64625549316406,36.0,85.99475860595703,34.82,79.2014389038086,35.120000000000005,85.15693664550781
36.79,87.48731994628906,35.25,93.27584838867188,36.01,85.94347381591797,34.830000000000005,82.75953674316406,35.13,85.14542388916016
36.8,87.5016860961914,35.26,93.84515380859376,36.02,85.88593292236328,34.84,86.32505798339844,35.14,85.17515563964844
36.81,87.52082824707031,35.27,94.39393615722656,36.03,85.83392333984375,34.85,89.86557006835938,35.15,85.2033462524414
36.82,87.54360961914062,35.28,94.86419677734376,36.04,85.81446838378906,34.86,93.34467315673828,35.160000000000004,85.17059326171875
36.83,87.56953430175781,35.29,95.22248077392578,36.05,85.78424835205078,34.870000000000005,96.67242431640624,35.17,85.08659362792969
36.84,87.59866333007812,35.300000000000004,95.51306915283205,36.06,85.71759796142578,34.88,99.81584930419922,35.18,85.01787567138672
36.85,87.61822509765625,35.31,95.7881317138672,36.07,85.65892028808594,34.89,102.70541381835938,35.190000000000005,85.0059585571289
36.86,87.62896728515625,35.32,96.06521606445312,36.08,85.66320037841797,34.9,105.34447479248048,35.2,85.05889892578125
36.87,87.61463928222656,35.33,96.3538818359375,36.09,85.6913833618164,34.910000000000004,107.68003845214844,35.21,85.1547622680664
36.88,87.5790786743164,35.34,96.6848373413086,36.1,85.70362854003906,34.92,109.6899871826172,35.22,85.27922821044922
36.89,87.53387451171875,35.35,97.0595474243164,36.11,85.66065979003906,34.93,111.28086853027344,35.230000000000004,85.40040588378906
36.9,87.48942565917969,35.36,97.43263244628906,36.12,85.5220947265625,34.940000000000005,112.39190673828124,35.24,85.4918441772461
36.91,87.45594024658203,35.370000000000005,97.72818756103516,36.13,85.31892395019531,34.95,112.9366455078125,35.25,85.59632110595703
36.92,87.45573425292969,35.38,97.9566421508789,36.14,85.08654022216797,34.96,112.82965087890624,35.26,85.65103149414062
36.93,87.47810363769531,35.39,98.1368179321289,36.15,84.80055236816406,34.97,112.12648010253906,35.27,85.58692932128906
36.94,87.52803802490234,35.4,98.31822204589844,36.16,84.4604721069336,34.980000000000004,110.94959259033205,35.28,85.47659301757812
36.95,87.59541320800781,35.410000000000004,98.54342651367188,36.17,84.09730529785156,34.99,109.39606475830078,35.29,85.40010070800781
36.96,87.6628189086914,35.42,98.8310317993164,36.18,83.74161529541016,35.0,106.5734634399414,35.300000000000004,85.3492202758789
36.97,87.73060607910156,35.43,99.1341552734375,36.19,83.39910125732422,35.010000000000005,104.11754608154295,35.31,85.2851333618164
36.98,87.80278015136719,35.440000000000005,99.44654083251952,36.2,83.06199645996094,35.02,100.82733917236328,35.32,85.13972473144531
36.99,87.86857604980469,35.45,99.7925262451172,36.21,82.72785186767578,35.03,97.14319610595705,35.33,85.01068115234375
37.0,87.93262481689453,35.46,100.17666625976562,36.22,82.41922760009766,35.04,93.61932373046876,35.34,84.92891693115234
37.01,88.0106201171875,35.47,100.59081268310548,36.23,82.14208984375,35.050000000000004,90.75961303710938,35.35,84.88432312011719
37.02,88.10972595214844,35.480000000000004,101.02704620361328,36.24,81.86808776855469,35.06,88.80487060546875,35.36,84.83258056640625
37.03,88.20498657226562,35.49,101.50446319580078,36.25,81.57237243652344,35.07,87.45549011230469,35.370000000000005,84.75873565673828
37.04,88.28765106201172,35.5,102.0293426513672,36.26,81.26131439208984,35.080000000000005,86.43279266357422,35.38,84.6921615600586
37.05,88.36332702636719,35.51,102.59131622314452,36.27,80.94123077392578,35.09,85.65872192382812,35.39,84.63896942138672
37.06,88.42884826660156,35.52,103.16228485107422,36.28,80.62239074707031,35.1,85.17947387695312,35.4,84.58504486083984
37.07,88.486328125,35.53,103.73699951171876,36.29,80.30960845947266,35.11,84.88554382324219,35.410000000000004,84.50218963623047
37.08,88.54385375976562,35.54,104.3239517211914,36.3,79.98969268798828,35.120000000000005,84.63139343261719,35.42,84.3799057006836
37.09,88.60707092285156,35.550000000000004,104.9239501953125,36.31,79.65973663330078,35.13,84.40593719482422,35.43,84.2484359741211
37.1,88.66205596923828,35.56,105.53192901611328,36.32,79.31906127929688,35.14,84.22662353515625,35.440000000000005,84.15760803222656
37.11,88.71839904785156,35.57,106.16873168945312,36.33,78.94374084472656,35.15,84.0957260131836,35.45,84.13473510742188
37.12,88.78148651123047,35.58,106.82711029052734,36.34,78.53428649902344,35.160000000000004,83.9784927368164,35.46,84.16016387939453
37.13,88.84219360351562,35.59,107.47296142578124,36.35,78.1104507446289,35.17,83.86683654785156,35.47,84.18710327148438
37.14,88.90956115722656,35.6,108.08580780029295,36.36,77.72496032714844,35.18,83.76229858398438,35.480000000000004,84.17794036865234
37.15,88.99354553222656,35.61,108.6966323852539,36.37,77.3792953491211,35.190000000000005,83.6711196899414,35.49,84.12151336669922
37.16,89.08960723876953,35.620000000000005,109.35013580322266,36.38,77.06230163574219,35.2,83.58247375488281,35.5,84.02700805664062
37.17,89.1706314086914,35.63,110.03168487548828,36.39,76.75890350341797,35.21,83.51197052001953,35.51,83.9220962524414
37.18,89.240234375,35.64,110.72665405273438,36.4,76.511962890625,35.22,83.46143341064453,35.52,83.81257629394531
37.19,89.31350708007812,35.65,111.38142395019533,36.41,76.30354309082031,35.230000000000004,83.42124938964844,35.53,83.67638397216797
37.2,89.40069580078125,35.660000000000004,111.9279327392578,36.42,76.10209655761719,35.24,83.391357421875,35.54,83.50953674316406
37.21,89.48641204833984,35.67,112.36653900146484,36.43,75.94694519042969,35.25,83.36559295654297,35.550000000000004,83.31511688232422
37.22,89.5715560913086,35.68,112.74129486083984,36.44,75.8707275390625,35.260000000000005,83.33995056152344,35.56,83.10191345214844
37.23,89.64762115478516,35.690000000000005,113.1034164428711,36.45,75.87480926513672,35.27,83.3078842163086,35.57,82.88505554199219
37.24,89.70893096923828,35.7,113.48259735107422,36.46,75.90907287597656,35.28,83.2665023803711,35.58,82.63838958740234
37.25,89.76470184326172,35.71,113.88600158691406,36.47,75.95231628417969,35.29,83.22196960449219,35.59,82.38533782958984
37.26,89.80233001708984,35.72,114.34187316894533,36.48,76.02273559570312,35.300000000000004,83.17821502685547,35.6,82.06156158447266
37.27,89.81453704833984,35.730000000000004,114.86643981933594,36.49,76.14643859863281,35.31,83.14014434814453,35.61,81.50926208496094
37.28,89.79483795166016,35.74,115.44551849365234,36.5,76.31841278076172,35.32,83.11223602294922,35.620000000000005,80.75454711914062
37.29,89.77021026611328,35.75,116.0372314453125,36.51,76.48059844970703,35.330000000000005,83.09336853027344,35.63,80.04483032226562
37.3,89.78451538085938,35.760000000000005,116.59178924560548,36.52,76.59226989746094,35.34,83.08138275146484,35.64,79.68303680419922
37.31,89.81234741210938,35.77,117.08023071289062,36.53,76.70121002197266,35.35,83.06681823730469,35.65,79.68885803222656
37.32,89.8398208618164,35.78,117.49395751953124,36.54,76.87800598144531,35.36,83.05436706542969,35.660000000000004,79.86161041259766
37.33,89.87910461425781,35.79,117.8417510986328,36.55,77.17427062988281,35.370000000000005,83.04190826416016,35.67,80.09203338623047
37.34,89.93160247802734,35.800000000000004,118.10986328125,36.56,77.57904052734375,35.38,83.0232162475586,35.68,80.3023910522461
37.35,89.97614288330078,35.81,118.28194427490234,36.57,78.09468078613281,35.39,83.0044174194336,35.690000000000005,80.42537689208984
37.36,90.00845336914062,35.82,118.3370361328125,36.58,78.6951904296875,35.4,82.9818344116211,35.7,80.38433074951172
37.37,90.0322265625,35.83,118.2947998046875,36.59,79.38106536865234,35.410000000000004,82.95198822021484,35.71,80.09353637695312
37.38,90.05652618408203,35.84,118.14594268798828,36.6,80.1250228881836,35.42,82.92922973632812,35.72,79.56304931640625
37.39,90.08514404296876,35.85,117.9317626953125,36.61,80.91087341308594,35.43,82.90828704833984,35.730000000000004,78.8465576171875
37.4,90.1039581298828,35.86,117.66268920898438,36.62,81.70149230957031,35.440000000000005,82.88894653320312,35.74,78.17130279541016
37.41,90.1252899169922,35.870000000000005,117.37802124023438,36.63,82.42191314697266,35.45,82.8582992553711,35.75,77.77810668945312
37.42,90.15534210205078,35.88,117.05140686035156,36.64,83.00142669677734,35.46,82.81678009033203,35.76,77.65193176269531
37.43,90.20596313476562,35.89,116.70601654052734,36.65,83.53778076171875,35.47,82.75904083251953,35.77,77.5906753540039
37.44,90.24401092529295,35.9,116.33952331542967,36.66,84.18399047851562,35.480000000000004,82.69300079345703,35.78,77.51407623291016
37.45,90.2764663696289,35.910000000000004,115.89558410644533,36.67,84.91825103759766,35.49,82.61729431152344,35.79,77.45487976074219
37.46,90.31105041503906,35.92,115.4604721069336,36.68,85.6370620727539,35.5,82.53060150146484,35.800000000000004,77.46282196044922
37.47,90.35066986083984,35.93,115.16393280029295,36.69,86.26136779785156,35.510000000000005,82.4334716796875,35.81,77.53530883789062
37.48,90.40259552001952,35.940000000000005,115.0373992919922,36.7,86.86174011230469,35.52,82.32467651367188,35.82,77.6382827758789
37.49,90.4552001953125,35.95,115.16909790039062,36.71,87.51758575439453,35.53,82.19303894042969,35.83,77.75387573242188
37.5,90.5036849975586,35.96,115.53575897216795,36.72,88.17566680908203,35.54,82.02751922607422,35.84,77.85801696777344
37.51,90.5427474975586,35.97,116.13994598388672,36.73,88.6996078491211,35.550000000000004,81.82772827148438,35.85,77.91693115234375
37.52,90.56755828857422,35.980000000000004,116.90060424804688,36.74,89.01565551757812,35.56,81.57637023925781,35.86,77.92756652832031
37.53,90.5710220336914,35.99,117.82007598876952,36.75,89.15090942382812,35.57,81.27565002441406,35.870000000000005,77.94454956054688
37.54,90.55226135253906,36.0,118.89051818847656,36.76,89.13432312011719,35.580000000000005,80.87647247314453,35.88,78.00497436523438
37.55,90.5088882446289,36.010000000000005,120.05464935302734,36.77,89.04668426513672,35.59,80.35800170898438,35.89,78.09538269042969
37.56,90.4462432861328,36.02,121.1625747680664,36.78,89.00482177734375,35.6,79.6115493774414,35.9,78.18650817871094
37.57,90.36902618408205,36.03,122.05201721191406,36.79,89.10419464111328,35.61,78.54852294921875,35.910000000000004,78.2671890258789
37.58,90.29713439941406,36.04,122.68518829345705,36.8,89.44657135009766,35.620000000000005,77.52920532226562,35.92,78.35253143310547
37.59,90.23456573486328,36.05,123.24401092529295,36.81,90.029052734375,35.63,76.52838134765625,35.93,78.482421875
37.6,90.17163848876952,36.06,123.7169189453125,36.82,90.77450561523438,35.64,75.51728820800781,35.940000000000005,78.65276336669922
37.61,90.11746978759766,36.07,124.11458587646484,36.83,91.39964294433594,35.65,74.51704406738281,35.95,78.84667205810547
37.62,90.0915756225586,36.08,124.40208435058594,36.84,91.70111083984376,35.660000000000004,73.49455261230469,35.96,79.03260040283203
37.63,90.08560180664062,36.09,124.49250030517578,36.85,91.90613555908205,35.67,72.42343139648438,35.97,79.1996078491211
37.64,90.09329223632812,36.1,124.35111236572266,36.86,92.26233673095705,35.68,71.30551147460938,35.980000000000004,79.34877014160156
37.65,90.1258544921875,36.11,124.02484893798828,36.87,92.68093872070312,35.690000000000005,70.13037872314453,35.99,79.4966049194336
37.66,90.17607879638672,36.120000000000005,123.5799560546875,36.88,93.03375244140624,35.7,68.90735626220703,36.0,79.65411376953125
37.67,90.2391128540039,36.13,123.09024810791016,36.89,93.24801635742188,35.71,67.62479400634766,36.010000000000005,79.828125
37.68,90.31546020507812,36.14,122.54814910888672,36.9,93.30736541748048,35.72,66.30406951904297,36.02,79.99456787109375
37.69,90.39616394042967,36.15,121.92112731933594,36.91,93.26508331298828,35.730000000000004,64.9423828125,36.03,80.09392547607422
37.7,90.4684600830078,36.16,121.2553482055664,36.92,93.19865417480467,35.74,63.64537811279297,36.04,80.11096954345703
37.71,90.53582763671876,36.17,120.58243560791016,36.93,93.16600036621094,35.75,62.45954132080078,36.05,80.06163024902344
37.72,90.59523010253906,36.18,119.89086151123048,36.94,93.1920928955078,35.760000000000005,61.40620422363281,36.06,79.99125671386719
37.73,90.6465835571289,36.190000000000005,119.15557861328124,36.95,93.27120208740234,35.77,60.5890007019043,36.07,79.92949676513672
37.74,90.6940689086914,36.2,118.3976058959961,36.96,93.36687469482422,35.78,60.01176834106445,36.08,79.88263702392578
37.75,90.7433853149414,36.21,117.6655044555664,36.97,93.42808532714844,35.79,59.8019905090332,36.09,79.84500885009766
37.76,90.79360961914062,36.22,116.8970718383789,36.98,93.43516540527344,35.800000000000004,60.06679153442383,36.1,79.80912017822266
37.77,90.8284149169922,36.23,116.03738403320312,36.99,93.407470703125,35.81,60.92787170410156,36.11,79.76409912109375
37.78,90.82360076904295,36.24,115.07145690917967,37.0,93.36263275146484,35.82,62.44366836547852,36.120000000000005,79.71273803710938
37.79,90.80503845214844,36.25,114.07112121582033,37.01,93.34120178222656,35.830000000000005,64.51765441894531,36.13,79.66211700439453
37.8,90.80056762695312,36.260000000000005,113.14767456054688,37.02,93.33597564697266,35.84,66.84833526611328,36.14,79.63053131103516
37.81,90.82479858398438,36.27,112.36564636230467,37.03,93.37812042236328,35.85,69.20832061767578,36.15,79.60384368896484
37.82,90.88248443603516,36.28,111.81664276123048,37.04,93.47933197021484,35.86,71.34281921386719,36.16,79.54891967773438
37.83,90.95474243164062,36.29,111.44207000732422,37.05,93.58646392822266,35.870000000000005,73.49443817138672,36.17,79.45572662353516
37.84,91.01449584960938,36.3,111.0924072265625,37.06,93.6790008544922,35.88,75.45378875732422,36.18,79.3371810913086
37.85,91.03678894042967,36.31,110.71774291992188,37.07,93.76255798339844,35.89,76.96322631835938,36.190000000000005,79.2384033203125
37.86,91.01619720458984,36.32,110.28816986083984,37.08,93.83934020996094,35.900000000000006,77.77796173095703,36.2,79.16573333740234
37.87,90.96878814697266,36.33,109.81497955322266,37.09,93.9168930053711,35.910000000000004,78.00485229492188,36.21,79.12345886230469
37.88,90.91498565673828,36.34,109.35681915283205,37.1,93.99341583251952,35.92,77.78538513183594,36.22,79.10218048095703
37.89,90.87489318847656,36.35,109.01044464111328,37.11,94.06187438964844,35.93,77.28609466552734,36.23,79.11837768554688
37.9,90.8754425048828,36.36,108.75286865234376,37.12,94.1136703491211,35.940000000000005,76.65515899658203,36.24,79.13385772705078
37.91,90.91624450683594,36.370000000000005,108.5191879272461,37.13,94.14545440673828,35.95,75.95897674560547,36.25,79.07183837890625
37.92,90.9979019165039,36.38,108.27676391601562,37.14,94.16461944580078,35.96,75.22280883789062,36.260000000000005,78.88529968261719
37.93,91.12599182128906,36.39,108.09358215332033,37.15,94.19512939453124,35.97,74.4327621459961,36.27,78.61414337158203
37.94,91.31487274169922,36.4,107.89068603515624,37.16,94.23308563232422,35.980000000000004,73.5742416381836,36.28,78.30218505859375
37.95,91.56819152832033,36.41,107.5642547607422,37.17,94.26934051513672,35.99,72.68830871582031,36.29,77.97764587402344
37.96,91.86531066894533,36.42,107.16902160644533,37.18,94.2885971069336,36.0,71.83696746826172,36.3,77.67665100097656
37.97,92.18025207519533,36.43,106.7951431274414,37.19,94.30343627929688,36.010000000000005,71.05821228027344,36.31,77.44115447998047
37.98,92.48967742919922,36.440000000000005,106.48818969726562,37.2,94.30827331542967,36.02,70.32182312011719,36.32,77.27391052246094
37.99,92.7769775390625,36.45,106.1709976196289,37.21,94.30119323730467,36.03,69.62551879882812,36.33,77.20006561279297
38.0,93.03418731689452,36.46,105.828369140625,37.22,94.3294677734375,36.04,68.97835540771484,36.34,77.19200897216797
38.01,93.27244567871094,36.47,105.46665954589844,37.23,94.37200164794922,36.05,68.4815902709961,36.35,77.24846649169922
38.02,93.48016357421876,36.48,105.11394500732422,37.24,94.41349792480467,36.06,68.1744613647461,36.36,77.35511779785156
38.03,93.65682220458984,36.49,104.78346252441406,37.25,94.4483871459961,36.07,68.05215454101562,36.370000000000005,77.48941802978516
38.04,93.82056427001952,36.5,104.4517059326172,37.26,94.4762725830078,36.080000000000005,68.06102752685547,36.38,77.54450988769531
38.05,93.99364471435548,36.510000000000005,104.1386489868164,37.27,94.49650573730467,36.09,68.16712951660156,36.39,77.54627227783203
38.06,94.18162536621094,36.52,103.85606384277344,37.28,94.51644897460938,36.1,68.37964630126953,36.4,77.50245666503906
38.07,94.3894271850586,36.53,103.63677978515624,37.29,94.5451431274414,36.11,68.66896057128906,36.41,77.45339965820312
38.08,94.6083755493164,36.54,103.47977447509766,37.3,94.5833511352539,36.120000000000005,69.06233978271484,36.42,77.43915557861328
38.09,94.84687042236328,36.55,103.29141998291016,37.31,94.64141082763672,36.13,69.53204345703125,36.43,77.52750396728516
38.1,95.12845611572266,36.56,103.11176300048828,37.32,94.70984649658205,36.14,69.99163055419922,36.440000000000005,77.68310546875
38.11,95.43920135498048,36.57,102.9647216796875,37.33,94.7659149169922,36.150000000000006,70.30646514892578,36.45,77.8344955444336
38.12,95.76129913330078,36.58,102.82414245605467,37.34,94.80460357666016,36.16,70.33718872070312,36.46,77.97067260742188
38.13,96.09432220458984,36.59,102.70616912841795,37.35,94.82901763916016,36.17,70.1930160522461,36.47,78.10289001464844
38.14,96.4242172241211,36.6,102.61333465576172,37.36,94.85765075683594,36.18,70.67231750488281,36.48,78.24891662597656
38.15,96.731689453125,36.61,102.54449462890624,37.37,94.8759994506836,36.190000000000005,71.70474243164062,36.49,78.39564514160156
38.16,97.02368927001952,36.620000000000005,102.48942565917967,37.38,94.90101623535156,36.2,73.21595001220703,36.5,78.51432037353516
38.17,97.32798767089844,36.63,102.44965362548828,37.39,94.93795013427734,36.21,74.55340576171875,36.510000000000005,78.5992202758789
38.18,97.67160034179688,36.64,102.4222183227539,37.4,94.98413848876952,36.22,75.75091552734375,36.52,78.66651916503906
38.19,98.05669403076172,36.65,102.3838348388672,37.41,95.0456771850586,36.23,76.93571472167969,36.53,78.72880554199219
38.2,98.46414184570312,36.66,102.33914947509766,37.42,95.08583068847656,36.24,78.16600799560547,36.54,78.80167388916016
38.21,98.87232208251952,36.67,102.28439331054688,37.43,95.10950469970705,36.25,79.38106536865234,36.55,78.88628387451172
38.22,99.26974487304688,36.68,102.2371597290039,37.44,95.127197265625,36.260000000000005,80.48434448242188,36.56,78.96974182128906
38.23,99.64102935791016,36.690000000000005,102.21106719970705,37.45,95.152587890625,36.27,81.41049194335938,36.57,79.054443359375
38.24,99.99430084228516,36.7,102.20848083496094,37.46,95.1882781982422,36.28,81.86176300048828,36.58,79.16194915771484
38.25,100.32364654541016,36.71,102.2156753540039,37.47,95.22925567626952,36.29,81.9508285522461,36.59,79.31185913085938
38.26,100.60989379882812,36.72,102.22051239013672,37.48,95.27156829833984,36.3,82.16129302978516,36.6,79.47622680664062
38.27,100.86102294921876,36.73,102.21810150146484,37.49,95.3082504272461,36.31,82.29842376708984,36.61,79.62472534179688
38.28,101.06291961669922,36.74,102.21993255615234,37.5,95.32917785644533,36.32,82.42596435546875,36.620000000000005,79.75099182128906
38.29,101.26036071777344,36.75,102.2406768798828,37.51,95.35153198242188,36.330000000000005,82.51222229003906,36.63,79.8712387084961
38.3,101.4765625,36.760000000000005,102.2607650756836,37.52,95.38178253173828,36.34,82.58134460449219,36.64,80.02586364746094
38.31,101.732421875,36.77,102.26874542236328,37.53,95.41465759277344,36.35,82.6395263671875,36.65,80.21559143066406
38.32,102.01847839355467,36.78,102.25788116455078,37.54,95.44965362548828,36.36,82.70020294189453,36.66,80.40353393554688
38.33,102.29434204101562,36.79,102.22264099121094,37.55,95.48656463623048,36.370000000000005,82.75563049316406,36.67,80.578369140625
38.34,102.53126525878906,36.8,102.17881774902344,37.56,95.52647399902344,36.38,82.80902862548828,36.68,80.75048065185547
38.35,102.71448516845705,36.81,102.14026641845705,37.57,95.56063842773438,36.39,82.86553955078125,36.690000000000005,80.91160583496094
38.36,102.83190155029295,36.82,102.10100555419922,37.58,95.58226013183594,36.400000000000006,82.92241668701172,36.7,81.05944061279297
38.37,102.88825988769533,36.83,102.06104278564452,37.59,95.59725952148438,36.41,82.98262786865234,36.71,81.18346405029297
38.38,102.83834075927734,36.84,102.04212188720705,37.6,95.59439086914062,36.42,83.05626678466797,36.72,81.28297424316406
38.39,102.67191314697266,36.85,102.0516128540039,37.61,95.5599594116211,36.43,83.14292907714844,36.73,81.38204956054688
38.4,102.33045196533205,36.86,102.09446716308594,37.62,95.49166870117188,36.440000000000005,83.2430419921875,36.74,81.51349639892578
38.41,101.72892761230467,36.870000000000005,102.1264190673828,37.63,95.40754699707033,36.45,83.34495544433594,36.75,81.67469787597656
38.42,100.92390441894533,36.88,102.14632415771484,37.64,95.30812072753906,36.46,83.44454193115234,36.760000000000005,81.85086059570312
38.43,99.93280792236328,36.89,102.18892669677734,37.65,95.19206237792967,36.47,83.55030059814453,36.77,82.01641845703125
38.44,98.73405456542967,36.9,102.22840118408205,37.66,95.04501342773438,36.48,83.65989685058594,36.78,82.1744155883789
38.45,97.4024887084961,36.91,102.2658462524414,37.67,94.85710906982422,36.49,83.76567840576172,36.79,82.33744812011719
38.46,95.96388244628906,36.92,102.31078338623048,37.68,94.62358856201172,36.5,83.86408233642578,36.8,82.51285552978516
38.47,94.43533325195312,36.93,102.37623596191406,37.69,94.3227310180664,36.510000000000005,83.95904541015625,36.81,82.70166015625
38.48,92.76375579833984,36.940000000000005,102.4573745727539,37.7,93.9697494506836,36.52,84.0555648803711,36.82,82.89696502685547
38.49,90.98863220214844,36.95,102.52488708496094,37.71,93.55270385742188,36.53,84.14618682861328,36.83,83.10242462158203
38.5,89.2795181274414,36.96,102.58014678955078,37.72,93.08987426757812,36.54,84.219482421875,36.84,83.31455993652344
38.51,87.80635070800781,36.97,102.6272430419922,37.73,92.59314727783205,36.55,84.2622299194336,36.85,83.53348541259766
38.52,86.54291534423828,36.98,102.67804718017578,37.74,92.03392028808594,36.56,84.2810287475586,36.86,83.7489013671875
38.53,85.45877838134766,36.99,102.73641967773438,37.75,91.41553497314452,36.57,84.29090881347656,36.870000000000005,83.94139862060547
38.54,84.42794036865234,37.0,102.79469299316406,37.76,90.71881866455078,36.580000000000005,84.31315612792969,36.88,84.09247589111328
38.55,83.27464294433594,37.010000000000005,102.84954833984376,37.77,89.95841217041016,36.59,84.32830810546875,36.89,84.1973876953125
38.56,81.89490509033203,37.02,102.9047622680664,37.78,89.0909194946289,36.6,84.33462524414062,36.9,84.261474609375
38.57,80.4001235961914,37.03,102.96849822998048,37.79,88.11700439453125,36.61,84.33991241455078,36.91,84.29792022705078
38.58,78.96319580078125,37.04,103.026611328125,37.8,87.06816101074219,36.620000000000005,84.33778381347656,36.92,84.32574462890625
38.59,77.6109390258789,37.05,103.06482696533205,37.81,85.96389770507812,36.63,84.33462524414062,36.93,84.3747329711914
38.6,76.20999145507812,37.06,103.08167266845705,37.82,84.78441619873047,36.64,84.33221435546875,36.940000000000005,84.45938110351562
38.61,74.70365142822266,37.07,103.0958480834961,37.83,83.39436340332031,36.650000000000006,84.32434844970703,36.95,84.57063293457031
38.62,73.14985656738281,37.08,103.1179428100586,37.84,81.81083679199219,36.66,84.31494140625,36.96,84.70582580566406
38.63,71.69066619873047,37.09,103.14697265625,37.85,80.0780029296875,36.67,84.30149841308594,36.97,84.83577728271484
38.64,70.43446350097656,37.1,103.1756362915039,37.86,78.33065795898438,36.68,84.28416442871094,36.98,84.94573211669922
38.65,69.33772277832031,37.11,103.18888092041016,37.87,76.68050384521484,36.690000000000005,84.26517486572266,36.99,85.02406311035156
38.66,68.37822723388672,37.120000000000005,103.18819427490234,37.88,75.06661987304688,36.7,84.24820709228516,37.0,85.08705139160156
38.67,67.52774047851562,37.13,103.19793701171876,37.89,73.50396728515625,36.71,84.22880554199219,37.010000000000005,85.12854766845703
38.68,66.7581558227539,37.14,103.22332000732422,37.9,72.17308044433594,36.72,84.20893859863281,37.02,85.1583480834961
38.69,66.002685546875,37.15,103.25704193115234,37.91,71.0122299194336,36.73,84.18899536132812,37.03,85.14164733886719
38.7,65.19664764404297,37.16,103.29276275634766,37.92,69.90629577636719,36.74,84.16315460205078,37.04,85.0877456665039
38.71,64.33028411865234,37.17,103.3313217163086,37.93,68.81343078613281,36.75,84.13478088378906,37.05,85.02690887451172
38.72,63.45696258544922,37.18,103.37091827392578,37.94,67.7668685913086,36.760000000000005,84.10465240478516,37.06,84.97628021240234
38.73,62.62795639038086,37.190000000000005,103.41805267333984,37.95,66.7850112915039,36.77,84.07186126708984,37.07,84.94266510009766
38.74,61.91489791870117,37.2,103.46746063232422,37.96,65.8531494140625,36.78,84.03776550292969,37.08,84.92052459716797
38.75,61.35139083862305,37.21,103.5204620361328,37.97,65.0116958618164,36.79,84.0069808959961,37.09,84.90518951416016
38.76,60.97914505004883,37.22,103.57203674316406,37.98,64.25086975097656,36.8,83.98002624511719,37.1,84.87918090820312
38.77,60.86397552490234,37.23,103.62537384033205,37.99,63.49805068969727,36.81,83.95304107666016,37.11,84.86934661865234
38.78,60.95134735107422,37.24,103.68242645263672,38.0,62.75963973999024,36.82,83.92257690429688,37.120000000000005,84.8682861328125
38.79,61.22083282470703,37.25,103.72377014160156,38.01,62.11634063720703,36.830000000000005,83.89306640625,37.13,84.86505126953125
38.8,61.70887756347656,37.260000000000005,103.7465591430664,38.02,61.61048889160156,36.84,83.85542297363281,37.14,84.85253143310547
38.81,62.322044372558594,37.27,103.75871276855467,38.03,61.18732452392578,36.85,83.80166625976562,37.15,84.83244323730469
38.82,63.04816818237305,37.28,103.7627182006836,38.04,60.82859420776367,36.86,83.74107360839844,37.16,84.79207611083984
38.83,63.873146057128906,37.29,103.76287841796876,38.05,60.50802230834961,36.870000000000005,83.6783218383789,37.17,84.73426055908203
38.84,64.78356170654297,37.3,103.7564926147461,38.06,60.23737335205078,36.88,83.6199951171875,37.18,84.66661834716797
38.85,65.48758697509766,37.31,103.7429656982422,38.07,60.02252578735352,36.89,83.56765747070312,37.190000000000005,84.60488891601562
38.86,65.57935333251953,37.32,103.74813842773438,38.08,59.86180877685547,36.900000000000006,83.51781463623047,37.2,84.56739044189453
38.87,65.09019470214844,37.33,103.75840759277344,38.09,59.76909637451172,36.91,83.468017578125,37.21,84.56336212158203
38.88,64.47145080566406,37.34,103.76915740966795,38.1,59.74468612670898,36.92,83.42131042480469,37.22,84.57160949707031
38.89,63.88630676269531,37.35,103.7774887084961,38.11,59.80149841308594,36.93,83.3739013671875,37.23,84.55059814453125
38.9,63.30848693847656,37.36,103.78094482421876,38.12,59.919654846191406,36.940000000000005,83.3255386352539,37.24,84.5058822631836
38.91,62.81057357788086,37.370000000000005,103.78648376464844,38.13,60.10935592651367,36.95,83.27360534667969,37.25,84.45349884033203
38.92,62.449981689453125,37.38,103.8057098388672,38.14,60.3619384765625,36.96,83.21696472167969,37.260000000000005,84.40200805664062
38.93,62.17939376831055,37.39,103.83313751220705,38.15,60.661712646484375,36.97,83.1644058227539,37.27,84.3558578491211
38.94,61.98263931274414,37.4,103.86671447753906,38.16,61.025333404541016,36.98,83.11576843261719,37.28,84.32099914550781
38.95,61.86037063598633,37.41,103.9077606201172,38.17,61.44805145263672,36.99,83.0691909790039,37.29,84.29954528808594
38.96,61.88724899291992,37.42,103.94656372070312,38.18,61.91768264770508,37.0,83.02581787109375,37.3,84.27789306640625
38.97,62.23804473876953,37.43,103.98460388183594,38.19,62.39082336425781,37.010000000000005,82.97966003417969,37.31,84.24536895751953
38.98,62.91287612915039,37.440000000000005,104.02537536621094,38.2,62.81325149536133,37.02,82.93074798583984,37.32,84.21307373046875
38.99,63.64986801147461,37.45,104.07128143310548,38.21,63.07207489013672,37.03,82.88585662841797,37.33,84.18467712402344
39.0,64.28946685791016,37.46,104.11885833740234,38.22,63.22597885131836,37.04,82.84632110595703,37.34,84.15848541259766
39.01,64.5438232421875,37.47,104.17182159423828,38.23,63.34487915039063,37.05,82.80813598632812,37.35,84.12896728515625
39.02,64.0545425415039,37.48,104.22994232177734,38.24,63.50611114501953,37.06,82.76931762695312,37.36,84.09637451171875
39.03,63.387020111083984,37.49,104.28234100341795,38.25,63.67783737182617,37.07,82.72647094726562,37.370000000000005,84.06063079833984
39.04,63.16799545288086,37.5,104.3216781616211,38.26,63.72836685180664,37.080000000000005,82.68515014648438,37.38,84.02581787109375
39.05,63.47443389892578,37.510000000000005,104.3513412475586,38.27,63.58620834350586,37.09,82.64412689208984,37.39,83.99158477783203
39.06,64.36492919921875,37.52,104.37381744384766,38.28,63.33160781860352,37.1,82.60539245605469,37.4,83.95307159423828
39.07,65.61502838134766,37.53,104.39227294921876,38.29,63.065948486328125,37.11,82.56877899169922,37.41,83.91239929199219
39.08,67.08462524414062,37.54,104.40833282470705,38.3,62.83707427978516,37.120000000000005,82.53714752197266,37.42,83.87432098388672
39.09,68.55564880371094,37.55,104.42203521728516,38.31,62.6780891418457,37.13,82.50547790527344,37.43,83.82986450195312
39.1,69.61993408203125,37.56,104.4414291381836,38.32,62.693809509277344,37.14,82.47924041748047,37.440000000000005,83.7783203125
39.11,70.51719665527344,37.57,104.47180938720705,38.33,62.90581893920898,37.150000000000006,82.45791625976562,37.45,83.72797393798828
39.12,71.48236083984375,37.58,104.51880645751952,38.34,63.19178009033203,37.16,82.43576049804688,37.46,83.68887329101562
39.13,72.3633041381836,37.59,104.58834838867188,38.35,63.4603157043457,37.17,82.41983032226562,37.47,83.65498352050781
39.14,73.18292999267578,37.6,104.66680145263672,38.36,63.71099853515625,37.18,82.40824127197266,37.48,83.62156677246094
39.15,74.02826690673828,37.61,104.74378204345705,38.37,63.9649772644043,37.190000000000005,82.40032958984375,37.49,83.58667755126953
39.16,74.88026428222656,37.620000000000005,104.83308410644533,38.38,64.25008392333984,37.2,82.40322875976562,37.5,83.54698181152344
39.17,75.73900604248047,37.63,104.93302917480467,38.39,64.54299926757812,37.21,82.40180206298828,37.510000000000005,83.4937515258789
39.18,76.65109252929688,37.64,105.04315185546876,38.4,64.82715606689453,37.22,82.40782928466797,37.52,83.41825866699219
39.19,77.6238784790039,37.65,105.16120147705078,38.41,65.07244873046875,37.23,82.41912841796875,37.53,83.32022094726562
39.2,78.67081451416016,37.66,105.28256225585938,38.42,65.25090026855469,37.24,82.44831848144531,37.54,83.21184539794922
39.21,79.78913116455078,37.67,105.39920043945312,38.43,65.41117858886719,37.25,82.46833038330078,37.55,83.10394287109375
39.22,80.95179748535156,37.68,105.50768280029295,38.44,65.71273040771484,37.260000000000005,82.48087310791016,37.56,83.0047607421875
39.23,82.09242248535156,37.690000000000005,105.60773468017578,38.45,66.23961639404297,37.27,82.48705291748047,37.57,82.92085266113281
39.24,83.12227630615234,37.7,105.69284057617188,38.46,67.02392578125,37.28,82.48469543457031,37.58,82.84934997558594
39.25,84.0580062866211,37.71,105.77327728271484,38.47,67.89816284179688,37.29,82.48079681396484,37.59,82.78703308105469
39.26,84.98873901367188,37.72,105.84249877929688,38.48,68.79405975341797,37.3,82.48548889160156,37.6,82.74143981933594
39.27,85.92138671875,37.73,105.90308380126952,38.49,69.7953872680664,37.31,82.48715209960938,37.61,82.70954132080078
39.28,86.83094024658203,37.74,105.96368408203124,38.5,70.90239715576172,37.32,82.48692321777344,37.620000000000005,82.6904525756836
39.29,87.72181701660156,37.75,106.03340911865234,38.51,71.88307189941406,37.330000000000005,82.48606872558594,37.63,82.67725372314453
39.3,88.6080093383789,37.760000000000005,106.11924743652344,38.52,72.67626190185547,37.34,82.49171447753906,37.64,82.65653228759766
39.31,89.46293640136719,37.77,106.21766662597656,38.53,73.47055053710938,37.35,82.50039672851562,37.65,82.62037658691406
39.32,90.25789642333984,37.78,106.29317474365234,38.54,74.32941436767578,37.36,82.51730346679688,37.66,82.5740966796875
39.33,90.99657440185548,37.79,106.3493423461914,38.55,75.18833923339844,37.370000000000005,82.51522064208984,37.67,82.52079772949219
39.34,91.69290161132812,37.8,106.40289306640624,38.56,76.02877044677734,37.38,82.5134506225586,37.68,82.45669555664062
39.35,92.38172149658205,37.81,106.47623443603516,38.57,76.90757751464844,37.39,82.5169677734375,37.690000000000005,82.3863525390625
39.36,93.07372283935548,37.82,106.57333374023438,38.58,77.88186645507812,37.400000000000006,82.51634216308594,37.7,82.30449676513672
39.37,93.72039794921876,37.83,106.69001770019533,38.59,78.92868041992188,37.41,82.51729583740234,37.71,82.19507598876953
39.38,94.27286529541016,37.84,106.7956314086914,38.6,80.03856658935547,37.42,82.51946258544922,37.72,82.05364227294922
39.39,94.80406188964844,37.85,106.85800170898438,38.61,81.23583984375,37.43,82.520263671875,37.73,81.87916564941406
39.4,95.36389923095705,37.86,106.90225219726562,38.62,82.52871704101562,37.440000000000005,82.52452087402344,37.74,81.68794250488281
39.41,95.972412109375,37.870000000000005,106.95703887939452,38.63,83.89646911621094,37.45,82.52942657470703,37.75,81.49727630615234
39.42,96.63419342041016,37.88,107.0264892578125,38.64,85.276611328125,37.46,82.53411102294922,37.760000000000005,81.31575775146484
39.43,97.08499145507812,37.89,107.1015167236328,38.65,86.59400177001953,37.47,82.53954315185547,37.77,81.13773345947266
39.44,97.42053985595705,37.9,107.17993927001952,38.66,87.7780532836914,37.48,82.54657745361328,37.78,80.97123718261719
39.45,97.7178192138672,37.91,107.25039672851562,38.67,88.80023956298828,37.49,82.55545043945312,37.79,80.83792114257812
39.46,97.98889923095705,37.92,107.31575775146484,38.68,89.73887634277344,37.5,82.56505584716797,37.8,80.76252746582031
39.47,98.19772338867188,37.93,107.36947631835938,38.69,90.60198974609376,37.510000000000005,82.57693481445312,37.81,80.75214385986328
39.48,98.40667724609376,37.940000000000005,107.4413604736328,38.7,91.36540222167967,37.52,82.59678649902344,37.82,80.80355834960938
39.49,98.60712432861328,37.95,107.54039001464844,38.71,92.03206634521484,37.53,82.62355041503906,37.83,80.91053009033203
39.5,98.76068115234376,37.96,107.66658782958984,38.72,92.62154388427734,37.54,82.6595458984375,37.84,81.0421371459961
39.51,98.78829193115234,37.97,107.80358123779295,38.73,93.19610595703124,37.55,82.70048522949219,37.85,81.14241790771484
39.52,98.66765594482422,37.98,107.9404296875,38.74,93.82414245605467,37.56,82.74081420898438,37.86,81.1206283569336
39.53,98.4318618774414,37.99,108.07742309570312,38.75,94.54531860351562,37.57,82.78033447265625,37.870000000000005,80.99588012695312
39.54,98.03888702392578,38.0,108.21200561523438,38.76,95.35662841796876,37.580000000000005,82.81749725341797,37.88,80.79278564453125
39.55,97.53639221191406,38.010000000000005,108.33826446533205,38.77,96.2391586303711,37.59,82.8487319946289,37.89,80.5616455078125
39.56,96.87383270263672,38.02,108.4565200805664,38.78,97.20775604248048,37.6,82.87505340576172,37.9,80.34951782226562
39.57,96.00836944580078,38.03,108.56700897216795,38.79,98.246826171875,37.61,82.89342498779297,37.91,80.18926239013672
39.58,94.94914245605467,38.04,108.68084716796876,38.8,99.23884582519533,37.620000000000005,82.90260314941406,37.92,80.06956481933594
39.59,93.71150207519533,38.05,108.80037689208984,38.81,100.164794921875,37.63,82.90694427490234,37.93,79.9552230834961
39.6,92.26337432861328,38.06,108.92642974853516,38.82,101.12789154052734,37.64,82.9128646850586,37.940000000000005,79.8140640258789
39.61,90.65794372558594,38.07,109.07162475585938,38.83,102.1089096069336,37.650000000000006,82.9171142578125,37.95,79.6209716796875
39.62,88.94032287597656,38.08,109.2390594482422,38.84,102.9880142211914,37.66,82.92504119873047,37.96,79.38262939453125
39.63,87.24614715576172,38.09,109.43094635009766,38.85,103.7208251953125,37.67,82.9357681274414,37.97,79.1091079711914
39.64,85.82963562011719,38.1,109.63525390625,38.86,104.22366333007812,37.68,82.94825744628906,37.98,78.81493377685547
39.65,84.76842498779297,38.11,109.83740234375,38.87,104.58370208740234,37.690000000000005,82.96336364746094,37.99,78.51658630371094
39.66,83.85504150390625,38.120000000000005,110.03974151611328,38.88,104.8065185546875,37.7,82.98133850097656,38.0,78.23297882080078
39.67,82.7459716796875,38.13,110.25440216064452,38.89,104.89281463623048,37.71,83.00652313232422,38.010000000000005,77.97067260742188
39.68,81.37421417236328,38.14,110.49322509765624,38.9,104.92202758789062,37.72,83.04046630859375,38.02,77.71575164794922
39.69,79.87506866455078,38.15,110.75025939941406,38.91,105.04029846191406,37.73,83.08429718017578,38.03,77.45431518554688
39.7,78.38761138916016,38.16,111.0124282836914,38.92,105.20223999023438,37.74,83.1368637084961,38.04,77.18604278564453
39.71,76.9991683959961,38.17,111.27635955810548,38.93,105.42575073242188,37.75,83.20513153076172,38.05,76.90757751464844
39.72,75.711669921875,38.18,111.51766204833984,38.94,105.67724609375,37.760000000000005,83.28689575195312,38.06,76.62342834472656
39.73,74.45764923095703,38.190000000000005,111.72541046142578,38.95,105.93671417236328,37.77,83.3834228515625,38.07,76.3354263305664
39.74,73.21981048583984,38.2,111.95013427734376,38.96,106.1533660888672,37.78,83.49005889892578,38.08,76.06401824951172
39.75,72.0165786743164,38.21,112.1928482055664,38.97,106.25094604492188,37.79,83.58562469482422,38.09,75.8370361328125
39.76,70.86949920654297,38.22,112.4720230102539,38.98,106.2055435180664,37.8,83.65637969970703,38.1,75.649658203125
39.77,69.77808380126953,38.23,112.79185485839844,38.99,106.0628433227539,37.81,83.72057342529297,38.11,75.47591400146484
39.78,68.7809829711914,38.24,113.13390350341795,39.0,105.72492218017578,37.82,83.78893280029297,38.120000000000005,75.28949737548828
39.79,67.9118423461914,38.25,113.4875717163086,39.01,105.1029281616211,37.830000000000005,83.86087036132812,38.13,75.08314514160156
39.8,67.17007446289062,38.260000000000005,113.84394073486328,39.02,104.03936767578124,37.84,83.93118286132812,38.14,74.83914947509766
39.81,66.49803161621094,38.27,114.23507690429688,39.03,102.64276885986328,37.85,83.9970474243164,38.15,74.52771759033203
39.82,65.80863952636719,38.28,114.65474700927734,39.04,101.04104614257812,37.86,84.0461654663086,38.16,74.11515045166016
39.83,64.9868392944336,38.29,115.09955596923828,39.05,99.27407836914062,37.870000000000005,84.08454895019531,38.17,73.69984436035156
39.84,64.02626037597656,38.3,115.59396362304688,39.06,97.39132690429688,37.88,84.09862518310547,38.18,73.36827087402344
39.85,62.96662139892578,38.31,116.13719940185548,39.07,95.53585815429688,37.89,84.09638214111328,38.190000000000005,73.10282897949219
39.86,61.87255096435547,38.32,116.72833251953124,39.08,93.6461181640625,37.900000000000006,84.08769226074219,38.2,72.88750457763672
39.87,60.877201080322266,38.33,117.34454345703124,39.09,91.78331756591795,37.91,84.07106018066406,38.21,72.7022476196289
39.88,60.12737274169922,38.34,117.99958801269533,39.1,89.97765350341797,37.92,84.04572296142578,38.22,72.49821472167969
39.89,59.677860260009766,38.35,118.70996856689452,39.11,88.26680755615234,37.93,84.01813507080078,38.23,72.26013946533203
39.9,59.61722183227539,38.36,119.48367309570312,39.12,86.90275573730469,37.940000000000005,83.9863510131836,38.24,72.02759552001953
39.91,59.84456253051758,38.370000000000005,120.30924224853516,39.13,85.80147552490234,37.95,83.94664764404297,38.25,71.84278869628906
39.92,60.34619522094727,38.38,121.16603088378906,39.14,84.61468505859375,37.96,83.90216064453125,38.260000000000005,71.70980072021484
39.93,61.10125732421875,38.39,122.0544662475586,39.15,83.10459899902344,37.97,83.85490417480469,38.27,71.55747985839844
39.94,62.125518798828125,38.4,122.96600341796876,39.16,81.35132598876953,37.98,83.80584716796875,38.28,71.29141998291016
39.95,63.36838150024414,38.41,123.9394302368164,39.17,79.61957550048828,37.99,83.76019287109375,38.29,70.89620971679688
39.96,64.68254852294922,38.42,124.99376678466795,39.18,78.04090881347656,38.0,83.71531677246094,38.3,70.47534942626953
39.97,65.88278198242188,38.43,126.16252136230467,39.19,76.50436401367188,38.010000000000005,83.67310333251953,38.31,70.19588470458984
39.98,66.34558868408203,38.440000000000005,127.45065307617188,39.2,74.88262939453125,38.02,83.62972259521484,38.32,70.05940246582031
39.99,65.46662139892578,38.45,128.8477325439453,39.21,73.17489624023438,38.03,83.58448791503906,38.33,70.00175476074219
40.0,63.703067779541016,38.46,130.3511505126953,39.22,71.46124267578125,38.04,83.54215240478516,38.34,69.98114776611328
40.01,62.077613830566406,38.47,131.8963165283203,39.23,69.80406188964844,38.05,83.50008392333984,38.35,70.0042724609375
40.02,60.97672271728516,38.48,133.36167907714844,39.24,68.24852752685547,38.06,83.4623794555664,38.36,70.11529541015625
40.03,60.487770080566406,38.49,134.79087829589844,39.25,66.8477783203125,38.07,83.42742919921875,38.370000000000005,70.26303100585938
40.04,60.35298156738281,38.5,136.21400451660156,39.26,65.68665313720703,38.080000000000005,83.39617156982422,38.38,70.3787612915039
40.05,60.422828674316406,38.510000000000005,137.5896453857422,39.27,64.77291107177734,38.09,83.36797332763672,38.39,70.50331115722656
40.06,60.56126403808594,38.52,138.83428955078125,39.28,64.13982391357422,38.1,83.34320068359375,38.4,70.67025756835938
40.07,60.772945404052734,38.53,140.00802612304688,39.29,63.65815353393555,38.11,83.31336212158203,38.41,70.86888122558594
40.08,61.29824066162109,38.54,141.07737731933594,39.3,63.22609329223633,38.120000000000005,83.2771987915039,38.42,71.05451202392578
40.09,62.27375411987305,38.55,142.0200958251953,39.31,62.72167205810547,38.13,83.23571014404297,38.43,71.25859832763672
40.1,63.48495864868164,38.56,142.8003692626953,39.32,62.11871719360352,38.14,83.1882095336914,38.440000000000005,71.48490142822266
40.11,64.34466552734375,38.57,143.5211181640625,39.33,61.41886138916016,38.150000000000006,83.13965606689453,38.45,71.7236328125
40.12,64.61884307861328,38.58,144.18252563476562,39.34,60.69658279418945,38.16,83.08782958984375,38.46,71.95059204101562
40.13,64.49616241455078,38.59,144.8035888671875,39.35,60.065391540527344,38.17,83.03356170654297,38.47,72.15110778808594
40.14,63.727046966552734,38.6,145.33114624023438,39.36,59.61458587646485,38.18,82.97335815429688,38.48,72.3365249633789
40.15,62.54976272583008,38.61,145.642578125,39.37,59.50571823120117,38.190000000000005,82.90348052978516,38.49,72.57855224609375
40.16,61.669132232666016,38.620000000000005,145.76870727539062,39.38,59.80602264404297,38.2,82.82746124267578,38.5,72.88554382324219
40.17,61.496212005615234,38.63,145.62631225585938,39.39,60.58094787597656,38.21,82.7462158203125,38.510000000000005,73.26123809814453
40.18,62.347412109375,38.64,145.19338989257812,39.4,61.97705841064453,38.22,82.66399383544922,38.52,73.67715454101562
40.19,63.89928436279297,38.65,144.35801696777344,39.41,63.87912368774414,38.23,82.58362579345703,38.53,74.08016967773438
40.2,65.7880859375,38.66,143.1400146484375,39.42,66.1443099975586,38.24,82.50700378417969,38.54,74.44905090332031
40.21,67.68099975585938,38.67,141.56930541992188,39.43,68.2242660522461,38.25,82.43380737304688,38.55,74.77521514892578
40.22,69.11905670166016,38.68,139.6910400390625,39.44,69.22582244873047,38.260000000000005,82.36257934570312,38.56,75.05318450927734
40.23,69.8431625366211,38.690000000000005,137.6057586669922,39.45,69.22499084472656,38.27,82.28264617919922,38.57,75.26054382324219
40.24,70.70340728759766,38.7,135.36216735839844,39.46,67.77064514160156,38.28,82.18180847167969,38.58,75.42142486572266
40.25,71.72398376464844,38.71,133.03382873535156,39.47,65.4338607788086,38.29,82.01566314697266,38.59,75.58403015136719
40.26,72.67852020263672,38.72,130.5430908203125,39.48,63.41702651977539,38.3,81.76971435546875,38.6,75.76490020751953
40.27,73.62366485595703,38.73,127.87743377685548,39.49,62.05611038208008,38.31,81.44330596923828,38.61,75.96337127685547
40.28,74.60466003417969,38.74,125.02521514892578,39.5,61.22409057617188,38.32,80.996337890625,38.620000000000005,76.1862564086914
40.29,75.62418365478516,38.75,122.04137420654295,39.51,60.9246826171875,38.330000000000005,80.36380004882812,38.63,76.41722869873047
40.3,76.67698669433594,38.760000000000005,118.91718292236328,39.52,61.088356018066406,38.34,79.55554962158203,38.64,76.6612777709961
40.31,77.78258514404297,38.77,115.6638412475586,39.53,61.68871307373047,38.35,78.55799102783203,38.65,76.92283630371094
40.32,78.98033142089844,38.78,112.33883666992188,39.54,62.85658645629883,38.36,77.3863754272461,38.66,77.2131118774414
40.33,80.25175476074219,38.79,108.9835205078125,39.55,64.2579116821289,38.370000000000005,76.0471420288086,38.67,77.52497100830078
40.34,81.53282928466797,38.8,105.61882781982422,39.56,65.20960998535156,38.38,74.50971984863281,38.68,77.84830474853516
40.35,82.76345825195312,38.81,102.24000549316406,39.57,65.40504455566406,38.39,72.75740814208984,38.690000000000005,78.16849517822266
40.36,83.91361999511719,38.82,98.83772277832033,39.58,65.32051086425781,38.400000000000006,70.72048950195312,38.7,78.47775268554688
40.37,85.02898406982422,38.83,95.49419403076172,39.59,65.26394653320312,38.41,68.40868377685547,38.71,78.78739929199219
40.38,86.11790466308594,38.84,92.13861083984376,39.6,65.22920227050781,38.42,65.70336151123047,38.72,79.09888458251953
40.39,87.14689636230469,38.85,88.77576446533203,39.61,65.04679870605469,38.43,62.639530181884766,38.73,79.38481140136719
40.4,88.11409759521484,38.86,85.55599975585938,39.62,64.88838195800781,38.440000000000005,59.075191497802734,38.74,79.63449096679688
40.41,89.056396484375,38.870000000000005,82.63682556152344,39.63,64.95714569091797,38.45,55.08415222167969,38.75,79.86094665527344
40.42,89.97621154785156,38.88,79.95133209228516,39.64,65.34327697753906,38.46,50.6172981262207,38.760000000000005,80.07484436035156
40.43,90.8356475830078,38.89,77.38157653808594,39.65,66.40518188476562,38.47,45.78819274902344,38.77,80.28956604003906
40.44,91.5372543334961,38.9,75.01223754882812,39.66,67.972900390625,38.48,40.706817626953125,38.78,80.55570983886719
40.45,92.13838958740234,38.91,72.9408187866211,39.67,69.44515991210938,38.49,35.50390625,38.79,80.89125061035156
40.46,92.65859985351562,38.92,71.41593170166016,39.68,70.80931091308594,38.5,30.31008720397949,38.8,81.2768325805664
40.47,93.22938537597656,38.93,70.49639129638672,39.69,72.05685424804688,38.510000000000005,25.18779563903809,38.81,81.64995574951172
40.48,93.8390121459961,38.940000000000005,70.34107208251953,39.7,73.06748962402344,38.52,20.195859909057617,38.82,81.97200012207031
40.49,94.6293716430664,38.95,70.77873229980469,39.71,74.16575622558594,38.53,15.663825988769531,38.83,82.21495056152344
40.5,95.46633911132812,38.96,71.6929702758789,39.72,75.35364532470703,38.54,12.191542625427246,38.84,82.38321685791016
40.51,96.25155639648438,38.97,72.95916748046875,39.73,76.45999908447266,38.55,10.312806129455566,38.85,82.47731018066406
40.52,97.02725982666016,38.98,74.48253631591797,39.74,77.50413513183594,38.56,9.486674308776855,38.86,82.51201629638672
40.53,97.65250396728516,38.99,76.2625961303711,39.75,78.57478332519531,38.57,10.09542751312256,38.870000000000005,82.53447723388672
40.54,98.06282043457033,39.0,78.08562469482422,39.76,79.69581604003906,38.580000000000005,11.84406280517578,38.88,82.61439514160156
40.55,98.31919860839844,39.010000000000005,79.19432067871094,39.77,80.87674713134766,38.59,14.168307304382324,38.89,82.7631607055664
40.56,98.49217987060548,39.02,79.33065795898438,39.78,82.0965805053711,38.6,16.659326553344727,38.9,82.94882202148438
40.57,98.607666015625,39.03,79.32061004638672,39.79,83.37495422363281,38.61,19.159910202026367,38.91,83.10447692871094
40.58,98.67376708984376,39.04,80.0879135131836,39.8,84.76576232910156,38.620000000000005,21.66821479797364,38.92,83.1673583984375
40.59,98.7319793701172,39.05,81.57437896728516,39.81,86.30537414550781,38.63,24.273134231567383,38.93,83.01964569091797
40.6,98.85787963867188,39.06,83.30303192138672,39.82,87.93003845214844,38.64,27.05695152282715,38.940000000000005,82.60523223876953
40.61,98.8696746826172,39.07,84.94707489013672,39.83,89.43988037109375,38.650000000000006,30.060142517089844,38.95,82.06063079833984
40.62,98.75904083251952,39.08,86.27690124511719,39.84,90.61096954345705,38.66,33.27993392944336,38.96,81.45391082763672
40.63,98.5910186767578,39.09,87.17481994628906,39.85,91.51008605957033,38.67,36.66656494140625,38.97,80.87945556640625
40.64,98.25647735595705,39.1,87.8594741821289,39.86,92.39429473876952,38.68,40.172882080078125,38.98,80.65864562988281
40.65,97.70761108398438,39.11,88.7228012084961,39.87,93.49871063232422,38.690000000000005,43.73475646972656,38.99,80.751220703125
40.66,96.99243927001952,39.120000000000005,89.77947998046875,39.88,94.67796325683594,38.7,47.34341430664063,39.0,80.904541015625
40.67,96.08795166015624,39.13,90.90752410888672,39.89,95.72117614746094,38.71,50.98961639404297,39.010000000000005,80.89525604248047
40.68,95.0259780883789,39.14,91.86241149902344,39.9,96.6312255859375,38.72,54.67805480957031,39.02,80.84274291992188
40.69,93.85799407958984,39.15,92.5252914428711,39.91,97.34345245361328,38.73,58.37642288208008,39.03,80.82488250732422
40.7,92.57598876953124,39.16,93.080322265625,39.92,97.97421264648438,38.74,62.0959587097168,39.04,80.8018569946289
40.71,91.14991760253906,39.17,93.75807189941406,39.93,98.67325592041016,38.75,65.85509490966797,39.05,80.68151092529297
40.72,89.51854705810547,39.18,94.5461883544922,39.94,99.48690795898438,38.760000000000005,69.68038177490234,39.06,80.44485473632812
40.73,87.78970336914062,39.190000000000005,95.34729766845705,39.95,100.3529052734375,38.77,73.55296325683594,39.07,80.20832824707031
40.74,86.17790222167969,39.2,96.09205627441406,39.96,101.08895111083984,38.78,77.44453430175781,39.08,80.07381439208984
40.75,84.8973617553711,39.21,96.79154205322266,39.97,101.65589141845705,38.79,81.31242370605469,39.09,80.0592269897461
40.76,83.93477630615234,39.22,97.49988555908205,39.98,102.06893157958984,38.8,85.10320281982422,39.1,80.12580871582031
40.77,83.00498962402344,39.23,98.14533233642578,39.99,102.2381820678711,38.81,88.76836395263672,39.11,80.20208740234375
40.78,81.8428726196289,39.24,98.6722412109375,40.0,102.15033721923828,38.82,92.3102569580078,39.120000000000005,80.34104919433594
40.79,80.44992065429688,39.25,99.12256622314452,40.01,102.03865051269533,38.830000000000005,95.70718383789062,39.13,80.6296615600586
40.8,78.94609832763672,39.260000000000005,99.55070495605467,40.02,102.0582504272461,38.84,98.98396301269533,39.14,80.9389877319336
40.81,77.48382568359375,39.27,99.99046325683594,40.03,102.25413513183594,38.85,102.07003021240234,39.15,81.09013366699219
40.82,76.12976837158203,39.28,100.48063659667967,40.04,102.5048370361328,38.86,104.91151428222656,39.16,80.97853088378906
40.83,74.8377685546875,39.29,101.02024841308594,40.05,102.77803802490234,38.870000000000005,107.3397216796875,39.17,80.67626953125
40.84,73.52375793457031,39.3,101.57508087158205,40.06,103.07645416259766,38.88,109.36934661865234,39.18,80.39024353027344
40.85,72.17326354980469,39.31,102.099365234375,40.07,103.36396026611328,38.89,110.88727569580078,39.190000000000005,80.309814453125
40.86,70.82200622558594,39.32,102.57025146484376,40.08,103.57283782958984,38.900000000000006,111.93102264404295,39.2,80.43418884277344
40.87,69.54722595214844,39.33,103.00100708007812,40.09,103.70968627929688,38.91,112.44761657714844,39.21,80.6073226928711
40.88,68.43193817138672,39.34,103.44634246826172,40.1,103.7966537475586,38.92,112.39308166503906,39.22,80.6035385131836
40.89,67.48001098632812,39.35,103.95775604248048,40.11,103.7800064086914,38.93,111.8097152709961,39.23,80.5351791381836
40.9,66.71920013427734,39.36,104.5469741821289,40.12,103.46224212646484,38.940000000000005,108.82585906982422,39.24,80.5494155883789
40.91,66.08909606933594,39.370000000000005,105.1755599975586,40.13,102.76234436035156,38.95,105.82119750976562,39.25,80.61507415771484
40.92,65.50369262695312,39.38,105.80004119873048,40.14,101.62689208984376,38.96,103.0900421142578,39.260000000000005,80.62922668457031
40.93,64.82634735107422,39.39,106.41321563720705,40.15,100.2683563232422,38.97,100.10918426513672,39.27,80.57103729248047
40.94,63.98979949951172,39.4,107.05701446533205,40.16,98.76367950439452,38.98,96.58341979980467,39.28,80.42485046386719
40.95,63.03837203979492,39.41,107.79672241210938,40.17,97.02010345458984,38.99,93.31262969970705,39.29,80.22440338134766
40.96,62.03959655761719,39.42,108.64485931396484,40.18,95.18700408935548,39.0,90.94208526611328,39.3,79.99515533447266
40.97,61.08734893798828,39.43,109.632080078125,40.19,93.34476470947266,39.010000000000005,89.35154724121094,39.31,79.8136215209961
40.98,60.30649566650391,39.440000000000005,110.67530059814452,40.2,91.39948272705078,39.02,88.39700317382812,39.32,79.69969940185547
40.99,59.81201171875,39.45,111.66458892822266,40.21,89.53385925292969,39.03,87.62974548339844,39.33,79.66852569580078
41.0,59.65903472900391,39.46,112.58150482177734,40.22,87.61351013183594,39.04,86.86572265625,39.34,79.68126678466797
41.01,59.85626983642578,39.47,113.44339752197266,40.23,85.80536651611328,39.05,86.24903869628906,39.35,79.644287109375
41.02,60.28842544555664,39.48,114.3065948486328,40.24,84.57107543945312,39.06,85.8742904663086,39.36,79.4895248413086
41.03,60.93559265136719,39.49,115.27205657958984,40.25,83.45741271972656,39.07,85.6995620727539,39.370000000000005,79.29782104492188
41.04,61.816890716552734,39.5,116.32103729248048,40.26,82.05636596679688,39.080000000000005,85.55220031738281,39.38,79.18115997314453
41.05,62.994815826416016,39.510000000000005,117.46095275878906,40.27,80.35242462158203,39.09,85.42850494384766,39.39,79.06745147705078
41.06,64.4055404663086,39.52,118.69647216796876,40.28,78.5967788696289,39.1,85.33594512939453,39.4,78.88861083984375
41.07,65.82720947265625,39.53,119.94139099121094,40.29,77.05866241455078,39.11,85.2603759765625,39.41,78.66118621826172
41.08,66.89788055419922,39.54,121.1597900390625,40.3,75.68880462646484,39.120000000000005,85.19522094726562,39.42,78.51785278320312
41.09,67.052978515625,39.55,122.36979675292967,40.31,74.2405014038086,39.13,85.12999725341797,39.43,78.57335662841797
41.1,66.21713256835938,39.56,123.63469696044922,40.32,72.55667877197266,39.14,85.06256103515625,39.440000000000005,78.73085021972656
41.11,64.88943481445312,39.57,125.06437683105467,40.33,70.70836639404297,39.150000000000006,84.99462890625,39.45,78.87509155273438
41.12,63.76300811767578,39.58,126.65460968017578,40.34,68.81761169433594,39.16,84.92912292480469,39.46,78.93917846679688
41.13,63.17171859741211,39.59,128.32936096191406,40.35,67.05081939697266,39.17,84.8810043334961,39.47,78.86209869384766
41.14,62.975189208984375,39.6,130.04544067382812,40.36,65.54458618164062,39.18,84.84862518310547,39.48,78.54243469238281
41.15,62.93965530395508,39.61,131.74008178710938,40.37,64.33304595947266,39.190000000000005,84.83088684082031,39.49,77.97278594970703
41.16,62.991641998291016,39.620000000000005,133.42236328125,40.38,63.44119644165039,39.2,84.81847381591797,39.5,77.40223693847656
41.17,63.14044952392578,39.63,135.0736541748047,40.39,62.81342315673828,39.21,84.79991149902344,39.510000000000005,77.29808807373047
41.18,63.44088363647461,39.64,136.67942810058594,40.4,62.48570251464844,39.22,84.77770233154297,39.52,77.51202392578125
41.19,63.91249465942383,39.65,138.22442626953125,40.41,62.29460144042969,39.23,84.74839782714844,39.53,77.80789184570312
41.2,64.48855590820312,39.66,139.46546936035156,40.42,62.07658004760742,39.24,84.71174621582031,39.54,78.04891204833984
41.21,65.18468475341797,39.67,140.56651306152344,40.43,61.74364471435547,39.25,84.6662368774414,39.55,78.23687744140625
41.22,65.69529724121094,39.68,141.55372619628906,40.44,61.27299499511719,39.260000000000005,84.61174774169922,39.56,78.48098754882812
41.23,65.77503967285156,39.690000000000005,142.42283630371094,40.45,60.68201446533203,39.27,84.55763244628906,39.57,78.7190170288086
41.24,65.4488754272461,39.7,143.22296142578125,40.46,60.13047409057617,39.28,84.50215911865234,39.58,78.88922119140625
41.25,64.47306060791016,39.71,143.92044067382812,40.47,59.7698974609375,39.29,84.45042419433594,39.59,79.0315170288086
41.26,63.189247131347656,39.72,144.45201110839844,40.48,59.69356918334961,39.3,84.3985366821289,39.6,79.25486755371094
41.27,62.32124328613281,39.73,144.8505096435547,40.49,60.10880279541016,39.31,84.34764099121094,39.61,79.51972198486328
41.28,62.2525749206543,39.74,145.04110717773438,40.5,61.312774658203125,39.32,84.29280090332031,39.620000000000005,79.75642395019531
41.29,63.06109237670898,39.75,144.95135498046875,40.51,63.36360168457031,39.330000000000005,84.23219299316406,39.63,79.96565246582031
41.3,64.46876525878906,39.760000000000005,144.57923889160156,40.52,66.08317565917969,39.34,84.16546630859375,39.64,80.17288208007812
41.31,66.14514923095703,39.77,143.92884826660156,40.53,68.74021911621094,39.35,84.08692932128906,39.65,80.40455627441406
41.32,67.73339080810547,39.78,142.9285125732422,40.54,70.54622650146484,39.36,83.99695587158203,39.66,80.64141082763672
41.33,68.82366943359375,39.79,141.59788513183594,40.55,70.58035278320312,39.370000000000005,83.90382385253906,39.67,80.86344909667969
41.34,69.26165771484375,39.8,139.96835327148438,40.56,68.15885162353516,39.38,83.79852294921875,39.68,81.07491302490234
41.35,70.11582946777344,39.81,138.0703582763672,40.57,64.98619842529297,39.39,83.66951751708984,39.690000000000005,81.32579040527344
41.36,71.04644012451172,39.82,135.92323303222656,40.58,62.61311340332031,39.400000000000006,83.51483917236328,39.7,81.58425903320312
41.37,71.84945678710938,39.83,133.57762145996094,40.59,61.473419189453125,39.41,83.34137725830078,39.71,81.80348205566406
41.38,72.59029388427734,39.84,131.16485595703125,40.6,61.02260208129883,39.42,83.15090942382812,39.72,81.96370697021484
41.39,73.22418975830078,39.85,128.68739318847656,40.61,60.80517578125,39.43,82.92044830322266,39.73,82.11428833007812
41.4,73.84434509277344,39.86,126.0539321899414,40.62,60.938507080078125,39.440000000000005,82.63581848144531,39.74,82.29679107666016
41.41,74.61052703857422,39.870000000000005,123.20295715332033,40.63,61.5152702331543,39.45,82.25517272949219,39.75,82.51380920410156
41.42,75.64637756347656,39.88,120.16419219970705,40.64,62.45828628540039,39.46,81.71748352050781,39.760000000000005,82.75296020507812
41.43,76.8707046508789,39.89,116.96037292480467,40.65,63.63631439208984,39.47,81.03400421142578,39.77,82.96480560302734
41.44,78.1786880493164,39.9,113.5983657836914,40.66,64.3494873046875,39.48,80.21786499023438,39.78,83.14139556884766
41.45,79.46927642822266,39.91,110.15420532226562,40.67,64.44012451171875,39.49,79.23574829101562,39.79,83.29700469970703
41.46,80.68788146972656,39.92,106.66847229003906,40.68,64.67339324951172,39.5,78.053955078125,39.8,83.4307632446289
41.47,81.77481079101562,39.93,103.17860412597656,40.69,65.0811996459961,39.510000000000005,76.66558837890625,39.81,83.55427551269531
41.48,82.7562026977539,39.940000000000005,99.62427520751952,40.7,65.2547378540039,39.52,75.06072235107422,39.82,83.67310333251953
41.49,83.6638412475586,39.95,96.02230834960938,40.71,65.15974426269531,39.53,73.22367858886719,39.83,83.79957580566406
41.5,84.54779052734375,39.96,92.5548858642578,40.72,65.09712982177734,39.54,71.09152221679688,39.84,83.95512390136719
41.51,85.4657974243164,39.97,89.2315444946289,40.73,65.31438446044922,39.55,68.66998291015625,39.85,84.1329574584961
41.52,86.39270782470703,39.98,86.06269073486328,40.74,65.89424133300781,39.56,65.8070068359375,39.86,84.31741333007812
41.53,87.28019714355469,39.99,83.0656509399414,40.75,66.90228271484375,39.57,62.5517578125,39.870000000000005,84.49674987792969
41.54,88.12039947509766,40.0,80.31163787841797,40.76,68.23760986328125,39.580000000000005,58.72515106201172,39.88,84.6917495727539
41.55,88.87812805175781,40.010000000000005,77.78179168701172,40.77,69.72804260253906,39.59,54.35482025146485,39.89,84.9269027709961
41.56,89.53459930419922,40.02,75.42589569091797,40.78,71.212890625,39.6,49.280418395996094,39.9,85.1906509399414
41.57,90.14933013916016,40.03,73.44720458984375,40.79,72.49752807617188,39.61,43.632572174072266,39.91,85.4787368774414
41.58,90.80329895019533,40.04,71.809814453125,40.8,73.37468719482422,39.620000000000005,37.7441291809082,39.92,85.78321075439453
41.59,91.48625183105467,40.05,70.72309112548828,40.81,74.2143783569336,39.63,31.750757217407227,39.93,86.0751724243164
41.6,92.16952514648438,40.06,70.35271453857422,40.82,75.28457641601562,39.64,25.6133041381836,39.940000000000005,86.2846908569336
41.61,92.86767578125,40.07,70.73609161376953,40.83,76.49072265625,39.650000000000006,19.54522132873535,39.95,86.36003875732422
41.62,93.55269622802734,40.08,71.58613586425781,40.84,77.72544860839844,39.66,13.903090476989746,39.96,86.2813720703125
41.63,94.1304168701172,40.09,72.86925506591797,40.85,78.91297912597656,39.67,9.186269760131836,39.97,86.1799545288086
41.64,94.62821197509766,40.1,74.5893325805664,40.86,80.0105972290039,39.68,5.954803466796875,39.98,86.15393829345703
41.65,95.02252960205078,40.11,76.63139343261719,40.87,81.03290557861328,39.690000000000005,4.838769435882568,39.99,86.21931457519531
41.66,95.3315200805664,40.120000000000005,78.5959701538086,40.88,82.10196685791016,39.7,4.9736738204956055,40.0,86.35576629638672
41.67,95.59268188476562,40.13,79.91155242919922,40.89,83.3229751586914,39.71,7.065217018127441,40.010000000000005,86.5401382446289
41.68,95.8338851928711,40.14,79.94884490966797,40.9,84.71823120117188,39.72,10.020744323730469,40.02,86.70684814453125
41.69,96.03936004638672,40.15,79.23564910888672,40.91,86.218994140625,39.73,13.470940589904783,40.03,86.8266830444336
41.7,96.1925048828125,40.16,79.49539947509766,40.92,87.65949249267578,39.74,17.048995971679688,40.04,86.89100646972656
41.71,96.31864166259766,40.17,80.5950698852539,40.93,88.88569641113281,39.75,20.55525588989257,40.05,86.87921142578125
41.72,96.43098449707033,40.18,82.11990356445312,40.94,89.851806640625,39.760000000000005,23.97080993652344,40.06,86.65552520751953
41.73,96.5044403076172,40.190000000000005,83.81966400146484,40.95,90.74738311767578,39.77,27.3807315826416,40.07,86.1001205444336
41.74,96.48133850097656,40.2,85.48831939697266,40.96,91.65312957763672,39.78,30.885284423828125,40.08,85.48147583007812
41.75,96.28305053710938,40.21,86.84645080566406,40.97,92.52362823486328,39.79,34.58042526245117,40.09,85.07019805908203
41.76,95.9930419921875,40.22,87.80079650878906,40.98,93.31585693359376,39.8,38.48340606689453,40.1,84.85384368896484
41.77,95.59930419921876,40.23,88.47174072265625,40.99,94.07439422607422,39.81,42.51291275024414,40.11,84.77872467041016
41.78,94.99752044677734,40.24,89.17697143554688,41.0,94.83338928222656,39.82,46.58713150024414,40.120000000000005,84.77149200439453
41.79,94.17572784423828,40.25,90.11070251464844,41.01,95.67373657226562,39.830000000000005,50.622535705566406,40.13,84.72737884521484
41.8,93.19969940185548,40.260000000000005,91.05384063720705,41.02,96.58379364013672,39.84,54.56221008300781,40.14,84.66246795654297
41.81,92.1393585205078,40.27,91.72592163085938,41.03,97.51668548583984,39.85,58.3918571472168,40.15,84.65860748291016
41.82,91.07186126708984,40.28,92.24364471435548,41.04,98.5256118774414,39.86,62.07905960083008,40.16,84.65956115722656
41.83,89.9618148803711,40.29,92.83809661865234,41.05,99.6026840209961,39.870000000000005,65.6945571899414,40.17,84.59554290771484
41.84,88.79532623291016,40.3,93.55695343017578,41.06,100.55760955810548,39.88,69.325927734375,40.18,84.43306732177734
41.85,87.54619598388672,40.31,94.30784606933594,41.07,101.20075988769533,39.89,72.99848175048828,40.190000000000005,84.16051483154297
41.86,86.24705505371094,40.32,95.00547790527344,41.08,101.56934356689452,39.900000000000006,76.67796325683594,40.2,83.83122253417969
41.87,85.00524139404297,40.33,95.64556884765624,41.09,101.77552032470705,39.91,80.33045959472656,40.21,83.51078796386719
41.88,83.94799041748047,40.34,96.25977325439452,41.1,101.8226318359375,39.92,83.9332275390625,40.22,83.21717834472656
41.89,82.9748306274414,40.35,96.86093139648438,41.11,101.81890869140624,39.93,87.49880981445312,40.23,82.99394989013672
41.9,82.01415252685547,40.36,97.35980224609376,41.12,101.83296966552734,39.940000000000005,91.0873794555664,40.24,82.92218017578125
41.91,81.0283203125,40.370000000000005,97.76303100585938,41.13,101.91273498535156,39.95,94.71727752685548,40.25,82.90585327148438
41.92,79.96294403076172,40.38,98.1433563232422,41.14,102.07149505615234,39.96,98.29468536376952,40.260000000000005,82.80255889892578
41.93,78.79602813720703,40.39,98.5037841796875,41.15,102.33280181884766,39.97,101.65267181396484,40.27,82.61721801757812
41.94,77.54165649414062,40.4,98.88994598388672,41.16,102.61692810058594,39.98,104.69879913330078,40.28,82.39486694335938
41.95,76.24899291992188,40.41,99.35454559326172,41.17,102.83013153076172,39.99,107.23238372802734,40.29,82.20227813720703
41.96,74.9813232421875,40.42,99.88240814208984,41.18,103.00313568115234,40.0,109.32947540283205,40.3,82.06893920898438
41.97,73.76817321777344,40.43,100.42974090576172,41.19,103.16029357910156,40.010000000000005,110.84750366210938,40.31,81.88734436035156
41.98,72.6434097290039,40.440000000000005,100.95946502685548,41.2,103.2684326171875,40.02,111.89364624023438,40.32,81.73993682861328
41.99,71.61940002441406,40.45,101.48727416992188,41.21,103.29395294189452,40.03,112.44536590576172,40.33,81.74002838134766
42.0,70.70820617675781,40.46,102.0018539428711,41.22,103.03986358642578,40.04,112.5102767944336,40.34,81.87903594970703
42.01,69.94412231445312,40.47,102.52649688720705,41.23,102.44207000732422,40.05,112.00646209716795,40.35,82.01531219482422
42.02,69.28047180175781,40.48,103.07938385009766,41.24,101.42120361328124,40.06,110.99974822998048,40.36,82.08414459228516
42.03,68.70970153808594,40.49,103.67710876464844,41.25,100.1762924194336,40.07,107.91329193115234,40.370000000000005,82.1015625
42.04,68.168212890625,40.5,104.32982635498048,41.26,98.7982940673828,40.080000000000005,105.5126953125,40.38,82.0490951538086
42.05,67.57514190673828,40.510000000000005,105.08683776855467,41.27,97.26837158203124,40.09,102.85794830322266,40.39,81.91790008544922
42.06,66.8675308227539,40.52,105.97738647460938,41.28,95.60755157470705,40.1,99.3747787475586,40.4,81.76873779296875
42.07,66.04337310791016,40.53,107.02018737792967,41.29,93.71485900878906,40.11,95.669921875,40.41,81.56348419189453
42.08,65.15709686279297,40.54,108.1314468383789,41.3,91.5866470336914,40.120000000000005,92.41175842285156,40.42,81.35791778564453
42.09,64.29232025146484,40.55,109.13499450683594,41.31,89.58098602294922,40.13,89.96531677246094,40.43,81.24409484863281
42.1,63.54155349731445,40.56,109.9950714111328,41.32,87.76055145263672,40.14,88.58721923828125,40.440000000000005,81.29227447509766
42.11,62.94041442871094,40.57,110.8392562866211,41.33,86.08503723144531,40.150000000000006,87.7092514038086,40.45,81.43740844726562
42.12,62.50218200683594,40.58,111.69466400146484,41.34,84.83515167236328,40.16,87.13678741455078,40.46,81.65917205810547
42.13,62.26841354370117,40.59,112.61914825439452,41.35,83.78683471679688,40.17,86.70782470703125,40.47,81.95304870605469
42.14,62.308082580566406,40.6,113.67769622802734,41.36,82.68408966064453,40.18,86.37948608398438,40.48,82.30415344238281
42.15,62.60238265991211,40.61,114.85102081298828,41.37,81.36885070800781,40.190000000000005,86.09193420410156,40.49,82.62725830078125
42.16,63.14386749267578,40.620000000000005,116.100830078125,41.38,79.84170532226562,40.2,85.87914276123047,40.5,82.78986358642578
42.17,63.90629196166992,40.63,117.40447235107422,41.39,78.25605773925781,40.21,85.75918579101562,40.510000000000005,82.59444427490234
42.18,64.8268814086914,40.64,118.75276184082033,41.4,76.75977325439453,40.22,85.67529296875,40.52,82.17469024658203
42.19,65.89445495605469,40.65,120.16506958007812,41.41,75.29823303222656,40.23,85.61638641357422,40.53,81.6968994140625
42.2,67.0529556274414,40.66,121.6536102294922,41.42,73.68771362304688,40.24,85.57138061523438,40.54,81.37200164794922
42.21,68.26959991455078,40.67,123.29729461669922,41.43,71.82308197021484,40.25,85.52425384521484,40.55,81.2489013671875
42.22,69.36422729492188,40.68,125.05338287353516,41.44,69.90239715576172,40.260000000000005,85.4786376953125,40.56,81.33653259277344
42.23,69.95296478271484,40.690000000000005,126.86996459960938,41.45,68.09010314941406,40.27,85.43341064453125,40.57,81.5434341430664
42.24,69.552490234375,40.7,128.65658569335938,41.46,66.510986328125,40.28,85.39723205566406,40.58,81.60746765136719
42.25,68.77020263671875,40.71,130.3544921875,41.47,65.2210464477539,40.29,85.37670135498047,40.59,81.2471694946289
42.26,68.02720642089844,40.72,131.98806762695312,41.48,64.29998779296875,40.3,85.35750579833984,40.6,80.63664245605469
42.27,67.55399322509766,40.73,133.65676879882812,41.49,63.687896728515625,40.31,85.34064483642578,40.61,80.11264038085938
42.28,67.24283599853516,40.74,135.31295776367188,41.5,63.38336563110352,40.32,85.33172607421875,40.620000000000005,79.83021545410156
42.29,67.10917663574219,40.75,136.89117431640625,41.51,63.17579650878906,40.330000000000005,85.3240966796875,40.63,79.90019226074219
42.3,67.14069366455078,40.760000000000005,138.14028930664062,41.52,62.91585540771485,40.34,85.3199234008789,40.64,80.19499969482422
42.31,67.2477035522461,40.77,139.16537475585938,41.53,62.552581787109375,40.35,85.30934143066406,40.65,80.46829223632812
42.32,67.3521728515625,40.78,140.13528442382812,41.54,62.09388732910156,40.36,85.31798553466797,40.66,80.52436065673828
42.33,67.40477752685547,40.79,141.05258178710938,41.55,61.556640625,40.370000000000005,85.32971954345703,40.67,80.47894287109375
42.34,67.44068145751953,40.8,141.9910888671875,41.56,60.96607208251953,40.38,85.33271026611328,40.68,80.41998291015625
42.35,67.71915435791016,40.81,142.92112731933594,41.57,60.383392333984375,40.39,85.3221206665039,40.690000000000005,80.46134185791016
42.36,68.4898910522461,40.82,143.63638305664062,41.58,59.926048278808594,40.400000000000006,85.30133819580078,40.7,80.60911560058594
42.37,69.31411743164062,40.83,144.1849365234375,41.59,59.69990539550781,40.41,85.26876068115234,40.71,80.68006134033203
42.38,69.23695373535156,40.84,144.57237243652344,41.6,59.87868881225586,40.42,85.23482513427734,40.72,80.65870666503906
42.39,68.32305908203125,40.85,144.69805908203125,41.61,60.470340728759766,40.43,85.19720458984375,40.73,80.60968780517578
42.4,66.74551391601562,40.86,144.5974884033203,41.62,61.77607345581055,40.440000000000005,85.14833068847656,40.74,80.62642669677734
42.41,64.59603118896484,40.870000000000005,144.27000427246094,41.63,63.83404922485352,40.45,85.08048248291016,40.75,80.71102905273438
42.42,62.76977157592773,40.88,143.67543029785156,41.64,66.7392578125,40.46,84.98889923095703,40.760000000000005,80.80870056152344
42.43,62.22441864013672,40.89,142.6731719970703,41.65,69.84190368652344,40.47,84.88444519042969,40.77,80.91786193847656
43.13,76.07764434814453,40.9,141.332275390625,41.66,71.5090560913086,40.48,84.7854232788086,40.78,81.02696990966797
43.14,76.47921752929688,40.91,139.6632537841797,41.67,70.91390228271484,40.49,84.69509887695312,40.79,81.12429809570312
43.15,76.85689544677734,40.92,137.64894104003906,41.68,69.20027160644531,40.5,84.60221099853516,40.8,81.205322265625
43.16,77.16716766357422,40.93,135.36962890625,41.69,67.45903778076172,40.510000000000005,84.49594116210938,40.81,81.3048324584961
43.17,77.34866333007812,40.940000000000005,132.93695068359375,41.7,65.77578735351562,40.52,84.3971939086914,40.82,81.41063690185547
43.18,77.45476531982422,40.95,130.4496307373047,41.71,64.40774536132812,40.53,84.27904510498047,40.83,81.51409912109375
43.19,77.61450958251953,40.96,127.90525817871094,41.72,63.67502975463867,40.54,84.1497802734375,40.84,81.6405258178711
43.2,77.88236236572266,40.97,125.22330474853516,41.73,63.60233688354492,40.55,84.0029296875,40.85,81.82442474365234
43.21,78.18851470947266,40.98,122.3148956298828,41.74,64.2052993774414,40.56,83.80818176269531,40.86,82.05685424804688
43.22,78.48019409179688,40.99,119.22433471679688,41.75,65.36455535888672,40.57,83.49861907958984,40.870000000000005,82.27529907226562
43.23,78.71695709228516,41.0,115.94998168945312,41.76,66.58440399169922,40.580000000000005,83.04837036132812,40.88,82.44879913330078
43.24,78.85308074951172,41.010000000000005,112.59744262695312,41.77,67.08039093017578,40.59,82.3714370727539,40.89,82.6078872680664
43.25,78.88951110839844,41.02,109.2212905883789,41.78,66.25798034667969,40.6,81.47782135009766,40.9,82.78166198730469
43.26,78.86084747314453,41.03,105.79422760009766,41.79,65.53507232666016,40.61,80.28448486328125,40.91,82.96932983398438
43.27,78.83349609375,41.04,102.28826141357422,41.8,65.35784149169922,40.620000000000005,78.82892608642578,40.92,83.15519714355469
43.28,78.92315673828125,41.05,98.7628936767578,41.81,65.50308990478516,40.63,77.12413787841797,40.93,83.32941436767578
43.29,79.14775848388672,41.06,95.27342987060548,41.82,65.71536254882812,40.64,75.07903289794922,40.940000000000005,83.5045394897461
43.3,79.44108581542969,41.07,91.9378433227539,41.83,65.7345199584961,40.650000000000006,72.68604278564453,40.95,83.68586730957031
43.31,79.70697784423828,41.08,88.70353698730469,41.84,65.62940216064453,40.66,69.94197845458984,40.96,83.85968780517578
43.32,80.03067779541016,41.09,85.59235382080078,41.85,65.84529113769531,40.67,66.82695770263672,40.97,84.02910614013672
43.33,80.67156219482422,41.1,82.659912109375,41.86,66.65633392333984,40.68,63.23445510864258,40.98,84.23423767089844
43.34,81.63086700439453,41.11,79.97691345214844,41.87,68.11125183105469,40.690000000000005,59.15209197998047,40.99,84.50032806396484
43.35,82.76067352294922,41.120000000000005,77.44339752197266,41.88,69.74520874023438,40.7,54.390174865722656,41.0,84.80387878417969
43.36,83.7549819946289,41.13,75.1330337524414,41.89,70.99589538574219,40.71,49.08637237548828,41.010000000000005,85.14105224609375
43.37,84.54911041259766,41.14,73.19422149658203,41.9,72.02339172363281,40.72,43.31566619873047,41.02,85.4794692993164
43.38,85.21914672851562,41.15,71.67019653320312,41.91,72.80534362792969,40.73,37.486061096191406,41.03,85.8032455444336
43.39,85.80763244628906,41.16,70.7181396484375,41.92,73.26654815673828,40.74,31.56950187683105,41.04,86.11929321289062
43.4,86.42093658447266,41.17,70.44705963134766,41.93,73.89525604248047,40.75,25.515947341918945,41.05,86.40249633789062
43.41,87.11540222167969,41.18,70.91365051269531,41.94,74.83517456054688,40.760000000000005,19.74716567993164,41.06,86.54317474365234
43.42,87.93492126464844,41.190000000000005,71.86442565917969,41.95,75.91954040527344,40.77,14.409698486328123,41.07,86.51117706298828
43.43,88.87140655517578,41.2,73.29359436035156,41.96,76.99931335449219,40.78,10.233208656311035,41.08,86.36170959472656
43.44,89.79270935058594,41.21,75.10778045654297,41.97,78.04810333251953,40.79,8.229729652404785,41.09,86.2371597290039
43.45,90.64984130859376,41.22,77.19673919677734,41.98,79.05536651611328,40.8,7.918602466583252,41.1,86.18372344970703
43.46,91.40735626220705,41.23,79.04216003417969,41.99,80.01522064208984,40.81,9.120468139648438,41.11,86.24554443359375
43.47,91.96228790283205,41.24,79.9137954711914,42.0,80.96190643310547,40.82,11.570822715759276,41.120000000000005,86.3609619140625
43.48,92.32913208007812,41.25,79.32382202148438,42.01,81.9791259765625,40.830000000000005,14.512653350830078,41.13,86.41468811035156
43.49,92.5414047241211,41.260000000000005,78.62958526611328,42.02,83.15754699707031,40.84,17.624340057373047,41.14,86.35157775878906
43.5,92.58206939697266,41.27,79.10973358154297,42.03,84.52814483642578,40.85,20.644296646118164,41.15,86.20433807373047
43.51,92.47545623779295,41.28,80.33995056152344,42.04,85.97190856933594,40.86,23.584840774536133,41.16,85.91700744628906
43.52,92.27677154541016,41.29,82.05037689208984,42.05,87.25981903076172,40.870000000000005,26.5672664642334,41.17,85.48516082763672
43.53,92.14703369140624,41.3,83.93929290771484,42.06,88.2905044555664,40.88,29.69470596313477,41.18,85.01317596435547
43.54,92.10257720947266,41.31,85.68126678466797,42.07,89.15481567382812,40.89,33.08287048339844,41.190000000000005,84.6498031616211
43.55,92.01692199707033,41.32,87.06089782714844,42.08,90.01762390136719,40.900000000000006,36.7139892578125,41.2,84.41258239746094
43.56,91.83642578125,41.33,87.96263122558594,42.09,91.00184631347656,40.91,40.52717971801758,41.21,84.25697326660156
43.57,91.52832794189452,41.34,88.65940856933594,42.1,92.07797241210938,40.92,44.43316650390625,41.22,84.12103271484375
43.58,91.1762237548828,41.35,89.47064971923828,42.11,93.1189956665039,40.93,48.34864807128906,41.23,84.07160186767578
43.59,90.84225463867188,41.36,90.3453598022461,42.12,94.0467300415039,40.940000000000005,52.22013092041016,41.24,84.12601470947266
43.6,90.54647064208984,41.370000000000005,91.22870635986328,42.13,94.86587524414062,40.95,56.025020599365234,41.25,84.16217803955078
43.61,90.29986572265624,41.38,92.04264831542967,42.14,95.64160919189452,40.96,59.76092147827149,41.260000000000005,84.10383605957031
43.62,90.0373306274414,41.39,92.71691131591795,42.15,96.38566589355467,40.97,63.42128753662109,41.27,84.03316497802734
43.63,89.75660705566406,41.4,93.3673324584961,42.16,97.09971618652344,40.98,66.99430084228516,41.28,83.98486328125
43.64,89.48895263671875,41.41,94.10769653320312,42.17,97.72640228271484,40.99,70.52783966064453,41.29,83.8820571899414
43.65,89.27890014648438,41.42,94.8837890625,42.18,98.2777099609375,41.0,74.05838775634766,41.3,83.70195007324219
43.66,89.17451477050781,41.43,95.63018798828124,42.19,98.85250091552734,41.010000000000005,77.59712219238281,41.31,83.5449447631836
43.67,89.07575988769531,41.440000000000005,96.3321762084961,42.2,99.44416809082033,41.02,81.14999389648438,41.32,83.4605941772461
43.7,88.43254089355469,41.45,96.98384857177734,42.21,99.98592376708984,41.03,84.71647644042969,41.33,83.3951416015625
43.71,88.1721420288086,41.46,97.60540771484376,42.22,100.4321517944336,41.04,88.2833251953125,41.34,83.31705474853516
43.72,87.9498291015625,41.47,98.18207550048828,42.23,100.69461059570312,41.05,91.84310913085938,41.35,83.2175064086914
43.73,87.76993560791016,41.48,98.71328735351562,42.24,100.86695861816406,41.06,95.36940002441406,41.36,83.04513549804688
43.74,87.71668243408203,41.49,99.15704345703124,42.25,100.91107177734376,41.07,98.7909927368164,41.370000000000005,82.82830810546875
43.75,87.8086166381836,41.5,99.5345230102539,42.26,100.94200134277344,41.080000000000005,102.00050354003906,41.38,82.62730407714844
43.76,87.99256134033203,41.510000000000005,99.91349029541016,42.27,101.01140594482422,41.09,104.8603057861328,41.39,82.56196594238281
43.77,88.21508026123047,41.52,100.36245727539062,42.28,101.08367156982422,41.1,107.33611297607422,41.4,82.62252807617188
43.78,88.42288970947266,41.53,100.89305877685548,42.29,101.1421356201172,41.11,109.36221313476562,41.41,82.76541137695312
43.79,88.58605194091797,41.54,101.45521545410156,42.3,101.1948471069336,41.120000000000005,111.02943420410156,41.42,82.81464385986328
43.8,88.75301361083984,41.55,102.0006866455078,42.31,101.19279479980467,41.13,112.21788024902344,41.43,82.797607421875
43.81,88.90663146972656,41.56,102.5275650024414,42.32,101.14208221435548,41.14,112.91444396972656,41.440000000000005,82.8118667602539
43.82,89.02714538574219,41.57,103.04768371582033,42.33,101.0539779663086,41.150000000000006,112.8507080078125,41.45,82.88322448730469
43.83,89.12433624267578,41.58,103.57157135009766,42.34,100.87362670898438,41.16,112.15614318847656,41.46,82.99252319335938
43.84,89.1803207397461,41.59,104.1094970703125,42.35,100.54341888427734,41.17,110.9452133178711,41.47,83.0665054321289
43.85,89.21209716796875,41.6,104.66287994384766,42.36,100.07320404052734,41.18,108.03929901123048,41.48,83.12037658691406
43.86,89.2316665649414,41.61,105.23939514160156,42.37,99.42536926269533,41.190000000000005,105.51637268066406,41.49,83.16548156738281
43.87,89.2155990600586,41.620000000000005,105.8646240234375,42.38,98.58380889892578,41.2,102.38854217529295,41.5,83.19462585449219
43.88,89.1619873046875,41.63,106.5403823852539,42.39,97.47013092041016,41.21,98.52649688720705,41.510000000000005,83.15682220458984
43.89,89.07625579833984,41.64,107.28492736816406,42.4,96.0987777709961,41.22,94.54070281982422,41.52,83.05097961425781
43.9,88.99383544921875,41.65,108.1012954711914,42.41,94.70594024658205,41.23,91.13174438476562,41.53,82.91445922851562
43.91,88.94125366210938,41.66,108.98373413085938,42.42,93.4191436767578,41.24,88.78138732910156,41.54,82.81385040283203
43.92,88.91513061523438,41.67,109.9164047241211,42.43,91.93842315673828,41.25,87.35237884521484,41.55,82.7572021484375
43.93,88.90682220458984,41.68,110.86637115478516,42.44,90.00431060791016,41.260000000000005,86.4853286743164,41.56,82.69849395751953
43.94,88.91063690185547,41.690000000000005,111.8498077392578,42.45,88.01839447021484,41.27,85.83331298828125,41.57,82.61329650878906
43.95,88.92880249023438,41.7,112.86959075927734,42.46,86.29862976074219,41.28,85.32571411132812,41.58,82.59965515136719
43.96,88.98929595947266,41.71,113.93346405029295,42.47,84.85657501220703,41.29,84.9858627319336,41.59,82.75231170654297
43.97,89.12616729736328,41.72,115.03641510009766,42.48,83.51200103759766,41.3,84.77632141113281,41.6,82.9765625
43.98,89.30440521240234,41.73,116.16751098632812,42.49,82.06964111328125,41.31,84.61779022216797,41.61,83.12838745117188
43.99,89.54796600341797,41.74,117.3365249633789,42.5,80.59879302978516,41.32,84.5052490234375,41.620000000000005,83.19091033935547
44.0,89.82349395751953,41.75,118.56035614013672,42.51,79.26414489746094,41.330000000000005,84.41706085205078,41.63,83.24230194091797
44.01,90.1100082397461,41.760000000000005,119.82372283935548,42.52,78.08700561523438,41.34,84.32484436035156,41.64,83.27024841308594
44.02,90.33619689941406,41.77,121.13768768310548,42.53,76.99797821044922,41.35,84.22637176513672,41.65,83.23799896240234
44.03,90.49813079833984,41.78,122.54996490478516,42.54,75.81537628173828,41.36,84.09622955322266,41.66,83.18316650390625
44.04,90.59947967529295,41.79,124.0478973388672,42.55,74.40336608886719,41.370000000000005,83.91903686523438,41.67,83.15926361083984
44.05,90.6459732055664,41.8,125.65947723388672,42.75,69.05745697021484,41.38,83.75227355957031,41.68,83.1130599975586
44.06,90.65750885009766,41.81,127.39661407470705,42.76,70.557373046875,41.39,83.59941864013672,41.690000000000005,82.99119567871094
44.07,90.63623809814452,41.82,129.19346618652344,42.77,72.04983520507812,41.400000000000006,83.47279357910156,41.7,82.84127044677734
44.08,90.62164306640624,41.83,130.99539184570312,42.78,73.43504333496094,41.41,83.3833236694336,41.71,82.57442474365234
44.09,90.61380767822266,41.84,132.75535583496094,42.79,74.65248107910156,41.42,83.31072998046875,41.72,82.16976165771484
44.1,90.61450958251952,41.85,134.42044067382812,42.8,75.72547912597656,41.43,83.24707794189453,41.73,81.87120819091797
44.11,90.65189361572266,41.86,136.0115966796875,42.81,76.5484848022461,41.440000000000005,83.19487762451172,41.74,81.79693603515625
44.12,90.72370910644533,41.870000000000005,137.5426483154297,42.82,77.16590118408203,41.45,83.1567153930664,41.75,81.88123321533203
44.13,90.8100814819336,41.88,138.97711181640625,42.83,77.8180923461914,41.46,83.11575317382812,41.760000000000005,82.04322052001953
44.14,90.90960693359376,41.89,139.98724365234375,42.84,78.78311157226562,41.47,83.07360076904297,41.77,82.17228698730469
44.15,91.01429748535156,41.9,140.85977172851562,42.85,79.9422607421875,41.48,83.03129577636719,41.78,82.28437042236328
44.16,91.11344909667967,41.91,141.62612915039062,42.86,80.9756851196289,41.49,82.98506164550781,41.79,82.38184356689453
44.17,91.18981170654295,41.92,142.26759338378906,42.87,81.69940185546875,41.5,82.935791015625,41.8,82.43244171142578
44.18,91.24455261230467,41.93,142.8634033203125,42.88,82.00389862060547,41.510000000000005,82.88848114013672,41.81,82.39430236816406
44.19,91.27986907958984,41.940000000000005,143.5195770263672,42.89,82.26739501953125,41.52,82.84465026855469,41.82,82.33912658691406
44.2,91.3238525390625,41.95,144.0023956298828,42.9,82.83618927001953,41.53,82.80348205566406,41.83,82.28717041015625
44.21,91.37616729736328,41.96,144.4154510498047,42.91,83.691162109375,41.54,82.76312255859375,41.84,82.19706726074219
44.22,91.42574310302734,41.97,144.86044311523438,42.92,84.53617095947266,41.55,82.72262573242188,41.85,82.09413146972656
44.31,91.87503051757812,41.98,145.08277893066406,42.93,85.14469146728516,41.56,82.68289184570312,41.86,82.04769897460938
44.32,91.8664321899414,41.99,145.09530639648438,42.94,85.64578247070312,41.57,82.6374740600586,41.870000000000005,82.08870697021484
44.33,91.86415100097656,42.0,144.7530517578125,42.95,86.22940063476562,41.580000000000005,82.57767486572266,41.88,82.22614288330078
44.34,91.8687973022461,42.010000000000005,144.06170654296875,42.96,86.81892395019531,41.59,82.50895690917969,41.89,82.43096923828125
44.35,91.87893676757812,42.02,142.99642944335938,42.97,87.33496856689453,41.6,82.42890167236328,41.9,82.67757415771484
44.36,91.89754486083984,42.03,141.61329650878906,42.98,87.7891616821289,41.61,82.33838653564453,41.91,82.93252563476562
44.37,91.92994689941406,42.04,139.8782958984375,42.99,87.91110229492188,41.620000000000005,82.24214935302734,41.92,83.15721893310547
44.38,91.97516632080078,42.05,137.83277893066406,43.0,87.76710510253906,41.63,82.1477279663086,41.93,83.34185028076172
44.39,92.0320816040039,42.06,135.66128540039062,43.01,87.84968566894531,41.64,82.05313110351562,41.940000000000005,83.4854507446289
44.4,92.10823822021484,42.07,133.46820068359375,43.02,87.87744903564453,41.650000000000006,81.9455337524414,41.95,83.5788803100586
44.41,92.19278717041016,42.08,131.21600341796875,43.03,88.06310272216797,41.66,81.80364990234375,41.96,83.65157318115234
44.42,92.25728607177734,42.09,128.79051208496094,43.04,88.4837875366211,41.67,81.60957336425781,41.97,83.77583312988281
44.43,92.30636596679688,42.1,126.21512603759766,43.05,88.80828094482422,41.68,81.35997772216797,41.98,83.9241943359375
44.44,92.34219360351562,42.11,123.42110443115234,43.06,88.86022186279297,41.690000000000005,80.98987579345703,41.99,84.09611511230469
44.45,92.36751556396484,42.120000000000005,120.4793930053711,43.07,88.73614501953125,41.7,80.5301284790039,42.0,84.26240539550781
44.46,92.38114166259766,42.13,117.43741607666016,43.08,88.66934967041016,41.71,79.9498291015625,42.010000000000005,84.38142395019531
44.47,92.38733673095705,42.14,114.35120391845705,43.09,88.94914245605469,41.72,79.2239990234375,42.02,84.45114135742188
44.48,92.38947296142578,42.15,111.23392486572266,43.1,89.46080017089844,41.73,78.28892517089844,42.03,84.46360778808594
44.49,92.39624786376952,42.16,108.06427001953124,43.11,89.96370697021484,41.74,77.16731262207031,42.04,84.45819854736328
44.5,92.40828704833984,42.17,104.83224487304688,43.32,90.25364685058594,41.75,75.84166717529297,42.05,84.48027038574219
44.51,92.43710327148438,42.18,101.56012725830078,43.33,89.99834442138672,41.760000000000005,74.29061889648438,42.06,84.57115173339844
44.52,92.48087310791016,42.190000000000005,98.31431579589844,43.34,89.87862396240234,41.77,72.45046997070312,42.07,84.70694732666016
44.53,92.52659606933594,42.2,95.12956237792967,43.35,89.86841583251953,41.78,70.25188446044922,42.08,84.8648681640625
44.54,92.5736846923828,42.21,92.01099395751952,43.36,89.92027282714844,41.79,67.63809204101562,42.09,85.04440307617188
44.55,92.61115264892578,42.22,89.02237701416016,43.37,89.99872589111328,41.8,64.52136993408203,42.1,85.21641540527344
44.56,92.6290054321289,42.23,86.22793579101562,43.38,90.08604431152344,41.81,60.93126678466797,42.11,85.33946228027344
44.57,92.63666534423828,42.24,83.68682861328125,43.39,90.1022720336914,41.82,56.78439331054688,42.120000000000005,85.43240356445312
44.58,92.66537475585938,42.25,81.25283813476562,43.4,90.02774810791016,41.830000000000005,52.13725280761719,42.13,85.50601959228516
44.59,92.67183685302734,42.260000000000005,78.91645050048828,43.41,89.9422836303711,41.84,46.92691421508789,42.14,85.58853912353516
44.6,92.67807006835938,42.27,76.85984802246094,43.42,89.9085464477539,41.85,41.54585647583008,42.15,85.69449615478516
44.61,92.6832504272461,42.28,75.25135040283203,43.43,89.9028091430664,41.86,36.22684097290039,42.16,85.83576202392578
44.62,92.68080139160156,42.29,74.27767181396484,43.44,89.8813247680664,41.870000000000005,30.83896446228028,42.17,85.9858169555664
44.63,92.64608001708984,42.3,73.84986877441406,43.45,89.79971313476562,41.88,25.57040786743164,42.18,86.12796783447266
44.64,92.60692596435548,42.31,74.02574157714844,43.46,89.61463165283203,41.89,20.63992118835449,42.190000000000005,86.24564361572266
44.65,92.56853485107422,42.32,74.67340850830078,43.47,89.34205627441406,41.900000000000006,16.18741226196289,42.2,86.31156158447266
44.66,92.5574188232422,42.33,75.82441711425781,43.48,89.02275085449219,41.91,13.479111671447754,42.21,86.28023529052734
44.67,92.56240844726562,42.34,77.2952880859375,43.49,88.67215728759766,41.92,12.56844425201416,42.22,86.21155548095703
44.68,92.58285522460938,42.35,78.9916763305664,43.5,88.28009796142578,41.93,13.249025344848633,42.23,86.16102600097656
44.69,92.60895538330078,42.36,80.873779296875,43.51,87.8529281616211,41.940000000000005,14.894598007202148,42.24,86.1533203125
44.7,92.63079833984376,42.370000000000005,82.57487487792969,43.52,87.4256362915039,41.95,17.24698257446289,42.25,86.18987274169922
44.71,92.63463592529295,42.38,83.55878448486328,43.53,87.01724243164062,41.96,19.61141395568848,42.260000000000005,86.24764251708984
44.72,92.61753845214844,42.39,83.32478332519531,43.54,86.65203094482422,41.97,21.976449966430664,42.27,86.29977416992188
44.73,92.581787109375,42.4,82.08025360107422,43.55,86.36965942382812,41.98,24.421506881713867,42.28,86.3663558959961
44.74,92.54334259033205,42.41,81.240234375,43.56,86.16765594482422,41.99,27.11622428894043,42.29,86.41838836669922
44.75,92.50792694091795,42.42,81.2071533203125,43.57,85.97956085205078,42.0,30.050806045532227,42.3,86.38585662841797
44.76,92.4811019897461,42.43,81.9249038696289,43.58,85.7856674194336,42.010000000000005,33.251583099365234,42.31,86.13533020019531
44.77,92.4779815673828,42.440000000000005,83.02566528320312,43.59,85.60665893554688,42.02,36.569583892822266,42.32,85.73121643066406
44.78,92.47574615478516,42.45,84.08193969726562,43.6,85.41649627685547,42.03,39.87989807128906,42.33,85.48262786865234
44.79,92.46161651611328,42.46,85.09149932861328,43.61,85.22886657714844,42.04,43.14714431762695,42.34,85.34612274169922
44.8,92.44892120361328,42.47,86.00450134277344,43.62,85.03946685791016,42.05,46.40525817871094,42.35,85.06893920898438
44.81,92.44345092773438,42.48,86.71080780029297,43.63,84.83831024169922,42.06,49.690547943115234,42.36,84.73046112060547
44.82,92.44607543945312,42.49,87.50350952148438,43.64,84.6314926147461,42.07,53.02368927001953,42.370000000000005,84.51859283447266
44.83,92.44349670410156,42.5,88.45753479003906,43.65,84.42227935791016,42.080000000000005,56.39786529541016,42.38,84.43728637695312
44.84,92.44520568847656,42.510000000000005,89.51840209960938,43.66,84.21015930175781,42.09,59.78231430053711,42.39,84.39923858642578
44.85,92.46531677246094,42.52,90.54967498779295,43.67,84.01373291015625,42.1,63.163570404052734,42.4,84.29187774658203
44.86,92.47454833984376,42.53,91.3438720703125,43.68,83.84426879882812,42.11,66.5489730834961,42.41,84.07743835449219
44.87,92.47896575927734,42.54,92.03703308105467,43.69,83.71048736572266,42.120000000000005,69.96873474121094,42.42,83.84908294677734
44.88,92.488525390625,42.55,92.82505798339844,43.7,83.62598419189453,42.13,73.4090805053711,42.43,83.67300415039062
44.89,92.51126861572266,42.56,93.59466552734376,43.71,83.57916259765625,42.14,76.82903289794922,42.440000000000005,83.52538299560547
44.9,92.5347137451172,42.57,94.26822662353516,43.72,83.55109405517578,42.150000000000006,80.17448425292969,42.45,83.36186981201172
44.91,92.5302276611328,42.58,94.81275939941406,43.73,83.54085540771484,42.16,83.40497589111328,42.46,83.22981262207031
44.92,92.49856567382812,42.59,95.24073028564452,43.74,83.56126403808594,42.17,86.54856872558594,42.47,83.16459655761719
44.93,92.44589233398438,42.6,95.5550308227539,43.75,83.6106185913086,42.18,89.63552856445312,42.48,83.14404296875
44.94,92.3729248046875,42.61,95.81018829345705,43.76,83.68081665039062,42.190000000000005,92.67252349853516,42.49,83.1349105834961
44.95,92.28359985351562,42.620000000000005,96.03260803222656,43.77,83.77330780029297,42.2,95.6463851928711,42.5,83.2062759399414
44.96,92.1840591430664,42.63,96.22777557373048,43.78,83.885498046875,42.21,98.501708984375,42.510000000000005,83.38811492919922
44.97,92.06429290771484,42.64,96.4527587890625,43.79,84.01910400390625,42.22,101.1190185546875,42.52,83.60308074951172
44.98,91.9422836303711,42.65,96.73168182373048,43.8,84.1706771850586,42.23,103.32862091064452,42.53,83.81958770751953
44.99,91.7996597290039,42.66,97.05923461914062,43.81,84.33406829833984,42.24,105.10431671142578,42.54,84.03849792480469
45.0,91.62380981445312,42.67,97.41907501220705,43.82,84.50908660888672,42.25,106.42291259765624,42.55,84.26217651367188
45.01,91.42494201660156,42.68,97.77922058105467,43.83,84.7006607055664,42.260000000000005,107.4292221069336,42.56,84.47418212890625
45.02,91.21621704101562,42.690000000000005,98.09056091308594,43.84,84.91114044189453,42.27,108.02908325195312,42.57,84.66568756103516
45.03,90.99845886230467,42.7,98.3561019897461,43.85,85.15542602539062,42.28,108.2275848388672,42.58,84.85449981689453
45.04,90.7806167602539,42.71,98.61470794677734,43.86,85.46595764160156,42.29,107.83351135253906,42.59,85.05414581298828
45.05,90.55223083496094,42.72,98.89712524414062,43.87,85.84600830078125,42.3,107.02586364746094,42.6,85.25121307373047
45.06,90.3166046142578,42.73,99.2498779296875,43.88,86.27650451660156,42.31,105.86602020263672,42.61,85.42274475097656
45.07,90.11072540283205,42.74,99.6717300415039,43.89,86.70295715332031,42.32,103.93675994873048,42.620000000000005,85.58536529541016
45.08,89.9307861328125,42.75,100.1180419921875,43.9,87.07854461669922,42.330000000000005,101.8306655883789,42.63,85.75164031982422
45.09,89.79684448242188,42.760000000000005,100.52590942382812,43.91,87.38861083984375,42.34,100.27862548828124,42.64,85.94572448730469
45.1,89.71944427490234,42.77,100.873046875,43.92,87.6720962524414,42.35,98.1880111694336,42.65,86.16602325439453
45.11,89.68921661376953,42.78,101.1842041015625,43.93,87.97627258300781,42.36,95.7344207763672,42.66,86.36004638671875
45.12,89.70731353759766,42.79,101.49553680419922,43.94,88.3443603515625,42.370000000000005,93.16605377197266,42.67,86.51782989501953
45.13,89.75914764404297,42.8,101.81793975830078,43.95,88.83264923095703,42.38,91.0372543334961,42.68,86.67539978027344
45.14,89.82307434082031,42.81,102.18672943115234,43.96,89.44000244140625,42.39,89.5156021118164,42.690000000000005,86.85721588134766
45.15,89.86212921142578,42.82,102.63591003417967,43.97,90.1234359741211,42.400000000000006,88.55535125732422,42.7,87.02857208251953
45.16,89.86394500732422,42.83,103.1300048828125,43.98,90.80121612548828,42.41,87.8573226928711,42.71,87.16852569580078
45.17,89.83414459228516,42.84,103.67967224121094,44.15,93.71925354003906,42.42,87.2511215209961,42.72,87.27206420898438
45.18,89.7821044921875,42.85,104.2450180053711,44.16,93.79177856445312,42.43,86.64705657958984,42.73,87.33789825439453
45.19,89.7023696899414,42.86,104.83032989501952,44.17,93.83965301513672,42.440000000000005,86.09835815429688,42.74,87.35680389404297
45.2,89.57662963867188,42.870000000000005,105.38530731201172,44.18,93.84905242919922,42.45,85.77372741699219,42.75,87.36046600341797
45.21,89.44509887695312,42.88,105.82828521728516,44.19,93.8385009765625,42.46,85.56525421142578,42.760000000000005,87.35650634765625
,,42.89,106.14359283447266,44.2,93.86499786376952,42.47,85.36819458007812,42.77,87.3696517944336
,,42.9,106.34129333496094,44.21,93.94569396972656,42.48,85.21537017822266,42.78,87.39647674560547
,,42.91,106.50833892822266,44.22,94.04073333740234,42.49,85.09029388427734,42.79,87.3941879272461
,,42.92,106.70437622070312,44.23,94.12663269042967,42.5,84.98870086669922,42.8,87.35418701171875
,,42.93,106.96439361572266,44.24,94.19963836669922,42.510000000000005,84.90089416503906,42.81,87.27213287353516
,,42.940000000000005,107.25454711914062,44.25,94.24889373779295,42.52,84.83111572265625,42.82,87.16448974609375
,,43.07,111.57225036621094,44.26,94.2753677368164,42.53,84.74789428710938,42.83,86.98976135253906
,,43.08,111.80916595458984,44.27,94.30671691894533,42.54,84.65126037597656,42.84,86.7236099243164
,,43.09,111.96656799316406,44.28,94.34232330322266,42.55,84.54987335205078,42.85,86.43517303466797
,,43.1,112.04450988769533,44.29,94.38927459716795,42.56,84.45175170898438,42.86,86.1803970336914
,,43.11,111.90530395507812,44.3,94.44916534423828,42.57,84.35149383544922,42.870000000000005,85.9756851196289
,,43.120000000000005,111.42790222167967,44.31,94.52947235107422,42.580000000000005,84.24837493896484,42.88,85.80292510986328
,,43.13,110.58836364746094,44.32,94.62692260742188,42.59,84.16175842285156,42.89,85.64405822753906
,,43.14,109.63018798828124,44.33,94.74405670166016,42.6,84.0809326171875,42.9,85.4633560180664
,,43.15,108.6632080078125,44.34,94.86675262451172,42.61,84.01188659667969,42.91,85.22496795654297
,,43.16,107.7890625,44.35,94.96818542480467,42.620000000000005,83.94886016845703,42.92,84.92459106445312
,,43.17,107.06773376464844,44.36,95.04674530029295,42.63,83.89178466796875,42.93,84.57887268066406
,,43.18,106.51567840576172,44.37,95.09700012207033,42.64,83.83184814453125,42.940000000000005,84.15619659423828
,,43.190000000000005,106.12284088134766,44.38,95.11502075195312,42.650000000000006,83.7720718383789,42.95,83.6294937133789
,,43.2,105.71768951416016,44.39,95.1171646118164,42.66,83.70907592773438,42.96,83.0451431274414
,,43.21,104.98086547851562,44.4,95.11656188964844,42.67,83.64472198486328,42.97,82.5020523071289
,,43.22,104.13430786132812,44.41,95.1225128173828,42.68,83.5871810913086,42.98,82.07838439941406
,,43.23,103.52667999267578,44.42,95.13600158691406,42.690000000000005,83.53336334228516,42.99,81.79884338378906
,,43.24,103.34945678710938,44.43,95.15638732910156,42.7,83.49742889404297,43.0,81.58810424804688
,,43.25,103.5104751586914,44.44,95.17269134521484,42.71,83.47749328613281,43.010000000000005,81.44819641113281
,,43.260000000000005,104.04175567626952,44.45,95.1852035522461,42.72,83.47342681884766,43.02,81.36870574951172
,,43.27,104.8555908203125,,,42.73,83.47005462646484,43.03,81.32252502441406
,,43.28,105.86216735839844,,,42.74,83.46180725097656,43.04,81.31253814697266
,,43.29,106.9957504272461,,,42.75,83.45658111572266,43.05,81.33392333984375
,,43.3,108.22378540039062,,,42.760000000000005,83.45124053955078,43.06,81.36100769042969
,,43.31,109.49689483642578,,,42.77,83.451904296875,43.07,81.2990951538086
,,43.32,110.72447204589844,,,42.78,83.46939086914062,43.08,81.0895004272461
,,43.33,111.81230926513672,,,42.79,83.51078796386719,43.09,80.73173522949219
,,43.34,112.82418060302734,,,42.8,83.57435607910156,43.1,80.37262725830078
,,43.35,113.79833221435548,,,42.81,83.64627838134766,43.11,80.10518646240234
,,43.36,114.70816802978516,,,42.82,83.67262268066406,43.120000000000005,80.00835418701172
,,43.370000000000005,115.50216674804688,,,42.830000000000005,83.6720199584961,43.13,80.0527572631836
,,43.38,116.1816864013672,,,42.84,83.65326690673828,43.14,80.20887756347656
,,43.39,116.74956512451172,,,42.85,83.61517333984375,43.15,80.3834457397461
,,43.4,117.2089385986328,,,42.86,83.56192016601562,43.16,80.53421020507812
,,43.41,117.56188201904295,,,42.870000000000005,83.49250793457031,43.17,80.62840270996094
,,43.42,117.77029418945312,,,42.88,83.41279602050781,43.18,80.65055084228516
,,43.43,117.79244232177734,,,42.89,83.30384063720703,43.190000000000005,80.57575225830078
,,43.440000000000005,117.54949188232422,,,42.900000000000006,83.17278289794922,43.2,80.43415832519531
,,43.45,117.11128997802734,,,42.91,83.04936218261719,43.21,80.26280212402344
,,43.46,116.51924896240234,,,42.92,82.95580291748047,43.22,80.11280822753906
,,43.47,115.80866241455078,,,42.93,82.69902801513672,43.23,79.97225952148438
,,43.48,115.02033996582033,,,42.940000000000005,82.37325286865234,43.24,79.83553314208984
,,43.49,114.14331817626952,,,42.95,82.09544372558594,43.25,79.73846435546875
,,43.5,113.18685150146484,,,42.96,81.69842529296875,43.260000000000005,79.73594665527344
,,43.510000000000005,112.2372589111328,,,42.97,81.16920471191406,43.27,79.82059478759766
,,43.52,111.40352630615234,,,42.98,80.54833221435547,43.28,79.94711303710938
,,43.53,110.65956115722656,,,42.99,79.8360824584961,43.29,80.0701675415039
,,43.54,109.99967193603516,,,43.0,79.08617401123047,43.3,80.16547393798828
,,43.55,109.44984436035156,,,43.010000000000005,78.30082702636719,43.31,80.2127685546875
,,43.56,108.9229736328125,,,43.02,77.51107788085938,43.32,80.18976593017578
,,43.57,108.48039245605467,,,43.03,76.74637603759766,43.33,80.09380340576172
,,43.58,108.12474822998048,,,43.04,76.02505493164062,43.34,79.9653091430664
,,43.59,107.81290435791016,,,43.05,75.34529113769531,43.35,79.86598205566406
,,43.6,107.54469299316406,,,43.06,74.77915954589844,43.36,79.82453918457031
,,43.61,107.24796295166016,,,43.07,74.43197631835938,43.370000000000005,79.82194519042969
,,43.620000000000005,106.96067810058594,,,43.080000000000005,74.35517883300781,43.38,79.83612060546875
,,43.63,106.77223205566406,,,43.09,74.63306427001953,43.39,79.85565948486328
,,43.64,106.7301254272461,,,43.1,75.2046127319336,43.4,79.87872314453125
,,43.65,106.72090911865234,,,43.11,76.0882339477539,43.41,79.89957427978516
,,43.66,106.62271881103516,,,43.120000000000005,77.233154296875,43.42,79.90434265136719
,,43.67,106.46697998046876,,,43.13,78.69139862060547,43.43,79.9076919555664
,,43.68,106.30315399169922,,,43.14,80.3188247680664,43.440000000000005,79.88914489746094
,,43.690000000000005,106.16153717041016,,,43.150000000000006,82.1883544921875,43.45,79.79198455810547
,,43.7,106.06095123291016,,,43.16,84.21659851074219,43.46,79.58238220214844
,,43.71,105.96478271484376,,,43.17,85.90765380859375,43.47,79.34896850585938
,,43.72,105.85739135742188,,,43.18,87.2094497680664,43.48,79.17147827148438
,,43.73,105.78669738769533,,,43.190000000000005,88.21577453613281,43.49,79.0412368774414
,,43.74,105.75193786621094,,,43.2,88.88745880126953,43.5,78.91264343261719
,,43.75,105.6838607788086,,,43.21,89.14216613769531,43.510000000000005,78.81588745117188
,,43.760000000000005,105.55764770507812,,,43.22,89.07122802734375,43.65,77.96532440185547
,,43.77,105.3589096069336,,,43.23,88.79298400878906,43.66,77.89055633544922
,,43.78,105.13064575195312,,,43.24,88.32378387451172,43.67,77.82440948486328
,,43.79,104.92217254638672,,,43.25,87.72274780273438,43.68,77.7886962890625
,,43.8,104.74346923828124,,,43.260000000000005,86.99784088134766,43.690000000000005,77.81092071533203
,,43.81,104.57402801513672,,,43.27,86.16844940185547,43.7,77.9138412475586
,,43.82,104.41608428955078,,,43.28,85.19308471679688,43.71,78.07231903076172
,,43.83,104.27189636230467,,,43.29,84.10078430175781,43.72,78.23004150390625
,,43.84,104.1505355834961,,,43.3,82.82232666015625,43.73,78.3511962890625
,,43.85,104.02764129638672,,,43.31,81.34446716308594,43.74,78.43225860595703
,,43.86,103.89459228515624,,,43.32,79.62389373779297,43.75,78.48145294189453
,,43.870000000000005,103.75699615478516,,,43.330000000000005,77.7072982788086,43.760000000000005,78.5228042602539
,,43.88,103.62166595458984,,,43.34,75.71467590332031,43.77,78.58312225341797
,,43.89,103.50299072265624,,,43.35,73.82575988769531,43.78,78.65736389160156
,,43.9,103.39884948730467,,,43.36,72.18788146972656,43.79,78.7322998046875
,,43.91,103.33434295654295,,,43.370000000000005,70.94470977783203,43.8,78.81120300292969
,,43.92,103.2731475830078,,,43.38,70.06636810302734,43.81,78.91223907470703
,,43.93,103.19244384765624,,,43.39,69.4920654296875,43.82,79.03475189208984
,,43.940000000000005,103.09211730957033,,,43.400000000000006,69.0450210571289,43.83,79.15227508544922
,,43.95,103.0229034423828,,,43.41,68.681640625,43.84,79.24146270751953
,,43.96,103.01319122314452,,,43.42,68.40702819824219,43.85,79.31171417236328
,,43.97,103.02882385253906,,,43.43,68.66372680664062,43.86,79.41153717041016
,,43.98,103.05142974853516,,,43.440000000000005,69.15077209472656,43.870000000000005,79.5566177368164
,,43.99,103.0539779663086,,,43.45,70.15287780761719,43.88,79.73824310302734
,,44.0,103.06481170654295,,,43.46,71.8006591796875,43.89,79.95198059082031
,,44.010000000000005,103.067138671875,,,43.47,73.264404296875,43.9,80.18827056884766
,,44.02,103.0606460571289,,,43.48,74.46546936035156,43.91,80.42367553710938
,,44.03,103.0511474609375,,,43.49,75.70757293701172,43.92,80.62602233886719
,,44.04,103.03831481933594,,,43.5,76.89539337158203,43.93,80.79383850097656
,,44.05,103.0322036743164,,,43.510000000000005,77.94268035888672,43.940000000000005,80.96050262451172
,,44.06,103.03683471679688,,,43.52,78.82355499267578,43.95,81.1402587890625
,,44.07,103.04721069335938,,,43.53,79.60540771484375,43.96,81.34282684326172
,,44.08,103.04757690429688,,,43.54,80.36468505859375,43.97,81.56383514404297
,,44.09,103.03184509277344,,,43.55,81.10010528564453,43.98,81.7939682006836
,,44.1,103.01521301269533,,,43.56,81.75194549560547,43.99,82.02487182617188
,,44.11,102.9997100830078,,,43.57,82.29481506347656,44.0,82.24747467041016
,,44.120000000000005,102.98238372802734,,,43.580000000000005,82.57859802246094,44.010000000000005,82.44290924072266
,,44.13,102.96723175048828,,,43.59,82.81775665283203,44.02,82.59626770019531
,,44.14,102.95256805419922,,,43.6,82.94707489013672,44.03,82.71102905273438
,,44.15,102.9361343383789,,,43.61,83.08272552490234,44.04,82.80274963378906
,,44.16,102.92603302001952,,,43.620000000000005,83.18277740478516,44.05,82.88752746582031
,,44.17,102.9277572631836,,,43.63,83.26216125488281,44.06,82.97525787353516
,,44.18,102.9305648803711,,,43.64,83.3211898803711,44.07,83.0738296508789
,,44.190000000000005,102.93944549560548,,,43.650000000000006,83.35456085205078,44.08,83.16719818115234
,,44.2,102.9631805419922,,,43.66,83.37080383300781,44.09,83.24861907958984
,,44.21,102.98628997802734,,,43.67,83.3709945678711,44.1,83.32389831542969
,,44.22,103.00543212890624,,,43.68,83.36361694335938,44.11,83.40022277832031
,,44.23,103.0159912109375,,,43.690000000000005,83.36817169189453,44.120000000000005,83.45873260498047
,,44.24,103.0154037475586,,,43.7,83.3750228881836,44.13,83.50955963134766
,,44.25,103.0032196044922,,,43.71,83.39996337890625,44.14,83.55186462402344
,,44.260000000000005,102.98016357421876,,,43.72,83.42308044433594,44.15,83.58946228027344
,,44.27,102.95672607421876,,,43.73,83.44989013671875,44.16,83.63452911376953
,,44.28,102.94000244140624,,,43.74,83.47894287109375,44.17,83.69097137451172
,,44.29,102.92730712890624,,,43.75,83.50981903076172,44.18,83.75700378417969
,,44.3,102.91207885742188,,,43.760000000000005,83.54289245605469,44.190000000000005,83.83568572998047
,,44.31,102.89578247070312,,,43.77,83.57673645019531,44.2,83.9228744506836
,,44.32,102.88011169433594,,,43.78,83.6078872680664,44.21,84.0201416015625
,,44.33,102.86792755126952,,,43.79,83.6353530883789,44.22,84.11903381347656
,,44.34,102.85541534423828,,,43.8,83.65985107421875,44.23,84.21184539794922
,,44.35,102.8415985107422,,,43.81,83.68157196044922,44.24,84.30482482910156
,,44.36,102.83000183105467,,,43.82,83.701171875,44.25,84.40519714355469
,,44.370000000000005,102.83856201171876,,,43.830000000000005,83.72332000732422,44.260000000000005,84.4947738647461
,,44.38,102.8523941040039,,,43.84,83.74798583984375,44.27,84.56304931640625
,,44.39,102.86483001708984,,,43.85,83.7664566040039,44.28,84.61346435546875
,,44.4,102.87550354003906,,,43.86,83.7892837524414,44.29,84.6552963256836
,,44.41,102.88734436035156,,,43.870000000000005,83.81141662597656,44.3,84.70152282714844
,,44.42,102.9093017578125,,,43.88,83.83333587646484,44.31,84.75114440917969
,,44.43,102.9438018798828,,,43.89,83.85391235351562,44.32,84.79808044433594
,,44.440000000000005,102.95165252685548,,,43.900000000000006,83.8736801147461,44.33,84.8394775390625
,,44.45,102.95526885986328,,,43.91,83.8888931274414,44.34,84.8736572265625
,,44.46,102.96485137939452,,,43.92,83.90554809570312,44.35,84.9137954711914
,,44.47,102.96786499023438,,,43.93,83.91991424560547,44.36,84.96285247802734
,,44.48,102.96376037597656,,,43.940000000000005,83.93904876708984,44.370000000000005,85.00819396972656
,,44.49,102.9531478881836,,,43.95,83.963623046875,44.38,85.03614044189453
,,44.5,102.94739532470705,,,43.96,83.98762512207031,44.39,85.04756164550781
,,44.510000000000005,102.95370483398438,,,43.97,84.00837707519531,44.4,85.04975128173828
,,44.52,102.9605712890625,,,43.98,84.02935028076172,44.41,85.05780792236328
,,44.53,102.95399475097656,,,43.99,84.048095703125,44.42,85.05619049072266
,,44.54,102.92220306396484,,,44.0,84.06383514404297,44.43,85.05961608886719
,,44.55,102.87073516845705,,,44.010000000000005,84.07427978515625,44.440000000000005,85.07876586914062
,,44.56,102.82107543945312,,,44.02,84.08294677734375,44.45,85.09906768798828
,,44.57,102.78052520751952,,,44.03,84.091064453125,44.46,85.1213607788086
,,44.58,102.76535034179688,,,44.04,84.09684753417969,44.47,85.14192962646484
,,44.59,102.7843017578125,,,44.05,84.10162353515625,44.48,85.15300750732422
,,44.6,102.7909164428711,,,44.06,84.10609436035156,44.49,85.15294647216797
,,44.61,102.7928695678711,,,44.07,84.11090850830078,44.5,85.14490509033203
,,44.620000000000005,102.79000091552734,,,44.080000000000005,84.11090087890625,44.510000000000005,85.13532257080078
,,44.63,102.78412628173828,,,44.09,84.11012268066406,44.52,85.11982727050781
,,44.64,102.77593994140624,,,44.1,84.10543823242188,44.53,85.09469604492188
,,44.65,102.76763916015624,,,44.11,84.10637664794922,44.54,85.07079315185547
,,44.66,102.7533721923828,,,44.120000000000005,84.10690307617188,44.55,85.06510925292969
,,44.67,102.73625946044922,,,44.13,84.10438537597656,44.56,85.07469177246094
,,44.68,102.72453308105467,,,44.14,84.10201263427734,44.63,85.03278350830078
,,44.690000000000005,102.724853515625,,,44.150000000000006,84.1002197265625,44.64,84.99607849121094
,,44.7,102.7199478149414,,,44.16,84.09786224365234,44.65,84.96208953857422
,,44.71,102.71365356445312,,,44.17,84.0931167602539,44.66,84.93111419677734
,,44.72,102.70499420166016,,,44.18,84.0892333984375,44.67,84.90216064453125
,,44.73,102.68987274169922,,,44.190000000000005,84.08316802978516,44.68,84.87691497802734
,,44.74,102.6590576171875,,,44.2,84.07766723632812,44.690000000000005,84.86134338378906
,,44.75,102.63297271728516,,,44.21,84.06922912597656,44.7,84.84953308105469
,,44.760000000000005,102.62557983398438,,,44.22,84.0599365234375,44.71,84.84406280517578
,,44.77,102.6265640258789,,,44.23,84.05120849609375,,
,,44.78,102.62786865234376,,,44.24,84.04119110107422,,
,,44.79,102.62557983398438,,,44.25,84.02935791015625,,
,,44.8,102.61892700195312,,,44.260000000000005,84.01631164550781,,
,,44.81,102.60780334472656,,,44.27,84.00218963623047,,
,,44.82,102.59952545166016,,,44.28,83.98725891113281,,
,,44.83,102.6032943725586,,,44.29,83.96929168701172,,
,,44.84,102.62360382080078,,,44.3,83.95258331298828,,
,,44.85,102.6468734741211,,,44.31,83.936279296875,,
,,44.86,102.6677017211914,,,44.32,83.92108154296875,,
,,44.870000000000005,102.68473052978516,,,44.330000000000005,83.90460968017578,,
,,44.88,102.69837951660156,,,44.34,83.88727569580078,,
,,44.89,102.7105484008789,,,44.35,83.8697738647461,,
,,44.9,102.72048950195312,,,44.36,83.85162353515625,,
,,44.91,102.72482299804688,,,44.370000000000005,83.8324203491211,,
,,44.92,102.72420501708984,,,44.38,83.8124008178711,,
,,44.93,102.72184753417967,,,44.39,83.79238891601562,,
,,44.940000000000005,102.7121124267578,,,44.400000000000006,83.77197265625,,
,,44.95,102.70127868652344,,,44.41,83.75244140625,,
,,44.96,102.68971252441406,,,44.42,83.73212432861328,,
,,44.97,102.68396759033205,,,44.43,83.7104263305664,,
,,44.98,102.6811294555664,,,44.440000000000005,83.68932342529297,,
,,44.99,102.6781768798828,,,44.45,83.66931915283203,,
,,45.0,102.67825317382812,,,44.46,83.65143585205078,,
,,45.010000000000005,102.67619323730467,,,44.47,83.63819122314453,,
,,45.02,102.66412353515624,,,44.48,83.6262435913086,,
,,45.03,102.64772033691406,,,44.49,83.6171875,,
,,45.04,102.64347076416016,,,44.5,83.61444854736328,,
,,45.05,102.66114044189452,,,44.510000000000005,83.6129150390625,,
,,45.06,102.67739868164062,,,44.52,83.61026000976562,,
,,45.07,102.6851806640625,,,44.53,83.61219024658203,,
,,45.08,102.72066497802734,,,44.54,83.61509704589844,,
,,45.09,102.78945922851562,,,44.55,83.61241912841797,,
,,45.1,102.9090576171875,,,44.56,83.60908508300781,,
,,45.11,103.07994842529295,,,44.57,83.60773468017578,,
,,45.120000000000005,103.27933502197266,,,44.580000000000005,83.60249328613281,,
,,45.13,103.4777603149414,,,44.59,83.59878540039062,,
,,45.14,103.62586975097656,,,44.6,83.5914535522461,,
,,45.15,103.71109008789062,,,44.61,83.58649444580078,,
,,45.16,103.76060485839844,,,44.620000000000005,83.58309936523438,,
,,45.17,103.81707000732422,,,44.63,83.58357238769531,,
,,45.18,103.88948822021484,,,44.64,83.58763122558594,,
,,45.190000000000005,103.97049713134766,,,44.650000000000006,83.59210205078125,,
,,45.2,104.04956817626952,,,44.66,83.59777069091797,,
,,45.21,104.1137466430664,,,44.67,83.60221862792969,,
,,45.22,104.15994262695312,,,44.68,83.60708618164062,,
,,45.23,104.209716796875,,,44.690000000000005,83.61005401611328,,
,,45.24,104.26776123046876,,,44.7,83.61483764648438,,
,,45.25,104.33110809326172,,,44.71,83.61773681640625,,
,,45.260000000000005,104.40861511230467,,,44.72,83.62285614013672,,
,,45.27,104.50218200683594,,,44.73,83.62934875488281,,
,,45.28,104.61026763916016,,,44.74,83.63526916503906,,
,,45.29,104.71321105957033,,,44.75,83.6433334350586,,
,,45.3,104.7919921875,,,44.760000000000005,83.65162658691406,,
,,45.31,104.85883331298828,,,44.77,83.65917205810547,,
,,45.32,104.9443588256836,,,44.78,83.66617584228516,,
,,45.33,105.0372314453125,,,44.79,83.67253112792969,,
,,45.34,105.1156005859375,,,44.8,83.6777114868164,,
,,45.35,105.16669464111328,,,44.81,83.68081665039062,,
,,45.36,105.19325256347656,,,44.82,83.68390655517578,,
,,45.370000000000005,105.21214294433594,,,44.830000000000005,83.68653106689453,,
,,45.38,105.23283386230467,,,44.84,83.68671417236328,,
,,45.39,105.2593231201172,,,44.85,83.69013977050781,,
,,45.4,105.30461883544922,,,44.86,83.69041442871094,,
,,45.41,105.36348724365234,,,44.870000000000005,83.691650390625,,
,,,,,,44.88,83.69578552246094,,
,,,,,,44.89,83.6979751586914,,
,,,,,,44.900000000000006,83.69990539550781,,
,,,,,,44.91,83.70234680175781,,
,,,,,,44.92,83.70712280273438,,
,,,,,,44.93,83.71240234375,,
,,,,,,44.940000000000005,83.72225189208984,,
,,,,,,44.95,83.73478698730469,,
,,,,,,44.96,83.75370788574219,,
,,,,,,44.97,83.77862548828125,,
,,,,,,44.98,83.81425476074219,,
,,,,,,44.99,83.85459899902344,,
,,,,,,45.0,83.89978790283203,,
,,,,,,45.010000000000005,83.9460678100586,,
,,,,,,45.02,83.99143981933594,,
,,,,,,45.03,84.04183959960938,,
,,,,,,45.04,84.10407257080078,,
,,,,,,45.05,84.1768569946289,,
,,,,,,45.06,84.25572967529297,,
,,,,,,45.07,84.33135986328125,,
,,,,,,45.080000000000005,84.39689636230469,,
,,,,,,45.09,84.45697784423828,,
,,,,,,45.1,84.51541137695312,,
,,,,,,45.11,84.57489776611328,,
,,,,,,45.120000000000005,84.63658142089844,,
,,,,,,45.13,84.70758056640625,,
,,,,,,45.14,84.77986907958984,,
,,,,,,45.150000000000006,84.8428726196289,,
,,,,,,45.16,84.89862823486328,,
,,,,,,45.17,84.94802856445312,,
,,,,,,45.18,84.99178314208984,,
,,,,,,45.190000000000005,85.03437805175781,,
,,,,,,,,,
,,,,,,,,,
,,,,,,,,,
,,,,,,,,,
,,,,,,,,,
,,,,,,,,,
,,,,,,,,,
,,,,,,,,,
,,,,,,,,,
,,,,,,,,,
,,,,,,,,,
,,,,,,,,,
,,,,,,,,,
,,,,,,,,,
,,,,,,,,,
,,,,,,,,,
,,,,,,,,,
,,,,,,,,,
,,,,,,,,,
,,,,,,,,,
,,,,,,,,,
,,,,,,,,,
,,,,,,,,,
,,,,,,,,,
,,,,,,,,,
,,,,,,,,,
,,,,,,,,,
,,,,,,,,,
,,,,,,,,,
,,,,,,,,,
,,,,,,,,,
,,,,,,,,,
,,,,,,,,,
,,,,,,,,,
,,,,,,,,,
,,,,,,,,,
,,,,,,,,,
,,,,,,,,,
,,,,,,,,,
,,,,,,,,,
,,,,,,,,,
,,,,,,,,,
,,,,,,,,,
,,,,,,,,,
,,,,,,,,,
,,,,,,,,,
,,,,,,,,,
,,,,,,,,,
,,,,,,,,,
,,,,,,,,,
,,,,,,,,,
,,,,,,,,,
,,,,,,,,,
,,,,,,,,,
,,,,,,,,,
,,,,,,,,,
,,,,,,,,,
,,,,,,,,,
,,,,,,,,,
,,,,,,,,,
,,,,,,,,,
,,,,,,,,,
,,,,,,,,,
,,,,,,,,,
,,,,,,,,,
,,,,,,,,,
,,,,,,,,,
,,,,,,,,,
,,,,,,,,,
,,,,,,,,,
,,,,,,,,,
,,,,,,,,,
,,,,,,,,,
,,,,,,,,,
,,,,,,,,,
,,,,,,,,,
,,,,,,,,,
,,,,,,,,,
,,,,,,,,,
,,,,,,,,,
,,,,,,,,,
,,,,,,,,,
,,,,,,,,,
,,,,,,,,,
,,,,,,,,,
,,,,,,,,,
,,,,,,,,,
,,,,,,,,,
,,,,,,,,,
,,,,,,,,,
,,,,,,,,,
,,,,,,,,,
,,,,,,,,,
,,,,,,,,,
,,,,,,,,,
,,,,,,,,,
,,,,,,,,,
,,,,,,,,,
,,,,,,,,,
,,,,,,,,,
,,,,,,,,,
,,,,,,,,,
,,,,,,,,,
,,,,,,,,,
,,,,,,,,,
,,,,,,,,,
,,,,,,,,,
,,,,,,,,,
,,,,,,,,,
,,,,,,,,,
,,,,,,,,,
,,,,,,,,,
,,,,,,,,,
,,,,,,,,,
,,,,,,,,,
,,,,,,,,,
,,,,,,,,,
,,,,,,,,,
,,,,,,,,,
,,,,,,,,,
,,,,,,,,,
,,,,,,,,,
,,,,,,,,,
,,,,,,,,,
,,,,,,,,,
,,,,,,,,,
,,,,,,,,,
,,,,,,,,,
,,,,,,,,,
,,,,,,,,,
,,,,,,,,,
,,,,,,,,,
,,,,,,,,,
,,,,,,,,,
,,,,,,,,,
,,,,,,,,,
,,,,,,,,,
,,,,,,,,,
,,,,,,,,,
,,,,,,,,,
,,,,,,,,,
,,,,,,,,,
,,,,,,,,,
,,,,,,,,,
,,,,,,,,,
,,,,,,,,,
,,,,,,,,,
,,,,,,,,,
,,,,,,,,,
,,,,,,,,,
,,,,,,,,,
,,,,,,,,,
,,,,,,,,,
,,,,,,,,,
,,,,,,,,,
,,,,,,,,,
,,,,,,,,,
,,,,,,,,,
,,,,,,,,,
,,,,,,,,,
,,,,,,,,,
,,,,,,,,,
,,,,,,,,,
,,,,,,,,,
,,,,,,,,,
,,,,,,,,,
,,,,,,,,,
,,,,,,,,,
,,,,,,,,,
,,,,,,,,,
,,,,,,,,,
,,,,,,,,,
,,,,,,,,,
,,,,,,,,,
,,,,,,,,,
,,,,,,,,,
,,,,,,,,,
,,,,,,,,,
,,,,,,,,,
,,,,,,,,,
,,,,,,,,,
,,,,,,,,,
,,,,,,,,,
,,,,,,,,,
,,,,,,,,,
,,,,,,,,,
,,,,,,,,,
,,,,,,,,,
,,,,,,,,,
,,,,,,,,,
,,,,,,,,,
,,,,,,,,,
,,,,,,,,,
,,,,,,,,,
,,,,,,,,,
,,,,,,,,,
,,,,,,,,,
,,,,,,,,,
,,,,,,,,,
,,,,,,,,,
,,,,,,,,,
,,,,,,,,,
,,,,,,,,,
,,,,,,,,,
,,,,,,,,,
,,,,,,,,,
,,,,,,,,,
,,,,,,,,,
,,,,,,,,,
,,,,,,,,,
,,,,,,,,,
,,,,,,,,,
,,,,,,,,,
,,,,,,,,,
,,,,,,,,,
,,,,,,,,,
,,,,,,,,,
,,,,,,,,,
,,,,,,,,,
,,,,,,,,,
,,,,,,,,,
,,,,,,,,,
,,,,,,,,,
,,,,,,,,,
,,,,,,,,,
,,,,,,,,,
,,,,,,,,,
,,,,,,,,,
,,,,,,,,,
,,,,,,,,,
,,,,,,,,,
,,,,,,,,,
,,,,,,,,,
,,,,,,,,,
,,,,,,,,,
,,,,,,,,,
,,,,,,,,,
,,,,,,,,,
,,,,,,,,,
,,,,,,,,,
,,,,,,,,,
,,,,,,,,,
,,,,,,,,,
,,,,,,,,,
,,,,,,,,,
,,,,,,,,,
,,,,,,,,,
,,,,,,,,,
,,,,,,,,,
,,,,,,,,,
,,,,,,,,,
,,,,,,,,,
,,,,,,,,,
,,,,,,,,,
,,,,,,,,,
,,,,,,,,,
,,,,,,,,,
,,,,,,,,,
,,,,,,,,,
,,,,,,,,,
,,,,,,,,,
,,,,,,,,,
,,,,,,,,,
,,,,,,,,,
,,,,,,,,,
,,,,,,,,,
,,,,,,,,,
,,,,,,,,,
,,,,,,,,,
,,,,,,,,,
,,,,,,,,,
,,,,,,,,,
,,,,,,,,,
,,,,,,,,,
,,,,,,,,,
,,,,,,,,,
,,,,,,,,,
,,,,,,,,,
,,,,,,,,,
,,,,,,,,,
,,,,,,,,,
,,,,,,,,,
,,,,,,,,,
,,,,,,,,,
,,,,,,,,,
,,,,,,,,,
,,,,,,,,,
,,,,,,,,,
,,,,,,,,,
,,,,,,,,,
,,,,,,,,,
,,,,,,,,,
,,,,,,,,,
,,,,,,,,,
,,,,,,,,,
,,,,,,,,,
,,,,,,,,,
,,,,,,,,,
,,,,,,,,,
,,,,,,,,,
,,,,,,,,,
,,,,,,,,,
,,,,,,,,,
,,,,,,,,,
,,,,,,,,,
,,,,,,,,,
,,,,,,,,,
,,,,,,,,,
,,,,,,,,,
,,,,,,,,,
,,,,,,,,,
,,,,,,,,,
,,,,,,,,,
,,,,,,,,,
,,,,,,,,,
,,,,,,,,,
,,,,,,,,,
,,,,,,,,,
,,,,,,,,,
,,,,,,,,,
,,,,,,,,,
,,,,,,,,,
,,,,,,,,,
,,,,,,,,,
,,,,,,,,,
,,,,,,,,,
,,,,,,,,,
,,,,,,,,,
,,,,,,,,,
,,,,,,,,,
,,,,,,,,,
,,,,,,,,,
,,,,,,,,,
,,,,,,,,,
,,,,,,,,,
,,,,,,,,,
,,,,,,,,,
,,,,,,,,,
,,,,,,,,,
,,,,,,,,,
,,,,,,,,,
,,,,,,,,,
,,,,,,,,,
,,,,,,,,,
,,,,,,,,,
,,,,,,,,,
,,,,,,,,,
,,,,,,,,,
,,,,,,,,,
,,,,,,,,,
,,,,,,,,,
,,,,,,,,,
,,,,,,,,,
,,,,,,,,,
,,,,,,,,,
,,,,,,,,,
,,,,,,,,,
,,,,,,,,,
,,,,,,,,,
,,,,,,,,,
,,,,,,,,,
,,,,,,,,,
,,,,,,,,,
,,,,,,,,,
,,,,,,,,,
,,,,,,,,,
,,,,,,,,,
,,,,,,,,,
,,,,,,,,,
,,,,,,,,,
,,,,,,,,,
,,,,,,,,,
,,,,,,,,,
,,,,,,,,,
,,,,,,,,,
,,,,,,,,,
,,,,,,,,,
,,,,,,,,,
,,,,,,,,,
,,,,,,,,,
,,,,,,,,,
,,,,,,,,,
,,,,,,,,,
,,,,,,,,,
,,,,,,,,,
,,,,,,,,,
,,,,,,,,,
,,,,,,,,,
,,,,,,,,,
,,,,,,,,,
,,,,,,,,,
,,,,,,,,,
,,,,,,,,,
,,,,,,,,,
,,,,,,,,,
,,,,,,,,,
,,,,,,,,,
,,,,,,,,,
,,,,,,,,,
,,,,,,,,,
,,,,,,,,,
,,,,,,,,,
,,,,,,,,,
,,,,,,,,,
,,,,,,,,,
,,,,,,,,,
,,,,,,,,,
,,,,,,,,,
,,,,,,,,,
,,,,,,,,,
,,,,,,,,,
,,,,,,,,,
,,,,,,,,,
,,,,,,,,,
,,,,,,,,,
,,,,,,,,,
,,,,,,,,,
,,,,,,,,,
,,,,,,,,,
,,,,,,,,,
,,,,,,,,,
,,,,,,,,,
,,,,,,,,,
,,,,,,,,,
,,,,,,,,,
,,,,,,,,,
,,,,,,,,,
,,,,,,,,,
,,,,,,,,,
,,,,,,,,,
,,,,,,,,,
,,,,,,,,,
,,,,,,,,,
,,,,,,,,,
,,,,,,,,,
,,,,,,,,,
,,,,,,,,,
,,,,,,,,,
,,,,,,,,,
,,,,,,,,,
,,,,,,,,,
,,,,,,,,,
,,,,,,,,,
,,,,,,,,,
,,,,,,,,,
,,,,,,,,,
,,,,,,,,,
,,,,,,,,,
,,,,,,,,,
,,,,,,,,,
,,,,,,,,,
,,,,,,,,,
,,,,,,,,,
,,,,,,,,,
,,,,,,,,,
,,,,,,,,,
,,,,,,,,,
,,,,,,,,,
,,,,,,,,,
,,,,,,,,,
,,,,,,,,,
,,,,,,,,,
,,,,,,,,,
,,,,,,,,,
,,,,,,,,,
,,,,,,,,,
,,,,,,,,,
,,,,,,,,,
,,,,,,,,,
,,,,,,,,,
,,,,,,,,,
,,,,,,,,,
,,,,,,,,,
,,,,,,,,,
,,,,,,,,,
,,,,,,,,,
,,,,,,,,,
,,,,,,,,,
,,,,,,,,,
,,,,,,,,,
,,,,,,,,,
,,,,,,,,,
,,,,,,,,,
,,,,,,,,,
,,,,,,,,,
,,,,,,,,,
,,,,,,,,,
,,,,,,,,,
,,,,,,,,,
,,,,,,,,,
,,,,,,,,,
,,,,,,,,,
,,,,,,,,,
,,,,,,,,,
,,,,,,,,,
,,,,,,,,,
,,,,,,,,,
,,,,,,,,,
,,,,,,,,,
,,,,,,,,,
,,,,,,,,,
,,,,,,,,,
,,,,,,,,,
,,,,,,,,,
,,,,,,,,,
,,,,,,,,,
,,,,,,,,,
,,,,,,,,,
,,,,,,,,,
,,,,,,,,,
,,,,,,,,,
,,,,,,,,,
,,,,,,,,,
,,,,,,,,,
,,,,,,,,,
,,,,,,,,,
,,,,,,,,,
,,,,,,,,,
,,,,,,,,,
,,,,,,,,,
,,,,,,,,,
,,,,,,,,,
,,,,,,,,,
,,,,,,,,,
,,,,,,,,,
,,,,,,,,,
,,,,,,,,,
,,,,,,,,,
,,,,,,,,,
,,,,,,,,,
,,,,,,,,,
,,,,,,,,,
,,,,,,,,,
,,,,,,,,,
,,,,,,,,,
,,,,,,,,,
,,,,,,,,,
,,,,,,,,,
,,,,,,,,,
,,,,,,,,,
,,,,,,,,,
,,,,,,,,,
,,,,,,,,,
,,,,,,,,,
,,,,,,,,,
,,,,,,,,,
,,,,,,,,,
,,,,,,,,,
,,,,,,,,,
,,,,,,,,,
,,,,,,,,,
,,,,,,,,,
,,,,,,,,,
,,,,,,,,,
,,,,,,,,,
,,,,,,,,,
,,,,,,,,,
,,,,,,,,,
,,,,,,,,,
,,,,,,,,,
,,,,,,,,,
,,,,,,,,,
,,,,,,,,,
,,,,,,,,,
,,,,,,,,,
,,,,,,,,,
,,,,,,,,,
,,,,,,,,,
,,,,,,,,,
,,,,,,,,,
,,,,,,,,,
,,,,,,,,,
,,,,,,,,,
,,,,,,,,,
,,,,,,,,,
,,,,,,,,,
,,,,,,,,,
,,,,,,,,,
,,,,,,,,,
,,,,,,,,,
,,,,,,,,,
,,,,,,,,,
,,,,,,,,,
,,,,,,,,,
,,,,,,,,,
,,,,,,,,,
,,,,,,,,,
,,,,,,,,,
,,,,,,,,,
,,,,,,,,,
,,,,,,,,,
,,,,,,,,,
,,,,,,,,,
,,,,,,,,,
,,,,,,,,,
,,,,,,,,,
,,,,,,,,,
,,,,,,,,,
,,,,,,,,,
,,,,,,,,,
,,,,,,,,,
,,,,,,,,,
,,,,,,,,,
,,,,,,,,,
,,,,,,,,,
,,,,,,,,,
,,,,,,,,,
,,,,,,,,,
,,,,,,,,,
,,,,,,,,,
,,,,,,,,,
,,,,,,,,,
,,,,,,,,,
,,,,,,,,,
,,,,,,,,,
,,,,,,,,,
,,,,,,,,,
,,,,,,,,,
,,,,,,,,,
,,,,,,,,,
,,,,,,,,,
,,,,,,,,,
,,,,,,,,,
,,,,,,,,,
,,,,,,,,,
,,,,,,,,,
,,,,,,,,,
,,,,,,,,,
,,,,,,,,,
,,,,,,,,,
,,,,,,,,,
,,,,,,,,,
,,,,,,,,,
,,,,,,,,,
,,,,,,,,,
,,,,,,,,,
,,,,,,,,,
,,,,,,,,,
,,,,,,,,,
,,,,,,,,,
,,,,,,,,,
,,,,,,,,,
,,,,,,,,,
,,,,,,,,,
,,,,,,,,,
,,,,,,,,,
,,,,,,,,,
,,,,,,,,,
,,,,,,,,,
,,,,,,,,,
,,,,,,,,,
,,,,,,,,,
,,,,,,,,,
,,,,,,,,,
,,,,,,,,,
,,,,,,,,,
,,,,,,,,,
,,,,,,,,,
,,,,,,,,,
,,,,,,,,,
,,,,,,,,,
,,,,,,,,,
,,,,,,,,,
,,,,,,,,,
,,,,,,,,,
,,,,,,,,,
,,,,,,,,,
,,,,,,,,,
,,,,,,,,,
,,,,,,,,,
,,,,,,,,,
,,,,,,,,,
,,,,,,,,,
,,,,,,,,,
,,,,,,,,,
,,,,,,,,,
,,,,,,,,,
,,,,,,,,,
,,,,,,,,,
,,,,,,,,,
,,,,,,,,,
,,,,,,,,,
,,,,,,,,,
,,,,,,,,,
,,,,,,,,,
,,,,,,,,,
,,,,,,,,,
,,,,,,,,,
,,,,,,,,,
,,,,,,,,,
,,,,,,,,,
,,,,,,,,,
,,,,,,,,,
,,,,,,,,,
,,,,,,,,,
,,,,,,,,,
,,,,,,,,,
,,,,,,,,,
,,,,,,,,,
,,,,,,,,,
,,,,,,,,,
,,,,,,,,,
,,,,,,,,,
,,,,,,,,,
,,,,,,,,,
,,,,,,,,,
,,,,,,,,,
,,,,,,,,,
,,,,,,,,,
,,,,,,,,,
,,,,,,,,,
,,,,,,,,,
,,,,,,,,,
,,,,,,,,,
,,,,,,,,,
,,,,,,,,,
,,,,,,,,,
,,,,,,,,,
,,,,,,,,,
,,,,,,,,,
,,,,,,,,,
,,,,,,,,,
,,,,,,,,,
,,,,,,,,,
,,,,,,,,,
,,,,,,,,,
,,,,,,,,,
,,,,,,,,,
,,,,,,,,,
,,,,,,,,,
,,,,,,,,,
,,,,,,,,,
,,,,,,,,,
,,,,,,,,,
,,,,,,,,,
,,,,,,,,,
,,,,,,,,,
,,,,,,,,,
,,,,,,,,,
,,,,,,,,,
,,,,,,,,,
,,,,,,,,,
,,,,,,,,,
,,,,,,,,,
,,,,,,,,,
,,,,,,,,,
,,,,,,,,,
,,,,,,,,,
,,,,,,,,,
,,,,,,,,,
,,,,,,,,,
,,,,,,,,,
,,,,,,,,,
,,,,,,,,,
,,,,,,,,,
,,,,,,,,,
,,,,,,,,,
,,,,,,,,,
,,,,,,,,,
,,,,,,,,,
,,,,,,,,,
,,,,,,,,,
,,,,,,,,,
,,,,,,,,,
,,,,,,,,,
,,,,,,,,,
,,,,,,,,,
,,,,,,,,,
,,,,,,,,,
,,,,,,,,,
,,,,,,,,,
,,,,,,,,,
,,,,,,,,,
,,,,,,,,,
,,,,,,,,,
,,,,,,,,,
,,,,,,,,,
,,,,,,,,,
,,,,,,,,,
,,,,,,,,,
,,,,,,,,,
,,,,,,,,,
,,,,,,,,,
,,,,,,,,,
,,,,,,,,,
,,,,,,,,,
,,,,,,,,,
,,,,,,,,,
,,,,,,,,,
,,,,,,,,,
,,,,,,,,,
,,,,,,,,,
,,,,,,,,,
,,,,,,,,,
,,,,,,,,,
,,,,,,,,,
,,,,,,,,,
,,,,,,,,,
,,,,,,,,,
,,,,,,,,,
,,,,,,,,,
,,,,,,,,,
,,,,,,,,,
,,,,,,,,,
,,,,,,,,,
,,,,,,,,,
,,,,,,,,,
,,,,,,,,,
,,,,,,,,,
,,,,,,,,,
,,,,,,,,,
,,,,,,,,,
,,,,,,,,,
,,,,,,,,,
,,,,,,,,,
,,,,,,,,,
,,,,,,,,,
,,,,,,,,,
,,,,,,,,,
,,,,,,,,,
,,,,,,,,,
,,,,,,,,,
,,,,,,,,,
,,,,,,,,,
,,,,,,,,,
,,,,,,,,,
,,,,,,,,,
,,,,,,,,,
,,,,,,,,,
,,,,,,,,,
,,,,,,,,,
,,,,,,,,,
,,,,,,,,,
,,,,,,,,,
,,,,,,,,,
,,,,,,,,,
,,,,,,,,,
,,,,,,,,,
,,,,,,,,,
,,,,,,,,,
,,,,,,,,,
,,,,,,,,,
,,,,,,,,,
,,,,,,,,,
,,,,,,,,,
,,,,,,,,,
,,,,,,,,,
,,,,,,,,,
,,,,,,,,,
,,,,,,,,,
,,,,,,,,,
,,,,,,,,,
,,,,,,,,,
,,,,,,,,,
,,,,,,,,,
,,,,,,,,,
,,,,,,,,,
,,,,,,,,,
,,,,,,,,,
,,,,,,,,,
,,,,,,,,,
,,,,,,,,,
,,,,,,,,,
,,,,,,,,,
,,,,,,,,,
,,,,,,,,,
,,,,,,,,,
,,,,,,,,,
,,,,,,,,,
,,,,,,,,,
,,,,,,,,,
,,,,,,,,,
,,,,,,,,,
,,,,,,,,,
,,,,,,,,,
,,,,,,,,,
,,,,,,,,,
,,,,,,,,,
,,,,,,,,,
,,,,,,,,,
,,,,,,,,,
,,,,,,,,,
,,,,,,,,,
,,,,,,,,,
,,,,,,,,,
,,,,,,,,,
,,,,,,,,,
,,,,,,,,,
,,,,,,,,,
,,,,,,,,,
,,,,,,,,,
,,,,,,,,,
,,,,,,,,,
,,,,,,,,,
,,,,,,,,,
,,,,,,,,,
,,,,,,,,,
,,,,,,,,,
,,,,,,,,,
,,,,,,,,,
,,,,,,,,,
,,,,,,,,,
,,,,,,,,,
,,,,,,,,,
,,,,,,,,,
,,,,,,,,,
,,,,,,,,,
,,,,,,,,,
,,,,,,,,,
,,,,,,,,,
,,,,,,,,,
,,,,,,,,,
,,,,,,,,,
,,,,,,,,,
,,,,,,,,,
,,,,,,,,,
,,,,,,,,,
,,,,,,,,,
,,,,,,,,,
,,,,,,,,,
,,,,,,,,,
,,,,,,,,,
,,,,,,,,,
,,,,,,,,,
,,,,,,,,,
,,,,,,,,,
,,,,,,,,,
,,,,,,,,,
,,,,,,,,,
,,,,,,,,,
,,,,,,,,,
,,,,,,,,,
,,,,,,,,,
,,,,,,,,,
,,,,,,,,,
,,,,,,,,,
,,,,,,,,,
,,,,,,,,,
,,,,,,,,,
,,,,,,,,,
,,,,,,,,,
,,,,,,,,,
,,,,,,,,,
,,,,,,,,,
,,,,,,,,,
,,,,,,,,,
,,,,,,,,,
,,,,,,,,,
,,,,,,,,,
,,,,,,,,,
,,,,,,,,,
,,,,,,,,,
,,,,,,,,,
,,,,,,,,,
,,,,,,,,,
,,,,,,,,,
,,,,,,,,,
,,,,,,,,,
,,,,,,,,,
,,,,,,,,,
,,,,,,,,,
,,,,,,,,,
,,,,,,,,,
,,,,,,,,,
,,,,,,,,,
,,,,,,,,,
,,,,,,,,,
,,,,,,,,,
,,,,,,,,,
,,,,,,,,,
,,,,,,,,,
,,,,,,,,,
,,,,,,,,,
,,,,,,,,,
,,,,,,,,,
,,,,,,,,,
,,,,,,,,,
,,,,,,,,,
,,,,,,,,,
,,,,,,,,,
,,,,,,,,,
,,,,,,,,,
,,,,,,,,,
,,,,,,,,,
,,,,,,,,,
,,,,,,,,,
,,,,,,,,,
,,,,,,,,,
,,,,,,,,,
,,,,,,,,,
,,,,,,,,,
,,,,,,,,,
,,,,,,,,,
,,,,,,,,,
,,,,,,,,,
,,,,,,,,,
,,,,,,,,,
,,,,,,,,,
,,,,,,,,,
,,,,,,,,,
,,,,,,,,,
,,,,,,,,,
,,,,,,,,,
,,,,,,,,,
,,,,,,,,,
,,,,,,,,,
,,,,,,,,,
,,,,,,,,,
,,,,,,,,,
,,,,,,,,,
,,,,,,,,,
,,,,,,,,,
,,,,,,,,,
,,,,,,,,,
,,,,,,,,,
,,,,,,,,,
,,,,,,,,,
,,,,,,,,,
,,,,,,,,,
,,,,,,,,,
,,,,,,,,,
,,,,,,,,,
,,,,,,,,,
,,,,,,,,,
,,,,,,,,,
,,,,,,,,,
,,,,,,,,,
,,,,,,,,,
,,,,,,,,,
,,,,,,,,,
,,,,,,,,,
,,,,,,,,,
,,,,,,,,,
,,,,,,,,,
,,,,,,,,,
,,,,,,,,,
,,,,,,,,,
,,,,,,,,,
,,,,,,,,,
,,,,,,,,,
,,,,,,,,,
,,,,,,,,,
,,,,,,,,,
,,,,,,,,,
,,,,,,,,,
,,,,,,,,,
,,,,,,,,,
,,,,,,,,,
,,,,,,,,,
,,,,,,,,,
,,,,,,,,,
,,,,,,,,,
,,,,,,,,,
,,,,,,,,,
,,,,,,,,,
,,,,,,,,,
,,,,,,,,,
,,,,,,,,,
,,,,,,,,,
,,,,,,,,,
,,,,,,,,,
,,,,,,,,,
,,,,,,,,,
,,,,,,,,,
,,,,,,,,,
,,,,,,,,,
,,,,,,,,,
,,,,,,,,,
,,,,,,,,,
,,,,,,,,,
,,,,,,,,,
,,,,,,,,,
,,,,,,,,,
,,,,,,,,,
,,,,,,,,,
,,,,,,,,,
,,,,,,,,,
,,,,,,,,,
,,,,,,,,,
,,,,,,,,,
,,,,,,,,,
,,,,,,,,,
,,,,,,,,,
,,,,,,,,,
,,,,,,,,,
,,,,,,,,,
,,,,,,,,,
,,,,,,,,,
,,,,,,,,,
,,,,,,,,,
,,,,,,,,,
,,,,,,,,,
,,,,,,,,,
,,,,,,,,,
,,,,,,,,,
,,,,,,,,,
,,,,,,,,,
,,,,,,,,,
,,,,,,,,,
,,,,,,,,,
,,,,,,,,,
,,,,,,,,,
,,,,,,,,,
,,,,,,,,,
,,,,,,,,,
,,,,,,,,,
,,,,,,,,,
,,,,,,,,,
,,,,,,,,,
,,,,,,,,,
,,,,,,,,,
,,,,,,,,,
,,,,,,,,,
,,,,,,,,,
,,,,,,,,,
,,,,,,,,,
,,,,,,,,,
,,,,,,,,,
,,,,,,,,,
,,,,,,,,,
,,,,,,,,,
,,,,,,,,,
,,,,,,,,,
,,,,,,,,,
,,,,,,,,,
,,,,,,,,,
,,,,,,,,,
,,,,,,,,,
,,,,,,,,,
,,,,,,,,,
,,,,,,,,,
,,,,,,,,,
,,,,,,,,,
,,,,,,,,,
,,,,,,,,,
,,,,,,,,,
,,,,,,,,,
,,,,,,,,,
,,,,,,,,,
,,,,,,,,,
,,,,,,,,,
,,,,,,,,,
,,,,,,,,,
,,,,,,,,,
,,,,,,,,,
,,,,,,,,,
,,,,,,,,,
,,,,,,,,,
,,,,,,,,,
,,,,,,,,,
,,,,,,,,,
,,,,,,,,,
,,,,,,,,,
,,,,,,,,,
,,,,,,,,,
,,,,,,,,,
,,,,,,,,,
,,,,,,,,,
,,,,,,,,,
,,,,,,,,,
,,,,,,,,,
,,,,,,,,,
,,,,,,,,,
,,,,,,,,,
,,,,,,,,,
,,,,,,,,,
,,,,,,,,,
,,,,,,,,,
,,,,,,,,,
,,,,,,,,,
,,,,,,,,,
,,,,,,,,,
,,,,,,,,,
,,,,,,,,,
,,,,,,,,,
,,,,,,,,,
,,,,,,,,,
,,,,,,,,,
,,,,,,,,,
,,,,,,,,,
,,,,,,,,,
,,,,,,,,,
,,,,,,,,,
,,,,,,,,,
,,,,,,,,,
,,,,,,,,,
,,,,,,,,,
,,,,,,,,,
,,,,,,,,,
,,,,,,,,,
,,,,,,,,,
,,,,,,,,,
,,,,,,,,,
,,,,,,,,,
,,,,,,,,,
,,,,,,,,,
,,,,,,,,,
,,,,,,,,,
,,,,,,,,,
,,,,,,,,,
,,,,,,,,,
,,,,,,,,,
,,,,,,,,,
,,,,,,,,,
,,,,,,,,,
,,,,,,,,,
,,,,,,,,,
,,,,,,,,,
,,,,,,,,,
,,,,,,,,,
,,,,,,,,,
,,,,,,,,,
,,,,,,,,,
,,,,,,,,,
,,,,,,,,,
,,,,,,,,,
,,,,,,,,,
,,,,,,,,,
,,,,,,,,,
,,,,,,,,,
,,,,,,,,,
,,,,,,,,,
,,,,,,,,,
,,,,,,,,,
,,,,,,,,,
,,,,,,,,,
,,,,,,,,,
,,,,,,,,,
,,,,,,,,,
,,,,,,,,,
,,,,,,,,,
,,,,,,,,,
,,,,,,,,,
,,,,,,,,,
,,,,,,,,,
,,,,,,,,,
,,,,,,,,,
,,,,,,,,,
,,,,,,,,,
,,,,,,,,,
,,,,,,,,,
,,,,,,,,,
,,,,,,,,,
,,,,,,,,,
,,,,,,,,,
,,,,,,,,,
,,,,,,,,,
,,,,,,,,,
,,,,,,,,,
,,,,,,,,,
,,,,,,,,,
,,,,,,,,,
,,,,,,,,,
,,,,,,,,,
,,,,,,,,,
,,,,,,,,,
,,,,,,,,,
,,,,,,,,,
,,,,,,,,,
,,,,,,,,,
,,,,,,,,,
,,,,,,,,,
,,,,,,,,,
,,,,,,,,,
,,,,,,,,,
,,,,,,,,,
,,,,,,,,,
,,,,,,,,,
,,,,,,,,,
,,,,,,,,,
,,,,,,,,,
,,,,,,,,,
,,,,,,,,,
,,,,,,,,,
,,,,,,,,,
,,,,,,,,,
,,,,,,,,,
,,,,,,,,,
,,,,,,,,,
,,,,,,,,,
,,,,,,,,,
,,,,,,,,,
,,,,,,,,,
,,,,,,,,,
,,,,,,,,,
,,,,,,,,,
,,,,,,,,,
,,,,,,,,,
,,,,,,,,,
,,,,,,,,,
,,,,,,,,,
,,,,,,,,,
,,,,,,,,,
,,,,,,,,,
,,,,,,,,,
,,,,,,,,,
,,,,,,,,,
,,,,,,,,,
,,,,,,,,,
,,,,,,,,,
,,,,,,,,,
,,,,,,,,,
,,,,,,,,,
,,,,,,,,,
,,,,,,,,,
,,,,,,,,,
,,,,,,,,,
,,,,,,,,,
,,,,,,,,,
,,,,,,,,,
,,,,,,,,,
,,,,,,,,,
,,,,,,,,,
,,,,,,,,,
,,,,,,,,,
,,,,,,,,,
,,,,,,,,,
,,,,,,,,,
,,,,,,,,,
,,,,,,,,,
,,,,,,,,,
,,,,,,,,,
,,,,,,,,,
,,,,,,,,,
,,,,,,,,,
,,,,,,,,,
,,,,,,,,,
,,,,,,,,,
,,,,,,,,,
,,,,,,,,,
,,,,,,,,,
,,,,,,,,,
,,,,,,,,,
,,,,,,,,,
,,,,,,,,,
,,,,,,,,,
,,,,,,,,,
,,,,,,,,,
,,,,,,,,,
,,,,,,,,,
,,,,,,,,,
,,,,,,,,,
,,,,,,,,,
,,,,,,,,,
,,,,,,,,,
,,,,,,,,,
,,,,,,,,,
,,,,,,,,,
,,,,,,,,,
,,,,,,,,,
,,,,,,,,,
,,,,,,,,,
,,,,,,,,,
,,,,,,,,,
,,,,,,,,,
,,,,,,,,,
,,,,,,,,,
,,,,,,,,,
,,,,,,,,,
,,,,,,,,,
,,,,,,,,,
,,,,,,,,,
,,,,,,,,,
,,,,,,,,,
,,,,,,,,,
,,,,,,,,,
,,,,,,,,,
,,,,,,,,,
,,,,,,,,,
,,,,,,,,,
,,,,,,,,,
,,,,,,,,,
,,,,,,,,,
,,,,,,,,,
,,,,,,,,,
,,,,,,,,,
,,,,,,,,,
,,,,,,,,,
,,,,,,,,,
,,,,,,,,,
,,,,,,,,,
,,,,,,,,,
,,,,,,,,,
,,,,,,,,,
,,,,,,,,,
,,,,,,,,,
,,,,,,,,,
,,,,,,,,,
,,,,,,,,,
,,,,,,,,,
,,,,,,,,,
,,,,,,,,,
,,,,,,,,,
,,,,,,,,,
,,,,,,,,,
,,,,,,,,,
,,,,,,,,,
,,,,,,,,,
,,,,,,,,,
,,,,,,,,,
,,,,,,,,,
,,,,,,,,,
,,,,,,,,,
,,,,,,,,,
,,,,,,,,,
,,,,,,,,,
,,,,,,,,,
,,,,,,,,,
,,,,,,,,,
,,,,,,,,,
,,,,,,,,,
,,,,,,,,,
,,,,,,,,,
,,,,,,,,,
,,,,,,,,,
,,,,,,,,,
,,,,,,,,,
,,,,,,,,,
,,,,,,,,,
,,,,,,,,,
,,,,,,,,,
,,,,,,,,,
,,,,,,,,,
,,,,,,,,,
,,,,,,,,,
,,,,,,,,,
,,,,,,,,,
,,,,,,,,,
,,,,,,,,,
,,,,,,,,,
,,,,,,,,,
,,,,,,,,,
,,,,,,,,,
,,,,,,,,,
,,,,,,,,,
,,,,,,,,,
,,,,,,,,,
,,,,,,,,,
,,,,,,,,,
,,,,,,,,,
,,,,,,,,,
,,,,,,,,,
,,,,,,,,,
,,,,,,,,,
,,,,,,,,,
,,,,,,,,,
,,,,,,,,,
,,,,,,,,,
,,,,,,,,,
,,,,,,,,,
,,,,,,,,,
,,,,,,,,,
,,,,,,,,,
,,,,,,,,,
,,,,,,,,,
,,,,,,,,,
,,,,,,,,,
,,,,,,,,,
,,,,,,,,,
,,,,,,,,,
,,,,,,,,,
,,,,,,,,,
,,,,,,,,,
,,,,,,,,,
,,,,,,,,,
,,,,,,,,,
,,,,,,,,,
,,,,,,,,,
,,,,,,,,,
,,,,,,,,,
,,,,,,,,,
,,,,,,,,,
,,,,,,,,,
,,,,,,,,,
,,,,,,,,,
,,,,,,,,,
,,,,,,,,,
,,,,,,,,,
,,,,,,,,,
,,,,,,,,,
,,,,,,,,,
,,,,,,,,,
,,,,,,,,,
,,,,,,,,,
,,,,,,,,,
,,,,,,,,,
,,,,,,,,,
,,,,,,,,,
,,,,,,,,,
,,,,,,,,,
,,,,,,,,,
,,,,,,,,,
,,,,,,,,,
,,,,,,,,,
,,,,,,,,,
,,,,,,,,,
,,,,,,,,,
,,,,,,,,,
,,,,,,,,,
,,,,,,,,,
,,,,,,,,,
,,,,,,,,,
,,,,,,,,,
,,,,,,,,,
,,,,,,,,,
,,,,,,,,,
,,,,,,,,,
,,,,,,,,,
,,,,,,,,,
,,,,,,,,,
,,,,,,,,,
,,,,,,,,,
,,,,,,,,,
,,,,,,,,,
,,,,,,,,,
,,,,,,,,,
,,,,,,,,,
,,,,,,,,,
,,,,,,,,,
,,,,,,,,,
,,,,,,,,,
,,,,,,,,,
,,,,,,,,,
,,,,,,,,,
,,,,,,,,,
,,,,,,,,,
,,,,,,,,,
,,,,,,,,,
,,,,,,,,,
,,,,,,,,,
,,,,,,,,,
,,,,,,,,,
,,,,,,,,,
,,,,,,,,,
,,,,,,,,,
,,,,,,,,,
,,,,,,,,,
,,,,,,,,,
,,,,,,,,,
,,,,,,,,,
,,,,,,,,,
,,,,,,,,,
,,,,,,,,,
,,,,,,,,,
,,,,,,,,,
,,,,,,,,,
,,,,,,,,,
,,,,,,,,,
,,,,,,,,,
,,,,,,,,,
,,,,,,,,,
,,,,,,,,,
,,,,,,,,,
,,,,,,,,,
,,,,,,,,,
,,,,,,,,,
,,,,,,,,,
,,,,,,,,,
,,,,,,,,,
,,,,,,,,,
,,,,,,,,,
,,,,,,,,,
,,,,,,,,,
,,,,,,,,,
,,,,,,,,,
,,,,,,,,,
,,,,,,,,,
,,,,,,,,,
,,,,,,,,,
,,,,,,,,,
,,,,,,,,,
,,,,,,,,,
,,,,,,,,,
,,,,,,,,,
,,,,,,,,,
,,,,,,,,,
,,,,,,,,,
,,,,,,,,,
,,,,,,,,,
,,,,,,,,,
,,,,,,,,,
,,,,,,,,,
,,,,,,,,,
,,,,,,,,,
,,,,,,,,,
,,,,,,,,,
,,,,,,,,,
,,,,,,,,,
,,,,,,,,,
,,,,,,,,,
,,,,,,,,,
,,,,,,,,,
,,,,,,,,,
,,,,,,,,,
,,,,,,,,,
,,,,,,,,,
,,,,,,,,,
,,,,,,,,,
,,,,,,,,,
,,,,,,,,,
,,,,,,,,,
,,,,,,,,,
,,,,,,,,,
,,,,,,,,,
,,,,,,,,,
,,,,,,,,,
,,,,,,,,,
,,,,,,,,,
,,,,,,,,,
,,,,,,,,,
,,,,,,,,,
,,,,,,,,,
,,,,,,,,,
,,,,,,,,,
,,,,,,,,,
,,,,,,,,,
,,,,,,,,,
,,,,,,,,,
,,,,,,,,,
,,,,,,,,,
,,,,,,,,,
,,,,,,,,,
,,,,,,,,,
,,,,,,,,,
,,,,,,,,,
,,,,,,,,,
,,,,,,,,,
,,,,,,,,,
,,,,,,,,,
,,,,,,,,,
,,,,,,,,,
,,,,,,,,,
,,,,,,,,,
,,,,,,,,,
,,,,,,,,,
,,,,,,,,,
,,,,,,,,,
,,,,,,,,,
,,,,,,,,,
,,,,,,,,,
,,,,,,,,,
,,,,,,,,,
,,,,,,,,,
,,,,,,,,,
,,,,,,,,,
,,,,,,,,,
,,,,,,,,,
,,,,,,,,,
,,,,,,,,,
,,,,,,,,,
,,,,,,,,,
,,,,,,,,,
,,,,,,,,,
,,,,,,,,,
,,,,,,,,,
,,,,,,,,,
,,,,,,,,,
,,,,,,,,,
,,,,,,,,,
,,,,,,,,,
,,,,,,,,,
,,,,,,,,,
,,,,,,,,,
,,,,,,,,,
,,,,,,,,,
,,,,,,,,,
,,,,,,,,,
,,,,,,,,,
,,,,,,,,,
,,,,,,,,,
,,,,,,,,,
,,,,,,,,,
,,,,,,,,,
,,,,,,,,,
,,,,,,,,,
,,,,,,,,,
,,,,,,,,,
,,,,,,,,,
,,,,,,,,,
,,,,,,,,,
,,,,,,,,,
,,,,,,,,,
,,,,,,,,,
,,,,,,,,,
,,,,,,,,,
,,,,,,,,,
,,,,,,,,,
,,,,,,,,,
,,,,,,,,,
,,,,,,,,,
,,,,,,,,,
,,,,,,,,,
,,,,,,,,,
,,,,,,,,,
,,,,,,,,,
,,,,,,,,,
,,,,,,,,,
,,,,,,,,,
,,,,,,,,,
,,,,,,,,,
,,,,,,,,,
,,,,,,,,,
,,,,,,,,,
,,,,,,,,,
,,,,,,,,,
,,,,,,,,,
,,,,,,,,,
,,,,,,,,,
,,,,,,,,,
,,,,,,,,,
,,,,,,,,,
,,,,,,,,,
,,,,,,,,,
,,,,,,,,,
,,,,,,,,,
,,,,,,,,,
,,,,,,,,,
,,,,,,,,,
,,,,,,,,,
,,,,,,,,,
,,,,,,,,,
,,,,,,,,,
,,,,,,,,,
,,,,,,,,,
,,,,,,,,,
,,,,,,,,,
,,,,,,,,,
,,,,,,,,,
,,,,,,,,,
,,,,,,,,,
,,,,,,,,,
,,,,,,,,,
,,,,,,,,,
,,,,,,,,,
,,,,,,,,,
,,,,,,,,,
,,,,,,,,,
,,,,,,,,,
,,,,,,,,,
,,,,,,,,,
,,,,,,,,,
,,,,,,,,,
,,,,,,,,,
,,,,,,,,,
,,,,,,,,,
,,,,,,,,,
,,,,,,,,,
,,,,,,,,,
,,,,,,,,,
,,,,,,,,,
,,,,,,,,,
,,,,,,,,,
,,,,,,,,,
,,,,,,,,,
,,,,,,,,,
,,,,,,,,,
,,,,,,,,,
,,,,,,,,,
,,,,,,,,,
,,,,,,,,,
,,,,,,,,,
,,,,,,,,,
,,,,,,,,,
,,,,,,,,,
,,,,,,,,,
,,,,,,,,,
,,,,,,,,,
,,,,,,,,,
,,,,,,,,,
,,,,,,,,,
,,,,,,,,,
,,,,,,,,,
,,,,,,,,,
,,,,,,,,,
,,,,,,,,,
,,,,,,,,,
,,,,,,,,,
,,,,,,,,,
,,,,,,,,,
,,,,,,,,,
,,,,,,,,,
,,,,,,,,,
,,,,,,,,,
,,,,,,,,,
,,,,,,,,,
,,,,,,,,,
,,,,,,,,,
,,,,,,,,,
,,,,,,,,,
,,,,,,,,,
,,,,,,,,,
,,,,,,,,,
,,,,,,,,,
,,,,,,,,,
,,,,,,,,,
,,,,,,,,,
,,,,,,,,,
,,,,,,,,,
,,,,,,,,,
,,,,,,,,,
,,,,,,,,,
,,,,,,,,,
,,,,,,,,,
,,,,,,,,,
,,,,,,,,,
,,,,,,,,,
,,,,,,,,,
,,,,,,,,,
,,,,,,,,,
,,,,,,,,,
,,,,,,,,,
,,,,,,,,,
,,,,,,,,,
,,,,,,,,,
,,,,,,,,,
,,,,,,,,,
,,,,,,,,,
,,,,,,,,,
,,,,,,,,,
,,,,,,,,,
,,,,,,,,,
,,,,,,,,,
,,,,,,,,,
,,,,,,,,,
,,,,,,,,,
,,,,,,,,,
,,,,,,,,,
,,,,,,,,,
,,,,,,,,,
,,,,,,,,,
,,,,,,,,,
,,,,,,,,,
,,,,,,,,,
,,,,,,,,,
,,,,,,,,,
,,,,,,,,,
,,,,,,,,,
,,,,,,,,,
,,,,,,,,,
,,,,,,,,,
,,,,,,,,,
,,,,,,,,,
,,,,,,,,,
,,,,,,,,,
,,,,,,,,,
,,,,,,,,,
,,,,,,,,,
,,,,,,,,,
,,,,,,,,,
,,,,,,,,,
,,,,,,,,,
,,,,,,,,,
,,,,,,,,,
,,,,,,,,,
,,,,,,,,,
,,,,,,,,,
,,,,,,,,,
,,,,,,,,,
,,,,,,,,,
,,,,,,,,,
,,,,,,,,,
,,,,,,,,,
,,,,,,,,,
,,,,,,,,,
,,,,,,,,,
,,,,,,,,,
,,,,,,,,,
,,,,,,,,,
,,,,,,,,,
,,,,,,,,,
,,,,,,,,,
,,,,,,,,,
,,,,,,,,,
,,,,,,,,,
,,,,,,,,,
,,,,,,,,,
,,,,,,,,,
,,,,,,,,,
,,,,,,,,,
,,,,,,,,,
,,,,,,,,,
,,,,,,,,,
,,,,,,,,,
,,,,,,,,,
,,,,,,,,,
,,,,,,,,,
,,,,,,,,,
,,,,,,,,,
,,,,,,,,,
,,,,,,,,,
,,,,,,,,,
,,,,,,,,,
,,,,,,,,,
,,,,,,,,,
,,,,,,,,,
,,,,,,,,,
,,,,,,,,,
,,,,,,,,,
,,,,,,,,,
,,,,,,,,,
,,,,,,,,,
,,,,,,,,,
,,,,,,,,,
,,,,,,,,,
,,,,,,,,,
,,,,,,,,,
,,,,,,,,,
,,,,,,,,,
,,,,,,,,,
,,,,,,,,,
,,,,,,,,,
,,,,,,,,,
,,,,,,,,,
,,,,,,,,,
,,,,,,,,,
,,,,,,,,,
,,,,,,,,,
,,,,,,,,,
,,,,,,,,,
,,,,,,,,,
,,,,,,,,,
,,,,,,,,,
,,,,,,,,,
,,,,,,,,,
,,,,,,,,,
,,,,,,,,,
,,,,,,,,,
,,,,,,,,,
,,,,,,,,,
,,,,,,,,,
,,,,,,,,,
,,,,,,,,,
,,,,,,,,,
,,,,,,,,,
,,,,,,,,,
,,,,,,,,,
,,,,,,,,,
,,,,,,,,,
,,,,,,,,,
,,,,,,,,,
,,,,,,,,,
,,,,,,,,,
,,,,,,,,,
,,,,,,,,,
,,,,,,,,,
,,,,,,,,,
,,,,,,,,,
,,,,,,,,,
,,,,,,,,,
,,,,,,,,,
,,,,,,,,,
,,,,,,,,,
,,,,,,,,,
,,,,,,,,,
,,,,,,,,,
,,,,,,,,,
,,,,,,,,,
,,,,,,,,,
,,,,,,,,,
,,,,,,,,,
,,,,,,,,,
,,,,,,,,,
,,,,,,,,,
,,,,,,,,,
,,,,,,,,,
,,,,,,,,,
,,,,,,,,,
,,,,,,,,,
,,,,,,,,,
,,,,,,,,,
,,,,,,,,,
,,,,,,,,,
,,,,,,,,,
,,,,,,,,,
,,,,,,,,,
,,,,,,,,,
,,,,,,,,,
,,,,,,,,,
,,,,,,,,,
,,,,,,,,,
,,,,,,,,,
,,,,,,,,,
,,,,,,,,,
,,,,,,,,,
,,,,,,,,,
,,,,,,,,,
,,,,,,,,,
,,,,,,,,,
,,,,,,,,,
,,,,,,,,,
,,,,,,,,,
,,,,,,,,,
,,,,,,,,,
,,,,,,,,,
,,,,,,,,,
,,,,,,,,,
,,,,,,,,,
,,,,,,,,,
,,,,,,,,,
,,,,,,,,,
,,,,,,,,,
,,,,,,,,,
,,,,,,,,,
,,,,,,,,,
,,,,,,,,,
,,,,,,,,,
,,,,,,,,,
,,,,,,,,,
,,,,,,,,,
,,,,,,,,,
,,,,,,,,,
,,,,,,,,,
,,,,,,,,,
,,,,,,,,,
,,,,,,,,,
,,,,,,,,,
,,,,,,,,,
,,,,,,,,,
,,,,,,,,,
,,,,,,,,,
,,,,,,,,,
,,,,,,,,,
,,,,,,,,,
,,,,,,,,,
,,,,,,,,,
,,,,,,,,,
,,,,,,,,,
,,,,,,,,,
,,,,,,,,,
,,,,,,,,,
,,,,,,,,,
,,,,,,,,,
,,,,,,,,,
,,,,,,,,,
,,,,,,,,,
,,,,,,,,,
,,,,,,,,,
,,,,,,,,,
,,,,,,,,,
,,,,,,,,,
,,,,,,,,,
,,,,,,,,,
,,,,,,,,,
,,,,,,,,,
,,,,,,,,,
,,,,,,,,,
,,,,,,,,,
,,,,,,,,,
,,,,,,,,,
,,,,,,,,,
,,,,,,,,,
,,,,,,,,,
,,,,,,,,,
,,,,,,,,,
,,,,,,,,,
,,,,,,,,,
,,,,,,,,,
,,,,,,,,,
,,,,,,,,,
,,,,,,,,,
,,,,,,,,,
,,,,,,,,,
,,,,,,,,,
,,,,,,,,,
,,,,,,,,,
,,,,,,,,,
,,,,,,,,,
,,,,,,,,,
,,,,,,,,,
,,,,,,,,,
,,,,,,,,,
,,,,,,,,,
,,,,,,,,,
,,,,,,,,,
,,,,,,,,,
,,,,,,,,,
,,,,,,,,,
,,,,,,,,,
,,,,,,,,,
,,,,,,,,,
,,,,,,,,,
,,,,,,,,,
,,,,,,,,,
,,,,,,,,,
,,,,,,,,,
,,,,,,,,,
,,,,,,,,,
,,,,,,,,,
,,,,,,,,,
,,,,,,,,,
,,,,,,,,,
,,,,,,,,,
,,,,,,,,,
,,,,,,,,,
,,,,,,,,,
,,,,,,,,,
,,,,,,,,,
,,,,,,,,,
,,,,,,,,,
,,,,,,,,,
,,,,,,,,,
,,,,,,,,,
,,,,,,,,,
,,,,,,,,,
,,,,,,,,,
,,,,,,,,,
,,,,,,,,,
,,,,,,,,,
,,,,,,,,,
,,,,,,,,,
,,,,,,,,,
,,,,,,,,,
,,,,,,,,,
,,,,,,,,,
,,,,,,,,,
,,,,,,,,,
,,,,,,,,,
,,,,,,,,,
,,,,,,,,,
,,,,,,,,,
,,,,,,,,,
,,,,,,,,,
,,,,,,,,,
,,,,,,,,,
,,,,,,,,,
,,,,,,,,,
,,,,,,,,,
,,,,,,,,,
,,,,,,,,,
,,,,,,,,,
,,,,,,,,,
,,,,,,,,,
,,,,,,,,,
,,,,,,,,,
,,,,,,,,,
,,,,,,,,,
,,,,,,,,,
,,,,,,,,,
,,,,,,,,,
,,,,,,,,,
,,,,,,,,,
,,,,,,,,,
,,,,,,,,,
,,,,,,,,,
,,,,,,,,,
,,,,,,,,,
,,,,,,,,,
,,,,,,,,,
,,,,,,,,,
,,,,,,,,,
,,,,,,,,,
,,,,,,,,,
,,,,,,,,,
,,,,,,,,,
,,,,,,,,,
,,,,,,,,,
,,,,,,,,,
,,,,,,,,,
,,,,,,,,,
,,,,,,,,,
,,,,,,,,,
,,,,,,,,,
,,,,,,,,,
,,,,,,,,,
,,,,,,,,,
,,,,,,,,,
,,,,,,,,,
,,,,,,,,,
,,,,,,,,,
,,,,,,,,,
,,,,,,,,,
,,,,,,,,,
,,,,,,,,,
,,,,,,,,,
,,,,,,,,,
,,,,,,,,,
,,,,,,,,,
,,,,,,,,,
,,,,,,,,,
,,,,,,,,,
,,,,,,,,,
,,,,,,,,,
,,,,,,,,,
,,,,,,,,,
,,,,,,,,,
,,,,,,,,,
,,,,,,,,,
,,,,,,,,,
,,,,,,,,,
,,,,,,,,,
,,,,,,,,,
,,,,,,,,,
,,,,,,,,,
,,,,,,,,,
,,,,,,,,,
,,,,,,,,,
,,,,,,,,,
,,,,,,,,,
,,,,,,,,,
,,,,,,,,,
,,,,,,,,,
,,,,,,,,,
,,,,,,,,,
,,,,,,,,,
,,,,,,,,,
,,,,,,,,,
,,,,,,,,,
,,,,,,,,,
,,,,,,,,,
,,,,,,,,,
,,,,,,,,,
,,,,,,,,,
,,,,,,,,,
,,,,,,,,,
,,,,,,,,,
,,,,,,,,,
,,,,,,,,,
,,,,,,,,,
,,,,,,,,,
,,,,,,,,,
,,,,,,,,,
,,,,,,,,,
,,,,,,,,,
,,,,,,,,,
,,,,,,,,,
,,,,,,,,,
,,,,,,,,,
,,,,,,,,,
,,,,,,,,,
,,,,,,,,,
,,,,,,,,,
,,,,,,,,,
,,,,,,,,,
,,,,,,,,,
,,,,,,,,,
,,,,,,,,,
,,,,,,,,,
,,,,,,,,,
,,,,,,,,,
,,,,,,,,,
,,,,,,,,,
,,,,,,,,,
,,,,,,,,,
,,,,,,,,,
,,,,,,,,,
,,,,,,,,,
,,,,,,,,,
,,,,,,,,,
,,,,,,,,,
,,,,,,,,,
,,,,,,,,,
,,,,,,,,,
,,,,,,,,,
,,,,,,,,,
,,,,,,,,,
,,,,,,,,,
,,,,,,,,,
,,,,,,,,,
,,,,,,,,,
,,,,,,,,,
,,,,,,,,,
,,,,,,,,,
,,,,,,,,,
,,,,,,,,,
,,,,,,,,,
,,,,,,,,,
,,,,,,,,,
,,,,,,,,,
,,,,,,,,,
,,,,,,,,,
,,,,,,,,,
,,,,,,,,,
,,,,,,,,,
,,,,,,,,,
,,,,,,,,,
,,,,,,,,,
,,,,,,,,,
,,,,,,,,,
,,,,,,,,,
,,,,,,,,,
,,,,,,,,,
,,,,,,,,,
,,,,,,,,,
,,,,,,,,,
,,,,,,,,,
,,,,,,,,,
,,,,,,,,,
,,,,,,,,,
,,,,,,,,,
,,,,,,,,,
,,,,,,,,,
,,,,,,,,,
,,,,,,,,,
,,,,,,,,,
,,,,,,,,,
,,,,,,,,,
,,,,,,,,,
,,,,,,,,,
,,,,,,,,,
,,,,,,,,,
,,,,,,,,,
,,,,,,,,,
,,,,,,,,,
,,,,,,,,,
,,,,,,,,,
,,,,,,,,,
,,,,,,,,,
,,,,,,,,,
,,,,,,,,,
,,,,,,,,,
,,,,,,,,,
,,,,,,,,,
,,,,,,,,,
,,,,,,,,,
,,,,,,,,,
,,,,,,,,,
,,,,,,,,,
,,,,,,,,,
,,,,,,,,,
,,,,,,,,,
,,,,,,,,,
,,,,,,,,,
,,,,,,,,,
,,,,,,,,,
,,,,,,,,,
,,,,,,,,,
,,,,,,,,,
,,,,,,,,,
,,,,,,,,,
,,,,,,,,,
,,,,,,,,,
,,,,,,,,,
,,,,,,,,,
,,,,,,,,,
,,,,,,,,,
,,,,,,,,,
,,,,,,,,,
,,,,,,,,,
,,,,,,,,,
,,,,,,,,,
,,,,,,,,,
,,,,,,,,,
,,,,,,,,,
,,,,,,,,,
,,,,,,,,,
,,,,,,,,,
,,,,,,,,,
,,,,,,,,,
,,,,,,,,,
,,,,,,,,,
,,,,,,,,,
,,,,,,,,,
,,,,,,,,,
,,,,,,,,,
,,,,,,,,,
,,,,,,,,,
,,,,,,,,,
,,,,,,,,,
,,,,,,,,,
,,,,,,,,,
,,,,,,,,,
,,,,,,,,,
,,,,,,,,,
,,,,,,,,,
,,,,,,,,,
,,,,,,,,,
,,,,,,,,,
,,,,,,,,,
,,,,,,,,,
,,,,,,,,,
,,,,,,,,,
,,,,,,,,,
,,,,,,,,,
,,,,,,,,,
,,,,,,,,,
,,,,,,,,,
,,,,,,,,,
,,,,,,,,,
,,,,,,,,,
,,,,,,,,,
,,,,,,,,,
,,,,,,,,,
,,,,,,,,,
,,,,,,,,,
,,,,,,,,,
,,,,,,,,,
,,,,,,,,,
,,,,,,,,,
,,,,,,,,,
,,,,,,,,,
,,,,,,,,,
,,,,,,,,,
,,,,,,,,,
,,,,,,,,,
,,,,,,,,,
,,,,,,,,,
,,,,,,,,,
,,,,,,,,,
,,,,,,,,,
,,,,,,,,,
,,,,,,,,,
,,,,,,,,,
,,,,,,,,,
,,,,,,,,,
,,,,,,,,,
,,,,,,,,,
,,,,,,,,,
,,,,,,,,,
,,,,,,,,,
,,,,,,,,,
,,,,,,,,,
,,,,,,,,,
,,,,,,,,,
,,,,,,,,,
,,,,,,,,,
,,,,,,,,,
,,,,,,,,,
,,,,,,,,,
,,,,,,,,,
,,,,,,,,,
,,,,,,,,,
,,,,,,,,,
,,,,,,,,,
,,,,,,,,,
,,,,,,,,,
,,,,,,,,,
,,,,,,,,,
,,,,,,,,,
,,,,,,,,,
,,,,,,,,,
,,,,,,,,,
,,,,,,,,,
,,,,,,,,,
,,,,,,,,,
,,,,,,,,,
,,,,,,,,,
,,,,,,,,,
,,,,,,,,,
,,,,,,,,,
,,,,,,,,,
,,,,,,,,,
,,,,,,,,,
,,,,,,,,,
,,,,,,,,,
,,,,,,,,,
,,,,,,,,,
,,,,,,,,,
,,,,,,,,,
,,,,,,,,,
,,,,,,,,,
,,,,,,,,,
,,,,,,,,,
,,,,,,,,,
,,,,,,,,,
,,,,,,,,,
,,,,,,,,,
,,,,,,,,,
,,,,,,,,,
,,,,,,,,,
,,,,,,,,,
,,,,,,,,,
,,,,,,,,,
,,,,,,,,,
,,,,,,,,,
,,,,,,,,,
,,,,,,,,,
,,,,,,,,,
,,,,,,,,,
,,,,,,,,,
,,,,,,,,,
,,,,,,,,,
,,,,,,,,,
,,,,,,,,,
,,,,,,,,,
,,,,,,,,,
,,,,,,,,,
,,,,,,,,,
,,,,,,,,,
,,,,,,,,,
,,,,,,,,,
,,,,,,,,,
,,,,,,,,,
,,,,,,,,,
,,,,,,,,,
,,,,,,,,,
,,,,,,,,,
,,,,,,,,,
,,,,,,,,,
,,,,,,,,,
,,,,,,,,,
,,,,,,,,,
,,,,,,,,,
,,,,,,,,,
,,,,,,,,,
,,,,,,,,,
,,,,,,,,,
,,,,,,,,,
,,,,,,,,,
,,,,,,,,,
,,,,,,,,,
,,,,,,,,,
,,,,,,,,,
,,,,,,,,,
,,,,,,,,,
,,,,,,,,,
,,,,,,,,,
,,,,,,,,,
,,,,,,,,,
,,,,,,,,,
,,,,,,,,,
,,,,,,,,,
,,,,,,,,,
,,,,,,,,,
,,,,,,,,,
,,,,,,,,,
,,,,,,,,,
,,,,,,,,,
,,,,,,,,,
,,,,,,,,,
,,,,,,,,,
,,,,,,,,,
,,,,,,,,,
,,,,,,,,,
,,,,,,,,,
,,,,,,,,,
,,,,,,,,,
